Month,crime_type,count,headline_count,crime_z,headline_z,divergence
2017-04-01,ARSON AND CRIMINAL DAMAGE,5136.0,3.0,1.42791967660072,0.11910514991628646,-1.3088145266844335
2017-05-01,ARSON AND CRIMINAL DAMAGE,5482.0,1.0,2.319875576363018,-0.4473060074633867,-2.7671815838264044
2017-06-01,ARSON AND CRIMINAL DAMAGE,5328.0,19.0,1.922877863752053,4.650394408953671,2.7275165452016186
2017-07-01,ARSON AND CRIMINAL DAMAGE,5471.0,3.0,2.291518596890806,0.11910514991628646,-2.1724134469745198
2017-08-01,ARSON AND CRIMINAL DAMAGE,5174.0,2.0,1.525880151141088,-0.16410042877355013,-1.6899805799146381
2017-09-01,ARSON AND CRIMINAL DAMAGE,4961.0,3.0,0.976785912270078,0.11910514991628646,-0.8576807623537916
2017-10-01,ARSON AND CRIMINAL DAMAGE,5420.0,4.0,2.1600453284287333,0.40231072860612305,-1.7577345998226104
2017-11-01,ARSON AND CRIMINAL DAMAGE,5194.0,2.0,1.5774382956360185,-0.16410042877355013,-1.7415387244095686
2017-12-01,ARSON AND CRIMINAL DAMAGE,4740.0,15.0,0.40706841560109586,3.517572094194325,3.110503678593229
2018-01-01,ARSON AND CRIMINAL DAMAGE,4929.0,1.0,0.8942928810781892,-0.4473060074633867,-1.341598888541576
2018-02-01,ARSON AND CRIMINAL DAMAGE,4269.0,3.0,-0.8071258872545177,0.11910514991628646,0.9262310371708042
2018-03-01,ARSON AND CRIMINAL DAMAGE,4600.0,2.0,0.046161404136582256,-0.16410042877355013,-0.2102618329101324
2018-04-01,ARSON AND CRIMINAL DAMAGE,4765.0,1.0,0.471516096219759,-0.4473060074633867,-0.9188221036831457
2018-05-01,ARSON AND CRIMINAL DAMAGE,5001.0,5.0,1.079902201259939,0.6855163072959596,-0.3943858939639795
2018-06-01,ARSON AND CRIMINAL DAMAGE,4839.0,19.0,0.6622812308510019,4.650394408953671,3.9881131781026693
2018-07-01,ARSON AND CRIMINAL DAMAGE,5026.0,8.0,1.1443498818786022,1.5351330433654693,0.3907831614868671
2018-08-01,ARSON AND CRIMINAL DAMAGE,4565.0,14.0,-0.04406534872954615,3.2343665155044885,3.278431864234035
2018-09-01,ARSON AND CRIMINAL DAMAGE,4469.0,10.0,-0.2915444423052126,2.1015442007451424,2.393088643050355
2018-10-01,ARSON AND CRIMINAL DAMAGE,4813.0,0.0,0.5952556430075923,-0.7305115861532233,-1.3257672291608156
2018-11-01,ARSON AND CRIMINAL DAMAGE,4724.0,5.0,0.3658219000051514,0.6855163072959596,0.31969440729080817
2018-12-01,ARSON AND CRIMINAL DAMAGE,4688.0,2.0,0.2730172399142765,-0.16410042877355013,-0.43711766868782664
2019-01-01,ARSON AND CRIMINAL DAMAGE,4547.0,2.0,-0.09046767877498361,-0.16410042877355013,-0.07363274999856652
2019-02-01,ARSON AND CRIMINAL DAMAGE,4370.0,6.0,-0.5467572575551186,0.9687218859857962,1.5154791435409147
2019-03-01,ARSON AND CRIMINAL DAMAGE,4968.0,2.0,0.9948312628433037,-0.16410042877355013,-1.158931691616854
2019-04-01,ARSON AND CRIMINAL DAMAGE,4727.0,6.0,0.373555621679391,0.9687218859857962,0.5951662643064053
2019-05-01,ARSON AND CRIMINAL DAMAGE,4895.0,1.0,0.8066440354368073,-0.4473060074633867,-1.253950042900194
2019-06-01,ARSON AND CRIMINAL DAMAGE,4711.0,7.0,0.3323091060834466,1.2519274646756327,0.919618358592186
2019-07-01,ARSON AND CRIMINAL DAMAGE,4924.0,5.0,0.8814033449544566,0.6855163072959596,-0.19588703765849702
2019-08-01,ARSON AND CRIMINAL DAMAGE,4597.0,6.0,0.038427682462342676,0.9687218859857962,0.9302942035234536
2019-09-01,ARSON AND CRIMINAL DAMAGE,4578.0,3.0,-0.010552554807841313,0.11910514991628646,0.12965770472412777
2019-10-01,ARSON AND CRIMINAL DAMAGE,4880.0,1.0,0.7679754270656094,-0.4473060074633867,-1.2152814345289962
2019-11-01,ARSON AND CRIMINAL DAMAGE,4574.0,1.0,-0.020864183706827414,-0.4473060074633867,-0.4264418237565593
2019-12-01,ARSON AND CRIMINAL DAMAGE,4547.0,3.0,-0.09046767877498361,0.11910514991628646,0.20957282869127009
2020-01-01,ARSON AND CRIMINAL DAMAGE,4422.0,1.0,-0.4127060818682993,-0.4473060074633867,-0.0345999255950874
2020-02-01,ARSON AND CRIMINAL DAMAGE,4341.0,1.0,-0.6215165670727679,-0.4473060074633867,0.1742105596093812
2020-03-01,ARSON AND CRIMINAL DAMAGE,4386.0,1.0,-0.5055107419591742,-0.4473060074633867,0.0582047344957875
2020-04-01,ARSON AND CRIMINAL DAMAGE,3486.0,0.0,-2.8256272442310473,-0.7305115861532233,2.095115658077824
2020-05-01,ARSON AND CRIMINAL DAMAGE,3903.0,3.0,-1.7506399315117462,0.11910514991628646,1.8697450814280328
2020-06-01,ARSON AND CRIMINAL DAMAGE,4341.0,0.0,-0.6215165670727679,-0.7305115861532233,-0.10899501908045539
2020-07-01,ARSON AND CRIMINAL DAMAGE,4702.0,0.0,0.30910794106072786,-0.7305115861532233,-1.0396195272139512
2020-08-01,ARSON AND CRIMINAL DAMAGE,4681.0,1.0,0.2549718893410508,-0.4473060074633867,-0.7022778968044375
2020-09-01,ARSON AND CRIMINAL DAMAGE,4286.0,2.0,-0.7633014644338268,-0.16410042877355013,0.5992010356602767
2020-10-01,ARSON AND CRIMINAL DAMAGE,4304.0,0.0,-0.7168991343883894,-0.7305115861532233,-0.013612451764833944
2020-11-01,ARSON AND CRIMINAL DAMAGE,4167.0,0.0,-1.0700724241786634,-0.7305115861532233,0.3395608380254401
2020-12-01,ARSON AND CRIMINAL DAMAGE,4038.0,1.0,-1.4026224561709653,-0.4473060074633867,0.9553164487075785
2021-01-01,ARSON AND CRIMINAL DAMAGE,3621.0,0.0,-2.4776097688902663,-0.7305115861532233,1.747098182737043
2021-02-01,ARSON AND CRIMINAL DAMAGE,3530.0,0.0,-2.7121993263422004,-0.7305115861532233,1.9816877401889772
2021-03-01,ARSON AND CRIMINAL DAMAGE,4138.0,1.0,-1.1448317336963125,-0.4473060074633867,0.6975257262329257
2021-04-01,ARSON AND CRIMINAL DAMAGE,4226.0,1.0,-0.9179758979186183,-0.4473060074633867,0.4706698904552316
2021-05-01,ARSON AND CRIMINAL DAMAGE,4645.0,4.0,0.1621672292501759,0.40231072860612305,0.24014349935594714
2021-06-01,ARSON AND CRIMINAL DAMAGE,4842.0,1.0,0.6700149525252415,-0.4473060074633867,-1.1173209599886282
2021-07-01,ARSON AND CRIMINAL DAMAGE,4682.0,0.0,0.25754979656579735,-0.7305115861532233,-0.9880613827190207
2021-08-01,ARSON AND CRIMINAL DAMAGE,4463.0,0.0,-0.30701188565369175,-0.7305115861532233,-0.42349970049953156
2021-09-01,ARSON AND CRIMINAL DAMAGE,4421.0,0.0,-0.41528398909304587,-0.7305115861532233,-0.31522759706017744
2021-10-01,ARSON AND CRIMINAL DAMAGE,4666.0,1.0,0.21630328096985293,-0.4473060074633867,-0.6636092884332396
2021-11-01,ARSON AND CRIMINAL DAMAGE,4429.0,0.0,-0.3946607312950736,-0.7305115861532233,-0.3358508548581497
2021-12-01,ARSON AND CRIMINAL DAMAGE,4134.0,1.0,-1.1551433625952987,-0.4473060074633867,0.7078373551319119
2022-01-01,ARSON AND CRIMINAL DAMAGE,4240.0,1.0,-0.881885196772167,-0.4473060074633867,0.4345791893087803
2022-02-01,ARSON AND CRIMINAL DAMAGE,3818.0,1.0,-1.9697620456152007,-0.4473060074633867,1.522456038151814
2022-03-01,ARSON AND CRIMINAL DAMAGE,4317.0,0.0,-0.6833863404666846,-0.7305115861532233,-0.04712524568653875
2022-04-01,ARSON AND CRIMINAL DAMAGE,4454.0,0.0,-0.3302130506764105,-0.7305115861532233,-0.4002985354768128
2022-05-01,ARSON AND CRIMINAL DAMAGE,4546.0,1.0,-0.09304558599973013,-0.4473060074633867,-0.3542604214636566
2022-06-01,ARSON AND CRIMINAL DAMAGE,4434.0,1.0,-0.381771195171341,-0.4473060074633867,-0.06553481229204572
2022-07-01,ARSON AND CRIMINAL DAMAGE,4641.0,5.0,0.1518556003511898,0.6855163072959596,0.5336607069447697
2022-08-01,ARSON AND CRIMINAL DAMAGE,4560.0,2.0,-0.05695488485327878,-0.16410042877355013,-0.10714554392027135
2022-09-01,ARSON AND CRIMINAL DAMAGE,4122.0,0.0,-1.186078249292257,-0.7305115861532233,0.4555666631390337
2022-10-01,ARSON AND CRIMINAL DAMAGE,4522.0,2.0,-0.15491535939364676,-0.16410042877355013,-0.009185069379903377
2022-11-01,ARSON AND CRIMINAL DAMAGE,4325.0,1.0,-0.6627630826687123,-0.4473060074633867,0.2154570752053256
2022-12-01,ARSON AND CRIMINAL DAMAGE,3997.0,0.0,-1.5083166523855727,-0.7305115861532233,0.7778050662323494
2023-01-01,ARSON AND CRIMINAL DAMAGE,4228.0,0.0,-0.9128200834691254,-0.7305115861532233,0.18230849731590204
2023-02-01,ARSON AND CRIMINAL DAMAGE,4050.0,2.0,-1.371687569474007,-0.16410042877355013,1.2075871407004568
2023-03-01,ARSON AND CRIMINAL DAMAGE,4421.0,4.0,-0.41528398909304587,0.40231072860612305,0.8175947176991689
2023-04-01,ARSON AND CRIMINAL DAMAGE,4410.0,3.0,-0.44364096856525764,0.11910514991628646,0.5627461184815441
2023-05-01,ARSON AND CRIMINAL DAMAGE,4985.0,2.0,1.0386556856639946,-0.16410042877355013,-1.2027561144375447
2023-06-01,ARSON AND CRIMINAL DAMAGE,4963.0,0.0,0.981941726719571,-0.7305115861532233,-1.7124533128727943
2023-07-01,ARSON AND CRIMINAL DAMAGE,5039.0,5.0,1.177862675800307,0.6855163072959596,-0.49234636850434743
2023-08-01,ARSON AND CRIMINAL DAMAGE,4890.0,4.0,0.7937544993130747,0.40231072860612305,-0.3914437707069517
2023-09-01,ARSON AND CRIMINAL DAMAGE,5013.0,2.0,1.1108370879568974,-0.16410042877355013,-1.2749375167304475
2023-10-01,ARSON AND CRIMINAL DAMAGE,4610.0,3.0,0.0719404763840475,0.11910514991628646,0.04716467353223895
2023-11-01,ARSON AND CRIMINAL DAMAGE,4592.0,2.0,0.025538146338610047,-0.16410042877355013,-0.18963857511216017
2023-12-01,ARSON AND CRIMINAL DAMAGE,4706.0,8.0,0.319419569959714,1.5351330433654693,1.2157134734057553
2024-01-01,ARSON AND CRIMINAL DAMAGE,4793.0,1.0,0.5436974985126617,-0.4473060074633867,-0.9910035059760485
2024-02-01,ARSON AND CRIMINAL DAMAGE,4503.0,1.0,-0.20389559666383075,-0.4473060074633867,-0.24341041079955597
2024-03-01,ARSON AND CRIMINAL DAMAGE,4521.0,1.0,-0.15749326661839327,-0.4473060074633867,-0.2898127408449934
2024-04-01,ARSON AND CRIMINAL DAMAGE,4533.0,5.0,-0.12655837992143495,0.6855163072959596,0.8120746872173945
2024-05-01,ARSON AND CRIMINAL DAMAGE,4703.0,1.0,0.3116858482854744,-0.4473060074633867,-0.7589918557488611
2024-06-01,ARSON AND CRIMINAL DAMAGE,4758.0,0.0,0.45347074564653334,-0.7305115861532233,-1.1839823317997566
2024-07-01,ARSON AND CRIMINAL DAMAGE,5341.0,1.0,1.9563906576737577,-0.4473060074633867,-2.4036966651371445
2024-08-01,ARSON AND CRIMINAL DAMAGE,5125.0,1.0,1.3995626971285082,-0.4473060074633867,-1.846868704591895
2024-09-01,ARSON AND CRIMINAL DAMAGE,4618.0,1.0,0.09256373418201971,-0.4473060074633867,-0.5398697416454065
2024-10-01,ARSON AND CRIMINAL DAMAGE,4589.0,0.0,0.01780442466437047,-0.7305115861532233,-0.7483160108175938
2024-11-01,ARSON AND CRIMINAL DAMAGE,4567.0,0.0,-0.038909534280053094,-0.7305115861532233,-0.6916020518731703
2024-12-01,ARSON AND CRIMINAL DAMAGE,4183.0,1.0,-1.028825908582719,-0.4473060074633867,0.5815199011193322
2025-01-01,ARSON AND CRIMINAL DAMAGE,4254.0,0.0,-0.8457944956257156,-0.7305115861532233,0.11528290947249231
2025-02-01,ARSON AND CRIMINAL DAMAGE,4092.0,0.0,-1.2634154660346528,-0.7305115861532233,0.5329038798814295
2025-03-01,ARSON AND CRIMINAL DAMAGE,4569.0,3.0,-0.033753719830560046,0.11910514991628646,0.1528588697468465
2025-04-01,ARSON AND CRIMINAL DAMAGE,4677.0,1.0,0.24466026044206474,-0.4473060074633867,-0.6919662679054515
2025-05-01,ARSON AND CRIMINAL DAMAGE,4867.0,7.0,0.7344626331439046,1.2519274646756327,0.5174648315317281
2025-06-01,ARSON AND CRIMINAL DAMAGE,4837.0,1.0,0.6571254164015088,-0.4473060074633867,-1.1044314238648956
2025-07-01,ARSON AND CRIMINAL DAMAGE,5227.0,2.0,1.662509234052654,-0.16410042877355013,-1.826609662826204
2025-08-01,ARSON AND CRIMINAL DAMAGE,4856.0,3.0,0.7061056536716929,0.11910514991628646,-0.5870005037554065
2025-09-01,ARSON AND CRIMINAL DAMAGE,4507.0,2.0,-0.19358396776484463,-0.16410042877355013,0.029483538991294495
2025-10-01,ARSON AND CRIMINAL DAMAGE,4653.0,7.0,0.18279048704814813,1.2519274646756327,1.0691369776274846
2025-11-01,ARSON AND CRIMINAL DAMAGE,4447.0,4.0,-0.3482584012496362,0.40231072860612305,0.7505691298557593
2025-12-01,ARSON AND CRIMINAL DAMAGE,4184.0,0.0,-1.0262480013579725,-0.7305115861532233,0.29573641520474914
2026-01-01,ARSON AND CRIMINAL DAMAGE,4260.0,0.0,-0.8303270522772365,-0.7305115861532233,0.09981546612401315
2026-02-01,ARSON AND CRIMINAL DAMAGE,3971.0,0.0,-1.5753422402289825,-0.7305115861532233,0.8448306540757592
2017-04-01,BURGLARY,5852.0,3.0,0.19817898817647656,0.4090239504201618,0.21084496224368526
2017-05-01,BURGLARY,5826.0,1.0,0.17557499715081307,-0.19463898330338733,-0.3702139804542004
2017-06-01,BURGLARY,5731.0,0.0,0.09298349148011958,-0.4964704501651619,-0.5894539416452815
2017-07-01,BURGLARY,6216.0,0.0,0.5146348625357653,-0.4964704501651619,-1.011105312700927
2017-08-01,BURGLARY,6267.0,0.0,0.5589734603168744,-0.4964704501651619,-1.0554439104820363
2017-09-01,BURGLARY,6045.0,1.0,0.36597015232851704,-0.19463898330338733,-0.5606091356319044
2017-10-01,BURGLARY,6721.0,0.0,0.9536739189957676,-0.4964704501651619,-1.4501443691609295
2017-11-01,BURGLARY,7348.0,0.0,1.4987778564223446,-0.4964704501651619,-1.9952483065875066
2017-12-01,BURGLARY,6989.0,2.0,1.1866689034141449,0.10719248355838723,-1.0794764198557576
2018-01-01,BURGLARY,7639.0,1.0,1.751768679055732,-0.19463898330338733,-1.9464076623591193
2018-02-01,BURGLARY,6600.0,1.0,0.8484784222994106,-0.19463898330338733,-1.0431174056027979
2018-03-01,BURGLARY,6360.0,7.0,0.6398261974471323,1.61634981786726,0.9765236204201276
2018-04-01,BURGLARY,6356.0,30.0,0.6363486603662609,8.558473555688074,7.922124895321813
2018-05-01,BURGLARY,6385.0,6.0,0.6615608042025779,1.3145183510054854,0.6529575468029075
2018-06-01,BURGLARY,6092.0,13.0,0.40683121302875486,3.4273386190379074,3.0205074060091524
2018-07-01,BURGLARY,6301.0,1.0,0.5885325255042805,-0.19463898330338733,-0.7831715088076678
2018-08-01,BURGLARY,6506.0,5.0,0.7667563008989349,1.0126868841437109,0.245930583244776
2018-09-01,BURGLARY,6089.0,2.0,0.4042230602181014,0.10719248355838723,-0.29703057665971416
2018-10-01,BURGLARY,7149.0,5.0,1.3257703866489972,1.0126868841437109,-0.31308350250528627
2018-11-01,BURGLARY,7887.0,2.0,1.9673759780697528,0.10719248355838723,-1.8601834945113656
2018-12-01,BURGLARY,7159.0,4.0,1.3344642293511755,0.7108554172819362,-0.6236088120692392
2019-01-01,BURGLARY,7455.0,0.0,1.591801973335652,-0.4964704501651619,-2.088272423500814
2019-02-01,BURGLARY,6680.0,1.0,0.9180291639168366,-0.19463898330338733,-1.112668147220224
2019-03-01,BURGLARY,7219.0,2.0,1.386627285564245,0.10719248355838723,-1.2794348020058577
2019-04-01,BURGLARY,6316.0,0.0,0.601573289557548,-0.4964704501651619,-1.0980437397227099
2019-05-01,BURGLARY,6408.0,5.0,0.681556642417588,1.0126868841437109,0.33113024172612293
2019-06-01,BURGLARY,6368.0,1.0,0.6467812716088749,-0.19463898330338733,-0.8414202549122622
2019-07-01,BURGLARY,6304.0,1.0,0.591140678314934,-0.19463898330338733,-0.7857796616183214
2019-08-01,BURGLARY,6163.0,1.0,0.4685574962142205,-0.19463898330338733,-0.6631964795176079
2019-09-01,BURGLARY,6526.0,1.0,0.7841439863032914,-0.19463898330338733,-0.9787829696066788
2019-10-01,BURGLARY,7293.0,2.0,1.450961721560364,0.10719248355838723,-1.3437692380019768
2019-11-01,BURGLARY,7096.0,2.0,1.2796930203274524,0.10719248355838723,-1.172500536769065
2019-12-01,BURGLARY,6836.0,1.0,1.0536531100708175,-0.19463898330338733,-1.2482920933742048
2020-01-01,BURGLARY,6992.0,2.0,1.1892770562247985,0.10719248355838723,-1.0820845726664112
2020-02-01,BURGLARY,6301.0,5.0,0.5885325255042805,1.0126868841437109,0.4241543586394304
2020-03-01,BURGLARY,5362.0,3.0,-0.22781930423025828,0.4090239504201618,0.6368432546504201
2020-04-01,BURGLARY,3666.0,0.0,-1.7022950265196914,-0.4964704501651619,1.2058245763545297
2020-05-01,BURGLARY,3894.0,1.0,-1.504075412910027,-0.19463898330338733,1.3094364296066399
2020-06-01,BURGLARY,4311.0,0.0,-1.1415421722291936,-0.4964704501651619,0.6450717220640317
2020-07-01,BURGLARY,4959.0,2.0,-0.5781811651280423,0.10719248355838723,0.6853736486864295
2020-08-01,BURGLARY,4994.0,0.0,-0.5477527156704183,-0.4964704501651619,0.051282265505256386
2020-09-01,BURGLARY,5180.0,0.0,-0.38604724140990265,-0.4964704501651619,-0.11042320875525924
2020-10-01,BURGLARY,5628.0,0.0,0.0034369116476834893,-0.4964704501651619,-0.4999073618128454
2020-11-01,BURGLARY,5198.0,2.0,-0.37039832454598176,0.10719248355838723,0.477590808104369
2020-12-01,BURGLARY,4740.0,0.0,-0.7685763203057462,-0.4964704501651619,0.2721058701405843
2021-01-01,BURGLARY,4263.0,1.0,-1.1832726171996493,-0.19463898330338733,0.9886336338962619
2021-02-01,BURGLARY,4025.0,0.0,-1.390186073511492,-0.4964704501651619,0.89371562334633
2021-03-01,BURGLARY,4607.0,0.0,-0.8842044282447171,-0.4964704501651619,0.38773397807955523
2021-04-01,BURGLARY,4125.0,3.0,-1.3032476464897094,0.4090239504201618,1.7122715969098712
2021-05-01,BURGLARY,4159.0,1.0,-1.2736885813023033,-0.19463898330338733,1.079049597998916
2021-06-01,BURGLARY,4234.0,1.0,-1.2084847610359664,-0.19463898330338733,1.0138457777325791
2021-07-01,BURGLARY,4238.0,0.0,-1.2050072239550949,-0.4964704501651619,0.708536773789933
2021-08-01,BURGLARY,4316.0,1.0,-1.1371952508781045,-0.19463898330338733,0.9425562675747171
2021-09-01,BURGLARY,4278.0,0.0,-1.170231853146382,-0.4964704501651619,0.6737614029812201
2021-10-01,BURGLARY,4717.0,3.0,-0.7885721585207562,0.4090239504201618,1.197596108940918
2021-11-01,BURGLARY,4817.0,1.0,-0.7016337314989736,-0.19463898330338733,0.5069947481955862
2021-12-01,BURGLARY,4559.0,0.0,-0.9259348732151728,-0.4964704501651619,0.42946442305001087
2022-01-01,BURGLARY,4716.0,0.0,-0.789441542790974,-0.4964704501651619,0.2929710926258121
2022-02-01,BURGLARY,4174.0,1.0,-1.2606478172490359,-0.19463898330338733,1.0660088339456486
2022-03-01,BURGLARY,4428.0,2.0,-1.039824212613708,0.10719248355838723,1.1470166961720953
2022-04-01,BURGLARY,3894.0,1.0,-1.504075412910027,-0.19463898330338733,1.3094364296066399
2022-05-01,BURGLARY,4405.0,0.0,-1.0598200508287179,-0.4964704501651619,0.563349600663556
2022-06-01,BURGLARY,4095.0,0.0,-1.3293291745962441,-0.4964704501651619,0.8328587244310822
2022-07-01,BURGLARY,3691.0,0.0,-1.6805604197642459,-0.4964704501651619,1.1840899695990839
2022-08-01,BURGLARY,4116.0,0.0,-1.3110721049216698,-0.4964704501651619,0.8146016547565079
2022-09-01,BURGLARY,4395.0,1.0,-1.0685138935308962,-0.19463898330338733,0.8738749102275088
2022-10-01,BURGLARY,4584.0,0.0,-0.9042002664597271,-0.4964704501651619,0.4077298162945652
2022-11-01,BURGLARY,4728.0,0.0,-0.7790089315483602,-0.4964704501651619,0.28253848138319826
2022-12-01,BURGLARY,4458.0,2.0,-1.013742684507173,0.10719248355838723,1.1209351680655604
2023-01-01,BURGLARY,4995.0,1.0,-0.5468833314002005,-0.19463898330338733,0.35224434809681315
2023-02-01,BURGLARY,4439.0,0.0,-1.0302609856413119,-0.4964704501651619,0.53379053547615
2023-03-01,BURGLARY,4660.0,0.0,-0.8381270619231723,-0.4964704501651619,0.34165661175801043
2023-04-01,BURGLARY,4387.0,2.0,-1.0754689676926388,0.10719248355838723,1.182661451251026
2023-05-01,BURGLARY,4533.0,0.0,-0.9485388642408362,-0.4964704501651619,0.45206841407567433
2023-06-01,BURGLARY,4391.0,1.0,-1.0719914306117675,-0.19463898330338733,0.8773524473083801
2023-07-01,BURGLARY,4954.0,0.0,-0.5825280864791313,-0.4964704501651619,0.08605763631396945
2023-08-01,BURGLARY,5486.0,0.0,-0.12001565472324784,-0.4964704501651619,-0.37645479544191407
2023-09-01,BURGLARY,6016.0,2.0,0.34075800849220006,0.10719248355838723,-0.23356552493381283
2023-10-01,BURGLARY,5796.0,0.0,0.1494934690442783,-0.4964704501651619,-0.6459639192094402
2023-11-01,BURGLARY,6680.0,4.0,0.9180291639168366,0.7108554172819362,-0.2071737466349004
2023-12-01,BURGLARY,7295.0,0.0,1.4527004901007998,-0.4964704501651619,-1.9491709402659616
2024-01-01,BURGLARY,6886.0,1.0,1.097122323581709,-0.19463898330338733,-1.2917613068850962
2024-02-01,BURGLARY,6220.0,2.0,0.5181123996166366,0.10719248355838723,-0.41091991605824935
2024-03-01,BURGLARY,7246.0,3.0,1.4101006608601263,0.4090239504201618,-1.0010767104399645
2024-04-01,BURGLARY,6258.0,1.0,0.551149001884914,-0.19463898330338733,-0.7457879851883014
2024-05-01,BURGLARY,5997.0,1.0,0.32423970735806135,-0.19463898330338733,-0.5188786906614486
2024-06-01,BURGLARY,5831.0,1.0,0.1799219185019022,-0.19463898330338733,-0.37456090180528956
2024-07-01,BURGLARY,6456.0,3.0,0.7232870873880436,0.4090239504201618,-0.3142631369678818
2024-08-01,BURGLARY,6178.0,2.0,0.4815982602674879,0.10719248355838723,-0.3744057767091007
2024-09-01,BURGLARY,6483.0,1.0,0.7467604626839249,-0.19463898330338733,-0.9413994459873123
2024-10-01,BURGLARY,7246.0,0.0,1.4101006608601263,-0.4964704501651619,-1.906571111025288
2024-11-01,BURGLARY,7323.0,2.0,1.477043249666899,0.10719248355838723,-1.3698507661085118
2024-12-01,BURGLARY,7289.0,0.0,1.4474841844794928,-0.4964704501651619,-1.9439546346446548
2025-01-01,BURGLARY,7384.0,0.0,1.5300756901501864,-0.4964704501651619,-2.0265461403153484
2025-02-01,BURGLARY,6351.0,2.0,0.6320017390151719,0.10719248355838723,-0.5248092554567847
2025-03-01,BURGLARY,6563.0,4.0,0.816311204301351,0.7108554172819362,-0.10545578701941472
2025-04-01,BURGLARY,5520.0,0.0,-0.09045658953584174,-0.4964704501651619,-0.40601386062932016
2025-05-01,BURGLARY,6116.0,1.0,0.4276964355139827,-0.19463898330338733,-0.62233541881737
2025-06-01,BURGLARY,5810.0,1.0,0.16166484882732787,-0.19463898330338733,-0.3563038321307152
2025-07-01,BURGLARY,6074.0,2.0,0.39118229616483396,0.10719248355838723,-0.28398981260644673
2025-08-01,BURGLARY,6404.0,1.0,0.6780791053367167,-0.19463898330338733,-0.872718088640104
2025-09-01,BURGLARY,3991.0,2.0,-1.419745138698898,0.10719248355838723,1.5269376222572852
2025-10-01,BURGLARY,4268.0,0.0,-1.17892569584856,-0.4964704501651619,0.6824552456833982
2025-11-01,BURGLARY,4398.0,1.0,-1.0659057407202428,-0.19463898330338733,0.8712667574168554
2025-12-01,BURGLARY,4173.0,0.0,-1.2615172015192537,-0.4964704501651619,0.7650467513540918
2026-01-01,BURGLARY,4270.0,1.0,-1.1771869273081246,-0.19463898330338733,0.9825479440047372
2026-02-01,BURGLARY,3977.0,0.0,-1.4319165184819476,-0.4964704501651619,0.9354460683167857
2015-01-01,DOMESTIC ABUSE,7580.0,0.0,-1.840546399259643,-0.6629126073623883,1.1776337918972546
2015-02-01,DOMESTIC ABUSE,6719.0,0.0,-2.88312930103687,-0.6629126073623883,2.2202166936744816
2015-03-01,DOMESTIC ABUSE,7703.0,0.0,-1.691605984720039,-0.6629126073623883,1.0286933773576508
2015-04-01,DOMESTIC ABUSE,7374.0,0.0,-2.0899913211715,-0.6629126073623883,1.4270787138091117
2015-05-01,DOMESTIC ABUSE,8348.0,0.0,-0.9105769816465067,-0.6629126073623883,0.24766437428411836
2015-06-01,DOMESTIC ABUSE,8232.0,0.0,-1.0510411124318242,-0.6629126073623883,0.38812850506943586
2015-07-01,DOMESTIC ABUSE,8863.0,0.0,-0.28696467686686455,-0.6629126073623883,-0.3759479304955238
2015-08-01,DOMESTIC ABUSE,8539.0,0.0,-0.6792955249224064,-0.6629126073623883,0.016382917560018084
2015-09-01,DOMESTIC ABUSE,7618.0,0.0,-1.7945322874506597,-0.6629126073623883,1.1316196800882714
2015-10-01,DOMESTIC ABUSE,8322.0,0.0,-0.9420603213052848,-0.6629126073623883,0.2791477139428965
2015-11-01,DOMESTIC ABUSE,8040.0,0.0,-1.2835334668351082,-0.6629126073623883,0.6206208594727198
2015-12-01,DOMESTIC ABUSE,8564.0,1.0,-0.6490230829428122,0.8175922157469456,1.4666152986897578
2016-01-01,DOMESTIC ABUSE,8293.0,1.0,-0.9771763540016142,0.8175922157469456,1.7947685697485598
2016-02-01,DOMESTIC ABUSE,7665.0,1.0,-1.7376200965290225,0.8175922157469456,2.5552123122759682
2016-03-01,DOMESTIC ABUSE,7987.0,0.0,-1.347711043831848,-0.6629126073623883,0.6847984364694597
2016-04-01,DOMESTIC ABUSE,7925.0,0.0,-1.422786699941242,-0.6629126073623883,0.7598740925788536
2016-05-01,DOMESTIC ABUSE,8671.0,1.0,-0.5194570312701486,0.8175922157469456,1.3370492470170943
2016-06-01,DOMESTIC ABUSE,8406.0,0.0,-0.840344916253848,-0.6629126073623883,0.17743230889145967
2016-07-01,DOMESTIC ABUSE,9014.0,1.0,-0.1041191273101151,0.8175922157469456,0.9217113430570607
2016-08-01,DOMESTIC ABUSE,8871.0,0.0,-0.2772774954333944,-0.6629126073623883,-0.3856351119289939
2016-09-01,DOMESTIC ABUSE,7970.0,0.0,-1.3682963043779723,-0.6629126073623883,0.705383697015584
2016-10-01,DOMESTIC ABUSE,8163.0,1.0,-1.1345930522955043,0.8175922157469456,1.95218526804245
2016-11-01,DOMESTIC ABUSE,7382.0,0.0,-2.0803041397380295,-0.6629126073623883,1.4173915323756412
2016-12-01,DOMESTIC ABUSE,8180.0,0.0,-1.1140077917493802,-0.6629126073623883,0.4510951843869919
2017-01-01,DOMESTIC ABUSE,7867.0,0.0,-1.4930187653339007,-0.6629126073623883,0.8301061579715123
2017-02-01,DOMESTIC ABUSE,7467.0,0.0,-1.977377837007409,-0.6629126073623883,1.3144652296450208
2017-03-01,DOMESTIC ABUSE,8406.0,1.0,-0.840344916253848,0.8175922157469456,1.6579371320007936
2017-04-01,DOMESTIC ABUSE,8503.0,2.0,-0.7228878413730222,2.2980970388562794,3.0209848802293013
2017-05-01,DOMESTIC ABUSE,8852.0,0.0,-0.30028455133788606,-0.6629126073623883,-0.36262805602450227
2017-06-01,DOMESTIC ABUSE,9151.0,0.0,0.061773854738061545,-0.6629126073623883,-0.7246864621004498
2017-07-01,DOMESTIC ABUSE,9351.0,0.0,0.3039533905748158,-0.6629126073623883,-0.9668659979372041
2017-08-01,DOMESTIC ABUSE,8838.0,0.0,-0.31723711884645883,-0.6629126073623883,-0.3456754885159295
2017-09-01,DOMESTIC ABUSE,8188.0,0.0,-1.1043206103159102,-0.6629126073623883,0.4414080029535219
2017-10-01,DOMESTIC ABUSE,8927.0,0.0,-0.2094672253991032,-0.6629126073623883,-0.4534453819632851
2017-11-01,DOMESTIC ABUSE,7979.0,1.0,-1.3573982252653183,0.8175922157469456,2.174990441012264
2017-12-01,DOMESTIC ABUSE,8712.0,0.0,-0.46981022642361403,-0.6629126073623883,-0.1931023809387743
2018-01-01,DOMESTIC ABUSE,8492.0,0.0,-0.7362077158440437,-0.6629126073623883,0.07329510848165532
2018-02-01,DOMESTIC ABUSE,7576.0,1.0,-1.8453899899763782,0.8175922157469456,2.6629822057233237
2018-03-01,DOMESTIC ABUSE,8250.0,1.0,-1.0292449542065163,0.8175922157469456,1.8468371699534618
2018-04-01,DOMESTIC ABUSE,8946.0,0.0,-0.18646016949461156,-0.6629126073623883,-0.4764524378677768
2018-05-01,DOMESTIC ABUSE,9534.0,0.0,0.5255476658654459,-0.6629126073623883,-1.1884602732278342
2018-06-01,DOMESTIC ABUSE,9790.0,1.0,0.8355374717364913,0.8175922157469456,-0.01794525598954566
2018-07-01,DOMESTIC ABUSE,10811.0,0.0,2.071864002183122,-0.6629126073623883,-2.73477660954551
2018-08-01,DOMESTIC ABUSE,9611.0,0.0,0.6187867871625963,-0.6629126073623883,-1.2816993945249846
2018-09-01,DOMESTIC ABUSE,9142.0,1.0,0.0508757756254076,0.8175922157469456,0.7667164401215381
2018-10-01,DOMESTIC ABUSE,9171.0,0.0,0.08599180832173696,-0.6629126073623883,-0.7489044156841252
2018-11-01,DOMESTIC ABUSE,8509.0,1.0,-0.7156224552979196,0.8175922157469456,1.533214671044865
2018-12-01,DOMESTIC ABUSE,9642.0,0.0,0.6563246152172932,-0.6629126073623883,-1.3192372225796816
2019-01-01,DOMESTIC ABUSE,9412.0,2.0,0.3778181490050258,2.2980970388562794,1.9202788898512535
2019-02-01,DOMESTIC ABUSE,8752.0,0.0,-0.4213743192562632,-0.6629126073623883,-0.24153828810612515
2019-03-01,DOMESTIC ABUSE,9198.0,1.0,0.11868604565969879,0.8175922157469456,0.6989061700872469
2019-04-01,DOMESTIC ABUSE,9070.0,0.0,-0.036308857275823926,-0.6629126073623883,-0.6266037500865644
2019-05-01,DOMESTIC ABUSE,9484.0,0.0,0.4650027819062573,-0.6629126073623883,-1.1279153892686455
2019-06-01,DOMESTIC ABUSE,9685.0,1.0,0.7083932154221954,0.8175922157469456,0.10919900032475027
2019-07-01,DOMESTIC ABUSE,10228.0,0.0,1.365910655218983,-0.6629126073623883,-2.0288232625813714
2019-08-01,DOMESTIC ABUSE,10037.0,0.0,1.1346291984948829,-0.6629126073623883,-1.7975418058572712
2019-09-01,DOMESTIC ABUSE,9170.0,1.0,0.08478091064255319,0.8175922157469456,0.7328113051043924
2019-10-01,DOMESTIC ABUSE,9410.0,0.0,0.3753963536466583,-0.6629126073623883,-1.0383089610090466
2019-11-01,DOMESTIC ABUSE,9211.0,0.0,0.1344277154890878,-0.6629126073623883,-0.7973403228514762
2019-12-01,DOMESTIC ABUSE,9570.0,2.0,0.5691399823160617,2.2980970388562794,1.7289570565402177
2020-01-01,DOMESTIC ABUSE,9362.0,2.0,0.31727326504583725,2.2980970388562794,1.9808237738104422
2020-02-01,DOMESTIC ABUSE,8896.0,0.0,-0.2470050534538001,-0.6629126073623883,-0.41590755390858825
2020-03-01,DOMESTIC ABUSE,9364.0,1.0,0.3196950604042048,0.8175922157469456,0.4978971553427408
2020-04-01,DOMESTIC ABUSE,9437.0,2.0,0.4080905909846201,2.2980970388562794,1.8900064478716594
2020-05-01,DOMESTIC ABUSE,10586.0,1.0,1.7994120243667733,0.8175922157469456,-0.9818198086198276
2020-06-01,DOMESTIC ABUSE,10243.0,0.0,1.3840741204067397,-0.6629126073623883,-2.046986727769128
2020-07-01,DOMESTIC ABUSE,10915.0,2.0,2.197797360818234,2.2980970388562794,0.1002996780380454
2020-08-01,DOMESTIC ABUSE,11269.0,1.0,2.626455139249289,0.8175922157469456,-1.8088629235023435
2020-09-01,DOMESTIC ABUSE,9827.0,1.0,0.8803406858662909,0.8175922157469456,-0.06274847011934526
2020-10-01,DOMESTIC ABUSE,9231.0,0.0,0.15864566907276323,-0.6629126073623883,-0.8215582764351516
2020-11-01,DOMESTIC ABUSE,9124.0,0.0,0.02907961740009972,-0.6629126073623883,-0.691992224762488
2020-12-01,DOMESTIC ABUSE,9464.0,0.0,0.4407848283225819,-0.6629126073623883,-1.1036974356849703
2021-01-01,DOMESTIC ABUSE,8865.0,0.0,-0.284542881508497,-0.6629126073623883,-0.37836972585389134
2021-02-01,DOMESTIC ABUSE,8359.0,0.0,-0.8972571071754852,-0.6629126073623883,0.2343444998130969
2021-03-01,DOMESTIC ABUSE,9066.0,1.0,-0.04115244799255901,0.8175922157469456,0.8587446637395046
2021-04-01,DOMESTIC ABUSE,9182.0,0.0,0.09931168279275845,-0.6629126073623883,-0.7622242901551468
2021-05-01,DOMESTIC ABUSE,10290.0,0.0,1.440986311328377,-0.6629126073623883,-2.1038989186907653
2021-06-01,DOMESTIC ABUSE,10043.0,0.0,1.1418945845699855,-0.6629126073623883,-1.8048071919323738
2021-07-01,DOMESTIC ABUSE,10586.0,0.0,1.7994120243667733,-0.6629126073623883,-2.4623246317291616
2021-08-01,DOMESTIC ABUSE,9671.0,0.0,0.6914406479136226,-0.6629126073623883,-1.354353255276011
2021-09-01,DOMESTIC ABUSE,9547.0,0.0,0.541289335694835,-0.6629126073623883,-1.2042019430572233
2021-10-01,DOMESTIC ABUSE,10043.0,2.0,1.1418945845699855,2.2980970388562794,1.1562024542862939
2021-11-01,DOMESTIC ABUSE,9357.0,1.0,0.3112187766499184,0.8175922157469456,0.5063734390970271
2021-12-01,DOMESTIC ABUSE,9651.0,0.0,0.6672226943299472,-0.6629126073623883,-1.3301353016923354
2022-01-01,DOMESTIC ABUSE,9671.0,0.0,0.6914406479136226,-0.6629126073623883,-1.354353255276011
2022-02-01,DOMESTIC ABUSE,8874.0,1.0,-0.2736448023958431,0.8175922157469456,1.0912370181427886
2022-03-01,DOMESTIC ABUSE,9637.0,1.0,0.6502701268213743,0.8175922157469456,0.16732208892557132
2022-04-01,DOMESTIC ABUSE,9289.0,0.0,0.22887773446542198,-0.6629126073623883,-0.8917903418278104
2022-05-01,DOMESTIC ABUSE,9873.0,1.0,0.9360419791087443,0.8175922157469456,-0.11844976336179869
2022-06-01,DOMESTIC ABUSE,9635.0,2.0,0.6478483314630068,2.2980970388562794,1.6502487073932726
2022-07-01,DOMESTIC ABUSE,10315.0,0.0,1.4712587533079713,-0.6629126073623883,-2.1341713606703596
2022-08-01,DOMESTIC ABUSE,10108.0,0.0,1.2206029337169306,-0.6629126073623883,-1.883515541079319
2022-09-01,DOMESTIC ABUSE,9285.0,0.0,0.22403414374868688,-0.6629126073623883,-0.8869467511110752
2022-10-01,DOMESTIC ABUSE,9812.0,0.0,0.8621772206785343,-0.6629126073623883,-1.5250898280409226
2022-11-01,DOMESTIC ABUSE,9177.0,1.0,0.09325719439683959,0.8175922157469456,0.7243350213501061
2022-12-01,DOMESTIC ABUSE,9565.0,2.0,0.5630854939201428,2.2980970388562794,1.7350115449361365
2023-01-01,DOMESTIC ABUSE,9667.0,1.0,0.6865970571968875,0.8175922157469456,0.13099515855005817
2023-02-01,DOMESTIC ABUSE,8690.0,0.0,-0.496449975365657,-0.6629126073623883,-0.16646263199673134
2023-03-01,DOMESTIC ABUSE,9320.0,1.0,0.2664155625201189,0.8175922157469456,0.5511766532268267
2023-04-01,DOMESTIC ABUSE,9976.0,1.0,1.0607644400646727,0.8175922157469456,-0.24317222431772711
2023-05-01,DOMESTIC ABUSE,10202.0,0.0,1.334427315560205,-0.6629126073623883,-1.9973399229225934
2023-06-01,DOMESTIC ABUSE,10706.0,0.0,1.9447197458688257,-0.6629126073623883,-2.607632353231214
2023-07-01,DOMESTIC ABUSE,10466.0,0.0,1.6541043028647207,-0.6629126073623883,-2.317016910227109
2023-08-01,DOMESTIC ABUSE,10053.0,1.0,1.1540035613618231,0.8175922157469456,-0.3364113456148775
2023-09-01,DOMESTIC ABUSE,10016.0,0.0,1.1092003472320235,-0.6629126073623883,-1.7721129545944119
2023-10-01,DOMESTIC ABUSE,8974.0,2.0,-0.15255503447746596,2.2980970388562794,2.450652073333745
2023-11-01,DOMESTIC ABUSE,8919.0,1.0,-0.21915440683257337,0.8175922157469456,1.036746622579519
2023-12-01,DOMESTIC ABUSE,9947.0,0.0,1.0256484073683434,-0.6629126073623883,-1.6885610147307317
2024-01-01,DOMESTIC ABUSE,9287.0,0.0,0.22645593910705442,-0.6629126073623883,-0.8893685464694427
2024-02-01,DOMESTIC ABUSE,8662.0,0.0,-0.5303551103828026,-0.6629126073623883,-0.13255749697958574
2024-03-01,DOMESTIC ABUSE,8072.0,0.0,-1.2447847411012276,-0.6629126073623883,0.5818721337388393
2024-04-01,DOMESTIC ABUSE,8124.0,0.0,-1.1818180617836715,-0.6629126073623883,0.5189054544212832
2024-05-01,DOMESTIC ABUSE,8847.0,2.0,-0.3063390397338049,2.2980970388562794,2.6044360785900844
2024-06-01,DOMESTIC ABUSE,8845.0,0.0,-0.30876083509217245,-0.6629126073623883,-0.3541517722702159
2024-07-01,DOMESTIC ABUSE,9212.0,0.0,0.13563861316827158,-0.6629126073623883,-0.79855122053066
2024-08-01,DOMESTIC ABUSE,9317.0,0.0,0.26278286948256757,-0.6629126073623883,-0.9256954768449559
2024-09-01,DOMESTIC ABUSE,8729.0,0.0,-0.4492249658774899,-0.6629126073623883,-0.21368764148489844
2024-10-01,DOMESTIC ABUSE,8550.0,0.0,-0.665975650451385,-0.6629126073623883,0.003063043088996631
2024-11-01,DOMESTIC ABUSE,8551.0,0.0,-0.6647647527722012,-0.6629126073623883,0.001852145409812822
2024-12-01,DOMESTIC ABUSE,9273.0,0.0,0.20950337159848162,-0.6629126073623883,-0.87241597896087
2025-01-01,DOMESTIC ABUSE,8900.0,2.0,-0.24216146273706501,2.2980970388562794,2.5402585015933443
2025-02-01,DOMESTIC ABUSE,7944.0,0.0,-1.3997796440367503,-0.6629126073623883,0.7368670366743619
2025-03-01,DOMESTIC ABUSE,9070.0,2.0,-0.036308857275823926,2.2980970388562794,2.3344058961321035
2025-04-01,DOMESTIC ABUSE,8967.0,0.0,-0.16103131823175235,-0.6629126073623883,-0.501881289130636
2025-05-01,DOMESTIC ABUSE,9484.0,0.0,0.4650027819062573,-0.6629126073623883,-1.1279153892686455
2025-06-01,DOMESTIC ABUSE,9674.0,0.0,0.6950733409511739,-0.6629126073623883,-1.3579859483135621
2025-07-01,DOMESTIC ABUSE,10525.0,0.0,1.7255472659365632,-0.6629126073623883,-2.3884598732989515
2025-08-01,DOMESTIC ABUSE,9847.0,0.0,0.9045586394499663,-0.6629126073623883,-1.5674712468123546
2025-09-01,DOMESTIC ABUSE,8899.0,2.0,-0.2433723604162488,2.2980970388562794,2.541469399272528
2025-10-01,DOMESTIC ABUSE,9453.0,0.0,0.42746495385156047,-0.6629126073623883,-1.0903775612139488
2025-11-01,DOMESTIC ABUSE,9139.0,0.0,0.04724308258785629,-0.6629126073623883,-0.7101556899502446
2025-12-01,DOMESTIC ABUSE,9566.0,0.0,0.5642963915993265,-0.6629126073623883,-1.2272089989617148
2026-01-01,DOMESTIC ABUSE,9514.0,0.0,0.5013297122817705,-0.6629126073623883,-1.164242319644159
2026-02-01,DOMESTIC ABUSE,9021.0,1.0,-0.09564284355582871,0.8175922157469456,0.9132350593027744
2017-04-01,DRUG OFFENCES,2891.0,7.0,-1.1586844009213968,-0.3189593601181063,0.8397250408032905
2017-05-01,DRUG OFFENCES,3193.0,8.0,-0.7404392100569737,-0.17057391867185687,0.5698652913851168
2017-06-01,DRUG OFFENCES,2875.0,6.0,-1.1808430865301078,-0.4673448015643558,0.7134982849657521
2017-07-01,DRUG OFFENCES,3276.0,4.0,-0.6254910284617846,-0.7641156844568547,-0.13862465599507012
2017-08-01,DRUG OFFENCES,3414.0,8.0,-0.43437236508665095,-0.17057391867185687,0.2637984464147941
2017-09-01,DRUG OFFENCES,3110.0,18.0,-0.8553873916521628,1.3132804957906379,2.1686678874428007
2017-10-01,DRUG OFFENCES,3464.0,27.0,-0.3651264725594286,2.648749468806883,3.0138759413663117
2017-11-01,DRUG OFFENCES,3200.0,36.0,-0.7307447851031625,3.984218441823128,4.71496322692629
2017-12-01,DRUG OFFENCES,2619.0,15.0,-1.5353820562694862,0.8681241714518895,2.4035062277213757
2018-01-01,DRUG OFFENCES,3098.0,13.0,-0.8720064058586962,0.5713532885593905,1.4433596944180866
2018-02-01,DRUG OFFENCES,2845.0,17.0,-1.2223906220464413,1.1648950543443883,2.38728567639083
2018-03-01,DRUG OFFENCES,2849.0,5.0,-1.2168509506442635,-0.6157302430106053,0.6011207076336582
2018-04-01,DRUG OFFENCES,3032.0,20.0,-0.9634109839946297,1.6100513786831367,2.573462362677766
2018-05-01,DRUG OFFENCES,3106.0,21.0,-0.8609270630543406,1.7584368201293863,2.619363883183727
2018-06-01,DRUG OFFENCES,2745.0,17.0,-1.360882407100886,1.1648950543443883,2.5257774614452746
2018-07-01,DRUG OFFENCES,2680.0,18.0,-1.450902067386275,1.3132804957906379,2.764182563176913
2018-08-01,DRUG OFFENCES,3395.0,20.0,-0.4606858042469954,1.6100513786831367,2.070737182930132
2018-09-01,DRUG OFFENCES,3068.0,27.0,-0.9135539413750295,2.648749468806883,3.5623034101819124
2018-10-01,DRUG OFFENCES,3220.0,25.0,-0.7030464280922736,2.351978585914384,3.0550250140066577
2018-11-01,DRUG OFFENCES,3391.0,15.0,-0.4662254756491732,0.8681241714518895,1.3343496471010627
2018-12-01,DRUG OFFENCES,3276.0,11.0,-0.6254910284617846,0.27458240566689157,0.9000734341286762
2019-01-01,DRUG OFFENCES,3509.0,16.0,-0.30280516928492845,1.016509612898139,1.3193147821830675
2019-02-01,DRUG OFFENCES,3480.0,15.0,-0.34296778695071745,0.8681241714518895,1.211091958402607
2019-03-01,DRUG OFFENCES,4429.0,6.0,0.9713192532159628,-0.4673448015643558,-1.4386640547803187
2019-04-01,DRUG OFFENCES,3714.0,14.0,-0.01889700992331683,0.7197387300056399,0.7386357399289567
2019-05-01,DRUG OFFENCES,3932.0,14.0,0.28301508149537263,0.7197387300056399,0.4367236485102673
2019-06-01,DRUG OFFENCES,4109.0,21.0,0.5281455410417397,1.7584368201293863,1.2302912790876466
2019-07-01,DRUG OFFENCES,4586.0,12.0,1.1887513557514409,0.422967847113141,-0.7657835086382998
2019-08-01,DRUG OFFENCES,4865.0,19.0,1.5751434360533416,1.4616659372368874,-0.11347749881645419
2019-09-01,DRUG OFFENCES,4012.0,18.0,0.3938085095389284,1.3132804957906379,0.9194719862517096
2019-10-01,DRUG OFFENCES,4005.0,25.0,0.38411408458511725,2.351978585914384,1.9678645013292668
2019-11-01,DRUG OFFENCES,4056.0,12.0,0.45474489496288406,0.422967847113141,-0.031777047849743056
2019-12-01,DRUG OFFENCES,3510.0,7.0,-0.301420251434384,-0.3189593601181063,-0.017539108683722326
2020-01-01,DRUG OFFENCES,4733.0,8.0,1.3923342797814746,-0.17057391867185687,-1.5629081984533315
2020-02-01,DRUG OFFENCES,4236.0,10.0,0.7040301080608845,0.12619696422064208,-0.5778331438402424
2020-03-01,DRUG OFFENCES,4015.0,9.0,0.39796326309056174,-0.022188477225607402,-0.42015174031616914
2020-04-01,DRUG OFFENCES,5422.0,16.0,2.3465426788065984,1.016509612898139,-1.3300330659084594
2020-05-01,DRUG OFFENCES,6898.0,6.0,4.390681426210202,-0.4673448015643558,-4.858026227774558
2020-06-01,DRUG OFFENCES,5073.0,19.0,1.8632063489665867,1.4616659372368874,-0.40154041172969923
2020-07-01,DRUG OFFENCES,5015.0,16.0,1.7828811136350087,1.016509612898139,-0.7663715007368697
2020-08-01,DRUG OFFENCES,3824.0,11.0,0.13344395363657233,0.27458240566689157,0.14113845203031924
2020-09-01,DRUG OFFENCES,3789.0,7.0,0.0849718288675167,-0.3189593601181063,-0.403931188985623
2020-10-01,DRUG OFFENCES,4398.0,10.0,0.9283867998490849,0.12619696422064208,-0.8021898356284428
2020-11-01,DRUG OFFENCES,4714.0,8.0,1.36602084062113,-0.17057391867185687,-1.536594759292987
2020-12-01,DRUG OFFENCES,3912.0,16.0,0.25531672448448367,1.016509612898139,0.7611928884136554
2021-01-01,DRUG OFFENCES,4007.0,11.0,0.3868839202862061,0.27458240566689157,-0.11230151461931454
2021-02-01,DRUG OFFENCES,4357.0,6.0,0.8716051679767626,-0.4673448015643558,-1.3389499695411184
2021-03-01,DRUG OFFENCES,4437.0,11.0,0.9823985960203183,0.27458240566689157,-0.7078161903534268
2021-04-01,DRUG OFFENCES,4053.0,5.0,0.4505901414112507,-0.6157302430106053,-1.066320384421856
2021-05-01,DRUG OFFENCES,3708.0,8.0,-0.027206517026583513,-0.17057391867185687,-0.14336740164527334
2021-06-01,DRUG OFFENCES,3505.0,5.0,-0.30834484068710627,-0.6157302430106053,-0.30738540232349904
2021-07-01,DRUG OFFENCES,3556.0,6.0,-0.23771403030933946,-0.4673448015643558,-0.22963077125501635
2021-08-01,DRUG OFFENCES,3433.0,13.0,-0.40805892592630644,0.5713532885593905,0.9794122144856969
2021-09-01,DRUG OFFENCES,3185.0,6.0,-0.7515185528613293,-0.4673448015643558,0.2841737512969735
2021-10-01,DRUG OFFENCES,3885.0,8.0,0.21792394251978361,-0.17057391867185687,-0.3884978611916405
2021-11-01,DRUG OFFENCES,3855.0,4.0,0.1763764070034502,-0.7641156844568547,-0.940492091460305
2021-12-01,DRUG OFFENCES,3427.0,4.0,-0.4163684330295731,-0.7641156844568547,-0.34774725142728163
2022-01-01,DRUG OFFENCES,4325.0,8.0,0.8272877967593403,-0.17057391867185687,-0.9978617154311972
2022-02-01,DRUG OFFENCES,3854.0,5.0,0.17499148915290574,-0.6157302430106053,-0.790721732163511
2022-03-01,DRUG OFFENCES,4099.0,3.0,0.5142963625362953,-0.9125011259031043,-1.4267974884393997
2022-04-01,DRUG OFFENCES,3274.0,3.0,-0.6282608641628735,-0.9125011259031043,-0.28424026174023076
2022-05-01,DRUG OFFENCES,3903.0,6.0,0.24285246382958364,-0.4673448015643558,-0.7101972653939395
2022-06-01,DRUG OFFENCES,3572.0,2.0,-0.2155553447006283,-1.0608865673493537,-0.8453312226487254
2022-07-01,DRUG OFFENCES,3757.0,1.0,0.04065445765009439,-1.2092720087956033,-1.2499264664456977
2022-08-01,DRUG OFFENCES,3719.0,5.0,-0.011972420670594595,-0.6157302430106053,-0.6037578223400107
2022-09-01,DRUG OFFENCES,3108.0,0.0,-0.8581572273532517,-1.3576574502418526,-0.49950022288860085
2022-10-01,DRUG OFFENCES,3488.0,3.0,-0.33188844414636187,-0.9125011259031043,-0.5806126817567424
2022-11-01,DRUG OFFENCES,3489.0,4.0,-0.3305035262958174,-0.7641156844568547,-0.4336121581610373
2022-12-01,DRUG OFFENCES,2892.0,2.0,-1.1572994830708523,-1.0608865673493537,0.09641291572149857
2023-01-01,DRUG OFFENCES,3782.0,4.0,0.07527740391370556,-0.7641156844568547,-0.8393930883705603
2023-02-01,DRUG OFFENCES,3121.0,5.0,-0.8401532952961739,-0.6157302430106053,0.22442305228556858
2023-03-01,DRUG OFFENCES,3292.0,5.0,-0.6033323428530735,-0.6157302430106053,-0.012397900157531838
2023-04-01,DRUG OFFENCES,3061.0,2.0,-0.9232483663288407,-1.0608865673493537,-0.13763820102051305
2023-05-01,DRUG OFFENCES,3183.0,6.0,-0.7542883885624182,-0.4673448015643558,0.2869435869980624
2023-06-01,DRUG OFFENCES,3436.0,6.0,-0.4039041723746731,-0.4673448015643558,-0.06344062918968274
2023-07-01,DRUG OFFENCES,3490.0,10.0,-0.32911860844527296,0.12619696422064208,0.45531557266591505
2023-08-01,DRUG OFFENCES,3673.0,8.0,-0.07567864179563916,-0.17057391867185687,-0.09489527687621771
2023-09-01,DRUG OFFENCES,3211.0,5.0,-0.7155106887471736,-0.6157302430106053,0.0997804457365683
2023-10-01,DRUG OFFENCES,2794.0,5.0,-1.293021432424208,-0.6157302430106053,0.6772911894136027
2023-11-01,DRUG OFFENCES,2884.0,9.0,-1.168378825875208,-0.022188477225607402,1.1461903486496006
2023-12-01,DRUG OFFENCES,2608.0,7.0,-1.5506161526254751,-0.3189593601181063,1.2316567925073687
2024-01-01,DRUG OFFENCES,2956.0,2.0,-1.0686647406360077,-1.0608865673493537,0.007778173286653978
2024-02-01,DRUG OFFENCES,2786.0,5.0,-1.3041007752285636,-0.6157302430106053,0.6883705322179583
2024-03-01,DRUG OFFENCES,2712.0,6.0,-1.4065846961688526,-0.4673448015643558,0.9392398946044969
2024-04-01,DRUG OFFENCES,2633.0,8.0,-1.515993206361864,-0.17057391867185687,1.345419287690007
2024-05-01,DRUG OFFENCES,2965.0,5.0,-1.0562004799811076,-0.6157302430106053,0.44047023697050225
2024-06-01,DRUG OFFENCES,2897.0,3.0,-1.15037489381813,-0.9125011259031043,0.23787376791502568
2024-07-01,DRUG OFFENCES,3066.0,3.0,-0.9163237770761185,-0.9125011259031043,0.003822651173014169
2024-08-01,DRUG OFFENCES,3740.0,1.0,0.01711085419083879,-1.2092720087956033,-1.226382862986442
2024-09-01,DRUG OFFENCES,3966.0,7.0,0.3301022884138838,-0.3189593601181063,-0.6490616485319901
2024-10-01,DRUG OFFENCES,4250.0,8.0,0.7234189579685067,-0.17057391867185687,-0.8939928766403636
2024-11-01,DRUG OFFENCES,4432.0,6.0,0.9754740067675961,-0.4673448015643558,-1.442818808331952
2024-12-01,DRUG OFFENCES,4145.0,3.0,0.5780025836613398,-0.9125011259031043,-1.490503709564444
2025-01-01,DRUG OFFENCES,4415.0,6.0,0.9519304033083404,-0.4673448015643558,-1.4192752048726962
2025-02-01,DRUG OFFENCES,3895.0,3.0,0.23177312102522807,-0.9125011259031043,-1.1442742469283322
2025-03-01,DRUG OFFENCES,4237.0,5.0,0.7054150259114289,-0.6157302430106053,-1.3211452689220342
2025-04-01,DRUG OFFENCES,4781.0,7.0,1.4588103366076082,-0.3189593601181063,-1.7777696967257146
2025-05-01,DRUG OFFENCES,5101.0,7.0,1.9019840487818311,-0.3189593601181063,-2.2209434088999376
2025-06-01,DRUG OFFENCES,4519.0,1.0,1.095961859764963,-1.2092720087956033,-2.305233868560566
2025-07-01,DRUG OFFENCES,4736.0,10.0,1.396489033333108,0.12619696422064208,-1.270292069112466
2025-08-01,DRUG OFFENCES,4810.0,5.0,1.498972954273397,-0.6157302430106053,-2.114703197284002
2025-09-01,DRUG OFFENCES,4409.0,6.0,0.9436208962050738,-0.4673448015643558,-1.4109656977694296
2025-10-01,DRUG OFFENCES,4588.0,12.0,1.1915211914525299,0.422967847113141,-0.7685533443393888
2025-11-01,DRUG OFFENCES,4437.0,0.0,0.9823985960203183,-1.3576574502418526,-2.3400560462621707
2025-12-01,DRUG OFFENCES,4253.0,2.0,0.72757371152014,-1.0608865673493537,-1.7884602788694939
2026-01-01,DRUG OFFENCES,4225.0,1.0,0.6887960117048956,-1.2092720087956033,-1.898068020500499
2026-02-01,DRUG OFFENCES,3498.0,3.0,-0.3180392656409174,-0.9125011259031043,-0.594461860262187
2020-09-01,FRAUD AND FORGERY,0.0,3.0,-0.582509891579663,0.4790889873540122,1.0615988789336752
2021-01-01,FRAUD AND FORGERY,0.0,4.0,-0.582509891579663,0.9965050936963453,1.5790149852760083
2021-05-01,FRAUD AND FORGERY,0.0,3.0,-0.582509891579663,0.4790889873540122,1.0615988789336752
2021-07-01,FRAUD AND FORGERY,0.0,6.0,-0.582509891579663,2.0313373063810114,2.6138471979606743
2021-08-01,FRAUD AND FORGERY,0.0,2.0,-0.582509891579663,-0.03832711898832091,0.5441827725913422
2021-10-01,FRAUD AND FORGERY,0.0,7.0,-0.582509891579663,2.5487534127233444,3.1312633043030074
2021-11-01,FRAUD AND FORGERY,0.0,0.0,-0.582509891579663,-1.073159331672987,-0.490649440093324
2021-12-01,FRAUD AND FORGERY,1.0,1.0,-0.4160784939854736,-0.555743225330654,-0.13966473134518043
2022-01-01,FRAUD AND FORGERY,0.0,0.0,-0.582509891579663,-1.073159331672987,-0.490649440093324
2022-02-01,FRAUD AND FORGERY,0.0,0.0,-0.582509891579663,-1.073159331672987,-0.490649440093324
2022-03-01,FRAUD AND FORGERY,0.0,2.0,-0.582509891579663,-0.03832711898832091,0.5441827725913422
2022-04-01,FRAUD AND FORGERY,0.0,4.0,-0.582509891579663,0.9965050936963453,1.5790149852760083
2022-06-01,FRAUD AND FORGERY,0.0,2.0,-0.582509891579663,-0.03832711898832091,0.5441827725913422
2022-08-01,FRAUD AND FORGERY,0.0,5.0,-0.582509891579663,1.5139212000386784,2.0964310916183413
2022-09-01,FRAUD AND FORGERY,3.0,0.0,-0.08321569879709471,-1.073159331672987,-0.9899436328758924
2022-10-01,FRAUD AND FORGERY,0.0,2.0,-0.582509891579663,-0.03832711898832091,0.5441827725913422
2022-11-01,FRAUD AND FORGERY,0.0,2.0,-0.582509891579663,-0.03832711898832091,0.5441827725913422
2022-12-01,FRAUD AND FORGERY,3.0,2.0,-0.08321569879709471,-0.03832711898832091,0.0448885798087738
2023-01-01,FRAUD AND FORGERY,0.0,1.0,-0.582509891579663,-0.555743225330654,0.02676666624900903
2023-02-01,FRAUD AND FORGERY,1.0,2.0,-0.4160784939854736,-0.03832711898832091,0.37775137499715267
2023-03-01,FRAUD AND FORGERY,0.0,0.0,-0.582509891579663,-1.073159331672987,-0.490649440093324
2023-05-01,FRAUD AND FORGERY,0.0,10.0,-0.582509891579663,4.101001731750344,4.683511623330007
2023-06-01,FRAUD AND FORGERY,0.0,4.0,-0.582509891579663,0.9965050936963453,1.5790149852760083
2023-07-01,FRAUD AND FORGERY,0.0,0.0,-0.582509891579663,-1.073159331672987,-0.490649440093324
2023-08-01,FRAUD AND FORGERY,2.0,2.0,-0.24964709639128416,-0.03832711898832091,0.21131997740296324
2023-09-01,FRAUD AND FORGERY,1.0,1.0,-0.4160784939854736,-0.555743225330654,-0.13966473134518043
2023-10-01,FRAUD AND FORGERY,1.0,5.0,-0.4160784939854736,1.5139212000386784,1.929999694024152
2023-11-01,FRAUD AND FORGERY,1.0,2.0,-0.4160784939854736,-0.03832711898832091,0.37775137499715267
2023-12-01,FRAUD AND FORGERY,2.0,1.0,-0.24964709639128416,-0.555743225330654,-0.3060961289393699
2024-01-01,FRAUD AND FORGERY,0.0,3.0,-0.582509891579663,0.4790889873540122,1.0615988789336752
2024-02-01,FRAUD AND FORGERY,2.0,1.0,-0.24964709639128416,-0.555743225330654,-0.3060961289393699
2024-03-01,FRAUD AND FORGERY,27.0,2.0,3.9111378434634516,-0.03832711898832091,-3.9494649624517724
2024-04-01,FRAUD AND FORGERY,23.0,5.0,3.2454122530866942,1.5139212000386784,-1.7314910530480159
2024-05-01,FRAUD AND FORGERY,22.0,2.0,3.0789808554925044,-0.03832711898832091,-3.117307974480825
2024-06-01,FRAUD AND FORGERY,17.0,1.0,2.2468238675215573,-0.555743225330654,-2.802567092852211
2024-07-01,FRAUD AND FORGERY,11.0,1.0,1.2482354819564208,-0.555743225330654,-1.8039787072870748
2024-08-01,FRAUD AND FORGERY,7.0,2.0,0.582509891579663,-0.03832711898832091,-0.6208370105679839
2024-09-01,FRAUD AND FORGERY,9.0,1.0,0.915372686768042,-0.555743225330654,-1.4711159120986959
2024-10-01,FRAUD AND FORGERY,8.0,0.0,0.7489412891738525,-1.073159331672987,-1.8221006208468395
2024-11-01,FRAUD AND FORGERY,1.0,0.0,-0.4160784939854736,-1.073159331672987,-0.6570808376875135
2024-12-01,FRAUD AND FORGERY,5.0,3.0,0.24964709639128416,0.4790889873540122,0.22944189096272802
2025-01-01,FRAUD AND FORGERY,4.0,2.0,0.08321569879709471,-0.03832711898832091,-0.12154281778541562
2025-02-01,FRAUD AND FORGERY,5.0,2.0,0.24964709639128416,-0.03832711898832091,-0.28797421537960505
2025-03-01,FRAUD AND FORGERY,5.0,2.0,0.24964709639128416,-0.03832711898832091,-0.28797421537960505
2025-04-01,FRAUD AND FORGERY,5.0,1.0,0.24964709639128416,-0.555743225330654,-0.8053903217219381
2025-05-01,FRAUD AND FORGERY,2.0,1.0,-0.24964709639128416,-0.555743225330654,-0.3060961289393699
2025-06-01,FRAUD AND FORGERY,3.0,0.0,-0.08321569879709471,-1.073159331672987,-0.9899436328758924
2025-07-01,FRAUD AND FORGERY,1.0,1.0,-0.4160784939854736,-0.555743225330654,-0.13966473134518043
2025-08-01,FRAUD AND FORGERY,1.0,1.0,-0.4160784939854736,-0.555743225330654,-0.13966473134518043
2025-09-01,FRAUD AND FORGERY,0.0,0.0,-0.582509891579663,-1.073159331672987,-0.490649440093324
2025-10-01,FRAUD AND FORGERY,3.0,3.0,-0.08321569879709471,0.4790889873540122,0.5623046861511068
2025-11-01,FRAUD AND FORGERY,8.0,2.0,0.7489412891738525,-0.03832711898832091,-0.7872684081621734
2026-01-01,FRAUD AND FORGERY,5.0,1.0,0.24964709639128416,-0.555743225330654,-0.8053903217219381
2026-02-01,FRAUD AND FORGERY,0.0,2.0,-0.582509891579663,-0.03832711898832091,0.5441827725913422
2015-01-01,GUN CRIME,195.0,0.0,0.10721900669413895,-0.36014120303280994,-0.4673602097269489
2015-02-01,GUN CRIME,167.0,0.0,-0.4132023556815512,-0.36014120303280994,0.05306115264874128
2015-03-01,GUN CRIME,211.0,0.0,0.40460264233739046,-0.36014120303280994,-0.7647438453702005
2015-04-01,GUN CRIME,181.0,0.0,-0.15299167449370615,-0.36014120303280994,-0.2071495285391038
2015-05-01,GUN CRIME,208.0,0.0,0.3488432106542808,-0.36014120303280994,-0.7089844136870908
2015-06-01,GUN CRIME,179.0,1.0,-0.1901646289491126,2.0528048572870166,2.242969486236129
2015-07-01,GUN CRIME,200.0,0.0,0.20015139283265507,-0.36014120303280994,-0.560292595865465
2015-08-01,GUN CRIME,185.0,0.0,-0.07864576558289325,-0.36014120303280994,-0.2814954374499167
2015-09-01,GUN CRIME,170.0,0.0,-0.3574429239984416,-0.36014120303280994,-0.002698279034368367
2015-10-01,GUN CRIME,197.0,1.0,0.1443919611495454,2.0528048572870166,1.9084128961374711
2015-11-01,GUN CRIME,209.0,0.0,0.36742968788198405,-0.36014120303280994,-0.727570890914794
2015-12-01,GUN CRIME,166.0,0.0,-0.43178883290925446,-0.36014120303280994,0.07164762987644452
2016-01-01,GUN CRIME,155.0,0.0,-0.6362400824139899,-0.36014120303280994,0.27609887938117994
2016-02-01,GUN CRIME,127.0,0.0,-1.1566614447896801,-0.36014120303280994,0.7965202417568702
2016-03-01,GUN CRIME,158.0,0.0,-0.5804806507308802,-0.36014120303280994,0.22033944769807023
2016-04-01,GUN CRIME,199.0,0.0,0.18156491560495183,-0.36014120303280994,-0.5417061186377617
2016-05-01,GUN CRIME,220.0,0.0,0.5718809373867195,-0.36014120303280994,-0.9320221404195295
2016-06-01,GUN CRIME,253.0,0.0,1.1852346859009257,-0.36014120303280994,-1.5453758889337357
2016-07-01,GUN CRIME,323.0,0.0,2.486288091840151,-0.36014120303280994,-2.8464292948729613
2016-08-01,GUN CRIME,314.0,0.0,2.319009796790822,-0.36014120303280994,-2.679150999823632
2016-09-01,GUN CRIME,260.0,1.0,1.3153400264948483,2.0528048572870166,0.7374648307921683
2016-10-01,GUN CRIME,246.0,0.0,1.0551293453070032,-0.36014120303280994,-1.4152705483398131
2016-11-01,GUN CRIME,295.0,0.0,1.965866729464461,-0.36014120303280994,-2.326007932497271
2016-12-01,GUN CRIME,238.0,0.0,0.9064375274853774,-0.36014120303280994,-1.2665787305181873
2017-01-01,GUN CRIME,225.0,0.0,0.6648133235252356,-0.36014120303280994,-1.0249545265580455
2017-02-01,GUN CRIME,275.0,0.0,1.5941371849103967,-0.36014120303280994,-1.9542783879432066
2017-03-01,GUN CRIME,235.0,0.0,0.8506780958022678,-0.36014120303280994,-1.2108192988350779
2017-04-01,GUN CRIME,214.0,0.0,0.46036207402050017,-0.36014120303280994,-0.82050327705331
2017-05-01,GUN CRIME,256.0,0.0,1.2409941175840353,-0.36014120303280994,-1.6011353206168453
2017-06-01,GUN CRIME,287.0,0.0,1.8171749116428353,-0.36014120303280994,-2.1773161146756452
2017-07-01,GUN CRIME,355.0,0.0,3.081055363126654,-0.36014120303280994,-3.441196566159464
2017-08-01,GUN CRIME,259.0,0.0,1.2967535492671451,-0.36014120303280994,-1.656894752299955
2017-09-01,GUN CRIME,236.0,0.0,0.869264573029971,-0.36014120303280994,-1.229405776062781
2017-10-01,GUN CRIME,256.0,0.0,1.2409941175840353,-0.36014120303280994,-1.6011353206168453
2017-11-01,GUN CRIME,278.0,0.0,1.6498966165935063,-0.36014120303280994,-2.0100378196263162
2017-12-01,GUN CRIME,263.0,0.0,1.3710994581779579,-0.36014120303280994,-1.7312406612107678
2018-01-01,GUN CRIME,235.0,1.0,0.8506780958022678,2.0528048572870166,1.2021267614847488
2018-02-01,GUN CRIME,198.0,0.0,0.16297843837724862,-0.36014120303280994,-0.5231196414100585
2018-03-01,GUN CRIME,264.0,0.0,1.3896859354056612,-0.36014120303280994,-1.7498271384384712
2018-04-01,GUN CRIME,273.0,1.0,1.5569642304549902,2.0528048572870166,0.49584062683202634
2018-05-01,GUN CRIME,303.0,0.0,2.114558547286087,-0.36014120303280994,-2.474699750318897
2018-06-01,GUN CRIME,217.0,0.0,0.5161215057036098,-0.36014120303280994,-0.8762627087364198
2018-07-01,GUN CRIME,311.0,0.0,2.2632503651077127,-0.36014120303280994,-2.623391568140523
2018-08-01,GUN CRIME,244.0,0.0,1.0179563908515967,-0.36014120303280994,-1.3780975938844067
2018-09-01,GUN CRIME,279.0,2.0,1.6684830938212094,4.465750917606844,2.797267823785634
2018-10-01,GUN CRIME,270.0,0.0,1.5012047987718806,-0.36014120303280994,-1.8613460018046906
2018-11-01,GUN CRIME,282.0,0.0,1.7242425255043192,-0.36014120303280994,-2.084383728537129
2018-12-01,GUN CRIME,193.0,0.0,0.0700460522387325,-0.36014120303280994,-0.43018725527154245
2019-01-01,GUN CRIME,197.0,0.0,0.1443919611495454,-0.36014120303280994,-0.5045331641823554
2019-02-01,GUN CRIME,225.0,0.0,0.6648133235252356,-0.36014120303280994,-1.0249545265580455
2019-03-01,GUN CRIME,194.0,0.0,0.08863252946643572,-0.36014120303280994,-0.4487737324992457
2019-04-01,GUN CRIME,217.0,1.0,0.5161215057036098,2.0528048572870166,1.5366833515834069
2019-05-01,GUN CRIME,186.0,2.0,-0.06005928835519004,4.465750917606844,4.525810205962034
2019-06-01,GUN CRIME,222.0,0.0,0.6090538918421259,-0.36014120303280994,-0.9691950948749358
2019-07-01,GUN CRIME,251.0,1.0,1.1480617314455193,2.0528048572870166,0.9047431258414973
2019-08-01,GUN CRIME,226.0,0.0,0.6833998007529388,-0.36014120303280994,-1.0435410037857489
2019-09-01,GUN CRIME,212.0,0.0,0.4231891195650937,-0.36014120303280994,-0.7833303225979036
2019-10-01,GUN CRIME,257.0,0.0,1.2595805948117387,-0.36014120303280994,-1.6197217978445486
2019-11-01,GUN CRIME,220.0,1.0,0.5718809373867195,2.0528048572870166,1.480923919900297
2019-12-01,GUN CRIME,175.0,0.0,-0.26451053785992545,-0.36014120303280994,-0.09563066517288449
2020-01-01,GUN CRIME,229.0,0.0,0.7391592324360484,-0.36014120303280994,-1.0993004354688583
2020-02-01,GUN CRIME,164.0,0.0,-0.4689617873646609,-0.36014120303280994,0.10882058433185093
2020-03-01,GUN CRIME,166.0,0.0,-0.43178883290925446,-0.36014120303280994,0.07164762987644452
2020-04-01,GUN CRIME,90.0,0.0,-1.8443611022146993,-0.36014120303280994,1.4842198991818893
2020-05-01,GUN CRIME,160.0,1.0,-0.5433076962754738,2.0528048572870166,2.5961125535624903
2020-06-01,GUN CRIME,177.0,1.0,-0.227337583404519,2.0528048572870166,2.2801424406915354
2020-07-01,GUN CRIME,209.0,0.0,0.36742968788198405,-0.36014120303280994,-0.727570890914794
2020-08-01,GUN CRIME,205.0,0.0,0.29308377897117116,-0.36014120303280994,-0.653224982003981
2020-09-01,GUN CRIME,201.0,0.0,0.21873787006035827,-0.36014120303280994,-0.5788790730931682
2020-10-01,GUN CRIME,166.0,0.0,-0.43178883290925446,-0.36014120303280994,0.07164762987644452
2020-11-01,GUN CRIME,163.0,0.0,-0.4875482645923641,-0.36014120303280994,0.12740706155955417
2020-12-01,GUN CRIME,112.0,0.0,-1.4354586032052283,-0.36014120303280994,1.0753174001724184
2021-01-01,GUN CRIME,139.0,0.0,-0.9336237180572414,-0.36014120303280994,0.5734825150244315
2021-02-01,GUN CRIME,107.0,0.0,-1.5283909893437444,-0.36014120303280994,1.1682497863109345
2021-03-01,GUN CRIME,147.0,0.0,-0.7849319002356157,-0.36014120303280994,0.4247906972028057
2021-04-01,GUN CRIME,135.0,0.0,-1.0079696269680543,-0.36014120303280994,0.6478284239352443
2021-05-01,GUN CRIME,122.0,1.0,-1.2495938309281962,2.0528048572870166,3.302398688215213
2021-06-01,GUN CRIME,156.0,1.0,-0.6176536051862866,2.0528048572870166,2.670458462473303
2021-07-01,GUN CRIME,127.0,0.0,-1.1566614447896801,-0.36014120303280994,0.7965202417568702
2021-08-01,GUN CRIME,162.0,0.0,-0.5061347418200673,-0.36014120303280994,0.1459935387872574
2021-09-01,GUN CRIME,124.0,0.0,-1.2124208764727897,-0.36014120303280994,0.8522796734399798
2021-10-01,GUN CRIME,133.0,0.0,-1.0451425814234607,-0.36014120303280994,0.6850013783906508
2021-11-01,GUN CRIME,102.0,0.0,-1.6213233754822607,-0.36014120303280994,1.2611821724494507
2021-12-01,GUN CRIME,164.0,0.0,-0.4689617873646609,-0.36014120303280994,0.10882058433185093
2022-01-01,GUN CRIME,87.0,0.0,-1.9001205338978089,-0.36014120303280994,1.539979330864999
2022-02-01,GUN CRIME,119.0,0.0,-1.3053532626113058,-0.36014120303280994,0.9452120595784959
2022-03-01,GUN CRIME,109.0,0.0,-1.4912180348883382,-0.36014120303280994,1.1310768318555282
2022-04-01,GUN CRIME,121.0,0.0,-1.2681803081558993,-0.36014120303280994,0.9080391051230894
2022-05-01,GUN CRIME,153.0,0.0,-0.6734130368693964,-0.36014120303280994,0.3132718338365864
2022-06-01,GUN CRIME,130.0,0.0,-1.1009020131065703,-0.36014120303280994,0.7407608100737604
2022-07-01,GUN CRIME,175.0,0.0,-0.26451053785992545,-0.36014120303280994,-0.09563066517288449
2022-08-01,GUN CRIME,189.0,0.0,-0.004299856672080375,-0.36014120303280994,-0.35584134636072956
2022-09-01,GUN CRIME,131.0,0.0,-1.0823155358788672,-0.36014120303280994,0.7221743328460573
2022-10-01,GUN CRIME,207.0,0.0,0.3302567334265776,-0.36014120303280994,-0.6903979364593875
2022-11-01,GUN CRIME,112.0,0.0,-1.4354586032052283,-0.36014120303280994,1.0753174001724184
2022-12-01,GUN CRIME,118.0,0.0,-1.3239397398390091,-0.36014120303280994,0.9637985368061992
2023-01-01,GUN CRIME,176.0,1.0,-0.24592406063222225,2.0528048572870166,2.298728917919239
2023-02-01,GUN CRIME,139.0,0.0,-0.9336237180572414,-0.36014120303280994,0.5734825150244315
2023-03-01,GUN CRIME,129.0,0.0,-1.1194884903342737,-0.36014120303280994,0.7593472873014637
2023-04-01,GUN CRIME,141.0,0.0,-0.896450763601835,-0.36014120303280994,0.536309560569025
2023-05-01,GUN CRIME,140.0,2.0,-0.9150372408295382,4.465750917606844,5.380788158436382
2023-06-01,GUN CRIME,149.0,1.0,-0.7477589457802092,2.0528048572870166,2.8005638030672255
2023-07-01,GUN CRIME,141.0,0.0,-0.896450763601835,-0.36014120303280994,0.536309560569025
2023-08-01,GUN CRIME,148.0,0.0,-0.7663454230079124,-0.36014120303280994,0.4062042199751025
2023-09-01,GUN CRIME,174.0,0.0,-0.2830970150876287,-0.36014120303280994,-0.07704418794518125
2023-10-01,GUN CRIME,111.0,0.0,-1.4540450804329317,-0.36014120303280994,1.0939038774001217
2023-11-01,GUN CRIME,156.0,0.0,-0.6176536051862866,-0.36014120303280994,0.2575124021534767
2023-12-01,GUN CRIME,146.0,0.0,-0.8035183774633189,-0.36014120303280994,0.44337717443050895
2024-01-01,GUN CRIME,144.0,0.0,-0.8406913319187254,-0.36014120303280994,0.4805501288859154
2024-02-01,GUN CRIME,171.0,0.0,-0.33885644677073834,-0.36014120303280994,-0.021284756262071602
2024-03-01,GUN CRIME,183.0,0.0,-0.1158187200382997,-0.36014120303280994,-0.24432248299451026
2024-04-01,GUN CRIME,143.0,0.0,-0.8592778091464285,-0.36014120303280994,0.49913660611361854
2024-05-01,GUN CRIME,203.0,0.0,0.2559108245157647,-0.36014120303280994,-0.6160520275485746
2024-06-01,GUN CRIME,182.0,0.0,-0.13440519726600292,-0.36014120303280994,-0.22573600576680702
2024-07-01,GUN CRIME,180.0,0.0,-0.17157815172140936,-0.36014120303280994,-0.18856305131140058
2024-08-01,GUN CRIME,193.0,0.0,0.0700460522387325,-0.36014120303280994,-0.43018725527154245
2024-09-01,GUN CRIME,206.0,0.0,0.3116702561988744,-0.36014120303280994,-0.6718114592316844
2024-10-01,GUN CRIME,205.0,0.0,0.29308377897117116,-0.36014120303280994,-0.653224982003981
2024-11-01,GUN CRIME,194.0,0.0,0.08863252946643572,-0.36014120303280994,-0.4487737324992457
2024-12-01,GUN CRIME,193.0,0.0,0.0700460522387325,-0.36014120303280994,-0.43018725527154245
2025-01-01,GUN CRIME,175.0,0.0,-0.26451053785992545,-0.36014120303280994,-0.09563066517288449
2025-02-01,GUN CRIME,169.0,0.0,-0.3760294012261448,-0.36014120303280994,0.015888198193334868
2025-03-01,GUN CRIME,140.0,0.0,-0.9150372408295382,-0.36014120303280994,0.5548960377967282
2025-04-01,GUN CRIME,180.0,0.0,-0.17157815172140936,-0.36014120303280994,-0.18856305131140058
2025-05-01,GUN CRIME,158.0,0.0,-0.5804806507308802,-0.36014120303280994,0.22033944769807023
2025-06-01,GUN CRIME,209.0,0.0,0.36742968788198405,-0.36014120303280994,-0.727570890914794
2025-07-01,GUN CRIME,175.0,0.0,-0.26451053785992545,-0.36014120303280994,-0.09563066517288449
2025-08-01,GUN CRIME,132.0,0.0,-1.063729058651164,-0.36014120303280994,0.7035878556183541
2025-09-01,GUN CRIME,162.0,0.0,-0.5061347418200673,-0.36014120303280994,0.1459935387872574
2025-10-01,GUN CRIME,163.0,0.0,-0.4875482645923641,-0.36014120303280994,0.12740706155955417
2025-11-01,GUN CRIME,155.0,0.0,-0.6362400824139899,-0.36014120303280994,0.27609887938117994
2025-12-01,GUN CRIME,170.0,0.0,-0.3574429239984416,-0.36014120303280994,-0.002698279034368367
2026-01-01,GUN CRIME,129.0,0.0,-1.1194884903342737,-0.36014120303280994,0.7593472873014637
2026-02-01,GUN CRIME,136.0,0.0,-0.9893831497403511,-0.36014120303280994,0.6292419467075412
2015-01-01,HATE CRIME,3289.0,0.0,-2.0039796569652024,-0.6889157903110907,1.3150638666541117
2015-02-01,HATE CRIME,3298.0,0.0,-1.9956693637725056,-0.6889157903110907,1.3067535734614149
2015-03-01,HATE CRIME,3891.0,0.0,-1.4481133789648277,-0.6889157903110907,0.759197588653737
2015-04-01,HATE CRIME,3891.0,0.0,-1.4481133789648277,-0.6889157903110907,0.759197588653737
2015-05-01,HATE CRIME,4149.0,0.0,-1.2098849741075244,-0.6889157903110907,0.5209691837964336
2015-06-01,HATE CRIME,4156.0,1.0,-1.203421412735427,-0.4899616612126292,0.7134597515227978
2015-07-01,HATE CRIME,4330.0,0.0,-1.0427557443432922,-0.6889157903110907,0.3538399540322015
2015-08-01,HATE CRIME,4330.0,1.0,-1.0427557443432922,-0.4899616612126292,0.552794083130663
2015-09-01,HATE CRIME,3937.0,0.0,-1.4056385470910449,-0.6889157903110907,0.7167227567799541
2015-10-01,HATE CRIME,4387.0,2.0,-0.9901238874562135,-0.29100753211416763,0.6991163553420459
2015-11-01,HATE CRIME,4725.0,1.0,-0.6780262097749401,-0.4899616612126292,0.18806454856231092
2015-12-01,HATE CRIME,4520.0,2.0,-0.8673162213863633,-0.29100753211416763,0.5763086892721957
2016-01-01,HATE CRIME,3651.0,0.0,-1.6697211974367379,-0.6889157903110907,0.9808054071256471
2016-02-01,HATE CRIME,3845.0,2.0,-1.4905882108386104,-0.29100753211416763,1.1995806787244427
2016-03-01,HATE CRIME,4238.0,0.0,-1.1277054080908577,-0.6889157903110907,0.438789617779767
2016-04-01,HATE CRIME,4501.0,3.0,-0.8848601736820562,-0.09205340301570605,0.7928067706663501
2016-05-01,HATE CRIME,4927.0,11.0,-0.49150629589441575,1.4995796297719866,1.9910859256664022
2016-06-01,HATE CRIME,5362.0,6.0,-0.08984212491407866,0.5048089842796787,0.5946511091937573
2016-07-01,HATE CRIME,7414.0,6.0,1.8049047230207529,0.5048089842796787,-1.3000957387410743
2016-08-01,HATE CRIME,5608.0,2.0,0.1373058890196292,-0.29100753211416763,-0.42831342113379683
2016-09-01,HATE CRIME,5107.0,3.0,-0.32530043204048315,-0.09205340301570605,0.2332470290247771
2016-10-01,HATE CRIME,4783.0,0.0,-0.6244709869775618,-0.6889157903110907,-0.06444480333352898
2016-11-01,HATE CRIME,4454.0,1.0,-0.9282583714661385,-0.4899616612126292,0.43829671025350936
2016-12-01,HATE CRIME,4667.0,3.0,-0.7315814325723183,-0.09205340301570605,0.6395280295566123
2017-01-01,HATE CRIME,3953.0,2.0,-1.390864692526251,-0.29100753211416763,1.0998571604120833
2017-02-01,HATE CRIME,4027.0,1.0,-1.3225356151640786,-0.4899616612126292,0.8325739539514494
2017-03-01,HATE CRIME,5046.0,3.0,-0.3816257525687603,-0.09205340301570605,0.2895723495530542
2017-04-01,HATE CRIME,4887.0,3.0,-0.5284409323064008,-0.09205340301570605,0.4363875292906947
2017-05-01,HATE CRIME,5190.0,0.0,-0.24866106148561423,-0.6889157903110907,-0.4402547288254765
2017-06-01,HATE CRIME,6854.0,0.0,1.2878198132529626,-0.6889157903110907,-1.9767356035640533
2017-07-01,HATE CRIME,6158.0,3.0,0.6451571396844232,-0.09205340301570605,-0.7372105427001293
2017-08-01,HATE CRIME,5286.0,4.0,-0.1600179340968502,0.10690072608275551,0.2669186601796057
2017-09-01,HATE CRIME,4707.0,1.0,-0.6946467961603333,-0.4899616612126292,0.20468513494770413
2017-10-01,HATE CRIME,5023.0,1.0,-0.4028631685056517,-0.4899616612126292,-0.0870984927069775
2017-11-01,HATE CRIME,4237.0,1.0,-1.1286287740011574,-0.4899616612126292,0.6386671127885282
2017-12-01,HATE CRIME,3896.0,3.0,-1.4434965494133296,-0.09205340301570605,1.3514431463976235
2018-01-01,HATE CRIME,4092.0,10.0,-1.262516830994603,1.300625500673525,2.563142331668128
2018-02-01,HATE CRIME,3783.0,2.0,-1.5478368972771872,-0.29100753211416763,1.2568293651630196
2018-03-01,HATE CRIME,4974.0,11.0,-0.44810809811033336,1.4995796297719866,1.94768772788232
2018-04-01,HATE CRIME,4753.0,11.0,-0.6521719642865506,1.4995796297719866,2.151751594058537
2018-05-01,HATE CRIME,5317.0,4.0,-0.1313935908775618,0.10690072608275551,0.23829431696031733
2018-06-01,HATE CRIME,5600.0,4.0,0.1299189617372322,0.10690072608275551,-0.02301823565447668
2018-07-01,HATE CRIME,5761.0,1.0,0.2785808732954719,-0.4899616612126292,-0.7685425345081011
2018-08-01,HATE CRIME,4493.0,1.0,-0.8922471009644531,-0.4899616612126292,0.40228543975182396
2018-09-01,HATE CRIME,4658.0,7.0,-0.7398917257650149,0.7037631133781402,1.4436548391431552
2018-10-01,HATE CRIME,4718.0,7.0,-0.6844897711470375,0.7037631133781402,1.3882528845251776
2018-11-01,HATE CRIME,5032.0,1.0,-0.3945528753129551,-0.4899616612126292,-0.09540878589967411
2018-12-01,HATE CRIME,4789.0,2.0,-0.618930791515764,-0.29100753211416763,0.3279232594015964
2019-01-01,HATE CRIME,4328.0,1.0,-1.0446024761638915,-0.4899616612126292,0.5546408149512623
2019-02-01,HATE CRIME,4703.0,9.0,-0.6983402598015318,1.1016713715750635,1.8000116313765953
2019-03-01,HATE CRIME,5718.0,8.0,0.238876139152588,0.9027172424766019,0.6638411033240139
2019-04-01,HATE CRIME,5334.0,3.0,-0.11569637040246818,-0.09205340301570605,0.023642967386762123
2019-05-01,HATE CRIME,5442.0,7.0,-0.01597285209010862,0.7037631133781402,0.7197359654682488
2019-06-01,HATE CRIME,5625.0,2.0,0.15300310949472284,-0.29100753211416763,-0.4440106416088905
2019-07-01,HATE CRIME,6218.0,10.0,0.7005590943024007,1.300625500673525,0.6000664063711243
2019-08-01,HATE CRIME,5653.0,4.0,0.17885735498311234,0.10690072608275551,-0.07195662890035683
2019-09-01,HATE CRIME,5349.0,3.0,-0.1018458817479738,-0.09205340301570605,0.00979247873226774
2019-10-01,HATE CRIME,5703.0,0.0,0.22502565049809362,-0.6889157903110907,-0.9139414408091844
2019-11-01,HATE CRIME,5602.0,6.0,0.13176569355783146,0.5048089842796787,0.3730432907218472
2019-12-01,HATE CRIME,5375.0,3.0,-0.07783836808018353,-0.09205340301570605,-0.014215034935522522
2020-01-01,HATE CRIME,4990.0,6.0,-0.43333424354553934,0.5048089842796787,0.938143227825218
2020-02-01,HATE CRIME,5433.0,6.0,-0.02428314528280525,0.5048089842796787,0.529092129562484
2020-03-01,HATE CRIME,5347.0,2.0,-0.10369261356857304,-0.29100753211416763,-0.1873149185455946
2020-04-01,HATE CRIME,4412.0,2.0,-0.9670397396987228,-0.29100753211416763,0.6760322075845552
2020-05-01,HATE CRIME,5692.0,0.0,0.21486862548479774,-0.6889157903110907,-0.9037844157958885
2020-06-01,HATE CRIME,8281.0,44.0,2.605462967250528,8.065065890021218,5.45960292277069
2020-07-01,HATE CRIME,8091.0,7.0,2.430023444293599,0.7037631133781402,-1.726260330915459
2020-08-01,HATE CRIME,7488.0,4.0,1.873233800382925,0.10690072608275551,-1.7663330743001695
2020-09-01,HATE CRIME,6626.0,8.0,1.077292385704648,0.9027172424766019,-0.17457514322804601
2020-10-01,HATE CRIME,5777.0,8.0,0.2933547278602659,0.9027172424766019,0.609362514616336
2020-11-01,HATE CRIME,5443.0,2.0,-0.015049486179808997,-0.29100753211416763,-0.27595804593435863
2020-12-01,HATE CRIME,4829.0,0.0,-0.581996155103779,-0.6889157903110907,-0.10691963520731174
2021-01-01,HATE CRIME,4416.0,1.0,-0.9633462760575243,-0.4899616612126292,0.47338461484489514
2021-02-01,HATE CRIME,4520.0,1.0,-0.8673162213863633,-0.4899616612126292,0.37735456017373414
2021-03-01,HATE CRIME,6172.0,4.0,0.658084262428618,0.10690072608275551,-0.5511835363458625
2021-04-01,HATE CRIME,6296.0,2.0,0.7725816353057715,-0.29100753211416763,-1.0635891674199391
2021-05-01,HATE CRIME,7788.0,5.0,2.150243573472813,0.3058548551812171,-1.844388718291596
2021-06-01,HATE CRIME,7351.0,2.0,1.7467326706718764,-0.29100753211416763,-2.0377402027860443
2021-07-01,HATE CRIME,8159.0,4.0,2.492812326193974,0.10690072608275551,-2.385911600111218
2021-08-01,HATE CRIME,6295.0,2.0,0.7716582693954719,-0.29100753211416763,-1.0626658015096395
2021-09-01,HATE CRIME,6174.0,0.0,0.6599309942492172,-0.6889157903110907,-1.3488467845603078
2021-10-01,HATE CRIME,6653.0,3.0,1.1022232652827377,-0.09205340301570605,-1.1942766682984438
2021-11-01,HATE CRIME,6282.0,2.0,0.7596545125615768,-0.29100753211416763,-1.0506620446757444
2021-12-01,HATE CRIME,5733.0,5.0,0.2527266278070824,0.3058548551812171,0.053128227374134696
2022-01-01,HATE CRIME,5435.0,0.0,-0.022436413462206,-0.6889157903110907,-0.6664793768488847
2022-02-01,HATE CRIME,5360.0,4.0,-0.09168885673467791,0.10690072608275551,0.19858958281743344
2022-03-01,HATE CRIME,6430.0,2.0,0.8963126672859213,-0.29100753211416763,-1.187320199400089
2022-04-01,HATE CRIME,5889.0,0.0,0.396771709813824,-0.6889157903110907,-1.0856875001249147
2022-05-01,HATE CRIME,6430.0,3.0,0.8963126672859213,-0.09205340301570605,-0.9883660703016274
2022-06-01,HATE CRIME,6306.0,0.0,0.7818152944087677,-0.6889157903110907,-1.4707310847198585
2022-07-01,HATE CRIME,6672.0,0.0,1.1197672175784308,-0.6889157903110907,-1.8086830078895215
2022-08-01,HATE CRIME,6157.0,2.0,0.6442337737741236,-0.29100753211416763,-0.9352413058882912
2022-09-01,HATE CRIME,5270.0,1.0,-0.1747917886616442,-0.4899616612126292,-0.315169872550985
2022-10-01,HATE CRIME,5795.0,0.0,0.30997531424565916,-0.6889157903110907,-0.9988911045567499
2022-11-01,HATE CRIME,5591.0,9.0,0.12160866854453557,1.1016713715750635,0.9800627030305279
2022-12-01,HATE CRIME,4751.0,2.0,-0.6540186961071498,-0.29100753211416763,0.36301116399298217
2023-01-01,HATE CRIME,5156.0,4.0,-0.2800555024358015,0.10690072608275551,0.38695622851855704
2023-02-01,HATE CRIME,5184.0,2.0,-0.25420125694741197,-0.29100753211416763,-0.036806275166755664
2023-03-01,HATE CRIME,5724.0,7.0,0.24441633461438575,0.7037631133781402,0.4593467787637545
2023-04-01,HATE CRIME,5790.0,4.0,0.30535848469416105,0.10690072608275551,-0.19845775861140552
2023-05-01,HATE CRIME,6738.0,1.0,1.1807093676582059,-0.4899616612126292,-1.670671028870835
2023-06-01,HATE CRIME,6946.0,5.0,1.372769477000528,0.3058548551812171,-1.066914621819311
2023-07-01,HATE CRIME,6770.0,4.0,1.210257076787794,0.10690072608275551,-1.1033563507050386
2023-08-01,HATE CRIME,6469.0,0.0,0.9323239377876067,-0.6889157903110907,-1.6212397280986974
2023-09-01,HATE CRIME,6681.0,2.0,1.1280775107711274,-0.29100753211416763,-1.419085042885295
2023-10-01,HATE CRIME,8610.0,15.0,2.9092503517391046,2.295396146165833,-0.6138542055732716
2023-11-01,HATE CRIME,8618.0,27.0,2.916637279021502,4.682845695347371,1.7662084163258691
2023-12-01,HATE CRIME,6927.0,5.0,1.3552255247048353,0.3058548551812171,-1.0493706695236182
2024-01-01,HATE CRIME,6276.0,4.0,0.754114317099779,0.10690072608275551,-0.6472135910170236
2024-02-01,HATE CRIME,6050.0,7.0,0.5454336213720636,0.7037631133781402,0.1583294920060766
2024-03-01,HATE CRIME,5231.0,1.0,-0.2108030591633296,-0.4899616612126292,-0.2791586020492996
2024-04-01,HATE CRIME,5101.0,4.0,-0.3308406275022809,0.10690072608275551,0.4377413535850364
2024-05-01,HATE CRIME,5662.0,3.0,0.18716764817580897,-0.09205340301570605,-0.279221051191515
2024-06-01,HATE CRIME,5613.0,3.0,0.14192271857112734,-0.09205340301570605,-0.2339761215868334
2024-07-01,HATE CRIME,6116.0,0.0,0.606375771451839,-0.6889157903110907,-1.2952915617629297
2024-08-01,HATE CRIME,6883.0,5.0,1.3145974246516516,0.3058548551812171,-1.0087425694704346
2024-09-01,HATE CRIME,5343.0,2.0,-0.10738607720977154,-0.29100753211416763,-0.18362145490439608
2024-10-01,HATE CRIME,5351.0,4.0,-0.09999914992737453,0.10690072608275551,0.20689987601013005
2024-11-01,HATE CRIME,5218.0,1.0,-0.22280681599722474,-0.4899616612126292,-0.26715484521540445
2024-12-01,HATE CRIME,4383.0,0.0,-0.993817351097412,-0.6889157903110907,0.30490156078632125
2025-01-01,HATE CRIME,4542.0,1.0,-0.8470021713597715,-0.4899616612126292,0.35704051014714233
2025-02-01,HATE CRIME,4346.0,3.0,-1.027981889778498,-0.09205340301570605,0.935928486762792
2025-03-01,HATE CRIME,5160.0,0.0,-0.276362038794603,-0.6889157903110907,-0.4125537515164877
2025-04-01,HATE CRIME,5231.0,2.0,-0.2108030591633296,-0.29100753211416763,-0.08020447295083805
2025-05-01,HATE CRIME,5612.0,0.0,0.1409993526608277,-0.6889157903110907,-0.8299151429719185
2025-06-01,HATE CRIME,6136.0,1.0,0.6248430896578314,-0.4899616612126292,-1.1148047508704606
2025-07-01,HATE CRIME,6383.0,1.0,0.8529144695018389,-0.4899616612126292,-1.342876130714468
2025-08-01,HATE CRIME,6262.0,2.0,0.7411871943555842,-0.29100753211416763,-1.032194726469752
2025-09-01,HATE CRIME,6457.0,1.0,0.9212435468640112,-0.4899616612126292,-1.4112052080766404
2025-10-01,HATE CRIME,6708.0,9.0,1.1530083903492172,1.1016713715750635,-0.05133701877415375
2025-11-01,HATE CRIME,5568.0,4.0,0.10037125260764419,0.10690072608275551,0.006529473475111319
2025-12-01,HATE CRIME,4921.0,4.0,-0.4970464913562135,0.10690072608275551,0.603947217438969
2026-01-01,HATE CRIME,4732.0,0.0,-0.6715626484028427,-0.6889157903110907,-0.017353141908247993
2026-02-01,HATE CRIME,4570.0,0.0,-0.8211479258713821,-0.6889157903110907,0.13223213556029134
2015-01-01,KNIFE CRIME,1441.0,0.0,-0.9574052294047277,-1.250925362278992,-0.29352013287426426
2015-02-01,KNIFE CRIME,1380.0,0.0,-1.1785988513706476,-1.250925362278992,-0.07232651090834441
2015-03-01,KNIFE CRIME,1528.0,2.0,-0.6419323587320225,-1.0448725060461894,-0.40294014731416694
2015-04-01,KNIFE CRIME,1456.0,1.0,-0.903013355150813,-1.1478989341625907,-0.24488557901177765
2015-05-01,KNIFE CRIME,1586.0,0.0,-0.4316171116168856,-1.250925362278992,-0.8193082506621063
2015-06-01,KNIFE CRIME,1624.0,6.0,-0.29382436350696833,-0.6327667935805842,-0.33894243007361585
2015-07-01,KNIFE CRIME,1275.0,2.0,-1.5593419711480505,-1.0448725060461894,0.5144694651018611
2015-08-01,KNIFE CRIME,1582.0,1.0,-0.4461216114179295,-1.1478989341625907,-0.7017773227446612
2015-09-01,KNIFE CRIME,1375.0,9.0,-1.1967294761219525,-0.3236875092313803,0.8730419668905722
2015-10-01,KNIFE CRIME,1495.0,1.0,-0.7615944820906349,-1.1478989341625907,-0.38630445207195585
2015-11-01,KNIFE CRIME,1463.0,6.0,-0.8776304804989862,-0.6327667935805842,0.244863686918402
2015-12-01,KNIFE CRIME,1375.0,6.0,-1.1967294761219525,-0.6327667935805842,0.5639626825413683
2016-01-01,KNIFE CRIME,1432.0,9.0,-0.9900403539570766,-0.3236875092313803,0.6663528447256963
2016-02-01,KNIFE CRIME,1169.0,2.0,-1.9437112158757144,-1.0448725060461894,0.898838709829525
2016-03-01,KNIFE CRIME,1441.0,6.0,-0.9574052294047277,-0.6327667935805842,0.32463843582414353
2016-04-01,KNIFE CRIME,1414.0,2.0,-1.0553106030617743,-1.0448725060461894,0.010438097015584846
2016-05-01,KNIFE CRIME,1720.0,9.0,0.054283631718085784,-0.3236875092313803,-0.37797114094946604
2016-06-01,KNIFE CRIME,1687.0,6.0,-0.06537849164052657,-0.6327667935805842,-0.5673883019400576
2016-07-01,KNIFE CRIME,1859.0,2.0,0.558314999804362,-1.0448725060461894,-1.6031875058505514
2016-08-01,KNIFE CRIME,1845.0,18.0,0.5075492505007083,0.6035503438162314,0.09600109331552309
2016-09-01,KNIFE CRIME,1750.0,5.0,0.1630673802259152,-0.7357932216969855,-0.8988606019229006
2016-10-01,KNIFE CRIME,1826.0,10.0,0.4386528764457497,-0.22066108111497898,-0.6593139575607286
2016-11-01,KNIFE CRIME,1763.0,9.0,0.21020700457930794,-0.3236875092313803,-0.5338945138106882
2016-12-01,KNIFE CRIME,1693.0,7.0,-0.043621741938960686,-0.5297403654641829,-0.4861186235252222
2017-01-01,KNIFE CRIME,1901.0,6.0,0.7106122477153233,-0.6327667935805842,-1.3433790412959075
2017-02-01,KNIFE CRIME,1671.0,6.0,-0.12339649084470225,-0.6327667935805842,-0.5093703027358819
2017-03-01,KNIFE CRIME,2173.0,8.0,1.6969182341863098,-0.4267139373477816,-2.1236321715340916
2017-04-01,KNIFE CRIME,2042.0,6.0,1.2218958657021215,-0.6327667935805842,-1.8546626592827056
2017-05-01,KNIFE CRIME,1877.0,8.0,0.6235852489090598,-0.4267139373477816,-1.0502991862568414
2017-06-01,KNIFE CRIME,2209.0,10.0,1.8274587323957052,-0.22066108111497898,-2.0481198135106844
2017-07-01,KNIFE CRIME,2181.0,3.0,1.7259272337883977,-0.9418460779297881,-2.667773311718186
2017-08-01,KNIFE CRIME,2147.0,7.0,1.6026389854795244,-0.5297403654641829,-2.1323793509437072
2017-09-01,KNIFE CRIME,2028.0,8.0,1.1711301163984678,-0.4267139373477816,-1.5978440537462495
2017-10-01,KNIFE CRIME,2264.0,15.0,2.026895604660059,0.2944710594670275,-1.7324245451930316
2017-11-01,KNIFE CRIME,2136.0,2.0,1.5627516110266537,-1.0448725060461894,-2.6076241170728434
2017-12-01,KNIFE CRIME,1851.0,2.0,0.5293060002022743,-1.0448725060461894,-1.5741785062484637
2018-01-01,KNIFE CRIME,2018.0,9.0,1.134868866895858,-0.3236875092313803,-1.4585563761272382
2018-02-01,KNIFE CRIME,1634.0,27.0,-0.25756311400435855,1.5307881968638433,1.7883513108682019
2018-03-01,KNIFE CRIME,2027.0,26.0,1.1675039914482068,1.427761768747442,0.26025777729923516
2018-04-01,KNIFE CRIME,2091.0,26.0,1.3995759882649095,1.427761768747442,0.028185780482532508
2018-05-01,KNIFE CRIME,2093.0,20.0,1.4068282381654316,0.8096032000490341,-0.5972250381163975
2018-06-01,KNIFE CRIME,2206.0,27.0,1.8165803575449222,1.5307881968638433,-0.28579216068107893
2018-07-01,KNIFE CRIME,2116.0,8.0,1.490229112021434,-0.4267139373477816,-1.9169430493692157
2018-08-01,KNIFE CRIME,1951.0,19.0,0.8919184952283723,0.7065767719326328,-0.1853417232957395
2018-09-01,KNIFE CRIME,1709.0,19.0,0.014396257265215002,0.7065767719326328,0.6921805146674178
2018-10-01,KNIFE CRIME,1888.0,19.0,0.6634726233619305,0.7065767719326328,0.04310414857070233
2018-11-01,KNIFE CRIME,1823.0,42.0,0.42777450159496677,3.076184618609863,2.648410117014896
2018-12-01,KNIFE CRIME,1916.0,16.0,0.765004121969238,0.39749748758342884,-0.3675066343858091
2019-01-01,KNIFE CRIME,1918.0,32.0,0.7722563718697599,2.0459203374458497,1.2736639655760897
2019-02-01,KNIFE CRIME,1759.0,22.0,0.195702504778264,1.0156560562818366,0.8199535515035726
2019-03-01,KNIFE CRIME,1950.0,46.0,0.8882923702781113,3.488290331075468,2.599997960797357
2019-04-01,KNIFE CRIME,2090.0,19.0,1.3959498633146485,0.7065767719326328,-0.6893730913820157
2019-05-01,KNIFE CRIME,2072.0,9.0,1.3306796142099508,-0.3236875092313803,-1.654367123441331
2019-06-01,KNIFE CRIME,2024.0,25.0,1.1566256165974238,1.3247353406310405,0.16810972403361668
2019-07-01,KNIFE CRIME,1983.0,26.0,1.0079544936367237,1.427761768747442,0.41980727511071825
2019-08-01,KNIFE CRIME,1952.0,19.0,0.8955446201786332,0.7065767719326328,-0.18896784824600044
2019-09-01,KNIFE CRIME,1813.0,27.0,0.391513252092357,1.5307881968638433,1.1392749447714863
2019-10-01,KNIFE CRIME,2021.0,26.0,1.1457472417466408,1.427761768747442,0.2820145270008012
2019-11-01,KNIFE CRIME,2145.0,18.0,1.5953867355790023,0.6035503438162314,-0.9918363917627709
2019-12-01,KNIFE CRIME,1858.0,13.0,0.5546888748541011,0.08841820323422492,-0.46627067161987623
2020-01-01,KNIFE CRIME,1954.0,18.0,0.9027968700791552,0.6035503438162314,-0.2992465262629238
2020-02-01,KNIFE CRIME,1732.0,20.0,0.09779713112121755,0.8096032000490341,0.7118060689278165
2020-03-01,KNIFE CRIME,1583.0,5.0,-0.4424954864676685,-0.7357932216969855,-0.29329773522931696
2020-04-01,KNIFE CRIME,964.0,5.0,-2.6870668306792154,-0.7357932216969855,1.95127360898223
2020-05-01,KNIFE CRIME,1183.0,3.0,-1.8929454665720606,-0.9418460779297881,0.9510993886422725
2020-06-01,KNIFE CRIME,1478.0,15.0,-0.8232386062450715,0.2944710594670275,1.117709665712099
2020-07-01,KNIFE CRIME,1592.0,10.0,-0.4098603619153197,-0.22066108111497898,0.18919928080034074
2020-08-01,KNIFE CRIME,1753.0,2.0,0.17394575507669813,-1.0448725060461894,-1.2188182611228875
2020-09-01,KNIFE CRIME,1586.0,8.0,-0.4316171116168856,-0.4267139373477816,0.0049031742691039715
2020-10-01,KNIFE CRIME,1483.0,2.0,-0.8051079814937666,-1.0448725060461894,-0.2397645245524228
2020-11-01,KNIFE CRIME,1284.0,6.0,-1.5267068465957017,-0.6327667935805842,0.8939400530151175
2020-12-01,KNIFE CRIME,1282.0,5.0,-1.5339590964962235,-0.7357932216969855,0.7981658747992381
2021-01-01,KNIFE CRIME,1036.0,4.0,-2.425985834260425,-0.8388196498133869,1.5871661844470382
2021-02-01,KNIFE CRIME,1191.0,13.0,-1.863936466969973,0.08841820323422492,1.9523546702041978
2021-03-01,KNIFE CRIME,1372.0,11.0,-1.2076078509727355,-0.11763465299857769,1.0899731979741578
2021-04-01,KNIFE CRIME,1315.0,8.0,-1.4142969731376114,-0.4267139373477816,0.9875830357898298
2021-05-01,KNIFE CRIME,1311.0,5.0,-1.4288014729386551,-0.7357932216969855,0.6930082512416696
2021-06-01,KNIFE CRIME,1573.0,6.0,-0.47875673597027835,-0.6327667935805842,-0.15401005761030584
2021-07-01,KNIFE CRIME,1546.0,4.0,-0.5766621096273248,-0.8388196498133869,-0.2621575401860621
2021-08-01,KNIFE CRIME,1416.0,8.0,-1.0480583531612522,-0.4267139373477816,0.6213444158134706
2021-09-01,KNIFE CRIME,1600.0,2.0,-0.38085136231323186,-1.0448725060461894,-0.6640211437329575
2021-10-01,KNIFE CRIME,1447.0,12.0,-0.9356484797031619,-0.01460822488217638,0.9210402548209855
2021-11-01,KNIFE CRIME,1350.0,11.0,-1.287382599878477,-0.11763465299857769,1.1697479468798992
2021-12-01,KNIFE CRIME,1403.0,7.0,-1.095197977514645,-0.5297403654641829,0.5654576120504621
2022-01-01,KNIFE CRIME,1466.0,9.0,-0.8667521056482033,-0.3236875092313803,0.543064596416823
2022-02-01,KNIFE CRIME,1294.0,6.0,-1.4904455970930919,-0.6327667935805842,0.8576788035125077
2022-03-01,KNIFE CRIME,1363.0,5.0,-1.2402429755250841,-0.7357932216969855,0.5044497538280986
2022-04-01,KNIFE CRIME,1319.0,6.0,-1.3997924733365674,-0.6327667935805842,0.7670256797559832
2022-05-01,KNIFE CRIME,1527.0,5.0,-0.6455584836822834,-0.7357932216969855,-0.09023473801470205
2022-06-01,KNIFE CRIME,1519.0,3.0,-0.6745674832843713,-0.9418460779297881,-0.2672785946454168
2022-07-01,KNIFE CRIME,1615.0,6.0,-0.3264594880593172,-0.6327667935805842,-0.306307305521267
2022-08-01,KNIFE CRIME,1625.0,17.0,-0.29019823855670734,0.5005239156998301,0.7907221542565375
2022-09-01,KNIFE CRIME,1568.0,3.0,-0.49688736072158324,-0.9418460779297881,-0.4449587172082049
2022-10-01,KNIFE CRIME,1940.0,1.0,0.8520311207755015,-1.1478989341625907,-1.9999300549380923
2022-11-01,KNIFE CRIME,1616.0,5.0,-0.3228333631090562,-0.7357932216969855,-0.4129598585879293
2022-12-01,KNIFE CRIME,1453.0,4.0,-0.913891730001596,-0.8388196498133869,0.0750720801882091
2023-01-01,KNIFE CRIME,1623.0,3.0,-0.2974504884572293,-0.9418460779297881,-0.6443955894725588
2023-02-01,KNIFE CRIME,1691.0,3.0,-0.050873991839482643,-0.9418460779297881,-0.8909720860903055
2023-03-01,KNIFE CRIME,1607.0,8.0,-0.355468487661405,-0.4267139373477816,-0.07124544968637664
2023-04-01,KNIFE CRIME,1617.0,6.0,-0.3192072381587952,-0.6327667935805842,-0.313559555421789
2023-05-01,KNIFE CRIME,1731.0,31.0,0.09417100617095657,1.9428939093294484,1.8487229031584917
2023-06-01,KNIFE CRIME,1786.0,21.0,0.2936078784353105,0.9126296281654354,0.6190217497301249
2023-07-01,KNIFE CRIME,1851.0,14.0,0.5293060002022743,0.19144463135062623,-0.337861368851648
2023-08-01,KNIFE CRIME,1888.0,40.0,0.6634726233619305,2.8701317623770604,2.20665913901513
2023-09-01,KNIFE CRIME,1831.0,33.0,0.45678350119705463,2.148946765562251,1.6921632643651963
2023-10-01,KNIFE CRIME,1521.0,20.0,-0.6673152333838493,0.8096032000490341,1.4769184334328833
2023-11-01,KNIFE CRIME,1951.0,7.0,0.8919184952283723,-0.5297403654641829,-1.4216588606925553
2023-12-01,KNIFE CRIME,1914.0,19.0,0.757751872068716,0.7065767719326328,-0.051175100136083174
2024-01-01,KNIFE CRIME,1749.0,30.0,0.15944125527565423,1.839867481213047,1.680426225937393
2024-02-01,KNIFE CRIME,1729.0,21.0,0.0869187562704346,0.9126296281654354,0.8257108718950008
2024-03-01,KNIFE CRIME,1974.0,17.0,0.9753193690843748,0.5005239156998301,-0.47479545338454465
2024-04-01,KNIFE CRIME,1783.0,24.0,0.28272950358452753,1.2217089125146392,0.9389794089301117
2024-05-01,KNIFE CRIME,2180.0,22.0,1.7223011088381368,1.0156560562818366,-0.7066450525563002
2024-06-01,KNIFE CRIME,1953.0,11.0,0.8991707451288942,-0.11763465299857769,-1.0168053981274718
2024-07-01,KNIFE CRIME,1955.0,14.0,0.9064229950294161,0.19144463135062623,-0.7149783636787899
2024-08-01,KNIFE CRIME,2003.0,32.0,1.0804769926419433,2.0459203374458497,0.9654433448039064
2024-09-01,KNIFE CRIME,1905.0,10.0,0.7251167475163671,-0.22066108111497898,-0.9457778286313461
2024-10-01,KNIFE CRIME,2038.0,22.0,1.2073913659010775,1.0156560562818366,-0.1917353096192409
2024-11-01,KNIFE CRIME,1998.0,11.0,1.0623463678906384,-0.11763465299857769,-1.179981020889216
2024-12-01,KNIFE CRIME,1842.0,3.0,0.4966708756499254,-0.9418460779297881,-1.4385169535797135
2025-01-01,KNIFE CRIME,1676.0,24.0,-0.10526586609339735,1.2217089125146392,1.3269747786080366
2025-02-01,KNIFE CRIME,1563.0,17.0,-0.5150179854728881,0.5005239156998301,1.0155419011727183
2025-03-01,KNIFE CRIME,1691.0,12.0,-0.050873991839482643,-0.01460822488217638,0.03626576695730627
2025-04-01,KNIFE CRIME,1831.0,14.0,0.45678350119705463,0.19144463135062623,-0.2653388698464284
2025-05-01,KNIFE CRIME,1724.0,4.0,0.06878813151912971,-0.8388196498133869,-0.9076077813325165
2025-06-01,KNIFE CRIME,1836.0,7.0,0.4749141259483595,-0.5297403654641829,-1.0046544914125424
2025-07-01,KNIFE CRIME,1911.0,19.0,0.7468734972179331,0.7065767719326328,-0.04029672528530026
2025-08-01,KNIFE CRIME,1585.0,14.0,-0.4352432365671466,0.19144463135062623,0.6266878679177728
2025-09-01,KNIFE CRIME,1570.0,2.0,-0.48963511082106126,-1.0448725060461894,-0.5552373952251282
2025-10-01,KNIFE CRIME,1671.0,18.0,-0.12339649084470225,0.6035503438162314,0.7269468346609337
2025-11-01,KNIFE CRIME,1541.0,36.0,-0.5947927343786297,2.458026049911455,3.0528187842900847
2025-12-01,KNIFE CRIME,1362.0,17.0,-1.2438691004753453,0.5005239156998301,1.7443930161751755
2026-01-01,KNIFE CRIME,1516.0,10.0,-0.6854458581351542,-0.22066108111497898,0.4647847770201753
2026-02-01,KNIFE CRIME,1422.0,11.0,-1.0263016034596864,-0.11763465299857769,0.9086669504611087
2015-01-01,LETHAL BARREL DISCHARGE,15.0,0.0,-0.6479852386786542,-1.2125267889164535,-0.5645415502377993
2015-02-01,LETHAL BARREL DISCHARGE,16.0,0.0,-0.5511847682405944,-1.2125267889164535,-0.6613420206758591
2015-03-01,LETHAL BARREL DISCHARGE,19.0,2.0,-0.2607833569264149,-0.7611973730419959,-0.500414016115581
2015-04-01,LETHAL BARREL DISCHARGE,24.0,3.0,0.22321899526388425,-0.535532665104767,-0.7587516603686513
2015-05-01,LETHAL BARREL DISCHARGE,22.0,1.0,0.029618054387764586,-0.9868620809792248,-1.0164801353669894
2015-06-01,LETHAL BARREL DISCHARGE,15.0,0.0,-0.6479852386786542,-1.2125267889164535,-0.5645415502377993
2015-07-01,LETHAL BARREL DISCHARGE,22.0,5.0,0.029618054387764586,-0.08420324923030936,-0.11382130361807395
2015-08-01,LETHAL BARREL DISCHARGE,22.0,3.0,0.029618054387764586,-0.535532665104767,-0.5651507194925316
2015-09-01,LETHAL BARREL DISCHARGE,22.0,5.0,0.029618054387764586,-0.08420324923030936,-0.11382130361807395
2015-10-01,LETHAL BARREL DISCHARGE,13.0,3.0,-0.8415861795547739,-0.535532665104767,0.30605351445000684
2015-11-01,LETHAL BARREL DISCHARGE,13.0,17.0,-0.8415861795547739,2.623773246016437,3.4653594255712106
2015-12-01,LETHAL BARREL DISCHARGE,16.0,11.0,-0.5511847682405944,1.2697849983930638,1.8209697666336582
2016-01-01,LETHAL BARREL DISCHARGE,24.0,2.0,0.22321899526388425,-0.7611973730419959,-0.9844163683058801
2016-02-01,LETHAL BARREL DISCHARGE,17.0,3.0,-0.45438429780253453,-0.535532665104767,-0.08114836730223252
2016-03-01,LETHAL BARREL DISCHARGE,30.0,6.0,0.8040218178922433,0.14146145870691948,-0.6625603591853237
2016-04-01,LETHAL BARREL DISCHARGE,27.0,3.0,0.5136204065780637,-0.535532665104767,-1.0491530716828308
2016-05-01,LETHAL BARREL DISCHARGE,37.0,1.0,1.481625110958662,-0.9868620809792248,-2.4684871919378866
2016-06-01,LETHAL BARREL DISCHARGE,21.0,7.0,-0.06718241605029525,0.3671261666441483,0.43430858269444356
2016-07-01,LETHAL BARREL DISCHARGE,43.0,2.0,2.062427933587021,-0.7611973730419959,-2.823625306629017
2016-08-01,LETHAL BARREL DISCHARGE,50.0,9.0,2.7400312266534397,0.8184555825186061,-1.9215756441348337
2016-09-01,LETHAL BARREL DISCHARGE,24.0,8.0,0.22321899526388425,0.5927908745813771,0.3695718793174929
2016-10-01,LETHAL BARREL DISCHARGE,30.0,3.0,0.8040218178922433,-0.535532665104767,-1.3395544829970103
2016-11-01,LETHAL BARREL DISCHARGE,19.0,2.0,-0.2607833569264149,-0.7611973730419959,-0.500414016115581
2016-12-01,LETHAL BARREL DISCHARGE,12.0,3.0,-0.9383866499928337,-0.535532665104767,0.4028539848880667
2017-01-01,LETHAL BARREL DISCHARGE,15.0,4.0,-0.6479852386786542,-0.30986795716753823,0.338117281511116
2017-02-01,LETHAL BARREL DISCHARGE,22.0,6.0,0.029618054387764586,0.14146145870691948,0.11184340431915489
2017-03-01,LETHAL BARREL DISCHARGE,21.0,3.0,-0.06718241605029525,-0.535532665104767,-0.4683502490544718
2017-04-01,LETHAL BARREL DISCHARGE,26.0,2.0,0.4168199361400039,-0.7611973730419959,-1.1780173091819997
2017-05-01,LETHAL BARREL DISCHARGE,37.0,3.0,1.481625110958662,-0.535532665104767,-2.017157776063429
2017-06-01,LETHAL BARREL DISCHARGE,40.0,2.0,1.7720265222728415,-0.7611973730419959,-2.5332238953148374
2017-07-01,LETHAL BARREL DISCHARGE,44.0,1.0,2.1592284040250806,-0.9868620809792248,-3.146090485004305
2017-08-01,LETHAL BARREL DISCHARGE,50.0,4.0,2.7400312266534397,-0.30986795716753823,-3.049899183820978
2017-09-01,LETHAL BARREL DISCHARGE,21.0,4.0,-0.06718241605029525,-0.30986795716753823,-0.242685541117243
2017-10-01,LETHAL BARREL DISCHARGE,23.0,2.0,0.1264185248258244,-0.7611973730419959,-0.8876158978678202
2017-11-01,LETHAL BARREL DISCHARGE,26.0,10.0,0.4168199361400039,1.0441202904558349,0.627300354315831
2017-12-01,LETHAL BARREL DISCHARGE,27.0,3.0,0.5136204065780637,-0.535532665104767,-1.0491530716828308
2018-01-01,LETHAL BARREL DISCHARGE,34.0,2.0,1.1912236996444825,-0.7611973730419959,-1.9524210726864784
2018-02-01,LETHAL BARREL DISCHARGE,34.0,2.0,1.1912236996444825,-0.7611973730419959,-1.9524210726864784
2018-03-01,LETHAL BARREL DISCHARGE,40.0,8.0,1.7720265222728415,0.5927908745813771,-1.1792356476914643
2018-04-01,LETHAL BARREL DISCHARGE,24.0,19.0,0.22321899526388425,3.0751026618908948,2.8518836666270104
2018-05-01,LETHAL BARREL DISCHARGE,47.0,18.0,2.4496298153392604,2.849437953953666,0.39980813861440545
2018-06-01,LETHAL BARREL DISCHARGE,36.0,7.0,1.3848246405206022,0.3671261666441483,-1.0176984738764538
2018-07-01,LETHAL BARREL DISCHARGE,43.0,13.0,2.062427933587021,1.7211144142675214,-0.3413135193194996
2018-08-01,LETHAL BARREL DISCHARGE,33.0,10.0,1.0944232292064227,1.0441202904558349,-0.05030293875058778
2018-09-01,LETHAL BARREL DISCHARGE,26.0,20.0,0.4168199361400039,3.3007673698281237,2.8839474336881197
2018-10-01,LETHAL BARREL DISCHARGE,48.0,3.0,2.54643028577732,-0.535532665104767,-3.081962950882087
2018-11-01,LETHAL BARREL DISCHARGE,42.0,7.0,1.9656274631489612,0.3671261666441483,-1.5985012965048129
2018-12-01,LETHAL BARREL DISCHARGE,31.0,12.0,0.900822288330303,1.4954497063302925,0.5946274179999895
2019-01-01,LETHAL BARREL DISCHARGE,21.0,3.0,-0.06718241605029525,-0.535532665104767,-0.4683502490544718
2019-02-01,LETHAL BARREL DISCHARGE,19.0,8.0,-0.2607833569264149,0.5927908745813771,0.8535742315077921
2019-03-01,LETHAL BARREL DISCHARGE,23.0,6.0,0.1264185248258244,0.14146145870691948,0.015042933881095066
2019-04-01,LETHAL BARREL DISCHARGE,25.0,7.0,0.32001946570194406,0.3671261666441483,0.04710670094220426
2019-05-01,LETHAL BARREL DISCHARGE,17.0,5.0,-0.45438429780253453,-0.08420324923030936,0.37018104857222517
2019-06-01,LETHAL BARREL DISCHARGE,24.0,3.0,0.22321899526388425,-0.535532665104767,-0.7587516603686513
2019-07-01,LETHAL BARREL DISCHARGE,25.0,8.0,0.32001946570194406,0.5927908745813771,0.2727714088794331
2019-08-01,LETHAL BARREL DISCHARGE,32.0,7.0,0.9976227587683628,0.3671261666441483,-0.6304965921242145
2019-09-01,LETHAL BARREL DISCHARGE,20.0,8.0,-0.16398288648835507,0.5927908745813771,0.7567737610697323
2019-10-01,LETHAL BARREL DISCHARGE,17.0,3.0,-0.45438429780253453,-0.535532665104767,-0.08114836730223252
2019-11-01,LETHAL BARREL DISCHARGE,14.0,4.0,-0.744785709116714,-0.30986795716753823,0.4349177519491758
2019-12-01,LETHAL BARREL DISCHARGE,33.0,16.0,1.0944232292064227,2.398108538079208,1.3036853088727853
2020-01-01,LETHAL BARREL DISCHARGE,29.0,10.0,0.7072213474541834,1.0441202904558349,0.33689894300165146
2020-02-01,LETHAL BARREL DISCHARGE,25.0,9.0,0.32001946570194406,0.8184555825186061,0.498436116816662
2020-03-01,LETHAL BARREL DISCHARGE,22.0,5.0,0.029618054387764586,-0.08420324923030936,-0.11382130361807395
2020-04-01,LETHAL BARREL DISCHARGE,4.0,2.0,-1.7127904134973122,-0.7611973730419959,0.9515930404553163
2020-05-01,LETHAL BARREL DISCHARGE,21.0,8.0,-0.06718241605029525,0.5927908745813771,0.6599732906316724
2020-06-01,LETHAL BARREL DISCHARGE,39.0,6.0,1.6752260518347817,0.14146145870691948,-1.5337645931278623
2020-07-01,LETHAL BARREL DISCHARGE,45.0,6.0,2.2560288744631407,0.14146145870691948,-2.114567415756221
2020-08-01,LETHAL BARREL DISCHARGE,33.0,3.0,1.0944232292064227,-0.535532665104767,-1.6299558943111898
2020-09-01,LETHAL BARREL DISCHARGE,31.0,25.0,0.900822288330303,4.429090909514268,3.528268621183965
2020-10-01,LETHAL BARREL DISCHARGE,30.0,1.0,0.8040218178922433,-0.9868620809792248,-1.790883898871468
2020-11-01,LETHAL BARREL DISCHARGE,21.0,5.0,-0.06718241605029525,-0.08420324923030936,-0.017020833180014114
2020-12-01,LETHAL BARREL DISCHARGE,9.0,4.0,-1.2287880613070132,-0.30986795716753823,0.918920104139475
2021-01-01,LETHAL BARREL DISCHARGE,12.0,0.0,-0.9383866499928337,-1.2125267889164535,-0.27414013892361977
2021-02-01,LETHAL BARREL DISCHARGE,10.0,0.0,-1.1319875908689534,-1.2125267889164535,-0.0805391980475001
2021-03-01,LETHAL BARREL DISCHARGE,19.0,2.0,-0.2607833569264149,-0.7611973730419959,-0.500414016115581
2021-04-01,LETHAL BARREL DISCHARGE,17.0,1.0,-0.45438429780253453,-0.9868620809792248,-0.5324777831766903
2021-05-01,LETHAL BARREL DISCHARGE,19.0,12.0,-0.2607833569264149,1.4954497063302925,1.7562330632567074
2021-06-01,LETHAL BARREL DISCHARGE,28.0,11.0,0.6104208770161236,1.2697849983930638,0.6593641213769402
2021-07-01,LETHAL BARREL DISCHARGE,19.0,0.0,-0.2607833569264149,-1.2125267889164535,-0.9517434319900386
2021-08-01,LETHAL BARREL DISCHARGE,29.0,2.0,0.7072213474541834,-0.7611973730419959,-1.4684187204961794
2021-09-01,LETHAL BARREL DISCHARGE,18.0,4.0,-0.35758382736447475,-0.30986795716753823,0.047715870196936516
2021-10-01,LETHAL BARREL DISCHARGE,23.0,6.0,0.1264185248258244,0.14146145870691948,0.015042933881095066
2021-11-01,LETHAL BARREL DISCHARGE,11.0,4.0,-1.0351871204308936,-0.30986795716753823,0.7253191632633553
2021-12-01,LETHAL BARREL DISCHARGE,17.0,5.0,-0.45438429780253453,-0.08420324923030936,0.37018104857222517
2022-01-01,LETHAL BARREL DISCHARGE,7.0,3.0,-1.422389002183133,-0.535532665104767,0.8868563370783659
2022-02-01,LETHAL BARREL DISCHARGE,13.0,0.0,-0.8415861795547739,-1.2125267889164535,-0.3709406093616796
2022-03-01,LETHAL BARREL DISCHARGE,12.0,2.0,-0.9383866499928337,-0.7611973730419959,0.17718927695083786
2022-04-01,LETHAL BARREL DISCHARGE,10.0,1.0,-1.1319875908689534,-0.9868620809792248,0.1451255098897286
2022-05-01,LETHAL BARREL DISCHARGE,19.0,0.0,-0.2607833569264149,-1.2125267889164535,-0.9517434319900386
2022-06-01,LETHAL BARREL DISCHARGE,23.0,7.0,0.1264185248258244,0.3671261666441483,0.2407076418183239
2022-07-01,LETHAL BARREL DISCHARGE,28.0,6.0,0.6104208770161236,0.14146145870691948,-0.46895941830920407
2022-08-01,LETHAL BARREL DISCHARGE,39.0,3.0,1.6752260518347817,-0.535532665104767,-2.210758716939549
2022-09-01,LETHAL BARREL DISCHARGE,22.0,8.0,0.029618054387764586,0.5927908745813771,0.5631728201936126
2022-10-01,LETHAL BARREL DISCHARGE,26.0,11.0,0.4168199361400039,1.2697849983930638,0.8529650622530599
2022-11-01,LETHAL BARREL DISCHARGE,11.0,2.0,-1.0351871204308936,-0.7611973730419959,0.2739897473888977
2022-12-01,LETHAL BARREL DISCHARGE,19.0,5.0,-0.2607833569264149,-0.08420324923030936,0.17658010769610555
2023-01-01,LETHAL BARREL DISCHARGE,25.0,10.0,0.32001946570194406,1.0441202904558349,0.7241008247538908
2023-02-01,LETHAL BARREL DISCHARGE,17.0,4.0,-0.45438429780253453,-0.30986795716753823,0.1445163406349963
2023-03-01,LETHAL BARREL DISCHARGE,14.0,6.0,-0.744785709116714,0.14146145870691948,0.8862471678236336
2023-04-01,LETHAL BARREL DISCHARGE,17.0,11.0,-0.45438429780253453,1.2697849983930638,1.7241692961955983
2023-05-01,LETHAL BARREL DISCHARGE,24.0,3.0,0.22321899526388425,-0.535532665104767,-0.7587516603686513
2023-06-01,LETHAL BARREL DISCHARGE,14.0,11.0,-0.744785709116714,1.2697849983930638,2.014570707509778
2023-07-01,LETHAL BARREL DISCHARGE,13.0,5.0,-0.8415861795547739,-0.08420324923030936,0.7573829303244646
2023-08-01,LETHAL BARREL DISCHARGE,18.0,5.0,-0.35758382736447475,-0.08420324923030936,0.2733805781341654
2023-09-01,LETHAL BARREL DISCHARGE,12.0,8.0,-0.9383866499928337,0.5927908745813771,1.5311775245742107
2023-10-01,LETHAL BARREL DISCHARGE,25.0,2.0,0.32001946570194406,-0.7611973730419959,-1.08121683874394
2023-11-01,LETHAL BARREL DISCHARGE,12.0,4.0,-0.9383866499928337,-0.30986795716753823,0.6285186928252955
2023-12-01,LETHAL BARREL DISCHARGE,15.0,4.0,-0.6479852386786542,-0.30986795716753823,0.338117281511116
2024-01-01,LETHAL BARREL DISCHARGE,22.0,2.0,0.029618054387764586,-0.7611973730419959,-0.7908154274297604
2024-02-01,LETHAL BARREL DISCHARGE,5.0,3.0,-1.6159899430592526,-0.535532665104767,1.0804572779544857
2024-03-01,LETHAL BARREL DISCHARGE,8.0,10.0,-1.325588531745073,1.0441202904558349,2.369708822200908
2024-04-01,LETHAL BARREL DISCHARGE,15.0,8.0,-0.6479852386786542,0.5927908745813771,1.2407761132600315
2024-05-01,LETHAL BARREL DISCHARGE,19.0,8.0,-0.2607833569264149,0.5927908745813771,0.8535742315077921
2024-06-01,LETHAL BARREL DISCHARGE,19.0,3.0,-0.2607833569264149,-0.535532665104767,-0.27474930817835214
2024-07-01,LETHAL BARREL DISCHARGE,12.0,3.0,-0.9383866499928337,-0.535532665104767,0.4028539848880667
2024-08-01,LETHAL BARREL DISCHARGE,17.0,2.0,-0.45438429780253453,-0.7611973730419959,-0.30681307523946133
2024-09-01,LETHAL BARREL DISCHARGE,18.0,7.0,-0.35758382736447475,0.3671261666441483,0.724709994008623
2024-10-01,LETHAL BARREL DISCHARGE,14.0,12.0,-0.744785709116714,1.4954497063302925,2.2402354154470068
2024-11-01,LETHAL BARREL DISCHARGE,20.0,8.0,-0.16398288648835507,0.5927908745813771,0.7567737610697323
2024-12-01,LETHAL BARREL DISCHARGE,13.0,5.0,-0.8415861795547739,-0.08420324923030936,0.7573829303244646
2025-01-01,LETHAL BARREL DISCHARGE,12.0,2.0,-0.9383866499928337,-0.7611973730419959,0.17718927695083786
2025-02-01,LETHAL BARREL DISCHARGE,13.0,12.0,-0.8415861795547739,1.4954497063302925,2.3370358858850664
2025-03-01,LETHAL BARREL DISCHARGE,8.0,8.0,-1.325588531745073,0.5927908745813771,1.91837940632645
2025-04-01,LETHAL BARREL DISCHARGE,7.0,4.0,-1.422389002183133,-0.30986795716753823,1.1125210450155947
2025-05-01,LETHAL BARREL DISCHARGE,15.0,0.0,-0.6479852386786542,-1.2125267889164535,-0.5645415502377993
2025-06-01,LETHAL BARREL DISCHARGE,22.0,2.0,0.029618054387764586,-0.7611973730419959,-0.7908154274297604
2025-07-01,LETHAL BARREL DISCHARGE,12.0,2.0,-0.9383866499928337,-0.7611973730419959,0.17718927695083786
2025-08-01,LETHAL BARREL DISCHARGE,11.0,8.0,-1.0351871204308936,0.5927908745813771,1.6279779950122708
2025-09-01,LETHAL BARREL DISCHARGE,9.0,4.0,-1.2287880613070132,-0.30986795716753823,0.918920104139475
2025-10-01,LETHAL BARREL DISCHARGE,7.0,6.0,-1.422389002183133,0.14146145870691948,1.5638504608900523
2025-11-01,LETHAL BARREL DISCHARGE,6.0,2.0,-1.5191894726211927,-0.7611973730419959,0.7579920995791969
2025-12-01,LETHAL BARREL DISCHARGE,9.0,3.0,-1.2287880613070132,-0.535532665104767,0.6932553962022462
2026-01-01,LETHAL BARREL DISCHARGE,12.0,2.0,-0.9383866499928337,-0.7611973730419959,0.17718927695083786
2026-02-01,LETHAL BARREL DISCHARGE,3.0,0.0,-1.809590883935372,-1.2125267889164535,0.5970640950189186
2015-01-01,MISCELLANEOUS,2524.0,0.0,-0.7714457277385773,,
2015-02-01,MISCELLANEOUS,2277.0,0.0,-0.9254343214959512,,
2015-03-01,MISCELLANEOUS,2599.0,0.0,-0.7246880575693342,,
2015-04-01,MISCELLANEOUS,2581.0,0.0,-0.7359098984099526,,
2015-05-01,MISCELLANEOUS,2829.0,0.0,-0.5812978690503221,,
2015-06-01,MISCELLANEOUS,2139.0,0.0,-1.0114684346073584,,
2015-07-01,MISCELLANEOUS,2077.0,0.0,-1.050121441947266,,
2015-08-01,MISCELLANEOUS,1997.0,0.0,-1.099996290127792,,
2015-09-01,MISCELLANEOUS,2039.0,0.0,-1.0738119948330158,,
2015-10-01,MISCELLANEOUS,2149.0,0.0,-1.0052340785847926,,
2015-11-01,MISCELLANEOUS,2321.0,0.0,-0.8980031549966618,,
2015-12-01,MISCELLANEOUS,2518.0,0.0,-0.7751863413521167,,
2016-01-01,MISCELLANEOUS,2285.0,0.0,-0.9204468366778985,,
2016-02-01,MISCELLANEOUS,2046.0,0.0,-1.06944794561722,,
2016-03-01,MISCELLANEOUS,2113.0,0.0,-1.0276777602660294,,
2016-04-01,MISCELLANEOUS,1891.0,0.0,-1.1660804639669888,,
2016-05-01,MISCELLANEOUS,2185.0,0.0,-0.982790396903556,,
2016-06-01,MISCELLANEOUS,2404.0,0.0,-0.8462580000093662,,
2016-07-01,MISCELLANEOUS,2364.0,0.0,-0.8711954240996291,,
2016-08-01,MISCELLANEOUS,2290.0,0.0,-0.9173296586666156,,
2016-09-01,MISCELLANEOUS,2240.0,0.0,-0.9485014387794444,,
2016-10-01,MISCELLANEOUS,2280.0,0.0,-0.9235640146891814,,
2016-11-01,MISCELLANEOUS,2675.0,0.0,-0.6773069517978345,,
2016-12-01,MISCELLANEOUS,3093.0,0.0,-0.4167108700545865,,
2017-01-01,MISCELLANEOUS,2607.0,0.0,-0.7197005727512816,,
2017-02-01,MISCELLANEOUS,2699.0,0.0,-0.6623444973436767,,
2017-03-01,MISCELLANEOUS,3633.0,0.0,-0.08005564483603639,,
2017-04-01,MISCELLANEOUS,3272.0,0.0,-0.30511589725065974,,
2017-05-01,MISCELLANEOUS,3386.0,0.0,-0.23404423859341025,,
2017-06-01,MISCELLANEOUS,3217.0,0.0,-0.3394048553747713,,
2017-07-01,MISCELLANEOUS,3539.0,0.0,-0.13865859144815437,,
2017-08-01,MISCELLANEOUS,3289.0,0.0,-0.29451749201229793,,
2017-09-01,MISCELLANEOUS,3074.0,0.0,-0.42855614649746143,,
2017-10-01,MISCELLANEOUS,3442.0,0.0,-0.19913184486704208,,
2017-11-01,MISCELLANEOUS,3784.0,0.0,0.014083131104706326,,
2017-12-01,MISCELLANEOUS,3349.0,0.0,-0.2571113558769035,,
2018-01-01,MISCELLANEOUS,3025.0,0.0,-0.4591044910080336,,
2018-02-01,MISCELLANEOUS,2491.0,0.0,-0.7920191026130442,,
2018-03-01,MISCELLANEOUS,2757.0,0.0,-0.6261852324127954,,
2018-04-01,MISCELLANEOUS,2610.0,0.0,-0.7178302659445119,,
2018-05-01,MISCELLANEOUS,2273.0,0.0,-0.9279280639049774,,
2018-06-01,MISCELLANEOUS,2806.0,0.0,-0.5956368879022234,,
2018-07-01,MISCELLANEOUS,2631.0,0.0,-0.7047381182971239,,
2018-08-01,MISCELLANEOUS,2427.0,0.0,-0.831918981157465,,
2018-09-01,MISCELLANEOUS,2211.0,0.0,-0.966581071244885,,
2018-10-01,MISCELLANEOUS,2729.0,0.0,-0.6436414292759796,,
2018-11-01,MISCELLANEOUS,3125.0,0.0,-0.3967609307823761,,
2018-12-01,MISCELLANEOUS,3148.0,0.0,-0.3824219119304749,,
2019-01-01,MISCELLANEOUS,2815.0,0.0,-0.5900259674819142,,
2019-02-01,MISCELLANEOUS,3250.0,0.0,-0.31883148050030435,,
2019-03-01,MISCELLANEOUS,3599.0,0.0,-0.10125245531275992,,
2019-04-01,MISCELLANEOUS,3586.0,0.0,-0.10935711814209538,,
2019-05-01,MISCELLANEOUS,3237.0,0.0,-0.32693614332963983,,
2019-06-01,MISCELLANEOUS,3096.0,0.0,-0.41484056324781676,,
2019-07-01,MISCELLANEOUS,3392.0,0.0,-0.2303036249798708,,
2019-08-01,MISCELLANEOUS,3198.0,0.0,-0.3512501318176462,,
2019-09-01,MISCELLANEOUS,3340.0,0.0,-0.2627222762972127,,
2019-10-01,MISCELLANEOUS,4347.0,0.0,0.36507737517515765,,
2019-11-01,MISCELLANEOUS,4180.0,0.0,0.26096362959830977,,
2019-12-01,MISCELLANEOUS,3685.0,0.0,-0.04763699351869453,,
2020-01-01,MISCELLANEOUS,3597.0,0.0,-0.10249932651727307,,
2020-02-01,MISCELLANEOUS,3883.0,0.0,0.07580325572810719,,
2020-03-01,MISCELLANEOUS,3071.0,0.0,-0.4304264533042311,,
2020-04-01,MISCELLANEOUS,686.0,0.0,-1.9173203646861607,,
2020-05-01,MISCELLANEOUS,810.0,0.0,-1.8400143500063457,,
2020-06-01,MISCELLANEOUS,1076.0,0.0,-1.6741804798060969,,
2020-07-01,MISCELLANEOUS,1838.0,0.0,-1.1991225508865873,,
2020-08-01,MISCELLANEOUS,2433.0,0.0,-0.8281783675439256,,
2020-09-01,MISCELLANEOUS,2653.0,0.0,-0.6910225350474792,,
2020-10-01,MISCELLANEOUS,3413.0,0.0,-0.21721147733248275,,
2020-11-01,MISCELLANEOUS,2636.0,0.0,-0.701620940285841,,
2020-12-01,MISCELLANEOUS,3050.0,0.0,-0.4435186009516192,,
2021-01-01,MISCELLANEOUS,1744.0,0.0,-1.2577254974987053,,
2021-02-01,MISCELLANEOUS,1522.0,0.0,-1.3961282011996647,,
2021-03-01,MISCELLANEOUS,2007.0,0.0,-1.0937619341052263,,
2021-04-01,MISCELLANEOUS,2463.0,0.0,-0.8094752994762283,,
2021-05-01,MISCELLANEOUS,2921.0,0.0,-0.5239417936427173,,
2021-06-01,MISCELLANEOUS,2578.0,0.0,-0.7377802052167223,,
2021-07-01,MISCELLANEOUS,2773.0,0.0,-0.6162102627766903,,
2021-08-01,MISCELLANEOUS,2803.0,0.0,-0.597507194708993,,
2021-09-01,MISCELLANEOUS,3120.0,0.0,-0.399878108793659,,
2021-10-01,MISCELLANEOUS,4110.0,0.0,0.21732313744034953,,
2021-11-01,MISCELLANEOUS,4236.0,0.0,0.2958760233246779,,
2021-12-01,MISCELLANEOUS,3784.0,0.0,0.014083131104706326,,
2022-01-01,MISCELLANEOUS,3639.0,0.0,-0.07631503122249694,,
2022-02-01,MISCELLANEOUS,3689.0,0.0,-0.045143251109668235,,
2022-03-01,MISCELLANEOUS,4311.0,0.0,0.342633693493921,,
2022-04-01,MISCELLANEOUS,3844.0,0.0,0.051489267240100785,,
2022-05-01,MISCELLANEOUS,4042.0,0.0,0.1749295164869025,,
2022-06-01,MISCELLANEOUS,3726.0,0.0,-0.022076133826174984,,
2022-07-01,MISCELLANEOUS,3881.0,0.0,0.07455638452359403,,
2022-08-01,MISCELLANEOUS,3147.0,0.0,-0.3830453475327315,,
2022-09-01,MISCELLANEOUS,2909.0,0.0,-0.5314230208697962,,
2022-10-01,MISCELLANEOUS,4818.0,0.0,0.6587155438380041,,
2022-11-01,MISCELLANEOUS,4821.0,0.0,0.6605858506447738,,
2022-12-01,MISCELLANEOUS,5061.0,0.0,0.8102103951863517,,
2023-01-01,MISCELLANEOUS,4968.0,0.0,0.7522308841764903,,
2023-02-01,MISCELLANEOUS,5241.0,0.0,0.9224288035925351,,
2023-03-01,MISCELLANEOUS,4906.0,0.0,0.7135778768365827,,
2023-04-01,MISCELLANEOUS,5147.0,0.0,0.8638258569804171,,
2023-05-01,MISCELLANEOUS,5104.0,0.0,0.8370181260833844,,
2023-06-01,MISCELLANEOUS,4695.0,0.0,0.5820329647604455,,
2023-07-01,MISCELLANEOUS,4537.0,0.0,0.4835301396039068,,
2023-08-01,MISCELLANEOUS,4424.0,0.0,0.41308191654891385,,
2023-09-01,MISCELLANEOUS,4627.0,0.0,0.5396393438069984,,
2023-10-01,MISCELLANEOUS,5448.0,0.0,1.051479973259646,,
2023-11-01,MISCELLANEOUS,7689.0,0.0,2.448599157916629,,
2023-12-01,MISCELLANEOUS,7485.0,0.0,2.321418295056288,,
2024-01-01,MISCELLANEOUS,6539.0,0.0,1.7316482153215684,,
2024-02-01,MISCELLANEOUS,7061.0,0.0,2.0570815996995004,,
2024-03-01,MISCELLANEOUS,7330.0,0.0,2.224785776706519,,
2024-04-01,MISCELLANEOUS,6703.0,0.0,1.8338916540916468,,
2024-05-01,MISCELLANEOUS,5769.0,0.0,1.2516028015840064,,
2024-06-01,MISCELLANEOUS,5755.0,0.0,1.2428747031524143,,
2024-07-01,MISCELLANEOUS,5472.0,0.0,1.0664424277138038,,
2024-08-01,MISCELLANEOUS,5429.0,0.0,1.0396346968167711,,
2024-09-01,MISCELLANEOUS,5337.0,0.0,0.9822786214091662,,
2024-10-01,MISCELLANEOUS,7140.0,0.0,2.1063330122777697,,
2024-11-01,MISCELLANEOUS,8554.0,0.0,2.9878709538685655,,
2024-12-01,MISCELLANEOUS,7912.0,0.0,2.587625297219845,,
2025-01-01,MISCELLANEOUS,6348.0,0.0,1.6125720152905627,,
2025-02-01,MISCELLANEOUS,6656.0,0.0,1.8045901807855877,,
2025-03-01,MISCELLANEOUS,6885.0,0.0,1.9473569337023433,,
2025-04-01,MISCELLANEOUS,6304.0,0.0,1.5851408487912735,,
2025-05-01,MISCELLANEOUS,5849.0,0.0,1.3014776497645322,,
2025-06-01,MISCELLANEOUS,5736.0,0.0,1.2310294267095394,,
2025-07-01,MISCELLANEOUS,5404.0,0.0,1.0240488067603566,,
2025-08-01,MISCELLANEOUS,5006.0,0.0,0.7759214370622401,,
2025-09-01,MISCELLANEOUS,4746.0,0.0,0.6138281804755308,,
2025-10-01,MISCELLANEOUS,5165.0,0.0,0.8750476978210354,,
2025-11-01,MISCELLANEOUS,6389.0,0.0,1.6381328749830824,,
2025-12-01,MISCELLANEOUS,5980.0,0.0,1.3831477136601436,,
2026-01-01,MISCELLANEOUS,4929.0,0.0,0.727916895688484,,
2026-02-01,MISCELLANEOUS,5100.0,0.0,0.8345243836743581,,
2020-08-01,MISCELLANEOUS CRIMES AGAINST SOCIETY,889.0,0.0,-0.45666925570179606,-0.17541160386140583,0.2812576518403902
2020-09-01,MISCELLANEOUS CRIMES AGAINST SOCIETY,1069.0,1.0,1.1286592485479616,5.70087712549569,4.572217876947728
2020-10-01,MISCELLANEOUS CRIMES AGAINST SOCIETY,925.0,0.0,-0.1396035548518445,-0.17541160386140583,-0.03580804900956133
2020-11-01,MISCELLANEOUS CRIMES AGAINST SOCIETY,1060.0,0.0,1.049392823335474,-0.17541160386140583,-1.2248044271968797
2020-12-01,MISCELLANEOUS CRIMES AGAINST SOCIETY,860.0,0.0,-0.7120832924975904,-0.17541160386140583,0.5366716886361845
2021-01-01,MISCELLANEOUS CRIMES AGAINST SOCIETY,850.0,0.0,-0.8001570982892436,-0.17541160386140583,0.6247454944278378
2021-02-01,MISCELLANEOUS CRIMES AGAINST SOCIETY,841.0,1.0,-0.8794235235017315,5.70087712549569,6.580300648997421
2021-03-01,MISCELLANEOUS CRIMES AGAINST SOCIETY,997.0,0.0,0.4945278468480586,-0.17541160386140583,-0.6699394507094645
2021-04-01,MISCELLANEOUS CRIMES AGAINST SOCIETY,979.0,0.0,0.33599499642308284,-0.17541160386140583,-0.5114066002844887
2021-05-01,MISCELLANEOUS CRIMES AGAINST SOCIETY,1035.0,0.0,0.8292083088563408,-0.17541160386140583,-1.0046199127177466
2021-06-01,MISCELLANEOUS CRIMES AGAINST SOCIETY,879.0,0.0,-0.5447430614934493,-0.17541160386140583,0.36933145763204345
2021-07-01,MISCELLANEOUS CRIMES AGAINST SOCIETY,956.0,0.0,0.13342524310228043,-0.17541160386140583,-0.3088368469636863
2021-08-01,MISCELLANEOUS CRIMES AGAINST SOCIETY,837.0,0.0,-0.9146530458183928,-0.17541160386140583,0.7392414419569869
2021-09-01,MISCELLANEOUS CRIMES AGAINST SOCIETY,925.0,0.0,-0.1396035548518445,-0.17541160386140583,-0.03580804900956133
2021-10-01,MISCELLANEOUS CRIMES AGAINST SOCIETY,1025.0,0.0,0.7411345030646876,-0.17541160386140583,-0.9165461069260935
2021-11-01,MISCELLANEOUS CRIMES AGAINST SOCIETY,963.0,0.0,0.1950769071564377,-0.17541160386140583,-0.3704885110178435
2021-12-01,MISCELLANEOUS CRIMES AGAINST SOCIETY,862.0,0.0,-0.6944685313392598,-0.17541160386140583,0.5190569274778539
2022-01-01,MISCELLANEOUS CRIMES AGAINST SOCIETY,933.0,0.0,-0.06914451021852194,-0.17541160386140583,-0.10626709364288389
2022-02-01,MISCELLANEOUS CRIMES AGAINST SOCIETY,926.0,0.0,-0.1307961742726792,-0.17541160386140583,-0.044615429588726635
2022-03-01,MISCELLANEOUS CRIMES AGAINST SOCIETY,1122.0,0.0,1.5954504192437238,-0.17541160386140583,-1.7708620231051295
2022-04-01,MISCELLANEOUS CRIMES AGAINST SOCIETY,896.0,0.0,-0.39501759164763883,-0.17541160386140583,0.219605987786233
2022-05-01,MISCELLANEOUS CRIMES AGAINST SOCIETY,1067.0,0.0,1.111044487389631,-0.17541160386140583,-1.2864560912510368
2022-06-01,MISCELLANEOUS CRIMES AGAINST SOCIETY,1009.0,0.0,0.6002164137980425,-0.17541160386140583,-0.7756280176594483
2022-07-01,MISCELLANEOUS CRIMES AGAINST SOCIETY,1069.0,0.0,1.1286592485479616,-0.17541160386140583,-1.3040708524093674
2022-08-01,MISCELLANEOUS CRIMES AGAINST SOCIETY,1062.0,0.0,1.0670075844938045,-0.17541160386140583,-1.2424191883552103
2022-09-01,MISCELLANEOUS CRIMES AGAINST SOCIETY,918.0,0.0,-0.20125521890600176,-0.17541160386140583,0.025843615044595925
2022-10-01,MISCELLANEOUS CRIMES AGAINST SOCIETY,1016.0,0.0,0.6618680778521997,-0.17541160386140583,-0.8372796817136056
2022-11-01,MISCELLANEOUS CRIMES AGAINST SOCIETY,968.0,0.0,0.2391138100522643,-0.17541160386140583,-0.41452541391367015
2022-12-01,MISCELLANEOUS CRIMES AGAINST SOCIETY,817.0,0.0,-1.0908006574016993,-0.17541160386140583,0.9153890535402934
2023-01-01,MISCELLANEOUS CRIMES AGAINST SOCIETY,1008.0,0.0,0.5914090332188772,-0.17541160386140583,-0.766820637080283
2023-02-01,MISCELLANEOUS CRIMES AGAINST SOCIETY,934.0,0.0,-0.06033712963935662,-0.17541160386140583,-0.11507447422204922
2023-03-01,MISCELLANEOUS CRIMES AGAINST SOCIETY,1031.0,0.0,0.7939787865396796,-0.17541160386140583,-0.9693903904010854
2023-04-01,MISCELLANEOUS CRIMES AGAINST SOCIETY,875.0,0.0,-0.5799725838101105,-0.17541160386140583,0.40456097994870466
2023-05-01,MISCELLANEOUS CRIMES AGAINST SOCIETY,869.0,0.0,-0.6328168672851024,-0.17541160386140583,0.4574052634236966
2023-06-01,MISCELLANEOUS CRIMES AGAINST SOCIETY,858.0,0.0,-0.729698053655921,-0.17541160386140583,0.5542864497945151
2023-07-01,MISCELLANEOUS CRIMES AGAINST SOCIETY,817.0,0.0,-1.0908006574016993,-0.17541160386140583,0.9153890535402934
2023-08-01,MISCELLANEOUS CRIMES AGAINST SOCIETY,836.0,0.0,-0.9234604263975581,-0.17541160386140583,0.7480488225361522
2023-09-01,MISCELLANEOUS CRIMES AGAINST SOCIETY,844.0,0.0,-0.8530013817642356,-0.17541160386140583,0.6775897779028297
2023-10-01,MISCELLANEOUS CRIMES AGAINST SOCIETY,785.0,0.0,-1.3726368359349894,-0.17541160386140583,1.1972252320735837
2023-11-01,MISCELLANEOUS CRIMES AGAINST SOCIETY,776.0,0.0,-1.4519032611474774,-0.17541160386140583,1.2764916572860716
2023-12-01,MISCELLANEOUS CRIMES AGAINST SOCIETY,656.0,0.0,-2.5087889306473157,-0.17541160386140583,2.33337732678591
2024-01-01,MISCELLANEOUS CRIMES AGAINST SOCIETY,786.0,0.0,-1.3638294553558241,-0.17541160386140583,1.1884178514944184
2024-02-01,MISCELLANEOUS CRIMES AGAINST SOCIETY,703.0,0.0,-2.094842043426546,-0.17541160386140583,1.91943043956514
2024-03-01,MISCELLANEOUS CRIMES AGAINST SOCIETY,723.0,0.0,-1.9186944318432393,-0.17541160386140583,1.7432828279818335
2024-04-01,MISCELLANEOUS CRIMES AGAINST SOCIETY,740.0,0.0,-1.768968961997429,-0.17541160386140583,1.5935573581360232
2024-05-01,MISCELLANEOUS CRIMES AGAINST SOCIETY,784.0,0.0,-1.3814442165141547,-0.17541160386140583,1.206032612652749
2024-06-01,MISCELLANEOUS CRIMES AGAINST SOCIETY,844.0,0.0,-0.8530013817642356,-0.17541160386140583,0.6775897779028297
2024-07-01,MISCELLANEOUS CRIMES AGAINST SOCIETY,854.0,0.0,-0.7649275759725823,-0.17541160386140583,0.5895159721111765
2024-08-01,MISCELLANEOUS CRIMES AGAINST SOCIETY,919.0,0.0,-0.19244783832683643,-0.17541160386140583,0.017036234465430594
2024-09-01,MISCELLANEOUS CRIMES AGAINST SOCIETY,993.0,0.0,0.45929832453139735,-0.17541160386140583,-0.6347099283928032
2024-10-01,MISCELLANEOUS CRIMES AGAINST SOCIETY,1053.0,0.0,0.9877411592813166,-0.17541160386140583,-1.1631527631427223
2024-11-01,MISCELLANEOUS CRIMES AGAINST SOCIETY,1002.0,0.0,0.5385647497438852,-0.17541160386140583,-0.7139763536052911
2024-12-01,MISCELLANEOUS CRIMES AGAINST SOCIETY,938.0,0.0,-0.025107607322695333,-0.17541160386140583,-0.15030399653871052
2025-01-01,MISCELLANEOUS CRIMES AGAINST SOCIETY,1028.0,0.0,0.7675566448021836,-0.17541160386140583,-0.9429682486635894
2025-02-01,MISCELLANEOUS CRIMES AGAINST SOCIETY,888.0,0.0,-0.46547663628096136,-0.17541160386140583,0.2900650324195555
2025-03-01,MISCELLANEOUS CRIMES AGAINST SOCIETY,1083.0,0.0,1.2519625766562763,-0.17541160386140583,-1.427374180517682
2025-04-01,MISCELLANEOUS CRIMES AGAINST SOCIETY,1056.0,0.0,1.0141633010188125,-0.17541160386140583,-1.1895749048802182
2025-05-01,MISCELLANEOUS CRIMES AGAINST SOCIETY,1082.0,0.0,1.243155196077111,-0.17541160386140583,-1.4185667999385168
2025-06-01,MISCELLANEOUS CRIMES AGAINST SOCIETY,1108.0,0.0,1.4721470911354093,-0.17541160386140583,-1.647558694996815
2025-07-01,MISCELLANEOUS CRIMES AGAINST SOCIETY,1168.0,0.0,2.0005899258853286,-0.17541160386140583,-2.1760015297467343
2025-08-01,MISCELLANEOUS CRIMES AGAINST SOCIETY,1098.0,0.0,1.384073285343756,-0.17541160386140583,-1.5594848892051618
2025-09-01,MISCELLANEOUS CRIMES AGAINST SOCIETY,969.0,0.0,0.24792119063142962,-0.17541160386140583,-0.42333279449283545
2025-10-01,MISCELLANEOUS CRIMES AGAINST SOCIETY,1071.0,0.0,1.1462740097062925,-0.17541160386140583,-1.3216856135676982
2025-11-01,MISCELLANEOUS CRIMES AGAINST SOCIETY,999.0,0.0,0.5121426080063892,-0.17541160386140583,-0.6875542118677951
2025-12-01,MISCELLANEOUS CRIMES AGAINST SOCIETY,955.0,0.0,0.12461786252311513,-0.17541160386140583,-0.300029466384521
2026-01-01,MISCELLANEOUS CRIMES AGAINST SOCIETY,1041.0,0.0,0.8820525923313327,-0.17541160386140583,-1.0574641961927385
2026-02-01,MISCELLANEOUS CRIMES AGAINST SOCIETY,1108.0,0.0,1.4721470911354093,-0.17541160386140583,-1.647558694996815
2020-08-01,POSSESSION OF WEAPONS,543.0,3.0,0.47504885894078586,-0.2791515354125264,-0.7542003943533122
2020-09-01,POSSESSION OF WEAPONS,586.0,4.0,1.1812489428460524,0.0875769522862827,-1.0936719905597698
2020-10-01,POSSESSION OF WEAPONS,589.0,0.0,1.2305187161417686,-1.3793369985089539,-2.609855714650722
2020-11-01,POSSESSION OF WEAPONS,595.0,2.0,1.329058262733201,-0.6458800231113355,-1.9749382858445366
2020-12-01,POSSESSION OF WEAPONS,470.0,9.0,-0.7238489579216432,1.9212193907803283,2.6450683487019715
2021-01-01,POSSESSION OF WEAPONS,444.0,1.0,-1.150853659817851,-1.0126085108101446,0.13824514900770635
2021-02-01,POSSESSION OF WEAPONS,458.0,0.0,-0.9209280511045083,-1.3793369985089539,-0.4584089474044456
2021-03-01,POSSESSION OF WEAPONS,501.0,1.0,-0.2147279671992418,-1.0126085108101446,-0.7978805436109028
2021-04-01,POSSESSION OF WEAPONS,484.0,13.0,-0.49392334920830067,3.388133341575565,3.8820566907838656
2021-05-01,POSSESSION OF WEAPONS,502.0,3.0,-0.19830470943400305,-0.2791515354125264,-0.08084682597852336
2021-06-01,POSSESSION OF WEAPONS,511.0,2.0,-0.050495389546854265,-0.6458800231113355,-0.5953846335644812
2021-07-01,POSSESSION OF WEAPONS,529.0,5.0,0.24512325022744333,0.4543054399850918,0.2091821897576485
2021-08-01,POSSESSION OF WEAPONS,495.0,3.0,-0.31326751379067436,-0.2791515354125264,0.03411597837814795
2021-09-01,POSSESSION OF WEAPONS,475.0,2.0,-0.6417326690954495,-0.6458800231113355,-0.004147354015886062
2021-10-01,POSSESSION OF WEAPONS,560.0,1.0,0.7542442409498447,-1.0126085108101446,-1.7668527517599892
2021-11-01,POSSESSION OF WEAPONS,535.0,3.0,0.34366279681887585,-0.2791515354125264,-0.6228143322314023
2021-12-01,POSSESSION OF WEAPONS,496.0,2.0,-0.29684425602543557,-0.6458800231113355,-0.34903576708589995
2022-01-01,POSSESSION OF WEAPONS,560.0,2.0,0.7542442409498447,-0.6458800231113355,-1.4001242640611802
2022-02-01,POSSESSION OF WEAPONS,527.0,6.0,0.2122767346969658,0.8210339276839009,0.6087571929869351
2022-03-01,POSSESSION OF WEAPONS,569.0,3.0,0.9020535608369935,-0.2791515354125264,-1.18120509624952
2022-04-01,POSSESSION OF WEAPONS,537.0,2.0,0.37650931234935336,-0.6458800231113355,-1.022389335460689
2022-05-01,POSSESSION OF WEAPONS,541.0,0.0,0.4422023434103084,-1.3793369985089539,-1.8215393419192623
2022-06-01,POSSESSION OF WEAPONS,557.0,3.0,0.7049744676541284,-0.2791515354125264,-0.9841260030666548
2022-07-01,POSSESSION OF WEAPONS,520.0,0.0,0.09731393034029452,-1.3793369985089539,-1.4766509288492484
2022-08-01,POSSESSION OF WEAPONS,565.0,4.0,0.8363605297760385,0.0875769522862827,-0.7487835774897558
2022-09-01,POSSESSION OF WEAPONS,521.0,5.0,0.11373718810553328,0.4543054399850918,0.3405682518795585
2022-10-01,POSSESSION OF WEAPONS,541.0,0.0,0.4422023434103084,-1.3793369985089539,-1.8215393419192623
2022-11-01,POSSESSION OF WEAPONS,493.0,1.0,-0.3461140293211519,-1.0126085108101446,-0.6664944814889927
2022-12-01,POSSESSION OF WEAPONS,377.0,2.0,-2.2512119300888473,-0.6458800231113355,1.6053319069775118
2023-01-01,POSSESSION OF WEAPONS,580.0,7.0,1.0827093962546197,1.18776241538271,0.10505301912809029
2023-02-01,POSSESSION OF WEAPONS,474.0,4.0,-0.6581559268606881,0.0875769522862827,0.7457328791469708
2023-03-01,POSSESSION OF WEAPONS,563.0,3.0,0.803514014245561,-0.2791515354125264,-1.0826655496580875
2023-04-01,POSSESSION OF WEAPONS,534.0,5.0,0.3272395390536371,0.4543054399850918,0.1270659009314547
2023-05-01,POSSESSION OF WEAPONS,522.0,7.0,0.13016044587077202,1.18776241538271,1.0576019695119379
2023-06-01,POSSESSION OF WEAPONS,614.0,9.0,1.6411001602727375,1.9212193907803283,0.2801192305075908
2023-07-01,POSSESSION OF WEAPONS,638.0,6.0,2.0352583466384675,0.8210339276839009,-1.2142244189545666
2023-08-01,POSSESSION OF WEAPONS,595.0,2.0,1.329058262733201,-0.6458800231113355,-1.9749382858445366
2023-09-01,POSSESSION OF WEAPONS,507.0,11.0,-0.11618842060780929,2.6546763661779464,2.7708647867857557
2023-10-01,POSSESSION OF WEAPONS,454.0,5.0,-0.9866210821654633,0.4543054399850918,1.4409265221505552
2023-11-01,POSSESSION OF WEAPONS,424.0,2.0,-1.479318815122626,-0.6458800231113355,0.8334387920112905
2023-12-01,POSSESSION OF WEAPONS,452.0,3.0,-1.0194675976959409,-0.2791515354125264,0.7403160622834144
2024-01-01,POSSESSION OF WEAPONS,484.0,8.0,-0.49392334920830067,1.5544909030815193,2.04841425228982
2024-02-01,POSSESSION OF WEAPONS,446.0,2.0,-1.1180071442873734,-0.6458800231113355,0.47212712117603783
2024-03-01,POSSESSION OF WEAPONS,431.0,4.0,-1.3643560107659547,0.0875769522862827,1.4519329630522373
2024-04-01,POSSESSION OF WEAPONS,358.0,2.0,-2.5632538276283836,-0.6458800231113355,1.917373804517048
2024-05-01,POSSESSION OF WEAPONS,461.0,5.0,-0.871658277808792,0.4543054399850918,1.325963717793884
2024-06-01,POSSESSION OF WEAPONS,410.0,6.0,-1.7092444238359685,0.8210339276839009,2.5302783515198692
2024-07-01,POSSESSION OF WEAPONS,454.0,5.0,-0.9866210821654633,0.4543054399850918,1.4409265221505552
2024-08-01,POSSESSION OF WEAPONS,499.0,4.0,-0.24757448272971933,0.0875769522862827,0.33515143501600203
2024-09-01,POSSESSION OF WEAPONS,515.0,4.0,0.015197641514100755,0.0875769522862827,0.07237931077218195
2024-10-01,POSSESSION OF WEAPONS,512.0,4.0,-0.03407213178161551,0.0875769522862827,0.1216490840678982
2024-11-01,POSSESSION OF WEAPONS,455.0,1.0,-0.9701978244002245,-1.0126085108101446,-0.04241068640992007
2024-12-01,POSSESSION OF WEAPONS,418.0,3.0,-1.5778583617140585,-0.2791515354125264,1.298706826301532
2025-01-01,POSSESSION OF WEAPONS,424.0,2.0,-1.479318815122626,-0.6458800231113355,0.8334387920112905
2025-02-01,POSSESSION OF WEAPONS,412.0,3.0,-1.676397908305491,-0.2791515354125264,1.3972463728929645
2025-03-01,POSSESSION OF WEAPONS,542.0,5.0,0.4586256011755471,0.4543054399850918,-0.004320161190455307
2025-04-01,POSSESSION OF WEAPONS,582.0,2.0,1.1155559117850973,-0.6458800231113355,-1.7614359348964328
2025-05-01,POSSESSION OF WEAPONS,551.0,1.0,0.6064349210626959,-1.0126085108101446,-1.6190434318728406
2025-06-01,POSSESSION OF WEAPONS,611.0,1.0,1.5918303869770212,-1.0126085108101446,-2.6044388977871655
2025-07-01,POSSESSION OF WEAPONS,615.0,8.0,1.6575234180379763,1.5544909030815193,-0.10303251495645704
2025-08-01,POSSESSION OF WEAPONS,616.0,7.0,1.6739466758032149,1.18776241538271,-0.4861842604205049
2025-09-01,POSSESSION OF WEAPONS,533.0,4.0,0.31081628128839833,0.0875769522862827,-0.22323932900211563
2025-10-01,POSSESSION OF WEAPONS,510.0,5.0,-0.06691864731209302,0.4543054399850918,0.5212240872971848
2025-11-01,POSSESSION OF WEAPONS,567.0,10.0,0.869207045306516,2.2879478784791374,1.4187408331726212
2025-12-01,POSSESSION OF WEAPONS,543.0,4.0,0.47504885894078586,0.0875769522862827,-0.38747190665450315
2026-01-01,POSSESSION OF WEAPONS,529.0,3.0,0.24512325022744333,-0.2791515354125264,-0.5242747856399698
2026-02-01,POSSESSION OF WEAPONS,527.0,3.0,0.2122767346969658,-0.2791515354125264,-0.4914282701094922
2017-04-01,PUBLIC ORDER OFFENCES,3761.0,0.0,-1.2988229569274967,-0.44419063570668504,0.8546323212208117
2017-05-01,PUBLIC ORDER OFFENCES,4352.0,0.0,-0.2660717928587409,-0.44419063570668504,-0.17811884284794416
2017-06-01,PUBLIC ORDER OFFENCES,4970.0,0.0,0.8138608964720393,-0.44419063570668504,-1.2580515321787242
2017-07-01,PUBLIC ORDER OFFENCES,4957.0,0.0,0.7911438657903238,-0.44419063570668504,-1.2353345014970087
2017-08-01,PUBLIC ORDER OFFENCES,4222.0,2.0,-0.4932420996758953,0.8760426426437399,1.369284742319635
2017-09-01,PUBLIC ORDER OFFENCES,3978.0,1.0,-0.9196232909327081,0.21592600346852747,1.1355492944012355
2017-10-01,PUBLIC ORDER OFFENCES,4379.0,1.0,-0.2188902675967165,0.21592600346852747,0.434816271065244
2017-11-01,PUBLIC ORDER OFFENCES,3971.0,2.0,-0.9318555382228626,0.8760426426437399,1.8078981808666024
2017-12-01,PUBLIC ORDER OFFENCES,3363.0,3.0,-1.994313588567708,1.5361592818189524,3.53047287038666
2018-01-01,PUBLIC ORDER OFFENCES,3539.0,0.0,-1.6867599424152526,-0.44419063570668504,1.2425693067085675
2018-02-01,PUBLIC ORDER OFFENCES,3354.0,0.0,-2.0100407636550495,-0.44419063570668504,1.5658501279483645
2018-03-01,PUBLIC ORDER OFFENCES,3979.0,0.0,-0.9178758270341146,-0.44419063570668504,0.4736851913274296
2018-04-01,PUBLIC ORDER OFFENCES,3992.0,1.0,-0.8951587963523993,0.21592600346852747,1.1110847998209268
2018-05-01,PUBLIC ORDER OFFENCES,4404.0,0.0,-0.1752036701318791,-0.44419063570668504,-0.26898696557480595
2018-06-01,PUBLIC ORDER OFFENCES,4364.0,0.0,-0.24510222607561893,-0.44419063570668504,-0.1990884096310661
2018-07-01,PUBLIC ORDER OFFENCES,4961.0,2.0,0.7981337213846978,0.8760426426437399,0.07790892125904203
2018-08-01,PUBLIC ORDER OFFENCES,3956.0,2.0,-0.958067496701765,0.8760426426437399,1.8341101393455048
2018-09-01,PUBLIC ORDER OFFENCES,4032.0,3.0,-0.8252602404086594,1.5361592818189524,2.361419522227612
2018-10-01,PUBLIC ORDER OFFENCES,4118.0,1.0,-0.6749783451296189,0.21592600346852747,0.8909043485981463
2018-11-01,PUBLIC ORDER OFFENCES,3951.0,2.0,-0.9668048161947326,0.8760426426437399,1.8428474588384725
2018-12-01,PUBLIC ORDER OFFENCES,3689.0,0.0,-1.4246403576262283,-0.44419063570668504,0.9804497219195433
2019-01-01,PUBLIC ORDER OFFENCES,3538.0,0.0,-1.688507406313846,-0.44419063570668504,1.2443167706071612
2019-02-01,PUBLIC ORDER OFFENCES,3667.0,0.0,-1.4630845633952851,-0.44419063570668504,1.0188939276886
2019-03-01,PUBLIC ORDER OFFENCES,4464.0,1.0,-0.07035583621626938,0.21592600346852747,0.28628183968479687
2019-04-01,PUBLIC ORDER OFFENCES,4135.0,8.0,-0.6452714588535293,4.836742477695015,5.482013936548545
2019-05-01,PUBLIC ORDER OFFENCES,4576.0,0.0,0.1253601204262021,-0.44419063570668504,-0.5695507561328872
2019-06-01,PUBLIC ORDER OFFENCES,4640.0,0.0,0.2371978099361858,-0.44419063570668504,-0.6813884456428708
2019-07-01,PUBLIC ORDER OFFENCES,5289.0,3.0,1.3713018801233643,1.5361592818189524,0.16485740169558816
2019-08-01,PUBLIC ORDER OFFENCES,4676.0,2.0,0.30010651028555163,0.8760426426437399,0.5759361323581882
2019-09-01,PUBLIC ORDER OFFENCES,4472.0,0.0,-0.05637612502752142,-0.44419063570668504,-0.3878145106791636
2019-10-01,PUBLIC ORDER OFFENCES,4680.0,0.0,0.3070963658799256,-0.44419063570668504,-0.7512870015866107
2019-11-01,PUBLIC ORDER OFFENCES,4389.0,0.0,-0.20141562861078155,-0.44419063570668504,-0.2427750070959035
2019-12-01,PUBLIC ORDER OFFENCES,4128.0,0.0,-0.6575037061436838,-0.44419063570668504,0.21331307043699876
2020-01-01,PUBLIC ORDER OFFENCES,4240.0,0.0,-0.4617877495012124,-0.44419063570668504,0.01759711379452733
2020-02-01,PUBLIC ORDER OFFENCES,4051.0,1.0,-0.792058426335383,0.21592600346852747,1.0079844298039105
2020-03-01,PUBLIC ORDER OFFENCES,4090.0,1.0,-0.7239073342902367,0.21592600346852747,0.9398333377587642
2020-04-01,PUBLIC ORDER OFFENCES,3538.0,0.0,-1.688507406313846,-0.44419063570668504,1.2443167706071612
2020-05-01,PUBLIC ORDER OFFENCES,4345.0,0.0,-0.2783040401488953,-0.44419063570668504,-0.16588659555778973
2020-06-01,PUBLIC ORDER OFFENCES,5070.0,0.0,0.9886072863313888,-0.44419063570668504,-1.4327979220380738
2020-07-01,PUBLIC ORDER OFFENCES,5765.0,0.0,2.203094695853868,-0.44419063570668504,-2.647285331560553
2020-08-01,PUBLIC ORDER OFFENCES,5337.0,0.0,1.455180147255852,-0.44419063570668504,-1.8993707829625373
2020-09-01,PUBLIC ORDER OFFENCES,5096.0,1.0,1.0340413476948198,0.21592600346852747,-0.8181153442262923
2020-10-01,PUBLIC ORDER OFFENCES,4549.0,0.0,0.07817859516417772,-0.44419063570668504,-0.5223692308708627
2020-11-01,PUBLIC ORDER OFFENCES,4166.0,0.0,-0.591100077997131,-0.44419063570668504,0.146909442290446
2020-12-01,PUBLIC ORDER OFFENCES,3794.0,0.0,-1.2411566482739114,-0.44419063570668504,0.7969660125672263
2021-01-01,PUBLIC ORDER OFFENCES,3348.0,0.0,-2.0205255470466104,-0.44419063570668504,1.5763349113399254
2021-02-01,PUBLIC ORDER OFFENCES,3291.0,0.0,-2.1201309892664395,-0.44419063570668504,1.6759403535597546
2021-03-01,PUBLIC ORDER OFFENCES,4749.0,0.0,0.4276713748828768,-0.44419063570668504,-0.8718620105895618
2021-04-01,PUBLIC ORDER OFFENCES,4845.0,0.0,0.5954279091478524,-0.44419063570668504,-1.0396185448545374
2021-05-01,PUBLIC ORDER OFFENCES,5296.0,0.0,1.3835341274135189,-0.44419063570668504,-1.8277247631202038
2021-06-01,PUBLIC ORDER OFFENCES,5586.0,1.0,1.8902986580056325,0.21592600346852747,-1.674372654537105
2021-07-01,PUBLIC ORDER OFFENCES,5849.0,0.0,2.349881663335722,-0.44419063570668504,-2.7940722990424067
2021-08-01,PUBLIC ORDER OFFENCES,4695.0,0.0,0.33330832435882807,-0.44419063570668504,-0.7774989600655131
2021-09-01,PUBLIC ORDER OFFENCES,4979.0,0.0,0.8295880715593807,-0.44419063570668504,-1.2737787072660658
2021-10-01,PUBLIC ORDER OFFENCES,5098.0,0.0,1.0375362754920068,-0.44419063570668504,-1.4817269111986917
2021-11-01,PUBLIC ORDER OFFENCES,4766.0,0.0,0.45737826115896624,-0.44419063570668504,-0.9015688968656512
2021-12-01,PUBLIC ORDER OFFENCES,4145.0,0.0,-0.6277968198675944,-0.44419063570668504,0.18360618416090935
2022-01-01,PUBLIC ORDER OFFENCES,3967.0,0.0,-0.9388453938172366,-0.44419063570668504,0.4946547581105516
2022-02-01,PUBLIC ORDER OFFENCES,4018.0,0.0,-0.8497247349889684,-0.44419063570668504,0.40553409928228334
2022-03-01,PUBLIC ORDER OFFENCES,4773.0,0.0,0.46961050844912067,-0.44419063570668504,-0.9138011441558057
2022-04-01,PUBLIC ORDER OFFENCES,4383.0,0.0,-0.21190041200234253,-0.44419063570668504,-0.23229022370434252
2022-05-01,PUBLIC ORDER OFFENCES,5097.0,0.0,1.0357888115934133,-0.44419063570668504,-1.4799794473000984
2022-06-01,PUBLIC ORDER OFFENCES,5072.0,0.0,0.9921022141285758,-0.44419063570668504,-1.4362928498352607
2022-07-01,PUBLIC ORDER OFFENCES,5243.0,0.0,1.2909185407880635,-0.44419063570668504,-1.7351091764947486
2022-08-01,PUBLIC ORDER OFFENCES,5036.0,0.0,0.92919351377921,-0.44419063570668504,-1.373384149485895
2022-09-01,PUBLIC ORDER OFFENCES,4415.0,1.0,-0.15598156724735066,0.21592600346852747,0.3719075707158781
2022-10-01,PUBLIC ORDER OFFENCES,4696.0,0.0,0.33505578825742155,-0.44419063570668504,-0.7792464239641066
2022-11-01,PUBLIC ORDER OFFENCES,4488.0,1.0,-0.028416702650025497,0.21592600346852747,0.24434270611855297
2022-12-01,PUBLIC ORDER OFFENCES,3827.0,0.0,-1.183490339620326,-0.44419063570668504,0.739299703913641
2023-01-01,PUBLIC ORDER OFFENCES,4054.0,0.0,-0.7868160346396025,-0.44419063570668504,0.34262539893291744
2023-02-01,PUBLIC ORDER OFFENCES,4027.0,0.0,-0.8339975599016268,-0.44419063570668504,0.3898069241949418
2023-03-01,PUBLIC ORDER OFFENCES,4659.0,0.0,0.2703996240094622,-0.44419063570668504,-0.7145902597161473
2023-04-01,PUBLIC ORDER OFFENCES,4416.0,0.0,-0.15423410334875717,-0.44419063570668504,-0.28995653235792784
2023-05-01,PUBLIC ORDER OFFENCES,5241.0,0.0,1.2874236129908765,-0.44419063570668504,-1.7316142486975616
2023-06-01,PUBLIC ORDER OFFENCES,5608.0,0.0,1.9287428637746893,-0.44419063570668504,-2.372933499481374
2023-07-01,PUBLIC ORDER OFFENCES,5385.0,1.0,1.53905841438834,0.21592600346852747,-1.3231324109198124
2023-08-01,PUBLIC ORDER OFFENCES,4892.0,1.0,0.6775587123817467,0.21592600346852747,-0.4616327089132192
2023-09-01,PUBLIC ORDER OFFENCES,5302.0,0.0,1.3940189108050798,-0.44419063570668504,-1.8382095465117647
2023-10-01,PUBLIC ORDER OFFENCES,4861.0,2.0,0.6233873315253483,0.8760426426437399,0.25265531111839157
2023-11-01,PUBLIC ORDER OFFENCES,4883.0,2.0,0.6618315372944051,0.8760426426437399,0.21421110534933474
2023-12-01,PUBLIC ORDER OFFENCES,4506.0,0.0,0.003037647524657421,-0.44419063570668504,-0.44722828323134245
2024-01-01,PUBLIC ORDER OFFENCES,4146.0,0.0,-0.6260493559690009,-0.44419063570668504,0.18185872026231586
2024-02-01,PUBLIC ORDER OFFENCES,4395.0,1.0,-0.19093084521922057,0.21592600346852747,0.4068568486877481
2024-03-01,PUBLIC ORDER OFFENCES,4370.0,0.0,-0.23461744268405796,-0.44419063570668504,-0.20957319302262709
2024-04-01,PUBLIC ORDER OFFENCES,4265.0,1.0,-0.418101152036375,0.21592600346852747,0.6340271555049024
2024-05-01,PUBLIC ORDER OFFENCES,4965.0,0.0,0.8051235769790718,-0.44419063570668504,-1.2493142126857568
2024-06-01,PUBLIC ORDER OFFENCES,4941.0,1.0,0.7631844434128279,0.21592600346852747,-0.5472584399443003
2024-07-01,PUBLIC ORDER OFFENCES,5214.0,1.0,1.2402420877288522,0.21592600346852747,-1.0243160842603247
2024-08-01,PUBLIC ORDER OFFENCES,5152.0,11.0,1.1318993260160555,6.817092395220653,5.6851930692045975
2024-09-01,PUBLIC ORDER OFFENCES,4708.0,1.0,0.3560253550405435,0.21592600346852747,-0.14009935157201603
2024-10-01,PUBLIC ORDER OFFENCES,4864.0,0.0,0.6286297232211288,-0.44419063570668504,-1.0728203589278138
2024-11-01,PUBLIC ORDER OFFENCES,4479.0,0.0,-0.04414387773736696,-0.44419063570668504,-0.4000467579693181
2024-12-01,PUBLIC ORDER OFFENCES,3974.0,0.0,-0.9266131465270822,-0.44419063570668504,0.4824225108203971
2025-01-01,PUBLIC ORDER OFFENCES,4073.0,0.0,-0.7536142205663261,-0.44419063570668504,0.30942358485964105
2025-02-01,PUBLIC ORDER OFFENCES,3753.0,5.0,-1.3128026681162446,2.8563925601693776,4.169195228285622
2025-03-01,PUBLIC ORDER OFFENCES,4562.0,0.0,0.10089562584589316,-0.44419063570668504,-0.5450862615525782
2025-04-01,PUBLIC ORDER OFFENCES,4493.0,1.0,-0.019679383157058018,0.21592600346852747,0.2356053866255855
2025-05-01,PUBLIC ORDER OFFENCES,4990.0,0.0,0.8488101744439092,-0.44419063570668504,-1.2930008101505943
2025-06-01,PUBLIC ORDER OFFENCES,5199.0,1.0,1.2140301292499498,0.21592600346852747,-0.9981041257814223
2025-07-01,PUBLIC ORDER OFFENCES,5605.0,0.0,1.9235004720789088,-0.44419063570668504,-2.367691107785594
2025-08-01,PUBLIC ORDER OFFENCES,5005.0,2.0,0.8750221329228116,0.8760426426437399,0.0010205097209282643
2025-09-01,PUBLIC ORDER OFFENCES,4793.0,1.0,0.5045597864209906,0.21592600346852747,-0.28863378295246317
2025-10-01,PUBLIC ORDER OFFENCES,4846.0,0.0,0.5971753730464459,-0.44419063570668504,-1.041366008753131
2025-11-01,PUBLIC ORDER OFFENCES,4449.0,0.0,-0.09656779469517182,-0.44419063570668504,-0.3476228410115132
2025-12-01,PUBLIC ORDER OFFENCES,4247.0,0.0,-0.4495555022110579,-0.44419063570668504,0.005364866504372845
2026-01-01,PUBLIC ORDER OFFENCES,4018.0,0.0,-0.8497247349889684,-0.44419063570668504,0.40553409928228334
2026-02-01,PUBLIC ORDER OFFENCES,3967.0,0.0,-0.9388453938172366,-0.44419063570668504,0.4946547581105516
2017-04-01,ROBBERY,2498.0,4.0,-0.19454468420546084,0.36847886324266843,0.5630235474481293
2017-05-01,ROBBERY,2482.0,4.0,-0.22603976688723385,0.36847886324266843,0.5945186301299022
2017-06-01,ROBBERY,2508.0,2.0,-0.17486025752935275,-0.3232270730198846,-0.14836681549053188
2017-07-01,ROBBERY,2941.0,0.0,0.6774754175461286,-1.0149330092824376,-1.6924084268285662
2017-08-01,ROBBERY,2728.0,4.0,0.25819712934502576,0.36847886324266843,0.11028173389764268
2017-09-01,ROBBERY,2765.0,8.0,0.3310295080466258,1.7518907357677744,1.4208612277211485
2017-10-01,ROBBERY,3058.0,4.0,0.9077832096565935,0.36847886324266843,-0.5393043464139251
2017-11-01,ROBBERY,3159.0,2.0,1.1065959190852854,-0.3232270730198846,-1.4298229921051702
2017-12-01,ROBBERY,2825.0,2.0,0.4491360681032745,-0.3232270730198846,-0.7723631411231591
2018-01-01,ROBBERY,2885.0,4.0,0.5672426281599232,0.36847886324266843,-0.19876376491725478
2018-02-01,ROBBERY,2491.0,4.0,-0.20832378287873654,0.36847886324266843,0.576802646121405
2018-03-01,ROBBERY,2599.0,7.0,0.004268025223231102,1.406037767636498,1.401769742413267
2018-04-01,ROBBERY,2560.0,20.0,-0.07250123881359054,5.902126353343093,5.974627592156684
2018-05-01,ROBBERY,2609.0,1.0,0.023952451899339217,-0.6690800411511612,-0.6930324930505004
2018-06-01,ROBBERY,2894.0,6.0,0.5849586121684205,1.0601847995052214,0.4752261873368009
2018-07-01,ROBBERY,2970.0,6.0,0.7345602549068422,1.0601847995052214,0.3256245445983792
2018-08-01,ROBBERY,2556.0,11.0,-0.08037500948403378,2.789449640161604,2.8698246496456377
2018-09-01,ROBBERY,2658.0,6.0,0.12040614261226898,1.0601847995052214,0.9397786568929524
2018-10-01,ROBBERY,2936.0,5.0,0.6676332042080746,0.714331831373945,0.046698627165870366
2018-11-01,ROBBERY,3040.0,8.0,0.872351241639599,1.7518907357677744,0.8795394941281754
2018-12-01,ROBBERY,3005.0,6.0,0.8034557482732205,1.0601847995052214,0.25672905123200085
2019-01-01,ROBBERY,2969.0,3.0,0.7325918122392313,0.022625895111391885,-0.7099659171278394
2019-02-01,ROBBERY,2996.0,6.0,0.7857397642647233,1.0601847995052214,0.2744450352404981
2019-03-01,ROBBERY,3202.0,7.0,1.1912389537925503,1.406037767636498,0.2147988138439476
2019-04-01,ROBBERY,3441.0,4.0,1.6616967513515344,0.36847886324266843,-1.2932178881088658
2019-05-01,ROBBERY,3331.0,3.0,1.445168057914345,0.022625895111391885,-1.4225421628029533
2019-06-01,ROBBERY,3174.0,3.0,1.1361225590994477,0.022625895111391885,-1.113496663988056
2019-07-01,ROBBERY,3428.0,7.0,1.6361069966725938,1.406037767636498,-0.23006922903609595
2019-08-01,ROBBERY,3083.0,2.0,0.9569942763468638,-0.3232270730198846,-1.2802213493667485
2019-09-01,ROBBERY,3352.0,3.0,1.4865053539341722,0.022625895111391885,-1.4638794588227804
2019-10-01,ROBBERY,3750.0,8.0,2.269945535643275,1.7518907357677744,-0.5180547998755005
2019-11-01,ROBBERY,3839.0,4.0,2.4451369330606374,0.36847886324266843,-2.076658069817969
2019-12-01,ROBBERY,3366.0,7.0,1.5140635512807235,1.406037767636498,-0.10802578364422555
2020-01-01,ROBBERY,3365.0,8.0,1.5120951086131127,1.7518907357677744,0.23979562715466174
2020-02-01,ROBBERY,3215.0,5.0,1.2168287084714908,0.714331831373945,-0.5024968770975459
2020-03-01,ROBBERY,2719.0,2.0,0.24048114533652848,-0.3232270730198846,-0.563708218356413
2020-04-01,ROBBERY,1105.0,1.0,-2.936585320187321,-0.6690800411511612,2.26750527903616
2020-05-01,ROBBERY,1316.0,0.0,-2.52124391732144,-1.0149330092824376,1.5063109080390022
2020-06-01,ROBBERY,1716.0,1.0,-1.7338668502771153,-0.6690800411511612,1.064786809125954
2020-07-01,ROBBERY,2197.0,3.0,-0.787045927156315,0.022625895111391885,0.809671822267707
2020-08-01,ROBBERY,2495.0,0.0,-0.20045001220829328,-1.0149330092824376,-0.8144829970741443
2020-09-01,ROBBERY,2582.0,0.0,-0.02919550012615269,-1.0149330092824376,-0.9857375091562849
2020-10-01,ROBBERY,2443.0,3.0,-0.3028090309240555,0.022625895111391885,0.3254349260354474
2020-11-01,ROBBERY,2308.0,2.0,-0.568548791051515,-0.3232270730198846,0.2453217180316304
2020-12-01,ROBBERY,1998.0,0.0,-1.1787660180108666,-1.0149330092824376,0.16383300872842899
2021-01-01,ROBBERY,1449.0,2.0,-2.259441042529202,-0.3232270730198846,1.9362139695093177
2021-02-01,ROBBERY,1326.0,1.0,-2.501559490645332,-0.6690800411511612,1.8324794494941705
2021-03-01,ROBBERY,1636.0,4.0,-1.8913422636859802,0.36847886324266843,2.2598211269286486
2021-04-01,ROBBERY,1686.0,3.0,-1.7929201303054396,0.022625895111391885,1.8155460254168314
2021-05-01,ROBBERY,1748.0,0.0,-1.6708766849135694,-1.0149330092824376,0.6559436756311319
2021-06-01,ROBBERY,1891.0,1.0,-1.3893893834452233,-0.6690800411511612,0.7203093422940622
2021-07-01,ROBBERY,1863.0,2.0,-1.4445057781383261,-0.3232270730198846,1.1212787051184416
2021-08-01,ROBBERY,1912.0,1.0,-1.3480520874253963,-0.6690800411511612,0.6789720462742351
2021-09-01,ROBBERY,2182.0,1.0,-0.8165725671704772,-0.6690800411511612,0.14749252601931606
2021-10-01,ROBBERY,2223.0,1.0,-0.735866417798434,-0.6690800411511612,0.06678637664727283
2021-11-01,ROBBERY,2202.0,0.0,-0.777203713818261,-1.0149330092824376,-0.23772929546417654
2021-12-01,ROBBERY,1904.0,0.0,-1.3637996287662828,-1.0149330092824376,0.34886661948384523
2022-01-01,ROBBERY,1979.0,1.0,-1.2161664286954719,-0.6690800411511612,0.5470863875443107
2022-02-01,ROBBERY,1902.0,1.0,-1.3677365141015045,-0.6690800411511612,0.6986564729503434
2022-03-01,ROBBERY,1976.0,2.0,-1.2220717566983044,-0.3232270730198846,0.8988446836784197
2022-04-01,ROBBERY,1852.0,3.0,-1.466158647482045,0.022625895111391885,1.4887845425934367
2022-05-01,ROBBERY,2379.0,0.0,-0.4287893616511474,-1.0149330092824376,-0.5861436476312902
2022-06-01,ROBBERY,2320.0,2.0,-0.5449274790401852,-0.3232270730198846,0.2217004060203006
2022-07-01,ROBBERY,2342.0,2.0,-0.5016217403527474,-0.3232270730198846,0.1783946673328628
2022-08-01,ROBBERY,2244.0,0.0,-0.6945291217786069,-1.0149330092824376,-0.32040388750383064
2022-09-01,ROBBERY,2081.0,1.0,-1.015385276599169,-0.6690800411511612,0.34630523544800795
2022-10-01,ROBBERY,2634.0,3.0,0.0731635185896095,0.022625895111391885,-0.05053762347821761
2022-11-01,ROBBERY,2424.0,0.0,-0.3402094416086609,-1.0149330092824376,-0.6747235676737766
2022-12-01,ROBBERY,2255.0,1.0,-0.672876252434888,-0.6690800411511612,0.003796211283726869
2023-01-01,ROBBERY,2545.0,10.0,-0.10202787882775272,2.4435966720303273,2.54562455085808
2023-02-01,ROBBERY,2604.0,4.0,0.01411023856128516,0.36847886324266843,0.35436862468138325
2023-03-01,ROBBERY,2528.0,6.0,-0.1354914041771365,1.0601847995052214,1.1956762036823578
2023-04-01,ROBBERY,2493.0,2.0,-0.2043868975435149,-0.3232270730198846,-0.11884017547636971
2023-05-01,ROBBERY,2824.0,1.0,0.4471676254356637,-0.6690800411511612,-1.1162476665868248
2023-06-01,ROBBERY,2779.0,2.0,0.35858770539317714,-0.3232270730198846,-0.6818147784130617
2023-07-01,ROBBERY,2753.0,2.0,0.30740819603529607,-0.3232270730198846,-0.6306352690551806
2023-08-01,ROBBERY,2540.0,3.0,-0.11187009216580678,0.022625895111391885,0.13449598727719866
2023-09-01,ROBBERY,2760.0,0.0,0.3211872947085717,-1.0149330092824376,-1.3361203039910092
2023-10-01,ROBBERY,2622.0,3.0,0.04954220657827976,0.022625895111391885,-0.026916311466887877
2023-11-01,ROBBERY,3087.0,2.0,0.9648680470173071,-0.3232270730198846,-1.2880951200371917
2023-12-01,ROBBERY,3139.0,3.0,1.0672270657330694,0.022625895111391885,-1.0446011706216776
2024-01-01,ROBBERY,2908.0,1.0,0.6125168095149718,-0.6690800411511612,-1.281596850666133
2024-02-01,ROBBERY,2676.0,4.0,0.1558381106292636,0.36847886324266843,0.21264075261340484
2024-03-01,ROBBERY,2841.0,2.0,0.4806311507850475,-0.3232270730198846,-0.8038582238049321
2024-04-01,ROBBERY,2664.0,2.0,0.13221679861793384,-0.3232270730198846,-0.45544387163781846
2024-05-01,ROBBERY,3132.0,5.0,1.0534479670597936,0.714331831373945,-0.33911613568584864
2024-06-01,ROBBERY,2894.0,3.0,0.5849586121684205,0.022625895111391885,-0.5623327170570286
2024-07-01,ROBBERY,2752.0,2.0,0.30543975336768525,-0.3232270730198846,-0.6286668263875699
2024-08-01,ROBBERY,2839.0,1.0,0.47669426544982585,-0.6690800411511612,-1.1457743066009871
2024-09-01,ROBBERY,2803.0,1.0,0.40583032941583663,-0.6690800411511612,-1.0749103705669978
2024-10-01,ROBBERY,3130.0,0.0,1.0495110817245719,-1.0149330092824376,-2.0644440910070094
2024-11-01,ROBBERY,2922.0,1.0,0.6400750068615232,-0.6690800411511612,-1.3091550480126843
2024-12-01,ROBBERY,2751.0,0.0,0.30347131070007444,-1.0149330092824376,-1.318404319982512
2025-01-01,ROBBERY,2541.0,3.0,-0.10990164949819596,0.022625895111391885,0.13252754460958785
2025-02-01,ROBBERY,2474.0,3.0,-0.24178730822812033,0.022625895111391885,0.26441320333951224
2025-03-01,ROBBERY,2621.0,2.0,0.047573763910668955,-0.3232270730198846,-0.3708008369305536
2025-04-01,ROBBERY,2658.0,2.0,0.12040614261226898,-0.3232270730198846,-0.44363321563215363
2025-05-01,ROBBERY,2841.0,3.0,0.4806311507850475,0.022625895111391885,-0.4580052556736556
2025-06-01,ROBBERY,2825.0,2.0,0.4491360681032745,-0.3232270730198846,-0.7723631411231591
2025-07-01,ROBBERY,2897.0,0.0,0.5908639401712529,-1.0149330092824376,-1.6057969494536906
2025-08-01,ROBBERY,2745.0,2.0,0.29166065469440955,-0.3232270730198846,-0.6148877277142941
2025-09-01,ROBBERY,2579.0,0.0,-0.03510082812898513,-1.0149330092824376,-0.9798321811534525
2025-10-01,ROBBERY,2638.0,1.0,0.08103728926005274,-0.6690800411511612,-0.7501173304112139
2025-11-01,ROBBERY,2764.0,4.0,0.32906106537901497,0.36847886324266843,0.03941779786365346
2025-12-01,ROBBERY,2579.0,1.0,-0.03510082812898513,-0.6690800411511612,-0.633979213022176
2026-01-01,ROBBERY,2459.0,0.0,-0.2713139482422825,-1.0149330092824376,-0.7436190610401551
2026-02-01,ROBBERY,2287.0,3.0,-0.6098860870713421,0.022625895111391885,0.632511982182734
2017-04-01,SEXUAL OFFENCES,1441.0,5.0,-1.4321128221754478,-0.3295589949897263,1.1025538271857216
2017-05-01,SEXUAL OFFENCES,1706.0,6.0,-0.4801351619920075,-0.15754527565362528,0.32258988633838226
2017-06-01,SEXUAL OFFENCES,1813.0,0.0,-0.09575172938963727,-1.1896275916702315,-1.0938758622805942
2017-07-01,SEXUAL OFFENCES,1778.0,6.0,-0.2214846279044313,-0.15754527565362528,0.06393935225080602
2017-08-01,SEXUAL OFFENCES,1651.0,5.0,-0.6777154310866839,-0.3295589949897263,0.34815643609695757
2017-09-01,SEXUAL OFFENCES,1672.0,6.0,-0.6022756919778074,-0.15754527565362528,0.4447304163241821
2017-10-01,SEXUAL OFFENCES,1799.0,15.0,-0.14604488879555488,1.390578198371284,1.5366230871668387
2017-11-01,SEXUAL OFFENCES,1840.0,13.0,0.001242220893203809,1.046550759699082,1.045308538805878
2017-12-01,SEXUAL OFFENCES,1509.0,10.0,-1.1878317622038481,0.5305096016907788,1.718341363894627
2018-01-01,SEXUAL OFFENCES,1663.0,39.0,-0.6346070087387544,5.518907462437708,6.153514471176463
2018-02-01,SEXUAL OFFENCES,1538.0,23.0,-1.0836530748630187,2.7666879530600923,3.850341027923111
2018-03-01,SEXUAL OFFENCES,1684.0,8.0,-0.5591672696298781,0.18648216301857676,0.7456494326484548
2018-04-01,SEXUAL OFFENCES,1594.0,5.0,-0.8824804372393483,-0.3295589949897263,0.552921442249622
2018-05-01,SEXUAL OFFENCES,1803.0,7.0,-0.1316754146795784,0.014468443682475731,0.14614385836205415
2018-06-01,SEXUAL OFFENCES,1859.0,10.0,0.06949722294409198,0.5305096016907788,0.46101237874668677
2018-07-01,SEXUAL OFFENCES,2037.0,1.0,0.7089388211050444,-1.0176138723341304,-1.7265526934391748
2018-08-01,SEXUAL OFFENCES,1650.0,5.0,-0.6813077996156779,-0.3295589949897263,0.3517488046259516
2018-09-01,SEXUAL OFFENCES,1718.0,5.0,-0.4370267396440781,-0.3295589949897263,0.10746774465435183
2018-10-01,SEXUAL OFFENCES,1780.0,6.0,-0.21429989084644305,-0.15754527565362528,0.05675461519281777
2018-11-01,SEXUAL OFFENCES,1729.0,6.0,-0.3975106858251429,-0.15754527565362528,0.2399654101715176
2018-12-01,SEXUAL OFFENCES,1484.0,2.0,-1.2776409754287008,-0.8456001529980294,0.43204082243067143
2019-01-01,SEXUAL OFFENCES,1659.0,5.0,-0.6489764828547309,-0.3295589949897263,0.31941748786500457
2019-02-01,SEXUAL OFFENCES,1574.0,5.0,-0.9543278078192307,-0.3295589949897263,0.6247688128295044
2019-03-01,SEXUAL OFFENCES,1704.0,8.0,-0.48731989904999573,0.18648216301857676,0.6738020620685725
2019-04-01,SEXUAL OFFENCES,1596.0,19.0,-0.8752957001813602,2.078633075715688,2.9539287758970483
2019-05-01,SEXUAL OFFENCES,1697.0,32.0,-0.5124664787529546,4.314811427085002,4.827277905837956
2019-06-01,SEXUAL OFFENCES,1824.0,6.0,-0.05623567557070202,-0.15754527565362528,-0.10130960008292325
2019-07-01,SEXUAL OFFENCES,1850.0,5.0,0.037165906183144956,-0.3295589949897263,-0.36672490117287126
2019-08-01,SEXUAL OFFENCES,1555.0,3.0,-1.0225828098701188,-0.6735864336619284,0.34899637620819046
2019-09-01,SEXUAL OFFENCES,1611.0,2.0,-0.8214101722464484,-0.8456001529980294,-0.024189980751580964
2019-10-01,SEXUAL OFFENCES,1672.0,4.0,-0.6022756919778074,-0.5015727143258273,0.10070297765198011
2019-11-01,SEXUAL OFFENCES,1755.0,7.0,-0.30410910407129593,0.014468443682475731,0.3185775477537717
2019-12-01,SEXUAL OFFENCES,1529.0,14.0,-1.1159843916239658,1.2185644790351828,2.3345488706591486
2020-01-01,SEXUAL OFFENCES,1707.0,14.0,-0.4765427934630134,1.2185644790351828,1.6951072724981961
2020-02-01,SEXUAL OFFENCES,1804.0,7.0,-0.1280830461505843,0.014468443682475731,0.14255148983306004
2020-03-01,SEXUAL OFFENCES,1544.0,2.0,-1.062098863689054,-0.8456001529980294,0.21649871069102467
2020-04-01,SEXUAL OFFENCES,996.0,0.0,-3.030716817577829,-1.1896275916702315,1.8410892259075975
2020-05-01,SEXUAL OFFENCES,1277.0,2.0,-2.0212612609304825,-0.8456001529980294,1.175661107932453
2020-06-01,SEXUAL OFFENCES,1539.0,2.0,-1.0800607063340246,-0.8456001529980294,0.23446055333599525
2020-07-01,SEXUAL OFFENCES,1803.0,5.0,-0.1316754146795784,-0.3295589949897263,-0.19788358031014788
2020-08-01,SEXUAL OFFENCES,1602.0,13.0,-0.8537414890073954,1.046550759699082,1.9002922487064775
2020-09-01,SEXUAL OFFENCES,1583.0,5.0,-0.9219964910582836,-0.3295589949897263,0.5924374960685573
2020-10-01,SEXUAL OFFENCES,1632.0,4.0,-0.7459704331375719,-0.5015727143258273,0.24439771881174466
2020-11-01,SEXUAL OFFENCES,1518.0,1.0,-1.155500445442901,-1.0176138723341304,0.13788657310877062
2020-12-01,SEXUAL OFFENCES,1250.0,4.0,-2.1182552112133237,-0.5015727143258273,1.6166824968874964
2021-01-01,SEXUAL OFFENCES,1206.0,4.0,-2.276319426489065,-0.5015727143258273,1.7747467121632376
2021-02-01,SEXUAL OFFENCES,1305.0,7.0,-1.9206749421186473,0.014468443682475731,1.935143385801123
2021-03-01,SEXUAL OFFENCES,1933.0,4.0,0.33533249408965643,-0.5015727143258273,-0.8369052084154838
2021-04-01,SEXUAL OFFENCES,1640.0,2.0,-0.717231484905619,-0.8456001529980294,-0.12836866809241032
2021-05-01,SEXUAL OFFENCES,1922.0,5.0,0.2958164402707212,-0.3295589949897263,-0.6253754352604475
2021-06-01,SEXUAL OFFENCES,2034.0,7.0,0.698161715518062,0.014468443682475731,-0.6836932718355864
2021-07-01,SEXUAL OFFENCES,1987.0,3.0,0.5293203946553386,-0.6735864336619284,-1.202906828317267
2021-08-01,SEXUAL OFFENCES,1700.0,2.0,-0.5016893731659722,-0.8456001529980294,-0.3439107798320572
2021-09-01,SEXUAL OFFENCES,1983.0,4.0,0.5149509205393622,-0.5015727143258273,-1.0165236348651896
2021-10-01,SEXUAL OFFENCES,2197.0,8.0,1.2837177857441027,0.18648216301857676,-1.097235622725526
2021-11-01,SEXUAL OFFENCES,2097.0,1.0,0.9244809328446912,-1.0176138723341304,-1.9420948051788216
2021-12-01,SEXUAL OFFENCES,1649.0,3.0,-0.684900168144672,-0.6735864336619284,0.011313734482743643
2022-01-01,SEXUAL OFFENCES,1808.0,3.0,-0.11371357203460786,-0.6735864336619284,-0.5598728616273205
2022-02-01,SEXUAL OFFENCES,1786.0,8.0,-0.19274567967247838,0.18648216301857676,0.37922784269105514
2022-03-01,SEXUAL OFFENCES,2046.0,5.0,0.7412701378659914,-0.3295589949897263,-1.0708291328557178
2022-04-01,SEXUAL OFFENCES,1767.0,9.0,-0.26100068172336655,0.3584958823546778,0.6194965640780443
2022-05-01,SEXUAL OFFENCES,2107.0,13.0,0.9604046181346324,1.046550759699082,0.08614614156444955
2022-06-01,SEXUAL OFFENCES,1967.0,4.0,0.4574730240754563,-0.5015727143258273,-0.9590457384012836
2022-07-01,SEXUAL OFFENCES,2164.0,1.0,1.1651696242872969,-1.0176138723341304,-2.1827834966214272
2022-08-01,SEXUAL OFFENCES,1919.0,0.0,0.2850393346837388,-1.1896275916702315,-1.4746669263539702
2022-09-01,SEXUAL OFFENCES,1884.0,4.0,0.15930643616894485,-0.5015727143258273,-0.6608791504947722
2022-10-01,SEXUAL OFFENCES,1938.0,5.0,0.353294336734627,-0.3295589949897263,-0.6828533317243533
2022-11-01,SEXUAL OFFENCES,1911.0,2.0,0.25630038645178593,-0.8456001529980294,-1.1019005394498154
2022-12-01,SEXUAL OFFENCES,1596.0,6.0,-0.8752957001813602,-0.15754527565362528,0.7177504245277349
2023-01-01,SEXUAL OFFENCES,1833.0,11.0,-0.023904358809754993,0.7025233210268798,0.7264276798366347
2023-02-01,SEXUAL OFFENCES,1696.0,10.0,-0.5160588472819486,0.5305096016907788,1.0465684489727274
2023-03-01,SEXUAL OFFENCES,1941.0,7.0,0.3640714423216094,0.014468443682475731,-0.34960299863913363
2023-04-01,SEXUAL OFFENCES,1731.0,9.0,-0.39032594876715465,0.3584958823546778,0.7488218311218324
2023-05-01,SEXUAL OFFENCES,2098.0,8.0,0.9280733013736854,0.18648216301857676,-0.7415911383551086
2023-06-01,SEXUAL OFFENCES,1992.0,8.0,0.5472822373003092,0.18648216301857676,-0.36080007428173244
2023-07-01,SEXUAL OFFENCES,2024.0,12.0,0.6622380302281209,0.8745370403629809,0.21229901013485997
2023-08-01,SEXUAL OFFENCES,1862.0,4.0,0.08027432853107433,-0.5015727143258273,-0.5818470428569016
2023-09-01,SEXUAL OFFENCES,2058.0,11.0,0.7843785602139207,0.7025233210268798,-0.08185523918704096
2023-10-01,SEXUAL OFFENCES,1752.0,3.0,-0.31488620965827824,-0.6735864336619284,-0.35870022400365015
2023-11-01,SEXUAL OFFENCES,1747.0,3.0,-0.3328480523032488,-0.6735864336619284,-0.34073838135867957
2023-12-01,SEXUAL OFFENCES,1711.0,3.0,-0.4621733193470369,-0.6735864336619284,-0.21141311431489146
2024-01-01,SEXUAL OFFENCES,1723.0,1.0,-0.4190648969991076,-1.0176138723341304,-0.5985489753350228
2024-02-01,SEXUAL OFFENCES,1820.0,8.0,-0.07060514968667848,0.18648216301857676,0.25708731270525526
2024-03-01,SEXUAL OFFENCES,1834.0,5.0,-0.02031199028076088,-0.3295589949897263,-0.30924700470896543
2024-04-01,SEXUAL OFFENCES,1916.0,5.0,0.2742622290967565,-0.3295589949897263,-0.6038212240864829
2024-05-01,SEXUAL OFFENCES,2126.0,3.0,1.0286596201855205,-0.6735864336619284,-1.7022460538474489
2024-06-01,SEXUAL OFFENCES,2233.0,4.0,1.4130430527878908,-0.5015727143258273,-1.914615767113718
2024-07-01,SEXUAL OFFENCES,2319.0,7.0,1.7219867462813847,0.014468443682475731,-1.707518302598909
2024-08-01,SEXUAL OFFENCES,2022.0,3.0,0.6550532931701326,-0.6735864336619284,-1.328639726832061
2024-09-01,SEXUAL OFFENCES,2092.0,9.0,0.9065190901997207,0.3584958823546778,-0.5480232078450429
2024-10-01,SEXUAL OFFENCES,2256.0,9.0,1.4956675289547554,0.3584958823546778,-1.1371716466000776
2024-11-01,SEXUAL OFFENCES,2233.0,7.0,1.4130430527878908,0.014468443682475731,-1.398574609105415
2024-12-01,SEXUAL OFFENCES,1997.0,5.0,0.5652440799452798,-0.3295589949897263,-0.8948030749350061
2025-01-01,SEXUAL OFFENCES,2127.0,9.0,1.0322519887145147,0.3584958823546778,-0.673756106359837
2025-02-01,SEXUAL OFFENCES,2005.0,7.0,0.5939830281772327,0.014468443682475731,-0.579514584494757
2025-03-01,SEXUAL OFFENCES,2125.0,6.0,1.0250672516565265,-0.15754527565362528,-1.1826125273101518
2025-04-01,SEXUAL OFFENCES,2102.0,11.0,0.9424427754896618,0.7025233210268798,-0.23991945446278207
2025-05-01,SEXUAL OFFENCES,2336.0,11.0,1.7830570112742845,0.7025233210268798,-1.0805336902474048
2025-06-01,SEXUAL OFFENCES,2534.0,1.0,2.4943459800151193,-1.0176138723341304,-3.51195985234925
2025-07-01,SEXUAL OFFENCES,2633.0,11.0,2.8499904643855367,0.7025233210268798,-2.147467143358657
2025-08-01,SEXUAL OFFENCES,2372.0,11.0,1.9123822783180726,0.7025233210268798,-1.2098589572911929
2025-09-01,SEXUAL OFFENCES,2203.0,3.0,1.3052719969180673,-0.6735864336619284,-1.9788584305799957
2025-10-01,SEXUAL OFFENCES,2235.0,21.0,1.420227789845879,2.42266051438789,1.002432724542011
2025-11-01,SEXUAL OFFENCES,2176.0,13.0,1.2082780466352263,1.046550759699082,-0.16172728693614435
2025-12-01,SEXUAL OFFENCES,2112.0,8.0,0.9783664607796029,0.18648216301857676,-0.7918842977610261
2026-01-01,SEXUAL OFFENCES,2282.0,6.0,1.5890691107086024,-0.15754527565362528,-1.7466143863622277
2026-02-01,SEXUAL OFFENCES,2010.0,5.0,0.6119448708222033,-0.3295589949897263,-0.9415038658119296
2017-04-01,THEFT,17894.0,2.0,-0.48962526986988686,-0.4098113478136483,0.07981392205623855
2017-05-01,THEFT,19622.0,2.0,-0.08192357385746325,-0.4098113478136483,-0.32788777395618507
2017-06-01,THEFT,18943.0,2.0,-0.24212580278827092,-0.4098113478136483,-0.16768554502537739
2017-07-01,THEFT,20526.0,1.0,0.1313648134082954,-0.8439679242102855,-0.975332737618581
2017-08-01,THEFT,20046.0,4.0,0.018114342293733272,0.4585018049796261,0.44038746268589285
2017-09-01,THEFT,18603.0,5.0,-0.32234488649441906,0.8926583813762634,1.2150032678706824
2017-10-01,THEFT,19165.0,1.0,-0.18974745989778594,-0.8439679242102855,-0.6542204643124996
2017-11-01,THEFT,19352.0,4.0,-0.14562696385940443,0.4585018049796261,0.6041287688390305
2017-12-01,THEFT,17573.0,3.0,-0.5653615224277503,0.02434522858298891,0.5897067510107392
2018-01-01,THEFT,17511.0,5.0,-0.5799897082800479,0.8926583813762634,1.4726480896563112
2018-02-01,THEFT,16211.0,1.0,-0.8867097342153203,-0.8439679242102855,0.04274181000503474
2018-03-01,THEFT,17207.0,0.0,-0.6517150066526038,-1.2781245006069228,-0.626409493954319
2018-04-01,THEFT,17373.0,3.0,-0.6125492187254845,0.02434522858298891,0.6368944473084734
2018-05-01,THEFT,18315.0,4.0,-0.3902951691631563,0.4585018049796261,0.8487969741427824
2018-06-01,THEFT,18209.0,5.0,-0.4153046482009555,0.8926583813762634,1.3079630295772189
2018-07-01,THEFT,19713.0,4.0,-0.06045317204199419,0.4585018049796261,0.5189549770216203
2018-08-01,THEFT,18431.0,7.0,-0.3629263053104705,1.7609715341695378,2.123897839480008
2018-09-01,THEFT,18073.0,14.0,-0.44739228168341477,4.800067568945998,5.247459850629413
2018-10-01,THEFT,20043.0,4.0,0.01740652684926726,0.4585018049796261,0.44109527813035887
2018-11-01,THEFT,19924.0,2.0,-0.010670152447884596,-0.4098113478136483,-0.3991411953657637
2018-12-01,THEFT,19411.0,2.0,-0.13170659345157285,-0.4098113478136483,-0.2781047543620755
2019-01-01,THEFT,19039.0,4.0,-0.2194757085653585,0.4585018049796261,0.6779775135449846
2019-02-01,THEFT,19755.0,3.0,-0.05054375581947001,0.02434522858298891,0.07488898440245892
2019-03-01,THEFT,21397.0,0.0,0.33686723078492786,-1.2781245006069228,-1.6149917313918507
2019-04-01,THEFT,21576.0,2.0,0.3791002189714,-0.4098113478136483,-0.7889115667850484
2019-05-01,THEFT,21758.0,5.0,0.42204102260233817,0.8926583813762634,0.47061735877392524
2019-06-01,THEFT,21152.0,4.0,0.2790623028202035,0.4585018049796261,0.17943950215942261
2019-07-01,THEFT,22775.0,8.0,0.6619904582763166,2.195128110566175,1.533137652289858
2019-08-01,THEFT,20914.0,1.0,0.22290894422589977,-0.8439679242102855,-1.0668768684361853
2019-09-01,THEFT,19883.0,3.0,-0.02034363018892011,0.02434522858298891,0.04468885877190902
2019-10-01,THEFT,22266.0,3.0,0.5418977711985831,0.02434522858298891,-0.5175525426155941
2019-11-01,THEFT,21261.0,2.0,0.3047795973024686,-0.4098113478136483,-0.714590945116117
2019-12-01,THEFT,20203.0,8.0,0.05515668388745463,2.195128110566175,2.1399714266787204
2020-01-01,THEFT,18840.0,4.0,-0.26642746638160403,0.4585018049796261,0.7249292713612301
2020-02-01,THEFT,19725.0,4.0,-0.05762191026413014,0.4585018049796261,0.5161237152437562
2020-03-01,THEFT,14874.0,1.0,-1.2021594839656735,-0.8439679242102855,0.35819155975538797
2020-04-01,THEFT,7276.0,2.0,-2.9948200663165965,-0.4098113478136483,2.585008718502948
2020-05-01,THEFT,8969.0,1.0,-2.595376217156276,-0.8439679242102855,1.7514082929459904
2020-06-01,THEFT,11495.0,2.0,-1.999395612915893,-0.4098113478136483,1.5895842651022447
2020-07-01,THEFT,15221.0,2.0,-1.1202888308891046,-0.4098113478136483,0.7104774830754563
2020-08-01,THEFT,16048.0,6.0,-0.9251677066979737,1.3268149577729007,2.2519826644708743
2020-09-01,THEFT,16496.0,2.0,-0.819467266991049,-0.4098113478136483,0.4096559191774007
2020-10-01,THEFT,16778.0,2.0,-0.7529326152112438,-0.4098113478136483,0.34312126739759546
2020-11-01,THEFT,12894.0,5.0,-1.6693176773132423,0.8926583813762634,2.5619760586895057
2020-12-01,THEFT,13269.0,0.0,-1.5808407467549905,-1.2781245006069228,0.3027162461480677
2021-01-01,THEFT,9512.0,0.0,-2.467261621707928,-1.2781245006069228,1.1891371211010051
2021-02-01,THEFT,9394.0,0.0,-2.495102362523591,-1.2781245006069228,1.216977861916668
2021-03-01,THEFT,11327.0,3.0,-2.0390332778059896,0.02434522858298891,2.0633785063889785
2021-04-01,THEFT,12993.0,2.0,-1.6459597676458637,-0.4098113478136483,1.2361484198322155
2021-05-01,THEFT,14712.0,0.0,-1.2403815179668383,-1.2781245006069228,-0.03774298264008458
2021-06-01,THEFT,15972.0,0.0,-0.9430990312911126,-1.2781245006069228,-0.33502546931581023
2021-07-01,THEFT,16734.0,3.0,-0.7633139083967453,0.02434522858298891,0.7876591369797342
2021-08-01,THEFT,16053.0,0.0,-0.9239880142905303,-1.2781245006069228,-0.3541364863163925
2021-09-01,THEFT,16649.0,1.0,-0.7833686793232824,-0.8439679242102855,-0.06059924488700319
2021-10-01,THEFT,19015.0,3.0,-0.2251382321210866,0.02434522858298891,0.2494834607040755
2021-11-01,THEFT,18595.0,1.0,-0.32423239434632845,-0.8439679242102855,-0.5197355298639571
2021-12-01,THEFT,16650.0,0.0,-0.7831327408417936,-1.2781245006069228,-0.4949917597651292
2022-01-01,THEFT,16081.0,5.0,-0.9173817368088475,0.8926583813762634,1.810040118185111
2022-02-01,THEFT,16396.0,2.0,-0.8430611151399161,-0.4098113478136483,0.4332497673262678
2022-03-01,THEFT,18696.0,4.0,-0.30040260771597266,0.4585018049796261,0.7589044126955988
2022-04-01,THEFT,18000.0,3.0,-0.46461579083208776,0.02434522858298891,0.4889610194150767
2022-05-01,THEFT,19202.0,0.0,-0.1810177360827051,-1.2781245006069228,-1.0971067645242178
2022-06-01,THEFT,18951.0,2.0,-0.24023829493636153,-0.4098113478136483,-0.16957305287728677
2022-07-01,THEFT,19749.0,2.0,-0.051959386708402035,-0.4098113478136483,-0.35785196110524625
2022-08-01,THEFT,18817.0,2.0,-0.27185405145584346,-0.4098113478136483,-0.13795729635780485
2022-09-01,THEFT,17557.0,1.0,-0.5691365381315691,-0.8439679242102855,-0.2748313860787165
2022-10-01,THEFT,21127.0,5.0,0.2731638407829867,0.8926583813762634,0.6194945405932767
2022-11-01,THEFT,21659.0,2.0,0.3986831129349597,-0.4098113478136483,-0.808494460748608
2022-12-01,THEFT,21066.0,1.0,0.25877159341217776,-0.8439679242102855,-1.1027395176224633
2023-01-01,THEFT,20643.0,0.0,0.1589696157424699,-1.2781245006069228,-1.4370941163493927
2023-02-01,THEFT,20042.0,2.0,0.01717058836777859,-0.4098113478136483,-0.4269819361814269
2023-03-01,THEFT,22038.0,4.0,0.48810379741916604,0.4585018049796261,-0.029601992439539926
2023-04-01,THEFT,20855.0,0.0,0.20898857381806818,-1.2781245006069228,-1.487113074424991
2023-05-01,THEFT,22974.0,2.0,0.7089422160925621,-0.4098113478136483,-1.1187535639062105
2023-06-01,THEFT,23608.0,5.0,0.8585272133563796,0.8926583813762634,0.034131168019883806
2023-07-01,THEFT,23610.0,3.0,0.858999090319357,0.02434522858298891,-0.834653861736368
2023-08-01,THEFT,22202.0,12.0,0.5267977083833081,3.931754416152724,3.404956707769416
2023-09-01,THEFT,21757.0,4.0,0.4218050841208495,0.4585018049796261,0.03669672085877662
2023-10-01,THEFT,23130.0,2.0,0.7457486192047948,-0.4098113478136483,-1.155559967018443
2023-11-01,THEFT,26061.0,7.0,1.4372843084480897,1.7609715341695378,0.32368722572144804
2023-12-01,THEFT,24672.0,4.0,1.1095657576603257,0.4585018049796261,-0.6510639526806996
2024-01-01,THEFT,22694.0,3.0,0.6428794412757343,0.02434522858298891,-0.6185342126927453
2024-02-01,THEFT,24437.0,1.0,1.054120214510488,-0.8439679242102855,-1.8980881387207735
2024-03-01,THEFT,25929.0,2.0,1.406140428891585,-0.4098113478136483,-1.8159517767052333
2024-04-01,THEFT,25913.0,7.0,1.4023654131877665,1.7609715341695378,0.35860612098177125
2024-05-01,THEFT,25683.0,3.0,1.348099562445372,0.02434522858298891,-1.3237543338623832
2024-06-01,THEFT,26401.0,4.0,1.517503392154238,0.4585018049796261,-1.059001587174612
2024-07-01,THEFT,26860.0,2.0,1.625799155157538,-0.4098113478136483,-2.035610502971186
2024-08-01,THEFT,26350.0,2.0,1.5054705295983157,-0.4098113478136483,-1.915281877411964
2024-09-01,THEFT,25214.0,5.0,1.2374444146271855,0.8926583813762634,-0.34478603325092205
2024-10-01,THEFT,28309.0,6.0,1.9676740148346223,1.3268149577729007,-0.6408590570617216
2024-11-01,THEFT,28895.0,3.0,2.1059339649869835,0.02434522858298891,-2.0815887364039947
2024-12-01,THEFT,26525.0,2.0,1.546759763858833,-0.4098113478136483,-1.9565711116724813
2025-01-01,THEFT,23808.0,5.0,0.9057149096541138,0.8926583813762634,-0.013056528277850421
2025-02-01,THEFT,23224.0,4.0,0.7679268364647299,0.4585018049796261,-0.3094250314851038
2025-03-01,THEFT,24393.0,2.0,1.0437389213249864,-0.4098113478136483,-1.4535502691386346
2025-04-01,THEFT,24013.0,4.0,0.9540822983592914,0.4585018049796261,-0.49558049337966525
2025-05-01,THEFT,24918.0,2.0,1.1676066241065388,-0.4098113478136483,-1.577417971920187
2025-06-01,THEFT,24475.0,1.0,1.0630858768070575,-0.8439679242102855,-1.907053801017343
2025-07-01,THEFT,25683.0,2.0,1.348099562445372,-0.4098113478136483,-1.7579109102590202
2025-08-01,THEFT,24255.0,3.0,1.0111794108795498,0.02434522858298891,-0.9868341822965608
2025-09-01,THEFT,22728.0,4.0,0.650901349646349,0.4585018049796261,-0.19239954466672293
2025-10-01,THEFT,23526.0,4.0,0.8391802578743086,0.4585018049796261,-0.3806784528946825
2025-11-01,THEFT,24353.0,3.0,1.0343013820654396,0.02434522858298891,-1.0099561534824508
2025-12-01,THEFT,23925.0,1.0,0.9333197119882883,-0.8439679242102855,-1.7772876361985739
2026-01-01,THEFT,20937.0,1.0,0.2283355293001392,-0.8439679242102855,-1.0723034535104248
2026-02-01,THEFT,20751.0,3.0,0.18445097174324637,0.02434522858298891,-0.16010574316025747
2017-04-01,VEHICLE OFFENCES,8594.0,0.0,-0.1348003136537871,-0.5773845282176453,-0.4425842145638582
2017-05-01,VEHICLE OFFENCES,9221.0,1.0,0.38635558116088115,0.5882785759198651,0.20192299475898395
2017-06-01,VEHICLE OFFENCES,8407.0,1.0,-0.2902327735107934,0.5882785759198651,0.8785113494306585
2017-07-01,VEHICLE OFFENCES,8646.0,0.0,-0.0915784531587907,-0.5773845282176453,-0.4858060750588546
2017-08-01,VEHICLE OFFENCES,8633.0,0.0,-0.1023839182825398,-0.5773845282176453,-0.4750006099351055
2017-09-01,VEHICLE OFFENCES,8910.0,0.0,0.12785560781580646,-0.5773845282176453,-0.7052401360334517
2017-10-01,VEHICLE OFFENCES,9279.0,0.0,0.4345645794053002,-0.5773845282176453,-1.0119491076229454
2017-11-01,VEHICLE OFFENCES,9275.0,0.0,0.4312398209056851,-0.5773845282176453,-1.0086243491233304
2017-12-01,VEHICLE OFFENCES,8522.0,3.0,-0.19464596664685907,2.9196047841948856,3.1142507508417445
2018-01-01,VEHICLE OFFENCES,9466.0,0.0,0.5899970392623065,-0.5773845282176453,-1.1673815674799517
2018-02-01,VEHICLE OFFENCES,8776.0,1.0,0.016476198078700318,0.5882785759198651,0.5718023778411648
2018-03-01,VEHICLE OFFENCES,8939.0,4.0,0.15196010693801598,4.085267888332396,3.93330778139438
2018-04-01,VEHICLE OFFENCES,8927.0,2.0,0.14198583143917065,1.7539416800573755,1.6119558486182048
2018-05-01,VEHICLE OFFENCES,8871.0,0.0,0.09543921244455913,-0.5773845282176453,-0.6728237406622044
2018-06-01,VEHICLE OFFENCES,9026.0,0.0,0.2242736043046446,-0.5773845282176453,-0.8016581325222899
2018-07-01,VEHICLE OFFENCES,9078.0,0.0,0.267495464799641,-0.5773845282176453,-0.8448799930172863
2018-08-01,VEHICLE OFFENCES,9231.0,1.0,0.3946674774099189,0.5882785759198651,0.19361109850994618
2018-09-01,VEHICLE OFFENCES,9799.0,4.0,0.8667831843552642,4.085267888332396,3.218484703977132
2018-10-01,VEHICLE OFFENCES,10509.0,0.0,1.456927818036946,-0.5773845282176453,-2.034312346254591
2018-11-01,VEHICLE OFFENCES,10529.0,0.0,1.4735516105350215,-0.5773845282176453,-2.050936138752667
2018-12-01,VEHICLE OFFENCES,9644.0,1.0,0.7379487924951789,0.5882785759198651,-0.14967021657531376
2019-01-01,VEHICLE OFFENCES,10859.0,1.0,1.747844186753268,0.5882785759198651,-1.1595656108334027
2019-02-01,VEHICLE OFFENCES,9675.0,2.0,0.7637156708671959,1.7539416800573755,0.9902260091901796
2019-03-01,VEHICLE OFFENCES,10794.0,0.0,1.6938168611345226,-0.5773845282176453,-2.271201389352168
2019-04-01,VEHICLE OFFENCES,10297.0,0.0,1.2807156175573453,-0.5773845282176453,-1.8581001457749906
2019-05-01,VEHICLE OFFENCES,10070.0,0.0,1.092035572704188,-0.5773845282176453,-1.6694201009218332
2019-06-01,VEHICLE OFFENCES,10049.0,0.0,1.0745805905812085,-0.5773845282176453,-1.6519651187988538
2019-07-01,VEHICLE OFFENCES,10519.0,0.0,1.4652397142859839,-0.5773845282176453,-2.042624242503629
2019-08-01,VEHICLE OFFENCES,10480.0,0.0,1.4328233189147366,-0.5773845282176453,-2.010207847132382
2019-09-01,VEHICLE OFFENCES,11616.0,0.0,2.3770547328054272,-0.5773845282176453,-2.9544392610230723
2019-10-01,VEHICLE OFFENCES,12309.0,1.0,2.953069142863745,0.5882785759198651,-2.36479056694388
2019-11-01,VEHICLE OFFENCES,11391.0,0.0,2.1900370672020775,-0.5773845282176453,-2.767421595419723
2019-12-01,VEHICLE OFFENCES,10972.0,0.0,1.8417686143673948,-0.5773845282176453,-2.4191531425850403
2020-01-01,VEHICLE OFFENCES,12090.0,1.0,2.7710386150098176,0.5882785759198651,-2.1827600390899526
2020-02-01,VEHICLE OFFENCES,10762.0,1.0,1.6672187931376017,0.5882785759198651,-1.0789402172177365
2020-03-01,VEHICLE OFFENCES,9588.0,0.0,0.6914021735005673,-0.5773845282176453,-1.2687867017182126
2020-04-01,VEHICLE OFFENCES,6343.0,0.0,-2.0058081593121893,-0.5773845282176453,1.428423631094544
2020-05-01,VEHICLE OFFENCES,7275.0,0.0,-1.2311394289018691,-0.5773845282176453,0.6537549006842238
2020-06-01,VEHICLE OFFENCES,8107.0,0.0,-0.5395896609819265,-0.5773845282176453,-0.03779486723571879
2020-07-01,VEHICLE OFFENCES,9026.0,1.0,0.2242736043046446,0.5882785759198651,0.3640049716152205
2020-08-01,VEHICLE OFFENCES,8879.0,0.0,0.10208872944378936,-0.5773845282176453,-0.6794732576614346
2020-09-01,VEHICLE OFFENCES,10097.0,0.0,1.1144776925765898,-0.5773845282176453,-1.691862220794235
2020-10-01,VEHICLE OFFENCES,10553.0,1.0,1.4935001615327121,0.5882785759198651,-0.905221585612847
2020-11-01,VEHICLE OFFENCES,9121.0,1.0,0.3032366186705034,0.5882785759198651,0.2850419572493617
2020-12-01,VEHICLE OFFENCES,7683.0,1.0,-0.8920140619411281,0.5882785759198651,1.4802926378609933
2021-01-01,VEHICLE OFFENCES,7631.0,0.0,-0.9352359224361244,-0.5773845282176453,0.3578513942184791
2021-02-01,VEHICLE OFFENCES,7566.0,0.0,-0.98926324805487,-0.5773845282176453,0.4118787198372247
2021-03-01,VEHICLE OFFENCES,8233.0,0.0,-0.43485976824405065,-0.5773845282176453,-0.14252475997359465
2021-04-01,VEHICLE OFFENCES,7027.0,0.0,-1.4372744558780057,-0.5773845282176453,0.8598899276603604
2021-05-01,VEHICLE OFFENCES,7708.0,1.0,-0.8712343213185336,0.5882785759198651,1.4595128972383988
2021-06-01,VEHICLE OFFENCES,8011.0,0.0,-0.6193838649726892,-0.5773845282176453,0.04199933675504386
2021-07-01,VEHICLE OFFENCES,7836.0,2.0,-0.7648420493308502,1.7539416800573755,2.518783729388226
2021-08-01,VEHICLE OFFENCES,8591.0,0.0,-0.13729388252849845,-0.5773845282176453,-0.44009064568914685
2021-09-01,VEHICLE OFFENCES,8901.0,0.0,0.12037490119167245,-0.5773845282176453,-0.6977594294093178
2021-10-01,VEHICLE OFFENCES,9355.0,0.0,0.4977349908979873,-0.5773845282176453,-1.0751195191156326
2021-11-01,VEHICLE OFFENCES,9457.0,1.0,0.5825163326381725,0.5882785759198651,0.005762243281692614
2021-12-01,VEHICLE OFFENCES,8499.0,1.0,-0.21376332801964593,0.5882785759198651,0.802041903939511
2022-01-01,VEHICLE OFFENCES,8897.0,0.0,0.11705014269205735,-0.5773845282176453,-0.6944346709097027
2022-02-01,VEHICLE OFFENCES,7915.0,0.0,-0.6991780689634518,-0.5773845282176453,0.1217935407458065
2022-03-01,VEHICLE OFFENCES,8889.0,0.0,0.11040062569282713,-0.5773845282176453,-0.6877851539104725
2022-04-01,VEHICLE OFFENCES,8450.0,0.0,-0.254491619639931,-0.5773845282176453,-0.3228929085777143
2022-05-01,VEHICLE OFFENCES,8605.0,0.0,-0.12565722777984556,-0.5773845282176453,-0.45172730043779974
2022-06-01,VEHICLE OFFENCES,8775.0,0.0,0.01564500845379654,-0.5773845282176453,-0.5930295366714419
2022-07-01,VEHICLE OFFENCES,8694.0,0.0,-0.051681351163409404,-0.5773845282176453,-0.5257031770542359
2022-08-01,VEHICLE OFFENCES,8966.0,0.0,0.17440222681041798,-0.5773845282176453,-0.7517867550280632
2022-09-01,VEHICLE OFFENCES,9144.0,0.0,0.3223539800432903,-0.5773845282176453,-0.8997385082609356
2022-10-01,VEHICLE OFFENCES,9718.0,0.0,0.7994568247380583,-0.5773845282176453,-1.3768413529557035
2022-11-01,VEHICLE OFFENCES,9535.0,0.0,0.6473491233806671,-0.5773845282176453,-1.2247336515983123
2022-12-01,VEHICLE OFFENCES,8004.0,0.0,-0.6252021923470156,-0.5773845282176453,0.047817664129370274
2023-01-01,VEHICLE OFFENCES,9070.0,1.0,0.26084594780041076,0.5882785759198651,0.32743262811945434
2023-02-01,VEHICLE OFFENCES,8145.0,3.0,-0.508004455235583,2.9196047841948856,3.4276092394304687
2023-03-01,VEHICLE OFFENCES,8765.0,0.0,0.007333112204758769,-0.5773845282176453,-0.584717640422404
2023-04-01,VEHICLE OFFENCES,7901.0,0.0,-0.7108147237121046,-0.5773845282176453,0.13343019549445934
2023-05-01,VEHICLE OFFENCES,8634.0,1.0,-0.10155272865763604,0.5882785759198651,0.6898313045775011
2023-06-01,VEHICLE OFFENCES,8160.0,0.0,-0.4955366108620264,-0.5773845282176453,-0.08184791735561892
2023-07-01,VEHICLE OFFENCES,8379.0,0.0,-0.3135060830080992,-0.5773845282176453,-0.2638784452095461
2023-08-01,VEHICLE OFFENCES,8350.0,0.0,-0.3376105821303087,-0.5773845282176453,-0.2397739460873366
2023-09-01,VEHICLE OFFENCES,8843.0,0.0,0.07216590294725338,-0.5773845282176453,-0.6495504311648986
2023-10-01,VEHICLE OFFENCES,8786.0,0.0,0.024788094327738087,-0.5773845282176453,-0.6021726225453834
2023-11-01,VEHICLE OFFENCES,8903.0,1.0,0.12203728044148,0.5882785759198651,0.4662412954783851
2023-12-01,VEHICLE OFFENCES,8361.0,0.0,-0.3284674962563672,-0.5773845282176453,-0.24891703196127812
2024-01-01,VEHICLE OFFENCES,8806.0,2.0,0.04141188682581363,1.7539416800573755,1.712529793231562
2024-02-01,VEHICLE OFFENCES,8032.0,1.0,-0.6019288828497098,0.5882785759198651,1.1902074587695748
2024-03-01,VEHICLE OFFENCES,8682.0,0.0,-0.06165562666225473,-0.5773845282176453,-0.5157289015553905
2024-04-01,VEHICLE OFFENCES,8858.0,1.0,0.08463374732081004,0.5882785759198651,0.503644828599055
2024-05-01,VEHICLE OFFENCES,8947.0,0.0,0.1586096239372462,-0.5773845282176453,-0.7359941521548915
2024-06-01,VEHICLE OFFENCES,8496.0,1.0,-0.21625689689435726,0.5882785759198651,0.8045354728142223
2024-07-01,VEHICLE OFFENCES,8294.0,0.0,-0.38415720112492024,-0.5773845282176453,-0.19322732709272505
2024-08-01,VEHICLE OFFENCES,8258.0,0.0,-0.41408002762145624,-0.5773845282176453,-0.16330450059618906
2024-09-01,VEHICLE OFFENCES,7953.0,0.0,-0.6675928632171082,-0.5773845282176453,0.0902083349994629
2024-10-01,VEHICLE OFFENCES,8447.0,0.0,-0.25698518851464236,-0.5773845282176453,-0.32039933970300294
2024-11-01,VEHICLE OFFENCES,8104.0,0.0,-0.5420832298566379,-0.5773845282176453,-0.03530129836100737
2024-12-01,VEHICLE OFFENCES,7358.0,0.0,-1.1621506900348557,-0.5773845282176453,0.5847661618172104
2025-01-01,VEHICLE OFFENCES,7567.0,1.0,-0.9884320584299662,0.5882785759198651,1.5767106343498312
2025-02-01,VEHICLE OFFENCES,7310.0,0.0,-1.2020477920302368,-0.5773845282176453,0.6246632638125915
2025-03-01,VEHICLE OFFENCES,7304.0,0.0,-1.2070349297796596,-0.5773845282176453,0.6296504015620144
2025-04-01,VEHICLE OFFENCES,6941.0,0.0,-1.5087567636197308,-0.5773845282176453,0.9313722354020855
2025-05-01,VEHICLE OFFENCES,7337.0,0.0,-1.179605672157835,-0.5773845282176453,0.6022211439401897
2025-06-01,VEHICLE OFFENCES,7008.0,0.0,-1.4530670587511776,-0.5773845282176453,0.8756825305335323
2025-07-01,VEHICLE OFFENCES,7265.0,1.0,-1.239451325150907,0.5882785759198651,1.827729901070772
2025-08-01,VEHICLE OFFENCES,7214.0,0.0,-1.2818419960209995,-0.5773845282176453,0.7044574678033542
2025-09-01,VEHICLE OFFENCES,7254.0,1.0,-1.2485944110248484,0.5882785759198651,1.8368729869447136
2025-10-01,VEHICLE OFFENCES,7425.0,3.0,-1.1064609851663025,2.9196047841948856,4.026065769361188
2025-11-01,VEHICLE OFFENCES,7227.0,0.0,-1.2710365308972504,-0.5773845282176453,0.6936520026796051
2025-12-01,VEHICLE OFFENCES,6365.0,0.0,-1.9875219875643062,-0.5773845282176453,1.410137459346661
2026-01-01,VEHICLE OFFENCES,6698.0,1.0,-1.7107358424713486,0.5882785759198651,2.299014418391214
2026-02-01,VEHICLE OFFENCES,6220.0,2.0,-2.108044483175354,1.7539416800573755,3.8619861632327295
2017-04-01,VIOLENCE AGAINST THE PERSON,15860.0,54.0,-1.929922453003471,2.023985252409983,3.953907705413454
2017-05-01,VIOLENCE AGAINST THE PERSON,17534.0,44.0,-0.8636453130636336,1.4433782228982721,2.3070235359619056
2017-06-01,VIOLENCE AGAINST THE PERSON,18037.0,104.0,-0.5432526001665378,4.927020399968537,5.470273000135075
2017-07-01,VIOLENCE AGAINST THE PERSON,18300.0,18.0,-0.3757311618127879,-0.06620005383217631,0.30953110798061156
2017-08-01,VIOLENCE AGAINST THE PERSON,16154.0,22.0,-1.7426551416878724,0.16604275797250806,1.9086978996603805
2017-09-01,VIOLENCE AGAINST THE PERSON,16377.0,62.0,-1.6006122490913468,2.4884708760193517,4.089083125110698
2017-10-01,VIOLENCE AGAINST THE PERSON,17829.0,22.0,-0.6757410381041042,0.16604275797250806,0.8417837960766124
2017-11-01,VIOLENCE AGAINST THE PERSON,16936.0,28.0,-1.244549572134137,0.5144069756795346,1.7589565478136717
2017-12-01,VIOLENCE AGAINST THE PERSON,16320.0,19.0,-1.6369191767953915,-0.00813935088100521,1.6287798259143862
2018-01-01,VIOLENCE AGAINST THE PERSON,16437.0,46.0,-1.5623944304555104,1.5594996288006142,3.1218940592561246
2018-02-01,VIOLENCE AGAINST THE PERSON,14726.0,26.0,-2.6522392252207805,0.3982855697771924,3.050524794997973
2018-03-01,VIOLENCE AGAINST THE PERSON,17187.0,82.0,-1.0846716975075545,3.6496849350427736,4.734356632550329
2018-04-01,VIOLENCE AGAINST THE PERSON,16601.0,37.0,-1.4579323928508907,1.0369533022400745,2.4948856950909652
2018-05-01,VIOLENCE AGAINST THE PERSON,18980.0,26.0,0.05740411606002551,0.3982855697771924,0.34088145371716694
2018-06-01,VIOLENCE AGAINST THE PERSON,18827.0,37.0,-0.0400513214613575,1.0369533022400745,1.0770046237014321
2018-07-01,VIOLENCE AGAINST THE PERSON,20222.0,41.0,0.8485129618218406,1.2691961140447587,0.4206831522229182
2018-08-01,VIOLENCE AGAINST THE PERSON,17304.0,54.0,-1.0101469511676733,2.023985252409983,3.034132203577656
2018-09-01,VIOLENCE AGAINST THE PERSON,17362.0,63.0,-0.9732030598196981,2.5465315789705225,3.5197346387902204
2018-10-01,VIOLENCE AGAINST THE PERSON,18000.0,16.0,-0.5668202549919703,-0.1823214597345185,0.3844987952574518
2018-11-01,VIOLENCE AGAINST THE PERSON,17665.0,22.0,-0.7802030757087239,0.16604275797250806,0.946245833681232
2018-12-01,VIOLENCE AGAINST THE PERSON,17923.0,14.0,-0.615866455574627,-0.2984428656368607,0.31742358993776637
2019-01-01,VIOLENCE AGAINST THE PERSON,17412.0,28.0,-0.9413548776231677,0.5144069756795346,1.4557618533027024
2019-02-01,VIOLENCE AGAINST THE PERSON,16813.0,33.0,-1.3228961003376019,0.8047104904353901,2.127606590772992
2019-03-01,VIOLENCE AGAINST THE PERSON,18723.0,36.0,-0.10629554043014072,0.9788925992889034,1.0851881397190442
2019-04-01,VIOLENCE AGAINST THE PERSON,17522.0,23.0,-0.8712888767908008,0.22410346092367917,1.0953923377144799
2019-05-01,VIOLENCE AGAINST THE PERSON,18884.0,34.0,-0.003744393757312852,0.8627711933865612,0.866515587143874
2019-06-01,VIOLENCE AGAINST THE PERSON,19034.0,44.0,0.09180015283227834,1.4433782228982721,1.3515780700659938
2019-07-01,VIOLENCE AGAINST THE PERSON,20302.0,17.0,0.8994700533362892,-0.1242607567833474,-1.0237308101196365
2019-08-01,VIOLENCE AGAINST THE PERSON,18629.0,42.0,-0.16617012295961786,1.32725681699593,1.493426939955548
2019-09-01,VIOLENCE AGAINST THE PERSON,18470.0,33.0,-0.2674473423445845,0.8047104904353901,1.0721578327799746
2019-10-01,VIOLENCE AGAINST THE PERSON,18907.0,19.0,0.010905770053091129,-0.00813935088100521,-0.01904512093409634
2019-11-01,VIOLENCE AGAINST THE PERSON,18911.0,42.0,0.013453624628813561,1.32725681699593,1.3138031923671165
2019-12-01,VIOLENCE AGAINST THE PERSON,18244.0,33.0,-0.4114011258729019,0.8047104904353901,1.2161116163082921
2020-01-01,VIOLENCE AGAINST THE PERSON,18066.0,32.0,-0.5247806544925502,0.746649787484219,1.271430441976769
2020-02-01,VIOLENCE AGAINST THE PERSON,17279.0,34.0,-1.0260710422659385,0.8627711933865612,1.8888422356524996
2020-03-01,VIOLENCE AGAINST THE PERSON,17657.0,13.0,-0.7852987848601688,-0.3565035685880318,0.428795216272137
2020-04-01,VIOLENCE AGAINST THE PERSON,15474.0,3.0,-2.175790419560686,-0.9371105980997427,1.2386798214609431
2020-05-01,VIOLENCE AGAINST THE PERSON,17855.0,5.0,-0.6591799833619084,-0.8209891921974005,-0.1618092088354921
2020-06-01,VIOLENCE AGAINST THE PERSON,19112.0,29.0,0.14148331705886574,0.5724676786307057,0.43098436157183995
2020-07-01,VIOLENCE AGAINST THE PERSON,20366.0,26.0,0.940235726547848,0.3982855697771924,-0.5419501567706556
2020-08-01,VIOLENCE AGAINST THE PERSON,20230.0,13.0,0.8536086709732854,-0.3565035685880318,-1.210112239561317
2020-09-01,VIOLENCE AGAINST THE PERSON,19359.0,6.0,0.2988133371097259,-0.7629284892462295,-1.0617418263559553
2020-10-01,VIOLENCE AGAINST THE PERSON,18400.0,4.0,-0.31203479741972706,-0.8790498951485716,-0.5670150977288445
2020-11-01,VIOLENCE AGAINST THE PERSON,17953.0,11.0,-0.5967575462567088,-0.47262497449037394,0.12413257176633491
2020-12-01,VIOLENCE AGAINST THE PERSON,17059.0,4.0,-1.1662030439306723,-0.8790498951485716,0.28715314878210074
2021-01-01,VIOLENCE AGAINST THE PERSON,15520.0,7.0,-2.146490091939878,-0.7048677862950583,1.4416223056448196
2021-02-01,VIOLENCE AGAINST THE PERSON,15359.0,5.0,-2.2490412386127057,-0.8209891921974005,1.428052046415305
2021-03-01,VIOLENCE AGAINST THE PERSON,18582.0,7.0,-0.19610741422435643,-0.7048677862950583,-0.5087603720707019
2021-04-01,VIOLENCE AGAINST THE PERSON,18295.0,15.0,-0.3789159800324409,-0.24038216268568957,0.13853381734675135
2021-05-01,VIOLENCE AGAINST THE PERSON,20578.0,7.0,1.075272019061137,-0.7048677862950583,-1.7801398053561952
2021-06-01,VIOLENCE AGAINST THE PERSON,20729.0,9.0,1.1714535292946588,-0.5887463803927161,-1.7601999096873748
2021-07-01,VIOLENCE AGAINST THE PERSON,21188.0,13.0,1.4638198418588078,-0.3565035685880318,-1.8203234104468395
2021-08-01,VIOLENCE AGAINST THE PERSON,18668.0,17.0,-0.14132854084632415,-0.1242607567833474,0.01706778406297675
2021-09-01,VIOLENCE AGAINST THE PERSON,19693.0,14.0,0.5115591941825489,-0.2984428656368607,-0.8100020598194095
2021-10-01,VIOLENCE AGAINST THE PERSON,20438.0,4.0,0.9860971089108519,-0.8790498951485716,-1.8651470040594234
2021-11-01,VIOLENCE AGAINST THE PERSON,19694.0,11.0,0.5121961578264795,-0.47262497449037394,-0.9848211323168534
2021-12-01,VIOLENCE AGAINST THE PERSON,18469.0,7.0,-0.2680843059885151,-0.7048677862950583,-0.4367834803065432
2022-01-01,VIOLENCE AGAINST THE PERSON,18521.0,9.0,-0.23496219650412353,-0.5887463803927161,-0.35378418388859256
2022-02-01,VIOLENCE AGAINST THE PERSON,18058.0,8.0,-0.529876363643995,-0.6468070833438873,-0.11693071969989222
2022-03-01,VIOLENCE AGAINST THE PERSON,19892.0,6.0,0.6383149593247399,-0.7629284892462295,-1.4012434485709693
2022-04-01,VIOLENCE AGAINST THE PERSON,18663.0,8.0,-0.1445133590659772,-0.6468070833438873,-0.5022937242779101
2022-05-01,VIOLENCE AGAINST THE PERSON,21068.0,5.0,1.3873842045871347,-0.8209891921974005,-2.2083733967845354
2022-06-01,VIOLENCE AGAINST THE PERSON,19986.0,11.0,0.6981895418542171,-0.47262497449037394,-1.170814516344591
2022-07-01,VIOLENCE AGAINST THE PERSON,20731.0,7.0,1.1727274565825199,-0.7048677862950583,-1.8775952428775782
2022-08-01,VIOLENCE AGAINST THE PERSON,19912.0,8.0,0.6510542322033521,-0.6468070833438873,-1.2978613155472394
2022-09-01,VIOLENCE AGAINST THE PERSON,18912.0,3.0,0.014090588272744169,-0.9371105980997427,-0.9512011863724869
2022-10-01,VIOLENCE AGAINST THE PERSON,19753.0,2.0,0.5497770128183854,-0.9951713010509138,-1.5449483138692992
2022-11-01,VIOLENCE AGAINST THE PERSON,19379.0,8.0,0.31155260998833806,-0.6468070833438873,-0.9583596933322254
2022-12-01,VIOLENCE AGAINST THE PERSON,17842.0,6.0,-0.6674605107330063,-0.7629284892462295,-0.0954679785132232
2023-01-01,VIOLENCE AGAINST THE PERSON,18740.0,16.0,-0.0954671584833204,-0.1823214597345185,-0.0868543012511981
2023-02-01,VIOLENCE AGAINST THE PERSON,17972.0,5.0,-0.5846552370220273,-0.8209891921974005,-0.23633395517537326
2023-03-01,VIOLENCE AGAINST THE PERSON,19639.0,4.0,0.47716315741029613,-0.8790498951485716,-1.3562130525588678
2023-04-01,VIOLENCE AGAINST THE PERSON,19259.0,6.0,0.23511697271666512,-0.7629284892462295,-0.9980454619628946
2023-05-01,VIOLENCE AGAINST THE PERSON,21303.0,11.0,1.5370706609108278,-0.47262497449037394,-2.0096956354012017
2023-06-01,VIOLENCE AGAINST THE PERSON,22496.0,8.0,2.296968288120043,-0.6468070833438873,-2.9437753714639303
2023-07-01,VIOLENCE AGAINST THE PERSON,21929.0,17.0,1.9358099020113884,-0.1242607567833474,-2.0600706587947357
2023-08-01,VIOLENCE AGAINST THE PERSON,20470.0,12.0,1.0064799455166313,-0.41456427153920283,-1.4210442170558342
2023-09-01,VIOLENCE AGAINST THE PERSON,21055.0,10.0,1.379103677216037,-0.530685677441545,-1.909789354657582
2023-10-01,VIOLENCE AGAINST THE PERSON,19715.0,25.0,0.5255723943490224,0.3402248668260213,-0.18534752752300104
2023-11-01,VIOLENCE AGAINST THE PERSON,19880.0,7.0,0.6306713955975727,-0.7048677862950583,-1.335539181892631
2023-12-01,VIOLENCE AGAINST THE PERSON,20298.0,10.0,0.8969221987605668,-0.530685677441545,-1.4276078762021118
2024-01-01,VIOLENCE AGAINST THE PERSON,19431.0,8.0,0.34467471947272965,-0.6468070833438873,-0.9914818028166169
2024-02-01,VIOLENCE AGAINST THE PERSON,19250.0,37.0,0.22938429992128964,1.0369533022400745,0.8075690023187849
2024-03-01,VIOLENCE AGAINST THE PERSON,18735.0,8.0,-0.09865197670297343,-0.6468070833438873,-0.5481551066409138
2024-04-01,VIOLENCE AGAINST THE PERSON,17818.0,10.0,-0.6827476381873409,-0.530685677441545,0.1520619607457958
2024-05-01,VIOLENCE AGAINST THE PERSON,20300.0,20.0,0.8981961260484279,0.04992135207016588,-0.848274773978262
2024-06-01,VIOLENCE AGAINST THE PERSON,19985.0,16.0,0.6975525782102865,-0.1823214597345185,-0.879874037944805
2024-07-01,VIOLENCE AGAINST THE PERSON,20644.0,10.0,1.117311619560557,-0.530685677441545,-1.6479972970021022
2024-08-01,VIOLENCE AGAINST THE PERSON,19449.0,12.0,0.3561400650634806,-0.41456427153920283,-0.7707043366026834
2024-09-01,VIOLENCE AGAINST THE PERSON,19190.0,16.0,0.19116648128545316,-0.1823214597345185,-0.3734879410199716
2024-10-01,VIOLENCE AGAINST THE PERSON,19444.0,12.0,0.35295524684382756,-0.41456427153920283,-0.7675195183830303
2024-11-01,VIOLENCE AGAINST THE PERSON,18988.0,6.0,0.06249982521147037,-0.7629284892462295,-0.8254283144576998
2024-12-01,VIOLENCE AGAINST THE PERSON,19074.0,7.0,0.11727869858950266,-0.7048677862950583,-0.822146484884561
2025-01-01,VIOLENCE AGAINST THE PERSON,18264.0,10.0,-0.39866185299428974,-0.530685677441545,-0.1320238244472553
2025-02-01,VIOLENCE AGAINST THE PERSON,17275.0,6.0,-1.028618896841661,-0.7629284892462295,0.2656904075954315
2025-03-01,VIOLENCE AGAINST THE PERSON,20176.0,5.0,0.8192126342010326,-0.8209891921974005,-1.640201826398433
2025-04-01,VIOLENCE AGAINST THE PERSON,19426.0,8.0,0.34148990125307666,-0.6468070833438873,-0.9882969845969639
2025-05-01,VIOLENCE AGAINST THE PERSON,20786.0,15.0,1.2077604569987035,-0.24038216268568957,-1.448142619684393
2025-06-01,VIOLENCE AGAINST THE PERSON,21681.0,5.0,1.7778429183165976,-0.8209891921974005,-2.598832110513998
2025-07-01,VIOLENCE AGAINST THE PERSON,22872.0,10.0,2.5364666182379514,-0.530685677441545,-3.0671522956794965
2025-08-01,VIOLENCE AGAINST THE PERSON,20422.0,10.0,0.9759056906079622,-0.530685677441545,-1.506591368049507
2025-09-01,VIOLENCE AGAINST THE PERSON,19891.0,17.0,0.6376779956808093,-0.1242607567833474,-0.7619387524641567
2025-10-01,VIOLENCE AGAINST THE PERSON,21204.0,26.0,1.4740112601616975,0.3982855697771924,-1.075725690384505
2025-11-01,VIOLENCE AGAINST THE PERSON,20191.0,12.0,0.8287670888599917,-0.41456427153920283,-1.2433313603991945
2025-12-01,VIOLENCE AGAINST THE PERSON,20058.0,24.0,0.7440509242172209,0.28216416387485027,-0.4618867603423706
2026-01-01,VIOLENCE AGAINST THE PERSON,19582.0,2.0,0.4408562297062515,-0.9951713010509138,-1.4360275307571653
2026-02-01,VIOLENCE AGAINST THE PERSON,19153.0,7.0,0.16759882646002067,-0.7048677862950583,-0.872466612755079
