Month,crime_type,count,headline_count,crime_z,headline_z,divergence
2017-04-01,ARSON AND CRIMINAL DAMAGE,5136.0,22.0,1.42791967660072,0.12649773886600427,-1.3014219377347158
2017-05-01,ARSON AND CRIMINAL DAMAGE,5482.0,16.0,2.319875576363018,-0.14602423546948137,-2.4658998118324993
2017-06-01,ARSON AND CRIMINAL DAMAGE,5328.0,182.0,1.922877863752053,7.393750387812288,5.470872524060235
2017-07-01,ARSON AND CRIMINAL DAMAGE,5471.0,60.0,2.291518596890806,1.8524702429907465,-0.4390483539000596
2017-08-01,ARSON AND CRIMINAL DAMAGE,5174.0,32.0,1.525880151141088,0.580701029425147,-0.945179121715941
2017-09-01,ARSON AND CRIMINAL DAMAGE,4961.0,17.0,0.976785912270078,-0.1006039064135671,-1.0773898186836453
2017-10-01,ARSON AND CRIMINAL DAMAGE,5420.0,12.0,2.1600453284287333,-0.3277055516931385,-2.487750880121872
2017-11-01,ARSON AND CRIMINAL DAMAGE,5194.0,14.0,1.5774382956360185,-0.2368648935813099,-1.8143031892173282
2017-12-01,ARSON AND CRIMINAL DAMAGE,4740.0,39.0,0.40706841560109586,0.8986433328165468,0.491574917215451
2018-01-01,ARSON AND CRIMINAL DAMAGE,4929.0,16.0,0.8942928810781892,-0.14602423546948137,-1.0403171165476706
2018-02-01,ARSON AND CRIMINAL DAMAGE,4269.0,19.0,-0.8071258872545177,-0.009763248301738558,0.7973626389527791
2018-03-01,ARSON AND CRIMINAL DAMAGE,4600.0,14.0,0.046161404136582256,-0.2368648935813099,-0.2830262977178922
2018-04-01,ARSON AND CRIMINAL DAMAGE,4765.0,24.0,0.471516096219759,0.2173383969778328,-0.2541776992419262
2018-05-01,ARSON AND CRIMINAL DAMAGE,5001.0,20.0,1.079902201259939,0.035657080754175716,-1.0442451205057635
2018-06-01,ARSON AND CRIMINAL DAMAGE,4839.0,71.0,0.6622812308510019,2.3520938626058037,1.6898126317548017
2018-07-01,ARSON AND CRIMINAL DAMAGE,5026.0,39.0,1.1443498818786022,0.8986433328165468,-0.24570654906205536
2018-08-01,ARSON AND CRIMINAL DAMAGE,4565.0,73.0,-0.04406534872954615,2.4429345207176323,2.486999869447178
2018-09-01,ARSON AND CRIMINAL DAMAGE,4469.0,39.0,-0.2915444423052126,0.8986433328165468,1.1901877751217596
2018-10-01,ARSON AND CRIMINAL DAMAGE,4813.0,14.0,0.5952556430075923,-0.2368648935813099,-0.8321205365889022
2018-11-01,ARSON AND CRIMINAL DAMAGE,4724.0,27.0,0.3658219000051514,0.3535993841455756,-0.012222515859575789
2018-12-01,ARSON AND CRIMINAL DAMAGE,4688.0,15.0,0.2730172399142765,-0.19144456452539566,-0.46446180443967217
2019-01-01,ARSON AND CRIMINAL DAMAGE,4547.0,20.0,-0.09046767877498361,0.035657080754175716,0.12612475952915933
2019-02-01,ARSON AND CRIMINAL DAMAGE,4370.0,20.0,-0.5467572575551186,0.035657080754175716,0.5824143383092943
2019-03-01,ARSON AND CRIMINAL DAMAGE,4968.0,13.0,0.9948312628433037,-0.28228522263722416,-1.277116485480528
2019-04-01,ARSON AND CRIMINAL DAMAGE,4727.0,28.0,0.373555621679391,0.3990197132014899,0.025464091522098886
2019-05-01,ARSON AND CRIMINAL DAMAGE,4895.0,21.0,0.8066440354368073,0.08107740981008998,-0.7255666256267173
2019-06-01,ARSON AND CRIMINAL DAMAGE,4711.0,59.0,0.3323091060834466,1.8070499139348324,1.4747408078513857
2019-07-01,ARSON AND CRIMINAL DAMAGE,4924.0,30.0,0.8814033449544566,0.48986037131331844,-0.39154297364113816
2019-08-01,ARSON AND CRIMINAL DAMAGE,4597.0,22.0,0.038427682462342676,0.12649773886600427,0.08807005640366158
2019-09-01,ARSON AND CRIMINAL DAMAGE,4578.0,30.0,-0.010552554807841313,0.48986037131331844,0.5004129261211597
2019-10-01,ARSON AND CRIMINAL DAMAGE,4880.0,11.0,0.7679754270656094,-0.37312588074905273,-1.1411013078146621
2019-11-01,ARSON AND CRIMINAL DAMAGE,4574.0,12.0,-0.020864183706827414,-0.3277055516931385,-0.30684136798631106
2019-12-01,ARSON AND CRIMINAL DAMAGE,4547.0,20.0,-0.09046767877498361,0.035657080754175716,0.12612475952915933
2020-01-01,ARSON AND CRIMINAL DAMAGE,4422.0,19.0,-0.4127060818682993,-0.009763248301738558,0.40294283356656074
2020-02-01,ARSON AND CRIMINAL DAMAGE,4341.0,11.0,-0.6215165670727679,-0.37312588074905273,0.2483906863237152
2020-03-01,ARSON AND CRIMINAL DAMAGE,4386.0,11.0,-0.5055107419591742,-0.37312588074905273,0.1323848612101215
2020-04-01,ARSON AND CRIMINAL DAMAGE,3486.0,8.0,-2.8256272442310473,-0.5093868679167955,2.316240376314252
2020-05-01,ARSON AND CRIMINAL DAMAGE,3903.0,33.0,-1.7506399315117462,0.6261213584810612,2.3767612899928077
2020-06-01,ARSON AND CRIMINAL DAMAGE,4341.0,7.0,-0.6215165670727679,-0.5548071969727099,0.06670937010005806
2020-07-01,ARSON AND CRIMINAL DAMAGE,4702.0,11.0,0.30910794106072786,-0.37312588074905273,-0.6822338218097805
2020-08-01,ARSON AND CRIMINAL DAMAGE,4681.0,13.0,0.2549718893410508,-0.28228522263722416,-0.537257111978275
2020-09-01,ARSON AND CRIMINAL DAMAGE,4286.0,7.0,-0.7633014644338268,-0.5548071969727099,0.208494267461117
2020-10-01,ARSON AND CRIMINAL DAMAGE,4304.0,2.0,-0.7168991343883894,-0.7819088422522812,-0.06500970786389182
2020-11-01,ARSON AND CRIMINAL DAMAGE,4167.0,4.0,-1.0700724241786634,-0.6910681841404527,0.37900424003821076
2020-12-01,ARSON AND CRIMINAL DAMAGE,4038.0,7.0,-1.4026224561709653,-0.5548071969727099,0.8478152591982554
2021-01-01,ARSON AND CRIMINAL DAMAGE,3621.0,5.0,-2.4776097688902663,-0.6456478550845384,1.831961913805728
2021-02-01,ARSON AND CRIMINAL DAMAGE,3530.0,4.0,-2.7121993263422004,-0.6910681841404527,2.0211311422017477
2021-03-01,ARSON AND CRIMINAL DAMAGE,4138.0,8.0,-1.1448317336963125,-0.5093868679167955,0.635444865779517
2021-04-01,ARSON AND CRIMINAL DAMAGE,4226.0,11.0,-0.9179758979186183,-0.37312588074905273,0.5448500171695656
2021-05-01,ARSON AND CRIMINAL DAMAGE,4645.0,29.0,0.1621672292501759,0.44444004225740413,0.28227281300722823
2021-06-01,ARSON AND CRIMINAL DAMAGE,4842.0,11.0,0.6700149525252415,-0.37312588074905273,-1.0431408332742942
2021-07-01,ARSON AND CRIMINAL DAMAGE,4682.0,15.0,0.25754979656579735,-0.19144456452539566,-0.448994361091193
2021-08-01,ARSON AND CRIMINAL DAMAGE,4463.0,6.0,-0.30701188565369175,-0.6002275260286241,-0.2932156403749323
2021-09-01,ARSON AND CRIMINAL DAMAGE,4421.0,3.0,-0.41528398909304587,-0.7364885131963669,-0.321204524103321
2021-10-01,ARSON AND CRIMINAL DAMAGE,4666.0,11.0,0.21630328096985293,-0.37312588074905273,-0.5894291617189057
2021-11-01,ARSON AND CRIMINAL DAMAGE,4429.0,10.0,-0.3946607312950736,-0.418546209804967,-0.023885478509893365
2021-12-01,ARSON AND CRIMINAL DAMAGE,4134.0,13.0,-1.1551433625952987,-0.28228522263722416,0.8728581399580746
2022-01-01,ARSON AND CRIMINAL DAMAGE,4240.0,4.0,-0.881885196772167,-0.6910681841404527,0.19081701263171436
2022-02-01,ARSON AND CRIMINAL DAMAGE,3818.0,9.0,-1.9697620456152007,-0.4639665388608813,1.5057955067543194
2022-03-01,ARSON AND CRIMINAL DAMAGE,4317.0,7.0,-0.6833863404666846,-0.5548071969727099,0.1285791434939747
2022-04-01,ARSON AND CRIMINAL DAMAGE,4454.0,8.0,-0.3302130506764105,-0.5093868679167955,-0.17917381724038506
2022-05-01,ARSON AND CRIMINAL DAMAGE,4546.0,6.0,-0.09304558599973013,-0.6002275260286241,-0.5071819400288939
2022-06-01,ARSON AND CRIMINAL DAMAGE,4434.0,13.0,-0.381771195171341,-0.28228522263722416,0.09948597253411684
2022-07-01,ARSON AND CRIMINAL DAMAGE,4641.0,27.0,0.1518556003511898,0.3535993841455756,0.20174378379438582
2022-08-01,ARSON AND CRIMINAL DAMAGE,4560.0,22.0,-0.05695488485327878,0.12649773886600427,0.18345262371928306
2022-09-01,ARSON AND CRIMINAL DAMAGE,4122.0,4.0,-1.186078249292257,-0.6910681841404527,0.49501006515180435
2022-10-01,ARSON AND CRIMINAL DAMAGE,4522.0,4.0,-0.15491535939364676,-0.6910681841404527,-0.5361528247468059
2022-11-01,ARSON AND CRIMINAL DAMAGE,4325.0,6.0,-0.6627630826687123,-0.6002275260286241,0.06253555664008825
2022-12-01,ARSON AND CRIMINAL DAMAGE,3997.0,2.0,-1.5083166523855727,-0.7819088422522812,0.7264078101332915
2023-01-01,ARSON AND CRIMINAL DAMAGE,4228.0,13.0,-0.9128200834691254,-0.28228522263722416,0.6305348608319012
2023-02-01,ARSON AND CRIMINAL DAMAGE,4050.0,5.0,-1.371687569474007,-0.6456478550845384,0.7260397143894686
2023-03-01,ARSON AND CRIMINAL DAMAGE,4421.0,15.0,-0.41528398909304587,-0.19144456452539566,0.2238394245676502
2023-04-01,ARSON AND CRIMINAL DAMAGE,4410.0,25.0,-0.44364096856525764,0.26275872603374706,0.7063996945990048
2023-05-01,ARSON AND CRIMINAL DAMAGE,4985.0,7.0,1.0386556856639946,-0.5548071969727099,-1.5934628826367043
2023-06-01,ARSON AND CRIMINAL DAMAGE,4963.0,7.0,0.981941726719571,-0.5548071969727099,-1.5367489236922809
2023-07-01,ARSON AND CRIMINAL DAMAGE,5039.0,13.0,1.177862675800307,-0.28228522263722416,-1.4601478984375311
2023-08-01,ARSON AND CRIMINAL DAMAGE,4890.0,21.0,0.7937544993130747,0.08107740981008998,-0.7126770895029848
2023-09-01,ARSON AND CRIMINAL DAMAGE,5013.0,12.0,1.1108370879568974,-0.3277055516931385,-1.4385426396500358
2023-10-01,ARSON AND CRIMINAL DAMAGE,4610.0,18.0,0.0719404763840475,-0.05518357735765283,-0.12712405374170033
2023-11-01,ARSON AND CRIMINAL DAMAGE,4592.0,12.0,0.025538146338610047,-0.3277055516931385,-0.35324369803174854
2023-12-01,ARSON AND CRIMINAL DAMAGE,4706.0,36.0,0.319419569959714,0.762382345648804,0.44296277568909004
2024-01-01,ARSON AND CRIMINAL DAMAGE,4793.0,22.0,0.5436974985126617,0.12649773886600427,-0.41719975964665745
2024-02-01,ARSON AND CRIMINAL DAMAGE,4503.0,18.0,-0.20389559666383075,-0.05518357735765283,0.14871201930617792
2024-03-01,ARSON AND CRIMINAL DAMAGE,4521.0,20.0,-0.15749326661839327,0.035657080754175716,0.19315034737256898
2024-04-01,ARSON AND CRIMINAL DAMAGE,4533.0,15.0,-0.12655837992143495,-0.19144456452539566,-0.0648861846039607
2024-05-01,ARSON AND CRIMINAL DAMAGE,4703.0,9.0,0.3116858482854744,-0.4639665388608813,-0.7756523871463556
2024-06-01,ARSON AND CRIMINAL DAMAGE,4758.0,12.0,0.45347074564653334,-0.3277055516931385,-0.7811762973396719
2024-07-01,ARSON AND CRIMINAL DAMAGE,5341.0,8.0,1.9563906576737577,-0.5093868679167955,-2.4657775255905534
2024-08-01,ARSON AND CRIMINAL DAMAGE,5125.0,44.0,1.3995626971285082,1.1257449780961182,-0.27381771903239005
2024-09-01,ARSON AND CRIMINAL DAMAGE,4618.0,13.0,0.09256373418201971,-0.28228522263722416,-0.3748489568192439
2024-10-01,ARSON AND CRIMINAL DAMAGE,4589.0,12.0,0.01780442466437047,-0.3277055516931385,-0.34550997635750896
2024-11-01,ARSON AND CRIMINAL DAMAGE,4567.0,7.0,-0.038909534280053094,-0.5548071969727099,-0.5158976626926568
2024-12-01,ARSON AND CRIMINAL DAMAGE,4183.0,10.0,-1.028825908582719,-0.418546209804967,0.6102796987777519
2025-01-01,ARSON AND CRIMINAL DAMAGE,4254.0,4.0,-0.8457944956257156,-0.6910681841404527,0.15472631148526295
2025-02-01,ARSON AND CRIMINAL DAMAGE,4092.0,6.0,-1.2634154660346528,-0.6002275260286241,0.6631879400060288
2025-03-01,ARSON AND CRIMINAL DAMAGE,4569.0,18.0,-0.033753719830560046,-0.05518357735765283,-0.021429857527092783
2025-04-01,ARSON AND CRIMINAL DAMAGE,4677.0,7.0,0.24466026044206474,-0.5548071969727099,-0.7994674574147747
2025-05-01,ARSON AND CRIMINAL DAMAGE,4867.0,98.0,0.7344626331439046,3.578442747115489,2.8439801139715843
2025-06-01,ARSON AND CRIMINAL DAMAGE,4837.0,13.0,0.6571254164015088,-0.28228522263722416,-0.9394106390387329
2025-07-01,ARSON AND CRIMINAL DAMAGE,5227.0,22.0,1.662509234052654,0.12649773886600427,-1.5360114951866497
2025-08-01,ARSON AND CRIMINAL DAMAGE,4856.0,20.0,0.7061056536716929,0.035657080754175716,-0.6704485729175171
2025-09-01,ARSON AND CRIMINAL DAMAGE,4507.0,15.0,-0.19358396776484463,-0.19144456452539566,0.0021394032394489726
2025-10-01,ARSON AND CRIMINAL DAMAGE,4653.0,23.0,0.18279048704814813,0.17191806792191852,-0.010872419126229604
2025-11-01,ARSON AND CRIMINAL DAMAGE,4447.0,11.0,-0.3482584012496362,-0.37312588074905273,-0.024867479499416534
2025-12-01,ARSON AND CRIMINAL DAMAGE,4184.0,1.0,-1.0262480013579725,-0.8273291713081955,0.19891883004977695
2026-01-01,ARSON AND CRIMINAL DAMAGE,4260.0,14.0,-0.8303270522772365,-0.2368648935813099,0.5934621586959266
2026-02-01,ARSON AND CRIMINAL DAMAGE,3971.0,8.0,-1.5753422402289825,-0.5093868679167955,1.065955372312187
2017-04-01,BURGLARY,5852.0,15.0,0.19817898817647656,-0.0997397728773898,-0.2979187610538664
2017-05-01,BURGLARY,5826.0,4.0,0.17557499715081307,-0.5478073785136031,-0.7233823756644161
2017-06-01,BURGLARY,5731.0,8.0,0.09298349148011958,-0.38487370373679824,-0.47785719521691783
2017-07-01,BURGLARY,6216.0,10.0,0.5146348625357653,-0.30340686634839586,-0.8180417288841612
2017-08-01,BURGLARY,6267.0,9.0,0.5589734603168744,-0.3441402850425971,-0.9031137453594715
2017-09-01,BURGLARY,6045.0,18.0,0.36597015232851704,0.02246048320521382,-0.3435096691233032
2017-10-01,BURGLARY,6721.0,15.0,0.9536739189957676,-0.0997397728773898,-1.0534136918731574
2017-11-01,BURGLARY,7348.0,15.0,1.4987778564223446,-0.0997397728773898,-1.5985176292997345
2017-12-01,BURGLARY,6989.0,24.0,1.1866689034141449,0.2668609953704211,-0.9198079080437238
2018-01-01,BURGLARY,7639.0,23.0,1.751768679055732,0.22612757667621985,-1.5256411023795122
2018-02-01,BURGLARY,6600.0,7.0,0.8484784222994106,-0.42560712243099946,-1.27408554473041
2018-03-01,BURGLARY,6360.0,23.0,0.6398261974471323,0.22612757667621985,-0.41369862077091246
2018-04-01,BURGLARY,6356.0,251.0,0.6363486603662609,9.513347038954096,8.876998378587835
2018-05-01,BURGLARY,6385.0,53.0,0.6615608042025779,1.4481301375022562,0.7865693332996783
2018-06-01,BURGLARY,6092.0,35.0,0.40683121302875486,0.7149286010066344,0.3080973879778795
2018-07-01,BURGLARY,6301.0,14.0,0.5885325255042805,-0.14047319157159102,-0.7290057170758715
2018-08-01,BURGLARY,6506.0,27.0,0.7667563008989349,0.38906125145302467,-0.3776950494459102
2018-09-01,BURGLARY,6089.0,24.0,0.4042230602181014,0.2668609953704211,-0.13736206484768032
2018-10-01,BURGLARY,7149.0,29.0,1.3257703866489972,0.4705280888414271,-0.85524229780757
2018-11-01,BURGLARY,7887.0,30.0,1.9673759780697528,0.5112615075356283,-1.4561144705341245
2018-12-01,BURGLARY,7159.0,38.0,1.3344642293511755,0.837128857089238,-0.49733537226193747
2019-01-01,BURGLARY,7455.0,17.0,1.591801973335652,-0.01827293548898739,-1.6100749088246396
2019-02-01,BURGLARY,6680.0,36.0,0.9180291639168366,0.7556620197008356,-0.16236714421600107
2019-03-01,BURGLARY,7219.0,21.0,1.386627285564245,0.14466073928781745,-1.2419665462764276
2019-04-01,BURGLARY,6316.0,12.0,0.601573289557548,-0.22194002895999343,-0.8235133185175414
2019-05-01,BURGLARY,6408.0,33.0,0.681556642417588,0.6334617636182319,-0.04809487879935603
2019-06-01,BURGLARY,6368.0,20.0,0.6467812716088749,0.10392732059361624,-0.5428539510152587
2019-07-01,BURGLARY,6304.0,9.0,0.591140678314934,-0.3441402850425971,-0.9352809633575311
2019-08-01,BURGLARY,6163.0,15.0,0.4685574962142205,-0.0997397728773898,-0.5682972690916103
2019-09-01,BURGLARY,6526.0,7.0,0.7841439863032914,-0.42560712243099946,-1.209751108734291
2019-10-01,BURGLARY,7293.0,23.0,1.450961721560364,0.22612757667621985,-1.2248341448841442
2019-11-01,BURGLARY,7096.0,20.0,1.2796930203274524,0.10392732059361624,-1.1757656997338362
2019-12-01,BURGLARY,6836.0,12.0,1.0536531100708175,-0.22194002895999343,-1.275593139030811
2020-01-01,BURGLARY,6992.0,26.0,1.1892770562247985,0.3483278327588235,-0.840949223465975
2020-02-01,BURGLARY,6301.0,47.0,0.5885325255042805,1.2037296253370489,0.6151970998327684
2020-03-01,BURGLARY,5362.0,17.0,-0.22781930423025828,-0.01827293548898739,0.2095463687412709
2020-04-01,BURGLARY,3666.0,3.0,-1.7022950265196914,-0.5885407972078043,1.1137542293118872
2020-05-01,BURGLARY,3894.0,14.0,-1.504075412910027,-0.14047319157159102,1.363602221338436
2020-06-01,BURGLARY,4311.0,6.0,-1.1415421722291936,-0.4663405411252007,0.675201631103993
2020-07-01,BURGLARY,4959.0,10.0,-0.5781811651280423,-0.30340686634839586,0.27477429877964643
2020-08-01,BURGLARY,4994.0,4.0,-0.5477527156704183,-0.5478073785136031,-5.466284318478287e-05
2020-09-01,BURGLARY,5180.0,4.0,-0.38604724140990265,-0.5478073785136031,-0.1617601371037004
2020-10-01,BURGLARY,5628.0,7.0,0.0034369116476834893,-0.42560712243099946,-0.42904403407868297
2020-11-01,BURGLARY,5198.0,16.0,-0.37039832454598176,-0.05900635418318859,0.31139197036279315
2020-12-01,BURGLARY,4740.0,6.0,-0.7685763203057462,-0.4663405411252007,0.3022357791805455
2021-01-01,BURGLARY,4263.0,18.0,-1.1832726171996493,0.02246048320521382,1.205733100404863
2021-02-01,BURGLARY,4025.0,4.0,-1.390186073511492,-0.5478073785136031,0.8423786949978889
2021-03-01,BURGLARY,4607.0,9.0,-0.8842044282447171,-0.3441402850425971,0.54006414320212
2021-04-01,BURGLARY,4125.0,13.0,-1.3032476464897094,-0.1812066102657922,1.122041036223917
2021-05-01,BURGLARY,4159.0,8.0,-1.2736885813023033,-0.38487370373679824,0.8888148775655051
2021-06-01,BURGLARY,4234.0,5.0,-1.2084847610359664,-0.5070739598194018,0.7014108012165645
2021-07-01,BURGLARY,4238.0,7.0,-1.2050072239550949,-0.42560712243099946,0.7794001015240954
2021-08-01,BURGLARY,4316.0,5.0,-1.1371952508781045,-0.5070739598194018,0.6301212910587026
2021-09-01,BURGLARY,4278.0,14.0,-1.170231853146382,-0.14047319157159102,1.029758661574791
2021-10-01,BURGLARY,4717.0,34.0,-0.7885721585207562,0.6741951823124331,1.4627673408331894
2021-11-01,BURGLARY,4817.0,26.0,-0.7016337314989736,0.3483278327588235,1.049961564257797
2021-12-01,BURGLARY,4559.0,16.0,-0.9259348732151728,-0.05900635418318859,0.8669285190319842
2022-01-01,BURGLARY,4716.0,7.0,-0.789441542790974,-0.42560712243099946,0.36383442035997454
2022-02-01,BURGLARY,4174.0,6.0,-1.2606478172490359,-0.4663405411252007,0.7943072761238352
2022-03-01,BURGLARY,4428.0,18.0,-1.039824212613708,0.02246048320521382,1.0622846958189218
2022-04-01,BURGLARY,3894.0,6.0,-1.504075412910027,-0.4663405411252007,1.0377348717848265
2022-05-01,BURGLARY,4405.0,6.0,-1.0598200508287179,-0.4663405411252007,0.5934795097035173
2022-06-01,BURGLARY,4095.0,10.0,-1.3293291745962441,-0.30340686634839586,1.0259223082478481
2022-07-01,BURGLARY,3691.0,6.0,-1.6805604197642459,-0.4663405411252007,1.2142198786390452
2022-08-01,BURGLARY,4116.0,4.0,-1.3110721049216698,-0.5478073785136031,0.7632647264080668
2022-09-01,BURGLARY,4395.0,5.0,-1.0685138935308962,-0.5070739598194018,0.5614399337114944
2022-10-01,BURGLARY,4584.0,8.0,-0.9042002664597271,-0.38487370373679824,0.5193265627229289
2022-11-01,BURGLARY,4728.0,7.0,-0.7790089315483602,-0.42560712243099946,0.3534018091173607
2022-12-01,BURGLARY,4458.0,5.0,-1.013742684507173,-0.5070739598194018,0.5066687246877712
2023-01-01,BURGLARY,4995.0,10.0,-0.5468833314002005,-0.30340686634839586,0.24347646505180465
2023-02-01,BURGLARY,4439.0,8.0,-1.0302609856413119,-0.38487370373679824,0.6453872819045137
2023-03-01,BURGLARY,4660.0,4.0,-0.8381270619231723,-0.5478073785136031,0.29031968340956926
2023-04-01,BURGLARY,4387.0,21.0,-1.0754689676926388,0.14466073928781745,1.2201297069804562
2023-05-01,BURGLARY,4533.0,7.0,-0.9485388642408362,-0.42560712243099946,0.5229317418098367
2023-06-01,BURGLARY,4391.0,24.0,-1.0719914306117675,0.2668609953704211,1.3388524259821886
2023-07-01,BURGLARY,4954.0,14.0,-0.5825280864791313,-0.14047319157159102,0.44205489490754035
2023-08-01,BURGLARY,5486.0,16.0,-0.12001565472324784,-0.05900635418318859,0.06100930054005924
2023-09-01,BURGLARY,6016.0,27.0,0.34075800849220006,0.38906125145302467,0.04830324296082461
2023-10-01,BURGLARY,5796.0,18.0,0.1494934690442783,0.02246048320521382,-0.12703298583906447
2023-11-01,BURGLARY,6680.0,15.0,0.9180291639168366,-0.0997397728773898,-1.0177689367942264
2023-12-01,BURGLARY,7295.0,13.0,1.4527004901007998,-0.1812066102657922,-1.6339071003665921
2024-01-01,BURGLARY,6886.0,10.0,1.097122323581709,-0.30340686634839586,-1.4005291899301047
2024-02-01,BURGLARY,6220.0,10.0,0.5181123996166366,-0.30340686634839586,-0.8215192659650324
2024-03-01,BURGLARY,7246.0,19.0,1.4101006608601263,0.06319390189941503,-1.3469067589607113
2024-04-01,BURGLARY,6258.0,16.0,0.551149001884914,-0.05900635418318859,-0.6101553560681026
2024-05-01,BURGLARY,5997.0,17.0,0.32423970735806135,-0.01827293548898739,-0.34251264284704874
2024-06-01,BURGLARY,5831.0,15.0,0.1799219185019022,-0.0997397728773898,-0.279661691379292
2024-07-01,BURGLARY,6456.0,26.0,0.7232870873880436,0.3483278327588235,-0.3749592546292201
2024-08-01,BURGLARY,6178.0,10.0,0.4815982602674879,-0.30340686634839586,-0.7850051266158837
2024-09-01,BURGLARY,6483.0,18.0,0.7467604626839249,0.02246048320521382,-0.724299979478711
2024-10-01,BURGLARY,7246.0,10.0,1.4101006608601263,-0.30340686634839586,-1.713507527208522
2024-11-01,BURGLARY,7323.0,16.0,1.477043249666899,-0.05900635418318859,-1.5360496038500877
2024-12-01,BURGLARY,7289.0,12.0,1.4474841844794928,-0.22194002895999343,-1.6694242134394863
2025-01-01,BURGLARY,7384.0,16.0,1.5300756901501864,-0.05900635418318859,-1.589082044333375
2025-02-01,BURGLARY,6351.0,20.0,0.6320017390151719,0.10392732059361624,-0.5280744184215557
2025-03-01,BURGLARY,6563.0,29.0,0.816311204301351,0.4705280888414271,-0.34578311545992385
2025-04-01,BURGLARY,5520.0,9.0,-0.09045658953584174,-0.3441402850425971,-0.25368369550675535
2025-05-01,BURGLARY,6116.0,16.0,0.4276964355139827,-0.05900635418318859,-0.4867027896971713
2025-06-01,BURGLARY,5810.0,5.0,0.16166484882732787,-0.5070739598194018,-0.6687388086467297
2025-07-01,BURGLARY,6074.0,16.0,0.39118229616483396,-0.05900635418318859,-0.4501886503480226
2025-08-01,BURGLARY,6404.0,16.0,0.6780791053367167,-0.05900635418318859,-0.7370854595199052
2025-09-01,BURGLARY,3991.0,11.0,-1.419745138698898,-0.26267344765419465,1.1570716910447034
2025-10-01,BURGLARY,4268.0,18.0,-1.17892569584856,0.02246048320521382,1.2013861790537739
2025-11-01,BURGLARY,4398.0,9.0,-1.0659057407202428,-0.3441402850425971,0.7217654556776457
2025-12-01,BURGLARY,4173.0,10.0,-1.2615172015192537,-0.30340686634839586,0.9581103351708579
2026-01-01,BURGLARY,4270.0,18.0,-1.1771869273081246,0.02246048320521382,1.1996474105133383
2026-02-01,BURGLARY,3977.0,14.0,-1.4319165184819476,-0.14047319157159102,1.2914433269103565
2015-01-01,DOMESTIC ABUSE,7580.0,0.0,-1.840546399259643,-1.1496480802957876,0.6908983189638553
2015-02-01,DOMESTIC ABUSE,6719.0,0.0,-2.88312930103687,-1.1496480802957876,1.7334812207410824
2015-03-01,DOMESTIC ABUSE,7703.0,5.0,-1.691605984720039,-0.05862228171479943,1.6329837030052397
2015-04-01,DOMESTIC ABUSE,7374.0,0.0,-2.0899913211715,-1.1496480802957876,0.9403432408757124
2015-05-01,DOMESTIC ABUSE,8348.0,2.0,-0.9105769816465067,-0.7132377608633923,0.1973392207831144
2015-06-01,DOMESTIC ABUSE,8232.0,3.0,-1.0510411124318242,-0.4950326011471947,0.5560085112846295
2015-07-01,DOMESTIC ABUSE,8863.0,2.0,-0.28696467686686455,-0.7132377608633923,-0.42627308399652775
2015-08-01,DOMESTIC ABUSE,8539.0,3.0,-0.6792955249224064,-0.4950326011471947,0.1842629237752117
2015-09-01,DOMESTIC ABUSE,7618.0,4.0,-1.7945322874506597,-0.2768274414309971,1.5177048460196627
2015-10-01,DOMESTIC ABUSE,8322.0,5.0,-0.9420603213052848,-0.05862228171479943,0.8834380395904854
2015-11-01,DOMESTIC ABUSE,8040.0,5.0,-1.2835334668351082,-0.05862228171479943,1.2249111851203087
2015-12-01,DOMESTIC ABUSE,8564.0,16.0,-0.6490230829428122,2.3416344751633744,2.9906575581061867
2016-01-01,DOMESTIC ABUSE,8293.0,11.0,-0.9771763540016142,1.2506086765823863,2.2277850305840006
2016-02-01,DOMESTIC ABUSE,7665.0,4.0,-1.7376200965290225,-0.2768274414309971,1.4607926550980255
2016-03-01,DOMESTIC ABUSE,7987.0,7.0,-1.347711043831848,0.37778803771759584,1.7254990815494438
2016-04-01,DOMESTIC ABUSE,7925.0,1.0,-1.422786699941242,-0.93144292057959,0.49134377936165197
2016-05-01,DOMESTIC ABUSE,8671.0,3.0,-0.5194570312701486,-0.4950326011471947,0.024424430122953922
2016-06-01,DOMESTIC ABUSE,8406.0,5.0,-0.840344916253848,-0.05862228171479943,0.7817226345390486
2016-07-01,DOMESTIC ABUSE,9014.0,7.0,-0.1041191273101151,0.37778803771759584,0.4819071650277109
2016-08-01,DOMESTIC ABUSE,8871.0,8.0,-0.2772774954333944,0.5959931974337934,0.8732706928671878
2016-09-01,DOMESTIC ABUSE,7970.0,12.0,-1.3682963043779723,1.4688138362985839,2.837110140676556
2016-10-01,DOMESTIC ABUSE,8163.0,4.0,-1.1345930522955043,-0.2768274414309971,0.8577656108645073
2016-11-01,DOMESTIC ABUSE,7382.0,8.0,-2.0803041397380295,0.5959931974337934,2.676297337171823
2016-12-01,DOMESTIC ABUSE,8180.0,7.0,-1.1140077917493802,0.37778803771759584,1.4917958294669762
2017-01-01,DOMESTIC ABUSE,7867.0,4.0,-1.4930187653339007,-0.2768274414309971,1.2161913239029036
2017-02-01,DOMESTIC ABUSE,7467.0,6.0,-1.977377837007409,0.1595828780013982,2.1369607150088075
2017-03-01,DOMESTIC ABUSE,8406.0,7.0,-0.840344916253848,0.37778803771759584,1.2181329539714438
2017-04-01,DOMESTIC ABUSE,8503.0,13.0,-0.7228878413730222,1.6870189960147817,2.409906837387804
2017-05-01,DOMESTIC ABUSE,8852.0,3.0,-0.30028455133788606,-0.4950326011471947,-0.19474804980930865
2017-06-01,DOMESTIC ABUSE,9151.0,2.0,0.061773854738061545,-0.7132377608633923,-0.7750116156014538
2017-07-01,DOMESTIC ABUSE,9351.0,4.0,0.3039533905748158,-0.2768274414309971,-0.5807808320058129
2017-08-01,DOMESTIC ABUSE,8838.0,1.0,-0.31723711884645883,-0.93144292057959,-0.6142058017331311
2017-09-01,DOMESTIC ABUSE,8188.0,2.0,-1.1043206103159102,-0.7132377608633923,0.3910828494525179
2017-10-01,DOMESTIC ABUSE,8927.0,3.0,-0.2094672253991032,-0.4950326011471947,-0.2855653757480915
2017-11-01,DOMESTIC ABUSE,7979.0,13.0,-1.3573982252653183,1.6870189960147817,3.0444172212801
2017-12-01,DOMESTIC ABUSE,8712.0,7.0,-0.46981022642361403,0.37778803771759584,0.8475982641412099
2018-01-01,DOMESTIC ABUSE,8492.0,12.0,-0.7362077158440437,1.4688138362985839,2.2050215521426275
2018-02-01,DOMESTIC ABUSE,7576.0,6.0,-1.8453899899763782,0.1595828780013982,2.0049728679777763
2018-03-01,DOMESTIC ABUSE,8250.0,5.0,-1.0292449542065163,-0.05862228171479943,0.9706226724917169
2018-04-01,DOMESTIC ABUSE,8946.0,2.0,-0.18646016949461156,-0.7132377608633923,-0.5267775913687808
2018-05-01,DOMESTIC ABUSE,9534.0,2.0,0.5255476658654459,-0.7132377608633923,-1.238785426728838
2018-06-01,DOMESTIC ABUSE,9790.0,4.0,0.8355374717364913,-0.2768274414309971,-1.1123649131674884
2018-07-01,DOMESTIC ABUSE,10811.0,4.0,2.071864002183122,-0.2768274414309971,-2.348691443614119
2018-08-01,DOMESTIC ABUSE,9611.0,1.0,0.6187867871625963,-0.93144292057959,-1.5502297077421863
2018-09-01,DOMESTIC ABUSE,9142.0,11.0,0.0508757756254076,1.2506086765823863,1.1997329009569786
2018-10-01,DOMESTIC ABUSE,9171.0,10.0,0.08599180832173696,1.0324035168661887,0.9464117085444518
2018-11-01,DOMESTIC ABUSE,8509.0,12.0,-0.7156224552979196,1.4688138362985839,2.184436291596503
2018-12-01,DOMESTIC ABUSE,9642.0,11.0,0.6563246152172932,1.2506086765823863,0.594284061365093
2019-01-01,DOMESTIC ABUSE,9412.0,13.0,0.3778181490050258,1.6870189960147817,1.3092008470097558
2019-02-01,DOMESTIC ABUSE,8752.0,12.0,-0.4213743192562632,1.4688138362985839,1.890188155554847
2019-03-01,DOMESTIC ABUSE,9198.0,12.0,0.11868604565969879,1.4688138362985839,1.350127790638885
2019-04-01,DOMESTIC ABUSE,9070.0,3.0,-0.036308857275823926,-0.4950326011471947,-0.45872374387137077
2019-05-01,DOMESTIC ABUSE,9484.0,7.0,0.4650027819062573,0.37778803771759584,-0.08721474418866149
2019-06-01,DOMESTIC ABUSE,9685.0,10.0,0.7083932154221954,1.0324035168661887,0.32401030144399334
2019-07-01,DOMESTIC ABUSE,10228.0,6.0,1.365910655218983,0.1595828780013982,-1.2063277772175849
2019-08-01,DOMESTIC ABUSE,10037.0,3.0,1.1346291984948829,-0.4950326011471947,-1.6296617996420775
2019-09-01,DOMESTIC ABUSE,9170.0,12.0,0.08478091064255319,1.4688138362985839,1.3840329256560306
2019-10-01,DOMESTIC ABUSE,9410.0,12.0,0.3753963536466583,1.4688138362985839,1.0934174826519256
2019-11-01,DOMESTIC ABUSE,9211.0,10.0,0.1344277154890878,1.0324035168661887,0.8979758013771009
2019-12-01,DOMESTIC ABUSE,9570.0,15.0,0.5691399823160617,2.1234293154471766,1.554289333131115
2020-01-01,DOMESTIC ABUSE,9362.0,6.0,0.31727326504583725,0.1595828780013982,-0.15769038704443905
2020-02-01,DOMESTIC ABUSE,8896.0,6.0,-0.2470050534538001,0.1595828780013982,0.40658793145519834
2020-03-01,DOMESTIC ABUSE,9364.0,12.0,0.3196950604042048,1.4688138362985839,1.149118775894379
2020-04-01,DOMESTIC ABUSE,9437.0,26.0,0.4080905909846201,4.523686072325351,4.115595481340731
2020-05-01,DOMESTIC ABUSE,10586.0,15.0,1.7994120243667733,2.1234293154471766,0.32401729108040334
2020-06-01,DOMESTIC ABUSE,10243.0,8.0,1.3840741204067397,0.5959931974337934,-0.7880809229729463
2020-07-01,DOMESTIC ABUSE,10915.0,20.0,2.197797360818234,3.2144551140281648,1.0166577532099308
2020-08-01,DOMESTIC ABUSE,11269.0,5.0,2.626455139249289,-0.05862228171479943,-2.685077420964088
2020-09-01,DOMESTIC ABUSE,9827.0,6.0,0.8803406858662909,0.1595828780013982,-0.7207578078648926
2020-10-01,DOMESTIC ABUSE,9231.0,4.0,0.15864566907276323,-0.2768274414309971,-0.4354731105037603
2020-11-01,DOMESTIC ABUSE,9124.0,5.0,0.02907961740009972,-0.05862228171479943,-0.08770189911489915
2020-12-01,DOMESTIC ABUSE,9464.0,3.0,0.4407848283225819,-0.4950326011471947,-0.9358174294697766
2021-01-01,DOMESTIC ABUSE,8865.0,3.0,-0.284542881508497,-0.4950326011471947,-0.21048971963869773
2021-02-01,DOMESTIC ABUSE,8359.0,1.0,-0.8972571071754852,-0.93144292057959,-0.03418581340410476
2021-03-01,DOMESTIC ABUSE,9066.0,7.0,-0.04115244799255901,0.37778803771759584,0.41894048571015485
2021-04-01,DOMESTIC ABUSE,9182.0,5.0,0.09931168279275845,-0.05862228171479943,-0.1579339645075579
2021-05-01,DOMESTIC ABUSE,10290.0,2.0,1.440986311328377,-0.7132377608633923,-2.154224072191769
2021-06-01,DOMESTIC ABUSE,10043.0,1.0,1.1418945845699855,-0.93144292057959,-2.0733375051495755
2021-07-01,DOMESTIC ABUSE,10586.0,0.0,1.7994120243667733,-1.1496480802957876,-2.9490601046625606
2021-08-01,DOMESTIC ABUSE,9671.0,1.0,0.6914406479136226,-0.93144292057959,-1.6228835684932126
2021-09-01,DOMESTIC ABUSE,9547.0,2.0,0.541289335694835,-0.7132377608633923,-1.2545270965582271
2021-10-01,DOMESTIC ABUSE,10043.0,4.0,1.1418945845699855,-0.2768274414309971,-1.4187220260009825
2021-11-01,DOMESTIC ABUSE,9357.0,8.0,0.3112187766499184,0.5959931974337934,0.284774420783875
2021-12-01,DOMESTIC ABUSE,9651.0,2.0,0.6672226943299472,-0.7132377608633923,-1.3804604551933395
2022-01-01,DOMESTIC ABUSE,9671.0,0.0,0.6914406479136226,-1.1496480802957876,-1.8410887282094102
2022-02-01,DOMESTIC ABUSE,8874.0,3.0,-0.2736448023958431,-0.4950326011471947,-0.22138779875135162
2022-03-01,DOMESTIC ABUSE,9637.0,9.0,0.6502701268213743,0.8141983571499911,0.1639282303286168
2022-04-01,DOMESTIC ABUSE,9289.0,1.0,0.22887773446542198,-0.93144292057959,-1.160320655045012
2022-05-01,DOMESTIC ABUSE,9873.0,4.0,0.9360419791087443,-0.2768274414309971,-1.2128694205397414
2022-06-01,DOMESTIC ABUSE,9635.0,4.0,0.6478483314630068,-0.2768274414309971,-0.9246757728940038
2022-07-01,DOMESTIC ABUSE,10315.0,3.0,1.4712587533079713,-0.4950326011471947,-1.9662913544551661
2022-08-01,DOMESTIC ABUSE,10108.0,5.0,1.2206029337169306,-0.05862228171479943,-1.27922521543173
2022-09-01,DOMESTIC ABUSE,9285.0,2.0,0.22403414374868688,-0.7132377608633923,-0.9372719046120792
2022-10-01,DOMESTIC ABUSE,9812.0,1.0,0.8621772206785343,-0.93144292057959,-1.7936201412581243
2022-11-01,DOMESTIC ABUSE,9177.0,3.0,0.09325719439683959,-0.4950326011471947,-0.5882897955440343
2022-12-01,DOMESTIC ABUSE,9565.0,4.0,0.5630854939201428,-0.2768274414309971,-0.8399129353511399
2023-01-01,DOMESTIC ABUSE,9667.0,5.0,0.6865970571968875,-0.05862228171479943,-0.7452193389116869
2023-02-01,DOMESTIC ABUSE,8690.0,2.0,-0.496449975365657,-0.7132377608633923,-0.2167877854977353
2023-03-01,DOMESTIC ABUSE,9320.0,10.0,0.2664155625201189,1.0324035168661887,0.7659879543460698
2023-04-01,DOMESTIC ABUSE,9976.0,4.0,1.0607644400646727,-0.2768274414309971,-1.3375918814956698
2023-05-01,DOMESTIC ABUSE,10202.0,3.0,1.334427315560205,-0.4950326011471947,-1.8294599167073997
2023-06-01,DOMESTIC ABUSE,10706.0,1.0,1.9447197458688257,-0.93144292057959,-2.8761626664484155
2023-07-01,DOMESTIC ABUSE,10466.0,4.0,1.6541043028647207,-0.2768274414309971,-1.9309317442957177
2023-08-01,DOMESTIC ABUSE,10053.0,3.0,1.1540035613618231,-0.4950326011471947,-1.649036162509018
2023-09-01,DOMESTIC ABUSE,10016.0,7.0,1.1092003472320235,0.37778803771759584,-0.7314123095144277
2023-10-01,DOMESTIC ABUSE,8974.0,4.0,-0.15255503447746596,-0.2768274414309971,-0.12427240695353112
2023-11-01,DOMESTIC ABUSE,8919.0,4.0,-0.21915440683257337,-0.2768274414309971,-0.05767303459842371
2023-12-01,DOMESTIC ABUSE,9947.0,4.0,1.0256484073683434,-0.2768274414309971,-1.3024758487993404
2024-01-01,DOMESTIC ABUSE,9287.0,1.0,0.22645593910705442,-0.93144292057959,-1.1578988596866444
2024-02-01,DOMESTIC ABUSE,8662.0,0.0,-0.5303551103828026,-1.1496480802957876,-0.619292969912985
2024-03-01,DOMESTIC ABUSE,8072.0,2.0,-1.2447847411012276,-0.7132377608633923,0.5315469802378353
2024-04-01,DOMESTIC ABUSE,8124.0,0.0,-1.1818180617836715,-1.1496480802957876,0.03216998148788397
2024-05-01,DOMESTIC ABUSE,8847.0,3.0,-0.3063390397338049,-0.4950326011471947,-0.18869356141338983
2024-06-01,DOMESTIC ABUSE,8845.0,0.0,-0.30876083509217245,-1.1496480802957876,-0.8408872452036151
2024-07-01,DOMESTIC ABUSE,9212.0,0.0,0.13563861316827158,-1.1496480802957876,-1.2852866934640592
2024-08-01,DOMESTIC ABUSE,9317.0,7.0,0.26278286948256757,0.37778803771759584,0.11500516823502827
2024-09-01,DOMESTIC ABUSE,8729.0,7.0,-0.4492249658774899,0.37778803771759584,0.8270130035950858
2024-10-01,DOMESTIC ABUSE,8550.0,3.0,-0.665975650451385,-0.4950326011471947,0.17094304930419024
2024-11-01,DOMESTIC ABUSE,8551.0,20.0,-0.6647647527722012,3.2144551140281648,3.8792198668003657
2024-12-01,DOMESTIC ABUSE,9273.0,3.0,0.20950337159848162,-0.4950326011471947,-0.7045359727456764
2025-01-01,DOMESTIC ABUSE,8900.0,6.0,-0.24216146273706501,0.1595828780013982,0.4017443407384632
2025-02-01,DOMESTIC ABUSE,7944.0,2.0,-1.3997796440367503,-0.7132377608633923,0.686541883173358
2025-03-01,DOMESTIC ABUSE,9070.0,7.0,-0.036308857275823926,0.37778803771759584,0.4140968949934198
2025-04-01,DOMESTIC ABUSE,8967.0,3.0,-0.16103131823175235,-0.4950326011471947,-0.3340012829154424
2025-05-01,DOMESTIC ABUSE,9484.0,2.0,0.4650027819062573,-0.7132377608633923,-1.1782405427696496
2025-06-01,DOMESTIC ABUSE,9674.0,0.0,0.6950733409511739,-1.1496480802957876,-1.8447214212469616
2025-07-01,DOMESTIC ABUSE,10525.0,4.0,1.7255472659365632,-0.2768274414309971,-2.00237470736756
2025-08-01,DOMESTIC ABUSE,9847.0,1.0,0.9045586394499663,-0.93144292057959,-1.8360015600295563
2025-09-01,DOMESTIC ABUSE,8899.0,3.0,-0.2433723604162488,-0.4950326011471947,-0.25166024073094595
2025-10-01,DOMESTIC ABUSE,9453.0,1.0,0.42746495385156047,-0.93144292057959,-1.3589078744311505
2025-11-01,DOMESTIC ABUSE,9139.0,4.0,0.04724308258785629,-0.2768274414309971,-0.3240705240188534
2025-12-01,DOMESTIC ABUSE,9566.0,0.0,0.5642963915993265,-1.1496480802957876,-1.7139444718951142
2026-01-01,DOMESTIC ABUSE,9514.0,0.0,0.5013297122817705,-1.1496480802957876,-1.650977792577558
2026-02-01,DOMESTIC ABUSE,9021.0,3.0,-0.09564284355582871,-0.4950326011471947,-0.399389757591366
2017-04-01,DRUG OFFENCES,2891.0,99.0,-1.1586844009213968,0.24792963004717342,1.4066140309685702
2017-05-01,DRUG OFFENCES,3193.0,120.0,-0.7404392100569737,0.8270334540762785,1.5674726641332521
2017-06-01,DRUG OFFENCES,2875.0,82.0,-1.1808430865301078,-0.22086870369067355,0.9599743828394343
2017-07-01,DRUG OFFENCES,3276.0,74.0,-0.6254910284617846,-0.44147968427318973,0.18401134418859488
2017-08-01,DRUG OFFENCES,3414.0,134.0,-0.43437236508665095,1.2131026700956817,1.6474750351823326
2017-09-01,DRUG OFFENCES,3110.0,112.0,-0.8553873916521628,0.6064224734937622,1.461809865145925
2017-10-01,DRUG OFFENCES,3464.0,143.0,-0.3651264725594286,1.4612900232510126,1.8264164958104412
2017-11-01,DRUG OFFENCES,3200.0,165.0,-0.7307447851031625,2.067970219852932,2.7987150049560947
2017-12-01,DRUG OFFENCES,2619.0,90.0,-1.5353820562694862,-0.0002577231081573319,1.535124333161329
2018-01-01,DRUG OFFENCES,3098.0,84.0,-0.8720064058586962,-0.16571595854504448,0.7062904473136516
2018-02-01,DRUG OFFENCES,2845.0,125.0,-1.2223906220464413,0.964915316940351,2.1873059389867926
2018-03-01,DRUG OFFENCES,2849.0,106.0,-1.2168509506442635,0.44096423805687507,1.6578151887011385
2018-04-01,DRUG OFFENCES,3032.0,173.0,-0.9634109839946297,2.2885812004354484,3.251992184430078
2018-05-01,DRUG OFFENCES,3106.0,116.0,-0.8609270630543406,0.7167279637850203,1.577655026839361
2018-06-01,DRUG OFFENCES,2745.0,116.0,-1.360882407100886,0.7167279637850203,2.0776103708859064
2018-07-01,DRUG OFFENCES,2680.0,115.0,-1.450902067386275,0.6891515912122058,2.1400536585984806
2018-08-01,DRUG OFFENCES,3395.0,109.0,-0.4606858042469954,0.5236933557753186,0.984379160022314
2018-09-01,DRUG OFFENCES,3068.0,169.0,-0.9135539413750295,2.1782757101441903,3.0918296515192196
2018-10-01,DRUG OFFENCES,3220.0,129.0,-0.7030464280922736,1.0752208072316092,1.7782672353238826
2018-11-01,DRUG OFFENCES,3391.0,126.0,-0.4662254756491732,0.9924916895131656,1.4587171651623387
2018-12-01,DRUG OFFENCES,3276.0,128.0,-0.6254910284617846,1.0476444346587948,1.6731354631205795
2019-01-01,DRUG OFFENCES,3509.0,155.0,-0.30280516928492845,1.7922064941247868,2.095011663409715
2019-02-01,DRUG OFFENCES,3480.0,156.0,-0.34296778695071745,1.8197828666976015,2.162750653648319
2019-03-01,DRUG OFFENCES,4429.0,127.0,0.9713192532159628,1.02006806208598,0.04874880887001731
2019-04-01,DRUG OFFENCES,3714.0,123.0,-0.01889700992331683,0.9097625717947221,0.9286595817180389
2019-05-01,DRUG OFFENCES,3932.0,162.0,0.28301508149537263,1.9852411021344885,1.7022260206391158
2019-06-01,DRUG OFFENCES,4109.0,195.0,0.5281455410417397,2.895261397037368,2.3671158559956282
2019-07-01,DRUG OFFENCES,4586.0,169.0,1.1887513557514409,2.1782757101441903,0.9895243543927494
2019-08-01,DRUG OFFENCES,4865.0,128.0,1.5751434360533416,1.0476444346587948,-0.5274990013945469
2019-09-01,DRUG OFFENCES,4012.0,168.0,0.3938085095389284,2.1506993375713757,1.7568908280324473
2019-10-01,DRUG OFFENCES,4005.0,197.0,0.38411408458511725,2.950414142182997,2.5663000575978794
2019-11-01,DRUG OFFENCES,4056.0,144.0,0.45474489496288406,1.488866395823827,1.034121500860943
2019-12-01,DRUG OFFENCES,3510.0,99.0,-0.301420251434384,0.24792963004717342,0.5493498814815574
2020-01-01,DRUG OFFENCES,4733.0,106.0,1.3923342797814746,0.44096423805687507,-0.9513700417245996
2020-02-01,DRUG OFFENCES,4236.0,95.0,0.7040301080608845,0.1376241397559153,-0.5664059683049691
2020-03-01,DRUG OFFENCES,4015.0,95.0,0.39796326309056174,0.1376241397559153,-0.2603391233346464
2020-04-01,DRUG OFFENCES,5422.0,107.0,2.3465426788065984,0.4685406106296896,-1.8780020681769087
2020-05-01,DRUG OFFENCES,6898.0,97.0,4.390681426210202,0.19277688490154435,-4.197904541308658
2020-06-01,DRUG OFFENCES,5073.0,92.0,1.8632063489665867,0.05489502203747172,-1.808311326929115
2020-07-01,DRUG OFFENCES,5015.0,135.0,1.7828811136350087,1.2406790426684964,-0.5422020709665123
2020-08-01,DRUG OFFENCES,3824.0,98.0,0.13344395363657233,0.22035325747435888,0.08690930383778656
2020-09-01,DRUG OFFENCES,3789.0,97.0,0.0849718288675167,0.19277688490154435,0.10780505603402765
2020-10-01,DRUG OFFENCES,4398.0,70.0,0.9283867998490849,-0.5517851745644479,-1.4801719744135329
2020-11-01,DRUG OFFENCES,4714.0,63.0,1.36602084062113,-0.7448197825741495,-2.1108406231952794
2020-12-01,DRUG OFFENCES,3912.0,79.0,0.25531672448448367,-0.3035978214091171,-0.5589145458936008
2021-01-01,DRUG OFFENCES,4007.0,96.0,0.3868839202862061,0.16520051232872981,-0.2216834079574763
2021-02-01,DRUG OFFENCES,4357.0,65.0,0.8716051679767626,-0.6896670374285205,-1.5612722054052832
2021-03-01,DRUG OFFENCES,4437.0,88.0,0.9823985960203183,-0.055410468253786385,-1.0378090642741047
2021-04-01,DRUG OFFENCES,4053.0,70.0,0.4505901414112507,-0.5517851745644479,-1.0023753159756985
2021-05-01,DRUG OFFENCES,3708.0,83.0,-0.027206517026583513,-0.193292331117859,-0.16608581409127549
2021-06-01,DRUG OFFENCES,3505.0,67.0,-0.30834484068710627,-0.6345142922828915,-0.3261694515957852
2021-07-01,DRUG OFFENCES,3556.0,60.0,-0.23771403030933946,-0.8275489002925931,-0.5898348699832536
2021-08-01,DRUG OFFENCES,3433.0,78.0,-0.40805892592630644,-0.33117419398193165,0.07688473194437478
2021-09-01,DRUG OFFENCES,3185.0,51.0,-0.7515185528613293,-1.0757362534479238,-0.3242177005865945
2021-10-01,DRUG OFFENCES,3885.0,73.0,0.21792394251978361,-0.46905605684600427,-0.6869799993657879
2021-11-01,DRUG OFFENCES,3855.0,55.0,0.1763764070034502,-0.9654307631566658,-1.141807170160116
2021-12-01,DRUG OFFENCES,3427.0,68.0,-0.4163684330295731,-0.6069379197100769,-0.19056948668050383
2022-01-01,DRUG OFFENCES,4325.0,62.0,0.8272877967593403,-0.772396155146964,-1.5996839519063042
2022-02-01,DRUG OFFENCES,3854.0,45.0,0.17499148915290574,-1.241194488884811,-1.4161859780377166
2022-03-01,DRUG OFFENCES,4099.0,61.0,0.5142963625362953,-0.7999725277197786,-1.314268890256074
2022-04-01,DRUG OFFENCES,3274.0,54.0,-0.6282608641628735,-0.9930071357294803,-0.3647462715666068
2022-05-01,DRUG OFFENCES,3903.0,79.0,0.24285246382958364,-0.3035978214091171,-0.5464502852387008
2022-06-01,DRUG OFFENCES,3572.0,58.0,-0.2155553447006283,-0.8827016454382222,-0.6671463007375938
2022-07-01,DRUG OFFENCES,3757.0,49.0,0.04065445765009439,-1.1308889985935529,-1.1715434562436473
2022-08-01,DRUG OFFENCES,3719.0,47.0,-0.011972420670594595,-1.186041743739182,-1.1740693230685872
2022-09-01,DRUG OFFENCES,3108.0,39.0,-0.8581572273532517,-1.4066527243216982,-0.5484954969684465
2022-10-01,DRUG OFFENCES,3488.0,45.0,-0.33188844414636187,-1.241194488884811,-0.9093060447384491
2022-11-01,DRUG OFFENCES,3489.0,57.0,-0.3305035262958174,-0.9102780180110367,-0.5797744917152192
2022-12-01,DRUG OFFENCES,2892.0,42.0,-1.1572994830708523,-1.3239236066032547,-0.1666241235324024
2023-01-01,DRUG OFFENCES,3782.0,70.0,0.07527740391370556,-0.5517851745644479,-0.6270625784781534
2023-02-01,DRUG OFFENCES,3121.0,46.0,-0.8401532952961739,-1.2136181163119966,-0.3734648210158227
2023-03-01,DRUG OFFENCES,3292.0,72.0,-0.6033323428530735,-0.4966324294188188,0.10669991343425467
2023-04-01,DRUG OFFENCES,3061.0,74.0,-0.9232483663288407,-0.44147968427318973,0.48176868205565093
2023-05-01,DRUG OFFENCES,3183.0,95.0,-0.7542883885624182,0.1376241397559153,0.8919125283183336
2023-06-01,DRUG OFFENCES,3436.0,79.0,-0.4039041723746731,-0.3035978214091171,0.10030635096555596
2023-07-01,DRUG OFFENCES,3490.0,102.0,-0.32911860844527296,0.330658747765617,0.65977735621089
2023-08-01,DRUG OFFENCES,3673.0,82.0,-0.07567864179563916,-0.22086870369067355,-0.1451900618950344
2023-09-01,DRUG OFFENCES,3211.0,83.0,-0.7155106887471736,-0.193292331117859,0.5222183576293146
2023-10-01,DRUG OFFENCES,2794.0,75.0,-1.293021432424208,-0.41390331170037525,0.8791181207238328
2023-11-01,DRUG OFFENCES,2884.0,71.0,-1.168378825875208,-0.5242088019916333,0.6441700238835746
2023-12-01,DRUG OFFENCES,2608.0,85.0,-1.5506161526254751,-0.13813958597222997,1.412476566653245
2024-01-01,DRUG OFFENCES,2956.0,63.0,-1.0686647406360077,-0.7448197825741495,0.3238449580618582
2024-02-01,DRUG OFFENCES,2786.0,69.0,-1.3041007752285636,-0.5793615471372624,0.7247392280913012
2024-03-01,DRUG OFFENCES,2712.0,77.0,-1.4065846961688526,-0.3587505665547462,1.0478341296141065
2024-04-01,DRUG OFFENCES,2633.0,85.0,-1.515993206361864,-0.13813958597222997,1.3778536203896339
2024-05-01,DRUG OFFENCES,2965.0,57.0,-1.0562004799811076,-0.9102780180110367,0.14592246197007086
2024-06-01,DRUG OFFENCES,2897.0,57.0,-1.15037489381813,-0.9102780180110367,0.24009687580709327
2024-07-01,DRUG OFFENCES,3066.0,79.0,-0.9163237770761185,-0.3035978214091171,0.6127259556670013
2024-08-01,DRUG OFFENCES,3740.0,52.0,0.01711085419083879,-1.0481598808751094,-1.065270735065948
2024-09-01,DRUG OFFENCES,3966.0,59.0,0.3301022884138838,-0.8551252728654076,-1.1852275612792913
2024-10-01,DRUG OFFENCES,4250.0,92.0,0.7234189579685067,0.05489502203747172,-0.668523935931035
2024-11-01,DRUG OFFENCES,4432.0,71.0,0.9754740067675961,-0.5242088019916333,-1.4996828087592293
2024-12-01,DRUG OFFENCES,4145.0,63.0,0.5780025836613398,-0.7448197825741495,-1.3228223662354894
2025-01-01,DRUG OFFENCES,4415.0,67.0,0.9519304033083404,-0.6345142922828915,-1.586444695591232
2025-02-01,DRUG OFFENCES,3895.0,49.0,0.23177312102522807,-1.1308889985935529,-1.362662119618781
2025-03-01,DRUG OFFENCES,4237.0,81.0,0.7054150259114289,-0.24844507626348808,-0.953860102174917
2025-04-01,DRUG OFFENCES,4781.0,73.0,1.4588103366076082,-0.46905605684600427,-1.9278663934536124
2025-05-01,DRUG OFFENCES,5101.0,100.0,1.9019840487818311,0.2755060026199879,-1.6264780461618433
2025-06-01,DRUG OFFENCES,4519.0,60.0,1.095961859764963,-0.8275489002925931,-1.923510760057556
2025-07-01,DRUG OFFENCES,4736.0,71.0,1.396489033333108,-0.5242088019916333,-1.9206978353247413
2025-08-01,DRUG OFFENCES,4810.0,90.0,1.498972954273397,-0.0002577231081573319,-1.4992306773815542
2025-09-01,DRUG OFFENCES,4409.0,72.0,0.9436208962050738,-0.4966324294188188,-1.4402533256238925
2025-10-01,DRUG OFFENCES,4588.0,61.0,1.1915211914525299,-0.7999725277197786,-1.9914937191723086
2025-11-01,DRUG OFFENCES,4437.0,52.0,0.9823985960203183,-1.0481598808751094,-2.0305584768954277
2025-12-01,DRUG OFFENCES,4253.0,38.0,0.72757371152014,-1.4342290968945126,-2.1618028084146528
2026-01-01,DRUG OFFENCES,4225.0,48.0,0.6887960117048956,-1.1584653711663675,-1.8472613828712632
2026-02-01,DRUG OFFENCES,3498.0,47.0,-0.3180392656409174,-1.186041743739182,-0.8680024780982645
2020-09-01,FRAUD AND FORGERY,0.0,26.0,-0.582509891579663,0.2682727347738645,0.8507826263535275
2021-01-01,FRAUD AND FORGERY,0.0,36.0,-0.582509891579663,1.3657521043033107,1.9482619958829739
2021-05-01,FRAUD AND FORGERY,0.0,41.0,-0.582509891579663,1.9144917890680337,2.497001680647697
2021-07-01,FRAUD AND FORGERY,0.0,36.0,-0.582509891579663,1.3657521043033107,1.9482619958829739
2021-08-01,FRAUD AND FORGERY,0.0,20.0,-0.582509891579663,-0.3902148869438033,0.19229500463585975
2021-10-01,FRAUD AND FORGERY,0.0,26.0,-0.582509891579663,0.2682727347738645,0.8507826263535275
2021-11-01,FRAUD AND FORGERY,0.0,20.0,-0.582509891579663,-0.3902148869438033,0.19229500463585975
2021-12-01,FRAUD AND FORGERY,1.0,15.0,-0.4160784939854736,-0.9389545717085264,-0.5228760777230528
2022-01-01,FRAUD AND FORGERY,0.0,19.0,-0.582509891579663,-0.4999628238967479,0.08254706768291514
2022-02-01,FRAUD AND FORGERY,0.0,31.0,-0.582509891579663,0.8170124195385876,1.3995223111182507
2022-03-01,FRAUD AND FORGERY,0.0,13.0,-0.582509891579663,-1.1584504456144156,-0.5759405540347525
2022-04-01,FRAUD AND FORGERY,0.0,36.0,-0.582509891579663,1.3657521043033107,1.9482619958829739
2022-06-01,FRAUD AND FORGERY,0.0,30.0,-0.582509891579663,0.707264482585643,1.289774374165306
2022-08-01,FRAUD AND FORGERY,0.0,31.0,-0.582509891579663,0.8170124195385876,1.3995223111182507
2022-09-01,FRAUD AND FORGERY,3.0,17.0,-0.08321569879709471,-0.7194586978026372,-0.6362429990055425
2022-10-01,FRAUD AND FORGERY,0.0,9.0,-0.582509891579663,-1.5974421934261942,-1.0149323018465313
2022-11-01,FRAUD AND FORGERY,0.0,16.0,-0.582509891579663,-0.8292066347555818,-0.24669674317591872
2022-12-01,FRAUD AND FORGERY,3.0,17.0,-0.08321569879709471,-0.7194586978026372,-0.6362429990055425
2023-01-01,FRAUD AND FORGERY,0.0,23.0,-0.582509891579663,-0.06097107608496941,0.5215388154946936
2023-02-01,FRAUD AND FORGERY,1.0,16.0,-0.4160784939854736,-0.8292066347555818,-0.4131281407701082
2023-03-01,FRAUD AND FORGERY,0.0,15.0,-0.582509891579663,-0.9389545717085264,-0.3564446801288633
2023-05-01,FRAUD AND FORGERY,0.0,46.0,-0.582509891579663,2.463231473832757,3.04574136541242
2023-06-01,FRAUD AND FORGERY,0.0,27.0,-0.582509891579663,0.3780206717268091,0.9605305633064721
2023-07-01,FRAUD AND FORGERY,0.0,16.0,-0.582509891579663,-0.8292066347555818,-0.24669674317591872
2023-08-01,FRAUD AND FORGERY,2.0,28.0,-0.24964709639128416,0.4877686086797537,0.7374157050710378
2023-09-01,FRAUD AND FORGERY,1.0,25.0,-0.4160784939854736,0.15852479782091985,0.5746032918063935
2023-10-01,FRAUD AND FORGERY,1.0,32.0,-0.4160784939854736,0.9267603564915322,1.3428388504770057
2023-11-01,FRAUD AND FORGERY,1.0,29.0,-0.4160784939854736,0.5975165456326983,1.0135950396181719
2023-12-01,FRAUD AND FORGERY,2.0,22.0,-0.24964709639128416,-0.17071901303791404,0.07892808335337012
2024-01-01,FRAUD AND FORGERY,0.0,21.0,-0.582509891579663,-0.28046694999085864,0.3020429415888044
2024-02-01,FRAUD AND FORGERY,2.0,27.0,-0.24964709639128416,0.3780206717268091,0.6276677681180932
2024-03-01,FRAUD AND FORGERY,27.0,21.0,3.9111378434634516,-0.28046694999085864,-4.19160479345431
2024-04-01,FRAUD AND FORGERY,23.0,42.0,3.2454122530866942,2.0242397260209786,-1.2211725270657157
2024-05-01,FRAUD AND FORGERY,22.0,36.0,3.0789808554925044,1.3657521043033107,-1.7132287511891937
2024-06-01,FRAUD AND FORGERY,17.0,11.0,2.2468238675215573,-1.377946319520305,-3.6247701870418623
2024-07-01,FRAUD AND FORGERY,11.0,8.0,1.2482354819564208,-1.7071901303791388,-2.9554256123355596
2024-08-01,FRAUD AND FORGERY,7.0,25.0,0.582509891579663,0.15852479782091985,-0.42398509375874316
2024-09-01,FRAUD AND FORGERY,9.0,12.0,0.915372686768042,-1.2681983825673604,-2.1835710693354025
2024-10-01,FRAUD AND FORGERY,8.0,27.0,0.7489412891738525,0.3780206717268091,-0.3709206174470434
2024-11-01,FRAUD AND FORGERY,1.0,14.0,-0.4160784939854736,-1.048702508661471,-0.6326240146759974
2024-12-01,FRAUD AND FORGERY,5.0,29.0,0.24964709639128416,0.5975165456326983,0.34786944924141416
2025-01-01,FRAUD AND FORGERY,4.0,16.0,0.08321569879709471,-0.8292066347555818,-0.9124223335526764
2025-02-01,FRAUD AND FORGERY,5.0,22.0,0.24964709639128416,-0.17071901303791404,-0.42036610942919816
2025-03-01,FRAUD AND FORGERY,5.0,23.0,0.24964709639128416,-0.06097107608496941,-0.31061817247625356
2025-04-01,FRAUD AND FORGERY,5.0,11.0,0.24964709639128416,-1.377946319520305,-1.6275934159115892
2025-05-01,FRAUD AND FORGERY,2.0,24.0,-0.24964709639128416,0.04877686086797522,0.29842395725925935
2025-06-01,FRAUD AND FORGERY,3.0,10.0,-0.08321569879709471,-1.4876942564732496,-1.404478557676155
2025-07-01,FRAUD AND FORGERY,1.0,23.0,-0.4160784939854736,-0.06097107608496941,0.35510741790050415
2025-08-01,FRAUD AND FORGERY,1.0,15.0,-0.4160784939854736,-0.9389545717085264,-0.5228760777230528
2025-09-01,FRAUD AND FORGERY,0.0,18.0,-0.582509891579663,-0.6097107608496926,-0.027200869270029515
2025-10-01,FRAUD AND FORGERY,3.0,33.0,-0.08321569879709471,1.036508293444477,1.1197239922415716
2025-11-01,FRAUD AND FORGERY,8.0,42.0,0.7489412891738525,2.0242397260209786,1.275298436847126
2026-01-01,FRAUD AND FORGERY,5.0,24.0,0.24964709639128416,0.04877686086797522,-0.20087023552330893
2026-02-01,FRAUD AND FORGERY,0.0,20.0,-0.582509891579663,-0.3902148869438033,0.19229500463585975
2015-01-01,GUN CRIME,195.0,0.0,0.10721900669413895,-0.7955168293365388,-0.9027358360306778
2015-02-01,GUN CRIME,167.0,0.0,-0.4132023556815512,-0.7955168293365388,-0.38231447365498755
2015-03-01,GUN CRIME,211.0,2.0,0.40460264233739046,0.3569075504590957,-0.04769509187829474
2015-04-01,GUN CRIME,181.0,1.0,-0.15299167449370615,-0.21930463943872155,-0.0663129649450154
2015-05-01,GUN CRIME,208.0,0.0,0.3488432106542808,-0.7955168293365388,-1.1443600399908196
2015-06-01,GUN CRIME,179.0,2.0,-0.1901646289491126,0.3569075504590957,0.5470721794082083
2015-07-01,GUN CRIME,200.0,1.0,0.20015139283265507,-0.21930463943872155,-0.4194560322713766
2015-08-01,GUN CRIME,185.0,2.0,-0.07864576558289325,0.3569075504590957,0.435553316041989
2015-09-01,GUN CRIME,170.0,0.0,-0.3574429239984416,-0.7955168293365388,-0.4380739053380972
2015-10-01,GUN CRIME,197.0,3.0,0.1443919611495454,0.933119740356913,0.7887277792073677
2015-11-01,GUN CRIME,209.0,5.0,0.36742968788198405,2.0855441201525475,1.7181144322705635
2015-12-01,GUN CRIME,166.0,5.0,-0.43178883290925446,2.0855441201525475,2.517332953061802
2016-01-01,GUN CRIME,155.0,1.0,-0.6362400824139899,-0.21930463943872155,0.4169354429752683
2016-02-01,GUN CRIME,127.0,1.0,-1.1566614447896801,-0.21930463943872155,0.9373568053509586
2016-03-01,GUN CRIME,158.0,2.0,-0.5804806507308802,0.3569075504590957,0.9373882011899759
2016-04-01,GUN CRIME,199.0,0.0,0.18156491560495183,-0.7955168293365388,-0.9770817449414906
2016-05-01,GUN CRIME,220.0,3.0,0.5718809373867195,0.933119740356913,0.3612388029701935
2016-06-01,GUN CRIME,253.0,2.0,1.1852346859009257,0.3569075504590957,-0.82832713544183
2016-07-01,GUN CRIME,323.0,1.0,2.486288091840151,-0.21930463943872155,-2.705592731278873
2016-08-01,GUN CRIME,314.0,2.0,2.319009796790822,0.3569075504590957,-1.9621022463317264
2016-09-01,GUN CRIME,260.0,2.0,1.3153400264948483,0.3569075504590957,-0.9584324760357525
2016-10-01,GUN CRIME,246.0,0.0,1.0551293453070032,-0.7955168293365388,-1.850646174643542
2016-11-01,GUN CRIME,295.0,0.0,1.965866729464461,-0.7955168293365388,-2.7613835588009996
2016-12-01,GUN CRIME,238.0,4.0,0.9064375274853774,1.5093319302547303,0.6028944027693529
2017-01-01,GUN CRIME,225.0,2.0,0.6648133235252356,0.3569075504590957,-0.30790577306613987
2017-02-01,GUN CRIME,275.0,1.0,1.5941371849103967,-0.21930463943872155,-1.8134418243491182
2017-03-01,GUN CRIME,235.0,1.0,0.8506780958022678,-0.21930463943872155,-1.0699827352409894
2017-04-01,GUN CRIME,214.0,1.0,0.46036207402050017,-0.21930463943872155,-0.6796667134592217
2017-05-01,GUN CRIME,256.0,0.0,1.2409941175840353,-0.7955168293365388,-2.036510946920574
2017-06-01,GUN CRIME,287.0,1.0,1.8171749116428353,-0.21930463943872155,-2.0364795510815568
2017-07-01,GUN CRIME,355.0,3.0,3.081055363126654,0.933119740356913,-2.147935622769741
2017-08-01,GUN CRIME,259.0,0.0,1.2967535492671451,-0.7955168293365388,-2.092270378603684
2017-09-01,GUN CRIME,236.0,0.0,0.869264573029971,-0.7955168293365388,-1.6647814023665097
2017-10-01,GUN CRIME,256.0,3.0,1.2409941175840353,0.933119740356913,-0.3078743772271223
2017-11-01,GUN CRIME,278.0,2.0,1.6498966165935063,0.3569075504590957,-1.2929890661344106
2017-12-01,GUN CRIME,263.0,0.0,1.3710994581779579,-0.7955168293365388,-2.1666162875144965
2018-01-01,GUN CRIME,235.0,5.0,0.8506780958022678,2.0855441201525475,1.2348660243502798
2018-02-01,GUN CRIME,198.0,0.0,0.16297843837724862,-0.7955168293365388,-0.9584952677137875
2018-03-01,GUN CRIME,264.0,2.0,1.3896859354056612,0.3569075504590957,-1.0327783849465655
2018-04-01,GUN CRIME,273.0,8.0,1.5569642304549902,3.814180689846,2.2572164593910093
2018-05-01,GUN CRIME,303.0,1.0,2.114558547286087,-0.21930463943872155,-2.3338631867248085
2018-06-01,GUN CRIME,217.0,0.0,0.5161215057036098,-0.7955168293365388,-1.3116383350401486
2018-07-01,GUN CRIME,311.0,0.0,2.2632503651077127,-0.7955168293365388,-3.0587671944442514
2018-08-01,GUN CRIME,244.0,0.0,1.0179563908515967,-0.7955168293365388,-1.8134732201881354
2018-09-01,GUN CRIME,279.0,7.0,1.6684830938212094,3.2379684999481824,1.569485406126973
2018-10-01,GUN CRIME,270.0,1.0,1.5012047987718806,-0.21930463943872155,-1.720509438210602
2018-11-01,GUN CRIME,282.0,3.0,1.7242425255043192,0.933119740356913,-0.7911227851474062
2018-12-01,GUN CRIME,193.0,0.0,0.0700460522387325,-0.7955168293365388,-0.8655628815752713
2019-01-01,GUN CRIME,197.0,3.0,0.1443919611495454,0.933119740356913,0.7887277792073677
2019-02-01,GUN CRIME,225.0,2.0,0.6648133235252356,0.3569075504590957,-0.30790577306613987
2019-03-01,GUN CRIME,194.0,5.0,0.08863252946643572,2.0855441201525475,1.996911590686112
2019-04-01,GUN CRIME,217.0,5.0,0.5161215057036098,2.0855441201525475,1.5694226144489378
2019-05-01,GUN CRIME,186.0,4.0,-0.06005928835519004,1.5093319302547303,1.5693912186099204
2019-06-01,GUN CRIME,222.0,1.0,0.6090538918421259,-0.21930463943872155,-0.8283585312808475
2019-07-01,GUN CRIME,251.0,2.0,1.1480617314455193,0.3569075504590957,-0.7911541809864235
2019-08-01,GUN CRIME,226.0,4.0,0.6833998007529388,1.5093319302547303,0.8259321295017915
2019-09-01,GUN CRIME,212.0,1.0,0.4231891195650937,-0.21930463943872155,-0.6424937590038152
2019-10-01,GUN CRIME,257.0,0.0,1.2595805948117387,-0.7955168293365388,-2.0550974241482773
2019-11-01,GUN CRIME,220.0,1.0,0.5718809373867195,-0.21930463943872155,-0.7911855768254411
2019-12-01,GUN CRIME,175.0,0.0,-0.26451053785992545,-0.7955168293365388,-0.5310062914766134
2020-01-01,GUN CRIME,229.0,0.0,0.7391592324360484,-0.7955168293365388,-1.5346760617725872
2020-02-01,GUN CRIME,164.0,1.0,-0.4689617873646609,-0.21930463943872155,0.24965714792593932
2020-03-01,GUN CRIME,166.0,1.0,-0.43178883290925446,-0.21930463943872155,0.2124841934705329
2020-04-01,GUN CRIME,90.0,2.0,-1.8443611022146993,0.3569075504590957,2.201268652673795
2020-05-01,GUN CRIME,160.0,1.0,-0.5433076962754738,-0.21930463943872155,0.32400305683675223
2020-06-01,GUN CRIME,177.0,2.0,-0.227337583404519,0.3569075504590957,0.5842451338636148
2020-07-01,GUN CRIME,209.0,0.0,0.36742968788198405,-0.7955168293365388,-1.162946517218523
2020-08-01,GUN CRIME,205.0,1.0,0.29308377897117116,-0.21930463943872155,-0.5123884184098927
2020-09-01,GUN CRIME,201.0,6.0,0.21873787006035827,2.661756310050365,2.4430184399900066
2020-10-01,GUN CRIME,166.0,0.0,-0.43178883290925446,-0.7955168293365388,-0.3637279964272843
2020-11-01,GUN CRIME,163.0,0.0,-0.4875482645923641,-0.7955168293365388,-0.30796856474417467
2020-12-01,GUN CRIME,112.0,0.0,-1.4354586032052283,-0.7955168293365388,0.6399417738686896
2021-01-01,GUN CRIME,139.0,0.0,-0.9336237180572414,-0.7955168293365388,0.13810688872070265
2021-02-01,GUN CRIME,107.0,0.0,-1.5283909893437444,-0.7955168293365388,0.7328741600072056
2021-03-01,GUN CRIME,147.0,0.0,-0.7849319002356157,-0.7955168293365388,-0.010584929100923124
2021-04-01,GUN CRIME,135.0,0.0,-1.0079696269680543,-0.7955168293365388,0.21245279763151548
2021-05-01,GUN CRIME,122.0,4.0,-1.2495938309281962,1.5093319302547303,2.7589257611829265
2021-06-01,GUN CRIME,156.0,4.0,-0.6176536051862866,1.5093319302547303,2.126985535441017
2021-07-01,GUN CRIME,127.0,0.0,-1.1566614447896801,-0.7955168293365388,0.36114461545314136
2021-08-01,GUN CRIME,162.0,1.0,-0.5061347418200673,-0.21930463943872155,0.28683010238134576
2021-09-01,GUN CRIME,124.0,1.0,-1.2124208764727897,-0.21930463943872155,0.9931162370340682
2021-10-01,GUN CRIME,133.0,1.0,-1.0451425814234607,-0.21930463943872155,0.8258379419847391
2021-11-01,GUN CRIME,102.0,1.0,-1.6213233754822607,-0.21930463943872155,1.4020187360435392
2021-12-01,GUN CRIME,164.0,1.0,-0.4689617873646609,-0.21930463943872155,0.24965714792593932
2022-01-01,GUN CRIME,87.0,0.0,-1.9001205338978089,-0.7955168293365388,1.1046037045612702
2022-02-01,GUN CRIME,119.0,0.0,-1.3053532626113058,-0.7955168293365388,0.509836433274767
2022-03-01,GUN CRIME,109.0,0.0,-1.4912180348883382,-0.7955168293365388,0.6957012055517994
2022-04-01,GUN CRIME,121.0,0.0,-1.2681803081558993,-0.7955168293365388,0.47266347881936055
2022-05-01,GUN CRIME,153.0,0.0,-0.6734130368693964,-0.7955168293365388,-0.12210379246714242
2022-06-01,GUN CRIME,130.0,0.0,-1.1009020131065703,-0.7955168293365388,0.30538518377003154
2022-07-01,GUN CRIME,175.0,0.0,-0.26451053785992545,-0.7955168293365388,-0.5310062914766134
2022-08-01,GUN CRIME,189.0,0.0,-0.004299856672080375,-0.7955168293365388,-0.7912169726644585
2022-09-01,GUN CRIME,131.0,1.0,-1.0823155358788672,-0.21930463943872155,0.8630108964401456
2022-10-01,GUN CRIME,207.0,1.0,0.3302567334265776,-0.21930463943872155,-0.5495613728652992
2022-11-01,GUN CRIME,112.0,0.0,-1.4354586032052283,-0.7955168293365388,0.6399417738686896
2022-12-01,GUN CRIME,118.0,1.0,-1.3239397398390091,-0.21930463943872155,1.1046351004002877
2023-01-01,GUN CRIME,176.0,5.0,-0.24592406063222225,2.0855441201525475,2.33146818078477
2023-02-01,GUN CRIME,139.0,0.0,-0.9336237180572414,-0.7955168293365388,0.13810688872070265
2023-03-01,GUN CRIME,129.0,1.0,-1.1194884903342737,-0.21930463943872155,0.9001838508955521
2023-04-01,GUN CRIME,141.0,0.0,-0.896450763601835,-0.7955168293365388,0.10093393426529618
2023-05-01,GUN CRIME,140.0,4.0,-0.9150372408295382,1.5093319302547303,2.4243691710842685
2023-06-01,GUN CRIME,149.0,5.0,-0.7477589457802092,2.0855441201525475,2.833303065932757
2023-07-01,GUN CRIME,141.0,1.0,-0.896450763601835,-0.21930463943872155,0.6771461241631134
2023-08-01,GUN CRIME,148.0,0.0,-0.7663454230079124,-0.7955168293365388,-0.02917140632862636
2023-09-01,GUN CRIME,174.0,1.0,-0.2830970150876287,-0.21930463943872155,0.06379237564890713
2023-10-01,GUN CRIME,111.0,7.0,-1.4540450804329317,3.2379684999481824,4.692013580381114
2023-11-01,GUN CRIME,156.0,1.0,-0.6176536051862866,-0.21930463943872155,0.39834896574756506
2023-12-01,GUN CRIME,146.0,0.0,-0.8035183774633189,-0.7955168293365388,0.008001548126780111
2024-01-01,GUN CRIME,144.0,0.0,-0.8406913319187254,-0.7955168293365388,0.04517450258218658
2024-02-01,GUN CRIME,171.0,0.0,-0.33885644677073834,-0.7955168293365388,-0.45666038256580044
2024-03-01,GUN CRIME,183.0,3.0,-0.1158187200382997,0.933119740356913,1.0489384603952128
2024-04-01,GUN CRIME,143.0,0.0,-0.8592778091464285,-0.7955168293365388,0.0637609798098897
2024-05-01,GUN CRIME,203.0,2.0,0.2559108245157647,0.3569075504590957,0.10099672594333103
2024-06-01,GUN CRIME,182.0,0.0,-0.13440519726600292,-0.7955168293365388,-0.6611116320705359
2024-07-01,GUN CRIME,180.0,0.0,-0.17157815172140936,-0.7955168293365388,-0.6239386776151294
2024-08-01,GUN CRIME,193.0,0.0,0.0700460522387325,-0.7955168293365388,-0.8655628815752713
2024-09-01,GUN CRIME,206.0,0.0,0.3116702561988744,-0.7955168293365388,-1.1071870855354131
2024-10-01,GUN CRIME,205.0,2.0,0.29308377897117116,0.3569075504590957,0.06382377148792456
2024-11-01,GUN CRIME,194.0,0.0,0.08863252946643572,-0.7955168293365388,-0.8841493588029745
2024-12-01,GUN CRIME,193.0,0.0,0.0700460522387325,-0.7955168293365388,-0.8655628815752713
2025-01-01,GUN CRIME,175.0,1.0,-0.26451053785992545,-0.21930463943872155,0.0452058984212039
2025-02-01,GUN CRIME,169.0,1.0,-0.3760294012261448,-0.21930463943872155,0.15672476178742326
2025-03-01,GUN CRIME,140.0,1.0,-0.9150372408295382,-0.21930463943872155,0.6957326013908166
2025-04-01,GUN CRIME,180.0,0.0,-0.17157815172140936,-0.7955168293365388,-0.6239386776151294
2025-05-01,GUN CRIME,158.0,0.0,-0.5804806507308802,-0.7955168293365388,-0.2150361786056586
2025-06-01,GUN CRIME,209.0,0.0,0.36742968788198405,-0.7955168293365388,-1.162946517218523
2025-07-01,GUN CRIME,175.0,2.0,-0.26451053785992545,0.3569075504590957,0.6214180883190212
2025-08-01,GUN CRIME,132.0,2.0,-1.063729058651164,0.3569075504590957,1.4206366091102598
2025-09-01,GUN CRIME,162.0,1.0,-0.5061347418200673,-0.21930463943872155,0.28683010238134576
2025-10-01,GUN CRIME,163.0,0.0,-0.4875482645923641,-0.7955168293365388,-0.30796856474417467
2025-11-01,GUN CRIME,155.0,0.0,-0.6362400824139899,-0.7955168293365388,-0.1592767469225489
2025-12-01,GUN CRIME,170.0,4.0,-0.3574429239984416,1.5093319302547303,1.866774854253172
2026-01-01,GUN CRIME,129.0,1.0,-1.1194884903342737,-0.21930463943872155,0.9001838508955521
2026-02-01,GUN CRIME,136.0,2.0,-0.9893831497403511,0.3569075504590957,1.3462907001994469
2015-01-01,HATE CRIME,3289.0,0.0,-2.0039796569652024,-1.3206016596490089,0.6833779973161935
2015-02-01,HATE CRIME,3298.0,0.0,-1.9956693637725056,-1.3206016596490089,0.6750677041234967
2015-03-01,HATE CRIME,3891.0,26.0,-1.4481133789648277,-0.521821072458532,0.9262923065062957
2015-04-01,HATE CRIME,3891.0,17.0,-1.4481133789648277,-0.7983220449475432,0.6497913340172845
2015-05-01,HATE CRIME,4149.0,24.0,-1.2098849741075244,-0.5832657330116456,0.6266192410958787
2015-06-01,HATE CRIME,4156.0,22.0,-1.203421412735427,-0.6447103935647592,0.5587110191706678
2015-07-01,HATE CRIME,4330.0,21.0,-1.0427557443432922,-0.675432723841316,0.3673230205019762
2015-08-01,HATE CRIME,4330.0,22.0,-1.0427557443432922,-0.6447103935647592,0.398045350778533
2015-09-01,HATE CRIME,3937.0,18.0,-1.4056385470910449,-0.7675997146709864,0.6380388324200584
2015-10-01,HATE CRIME,4387.0,49.0,-0.9901238874562135,0.18479252390227438,1.1749164113584878
2015-11-01,HATE CRIME,4725.0,19.0,-0.6780262097749401,-0.7368773843944296,-0.05885117461948952
2015-12-01,HATE CRIME,4520.0,37.0,-0.8673162213863633,-0.18387543941640722,0.6834407819699562
2016-01-01,HATE CRIME,3651.0,27.0,-1.6697211974367379,-0.49109874218197525,1.1786224552547626
2016-02-01,HATE CRIME,3845.0,16.0,-1.4905882108386104,-0.8290443752241,0.6615438356145104
2016-03-01,HATE CRIME,4238.0,25.0,-1.1277054080908577,-0.5525434027350888,0.5751620053557689
2016-04-01,HATE CRIME,4501.0,74.0,-0.8848601736820562,0.9528507808161943,1.8377109544982506
2016-05-01,HATE CRIME,4927.0,113.0,-0.49150629589441575,2.1510216616019098,2.6425279574963256
2016-06-01,HATE CRIME,5362.0,102.0,-0.08984212491407866,1.813076028559785,1.9029181534738635
2016-07-01,HATE CRIME,7414.0,72.0,1.8049047230207529,0.8914061202630807,-0.9134986027576721
2016-08-01,HATE CRIME,5608.0,45.0,0.1373058890196292,0.061903202796047184,-0.07540268622358201
2016-09-01,HATE CRIME,5107.0,45.0,-0.32530043204048315,0.061903202796047184,0.3872036348365303
2016-10-01,HATE CRIME,4783.0,43.0,-0.6244709869775618,0.0004585422429335826,0.6249295292204954
2016-11-01,HATE CRIME,4454.0,31.0,-0.9282583714661385,-0.368209421075748,0.5600489503903905
2016-12-01,HATE CRIME,4667.0,45.0,-0.7315814325723183,0.061903202796047184,0.7934846353683656
2017-01-01,HATE CRIME,3953.0,38.0,-1.390864692526251,-0.15315310913985042,1.2377115833864005
2017-02-01,HATE CRIME,4027.0,41.0,-1.3225356151640786,-0.06098611831018002,1.2615494968538985
2017-03-01,HATE CRIME,5046.0,55.0,-0.3816257525687603,0.3691265055616152,0.7507522581303755
2017-04-01,HATE CRIME,4887.0,52.0,-0.5284409323064008,0.2769595147319448,0.8054004470383456
2017-05-01,HATE CRIME,5190.0,22.0,-0.24866106148561423,-0.6447103935647592,-0.396049332079145
2017-06-01,HATE CRIME,6854.0,42.0,1.2878198132529626,-0.03026378803362322,-1.3180836012865857
2017-07-01,HATE CRIME,6158.0,47.0,0.6451571396844232,0.12334786334916079,-0.5218092763352624
2017-08-01,HATE CRIME,5286.0,31.0,-0.1600179340968502,-0.368209421075748,-0.2081914869788978
2017-09-01,HATE CRIME,4707.0,38.0,-0.6946467961603333,-0.15315310913985042,0.541493687020483
2017-10-01,HATE CRIME,5023.0,27.0,-0.4028631685056517,-0.49109874218197525,-0.08823557367632356
2017-11-01,HATE CRIME,4237.0,45.0,-1.1286287740011574,0.061903202796047184,1.1905319767972045
2017-12-01,HATE CRIME,3896.0,25.0,-1.4434965494133296,-0.5525434027350888,0.8909531466782408
2018-01-01,HATE CRIME,4092.0,69.0,-1.262516830994603,0.7992391294334104,2.0617559604280133
2018-02-01,HATE CRIME,3783.0,38.0,-1.5478368972771872,-0.15315310913985042,1.3946837881373368
2018-03-01,HATE CRIME,4974.0,101.0,-0.44810809811033336,1.782353698283228,2.2304617963935613
2018-04-01,HATE CRIME,4753.0,114.0,-0.6521719642865506,2.1817439918784665,2.833915956165017
2018-05-01,HATE CRIME,5317.0,58.0,-0.1313935908775618,0.4612934963912856,0.5926870872688474
2018-06-01,HATE CRIME,5600.0,33.0,0.1299189617372322,-0.3067647605226344,-0.4366837222598666
2018-07-01,HATE CRIME,5761.0,35.0,0.2785808732954719,-0.2453200999695208,-0.5239009732649926
2018-08-01,HATE CRIME,4493.0,67.0,-0.8922471009644531,0.7377944688802968,1.63004156984475
2018-09-01,HATE CRIME,4658.0,79.0,-0.7398917257650149,1.1064624321989784,1.8463541579639933
2018-10-01,HATE CRIME,4718.0,82.0,-0.6844897711470375,1.1986294230286487,1.8831191941756862
2018-11-01,HATE CRIME,5032.0,63.0,-0.3945528753129551,0.6149051477740696,1.0094580230870247
2018-12-01,HATE CRIME,4789.0,31.0,-0.618930791515764,-0.368209421075748,0.250721370440016
2019-01-01,HATE CRIME,4328.0,35.0,-1.0446024761638915,-0.2453200999695208,0.7992823761943706
2019-02-01,HATE CRIME,4703.0,74.0,-0.6983402598015318,0.9528507808161943,1.6511910406177261
2019-03-01,HATE CRIME,5718.0,91.0,0.238876139152588,1.47513039551766,1.236254256365072
2019-04-01,HATE CRIME,5334.0,40.0,-0.11569637040246818,-0.09170844858673682,0.023987921815731353
2019-05-01,HATE CRIME,5442.0,64.0,-0.01597285209010862,0.6456274780506264,0.6616003301407349
2019-06-01,HATE CRIME,5625.0,45.0,0.15300310949472284,0.061903202796047184,-0.09109990669867565
2019-07-01,HATE CRIME,6218.0,96.0,0.7005590943024007,1.628742046900444,0.9281829525980434
2019-08-01,HATE CRIME,5653.0,37.0,0.17885735498311234,-0.18387543941640722,-0.36273279439951955
2019-09-01,HATE CRIME,5349.0,58.0,-0.1018458817479738,0.4612934963912856,0.5631393781392594
2019-10-01,HATE CRIME,5703.0,35.0,0.22502565049809362,-0.2453200999695208,-0.4703457504676144
2019-11-01,HATE CRIME,5602.0,92.0,0.13176569355783146,1.5058527257942167,1.3740870322363852
2019-12-01,HATE CRIME,5375.0,61.0,-0.07783836808018353,0.553460487220956,0.6312988553011395
2020-01-01,HATE CRIME,4990.0,58.0,-0.43333424354553934,0.4612934963912856,0.894627739936825
2020-02-01,HATE CRIME,5433.0,65.0,-0.02428314528280525,0.6763498083271832,0.7006329536099885
2020-03-01,HATE CRIME,5347.0,24.0,-0.10369261356857304,-0.5832657330116456,-0.47957311944307257
2020-04-01,HATE CRIME,4412.0,14.0,-0.9670397396987228,-0.8904890357772136,0.0765507039215092
2020-05-01,HATE CRIME,5692.0,23.0,0.21486862548479774,-0.6139880632882024,-0.8288566887730002
2020-06-01,HATE CRIME,8281.0,280.0,2.605462967250528,7.281650817786895,4.676187850536367
2020-07-01,HATE CRIME,8091.0,94.0,2.430023444293599,1.5672973863473303,-0.8627260579462688
2020-08-01,HATE CRIME,7488.0,72.0,1.873233800382925,0.8914061202630807,-0.9818276801198442
2020-09-01,HATE CRIME,6626.0,45.0,1.077292385704648,0.061903202796047184,-1.0153891829086008
2020-10-01,HATE CRIME,5777.0,61.0,0.2933547278602659,0.553460487220956,0.2601057593606901
2020-11-01,HATE CRIME,5443.0,22.0,-0.015049486179808997,-0.6447103935647592,-0.6296609073849503
2020-12-01,HATE CRIME,4829.0,18.0,-0.581996155103779,-0.7675997146709864,-0.18560355956720742
2021-01-01,HATE CRIME,4416.0,21.0,-0.9633462760575243,-0.675432723841316,0.2879135522162083
2021-02-01,HATE CRIME,4520.0,28.0,-0.8673162213863633,-0.46037641190541845,0.4069398094809449
2021-03-01,HATE CRIME,6172.0,69.0,0.658084262428618,0.7992391294334104,0.1411548670047924
2021-04-01,HATE CRIME,6296.0,41.0,0.7725816353057715,-0.06098611831018002,-0.8335677536159515
2021-05-01,HATE CRIME,7788.0,64.0,2.150243573472813,0.6456274780506264,-1.5046160954221866
2021-06-01,HATE CRIME,7351.0,34.0,1.7467326706718764,-0.2760424302460776,-2.022775100917954
2021-07-01,HATE CRIME,8159.0,34.0,2.492812326193974,-0.2760424302460776,-2.7688547564400516
2021-08-01,HATE CRIME,6295.0,20.0,0.7716582693954719,-0.7061550541178728,-1.4778133235133448
2021-09-01,HATE CRIME,6174.0,16.0,0.6599309942492172,-0.8290443752241,-1.4889753694733172
2021-10-01,HATE CRIME,6653.0,33.0,1.1022232652827377,-0.3067647605226344,-1.4089880258053722
2021-11-01,HATE CRIME,6282.0,24.0,0.7596545125615768,-0.5832657330116456,-1.3429202455732225
2021-12-01,HATE CRIME,5733.0,27.0,0.2527266278070824,-0.49109874218197525,-0.7438253699890576
2022-01-01,HATE CRIME,5435.0,29.0,-0.022436413462206,-0.4296540816288616,-0.4072176681666556
2022-02-01,HATE CRIME,5360.0,48.0,-0.09168885673467791,0.15407019362571758,0.2457590503603955
2022-03-01,HATE CRIME,6430.0,31.0,0.8963126672859213,-0.368209421075748,-1.2645220883616692
2022-04-01,HATE CRIME,5889.0,19.0,0.396771709813824,-0.7368773843944296,-1.1336490942082535
2022-05-01,HATE CRIME,6430.0,31.0,0.8963126672859213,-0.368209421075748,-1.2645220883616692
2022-06-01,HATE CRIME,6306.0,25.0,0.7818152944087677,-0.5525434027350888,-1.3343586971438566
2022-07-01,HATE CRIME,6672.0,19.0,1.1197672175784308,-0.7368773843944296,-1.8566446019728604
2022-08-01,HATE CRIME,6157.0,15.0,0.6442337737741236,-0.8597667055006568,-1.5040004792747803
2022-09-01,HATE CRIME,5270.0,21.0,-0.1747917886616442,-0.675432723841316,-0.5006409351796719
2022-10-01,HATE CRIME,5795.0,27.0,0.30997531424565916,-0.49109874218197525,-0.8010740564276344
2022-11-01,HATE CRIME,5591.0,48.0,0.12160866854453557,0.15407019362571758,0.03246152508118201
2022-12-01,HATE CRIME,4751.0,31.0,-0.6540186961071498,-0.368209421075748,0.2858092750314018
2023-01-01,HATE CRIME,5156.0,31.0,-0.2800555024358015,-0.368209421075748,-0.08815391863994648
2023-02-01,HATE CRIME,5184.0,18.0,-0.25420125694741197,-0.7675997146709864,-0.5133984577235744
2023-03-01,HATE CRIME,5724.0,33.0,0.24441633461438575,-0.3067647605226344,-0.5511810951370202
2023-04-01,HATE CRIME,5790.0,45.0,0.30535848469416105,0.061903202796047184,-0.24345528189811386
2023-05-01,HATE CRIME,6738.0,25.0,1.1807093676582059,-0.5525434027350888,-1.7332527703932947
2023-06-01,HATE CRIME,6946.0,33.0,1.372769477000528,-0.3067647605226344,-1.6795342375231626
2023-07-01,HATE CRIME,6770.0,35.0,1.210257076787794,-0.2453200999695208,-1.455577176757315
2023-08-01,HATE CRIME,6469.0,26.0,0.9323239377876067,-0.521821072458532,-1.4541450102461386
2023-09-01,HATE CRIME,6681.0,19.0,1.1280775107711274,-0.7368773843944296,-1.864954895165557
2023-10-01,HATE CRIME,8610.0,100.0,2.9092503517391046,1.7516313680066713,-1.1576189837324333
2023-11-01,HATE CRIME,8618.0,140.0,2.916637279021502,2.9805245790689434,0.06388730004744136
2023-12-01,HATE CRIME,6927.0,44.0,1.3552255247048353,0.031180872519490383,-1.3240446521853448
2024-01-01,HATE CRIME,6276.0,43.0,0.754114317099779,0.0004585422429335826,-0.7536557748568454
2024-02-01,HATE CRIME,6050.0,74.0,0.5454336213720636,0.9528507808161943,0.4074171594441307
2024-03-01,HATE CRIME,5231.0,62.0,-0.2108030591633296,0.5841828174975128,0.7949858766608424
2024-04-01,HATE CRIME,5101.0,53.0,-0.3308406275022809,0.3076818450085016,0.6385224725107825
2024-05-01,HATE CRIME,5662.0,42.0,0.18716764817580897,-0.03026378803362322,-0.2174314362094322
2024-06-01,HATE CRIME,5613.0,22.0,0.14192271857112734,-0.6447103935647592,-0.7866331121358866
2024-07-01,HATE CRIME,6116.0,16.0,0.606375771451839,-0.8290443752241,-1.435420146675939
2024-08-01,HATE CRIME,6883.0,49.0,1.3145974246516516,0.18479252390227438,-1.1298049007493773
2024-09-01,HATE CRIME,5343.0,22.0,-0.10738607720977154,-0.6447103935647592,-0.5373243163549877
2024-10-01,HATE CRIME,5351.0,34.0,-0.09999914992737453,-0.2760424302460776,-0.1760432803187031
2024-11-01,HATE CRIME,5218.0,24.0,-0.22280681599722474,-0.5832657330116456,-0.3604589170144209
2024-12-01,HATE CRIME,4383.0,14.0,-0.993817351097412,-0.8904890357772136,0.10332831532019837
2025-01-01,HATE CRIME,4542.0,16.0,-0.8470021713597715,-0.8290443752241,0.0179577961356715
2025-02-01,HATE CRIME,4346.0,20.0,-1.027981889778498,-0.7061550541178728,0.3218268356606252
2025-03-01,HATE CRIME,5160.0,11.0,-0.276362038794603,-0.982656026606884,-0.7062939878122809
2025-04-01,HATE CRIME,5231.0,18.0,-0.2108030591633296,-0.7675997146709864,-0.5567966555076569
2025-05-01,HATE CRIME,5612.0,7.0,0.1409993526608277,-1.1055453477131112,-1.246544700373939
2025-06-01,HATE CRIME,6136.0,8.0,0.6248430896578314,-1.0748230174365545,-1.699666107094386
2025-07-01,HATE CRIME,6383.0,26.0,0.8529144695018389,-0.521821072458532,-1.374735541960371
2025-08-01,HATE CRIME,6262.0,28.0,0.7411871943555842,-0.46037641190541845,-1.2015636062610027
2025-09-01,HATE CRIME,6457.0,34.0,0.9212435468640112,-0.2760424302460776,-1.1972859771100888
2025-10-01,HATE CRIME,6708.0,64.0,1.1530083903492172,0.6456274780506264,-0.5073809122985908
2025-11-01,HATE CRIME,5568.0,49.0,0.10037125260764419,0.18479252390227438,0.08442127129463019
2025-12-01,HATE CRIME,4921.0,54.0,-0.4970464913562135,0.3384041752850584,0.8354506666412719
2026-01-01,HATE CRIME,4732.0,23.0,-0.6715626484028427,-0.6139880632882024,0.05757458511464031
2026-02-01,HATE CRIME,4570.0,13.0,-0.8211479258713821,-0.9212113660537704,-0.10006344018238833
2015-01-01,KNIFE CRIME,1441.0,0.0,-0.9574052294047277,-1.7381411807846954,-0.7807359513799677
2015-02-01,KNIFE CRIME,1380.0,0.0,-1.1785988513706476,-1.7381411807846954,-0.5595423294140478
2015-03-01,KNIFE CRIME,1528.0,60.0,-0.6419323587320225,-0.7016763663139581,-0.059744007581935654
2015-04-01,KNIFE CRIME,1456.0,29.0,-0.903013355150813,-1.237183187123839,-0.33416983197302597
2015-05-01,KNIFE CRIME,1586.0,16.0,-0.4316171116168856,-1.4617505635924988,-1.0301334519756131
2015-06-01,KNIFE CRIME,1624.0,77.0,-0.29382436350696833,-0.4080113355472492,-0.11418697204028089
2015-07-01,KNIFE CRIME,1275.0,35.0,-1.5593419711480505,-1.1335367056767653,0.42580526547128517
2015-08-01,KNIFE CRIME,1582.0,39.0,-0.4461216114179295,-1.064439051378716,-0.6183174399607866
2015-09-01,KNIFE CRIME,1375.0,94.0,-1.1967294761219525,-0.11434630478054034,1.082383171341412
2015-10-01,KNIFE CRIME,1495.0,57.0,-0.7615944820906349,-0.753499607037495,0.008094875053139883
2015-11-01,KNIFE CRIME,1463.0,86.0,-0.8776304804989862,-0.2525416133766386,0.6250888671223476
2015-12-01,KNIFE CRIME,1375.0,91.0,-1.1967294761219525,-0.1661695455040772,1.0305599306178752
2016-01-01,KNIFE CRIME,1432.0,97.0,-0.9900403539570766,-0.06252306405700346,0.9275172899000731
2016-02-01,KNIFE CRIME,1169.0,45.0,-1.9437112158757144,-0.9607925699316424,0.982918645944072
2016-03-01,KNIFE CRIME,1441.0,96.0,-0.9574052294047277,-0.07979747763151575,0.8776077517732119
2016-04-01,KNIFE CRIME,1414.0,80.0,-1.0553106030617743,-0.3561880948237124,0.6991225082380619
2016-05-01,KNIFE CRIME,1720.0,107.0,0.054283631718085784,0.11022107168811941,0.05593743997003363
2016-06-01,KNIFE CRIME,1687.0,64.0,-0.06537849164052657,-0.632578712015909,-0.5672002203753824
2016-07-01,KNIFE CRIME,1859.0,80.0,0.558314999804362,-0.3561880948237124,-0.9145030946280744
2016-08-01,KNIFE CRIME,1845.0,178.0,0.5075492505007083,1.3367044354784918,0.8291551849777835
2016-09-01,KNIFE CRIME,1750.0,71.0,0.1630673802259152,-0.511657816994323,-0.6747251972202382
2016-10-01,KNIFE CRIME,1826.0,112.0,0.4386528764457497,0.19659313956068086,-0.24205973688506882
2016-11-01,KNIFE CRIME,1763.0,125.0,0.21020700457930794,0.42116051602934057,0.21095351145003263
2016-12-01,KNIFE CRIME,1693.0,93.0,-0.043621741938960686,-0.13162071835505262,-0.08799897641609195
2017-01-01,KNIFE CRIME,1901.0,84.0,0.7106122477153233,-0.2870904405256632,-0.9977026882409865
2017-02-01,KNIFE CRIME,1671.0,86.0,-0.12339649084470225,-0.2525416133766386,-0.12914512253193636
2017-03-01,KNIFE CRIME,2173.0,100.0,1.6969182341863098,-0.010699823333466602,-1.7076180575197764
2017-04-01,KNIFE CRIME,2042.0,109.0,1.2218958657021215,0.144769898837144,-1.0771259668649775
2017-05-01,KNIFE CRIME,1877.0,96.0,0.6235852489090598,-0.07979747763151575,-0.7033827265405755
2017-06-01,KNIFE CRIME,2209.0,109.0,1.8274587323957052,0.144769898837144,-1.6826888335585612
2017-07-01,KNIFE CRIME,2181.0,65.0,1.7259272337883977,-0.6153042984413967,-2.3412315322297945
2017-08-01,KNIFE CRIME,2147.0,89.0,1.6026389854795244,-0.20071837265310177,-1.8033573581326263
2017-09-01,KNIFE CRIME,2028.0,71.0,1.1711301163984678,-0.511657816994323,-1.6827879333927909
2017-10-01,KNIFE CRIME,2264.0,111.0,2.026895604660059,0.17931872598616858,-1.8475768786738904
2017-11-01,KNIFE CRIME,2136.0,71.0,1.5627516110266537,-0.511657816994323,-2.0744094280209766
2017-12-01,KNIFE CRIME,1851.0,52.0,0.5293060002022743,-0.8398716749100564,-1.3691776751123306
2018-01-01,KNIFE CRIME,2018.0,101.0,1.134868866895858,0.006574590241045685,-1.1282942766548123
2018-02-01,KNIFE CRIME,1634.0,141.0,-0.25756311400435855,0.6975511332215372,0.9551142472258958
2018-03-01,KNIFE CRIME,2027.0,147.0,1.1675039914482068,0.801197614668611,-0.3663063767795959
2018-04-01,KNIFE CRIME,2091.0,213.0,1.3995759882649095,1.9413089105864219,0.5417329223215124
2018-05-01,KNIFE CRIME,2093.0,163.0,1.4068282381654316,1.0775882318608074,-0.32924000630462413
2018-06-01,KNIFE CRIME,2206.0,209.0,1.8165803575449222,1.8722112562883728,0.05563089874345062
2018-07-01,KNIFE CRIME,2116.0,114.0,1.490229112021434,0.23114196670970544,-1.2590871453117285
2018-08-01,KNIFE CRIME,1951.0,190.0,0.8919184952283723,1.5439973983726394,0.6520789031442671
2018-09-01,KNIFE CRIME,1709.0,168.0,0.014396257265215002,1.163960299733369,1.149564042468154
2018-10-01,KNIFE CRIME,1888.0,121.0,0.6634726233619305,0.3520628617312914,-0.31140976163063905
2018-11-01,KNIFE CRIME,1823.0,261.0,0.42777450159496677,2.770480762163012,2.342706260568045
2018-12-01,KNIFE CRIME,1916.0,139.0,0.765004121969238,0.6630023060725126,-0.1020018158967253
2019-01-01,KNIFE CRIME,1918.0,288.0,0.7722563718697599,3.2368899286748434,2.4646335568050834
2019-02-01,KNIFE CRIME,1759.0,218.0,0.195702504778264,2.0276809784589833,1.8319784736807194
2019-03-01,KNIFE CRIME,1950.0,372.0,0.8882923702781113,4.687940668933876,3.7996482986557645
2019-04-01,KNIFE CRIME,2090.0,194.0,1.3959498633146485,1.6130950526706884,0.21714518935603988
2019-05-01,KNIFE CRIME,2072.0,120.0,1.3306796142099508,0.33478844815677916,-0.9958911660531717
2019-06-01,KNIFE CRIME,2024.0,226.0,1.1566256165974238,2.165876287055082,1.009250670457658
2019-07-01,KNIFE CRIME,1983.0,189.0,1.0079544936367237,1.526722984798127,0.5187684911614032
2019-08-01,KNIFE CRIME,1952.0,186.0,0.8955446201786332,1.4748997440745901,0.5793551238959569
2019-09-01,KNIFE CRIME,1813.0,208.0,0.391513252092357,1.8549368427138604,1.4634235906215034
2019-10-01,KNIFE CRIME,2021.0,158.0,1.1457472417466408,0.9912161639882461,-0.1545310777583947
2019-11-01,KNIFE CRIME,2145.0,133.0,1.5953867355790023,0.5593558246254389,-1.0360309109535635
2019-12-01,KNIFE CRIME,1858.0,148.0,0.5546888748541011,0.8184720282431233,0.26378315338902214
2020-01-01,KNIFE CRIME,1954.0,153.0,0.9027968700791552,0.9048440961156846,0.0020472260365294037
2020-02-01,KNIFE CRIME,1732.0,154.0,0.09779713112121755,0.9221185096901969,0.8243213785689794
2020-03-01,KNIFE CRIME,1583.0,81.0,-0.4424954864676685,-0.33891368124920007,0.10358180521846844
2020-04-01,KNIFE CRIME,964.0,94.0,-2.6870668306792154,-0.11434630478054034,2.572720525898675
2020-05-01,KNIFE CRIME,1183.0,62.0,-1.8929454665720606,-0.6671275391649335,1.2258179274071273
2020-06-01,KNIFE CRIME,1478.0,122.0,-0.8232386062450715,0.36933727530580374,1.1925758815508751
2020-07-01,KNIFE CRIME,1592.0,167.0,-0.4098603619153197,1.1466858861588567,1.5565462480741763
2020-08-01,KNIFE CRIME,1753.0,103.0,0.17394575507669813,0.04112341739007026,-0.13282233768662788
2020-09-01,KNIFE CRIME,1586.0,91.0,-0.4316171116168856,-0.1661695455040772,0.2654475661128084
2020-10-01,KNIFE CRIME,1483.0,44.0,-0.8051079814937666,-0.9780669835061547,-0.17295900201238812
2020-11-01,KNIFE CRIME,1284.0,43.0,-1.5267068465957017,-0.995341397080667,0.5313654495150346
2020-12-01,KNIFE CRIME,1282.0,52.0,-1.5339590964962235,-0.8398716749100564,0.6940874215861671
2021-01-01,KNIFE CRIME,1036.0,49.0,-2.425985834260425,-0.8916949156335933,1.5342909186268319
2021-02-01,KNIFE CRIME,1191.0,127.0,-1.863936466969973,0.45570934317836514,2.319645810148338
2021-03-01,KNIFE CRIME,1372.0,70.0,-1.2076078509727355,-0.5289322305688352,0.6786756204039003
2021-04-01,KNIFE CRIME,1315.0,94.0,-1.4142969731376114,-0.11434630478054034,1.299950668357071
2021-05-01,KNIFE CRIME,1311.0,66.0,-1.4288014729386551,-0.5980298848668844,0.8307715880717708
2021-06-01,KNIFE CRIME,1573.0,112.0,-0.47875673597027835,0.19659313956068086,0.6753498755309593
2021-07-01,KNIFE CRIME,1546.0,125.0,-0.5766621096273248,0.42116051602934057,0.9978226256566654
2021-08-01,KNIFE CRIME,1416.0,88.0,-1.0480583531612522,-0.21799278622761406,0.8300655669336381
2021-09-01,KNIFE CRIME,1600.0,40.0,-0.38085136231323186,-1.0471646378042039,-0.666313275490972
2021-10-01,KNIFE CRIME,1447.0,88.0,-0.9356484797031619,-0.21799278622761406,0.7176556934755478
2021-11-01,KNIFE CRIME,1350.0,67.0,-1.287382599878477,-0.5807554712923721,0.7066271285861048
2021-12-01,KNIFE CRIME,1403.0,40.0,-1.095197977514645,-1.0471646378042039,0.0480333397104411
2022-01-01,KNIFE CRIME,1466.0,80.0,-0.8667521056482033,-0.3561880948237124,0.5105640108244909
2022-02-01,KNIFE CRIME,1294.0,60.0,-1.4904455970930919,-0.7016763663139581,0.7887692307791337
2022-03-01,KNIFE CRIME,1363.0,42.0,-1.2402429755250841,-1.0126158106551792,0.22762716486990486
2022-04-01,KNIFE CRIME,1319.0,58.0,-1.3997924733365674,-0.7362251934629827,0.6635672798735848
2022-05-01,KNIFE CRIME,1527.0,61.0,-0.6455584836822834,-0.6844019527394458,-0.038843469057162405
2022-06-01,KNIFE CRIME,1519.0,48.0,-0.6745674832843713,-0.9089693292081056,-0.23440184592373425
2022-07-01,KNIFE CRIME,1615.0,55.0,-0.3264594880593172,-0.7880484341865196,-0.4615889461272024
2022-08-01,KNIFE CRIME,1625.0,143.0,-0.29019823855670734,0.7320999603705618,1.022298198927269
2022-09-01,KNIFE CRIME,1568.0,67.0,-0.49688736072158324,-0.5807554712923721,-0.08386811057078891
2022-10-01,KNIFE CRIME,1940.0,77.0,0.8520311207755015,-0.4080113355472492,-1.2600424563227506
2022-11-01,KNIFE CRIME,1616.0,88.0,-0.3228333631090562,-0.21799278622761406,0.10484057688144213
2022-12-01,KNIFE CRIME,1453.0,51.0,-0.913891730001596,-0.8571460884845687,0.05674564151702721
2023-01-01,KNIFE CRIME,1623.0,48.0,-0.2974504884572293,-0.9089693292081056,-0.6115188407508763
2023-02-01,KNIFE CRIME,1691.0,46.0,-0.050873991839482643,-0.9435181563571301,-0.8926441645176475
2023-03-01,KNIFE CRIME,1607.0,42.0,-0.355468487661405,-1.0126158106551792,-0.6571473229937743
2023-04-01,KNIFE CRIME,1617.0,70.0,-0.3192072381587952,-0.5289322305688352,-0.20972499241004
2023-05-01,KNIFE CRIME,1731.0,142.0,0.09417100617095657,0.7148255467960495,0.620654540625093
2023-06-01,KNIFE CRIME,1786.0,129.0,0.2936078784353105,0.4902581703273897,0.19665029189207922
2023-07-01,KNIFE CRIME,1851.0,118.0,0.5293060002022743,0.3002396210077546,-0.22906637919451966
2023-08-01,KNIFE CRIME,1888.0,143.0,0.6634726233619305,0.7320999603705618,0.06862733700863133
2023-09-01,KNIFE CRIME,1831.0,169.0,0.45678350119705463,1.1812347133078813,0.7244512121108266
2023-10-01,KNIFE CRIME,1521.0,89.0,-0.6673152333838493,-0.20071837265310177,0.4665968607307476
2023-11-01,KNIFE CRIME,1951.0,49.0,0.8919184952283723,-0.8916949156335933,-1.7836134108619657
2023-12-01,KNIFE CRIME,1914.0,100.0,0.757751872068716,-0.010699823333466602,-0.7684516954021826
2024-01-01,KNIFE CRIME,1749.0,136.0,0.15944125527565423,0.6111790653489758,0.4517378100733216
2024-02-01,KNIFE CRIME,1729.0,82.0,0.0869187562704346,-0.32163926767468776,-0.40855802394512236
2024-03-01,KNIFE CRIME,1974.0,92.0,0.9753193690843748,-0.1488951319295649,-1.1242145010139397
2024-04-01,KNIFE CRIME,1783.0,126.0,0.28272950358452753,0.4384349296038529,0.15570542601932535
2024-05-01,KNIFE CRIME,2180.0,130.0,1.7223011088381368,0.507532583901902,-1.2147685249362348
2024-06-01,KNIFE CRIME,1953.0,36.0,0.8991707451288942,-1.116262292102253,-2.015433037231147
2024-07-01,KNIFE CRIME,1955.0,91.0,0.9064229950294161,-0.1661695455040772,-1.0725925405334933
2024-08-01,KNIFE CRIME,2003.0,190.0,1.0804769926419433,1.5439973983726394,0.4635204057306961
2024-09-01,KNIFE CRIME,1905.0,85.0,0.7251167475163671,-0.2698160269511509,-0.994932774467518
2024-10-01,KNIFE CRIME,2038.0,77.0,1.2073913659010775,-0.4080113355472492,-1.6154027014483268
2024-11-01,KNIFE CRIME,1998.0,62.0,1.0623463678906384,-0.6671275391649335,-1.729473907055572
2024-12-01,KNIFE CRIME,1842.0,57.0,0.4966708756499254,-0.753499607037495,-1.2501704826874205
2025-01-01,KNIFE CRIME,1676.0,126.0,-0.10526586609339735,0.4384349296038529,0.5437007956972503
2025-02-01,KNIFE CRIME,1563.0,49.0,-0.5150179854728881,-0.8916949156335933,-0.37667693016070514
2025-03-01,KNIFE CRIME,1691.0,52.0,-0.050873991839482643,-0.8398716749100564,-0.7889976830705738
2025-04-01,KNIFE CRIME,1831.0,60.0,0.45678350119705463,-0.7016763663139581,-1.1584598675110127
2025-05-01,KNIFE CRIME,1724.0,58.0,0.06878813151912971,-0.7362251934629827,-0.8050133249821123
2025-06-01,KNIFE CRIME,1836.0,19.0,0.4749141259483595,-1.409927322868962,-1.8848414488173215
2025-07-01,KNIFE CRIME,1911.0,88.0,0.7468734972179331,-0.21799278622761406,-0.9648662834455471
2025-08-01,KNIFE CRIME,1585.0,58.0,-0.4352432365671466,-0.7362251934629827,-0.30098195689583607
2025-09-01,KNIFE CRIME,1570.0,27.0,-0.48963511082106126,-1.2717320142728636,-0.7820969034518024
2025-10-01,KNIFE CRIME,1671.0,97.0,-0.12339649084470225,-0.06252306405700346,0.06087342678769879
2025-11-01,KNIFE CRIME,1541.0,181.0,-0.5947927343786297,1.3885276762020287,1.9833204105806583
2025-12-01,KNIFE CRIME,1362.0,70.0,-1.2438691004753453,-0.5289322305688352,0.7149368699065101
2026-01-01,KNIFE CRIME,1516.0,46.0,-0.6854458581351542,-0.9435181563571301,-0.25807229822197586
2026-02-01,KNIFE CRIME,1422.0,99.0,-1.0263016034596864,-0.02797423690797889,0.9983273665517075
2015-01-01,LETHAL BARREL DISCHARGE,15.0,0.0,-0.6479852386786542,-1.737262210156932,-1.0892769714782777
2015-02-01,LETHAL BARREL DISCHARGE,16.0,0.0,-0.5511847682405944,-1.737262210156932,-1.1860774419163376
2015-03-01,LETHAL BARREL DISCHARGE,19.0,39.0,-0.2607833569264149,-0.21701232564920828,0.043771031277206635
2015-04-01,LETHAL BARREL DISCHARGE,24.0,45.0,0.22321899526388425,0.016872271967364592,-0.20634672329651965
2015-05-01,LETHAL BARREL DISCHARGE,22.0,17.0,0.029618054387764586,-1.0745891835766421,-1.1042072379644068
2015-06-01,LETHAL BARREL DISCHARGE,15.0,18.0,-0.6479852386786542,-1.0356084173072133,-0.3876231786285591
2015-07-01,LETHAL BARREL DISCHARGE,22.0,55.0,0.029618054387764586,0.4066799346616527,0.3770618802738881
2015-08-01,LETHAL BARREL DISCHARGE,22.0,45.0,0.029618054387764586,0.016872271967364592,-0.012745782420399993
2015-09-01,LETHAL BARREL DISCHARGE,22.0,47.0,0.029618054387764586,0.09483380450622221,0.06521575011845762
2015-10-01,LETHAL BARREL DISCHARGE,13.0,51.0,-0.8415861795547739,0.25075686958393745,1.0923430491387114
2015-11-01,LETHAL BARREL DISCHARGE,13.0,61.0,-0.8415861795547739,0.6405645322782256,1.4821507118329995
2015-12-01,LETHAL BARREL DISCHARGE,16.0,79.0,-0.5511847682405944,1.3422183251279443,1.8934030933685386
2016-01-01,LETHAL BARREL DISCHARGE,24.0,27.0,0.22321899526388425,-0.684781520882354,-0.9080005161462382
2016-02-01,LETHAL BARREL DISCHARGE,17.0,41.0,-0.45438429780253453,-0.13905079311035065,0.3153335046921839
2016-03-01,LETHAL BARREL DISCHARGE,30.0,51.0,0.8040218178922433,0.25075686958393745,-0.5532649483083059
2016-04-01,LETHAL BARREL DISCHARGE,27.0,32.0,0.5136204065780637,-0.48987768953520994,-1.0034980961132738
2016-05-01,LETHAL BARREL DISCHARGE,37.0,37.0,1.481625110958662,-0.2949738581880659,-1.7765989691467279
2016-06-01,LETHAL BARREL DISCHARGE,21.0,79.0,-0.06718241605029525,1.3422183251279443,1.4094007411782394
2016-07-01,LETHAL BARREL DISCHARGE,43.0,40.0,2.062427933587021,-0.17803155937977946,-2.2404594929668007
2016-08-01,LETHAL BARREL DISCHARGE,50.0,82.0,2.7400312266534397,1.4591606239362307,-1.280870602717209
2016-09-01,LETHAL BARREL DISCHARGE,24.0,56.0,0.22321899526388425,0.4456607009310815,0.22244170566719726
2016-10-01,LETHAL BARREL DISCHARGE,30.0,51.0,0.8040218178922433,0.25075686958393745,-0.5532649483083059
2016-11-01,LETHAL BARREL DISCHARGE,19.0,26.0,-0.2607833569264149,-0.7237622871517828,-0.4629789302253679
2016-12-01,LETHAL BARREL DISCHARGE,12.0,50.0,-0.9383866499928337,0.21177610331450866,1.1501627533073424
2017-01-01,LETHAL BARREL DISCHARGE,15.0,45.0,-0.6479852386786542,0.016872271967364592,0.6648575106460188
2017-02-01,LETHAL BARREL DISCHARGE,22.0,38.0,0.029618054387764586,-0.25599309191863706,-0.28561114630640166
2017-03-01,LETHAL BARREL DISCHARGE,21.0,79.0,-0.06718241605029525,1.3422183251279443,1.4094007411782394
2017-04-01,LETHAL BARREL DISCHARGE,26.0,41.0,0.4168199361400039,-0.13905079311035065,-0.5558707292503545
2017-05-01,LETHAL BARREL DISCHARGE,37.0,33.0,1.481625110958662,-0.4508969232657811,-1.9325220342244431
2017-06-01,LETHAL BARREL DISCHARGE,40.0,62.0,1.7720265222728415,0.6795452985476544,-1.092481223725187
2017-07-01,LETHAL BARREL DISCHARGE,44.0,19.0,2.1592284040250806,-0.9966276510377845,-3.1558560550628654
2017-08-01,LETHAL BARREL DISCHARGE,50.0,28.0,2.7400312266534397,-0.6458007546129252,-3.3858319812663646
2017-09-01,LETHAL BARREL DISCHARGE,21.0,48.0,-0.06718241605029525,0.13381457077565104,0.2009969868259463
2017-10-01,LETHAL BARREL DISCHARGE,23.0,31.0,0.1264185248258244,-0.5288584558046387,-0.6552769806304631
2017-11-01,LETHAL BARREL DISCHARGE,26.0,43.0,0.4168199361400039,-0.061089260571493026,-0.4779091967114969
2017-12-01,LETHAL BARREL DISCHARGE,27.0,30.0,0.5136204065780637,-0.5678392220740676,-1.0814596286521314
2018-01-01,LETHAL BARREL DISCHARGE,34.0,18.0,1.1912236996444825,-1.0356084173072133,-2.226832116951696
2018-02-01,LETHAL BARREL DISCHARGE,34.0,21.0,1.1912236996444825,-0.9186661184989269,-2.1098898181434094
2018-03-01,LETHAL BARREL DISCHARGE,40.0,58.0,1.7720265222728415,0.5236222334699392,-1.2484042888029023
2018-04-01,LETHAL BARREL DISCHARGE,24.0,139.0,0.22321899526388425,3.681064301293673,3.4578453060297885
2018-05-01,LETHAL BARREL DISCHARGE,47.0,108.0,2.4496298153392604,2.4726605469413796,0.023030731602119214
2018-06-01,LETHAL BARREL DISCHARGE,36.0,41.0,1.3848246405206022,-0.13905079311035065,-1.5238754336309528
2018-07-01,LETHAL BARREL DISCHARGE,43.0,54.0,2.062427933587021,0.3676991683922239,-1.694728765194797
2018-08-01,LETHAL BARREL DISCHARGE,33.0,60.0,1.0944232292064227,0.6015837660087968,-0.49283946319762584
2018-09-01,LETHAL BARREL DISCHARGE,26.0,87.0,0.4168199361400039,1.6540644552833748,1.237244519143371
2018-10-01,LETHAL BARREL DISCHARGE,48.0,60.0,2.54643028577732,0.6015837660087968,-1.9448465197685232
2018-11-01,LETHAL BARREL DISCHARGE,42.0,53.0,1.9656274631489612,0.3287184021227951,-1.636909061026166
2018-12-01,LETHAL BARREL DISCHARGE,31.0,60.0,0.900822288330303,0.6015837660087968,-0.29923852232150616
2019-01-01,LETHAL BARREL DISCHARGE,21.0,36.0,-0.06718241605029525,-0.3339546244574947,-0.26677220840719945
2019-02-01,LETHAL BARREL DISCHARGE,19.0,57.0,-0.2607833569264149,0.4846414672005103,0.7454248241269252
2019-03-01,LETHAL BARREL DISCHARGE,23.0,85.0,0.1264185248258244,1.5761029227445171,1.4496843979186926
2019-04-01,LETHAL BARREL DISCHARGE,25.0,86.0,0.32001946570194406,1.615083689013946,1.2950642233120018
2019-05-01,LETHAL BARREL DISCHARGE,17.0,34.0,-0.45438429780253453,-0.4119161569963523,0.04246814080618222
2019-06-01,LETHAL BARREL DISCHARGE,24.0,55.0,0.22321899526388425,0.4066799346616527,0.18346093939776845
2019-07-01,LETHAL BARREL DISCHARGE,25.0,67.0,0.32001946570194406,0.8744491298947984,0.5544296641928543
2019-08-01,LETHAL BARREL DISCHARGE,32.0,36.0,0.9976227587683628,-0.3339546244574947,-1.3315773832258575
2019-09-01,LETHAL BARREL DISCHARGE,20.0,58.0,-0.16398288648835507,0.5236222334699392,0.6876051199582942
2019-10-01,LETHAL BARREL DISCHARGE,17.0,27.0,-0.45438429780253453,-0.684781520882354,-0.23039722307981947
2019-11-01,LETHAL BARREL DISCHARGE,14.0,51.0,-0.744785709116714,0.25075686958393745,0.9955425787006515
2019-12-01,LETHAL BARREL DISCHARGE,33.0,78.0,1.0944232292064227,1.3032375588585154,0.2088143296520928
2020-01-01,LETHAL BARREL DISCHARGE,29.0,51.0,0.7072213474541834,0.25075686958393745,-0.45646447787024597
2020-02-01,LETHAL BARREL DISCHARGE,25.0,50.0,0.32001946570194406,0.21177610331450866,-0.1082433623874354
2020-03-01,LETHAL BARREL DISCHARGE,22.0,35.0,0.029618054387764586,-0.3729353907269235,-0.4025534451146881
2020-04-01,LETHAL BARREL DISCHARGE,4.0,13.0,-1.7127904134973122,-1.2305122486543574,0.4822781648429548
2020-05-01,LETHAL BARREL DISCHARGE,21.0,43.0,-0.06718241605029525,-0.061089260571493026,0.006093155478802223
2020-06-01,LETHAL BARREL DISCHARGE,39.0,81.0,1.6752260518347817,1.4201798576668019,-0.2550461941679798
2020-07-01,LETHAL BARREL DISCHARGE,45.0,65.0,2.2560288744631407,0.7964875973559408,-1.4595412771072
2020-08-01,LETHAL BARREL DISCHARGE,33.0,36.0,1.0944232292064227,-0.3339546244574947,-1.4283778536639173
2020-09-01,LETHAL BARREL DISCHARGE,31.0,155.0,0.900822288330303,4.304756561604534,3.403934273274231
2020-10-01,LETHAL BARREL DISCHARGE,30.0,39.0,0.8040218178922433,-0.21701232564920828,-1.0210341435414516
2020-11-01,LETHAL BARREL DISCHARGE,21.0,39.0,-0.06718241605029525,-0.21701232564920828,-0.149829909598913
2020-12-01,LETHAL BARREL DISCHARGE,9.0,24.0,-1.2287880613070132,-0.8017238196906404,0.4270642416163728
2021-01-01,LETHAL BARREL DISCHARGE,12.0,17.0,-0.9383866499928337,-1.0745891835766421,-0.1362025335838084
2021-02-01,LETHAL BARREL DISCHARGE,10.0,18.0,-1.1319875908689534,-1.0356084173072133,0.09637917356174008
2021-03-01,LETHAL BARREL DISCHARGE,19.0,20.0,-0.2607833569264149,-0.9576468847683557,-0.6968635278419408
2021-04-01,LETHAL BARREL DISCHARGE,17.0,32.0,-0.45438429780253453,-0.48987768953520994,-0.035493391732675406
2021-05-01,LETHAL BARREL DISCHARGE,19.0,98.0,-0.2607833569264149,2.0828528842470915,2.3436362411735066
2021-06-01,LETHAL BARREL DISCHARGE,28.0,85.0,0.6104208770161236,1.5761029227445171,0.9656820457283936
2021-07-01,LETHAL BARREL DISCHARGE,19.0,7.0,-0.2607833569264149,-1.4643968462709303,-1.2036134893445154
2021-08-01,LETHAL BARREL DISCHARGE,29.0,29.0,0.7072213474541834,-0.6068199883434964,-1.31404133579768
2021-09-01,LETHAL BARREL DISCHARGE,18.0,19.0,-0.35758382736447475,-0.9966276510377845,-0.6390438236733098
2021-10-01,LETHAL BARREL DISCHARGE,23.0,33.0,0.1264185248258244,-0.4508969232657811,-0.5773154480916055
2021-11-01,LETHAL BARREL DISCHARGE,11.0,33.0,-1.0351871204308936,-0.4508969232657811,0.5842901971651124
2021-12-01,LETHAL BARREL DISCHARGE,17.0,22.0,-0.45438429780253453,-0.8796853522294981,-0.42530105442696353
2022-01-01,LETHAL BARREL DISCHARGE,7.0,22.0,-1.422389002183133,-0.8796853522294981,0.5427036499536348
2022-02-01,LETHAL BARREL DISCHARGE,13.0,16.0,-0.8415861795547739,-1.113569949846071,-0.27198377029129706
2022-03-01,LETHAL BARREL DISCHARGE,12.0,17.0,-0.9383866499928337,-1.0745891835766421,-0.1362025335838084
2022-04-01,LETHAL BARREL DISCHARGE,10.0,21.0,-1.1319875908689534,-0.9186661184989269,0.21332147237002652
2022-05-01,LETHAL BARREL DISCHARGE,19.0,22.0,-0.2607833569264149,-0.8796853522294981,-0.6189019953030832
2022-06-01,LETHAL BARREL DISCHARGE,23.0,35.0,0.1264185248258244,-0.3729353907269235,-0.4993539155527479
2022-07-01,LETHAL BARREL DISCHARGE,28.0,33.0,0.6104208770161236,-0.4508969232657811,-1.0613178002819046
2022-08-01,LETHAL BARREL DISCHARGE,39.0,34.0,1.6752260518347817,-0.4119161569963523,-2.0871422088311338
2022-09-01,LETHAL BARREL DISCHARGE,22.0,77.0,0.029618054387764586,1.2642567925890866,1.234638738201322
2022-10-01,LETHAL BARREL DISCHARGE,26.0,55.0,0.4168199361400039,0.4066799346616527,-0.010140001478351202
2022-11-01,LETHAL BARREL DISCHARGE,11.0,21.0,-1.0351871204308936,-0.9186661184989269,0.11652100193196668
2022-12-01,LETHAL BARREL DISCHARGE,19.0,14.0,-0.2607833569264149,-1.1915314823849286,-0.9307481254585137
2023-01-01,LETHAL BARREL DISCHARGE,25.0,90.0,0.32001946570194406,1.7710067540916612,1.450987288389717
2023-02-01,LETHAL BARREL DISCHARGE,17.0,27.0,-0.45438429780253453,-0.684781520882354,-0.23039722307981947
2023-03-01,LETHAL BARREL DISCHARGE,14.0,39.0,-0.744785709116714,-0.21701232564920828,0.5277733834675058
2023-04-01,LETHAL BARREL DISCHARGE,17.0,74.0,-0.45438429780253453,1.1473144937808002,1.6016987915833347
2023-05-01,LETHAL BARREL DISCHARGE,24.0,77.0,0.22321899526388425,1.2642567925890866,1.0410377973252023
2023-06-01,LETHAL BARREL DISCHARGE,14.0,55.0,-0.744785709116714,0.4066799346616527,1.1514656437783668
2023-07-01,LETHAL BARREL DISCHARGE,13.0,29.0,-0.8415861795547739,-0.6068199883434964,0.2347661912112775
2023-08-01,LETHAL BARREL DISCHARGE,18.0,42.0,-0.35758382736447475,-0.10007002684092184,0.2575138005235529
2023-09-01,LETHAL BARREL DISCHARGE,12.0,47.0,-0.9383866499928337,0.09483380450622221,1.033220454499056
2023-10-01,LETHAL BARREL DISCHARGE,25.0,34.0,0.32001946570194406,-0.4119161569963523,-0.7319356226982964
2023-11-01,LETHAL BARREL DISCHARGE,12.0,26.0,-0.9383866499928337,-0.7237622871517828,0.2146243628410509
2023-12-01,LETHAL BARREL DISCHARGE,15.0,59.0,-0.6479852386786542,0.562602999739368,1.2105882384180222
2024-01-01,LETHAL BARREL DISCHARGE,22.0,25.0,0.029618054387764586,-0.7627430534212116,-0.7923611078089762
2024-02-01,LETHAL BARREL DISCHARGE,5.0,15.0,-1.6159899430592526,-1.1525507161154998,0.46343922694375284
2024-03-01,LETHAL BARREL DISCHARGE,8.0,62.0,-1.325588531745073,0.6795452985476544,2.0051338302927277
2024-04-01,LETHAL BARREL DISCHARGE,15.0,31.0,-0.6479852386786542,-0.5288584558046387,0.11912678287401546
2024-05-01,LETHAL BARREL DISCHARGE,19.0,60.0,-0.2607833569264149,0.6015837660087968,0.8623671229352117
2024-06-01,LETHAL BARREL DISCHARGE,19.0,32.0,-0.2607833569264149,-0.48987768953520994,-0.22909433260879503
2024-07-01,LETHAL BARREL DISCHARGE,12.0,57.0,-0.9383866499928337,0.4846414672005103,1.423028117193344
2024-08-01,LETHAL BARREL DISCHARGE,17.0,27.0,-0.45438429780253453,-0.684781520882354,-0.23039722307981947
2024-09-01,LETHAL BARREL DISCHARGE,18.0,43.0,-0.35758382736447475,-0.061089260571493026,0.2964945667929817
2024-10-01,LETHAL BARREL DISCHARGE,14.0,109.0,-0.744785709116714,2.5116413132108084,3.2564270223275225
2024-11-01,LETHAL BARREL DISCHARGE,20.0,55.0,-0.16398288648835507,0.4066799346616527,0.5706628211500078
2024-12-01,LETHAL BARREL DISCHARGE,13.0,48.0,-0.8415861795547739,0.13381457077565104,0.975400750330425
2025-01-01,LETHAL BARREL DISCHARGE,12.0,20.0,-0.9383866499928337,-0.9576468847683557,-0.019260234775521967
2025-02-01,LETHAL BARREL DISCHARGE,13.0,67.0,-0.8415861795547739,0.8744491298947984,1.7160353094495724
2025-03-01,LETHAL BARREL DISCHARGE,8.0,60.0,-1.325588531745073,0.6015837660087968,1.92717229775387
2025-04-01,LETHAL BARREL DISCHARGE,7.0,31.0,-1.422389002183133,-0.5288584558046387,0.8935305463784942
2025-05-01,LETHAL BARREL DISCHARGE,15.0,9.0,-0.6479852386786542,-1.3864353137320726,-0.7384500750534184
2025-06-01,LETHAL BARREL DISCHARGE,22.0,3.0,0.029618054387764586,-1.6203199113486455,-1.6499379657364102
2025-07-01,LETHAL BARREL DISCHARGE,12.0,25.0,-0.9383866499928337,-0.7627430534212116,0.1756435965716221
2025-08-01,LETHAL BARREL DISCHARGE,11.0,40.0,-1.0351871204308936,-0.17803155937977946,0.8571555610511141
2025-09-01,LETHAL BARREL DISCHARGE,9.0,48.0,-1.2287880613070132,0.13381457077565104,1.3626026320826643
2025-10-01,LETHAL BARREL DISCHARGE,7.0,45.0,-1.422389002183133,0.016872271967364592,1.4392612741504975
2025-11-01,LETHAL BARREL DISCHARGE,6.0,10.0,-1.5191894726211927,-1.3474545474626438,0.17173492515854893
2025-12-01,LETHAL BARREL DISCHARGE,9.0,46.0,-1.2287880613070132,0.055853038236793405,1.2846410995438067
2026-01-01,LETHAL BARREL DISCHARGE,12.0,24.0,-0.9383866499928337,-0.8017238196906404,0.13666283030219328
2026-02-01,LETHAL BARREL DISCHARGE,3.0,15.0,-1.809590883935372,-1.1525507161154998,0.6570401678198723
2015-01-01,MISCELLANEOUS,2524.0,0.0,-0.7714457277385773,,
2015-02-01,MISCELLANEOUS,2277.0,0.0,-0.9254343214959512,,
2015-03-01,MISCELLANEOUS,2599.0,0.0,-0.7246880575693342,,
2015-04-01,MISCELLANEOUS,2581.0,0.0,-0.7359098984099526,,
2015-05-01,MISCELLANEOUS,2829.0,0.0,-0.5812978690503221,,
2015-06-01,MISCELLANEOUS,2139.0,0.0,-1.0114684346073584,,
2015-07-01,MISCELLANEOUS,2077.0,0.0,-1.050121441947266,,
2015-08-01,MISCELLANEOUS,1997.0,0.0,-1.099996290127792,,
2015-09-01,MISCELLANEOUS,2039.0,0.0,-1.0738119948330158,,
2015-10-01,MISCELLANEOUS,2149.0,0.0,-1.0052340785847926,,
2015-11-01,MISCELLANEOUS,2321.0,0.0,-0.8980031549966618,,
2015-12-01,MISCELLANEOUS,2518.0,0.0,-0.7751863413521167,,
2016-01-01,MISCELLANEOUS,2285.0,0.0,-0.9204468366778985,,
2016-02-01,MISCELLANEOUS,2046.0,0.0,-1.06944794561722,,
2016-03-01,MISCELLANEOUS,2113.0,0.0,-1.0276777602660294,,
2016-04-01,MISCELLANEOUS,1891.0,0.0,-1.1660804639669888,,
2016-05-01,MISCELLANEOUS,2185.0,0.0,-0.982790396903556,,
2016-06-01,MISCELLANEOUS,2404.0,0.0,-0.8462580000093662,,
2016-07-01,MISCELLANEOUS,2364.0,0.0,-0.8711954240996291,,
2016-08-01,MISCELLANEOUS,2290.0,0.0,-0.9173296586666156,,
2016-09-01,MISCELLANEOUS,2240.0,0.0,-0.9485014387794444,,
2016-10-01,MISCELLANEOUS,2280.0,0.0,-0.9235640146891814,,
2016-11-01,MISCELLANEOUS,2675.0,0.0,-0.6773069517978345,,
2016-12-01,MISCELLANEOUS,3093.0,0.0,-0.4167108700545865,,
2017-01-01,MISCELLANEOUS,2607.0,0.0,-0.7197005727512816,,
2017-02-01,MISCELLANEOUS,2699.0,0.0,-0.6623444973436767,,
2017-03-01,MISCELLANEOUS,3633.0,0.0,-0.08005564483603639,,
2017-04-01,MISCELLANEOUS,3272.0,0.0,-0.30511589725065974,,
2017-05-01,MISCELLANEOUS,3386.0,0.0,-0.23404423859341025,,
2017-06-01,MISCELLANEOUS,3217.0,0.0,-0.3394048553747713,,
2017-07-01,MISCELLANEOUS,3539.0,0.0,-0.13865859144815437,,
2017-08-01,MISCELLANEOUS,3289.0,0.0,-0.29451749201229793,,
2017-09-01,MISCELLANEOUS,3074.0,0.0,-0.42855614649746143,,
2017-10-01,MISCELLANEOUS,3442.0,0.0,-0.19913184486704208,,
2017-11-01,MISCELLANEOUS,3784.0,0.0,0.014083131104706326,,
2017-12-01,MISCELLANEOUS,3349.0,0.0,-0.2571113558769035,,
2018-01-01,MISCELLANEOUS,3025.0,0.0,-0.4591044910080336,,
2018-02-01,MISCELLANEOUS,2491.0,0.0,-0.7920191026130442,,
2018-03-01,MISCELLANEOUS,2757.0,0.0,-0.6261852324127954,,
2018-04-01,MISCELLANEOUS,2610.0,0.0,-0.7178302659445119,,
2018-05-01,MISCELLANEOUS,2273.0,0.0,-0.9279280639049774,,
2018-06-01,MISCELLANEOUS,2806.0,0.0,-0.5956368879022234,,
2018-07-01,MISCELLANEOUS,2631.0,0.0,-0.7047381182971239,,
2018-08-01,MISCELLANEOUS,2427.0,0.0,-0.831918981157465,,
2018-09-01,MISCELLANEOUS,2211.0,0.0,-0.966581071244885,,
2018-10-01,MISCELLANEOUS,2729.0,0.0,-0.6436414292759796,,
2018-11-01,MISCELLANEOUS,3125.0,0.0,-0.3967609307823761,,
2018-12-01,MISCELLANEOUS,3148.0,0.0,-0.3824219119304749,,
2019-01-01,MISCELLANEOUS,2815.0,0.0,-0.5900259674819142,,
2019-02-01,MISCELLANEOUS,3250.0,0.0,-0.31883148050030435,,
2019-03-01,MISCELLANEOUS,3599.0,0.0,-0.10125245531275992,,
2019-04-01,MISCELLANEOUS,3586.0,0.0,-0.10935711814209538,,
2019-05-01,MISCELLANEOUS,3237.0,0.0,-0.32693614332963983,,
2019-06-01,MISCELLANEOUS,3096.0,0.0,-0.41484056324781676,,
2019-07-01,MISCELLANEOUS,3392.0,0.0,-0.2303036249798708,,
2019-08-01,MISCELLANEOUS,3198.0,0.0,-0.3512501318176462,,
2019-09-01,MISCELLANEOUS,3340.0,0.0,-0.2627222762972127,,
2019-10-01,MISCELLANEOUS,4347.0,0.0,0.36507737517515765,,
2019-11-01,MISCELLANEOUS,4180.0,0.0,0.26096362959830977,,
2019-12-01,MISCELLANEOUS,3685.0,0.0,-0.04763699351869453,,
2020-01-01,MISCELLANEOUS,3597.0,0.0,-0.10249932651727307,,
2020-02-01,MISCELLANEOUS,3883.0,0.0,0.07580325572810719,,
2020-03-01,MISCELLANEOUS,3071.0,0.0,-0.4304264533042311,,
2020-04-01,MISCELLANEOUS,686.0,0.0,-1.9173203646861607,,
2020-05-01,MISCELLANEOUS,810.0,0.0,-1.8400143500063457,,
2020-06-01,MISCELLANEOUS,1076.0,0.0,-1.6741804798060969,,
2020-07-01,MISCELLANEOUS,1838.0,0.0,-1.1991225508865873,,
2020-08-01,MISCELLANEOUS,2433.0,0.0,-0.8281783675439256,,
2020-09-01,MISCELLANEOUS,2653.0,0.0,-0.6910225350474792,,
2020-10-01,MISCELLANEOUS,3413.0,0.0,-0.21721147733248275,,
2020-11-01,MISCELLANEOUS,2636.0,0.0,-0.701620940285841,,
2020-12-01,MISCELLANEOUS,3050.0,0.0,-0.4435186009516192,,
2021-01-01,MISCELLANEOUS,1744.0,0.0,-1.2577254974987053,,
2021-02-01,MISCELLANEOUS,1522.0,0.0,-1.3961282011996647,,
2021-03-01,MISCELLANEOUS,2007.0,0.0,-1.0937619341052263,,
2021-04-01,MISCELLANEOUS,2463.0,0.0,-0.8094752994762283,,
2021-05-01,MISCELLANEOUS,2921.0,0.0,-0.5239417936427173,,
2021-06-01,MISCELLANEOUS,2578.0,0.0,-0.7377802052167223,,
2021-07-01,MISCELLANEOUS,2773.0,0.0,-0.6162102627766903,,
2021-08-01,MISCELLANEOUS,2803.0,0.0,-0.597507194708993,,
2021-09-01,MISCELLANEOUS,3120.0,0.0,-0.399878108793659,,
2021-10-01,MISCELLANEOUS,4110.0,0.0,0.21732313744034953,,
2021-11-01,MISCELLANEOUS,4236.0,0.0,0.2958760233246779,,
2021-12-01,MISCELLANEOUS,3784.0,0.0,0.014083131104706326,,
2022-01-01,MISCELLANEOUS,3639.0,0.0,-0.07631503122249694,,
2022-02-01,MISCELLANEOUS,3689.0,0.0,-0.045143251109668235,,
2022-03-01,MISCELLANEOUS,4311.0,0.0,0.342633693493921,,
2022-04-01,MISCELLANEOUS,3844.0,0.0,0.051489267240100785,,
2022-05-01,MISCELLANEOUS,4042.0,0.0,0.1749295164869025,,
2022-06-01,MISCELLANEOUS,3726.0,0.0,-0.022076133826174984,,
2022-07-01,MISCELLANEOUS,3881.0,0.0,0.07455638452359403,,
2022-08-01,MISCELLANEOUS,3147.0,0.0,-0.3830453475327315,,
2022-09-01,MISCELLANEOUS,2909.0,0.0,-0.5314230208697962,,
2022-10-01,MISCELLANEOUS,4818.0,0.0,0.6587155438380041,,
2022-11-01,MISCELLANEOUS,4821.0,0.0,0.6605858506447738,,
2022-12-01,MISCELLANEOUS,5061.0,0.0,0.8102103951863517,,
2023-01-01,MISCELLANEOUS,4968.0,0.0,0.7522308841764903,,
2023-02-01,MISCELLANEOUS,5241.0,0.0,0.9224288035925351,,
2023-03-01,MISCELLANEOUS,4906.0,0.0,0.7135778768365827,,
2023-04-01,MISCELLANEOUS,5147.0,0.0,0.8638258569804171,,
2023-05-01,MISCELLANEOUS,5104.0,0.0,0.8370181260833844,,
2023-06-01,MISCELLANEOUS,4695.0,0.0,0.5820329647604455,,
2023-07-01,MISCELLANEOUS,4537.0,0.0,0.4835301396039068,,
2023-08-01,MISCELLANEOUS,4424.0,0.0,0.41308191654891385,,
2023-09-01,MISCELLANEOUS,4627.0,0.0,0.5396393438069984,,
2023-10-01,MISCELLANEOUS,5448.0,0.0,1.051479973259646,,
2023-11-01,MISCELLANEOUS,7689.0,0.0,2.448599157916629,,
2023-12-01,MISCELLANEOUS,7485.0,0.0,2.321418295056288,,
2024-01-01,MISCELLANEOUS,6539.0,0.0,1.7316482153215684,,
2024-02-01,MISCELLANEOUS,7061.0,0.0,2.0570815996995004,,
2024-03-01,MISCELLANEOUS,7330.0,0.0,2.224785776706519,,
2024-04-01,MISCELLANEOUS,6703.0,0.0,1.8338916540916468,,
2024-05-01,MISCELLANEOUS,5769.0,0.0,1.2516028015840064,,
2024-06-01,MISCELLANEOUS,5755.0,0.0,1.2428747031524143,,
2024-07-01,MISCELLANEOUS,5472.0,0.0,1.0664424277138038,,
2024-08-01,MISCELLANEOUS,5429.0,0.0,1.0396346968167711,,
2024-09-01,MISCELLANEOUS,5337.0,0.0,0.9822786214091662,,
2024-10-01,MISCELLANEOUS,7140.0,0.0,2.1063330122777697,,
2024-11-01,MISCELLANEOUS,8554.0,0.0,2.9878709538685655,,
2024-12-01,MISCELLANEOUS,7912.0,0.0,2.587625297219845,,
2025-01-01,MISCELLANEOUS,6348.0,0.0,1.6125720152905627,,
2025-02-01,MISCELLANEOUS,6656.0,0.0,1.8045901807855877,,
2025-03-01,MISCELLANEOUS,6885.0,0.0,1.9473569337023433,,
2025-04-01,MISCELLANEOUS,6304.0,0.0,1.5851408487912735,,
2025-05-01,MISCELLANEOUS,5849.0,0.0,1.3014776497645322,,
2025-06-01,MISCELLANEOUS,5736.0,0.0,1.2310294267095394,,
2025-07-01,MISCELLANEOUS,5404.0,0.0,1.0240488067603566,,
2025-08-01,MISCELLANEOUS,5006.0,0.0,0.7759214370622401,,
2025-09-01,MISCELLANEOUS,4746.0,0.0,0.6138281804755308,,
2025-10-01,MISCELLANEOUS,5165.0,0.0,0.8750476978210354,,
2025-11-01,MISCELLANEOUS,6389.0,0.0,1.6381328749830824,,
2025-12-01,MISCELLANEOUS,5980.0,0.0,1.3831477136601436,,
2026-01-01,MISCELLANEOUS,4929.0,0.0,0.727916895688484,,
2026-02-01,MISCELLANEOUS,5100.0,0.0,0.8345243836743581,,
2020-08-01,MISCELLANEOUS CRIMES AGAINST SOCIETY,889.0,1.0,-0.45666925570179606,0.46422303221550987,0.9208922879173059
2020-09-01,MISCELLANEOUS CRIMES AGAINST SOCIETY,1069.0,1.0,1.1286592485479616,0.46422303221550987,-0.6644362163324518
2020-10-01,MISCELLANEOUS CRIMES AGAINST SOCIETY,925.0,3.0,-0.1396035548518445,2.6858618292468783,2.825465384098723
2020-11-01,MISCELLANEOUS CRIMES AGAINST SOCIETY,1060.0,0.0,1.049392823335474,-0.6465963663001745,-1.6959891896356485
2020-12-01,MISCELLANEOUS CRIMES AGAINST SOCIETY,860.0,0.0,-0.7120832924975904,-0.6465963663001745,0.06548692619741592
2021-01-01,MISCELLANEOUS CRIMES AGAINST SOCIETY,850.0,1.0,-0.8001570982892436,0.46422303221550987,1.2643801305047535
2021-02-01,MISCELLANEOUS CRIMES AGAINST SOCIETY,841.0,2.0,-0.8794235235017315,1.575042430731194,2.4544659542329255
2021-03-01,MISCELLANEOUS CRIMES AGAINST SOCIETY,997.0,3.0,0.4945278468480586,2.6858618292468783,2.19133398239882
2021-04-01,MISCELLANEOUS CRIMES AGAINST SOCIETY,979.0,0.0,0.33599499642308284,-0.6465963663001745,-0.9825913627232573
2021-05-01,MISCELLANEOUS CRIMES AGAINST SOCIETY,1035.0,1.0,0.8292083088563408,0.46422303221550987,-0.3649852766408309
2021-06-01,MISCELLANEOUS CRIMES AGAINST SOCIETY,879.0,0.0,-0.5447430614934493,-0.6465963663001745,-0.10185330480672516
2021-07-01,MISCELLANEOUS CRIMES AGAINST SOCIETY,956.0,0.0,0.13342524310228043,-0.6465963663001745,-0.7800216094024549
2021-08-01,MISCELLANEOUS CRIMES AGAINST SOCIETY,837.0,0.0,-0.9146530458183928,-0.6465963663001745,0.2680566795182183
2021-09-01,MISCELLANEOUS CRIMES AGAINST SOCIETY,925.0,1.0,-0.1396035548518445,0.46422303221550987,0.6038265870673544
2021-10-01,MISCELLANEOUS CRIMES AGAINST SOCIETY,1025.0,1.0,0.7411345030646876,0.46422303221550987,-0.2769114708491778
2021-11-01,MISCELLANEOUS CRIMES AGAINST SOCIETY,963.0,2.0,0.1950769071564377,1.575042430731194,1.3799655235747563
2021-12-01,MISCELLANEOUS CRIMES AGAINST SOCIETY,862.0,0.0,-0.6944685313392598,-0.6465963663001745,0.04787216503908531
2022-01-01,MISCELLANEOUS CRIMES AGAINST SOCIETY,933.0,2.0,-0.06914451021852194,1.575042430731194,1.644186940949716
2022-02-01,MISCELLANEOUS CRIMES AGAINST SOCIETY,926.0,0.0,-0.1307961742726792,-0.6465963663001745,-0.5158001920274953
2022-03-01,MISCELLANEOUS CRIMES AGAINST SOCIETY,1122.0,0.0,1.5954504192437238,-0.6465963663001745,-2.242046785543898
2022-04-01,MISCELLANEOUS CRIMES AGAINST SOCIETY,896.0,1.0,-0.39501759164763883,0.46422303221550987,0.8592406238631487
2022-05-01,MISCELLANEOUS CRIMES AGAINST SOCIETY,1067.0,3.0,1.111044487389631,2.6858618292468783,1.5748173418572473
2022-06-01,MISCELLANEOUS CRIMES AGAINST SOCIETY,1009.0,0.0,0.6002164137980425,-0.6465963663001745,-1.246812780098217
2022-07-01,MISCELLANEOUS CRIMES AGAINST SOCIETY,1069.0,3.0,1.1286592485479616,2.6858618292468783,1.5572025806989167
2022-08-01,MISCELLANEOUS CRIMES AGAINST SOCIETY,1062.0,1.0,1.0670075844938045,0.46422303221550987,-0.6027845522782946
2022-09-01,MISCELLANEOUS CRIMES AGAINST SOCIETY,918.0,0.0,-0.20125521890600176,-0.6465963663001745,-0.44534114739417274
2022-10-01,MISCELLANEOUS CRIMES AGAINST SOCIETY,1016.0,1.0,0.6618680778521997,0.46422303221550987,-0.19764504563668983
2022-11-01,MISCELLANEOUS CRIMES AGAINST SOCIETY,968.0,0.0,0.2391138100522643,-0.6465963663001745,-0.8857101763524388
2022-12-01,MISCELLANEOUS CRIMES AGAINST SOCIETY,817.0,1.0,-1.0908006574016993,0.46422303221550987,1.5550236896172092
2023-01-01,MISCELLANEOUS CRIMES AGAINST SOCIETY,1008.0,0.0,0.5914090332188772,-0.6465963663001745,-1.2380053995190516
2023-02-01,MISCELLANEOUS CRIMES AGAINST SOCIETY,934.0,0.0,-0.06033712963935662,-0.6465963663001745,-0.5862592366608178
2023-03-01,MISCELLANEOUS CRIMES AGAINST SOCIETY,1031.0,1.0,0.7939787865396796,0.46422303221550987,-0.3297557543241697
2023-04-01,MISCELLANEOUS CRIMES AGAINST SOCIETY,875.0,0.0,-0.5799725838101105,-0.6465963663001745,-0.06662378249006395
2023-05-01,MISCELLANEOUS CRIMES AGAINST SOCIETY,869.0,0.0,-0.6328168672851024,-0.6465963663001745,-0.013779499015072028
2023-06-01,MISCELLANEOUS CRIMES AGAINST SOCIETY,858.0,3.0,-0.729698053655921,2.6858618292468783,3.4155598829027993
2023-07-01,MISCELLANEOUS CRIMES AGAINST SOCIETY,817.0,0.0,-1.0908006574016993,-0.6465963663001745,0.4442042911015248
2023-08-01,MISCELLANEOUS CRIMES AGAINST SOCIETY,836.0,0.0,-0.9234604263975581,-0.6465963663001745,0.2768640600973836
2023-09-01,MISCELLANEOUS CRIMES AGAINST SOCIETY,844.0,0.0,-0.8530013817642356,-0.6465963663001745,0.2064050154640611
2023-10-01,MISCELLANEOUS CRIMES AGAINST SOCIETY,785.0,0.0,-1.3726368359349894,-0.6465963663001745,0.7260404696348149
2023-11-01,MISCELLANEOUS CRIMES AGAINST SOCIETY,776.0,2.0,-1.4519032611474774,1.575042430731194,3.0269456918786712
2023-12-01,MISCELLANEOUS CRIMES AGAINST SOCIETY,656.0,0.0,-2.5087889306473157,-0.6465963663001745,1.8621925643471413
2024-01-01,MISCELLANEOUS CRIMES AGAINST SOCIETY,786.0,0.0,-1.3638294553558241,-0.6465963663001745,0.7172330890556496
2024-02-01,MISCELLANEOUS CRIMES AGAINST SOCIETY,703.0,0.0,-2.094842043426546,-0.6465963663001745,1.4482456771263714
2024-03-01,MISCELLANEOUS CRIMES AGAINST SOCIETY,723.0,0.0,-1.9186944318432393,-0.6465963663001745,1.272098065543065
2024-04-01,MISCELLANEOUS CRIMES AGAINST SOCIETY,740.0,1.0,-1.768968961997429,0.46422303221550987,2.233191994212939
2024-05-01,MISCELLANEOUS CRIMES AGAINST SOCIETY,784.0,0.0,-1.3814442165141547,-0.6465963663001745,0.7348478502139802
2024-06-01,MISCELLANEOUS CRIMES AGAINST SOCIETY,844.0,0.0,-0.8530013817642356,-0.6465963663001745,0.2064050154640611
2024-07-01,MISCELLANEOUS CRIMES AGAINST SOCIETY,854.0,0.0,-0.7649275759725823,-0.6465963663001745,0.11833120967240784
2024-08-01,MISCELLANEOUS CRIMES AGAINST SOCIETY,919.0,1.0,-0.19244783832683643,0.46422303221550987,0.6566708705423463
2024-09-01,MISCELLANEOUS CRIMES AGAINST SOCIETY,993.0,0.0,0.45929832453139735,-0.6465963663001745,-1.1058946908315719
2024-10-01,MISCELLANEOUS CRIMES AGAINST SOCIETY,1053.0,0.0,0.9877411592813166,-0.6465963663001745,-1.6343375255814911
2024-11-01,MISCELLANEOUS CRIMES AGAINST SOCIETY,1002.0,0.0,0.5385647497438852,-0.6465963663001745,-1.1851611160440596
2024-12-01,MISCELLANEOUS CRIMES AGAINST SOCIETY,938.0,1.0,-0.025107607322695333,0.46422303221550987,0.4893306395382052
2025-01-01,MISCELLANEOUS CRIMES AGAINST SOCIETY,1028.0,0.0,0.7675566448021836,-0.6465963663001745,-1.414153011102358
2025-02-01,MISCELLANEOUS CRIMES AGAINST SOCIETY,888.0,0.0,-0.46547663628096136,-0.6465963663001745,-0.1811197300192131
2025-03-01,MISCELLANEOUS CRIMES AGAINST SOCIETY,1083.0,1.0,1.2519625766562763,0.46422303221550987,-0.7877395444407664
2025-04-01,MISCELLANEOUS CRIMES AGAINST SOCIETY,1056.0,0.0,1.0141633010188125,-0.6465963663001745,-1.6607596673189868
2025-05-01,MISCELLANEOUS CRIMES AGAINST SOCIETY,1082.0,0.0,1.243155196077111,-0.6465963663001745,-1.8897515623772856
2025-06-01,MISCELLANEOUS CRIMES AGAINST SOCIETY,1108.0,0.0,1.4721470911354093,-0.6465963663001745,-2.118743457435584
2025-07-01,MISCELLANEOUS CRIMES AGAINST SOCIETY,1168.0,0.0,2.0005899258853286,-0.6465963663001745,-2.647186292185503
2025-08-01,MISCELLANEOUS CRIMES AGAINST SOCIETY,1098.0,0.0,1.384073285343756,-0.6465963663001745,-2.0306696516439304
2025-09-01,MISCELLANEOUS CRIMES AGAINST SOCIETY,969.0,0.0,0.24792119063142962,-0.6465963663001745,-0.8945175569316041
2025-10-01,MISCELLANEOUS CRIMES AGAINST SOCIETY,1071.0,0.0,1.1462740097062925,-0.6465963663001745,-1.792870376006467
2025-11-01,MISCELLANEOUS CRIMES AGAINST SOCIETY,999.0,0.0,0.5121426080063892,-0.6465963663001745,-1.1587389743065637
2025-12-01,MISCELLANEOUS CRIMES AGAINST SOCIETY,955.0,0.0,0.12461786252311513,-0.6465963663001745,-0.7712142288232896
2026-01-01,MISCELLANEOUS CRIMES AGAINST SOCIETY,1041.0,1.0,0.8820525923313327,0.46422303221550987,-0.41782956011582284
2026-02-01,MISCELLANEOUS CRIMES AGAINST SOCIETY,1108.0,0.0,1.4721470911354093,-0.6465963663001745,-2.118743457435584
2020-08-01,POSSESSION OF WEAPONS,543.0,39.0,0.47504885894078586,0.033651041911868504,-0.44139781702891734
2020-09-01,POSSESSION OF WEAPONS,586.0,47.0,1.1812489428460524,0.5973059939356643,-0.5839429489103881
2020-10-01,POSSESSION OF WEAPONS,589.0,30.0,1.2305187161417686,-0.6004607791149018,-1.8309794952566705
2020-11-01,POSSESSION OF WEAPONS,595.0,22.0,1.329058262733201,-1.1641157311386976,-2.4931739938718986
2020-12-01,POSSESSION OF WEAPONS,470.0,39.0,-0.7238489579216432,0.033651041911868504,0.7574999998335117
2021-01-01,POSSESSION OF WEAPONS,444.0,27.0,-1.150853659817851,-0.8118313861238252,0.3390222736940257
2021-02-01,POSSESSION OF WEAPONS,458.0,19.0,-0.9209280511045083,-1.375486338147621,-0.45455828704311274
2021-03-01,POSSESSION OF WEAPONS,501.0,27.0,-0.2147279671992418,-0.8118313861238252,-0.5971034189245834
2021-04-01,POSSESSION OF WEAPONS,484.0,64.0,-0.49392334920830067,1.7950727669862305,2.2889961161945314
2021-05-01,POSSESSION OF WEAPONS,502.0,35.0,-0.19830470943400305,-0.2481764341000294,-0.04987172466602635
2021-06-01,POSSESSION OF WEAPONS,511.0,28.0,-0.050495389546854265,-0.7413745171208508,-0.6908791275739965
2021-07-01,POSSESSION OF WEAPONS,529.0,31.0,0.24512325022744333,-0.5300039101119273,-0.7751271603393706
2021-08-01,POSSESSION OF WEAPONS,495.0,38.0,-0.31326751379067436,-0.036805827091105976,0.2764616866995684
2021-09-01,POSSESSION OF WEAPONS,475.0,29.0,-0.6417326690954495,-0.6709176481178762,-0.029184979022426782
2021-10-01,POSSESSION OF WEAPONS,560.0,26.0,0.7542442409498447,-0.8822882551267996,-1.6365324960766443
2021-11-01,POSSESSION OF WEAPONS,535.0,35.0,0.34366279681887585,-0.2481764341000294,-0.5918392309189052
2021-12-01,POSSESSION OF WEAPONS,496.0,16.0,-0.29684425602543557,-1.5868569451565444,-1.2900126891311088
2022-01-01,POSSESSION OF WEAPONS,560.0,24.0,0.7542442409498447,-1.0232019931327487,-1.7774462340825934
2022-02-01,POSSESSION OF WEAPONS,527.0,44.0,0.2122767346969658,0.3859353869267409,0.17365865222977508
2022-03-01,POSSESSION OF WEAPONS,569.0,38.0,0.9020535608369935,-0.036805827091105976,-0.9388593879280995
2022-04-01,POSSESSION OF WEAPONS,537.0,37.0,0.37650931234935336,-0.10726269609408046,-0.4837720084434338
2022-05-01,POSSESSION OF WEAPONS,541.0,38.0,0.4422023434103084,-0.036805827091105976,-0.47900817050141437
2022-06-01,POSSESSION OF WEAPONS,557.0,28.0,0.7049744676541284,-0.7413745171208508,-1.4463489847749793
2022-07-01,POSSESSION OF WEAPONS,520.0,24.0,0.09731393034029452,-1.0232019931327487,-1.1205159234730433
2022-08-01,POSSESSION OF WEAPONS,565.0,34.0,0.8363605297760385,-0.31863330310300386,-1.1549938328790423
2022-09-01,POSSESSION OF WEAPONS,521.0,50.0,0.11373718810553328,0.8086766009445877,0.6949394128390545
2022-10-01,POSSESSION OF WEAPONS,541.0,28.0,0.4422023434103084,-0.7413745171208508,-1.1835768605311592
2022-11-01,POSSESSION OF WEAPONS,493.0,24.0,-0.3461140293211519,-1.0232019931327487,-0.6770879638115969
2022-12-01,POSSESSION OF WEAPONS,377.0,15.0,-2.2512119300888473,-1.657313814159519,0.5938981159293284
2023-01-01,POSSESSION OF WEAPONS,580.0,37.0,1.0827093962546197,-0.10726269609408046,-1.1899720923487003
2023-02-01,POSSESSION OF WEAPONS,474.0,29.0,-0.6581559268606881,-0.6709176481178762,-0.012761721257188108
2023-03-01,POSSESSION OF WEAPONS,563.0,42.0,0.803514014245561,0.24502164892079192,-0.5584923653247691
2023-04-01,POSSESSION OF WEAPONS,534.0,38.0,0.3272395390536371,-0.036805827091105976,-0.3640453661447431
2023-05-01,POSSESSION OF WEAPONS,522.0,69.0,0.13016044587077202,2.147357112001103,2.017196666130331
2023-06-01,POSSESSION OF WEAPONS,614.0,49.0,1.6411001602727375,0.7382197319416133,-0.9028804283311243
2023-07-01,POSSESSION OF WEAPONS,638.0,51.0,2.0352583466384675,0.8791334699475623,-1.1561248766909054
2023-08-01,POSSESSION OF WEAPONS,595.0,23.0,1.329058262733201,-1.093658862135723,-2.422717124868924
2023-09-01,POSSESSION OF WEAPONS,507.0,92.0,-0.11618842060780929,3.7678650990695157,3.884053519677325
2023-10-01,POSSESSION OF WEAPONS,454.0,62.0,-0.9866210821654633,1.6541590289802814,2.6407801111457445
2023-11-01,POSSESSION OF WEAPONS,424.0,34.0,-1.479318815122626,-0.31863330310300386,1.1606855120196222
2023-12-01,POSSESSION OF WEAPONS,452.0,41.0,-1.0194675976959409,0.17456477991781746,1.1940323776137582
2024-01-01,POSSESSION OF WEAPONS,484.0,71.0,-0.49392334920830067,2.2882708500070517,2.7821941992153523
2024-02-01,POSSESSION OF WEAPONS,446.0,28.0,-1.1180071442873734,-0.7413745171208508,0.37663262716652257
2024-03-01,POSSESSION OF WEAPONS,431.0,46.0,-1.3643560107659547,0.5268491249326899,1.8912051356986446
2024-04-01,POSSESSION OF WEAPONS,358.0,45.0,-2.5632538276283836,0.4563922559297154,3.019646083558099
2024-05-01,POSSESSION OF WEAPONS,461.0,56.0,-0.871658277808792,1.2314178149624346,2.103076092771227
2024-06-01,POSSESSION OF WEAPONS,410.0,56.0,-1.7092444238359685,1.2314178149624346,2.940662238798403
2024-07-01,POSSESSION OF WEAPONS,454.0,54.0,-0.9866210821654633,1.0905040769564858,2.077125159121949
2024-08-01,POSSESSION OF WEAPONS,499.0,36.0,-0.24757448272971933,-0.17771956509705492,0.06985491763266441
2024-09-01,POSSESSION OF WEAPONS,515.0,51.0,0.015197641514100755,0.8791334699475623,0.8639358284334615
2024-10-01,POSSESSION OF WEAPONS,512.0,47.0,-0.03407213178161551,0.5973059939356643,0.6313781257172798
2024-11-01,POSSESSION OF WEAPONS,455.0,44.0,-0.9701978244002245,0.3859353869267409,1.3561332113269655
2024-12-01,POSSESSION OF WEAPONS,418.0,28.0,-1.5778583617140585,-0.7413745171208508,0.8364838445932077
2025-01-01,POSSESSION OF WEAPONS,424.0,43.0,-1.479318815122626,0.3154785179237664,1.7947973330463924
2025-02-01,POSSESSION OF WEAPONS,412.0,50.0,-1.676397908305491,0.8086766009445877,2.4850745092500786
2025-03-01,POSSESSION OF WEAPONS,542.0,40.0,0.4586256011755471,0.10410791091484298,-0.3545176902607041
2025-04-01,POSSESSION OF WEAPONS,582.0,28.0,1.1155559117850973,-0.7413745171208508,-1.856930428905948
2025-05-01,POSSESSION OF WEAPONS,551.0,28.0,0.6064349210626959,-0.7413745171208508,-1.3478094381835466
2025-06-01,POSSESSION OF WEAPONS,611.0,13.0,1.5918303869770212,-1.7982275521654678,-3.3900579391424888
2025-07-01,POSSESSION OF WEAPONS,615.0,48.0,1.6575234180379763,0.6677628629386388,-0.9897605550993375
2025-08-01,POSSESSION OF WEAPONS,616.0,36.0,1.6739466758032149,-0.17771956509705492,-1.8516662409002698
2025-09-01,POSSESSION OF WEAPONS,533.0,25.0,0.31081628128839833,-0.9527451241297742,-1.2635614054181725
2025-10-01,POSSESSION OF WEAPONS,510.0,37.0,-0.06691864731209302,-0.10726269609408046,-0.04034404878198744
2025-11-01,POSSESSION OF WEAPONS,567.0,59.0,0.869207045306516,1.442788421971358,0.573581376664842
2025-12-01,POSSESSION OF WEAPONS,543.0,33.0,0.47504885894078586,-0.38909017210597835,-0.8641390310467643
2026-01-01,POSSESSION OF WEAPONS,529.0,35.0,0.24512325022744333,-0.2481764341000294,-0.49329968432747273
2026-02-01,POSSESSION OF WEAPONS,527.0,41.0,0.2122767346969658,0.17456477991781746,-0.03771195477914835
2017-04-01,PUBLIC ORDER OFFENCES,3761.0,2.0,-1.2988229569274967,-0.4175349583859789,0.8812879985415178
2017-05-01,PUBLIC ORDER OFFENCES,4352.0,4.0,-0.2660717928587409,-0.11048175874818002,0.15559003411056088
2017-06-01,PUBLIC ORDER OFFENCES,4970.0,15.0,0.8138608964720393,1.578310839259714,0.7644499427876748
2017-07-01,PUBLIC ORDER OFFENCES,4957.0,8.0,0.7911438657903238,0.5036246405274178,-0.28751922526290596
2017-08-01,PUBLIC ORDER OFFENCES,4222.0,12.0,-0.4932420996758953,1.1177310398030156,1.6109731394789109
2017-09-01,PUBLIC ORDER OFFENCES,3978.0,7.0,-0.9196232909327081,0.35009804070851835,1.2697213316412266
2017-10-01,PUBLIC ORDER OFFENCES,4379.0,6.0,-0.2188902675967165,0.1965714408896189,0.4154617084863354
2017-11-01,PUBLIC ORDER OFFENCES,3971.0,9.0,-0.9318555382228626,0.6571512403463172,1.5890067785691797
2017-12-01,PUBLIC ORDER OFFENCES,3363.0,10.0,-1.994313588567708,0.8106778401652167,2.8049914287329245
2018-01-01,PUBLIC ORDER OFFENCES,3539.0,1.0,-1.6867599424152526,-0.5710615582048784,1.1156983842103743
2018-02-01,PUBLIC ORDER OFFENCES,3354.0,0.0,-2.0100407636550495,-0.7245881580237779,1.2854526056312716
2018-03-01,PUBLIC ORDER OFFENCES,3979.0,3.0,-0.9178758270341146,-0.2640083585670795,0.6538674684670351
2018-04-01,PUBLIC ORDER OFFENCES,3992.0,4.0,-0.8951587963523993,-0.11048175874818002,0.7846770376042193
2018-05-01,PUBLIC ORDER OFFENCES,4404.0,0.0,-0.1752036701318791,-0.7245881580237779,-0.5493844878918988
2018-06-01,PUBLIC ORDER OFFENCES,4364.0,3.0,-0.24510222607561893,-0.2640083585670795,-0.01890613249146056
2018-07-01,PUBLIC ORDER OFFENCES,4961.0,6.0,0.7981337213846978,0.1965714408896189,-0.601562280495079
2018-08-01,PUBLIC ORDER OFFENCES,3956.0,5.0,-0.958067496701765,0.043044841070719445,1.0011123377724844
2018-09-01,PUBLIC ORDER OFFENCES,4032.0,9.0,-0.8252602404086594,0.6571512403463172,1.4824114807549766
2018-10-01,PUBLIC ORDER OFFENCES,4118.0,5.0,-0.6749783451296189,0.043044841070719445,0.7180231862003383
2018-11-01,PUBLIC ORDER OFFENCES,3951.0,4.0,-0.9668048161947326,-0.11048175874818002,0.8563230574465526
2018-12-01,PUBLIC ORDER OFFENCES,3689.0,2.0,-1.4246403576262283,-0.4175349583859789,1.0071053992402494
2019-01-01,PUBLIC ORDER OFFENCES,3538.0,10.0,-1.688507406313846,0.8106778401652167,2.4991852464790627
2019-02-01,PUBLIC ORDER OFFENCES,3667.0,3.0,-1.4630845633952851,-0.2640083585670795,1.1990762048282058
2019-03-01,PUBLIC ORDER OFFENCES,4464.0,9.0,-0.07035583621626938,0.6571512403463172,0.7275070765625866
2019-04-01,PUBLIC ORDER OFFENCES,4135.0,16.0,-0.6452714588535293,1.7318374390786135,2.3771088979321426
2019-05-01,PUBLIC ORDER OFFENCES,4576.0,4.0,0.1253601204262021,-0.11048175874818002,-0.2358418791743821
2019-06-01,PUBLIC ORDER OFFENCES,4640.0,13.0,0.2371978099361858,1.2712576396219153,1.0340598296857295
2019-07-01,PUBLIC ORDER OFFENCES,5289.0,9.0,1.3713018801233643,0.6571512403463172,-0.7141506397770471
2019-08-01,PUBLIC ORDER OFFENCES,4676.0,5.0,0.30010651028555163,0.043044841070719445,-0.2570616692148322
2019-09-01,PUBLIC ORDER OFFENCES,4472.0,3.0,-0.05637612502752142,-0.2640083585670795,-0.20763223353955806
2019-10-01,PUBLIC ORDER OFFENCES,4680.0,1.0,0.3070963658799256,-0.5710615582048784,-0.878157924084804
2019-11-01,PUBLIC ORDER OFFENCES,4389.0,10.0,-0.20141562861078155,0.8106778401652167,1.0120934687759982
2019-12-01,PUBLIC ORDER OFFENCES,4128.0,8.0,-0.6575037061436838,0.5036246405274178,1.1611283466711018
2020-01-01,PUBLIC ORDER OFFENCES,4240.0,1.0,-0.4617877495012124,-0.5710615582048784,-0.10927380870366599
2020-02-01,PUBLIC ORDER OFFENCES,4051.0,4.0,-0.792058426335383,-0.11048175874818002,0.681576667587203
2020-03-01,PUBLIC ORDER OFFENCES,4090.0,4.0,-0.7239073342902367,-0.11048175874818002,0.6134255755420567
2020-04-01,PUBLIC ORDER OFFENCES,3538.0,1.0,-1.688507406313846,-0.5710615582048784,1.1174458481089677
2020-05-01,PUBLIC ORDER OFFENCES,4345.0,5.0,-0.2783040401488953,0.043044841070719445,0.32134888121961475
2020-06-01,PUBLIC ORDER OFFENCES,5070.0,19.0,0.9886072863313888,2.192417238535312,1.203809952203923
2020-07-01,PUBLIC ORDER OFFENCES,5765.0,3.0,2.203094695853868,-0.2640083585670795,-2.4671030544209476
2020-08-01,PUBLIC ORDER OFFENCES,5337.0,2.0,1.455180147255852,-0.4175349583859789,-1.872715105641831
2020-09-01,PUBLIC ORDER OFFENCES,5096.0,2.0,1.0340413476948198,-0.4175349583859789,-1.4515763060807987
2020-10-01,PUBLIC ORDER OFFENCES,4549.0,3.0,0.07817859516417772,-0.2640083585670795,-0.3421869537312572
2020-11-01,PUBLIC ORDER OFFENCES,4166.0,3.0,-0.591100077997131,-0.2640083585670795,0.32709171943005155
2020-12-01,PUBLIC ORDER OFFENCES,3794.0,0.0,-1.2411566482739114,-0.7245881580237779,0.5165684902501335
2021-01-01,PUBLIC ORDER OFFENCES,3348.0,5.0,-2.0205255470466104,0.043044841070719445,2.0635703881173297
2021-02-01,PUBLIC ORDER OFFENCES,3291.0,1.0,-2.1201309892664395,-0.5710615582048784,1.5490694310615611
2021-03-01,PUBLIC ORDER OFFENCES,4749.0,2.0,0.4276713748828768,-0.4175349583859789,-0.8452063332688557
2021-04-01,PUBLIC ORDER OFFENCES,4845.0,5.0,0.5954279091478524,0.043044841070719445,-0.5523830680771329
2021-05-01,PUBLIC ORDER OFFENCES,5296.0,1.0,1.3835341274135189,-0.5710615582048784,-1.9545956856183972
2021-06-01,PUBLIC ORDER OFFENCES,5586.0,9.0,1.8902986580056325,0.6571512403463172,-1.2331474176593153
2021-07-01,PUBLIC ORDER OFFENCES,5849.0,5.0,2.349881663335722,0.043044841070719445,-2.3068368222650024
2021-08-01,PUBLIC ORDER OFFENCES,4695.0,1.0,0.33330832435882807,-0.5710615582048784,-0.9043698825637064
2021-09-01,PUBLIC ORDER OFFENCES,4979.0,1.0,0.8295880715593807,-0.5710615582048784,-1.400649629764259
2021-10-01,PUBLIC ORDER OFFENCES,5098.0,1.0,1.0375362754920068,-0.5710615582048784,-1.6085978336968851
2021-11-01,PUBLIC ORDER OFFENCES,4766.0,0.0,0.45737826115896624,-0.7245881580237779,-1.1819664191827441
2021-12-01,PUBLIC ORDER OFFENCES,4145.0,0.0,-0.6277968198675944,-0.7245881580237779,-0.09679133815618346
2022-01-01,PUBLIC ORDER OFFENCES,3967.0,0.0,-0.9388453938172366,-0.7245881580237779,0.2142572357934588
2022-02-01,PUBLIC ORDER OFFENCES,4018.0,2.0,-0.8497247349889684,-0.4175349583859789,0.43218977660298946
2022-03-01,PUBLIC ORDER OFFENCES,4773.0,4.0,0.46961050844912067,-0.11048175874818002,-0.5800922671973007
2022-04-01,PUBLIC ORDER OFFENCES,4383.0,1.0,-0.21190041200234253,-0.5710615582048784,-0.3591611462025358
2022-05-01,PUBLIC ORDER OFFENCES,5097.0,1.0,1.0357888115934133,-0.5710615582048784,-1.6068503697982917
2022-06-01,PUBLIC ORDER OFFENCES,5072.0,3.0,0.9921022141285758,-0.2640083585670795,-1.2561105726956554
2022-07-01,PUBLIC ORDER OFFENCES,5243.0,2.0,1.2909185407880635,-0.4175349583859789,-1.7084534991740423
2022-08-01,PUBLIC ORDER OFFENCES,5036.0,1.0,0.92919351377921,-0.5710615582048784,-1.5002550719840884
2022-09-01,PUBLIC ORDER OFFENCES,4415.0,3.0,-0.15598156724735066,-0.2640083585670795,-0.10802679131972884
2022-10-01,PUBLIC ORDER OFFENCES,4696.0,0.0,0.33505578825742155,-0.7245881580237779,-1.0596439462811995
2022-11-01,PUBLIC ORDER OFFENCES,4488.0,7.0,-0.028416702650025497,0.35009804070851835,0.37851474335854385
2022-12-01,PUBLIC ORDER OFFENCES,3827.0,2.0,-1.183490339620326,-0.4175349583859789,0.7659553812343471
2023-01-01,PUBLIC ORDER OFFENCES,4054.0,2.0,-0.7868160346396025,-0.4175349583859789,0.36928107625362355
2023-02-01,PUBLIC ORDER OFFENCES,4027.0,5.0,-0.8339975599016268,0.043044841070719445,0.8770424009723463
2023-03-01,PUBLIC ORDER OFFENCES,4659.0,3.0,0.2703996240094622,-0.2640083585670795,-0.5344079825765418
2023-04-01,PUBLIC ORDER OFFENCES,4416.0,2.0,-0.15423410334875717,-0.4175349583859789,-0.2633008550372218
2023-05-01,PUBLIC ORDER OFFENCES,5241.0,2.0,1.2874236129908765,-0.4175349583859789,-1.7049585713768554
2023-06-01,PUBLIC ORDER OFFENCES,5608.0,8.0,1.9287428637746893,0.5036246405274178,-1.4251182232472714
2023-07-01,PUBLIC ORDER OFFENCES,5385.0,4.0,1.53905841438834,-0.11048175874818002,-1.64954017313652
2023-08-01,PUBLIC ORDER OFFENCES,4892.0,9.0,0.6775587123817467,0.6571512403463172,-0.020407472035429475
2023-09-01,PUBLIC ORDER OFFENCES,5302.0,4.0,1.3940189108050798,-0.11048175874818002,-1.50450066955326
2023-10-01,PUBLIC ORDER OFFENCES,4861.0,5.0,0.6233873315253483,0.043044841070719445,-0.5803424904546288
2023-11-01,PUBLIC ORDER OFFENCES,4883.0,14.0,0.6618315372944051,1.4247842394408148,0.7629527021464096
2023-12-01,PUBLIC ORDER OFFENCES,4506.0,3.0,0.003037647524657421,-0.2640083585670795,-0.2670460060917369
2024-01-01,PUBLIC ORDER OFFENCES,4146.0,1.0,-0.6260493559690009,-0.5710615582048784,0.05498779776412255
2024-02-01,PUBLIC ORDER OFFENCES,4395.0,8.0,-0.19093084521922057,0.5036246405274178,0.6945554857466384
2024-03-01,PUBLIC ORDER OFFENCES,4370.0,4.0,-0.23461744268405796,-0.11048175874818002,0.12413568393587794
2024-04-01,PUBLIC ORDER OFFENCES,4265.0,4.0,-0.418101152036375,-0.11048175874818002,0.307619393288195
2024-05-01,PUBLIC ORDER OFFENCES,4965.0,4.0,0.8051235769790718,-0.11048175874818002,-0.9156053357272518
2024-06-01,PUBLIC ORDER OFFENCES,4941.0,3.0,0.7631844434128279,-0.2640083585670795,-1.0271928019799073
2024-07-01,PUBLIC ORDER OFFENCES,5214.0,8.0,1.2402420877288522,0.5036246405274178,-0.7366174472014344
2024-08-01,PUBLIC ORDER OFFENCES,5152.0,59.0,1.1318993260160555,8.33348123129129,7.2015819052752335
2024-09-01,PUBLIC ORDER OFFENCES,4708.0,4.0,0.3560253550405435,-0.11048175874818002,-0.4665071137887235
2024-10-01,PUBLIC ORDER OFFENCES,4864.0,0.0,0.6286297232211288,-0.7245881580237779,-1.3532178812449067
2024-11-01,PUBLIC ORDER OFFENCES,4479.0,3.0,-0.04414387773736696,-0.2640083585670795,-0.21986448082971255
2024-12-01,PUBLIC ORDER OFFENCES,3974.0,0.0,-0.9266131465270822,-0.7245881580237779,0.2020249885033043
2025-01-01,PUBLIC ORDER OFFENCES,4073.0,3.0,-0.7536142205663261,-0.2640083585670795,0.4896058619992466
2025-02-01,PUBLIC ORDER OFFENCES,3753.0,6.0,-1.3128026681162446,0.1965714408896189,1.5093741090058634
2025-03-01,PUBLIC ORDER OFFENCES,4562.0,0.0,0.10089562584589316,-0.7245881580237779,-0.825483783869671
2025-04-01,PUBLIC ORDER OFFENCES,4493.0,2.0,-0.019679383157058018,-0.4175349583859789,-0.3978555752289209
2025-05-01,PUBLIC ORDER OFFENCES,4990.0,3.0,0.8488101744439092,-0.2640083585670795,-1.1128185330109885
2025-06-01,PUBLIC ORDER OFFENCES,5199.0,2.0,1.2140301292499498,-0.4175349583859789,-1.6315650876359287
2025-07-01,PUBLIC ORDER OFFENCES,5605.0,3.0,1.9235004720789088,-0.2640083585670795,-2.1875088306459882
2025-08-01,PUBLIC ORDER OFFENCES,5005.0,10.0,0.8750221329228116,0.8106778401652167,-0.0643442927575949
2025-09-01,PUBLIC ORDER OFFENCES,4793.0,6.0,0.5045597864209906,0.1965714408896189,-0.3079883455313718
2025-10-01,PUBLIC ORDER OFFENCES,4846.0,0.0,0.5971753730464459,-0.7245881580237779,-1.3217635310702236
2025-11-01,PUBLIC ORDER OFFENCES,4449.0,0.0,-0.09656779469517182,-0.7245881580237779,-0.628020363328606
2025-12-01,PUBLIC ORDER OFFENCES,4247.0,0.0,-0.4495555022110579,-0.7245881580237779,-0.27503265581271996
2026-01-01,PUBLIC ORDER OFFENCES,4018.0,1.0,-0.8497247349889684,-0.5710615582048784,0.27866317678409
2026-02-01,PUBLIC ORDER OFFENCES,3967.0,0.0,-0.9388453938172366,-0.7245881580237779,0.2142572357934588
2017-04-01,ROBBERY,2498.0,41.0,-0.19454468420546084,0.6671379671619735,0.8616826513674343
2017-05-01,ROBBERY,2482.0,53.0,-0.22603976688723385,1.4860721448254284,1.7121119117126622
2017-06-01,ROBBERY,2508.0,49.0,-0.17486025752935275,1.2130940856042767,1.3879543431336294
2017-07-01,ROBBERY,2941.0,38.0,0.6774754175461286,0.4624044227461097,-0.2150709948000189
2017-08-01,ROBBERY,2728.0,42.0,0.25819712934502576,0.7353824819672614,0.47718535262223566
2017-09-01,ROBBERY,2765.0,51.0,0.3310295080466258,1.3495831152148525,1.0185536071682266
2017-10-01,ROBBERY,3058.0,50.0,0.9077832096565935,1.2813386004095646,0.37355539075297106
2017-11-01,ROBBERY,3159.0,27.0,1.1065959190852854,-0.2882852401120573,-1.3948811591973427
2017-12-01,ROBBERY,2825.0,23.0,0.4491360681032745,-0.561263299333209,-1.0103993674364835
2018-01-01,ROBBERY,2885.0,48.0,0.5672426281599232,1.1448495707989887,0.5776069426390655
2018-02-01,ROBBERY,2491.0,29.0,-0.20832378287873654,-0.15179621050148145,0.056527572377255086
2018-03-01,ROBBERY,2599.0,53.0,0.004268025223231102,1.4860721448254284,1.4818041196021974
2018-04-01,ROBBERY,2560.0,90.0,-0.07250123881359054,4.011119192621081,4.083620431434671
2018-05-01,ROBBERY,2609.0,24.0,0.023952451899339217,-0.49301878452792103,-0.5169712364272603
2018-06-01,ROBBERY,2894.0,59.0,0.5849586121684205,1.895539233657156,1.3105806214887354
2018-07-01,ROBBERY,2970.0,40.0,0.7345602549068422,0.5988934523566856,-0.13566680255015662
2018-08-01,ROBBERY,2556.0,46.0,-0.08037500948403378,1.008360541188413,1.0887355506724468
2018-09-01,ROBBERY,2658.0,47.0,0.12040614261226898,1.0766050559937008,0.9561989133814318
2018-10-01,ROBBERY,2936.0,30.0,0.6676332042080746,-0.08355169569619356,-0.7511848999042682
2018-11-01,ROBBERY,3040.0,44.0,0.872351241639599,0.8718715115778372,-0.0004797300617618294
2018-12-01,ROBBERY,3005.0,45.0,0.8034557482732205,0.9401160263831251,0.13666027810990455
2019-01-01,ROBBERY,2969.0,33.0,0.7325918122392313,0.12118184871967018,-0.6114099635195611
2019-02-01,ROBBERY,2996.0,62.0,0.7857397642647233,2.1002727780730197,1.3145330138082965
2019-03-01,ROBBERY,3202.0,55.0,1.1912389537925503,1.6225611744360042,0.43132222064345394
2019-04-01,ROBBERY,3441.0,29.0,1.6616967513515344,-0.15179621050148145,-1.8134929618530158
2019-05-01,ROBBERY,3331.0,47.0,1.445168057914345,1.0766050559937008,-0.3685630019206443
2019-06-01,ROBBERY,3174.0,46.0,1.1361225590994477,1.008360541188413,-0.1277620179110348
2019-07-01,ROBBERY,3428.0,45.0,1.6361069966725938,0.9401160263831251,-0.6959909702894688
2019-08-01,ROBBERY,3083.0,23.0,0.9569942763468638,-0.561263299333209,-1.5182575756800727
2019-09-01,ROBBERY,3352.0,35.0,1.4865053539341722,0.257670878330246,-1.2288344756039262
2019-10-01,ROBBERY,3750.0,49.0,2.269945535643275,1.2130940856042767,-1.0568514500389983
2019-11-01,ROBBERY,3839.0,34.0,2.4451369330606374,0.1894263635249581,-2.255710569535679
2019-12-01,ROBBERY,3366.0,66.0,1.5140635512807235,2.3732508372941714,0.859187286013448
2020-01-01,ROBBERY,3365.0,54.0,1.5120951086131127,1.5543166596307163,0.04222155101760361
2020-02-01,ROBBERY,3215.0,56.0,1.2168287084714908,1.6908056892412922,0.4739769807698013
2020-03-01,ROBBERY,2719.0,36.0,0.24048114533652848,0.3259153931355339,0.08543424779900544
2020-04-01,ROBBERY,1105.0,18.0,-2.936585320187321,-0.9024858733596485,2.0340994468276725
2020-05-01,ROBBERY,1316.0,15.0,-2.52124391732144,-1.1072194177755121,1.4140244995459277
2020-06-01,ROBBERY,1716.0,17.0,-1.7338668502771153,-0.9707303881649364,0.7631364621121789
2020-07-01,ROBBERY,2197.0,26.0,-0.787045927156315,-0.3565297549173452,0.4305161722389699
2020-08-01,ROBBERY,2495.0,17.0,-0.20045001220829328,-0.9707303881649364,-0.7702803759566431
2020-09-01,ROBBERY,2582.0,19.0,-0.02919550012615269,-0.8342413585543605,-0.8050458584282079
2020-10-01,ROBBERY,2443.0,31.0,-0.3028090309240555,-0.015307180890905641,0.2875018500331498
2020-11-01,ROBBERY,2308.0,28.0,-0.568548791051515,-0.22004072530676938,0.34850806574474563
2020-12-01,ROBBERY,1998.0,14.0,-1.1787660180108666,-1.1754639325808,0.0033020854300664926
2021-01-01,ROBBERY,1449.0,33.0,-2.259441042529202,0.12118184871967018,2.3806228912488723
2021-02-01,ROBBERY,1326.0,13.0,-2.501559490645332,-1.243708447386088,1.2578510432592438
2021-03-01,ROBBERY,1636.0,20.0,-1.8913422636859802,-0.7659968437490726,1.1253454199369077
2021-04-01,ROBBERY,1686.0,24.0,-1.7929201303054396,-0.49301878452792103,1.2999013457775186
2021-05-01,ROBBERY,1748.0,19.0,-1.6708766849135694,-0.8342413585543605,0.8366353263592089
2021-06-01,ROBBERY,1891.0,13.0,-1.3893893834452233,-1.243708447386088,0.14568093605913535
2021-07-01,ROBBERY,1863.0,28.0,-1.4445057781383261,-0.22004072530676938,1.2244650528315568
2021-08-01,ROBBERY,1912.0,18.0,-1.3480520874253963,-0.9024858733596485,0.4455662140657478
2021-09-01,ROBBERY,2182.0,23.0,-0.8165725671704772,-0.561263299333209,0.25530926783726826
2021-10-01,ROBBERY,2223.0,19.0,-0.735866417798434,-0.8342413585543605,-0.09837494075592657
2021-11-01,ROBBERY,2202.0,18.0,-0.777203713818261,-0.9024858733596485,-0.12528215954138744
2021-12-01,ROBBERY,1904.0,21.0,-1.3637996287662828,-0.6977523289437847,0.6660472998224981
2022-01-01,ROBBERY,1979.0,16.0,-1.2161664286954719,-1.0389749029702242,0.17719152572524766
2022-02-01,ROBBERY,1902.0,19.0,-1.3677365141015045,-0.8342413585543605,0.533495155547144
2022-03-01,ROBBERY,1976.0,17.0,-1.2220717566983044,-0.9707303881649364,0.25134136853336797
2022-04-01,ROBBERY,1852.0,29.0,-1.466158647482045,-0.15179621050148145,1.3143624369805635
2022-05-01,ROBBERY,2379.0,10.0,-0.4287893616511474,-1.4484419918019518,-1.0196526301508044
2022-06-01,ROBBERY,2320.0,33.0,-0.5449274790401852,0.12118184871967018,0.6661093277598554
2022-07-01,ROBBERY,2342.0,18.0,-0.5016217403527474,-0.9024858733596485,-0.40086413300690105
2022-08-01,ROBBERY,2244.0,6.0,-0.6945291217786069,-1.7214200510231035,-1.0268909292444965
2022-09-01,ROBBERY,2081.0,11.0,-1.015385276599169,-1.3801974769966638,-0.36481220039749473
2022-10-01,ROBBERY,2634.0,17.0,0.0731635185896095,-0.9707303881649364,-1.0438939067545459
2022-11-01,ROBBERY,2424.0,8.0,-0.3402094416086609,-1.5849310214125276,-1.2447215798038667
2022-12-01,ROBBERY,2255.0,13.0,-0.672876252434888,-1.243708447386088,-0.5708321949512
2023-01-01,ROBBERY,2545.0,37.0,-0.10202787882775272,0.39415990794082184,0.49618778676857456
2023-02-01,ROBBERY,2604.0,23.0,0.01411023856128516,-0.561263299333209,-0.5753735378944941
2023-03-01,ROBBERY,2528.0,56.0,-0.1354914041771365,1.6908056892412922,1.8262970934184286
2023-04-01,ROBBERY,2493.0,26.0,-0.2043868975435149,-0.3565297549173452,-0.15214285737383026
2023-05-01,ROBBERY,2824.0,11.0,0.4471676254356637,-1.3801974769966638,-1.8273651024323274
2023-06-01,ROBBERY,2779.0,19.0,0.35858770539317714,-0.8342413585543605,-1.1928290639475376
2023-07-01,ROBBERY,2753.0,34.0,0.30740819603529607,0.1894263635249581,-0.11798183251033798
2023-08-01,ROBBERY,2540.0,19.0,-0.11187009216580678,-0.8342413585543605,-0.7223712663885538
2023-09-01,ROBBERY,2760.0,18.0,0.3211872947085717,-0.9024858733596485,-1.2236731680682202
2023-10-01,ROBBERY,2622.0,30.0,0.04954220657827976,-0.08355169569619356,-0.13309390227447332
2023-11-01,ROBBERY,3087.0,23.0,0.9648680470173071,-0.561263299333209,-1.5261313463505162
2023-12-01,ROBBERY,3139.0,33.0,1.0672270657330694,0.12118184871967018,-0.9460452170133992
2024-01-01,ROBBERY,2908.0,29.0,0.6125168095149718,-0.15179621050148145,-0.7643130200164532
2024-02-01,ROBBERY,2676.0,28.0,0.1558381106292636,-0.22004072530676938,-0.375878835936033
2024-03-01,ROBBERY,2841.0,19.0,0.4806311507850475,-0.8342413585543605,-1.314872509339408
2024-04-01,ROBBERY,2664.0,25.0,0.13221679861793384,-0.4247742697226331,-0.556991068340567
2024-05-01,ROBBERY,3132.0,47.0,1.0534479670597936,1.0766050559937008,0.02315708893390722
2024-06-01,ROBBERY,2894.0,30.0,0.5849586121684205,-0.08355169569619356,-0.6685103078646141
2024-07-01,ROBBERY,2752.0,26.0,0.30543975336768525,-0.3565297549173452,-0.6619695082850304
2024-08-01,ROBBERY,2839.0,19.0,0.47669426544982585,-0.8342413585543605,-1.3109356240041863
2024-09-01,ROBBERY,2803.0,20.0,0.40583032941583663,-0.7659968437490726,-1.1718271731649093
2024-10-01,ROBBERY,3130.0,37.0,1.0495110817245719,0.39415990794082184,-0.6553511737837501
2024-11-01,ROBBERY,2922.0,46.0,0.6400750068615232,1.008360541188413,0.3682855343268897
2024-12-01,ROBBERY,2751.0,25.0,0.30347131070007444,-0.4247742697226331,-0.7282455804227075
2025-01-01,ROBBERY,2541.0,33.0,-0.10990164949819596,0.12118184871967018,0.23108349821786614
2025-02-01,ROBBERY,2474.0,50.0,-0.24178730822812033,1.2813386004095646,1.523125908637685
2025-03-01,ROBBERY,2621.0,33.0,0.047573763910668955,0.12118184871967018,0.07360808480900122
2025-04-01,ROBBERY,2658.0,35.0,0.12040614261226898,0.257670878330246,0.137264735717977
2025-05-01,ROBBERY,2841.0,41.0,0.4806311507850475,0.6671379671619735,0.186506816376926
2025-06-01,ROBBERY,2825.0,19.0,0.4491360681032745,-0.8342413585543605,-1.283377426657635
2025-07-01,ROBBERY,2897.0,17.0,0.5908639401712529,-0.9707303881649364,-1.5615943283361893
2025-08-01,ROBBERY,2745.0,31.0,0.29166065469440955,-0.015307180890905641,-0.3069678355853152
2025-09-01,ROBBERY,2579.0,22.0,-0.03510082812898513,-0.6295078141384969,-0.5944069860095118
2025-10-01,ROBBERY,2638.0,25.0,0.08103728926005274,-0.4247742697226331,-0.5058115589826858
2025-11-01,ROBBERY,2764.0,41.0,0.32906106537901497,0.6671379671619735,0.3380769017829585
2025-12-01,ROBBERY,2579.0,23.0,-0.03510082812898513,-0.561263299333209,-0.5261624712042239
2026-01-01,ROBBERY,2459.0,28.0,-0.2713139482422825,-0.22004072530676938,0.05127322293551312
2026-02-01,ROBBERY,2287.0,33.0,-0.6098860870713421,0.12118184871967018,0.7310679357910123
2017-04-01,SEXUAL OFFENCES,1441.0,87.0,-1.4321128221754478,0.05314038225689601,1.4852532044323439
2017-05-01,SEXUAL OFFENCES,1706.0,95.0,-0.4801351619920075,0.2350930511045078,0.7152282130965153
2017-06-01,SEXUAL OFFENCES,1813.0,50.0,-0.09575172938963727,-0.7883907111633085,-0.6926389817736712
2017-07-01,SEXUAL OFFENCES,1778.0,75.0,-0.2214846279044313,-0.21978862101452165,0.0016960068899096459
2017-08-01,SEXUAL OFFENCES,1651.0,74.0,-0.6777154310866839,-0.24253270462047313,0.4351827264662107
2017-09-01,SEXUAL OFFENCES,1672.0,60.0,-0.6022756919778074,-0.5609498751037938,0.0413258168740136
2017-10-01,SEXUAL OFFENCES,1799.0,183.0,-0.14604488879555488,2.2365724084282372,2.382617297223792
2017-11-01,SEXUAL OFFENCES,1840.0,156.0,0.001242220893203809,1.6224821510675476,1.6212399301743436
2017-12-01,SEXUAL OFFENCES,1509.0,183.0,-1.1878317622038481,2.2365724084282372,3.4244041706320854
2018-01-01,SEXUAL OFFENCES,1663.0,296.0,-0.6346070087387544,4.806653855900754,5.441260864639508
2018-02-01,SEXUAL OFFENCES,1538.0,149.0,-1.0836530748630187,1.4632735658258873,2.546926640688906
2018-03-01,SEXUAL OFFENCES,1684.0,116.0,-0.5591672696298781,0.7127188068294887,1.2718860764593667
2018-04-01,SEXUAL OFFENCES,1594.0,72.0,-0.8824804372393483,-0.28802087183237607,0.5944595654069722
2018-05-01,SEXUAL OFFENCES,1803.0,83.0,-0.1316754146795784,-0.037835952166909874,0.09383946251266853
2018-06-01,SEXUAL OFFENCES,1859.0,77.0,0.06949722294409198,-0.17430045380261872,-0.2437976767467107
2018-07-01,SEXUAL OFFENCES,2037.0,64.0,0.7089388211050444,-0.46997354067998787,-1.1789123617850321
2018-08-01,SEXUAL OFFENCES,1650.0,85.0,-0.6813077996156779,0.0076522150449930704,0.6889600146606709
2018-09-01,SEXUAL OFFENCES,1718.0,98.0,-0.4370267396440781,0.30332530192236223,0.7403520415664404
2018-10-01,SEXUAL OFFENCES,1780.0,135.0,-0.21429989084644305,1.1448563953425668,1.3591562861890099
2018-11-01,SEXUAL OFFENCES,1729.0,125.0,-0.3975106858251429,0.917415559283052,1.314926245108195
2018-12-01,SEXUAL OFFENCES,1484.0,85.0,-1.2776409754287008,0.0076522150449930704,1.285293190473694
2019-01-01,SEXUAL OFFENCES,1659.0,78.0,-0.6489764828547309,-0.15155637019666723,0.49742011265806363
2019-02-01,SEXUAL OFFENCES,1574.0,98.0,-0.9543278078192307,0.30332530192236223,1.2576531097415928
2019-03-01,SEXUAL OFFENCES,1704.0,91.0,-0.48731989904999573,0.14411671668070192,0.6314366157306976
2019-04-01,SEXUAL OFFENCES,1596.0,128.0,-0.8752957001813602,0.9856478101009064,1.8609435102822665
2019-05-01,SEXUAL OFFENCES,1697.0,246.0,-0.5124664787529546,3.6694496756031802,4.181916154356135
2019-06-01,SEXUAL OFFENCES,1824.0,101.0,-0.05623567557070202,0.3715575527402166,0.42779322831091865
2019-07-01,SEXUAL OFFENCES,1850.0,95.0,0.037165906183144956,0.2350930511045078,0.19792714492136282
2019-08-01,SEXUAL OFFENCES,1555.0,91.0,-1.0225828098701188,0.14411671668070192,1.1666995265508207
2019-09-01,SEXUAL OFFENCES,1611.0,81.0,-0.8214101722464484,-0.08332411937881282,0.7380860528676356
2019-10-01,SEXUAL OFFENCES,1672.0,106.0,-0.6022756919778074,0.485277970769974,1.0875536627477813
2019-11-01,SEXUAL OFFENCES,1755.0,155.0,-0.30410910407129593,1.5997380674615962,1.9038471715328922
2019-12-01,SEXUAL OFFENCES,1529.0,122.0,-1.1159843916239658,0.8491833084651975,1.9651677000891632
2020-01-01,SEXUAL OFFENCES,1707.0,157.0,-0.4765427934630134,1.6452262346734992,2.1217690281365127
2020-02-01,SEXUAL OFFENCES,1804.0,88.0,-0.1280830461505843,0.07588446586284749,0.20396751201343177
2020-03-01,SEXUAL OFFENCES,1544.0,47.0,-1.062098863689054,-0.8566229619811628,0.2054759017078912
2020-04-01,SEXUAL OFFENCES,996.0,25.0,-3.030716817577829,-1.3569928013120953,1.6737240162657336
2020-05-01,SEXUAL OFFENCES,1277.0,40.0,-2.0212612609304825,-1.0158315472228232,1.0054297137076593
2020-06-01,SEXUAL OFFENCES,1539.0,48.0,-1.0800607063340246,-0.8338788783752114,0.24618182795881327
2020-07-01,SEXUAL OFFENCES,1803.0,64.0,-0.1316754146795784,-0.46997354067998787,-0.3382981260004094
2020-08-01,SEXUAL OFFENCES,1602.0,99.0,-0.8537414890073954,0.32606938552831366,1.179810874535709
2020-09-01,SEXUAL OFFENCES,1583.0,49.0,-0.9219964910582836,-0.81113479476926,0.11086169628902365
2020-10-01,SEXUAL OFFENCES,1632.0,41.0,-0.7459704331375719,-0.9930874636168717,-0.24711703047929978
2020-11-01,SEXUAL OFFENCES,1518.0,40.0,-1.155500445442901,-1.0158315472228232,0.13966889822007778
2020-12-01,SEXUAL OFFENCES,1250.0,31.0,-2.1182552112133237,-1.2205282996763864,0.8977269115369373
2021-01-01,SEXUAL OFFENCES,1206.0,28.0,-2.276319426489065,-1.2887605504942408,0.9875588759948242
2021-02-01,SEXUAL OFFENCES,1305.0,47.0,-1.9206749421186473,-0.8566229619811628,1.0640519801374846
2021-03-01,SEXUAL OFFENCES,1933.0,94.0,0.33533249408965643,0.21234896749855633,-0.1229835265911001
2021-04-01,SEXUAL OFFENCES,1640.0,44.0,-0.717231484905619,-0.9248552127990173,-0.20762372789339822
2021-05-01,SEXUAL OFFENCES,1922.0,45.0,0.2958164402707212,-0.9021111291930658,-1.197927569463787
2021-06-01,SEXUAL OFFENCES,2034.0,59.0,0.698161715518062,-0.5836939587097452,-1.281855674227807
2021-07-01,SEXUAL OFFENCES,1987.0,35.0,0.5293203946553386,-1.1295519652525805,-1.6588723599079191
2021-08-01,SEXUAL OFFENCES,1700.0,43.0,-0.5016893731659722,-0.9475992964049688,-0.4459099232389966
2021-09-01,SEXUAL OFFENCES,1983.0,67.0,0.5149509205393622,-0.4017412898621334,-0.9166922104014956
2021-10-01,SEXUAL OFFENCES,2197.0,89.0,1.2837177857441027,0.09862854946879895,-1.1850892362753038
2021-11-01,SEXUAL OFFENCES,2097.0,43.0,0.9244809328446912,-0.9475992964049688,-1.87208022924966
2021-12-01,SEXUAL OFFENCES,1649.0,60.0,-0.684900168144672,-0.5609498751037938,0.12395029304087823
2022-01-01,SEXUAL OFFENCES,1808.0,69.0,-0.11371357203460786,-0.3562531226502305,-0.24253955061562266
2022-02-01,SEXUAL OFFENCES,1786.0,66.0,-0.19274567967247838,-0.4244853734680849,-0.23173969379560652
2022-03-01,SEXUAL OFFENCES,2046.0,47.0,0.7412701378659914,-0.8566229619811628,-1.597893099847154
2022-04-01,SEXUAL OFFENCES,1767.0,72.0,-0.26100068172336655,-0.28802087183237607,-0.027020190109009523
2022-05-01,SEXUAL OFFENCES,2107.0,95.0,0.9604046181346324,0.2350930511045078,-0.7253115670301247
2022-06-01,SEXUAL OFFENCES,1967.0,75.0,0.4574730240754563,-0.21978862101452165,-0.677261645089978
2022-07-01,SEXUAL OFFENCES,2164.0,61.0,1.1651696242872969,-0.5382057914978423,-1.703375415785139
2022-08-01,SEXUAL OFFENCES,1919.0,29.0,0.2850393346837388,-1.2660164668882894,-1.5510558015720282
2022-09-01,SEXUAL OFFENCES,1884.0,30.0,0.15930643616894485,-1.2432723832823378,-1.4025788194512827
2022-10-01,SEXUAL OFFENCES,1938.0,69.0,0.353294336734627,-0.3562531226502305,-0.7095474593848575
2022-11-01,SEXUAL OFFENCES,1911.0,57.0,0.25630038645178593,-0.6291821259216481,-0.885482512373434
2022-12-01,SEXUAL OFFENCES,1596.0,46.0,-0.8752957001813602,-0.8793670455871143,-0.0040713454057541565
2023-01-01,SEXUAL OFFENCES,1833.0,131.0,-0.023904358809754993,1.0538800609187609,1.0777844197285158
2023-02-01,SEXUAL OFFENCES,1696.0,108.0,-0.5160588472819486,0.5307661379818769,1.0468249852638256
2023-03-01,SEXUAL OFFENCES,1941.0,79.0,0.3640714423216094,-0.12881228659071575,-0.4928837289123251
2023-04-01,SEXUAL OFFENCES,1731.0,99.0,-0.39032594876715465,0.32606938552831366,0.7163953342954683
2023-05-01,SEXUAL OFFENCES,2098.0,103.0,0.9280733013736854,0.4170457199521196,-0.5110275814215658
2023-06-01,SEXUAL OFFENCES,1992.0,102.0,0.5472822373003092,0.3943016363461681,-0.15298060095414112
2023-07-01,SEXUAL OFFENCES,2024.0,95.0,0.6622380302281209,0.2350930511045078,-0.4271449791236131
2023-08-01,SEXUAL OFFENCES,1862.0,76.0,0.08027432853107433,-0.19704453740857017,-0.2773188659396445
2023-09-01,SEXUAL OFFENCES,2058.0,104.0,0.7843785602139207,0.43978980355807107,-0.34458875665584965
2023-10-01,SEXUAL OFFENCES,1752.0,80.0,-0.31488620965827824,-0.1060682029847643,0.20881800667351394
2023-11-01,SEXUAL OFFENCES,1747.0,53.0,-0.3328480523032488,-0.720158460345454,-0.38731040804220523
2023-12-01,SEXUAL OFFENCES,1711.0,33.0,-0.4621733193470369,-1.1750401324644835,-0.7128668131174465
2024-01-01,SEXUAL OFFENCES,1723.0,54.0,-0.4190648969991076,-0.6974143767395026,-0.278349479740395
2024-02-01,SEXUAL OFFENCES,1820.0,65.0,-0.07060514968667848,-0.4472294570740364,-0.3766243073873579
2024-03-01,SEXUAL OFFENCES,1834.0,70.0,-0.02031199028076088,-0.33350903904427903,-0.31319704876351817
2024-04-01,SEXUAL OFFENCES,1916.0,67.0,0.2742622290967565,-0.4017412898621334,-0.67600351895889
2024-05-01,SEXUAL OFFENCES,2126.0,50.0,1.0286596201855205,-0.7883907111633085,-1.8170503313488289
2024-06-01,SEXUAL OFFENCES,2233.0,50.0,1.4130430527878908,-0.7883907111633085,-2.2014337639511994
2024-07-01,SEXUAL OFFENCES,2319.0,68.0,1.7219867462813847,-0.37899720625618194,-2.1009839525375664
2024-08-01,SEXUAL OFFENCES,2022.0,39.0,0.6550532931701326,-1.0385756308287746,-1.693628923998907
2024-09-01,SEXUAL OFFENCES,2092.0,99.0,0.9065190901997207,0.32606938552831366,-0.580449704671407
2024-10-01,SEXUAL OFFENCES,2256.0,85.0,1.4956675289547554,0.0076522150449930704,-1.4880153139097623
2024-11-01,SEXUAL OFFENCES,2233.0,52.0,1.4130430527878908,-0.7429025439514055,-2.155945596739296
2024-12-01,SEXUAL OFFENCES,1997.0,64.0,0.5652440799452798,-0.46997354067998787,-1.0352176206252677
2025-01-01,SEXUAL OFFENCES,2127.0,67.0,1.0322519887145147,-0.4017412898621334,-1.433993278576648
2025-02-01,SEXUAL OFFENCES,2005.0,67.0,0.5939830281772327,-0.4017412898621334,-0.9957243180393661
2025-03-01,SEXUAL OFFENCES,2125.0,90.0,1.0250672516565265,0.12137263307475044,-0.903694618581776
2025-04-01,SEXUAL OFFENCES,2102.0,112.0,0.9424427754896618,0.6217424724056828,-0.320700303083979
2025-05-01,SEXUAL OFFENCES,2336.0,86.0,1.7830570112742845,0.030396298650944543,-1.75266071262334
2025-06-01,SEXUAL OFFENCES,2534.0,10.0,2.4943459800151193,-1.6981540554013674,-4.1925000354164865
2025-07-01,SEXUAL OFFENCES,2633.0,98.0,2.8499904643855367,0.30332530192236223,-2.5466651624631744
2025-08-01,SEXUAL OFFENCES,2372.0,133.0,1.9123822783180726,1.0993682281306638,-0.8130140501874088
2025-09-01,SEXUAL OFFENCES,2203.0,101.0,1.3052719969180673,0.3715575527402166,-0.9337144441778507
2025-10-01,SEXUAL OFFENCES,2235.0,182.0,1.420227789845879,2.213828324822286,0.7936005349764068
2025-11-01,SEXUAL OFFENCES,2176.0,145.0,1.2082780466352263,1.3722972314020814,0.16401918476685506
2025-12-01,SEXUAL OFFENCES,2112.0,77.0,0.9783664607796029,-0.17430045380261872,-1.1526669145822215
2026-01-01,SEXUAL OFFENCES,2282.0,123.0,1.5890691107086024,0.871927392071149,-0.7171417186374534
2026-02-01,SEXUAL OFFENCES,2010.0,103.0,0.6119448708222033,0.4170457199521196,-0.1948991508700837
2017-04-01,THEFT,17894.0,39.0,-0.48962526986988686,0.22458477043620015,0.714210040306087
2017-05-01,THEFT,19622.0,46.0,-0.08192357385746325,0.8086611352164574,0.8905847090739207
2017-06-01,THEFT,18943.0,31.0,-0.24212580278827092,-0.4429310750269511,-0.2008052722386802
2017-07-01,THEFT,20526.0,42.0,0.1313648134082954,0.4749032124848819,0.34353839907658645
2017-08-01,THEFT,20046.0,42.0,0.018114342293733272,0.4749032124848819,0.4567888701911486
2017-09-01,THEFT,18603.0,31.0,-0.32234488649441906,-0.4429310750269511,-0.12058618853253206
2017-10-01,THEFT,19165.0,23.0,-0.18974745989778594,-1.1104469204901024,-0.9206994605923164
2017-11-01,THEFT,19352.0,56.0,-0.14562696385940443,1.6430559420453965,1.788682905904801
2017-12-01,THEFT,17573.0,36.0,-0.5653615224277503,-0.02573367161248157,0.5396278508152688
2018-01-01,THEFT,17511.0,38.0,-0.5799897082800479,0.14114528975330623,0.7211349980333541
2018-02-01,THEFT,16211.0,22.0,-0.8867097342153203,-1.1938864011729962,-0.30717666695767587
2018-03-01,THEFT,17207.0,23.0,-0.6517150066526038,-1.1104469204901024,-0.45873191383749856
2018-04-01,THEFT,17373.0,42.0,-0.6125492187254845,0.4749032124848819,1.0874524312103664
2018-05-01,THEFT,18315.0,46.0,-0.3902951691631563,0.8086611352164574,1.1989563043796139
2018-06-01,THEFT,18209.0,36.0,-0.4153046482009555,-0.02573367161248157,0.3895709765884739
2018-07-01,THEFT,19713.0,28.0,-0.06045317204199419,-0.6932495170756328,-0.6327963450336386
2018-08-01,THEFT,18431.0,67.0,-0.3629263053104705,2.5608902295572293,2.9238165348677
2018-09-01,THEFT,18073.0,74.0,-0.44739228168341477,3.144966594337487,3.5923588760209015
2018-10-01,THEFT,20043.0,35.0,0.01740652684926726,-0.10917315229537547,-0.12657967914464274
2018-11-01,THEFT,19924.0,59.0,-0.010670152447884596,1.8933743840940782,1.9040445365419627
2018-12-01,THEFT,19411.0,38.0,-0.13170659345157285,0.14114528975330623,0.2728518832048791
2019-01-01,THEFT,19039.0,68.0,-0.2194757085653585,2.6443297102401235,2.863805418805482
2019-02-01,THEFT,19755.0,45.0,-0.05054375581947001,0.7252216545335636,0.7757654103530336
2019-03-01,THEFT,21397.0,34.0,0.33686723078492786,-0.1926126329782694,-0.5294798637631972
2019-04-01,THEFT,21576.0,49.0,0.3791002189714,1.0589795772651391,0.6798793582937391
2019-05-01,THEFT,21758.0,43.0,0.42204102260233817,0.5583426931677757,0.13630167056543757
2019-06-01,THEFT,21152.0,47.0,0.2790623028202035,0.8921006158993514,0.6130383130791479
2019-07-01,THEFT,22775.0,49.0,0.6619904582763166,1.0589795772651391,0.3969891189888225
2019-08-01,THEFT,20914.0,43.0,0.22290894422589977,0.5583426931677757,0.33543374894187594
2019-09-01,THEFT,19883.0,37.0,-0.02034363018892011,0.05770580907041233,0.07804943925933244
2019-10-01,THEFT,22266.0,35.0,0.5418977711985831,-0.10917315229537547,-0.6510709234939586
2019-11-01,THEFT,21261.0,44.0,0.3047795973024686,0.6417821738506697,0.3370025765482011
2019-12-01,THEFT,20203.0,54.0,0.05515668388745463,1.4761769806796088,1.4210202967921541
2020-01-01,THEFT,18840.0,51.0,-0.26642746638160403,1.225858538630927,1.492286005012531
2020-02-01,THEFT,19725.0,53.0,-0.05762191026413014,1.3927374999967148,1.450359410260845
2020-03-01,THEFT,14874.0,29.0,-1.2021594839656735,-0.6098100363927389,0.5923494475729346
2020-04-01,THEFT,7276.0,33.0,-2.9948200663165965,-0.2760521136611633,2.7187679526554334
2020-05-01,THEFT,8969.0,23.0,-2.595376217156276,-1.1104469204901024,1.4849292966661736
2020-06-01,THEFT,11495.0,24.0,-1.999395612915893,-1.0270074398072084,0.9723881731086845
2020-07-01,THEFT,15221.0,25.0,-1.1202888308891046,-0.9435679591243146,0.17672087176479
2020-08-01,THEFT,16048.0,41.0,-0.9251677066979737,0.39146373180198796,1.3166314384999616
2020-09-01,THEFT,16496.0,24.0,-0.819467266991049,-1.0270074398072084,-0.20754017281615944
2020-10-01,THEFT,16778.0,24.0,-0.7529326152112438,-1.0270074398072084,-0.27407482459596466
2020-11-01,THEFT,12894.0,40.0,-1.6693176773132423,0.30802425111909404,1.9773419284323364
2020-12-01,THEFT,13269.0,36.0,-1.5808407467549905,-0.02573367161248157,1.555107075142509
2021-01-01,THEFT,9512.0,23.0,-2.467261621707928,-1.1104469204901024,1.3568147012178255
2021-02-01,THEFT,9394.0,24.0,-2.495102362523591,-1.0270074398072084,1.4680949227163824
2021-03-01,THEFT,11327.0,37.0,-2.0390332778059896,0.05770580907041233,2.096739086876402
2021-04-01,THEFT,12993.0,29.0,-1.6459597676458637,-0.6098100363927389,1.0361497312531247
2021-05-01,THEFT,14712.0,31.0,-1.2403815179668383,-0.4429310750269511,0.7974504429398872
2021-06-01,THEFT,15972.0,23.0,-0.9430990312911126,-1.1104469204901024,-0.1673478891989898
2021-07-01,THEFT,16734.0,40.0,-0.7633139083967453,0.30802425111909404,1.0713381595158393
2021-08-01,THEFT,16053.0,15.0,-0.9239880142905303,-1.7779627659532535,-0.8539747516627232
2021-09-01,THEFT,16649.0,22.0,-0.7833686793232824,-1.1938864011729962,-0.4105177218497138
2021-10-01,THEFT,19015.0,17.0,-0.2251382321210866,-1.6110838045874658,-1.3859455724663792
2021-11-01,THEFT,18595.0,19.0,-0.32423239434632845,-1.4442048432216779,-1.1199724488753495
2021-12-01,THEFT,16650.0,25.0,-0.7831327408417936,-0.9435679591243146,-0.16043521828252094
2022-01-01,THEFT,16081.0,28.0,-0.9173817368088475,-0.6932495170756328,0.22413221973321473
2022-02-01,THEFT,16396.0,16.0,-0.8430611151399161,-1.6945232852703596,-0.8514621701304435
2022-03-01,THEFT,18696.0,19.0,-0.30040260771597266,-1.4442048432216779,-1.1438022355057051
2022-04-01,THEFT,18000.0,30.0,-0.46461579083208776,-0.526370555709845,-0.06175476487775727
2022-05-01,THEFT,19202.0,20.0,-0.1810177360827051,-1.360765362538784,-1.179747626456079
2022-06-01,THEFT,18951.0,25.0,-0.24023829493636153,-0.9435679591243146,-0.7033296641879531
2022-07-01,THEFT,19749.0,32.0,-0.051959386708402035,-0.3594915943440572,-0.30753220763565514
2022-08-01,THEFT,18817.0,27.0,-0.27185405145584346,-0.7766889977585267,-0.5048349463026833
2022-09-01,THEFT,17557.0,23.0,-0.5691365381315691,-1.1104469204901024,-0.5413103823585333
2022-10-01,THEFT,21127.0,34.0,0.2731638407829867,-0.1926126329782694,-0.4657764737612561
2022-11-01,THEFT,21659.0,19.0,0.3986831129349597,-1.4442048432216779,-1.8428879561566376
2022-12-01,THEFT,21066.0,25.0,0.25877159341217776,-0.9435679591243146,-1.2023395525364924
2023-01-01,THEFT,20643.0,23.0,0.1589696157424699,-1.1104469204901024,-1.2694165362325722
2023-02-01,THEFT,20042.0,23.0,0.01717058836777859,-1.1104469204901024,-1.127617508857881
2023-03-01,THEFT,22038.0,40.0,0.48810379741916604,0.30802425111909404,-0.180079546300072
2023-04-01,THEFT,20855.0,39.0,0.20898857381806818,0.22458477043620015,0.015596196618131969
2023-05-01,THEFT,22974.0,37.0,0.7089422160925621,0.05770580907041233,-0.6512364070221498
2023-06-01,THEFT,23608.0,32.0,0.8585272133563796,-0.3594915943440572,-1.2180188077004368
2023-07-01,THEFT,23610.0,35.0,0.858999090319357,-0.10917315229537547,-0.9681722426147324
2023-08-01,THEFT,22202.0,62.0,0.5267977083833081,2.14369282614276,1.616895117759452
2023-09-01,THEFT,21757.0,33.0,0.4218050841208495,-0.2760521136611633,-0.6978571977820127
2023-10-01,THEFT,23130.0,42.0,0.7457486192047948,0.4749032124848819,-0.270845406719913
2023-11-01,THEFT,26061.0,44.0,1.4372843084480897,0.6417821738506697,-0.79550213459742
2023-12-01,THEFT,24672.0,38.0,1.1095657576603257,0.14114528975330623,-0.9684204679070195
2024-01-01,THEFT,22694.0,33.0,0.6428794412757343,-0.2760521136611633,-0.9189315549368975
2024-02-01,THEFT,24437.0,45.0,1.054120214510488,0.7252216545335636,-0.3288985599769244
2024-03-01,THEFT,25929.0,53.0,1.406140428891585,1.3927374999967148,-0.01340292889487027
2024-04-01,THEFT,25913.0,38.0,1.4023654131877665,0.14114528975330623,-1.2612201234344602
2024-05-01,THEFT,25683.0,40.0,1.348099562445372,0.30802425111909404,-1.040075311326278
2024-06-01,THEFT,26401.0,48.0,1.517503392154238,0.9755400965822453,-0.5419632955719927
2024-07-01,THEFT,26860.0,20.0,1.625799155157538,-1.360765362538784,-2.986564517696322
2024-08-01,THEFT,26350.0,28.0,1.5054705295983157,-0.6932495170756328,-2.1987200466739485
2024-09-01,THEFT,25214.0,47.0,1.2374444146271855,0.8921006158993514,-0.34534379872783405
2024-10-01,THEFT,28309.0,56.0,1.9676740148346223,1.6430559420453965,-0.32461807278922583
2024-11-01,THEFT,28895.0,43.0,2.1059339649869835,0.5583426931677757,-1.5475912718192077
2024-12-01,THEFT,26525.0,33.0,1.546759763858833,-0.2760521136611633,-1.8228118775199964
2025-01-01,THEFT,23808.0,49.0,0.9057149096541138,1.0589795772651391,0.1532646676110253
2025-02-01,THEFT,23224.0,49.0,0.7679268364647299,1.0589795772651391,0.2910527408004092
2025-03-01,THEFT,24393.0,51.0,1.0437389213249864,1.225858538630927,0.18211961730594073
2025-04-01,THEFT,24013.0,40.0,0.9540822983592914,0.30802425111909404,-0.6460580472401973
2025-05-01,THEFT,24918.0,34.0,1.1676066241065388,-0.1926126329782694,-1.3602192570848082
2025-06-01,THEFT,24475.0,18.0,1.0630858768070575,-1.5276443239045718,-2.5907302007116293
2025-07-01,THEFT,25683.0,35.0,1.348099562445372,-0.10917315229537547,-1.4572727147407474
2025-08-01,THEFT,24255.0,33.0,1.0111794108795498,-0.2760521136611633,-1.287231524540713
2025-09-01,THEFT,22728.0,45.0,0.650901349646349,0.7252216545335636,0.07432030488721453
2025-10-01,THEFT,23526.0,48.0,0.8391802578743086,0.9755400965822453,0.13635983870793666
2025-11-01,THEFT,24353.0,33.0,1.0343013820654396,-0.2760521136611633,-1.310353495726603
2025-12-01,THEFT,23925.0,35.0,0.9333197119882883,-0.10917315229537547,-1.0424928642836637
2026-01-01,THEFT,20937.0,31.0,0.2283355293001392,-0.4429310750269511,-0.6712666043270903
2026-02-01,THEFT,20751.0,44.0,0.18445097174324637,0.6417821738506697,0.45733120210742334
2017-04-01,VEHICLE OFFENCES,8594.0,6.0,-0.1348003136537871,0.24141869500602903,0.37621900865981617
2017-05-01,VEHICLE OFFENCES,9221.0,4.0,0.38635558116088115,-0.1100343711932241,-0.4963899523541052
2017-06-01,VEHICLE OFFENCES,8407.0,2.0,-0.2902327735107934,-0.4614874373924772,-0.1712546638816838
2017-07-01,VEHICLE OFFENCES,8646.0,1.0,-0.0915784531587907,-0.6372139704921038,-0.5456355173333132
2017-08-01,VEHICLE OFFENCES,8633.0,3.0,-0.1023839182825398,-0.28576090429285067,-0.18337698601031088
2017-09-01,VEHICLE OFFENCES,8910.0,8.0,0.12785560781580646,0.5928717612052822,0.4650161533894757
2017-10-01,VEHICLE OFFENCES,9279.0,6.0,0.4345645794053002,0.24141869500602903,-0.19314588439927116
2017-11-01,VEHICLE OFFENCES,9275.0,8.0,0.4312398209056851,0.5928717612052822,0.1616319402995971
2017-12-01,VEHICLE OFFENCES,8522.0,15.0,-0.19464596664685907,1.8229574929026682,2.017603459549527
2018-01-01,VEHICLE OFFENCES,9466.0,7.0,0.5899970392623065,0.4171452281056556,-0.17285181115665094
2018-02-01,VEHICLE OFFENCES,8776.0,6.0,0.016476198078700318,0.24141869500602903,0.2249424969273287
2018-03-01,VEHICLE OFFENCES,8939.0,39.0,0.15196010693801598,6.040394287293705,5.88843418035569
2018-04-01,VEHICLE OFFENCES,8927.0,33.0,0.14198583143917065,4.986035088695946,4.844049257256775
2018-05-01,VEHICLE OFFENCES,8871.0,4.0,0.09543921244455913,-0.1100343711932241,-0.20547358363778323
2018-06-01,VEHICLE OFFENCES,9026.0,2.0,0.2242736043046446,-0.4614874373924772,-0.6857610416971218
2018-07-01,VEHICLE OFFENCES,9078.0,4.0,0.267495464799641,-0.1100343711932241,-0.37752983599286505
2018-08-01,VEHICLE OFFENCES,9231.0,17.0,0.3946674774099189,2.174410559101921,1.7797430816920023
2018-09-01,VEHICLE OFFENCES,9799.0,17.0,0.8667831843552642,2.174410559101921,1.307627374746657
2018-10-01,VEHICLE OFFENCES,10509.0,11.0,1.456927818036946,1.1200513605041618,-0.3368764575327843
2018-11-01,VEHICLE OFFENCES,10529.0,6.0,1.4735516105350215,0.24141869500602903,-1.2321329155289924
2018-12-01,VEHICLE OFFENCES,9644.0,7.0,0.7379487924951789,0.4171452281056556,-0.3208035643895233
2019-01-01,VEHICLE OFFENCES,10859.0,15.0,1.747844186753268,1.8229574929026682,0.07511330614940026
2019-02-01,VEHICLE OFFENCES,9675.0,13.0,0.7637156708671959,1.4715044267034152,0.7077887558362193
2019-03-01,VEHICLE OFFENCES,10794.0,8.0,1.6938168611345226,0.5928717612052822,-1.1009450999292403
2019-04-01,VEHICLE OFFENCES,10297.0,7.0,1.2807156175573453,0.4171452281056556,-0.8635703894516897
2019-05-01,VEHICLE OFFENCES,10070.0,5.0,1.092035572704188,0.06569216190640247,-1.0263434107977856
2019-06-01,VEHICLE OFFENCES,10049.0,2.0,1.0745805905812085,-0.4614874373924772,-1.5360680279736858
2019-07-01,VEHICLE OFFENCES,10519.0,7.0,1.4652397142859839,0.4171452281056556,-1.0480944861803283
2019-08-01,VEHICLE OFFENCES,10480.0,1.0,1.4328233189147366,-0.6372139704921038,-2.0700372894068404
2019-09-01,VEHICLE OFFENCES,11616.0,1.0,2.3770547328054272,-0.6372139704921038,-3.014268703297531
2019-10-01,VEHICLE OFFENCES,12309.0,3.0,2.953069142863745,-0.28576090429285067,-3.2388300471565956
2019-11-01,VEHICLE OFFENCES,11391.0,3.0,2.1900370672020775,-0.28576090429285067,-2.475797971494928
2019-12-01,VEHICLE OFFENCES,10972.0,8.0,1.8417686143673948,0.5928717612052822,-1.2488968531621127
2020-01-01,VEHICLE OFFENCES,12090.0,7.0,2.7710386150098176,0.4171452281056556,-2.3538933869041623
2020-02-01,VEHICLE OFFENCES,10762.0,4.0,1.6672187931376017,-0.1100343711932241,-1.7772531643308258
2020-03-01,VEHICLE OFFENCES,9588.0,11.0,0.6914021735005673,1.1200513605041618,0.42864918700359445
2020-04-01,VEHICLE OFFENCES,6343.0,3.0,-2.0058081593121893,-0.28576090429285067,1.7200472550193386
2020-05-01,VEHICLE OFFENCES,7275.0,2.0,-1.2311394289018691,-0.4614874373924772,0.7696519915093919
2020-06-01,VEHICLE OFFENCES,8107.0,1.0,-0.5395896609819265,-0.6372139704921038,-0.09762430951017731
2020-07-01,VEHICLE OFFENCES,9026.0,7.0,0.2242736043046446,0.4171452281056556,0.19287162380101097
2020-08-01,VEHICLE OFFENCES,8879.0,5.0,0.10208872944378936,0.06569216190640247,-0.03639656753738689
2020-09-01,VEHICLE OFFENCES,10097.0,1.0,1.1144776925765898,-0.6372139704921038,-1.7516916630686936
2020-10-01,VEHICLE OFFENCES,10553.0,3.0,1.4935001615327121,-0.28576090429285067,-1.7792610658255628
2020-11-01,VEHICLE OFFENCES,9121.0,6.0,0.3032366186705034,0.24141869500602903,-0.06181792366447436
2020-12-01,VEHICLE OFFENCES,7683.0,4.0,-0.8920140619411281,-0.1100343711932241,0.781979690747904
2021-01-01,VEHICLE OFFENCES,7631.0,1.0,-0.9352359224361244,-0.6372139704921038,0.2980219519440206
2021-02-01,VEHICLE OFFENCES,7566.0,2.0,-0.98926324805487,-0.4614874373924772,0.5277758106623928
2021-03-01,VEHICLE OFFENCES,8233.0,1.0,-0.43485976824405065,-0.6372139704921038,-0.20235420224805317
2021-04-01,VEHICLE OFFENCES,7027.0,2.0,-1.4372744558780057,-0.4614874373924772,0.9757870184855285
2021-05-01,VEHICLE OFFENCES,7708.0,1.0,-0.8712343213185336,-0.6372139704921038,0.2340203508264298
2021-06-01,VEHICLE OFFENCES,8011.0,3.0,-0.6193838649726892,-0.28576090429285067,0.3336229606798385
2021-07-01,VEHICLE OFFENCES,7836.0,9.0,-0.7648420493308502,0.7685982943049087,1.5334403436357589
2021-08-01,VEHICLE OFFENCES,8591.0,2.0,-0.13729388252849845,-0.4614874373924772,-0.3241935548639788
2021-09-01,VEHICLE OFFENCES,8901.0,0.0,0.12037490119167245,-0.8129405035917303,-0.9333154047834028
2021-10-01,VEHICLE OFFENCES,9355.0,1.0,0.4977349908979873,-0.6372139704921038,-1.1349489613900912
2021-11-01,VEHICLE OFFENCES,9457.0,1.0,0.5825163326381725,-0.6372139704921038,-1.2197303031302762
2021-12-01,VEHICLE OFFENCES,8499.0,2.0,-0.21376332801964593,-0.4614874373924772,-0.2477241093728313
2022-01-01,VEHICLE OFFENCES,8897.0,0.0,0.11705014269205735,-0.8129405035917303,-0.9299906462837877
2022-02-01,VEHICLE OFFENCES,7915.0,1.0,-0.6991780689634518,-0.6372139704921038,0.061964098471347984
2022-03-01,VEHICLE OFFENCES,8889.0,2.0,0.11040062569282713,-0.4614874373924772,-0.5718880630853044
2022-04-01,VEHICLE OFFENCES,8450.0,0.0,-0.254491619639931,-0.8129405035917303,-0.5584488839517994
2022-05-01,VEHICLE OFFENCES,8605.0,3.0,-0.12565722777984556,-0.28576090429285067,-0.1601036765130051
2022-06-01,VEHICLE OFFENCES,8775.0,6.0,0.01564500845379654,0.24141869500602903,0.22577368655223248
2022-07-01,VEHICLE OFFENCES,8694.0,2.0,-0.051681351163409404,-0.4614874373924772,-0.40980608622906783
2022-08-01,VEHICLE OFFENCES,8966.0,6.0,0.17440222681041798,0.24141869500602903,0.06701646819561105
2022-09-01,VEHICLE OFFENCES,9144.0,3.0,0.3223539800432903,-0.28576090429285067,-0.608114884336141
2022-10-01,VEHICLE OFFENCES,9718.0,1.0,0.7994568247380583,-0.6372139704921038,-1.436670795230162
2022-11-01,VEHICLE OFFENCES,9535.0,1.0,0.6473491233806671,-0.6372139704921038,-1.2845630938727708
2022-12-01,VEHICLE OFFENCES,8004.0,0.0,-0.6252021923470156,-0.8129405035917303,-0.18773831124471474
2023-01-01,VEHICLE OFFENCES,9070.0,6.0,0.26084594780041076,0.24141869500602903,-0.019427252794381733
2023-02-01,VEHICLE OFFENCES,8145.0,7.0,-0.508004455235583,0.4171452281056556,0.9251496833412386
2023-03-01,VEHICLE OFFENCES,8765.0,0.0,0.007333112204758769,-0.8129405035917303,-0.820273615796489
2023-04-01,VEHICLE OFFENCES,7901.0,1.0,-0.7108147237121046,-0.6372139704921038,0.07360075322000081
2023-05-01,VEHICLE OFFENCES,8634.0,8.0,-0.10155272865763604,0.5928717612052822,0.6944244898629182
2023-06-01,VEHICLE OFFENCES,8160.0,4.0,-0.4955366108620264,-0.1100343711932241,0.38550223966880226
2023-07-01,VEHICLE OFFENCES,8379.0,3.0,-0.3135060830080992,-0.28576090429285067,0.02774517871524851
2023-08-01,VEHICLE OFFENCES,8350.0,1.0,-0.3376105821303087,-0.6372139704921038,-0.2996033883617951
2023-09-01,VEHICLE OFFENCES,8843.0,2.0,0.07216590294725338,-0.4614874373924772,-0.5336533403397306
2023-10-01,VEHICLE OFFENCES,8786.0,3.0,0.024788094327738087,-0.28576090429285067,-0.31054899862058877
2023-11-01,VEHICLE OFFENCES,8903.0,8.0,0.12203728044148,0.5928717612052822,0.4708344807638022
2023-12-01,VEHICLE OFFENCES,8361.0,2.0,-0.3284674962563672,-0.4614874373924772,-0.13301994113611004
2024-01-01,VEHICLE OFFENCES,8806.0,2.0,0.04141188682581363,-0.4614874373924772,-0.5028993242182909
2024-02-01,VEHICLE OFFENCES,8032.0,3.0,-0.6019288828497098,-0.28576090429285067,0.31616797855685913
2024-03-01,VEHICLE OFFENCES,8682.0,2.0,-0.06165562666225473,-0.4614874373924772,-0.3998318107302225
2024-04-01,VEHICLE OFFENCES,8858.0,3.0,0.08463374732081004,-0.28576090429285067,-0.3703946516136607
2024-05-01,VEHICLE OFFENCES,8947.0,1.0,0.1586096239372462,-0.6372139704921038,-0.79582359442935
2024-06-01,VEHICLE OFFENCES,8496.0,2.0,-0.21625689689435726,-0.4614874373924772,-0.24523054049811996
2024-07-01,VEHICLE OFFENCES,8294.0,5.0,-0.38415720112492024,0.06569216190640247,0.4498493630313227
2024-08-01,VEHICLE OFFENCES,8258.0,2.0,-0.41408002762145624,-0.4614874373924772,-0.04740740977102098
2024-09-01,VEHICLE OFFENCES,7953.0,0.0,-0.6675928632171082,-0.8129405035917303,-0.1453476403746221
2024-10-01,VEHICLE OFFENCES,8447.0,1.0,-0.25698518851464236,-0.6372139704921038,-0.38022878197746146
2024-11-01,VEHICLE OFFENCES,8104.0,1.0,-0.5420832298566379,-0.6372139704921038,-0.0951307406354659
2024-12-01,VEHICLE OFFENCES,7358.0,3.0,-1.1621506900348557,-0.28576090429285067,0.8763897857420051
2025-01-01,VEHICLE OFFENCES,7567.0,3.0,-0.9884320584299662,-0.28576090429285067,0.7026711541371156
2025-02-01,VEHICLE OFFENCES,7310.0,1.0,-1.2020477920302368,-0.6372139704921038,0.564833821538133
2025-03-01,VEHICLE OFFENCES,7304.0,1.0,-1.2070349297796596,-0.6372139704921038,0.5698209592875558
2025-04-01,VEHICLE OFFENCES,6941.0,1.0,-1.5087567636197308,-0.6372139704921038,0.871542793127627
2025-05-01,VEHICLE OFFENCES,7337.0,0.0,-1.179605672157835,-0.8129405035917303,0.36666516856610465
2025-06-01,VEHICLE OFFENCES,7008.0,1.0,-1.4530670587511776,-0.6372139704921038,0.8158530882590738
2025-07-01,VEHICLE OFFENCES,7265.0,3.0,-1.239451325150907,-0.28576090429285067,0.9536904208580563
2025-08-01,VEHICLE OFFENCES,7214.0,1.0,-1.2818419960209995,-0.6372139704921038,0.6446280255288956
2025-09-01,VEHICLE OFFENCES,7254.0,2.0,-1.2485944110248484,-0.4614874373924772,0.7871069736323711
2025-10-01,VEHICLE OFFENCES,7425.0,8.0,-1.1064609851663025,0.5928717612052822,1.6993327463715846
2025-11-01,VEHICLE OFFENCES,7227.0,3.0,-1.2710365308972504,-0.28576090429285067,0.9852756266043998
2025-12-01,VEHICLE OFFENCES,6365.0,10.0,-1.9875219875643062,0.9443248274045353,2.9318468149688415
2026-01-01,VEHICLE OFFENCES,6698.0,6.0,-1.7107358424713486,0.24141869500602903,1.9521545374773777
2026-02-01,VEHICLE OFFENCES,6220.0,2.0,-2.108044483175354,-0.4614874373924772,1.6465570457828766
2017-04-01,VIOLENCE AGAINST THE PERSON,15860.0,586.0,-1.929922453003471,2.5659219726526428,4.495844425656114
2017-05-01,VIOLENCE AGAINST THE PERSON,17534.0,593.0,-0.8636453130636336,2.610816166806135,3.4744614798697686
2017-06-01,VIOLENCE AGAINST THE PERSON,18037.0,1390.0,-0.5432526001665378,7.722340843996556,8.265593444163095
2017-07-01,VIOLENCE AGAINST THE PERSON,18300.0,303.0,-0.3757311618127879,0.7509138375900467,1.1266449994028345
2017-08-01,VIOLENCE AGAINST THE PERSON,16154.0,282.0,-1.7426551416878724,0.6162312551295713,2.358886396817444
2017-09-01,VIOLENCE AGAINST THE PERSON,16377.0,452.0,-1.6006122490913468,1.7065188274286573,3.307131076520004
2017-10-01,VIOLENCE AGAINST THE PERSON,17829.0,270.0,-0.6757410381041042,0.5392697794378711,1.2150108175419754
2017-11-01,VIOLENCE AGAINST THE PERSON,16936.0,290.0,-1.244549572134137,0.6675389055907048,1.912088477724842
2017-12-01,VIOLENCE AGAINST THE PERSON,16320.0,242.0,-1.6369191767953915,0.35969300282390404,1.9966121796192955
2018-01-01,VIOLENCE AGAINST THE PERSON,16437.0,282.0,-1.5623944304555104,0.6162312551295713,2.178625685585082
2018-02-01,VIOLENCE AGAINST THE PERSON,14726.0,221.0,-2.6522392252207805,0.2250104203634287,2.877249645584209
2018-03-01,VIOLENCE AGAINST THE PERSON,17187.0,407.0,-1.0846716975075545,1.4179132935847818,2.5025849910923363
2018-04-01,VIOLENCE AGAINST THE PERSON,16601.0,269.0,-1.4579323928508907,0.5328563231302295,1.9907887159811202
2018-05-01,VIOLENCE AGAINST THE PERSON,18980.0,209.0,0.05740411606002551,0.1480489446717285,0.09064482861170298
2018-06-01,VIOLENCE AGAINST THE PERSON,18827.0,266.0,-0.0400513214613575,0.5136159542073044,0.5536672756686619
2018-07-01,VIOLENCE AGAINST THE PERSON,20222.0,300.0,0.8485129618218406,0.7316734686671217,-0.11683949315471887
2018-08-01,VIOLENCE AGAINST THE PERSON,17304.0,361.0,-1.0101469511676733,1.1228943034332644,2.1330412546009376
2018-09-01,VIOLENCE AGAINST THE PERSON,17362.0,334.0,-0.9732030598196981,0.9497309831269388,1.922934042946637
2018-10-01,VIOLENCE AGAINST THE PERSON,18000.0,223.0,-0.5668202549919703,0.23783733297871207,0.8046575879706823
2018-11-01,VIOLENCE AGAINST THE PERSON,17665.0,202.0,-0.7802030757087239,0.10315475051823672,0.8833578262269607
2018-12-01,VIOLENCE AGAINST THE PERSON,17923.0,171.0,-0.615866455574627,-0.09566239501865545,0.5202040605559716
2019-01-01,VIOLENCE AGAINST THE PERSON,17412.0,264.0,-0.9413548776231677,0.5007890415920211,1.4421439192151888
2019-02-01,VIOLENCE AGAINST THE PERSON,16813.0,217.0,-1.3228961003376019,0.19935659513286197,1.5222526954704638
2019-03-01,VIOLENCE AGAINST THE PERSON,18723.0,286.0,-0.10629554043014072,0.6418850803601381,0.7481806207902788
2019-04-01,VIOLENCE AGAINST THE PERSON,17522.0,207.0,-0.8712888767908008,0.13522203205644515,1.006510908847246
2019-05-01,VIOLENCE AGAINST THE PERSON,18884.0,215.0,-0.003744393757312852,0.1865296825175786,0.19027407627489146
2019-06-01,VIOLENCE AGAINST THE PERSON,19034.0,337.0,0.09180015283227834,0.968971352049864,0.8771711992175856
2019-07-01,VIOLENCE AGAINST THE PERSON,20302.0,212.0,0.8994700533362892,0.16728931359465354,-0.7321807397416356
2019-08-01,VIOLENCE AGAINST THE PERSON,18629.0,227.0,-0.16617012295961786,0.2634911582092788,0.4296612811688967
2019-09-01,VIOLENCE AGAINST THE PERSON,18470.0,229.0,-0.2674473423445845,0.27631807082456217,0.5437654131691467
2019-10-01,VIOLENCE AGAINST THE PERSON,18907.0,167.0,0.010905770053091129,-0.12131622024922217,-0.1322219903023133
2019-11-01,VIOLENCE AGAINST THE PERSON,18911.0,289.0,0.013453624628813561,0.6611254492830632,0.6476718246542496
2019-12-01,VIOLENCE AGAINST THE PERSON,18244.0,304.0,-0.4114011258729019,0.7573272938976884,1.1687284197705903
2020-01-01,VIOLENCE AGAINST THE PERSON,18066.0,255.0,-0.5247806544925502,0.4430679348232459,0.9678485893157961
2020-02-01,VIOLENCE AGAINST THE PERSON,17279.0,278.0,-1.0260710422659385,0.5905774298990046,1.6166484721649432
2020-03-01,VIOLENCE AGAINST THE PERSON,17657.0,128.0,-0.7852987848601688,-0.3714410162472478,0.413857768612921
2020-04-01,VIOLENCE AGAINST THE PERSON,15474.0,72.0,-2.175790419560686,-0.7305945694751821,1.4451958500855038
2020-05-01,VIOLENCE AGAINST THE PERSON,17855.0,76.0,-0.6591799833619084,-0.7049407442446153,-0.045760760882706863
2020-06-01,VIOLENCE AGAINST THE PERSON,19112.0,265.0,0.14148331705886574,0.5072024978996628,0.365719180840797
2020-07-01,VIOLENCE AGAINST THE PERSON,20366.0,186.0,0.940235726547848,0.0005394495959697964,-0.9396962769518783
2020-08-01,VIOLENCE AGAINST THE PERSON,20230.0,103.0,0.8536086709732854,-0.5317774239382899,-1.3853860949115753
2020-09-01,VIOLENCE AGAINST THE PERSON,19359.0,112.0,0.2988133371097259,-0.47405631716951474,-0.7728696542792406
2020-10-01,VIOLENCE AGAINST THE PERSON,18400.0,103.0,-0.31203479741972706,-0.5317774239382899,-0.2197426265185628
2020-11-01,VIOLENCE AGAINST THE PERSON,17953.0,91.0,-0.5967575462567088,-0.6087388996299901,-0.011981353373281212
2020-12-01,VIOLENCE AGAINST THE PERSON,17059.0,65.0,-1.1662030439306723,-0.7754887636286738,0.3907142803019985
2021-01-01,VIOLENCE AGAINST THE PERSON,15520.0,88.0,-2.146490091939878,-0.6279792685529151,1.5185108233869629
2021-02-01,VIOLENCE AGAINST THE PERSON,15359.0,83.0,-2.2490412386127057,-0.6600465500911236,1.588994688521582
2021-03-01,VIOLENCE AGAINST THE PERSON,18582.0,144.0,-0.19610741422435643,-0.2688257153249809,-0.07271830110062447
2021-04-01,VIOLENCE AGAINST THE PERSON,18295.0,133.0,-0.3789159800324409,-0.3393737347090394,0.039542245323401504
2021-05-01,VIOLENCE AGAINST THE PERSON,20578.0,129.0,1.075272019061137,-0.3650275599396061,-1.440299579000743
2021-06-01,VIOLENCE AGAINST THE PERSON,20729.0,117.0,1.1714535292946588,-0.4419890356313063,-1.6134425649259652
2021-07-01,VIOLENCE AGAINST THE PERSON,21188.0,122.0,1.4638198418588078,-0.4099217540930979,-1.8737415959519057
2021-08-01,VIOLENCE AGAINST THE PERSON,18668.0,158.0,-0.14132854084632415,-0.17903732701799732,-0.03770878617167317
2021-09-01,VIOLENCE AGAINST THE PERSON,19693.0,135.0,0.5115591941825489,-0.326546822093756,-0.838106016276305
2021-10-01,VIOLENCE AGAINST THE PERSON,20438.0,74.0,0.9860971089108519,-0.7177676568598987,-1.7038647657707506
2021-11-01,VIOLENCE AGAINST THE PERSON,19694.0,82.0,0.5121961578264795,-0.6664600063987652,-1.1786561642252447
2021-12-01,VIOLENCE AGAINST THE PERSON,18469.0,67.0,-0.2680843059885151,-0.7626618510133905,-0.49457754502487533
2022-01-01,VIOLENCE AGAINST THE PERSON,18521.0,84.0,-0.23496219650412353,-0.6536330937834819,-0.41867089727935836
2022-02-01,VIOLENCE AGAINST THE PERSON,18058.0,101.0,-0.529876363643995,-0.5446043365535732,-0.014727972909578169
2022-03-01,VIOLENCE AGAINST THE PERSON,19892.0,90.0,0.6383149593247399,-0.6151523559376317,-1.2534673152623717
2022-04-01,VIOLENCE AGAINST THE PERSON,18663.0,80.0,-0.1445133590659772,-0.6792869190140486,-0.5347735599480714
2022-05-01,VIOLENCE AGAINST THE PERSON,21068.0,97.0,1.3873842045871347,-0.57025816178414,-1.9576423663712748
2022-06-01,VIOLENCE AGAINST THE PERSON,19986.0,90.0,0.6981895418542171,-0.6151523559376317,-1.3133418977918487
2022-07-01,VIOLENCE AGAINST THE PERSON,20731.0,86.0,1.1727274565825199,-0.6408061811681985,-1.8135336377507185
2022-08-01,VIOLENCE AGAINST THE PERSON,19912.0,94.0,0.6510542322033521,-0.589498530707065,-1.2405527629104172
2022-09-01,VIOLENCE AGAINST THE PERSON,18912.0,79.0,0.014090588272744169,-0.6857003753216903,-0.6997909635944344
2022-10-01,VIOLENCE AGAINST THE PERSON,19753.0,86.0,0.5497770128183854,-0.6408061811681985,-1.1905831939865839
2022-11-01,VIOLENCE AGAINST THE PERSON,19379.0,112.0,0.31155260998833806,-0.47405631716951474,-0.7856089271578528
2022-12-01,VIOLENCE AGAINST THE PERSON,17842.0,67.0,-0.6674605107330063,-0.7626618510133905,-0.09520134028038418
2023-01-01,VIOLENCE AGAINST THE PERSON,18740.0,129.0,-0.0954671584833204,-0.3650275599396061,-0.26956040145628574
2023-02-01,VIOLENCE AGAINST THE PERSON,17972.0,70.0,-0.5846552370220273,-0.7434214820904654,-0.15876624506843817
2023-03-01,VIOLENCE AGAINST THE PERSON,19639.0,100.0,0.47716315741029613,-0.5510177928612149,-1.0281809502715111
2023-04-01,VIOLENCE AGAINST THE PERSON,19259.0,94.0,0.23511697271666512,-0.589498530707065,-0.8246155034237301
2023-05-01,VIOLENCE AGAINST THE PERSON,21303.0,150.0,1.5370706609108278,-0.2303449774791308,-1.7674156383899586
2023-06-01,VIOLENCE AGAINST THE PERSON,22496.0,147.0,2.296968288120043,-0.24958534640205585,-2.5465536345220987
2023-07-01,VIOLENCE AGAINST THE PERSON,21929.0,137.0,1.9358099020113884,-0.31371990947847267,-2.249529811489861
2023-08-01,VIOLENCE AGAINST THE PERSON,20470.0,122.0,1.0064799455166313,-0.4099217540930979,-1.4164016996097293
2023-09-01,VIOLENCE AGAINST THE PERSON,21055.0,134.0,1.379103677216037,-0.3329602784013977,-1.7120639556174346
2023-10-01,VIOLENCE AGAINST THE PERSON,19715.0,264.0,0.5255723943490224,0.5007890415920211,-0.024783352757001276
2023-11-01,VIOLENCE AGAINST THE PERSON,19880.0,149.0,0.6306713955975727,-0.23675843378677247,-0.8674298293843452
2023-12-01,VIOLENCE AGAINST THE PERSON,20298.0,99.0,0.8969221987605668,-0.5574312491688567,-1.4543534479294236
2024-01-01,VIOLENCE AGAINST THE PERSON,19431.0,100.0,0.34467471947272965,-0.5510177928612149,-0.8956925123339445
2024-02-01,VIOLENCE AGAINST THE PERSON,19250.0,346.0,0.22938429992128964,1.026692458818639,0.7973081588973494
2024-03-01,VIOLENCE AGAINST THE PERSON,18735.0,109.0,-0.09865197670297343,-0.49329668609243976,-0.39464470938946633
2024-04-01,VIOLENCE AGAINST THE PERSON,17818.0,181.0,-0.6827476381873409,-0.03152783194223862,0.6512198062451022
2024-05-01,VIOLENCE AGAINST THE PERSON,20300.0,230.0,0.8981961260484279,0.28273152713220384,-0.6154645989162241
2024-06-01,VIOLENCE AGAINST THE PERSON,19985.0,125.0,0.6975525782102865,-0.39068138517017287,-1.0882339633804594
2024-07-01,VIOLENCE AGAINST THE PERSON,20644.0,97.0,1.117311619560557,-0.57025816178414,-1.687569781344697
2024-08-01,VIOLENCE AGAINST THE PERSON,19449.0,144.0,0.3561400650634806,-0.2688257153249809,-0.6249657803884615
2024-09-01,VIOLENCE AGAINST THE PERSON,19190.0,120.0,0.19116648128545316,-0.4227486667083813,-0.6139151479938345
2024-10-01,VIOLENCE AGAINST THE PERSON,19444.0,125.0,0.35295524684382756,-0.39068138517017287,-0.7436366320140004
2024-11-01,VIOLENCE AGAINST THE PERSON,18988.0,102.0,0.06249982521147037,-0.5381908802459315,-0.6006907054574019
2024-12-01,VIOLENCE AGAINST THE PERSON,19074.0,110.0,0.11727869858950266,-0.4868832297847981,-0.6041619283743007
2025-01-01,VIOLENCE AGAINST THE PERSON,18264.0,144.0,-0.39866185299428974,-0.2688257153249809,0.12983613766930885
2025-02-01,VIOLENCE AGAINST THE PERSON,17275.0,74.0,-1.028618896841661,-0.7177676568598987,0.31085123998176223
2025-03-01,VIOLENCE AGAINST THE PERSON,20176.0,125.0,0.8192126342010326,-0.39068138517017287,-1.2098940193712056
2025-04-01,VIOLENCE AGAINST THE PERSON,19426.0,98.0,0.34148990125307666,-0.5638447054764983,-0.905334606729575
2025-05-01,VIOLENCE AGAINST THE PERSON,20786.0,191.0,1.2077604569987035,0.03260673113417821,-1.1751537258645253
2025-06-01,VIOLENCE AGAINST THE PERSON,21681.0,64.0,1.7778429183165976,-0.7819022199363155,-2.559745138252913
2025-07-01,VIOLENCE AGAINST THE PERSON,22872.0,101.0,2.5364666182379514,-0.5446043365535732,-3.0810709547915245
2025-08-01,VIOLENCE AGAINST THE PERSON,20422.0,115.0,0.9759056906079622,-0.45481594824658966,-1.4307216388545518
2025-09-01,VIOLENCE AGAINST THE PERSON,19891.0,150.0,0.6376779956808093,-0.2303449774791308,-0.86802297315994
2025-10-01,VIOLENCE AGAINST THE PERSON,21204.0,249.0,1.4740112601616975,0.4045871969773958,-1.0694240631843017
2025-11-01,VIOLENCE AGAINST THE PERSON,20191.0,141.0,0.8287670888599917,-0.2880660842479059,-1.1168331731078975
2025-12-01,VIOLENCE AGAINST THE PERSON,20058.0,151.0,0.7440509242172209,-0.2239315211714891,-0.9679824453887099
2026-01-01,VIOLENCE AGAINST THE PERSON,19582.0,87.0,0.4408562297062515,-0.6343927248605568,-1.0752489545668082
2026-02-01,VIOLENCE AGAINST THE PERSON,19153.0,80.0,0.16759882646002067,-0.6792869190140486,-0.8468857454740693
