Month,crime_type,count,headline_count,crime_z,headline_z,divergence
2017-04-01,ARSON AND CRIMINAL DAMAGE,5136.0,22.0,1.42791967660072,0.12649773886600427,-1.3014219377347158
2017-05-01,ARSON AND CRIMINAL DAMAGE,5482.0,16.0,2.319875576363018,-0.14602423546948137,-2.4658998118324993
2017-06-01,ARSON AND CRIMINAL DAMAGE,5328.0,182.0,1.922877863752053,7.393750387812288,5.470872524060235
2017-07-01,ARSON AND CRIMINAL DAMAGE,5471.0,60.0,2.291518596890806,1.8524702429907465,-0.4390483539000596
2017-08-01,ARSON AND CRIMINAL DAMAGE,5174.0,32.0,1.525880151141088,0.580701029425147,-0.945179121715941
2017-09-01,ARSON AND CRIMINAL DAMAGE,4961.0,17.0,0.976785912270078,-0.1006039064135671,-1.0773898186836453
2017-10-01,ARSON AND CRIMINAL DAMAGE,5420.0,12.0,2.1600453284287333,-0.3277055516931385,-2.487750880121872
2017-11-01,ARSON AND CRIMINAL DAMAGE,5194.0,14.0,1.5774382956360185,-0.2368648935813099,-1.8143031892173282
2017-12-01,ARSON AND CRIMINAL DAMAGE,4740.0,39.0,0.40706841560109586,0.8986433328165468,0.491574917215451
2018-01-01,ARSON AND CRIMINAL DAMAGE,4929.0,16.0,0.8942928810781892,-0.14602423546948137,-1.0403171165476706
2018-02-01,ARSON AND CRIMINAL DAMAGE,4269.0,19.0,-0.8071258872545177,-0.009763248301738558,0.7973626389527791
2018-03-01,ARSON AND CRIMINAL DAMAGE,4600.0,14.0,0.046161404136582256,-0.2368648935813099,-0.2830262977178922
2018-04-01,ARSON AND CRIMINAL DAMAGE,4765.0,24.0,0.471516096219759,0.2173383969778328,-0.2541776992419262
2018-05-01,ARSON AND CRIMINAL DAMAGE,5001.0,20.0,1.079902201259939,0.035657080754175716,-1.0442451205057635
2018-06-01,ARSON AND CRIMINAL DAMAGE,4839.0,71.0,0.6622812308510019,2.3520938626058037,1.6898126317548017
2018-07-01,ARSON AND CRIMINAL DAMAGE,5026.0,39.0,1.1443498818786022,0.8986433328165468,-0.24570654906205536
2018-08-01,ARSON AND CRIMINAL DAMAGE,4565.0,73.0,-0.04406534872954615,2.4429345207176323,2.486999869447178
2018-09-01,ARSON AND CRIMINAL DAMAGE,4469.0,39.0,-0.2915444423052126,0.8986433328165468,1.1901877751217596
2018-10-01,ARSON AND CRIMINAL DAMAGE,4813.0,14.0,0.5952556430075923,-0.2368648935813099,-0.8321205365889022
2018-11-01,ARSON AND CRIMINAL DAMAGE,4724.0,27.0,0.3658219000051514,0.3535993841455756,-0.012222515859575789
2018-12-01,ARSON AND CRIMINAL DAMAGE,4688.0,15.0,0.2730172399142765,-0.19144456452539566,-0.46446180443967217
2019-01-01,ARSON AND CRIMINAL DAMAGE,4547.0,20.0,-0.09046767877498361,0.035657080754175716,0.12612475952915933
2019-02-01,ARSON AND CRIMINAL DAMAGE,4370.0,20.0,-0.5467572575551186,0.035657080754175716,0.5824143383092943
2019-03-01,ARSON AND CRIMINAL DAMAGE,4968.0,13.0,0.9948312628433037,-0.28228522263722416,-1.277116485480528
2019-04-01,ARSON AND CRIMINAL DAMAGE,4727.0,28.0,0.373555621679391,0.3990197132014899,0.025464091522098886
2019-05-01,ARSON AND CRIMINAL DAMAGE,4895.0,21.0,0.8066440354368073,0.08107740981008998,-0.7255666256267173
2019-06-01,ARSON AND CRIMINAL DAMAGE,4711.0,59.0,0.3323091060834466,1.8070499139348324,1.4747408078513857
2019-07-01,ARSON AND CRIMINAL DAMAGE,4924.0,30.0,0.8814033449544566,0.48986037131331844,-0.39154297364113816
2019-08-01,ARSON AND CRIMINAL DAMAGE,4597.0,22.0,0.038427682462342676,0.12649773886600427,0.08807005640366158
2019-09-01,ARSON AND CRIMINAL DAMAGE,4578.0,30.0,-0.010552554807841313,0.48986037131331844,0.5004129261211597
2019-10-01,ARSON AND CRIMINAL DAMAGE,4880.0,11.0,0.7679754270656094,-0.37312588074905273,-1.1411013078146621
2019-11-01,ARSON AND CRIMINAL DAMAGE,4574.0,12.0,-0.020864183706827414,-0.3277055516931385,-0.30684136798631106
2019-12-01,ARSON AND CRIMINAL DAMAGE,4547.0,20.0,-0.09046767877498361,0.035657080754175716,0.12612475952915933
2020-01-01,ARSON AND CRIMINAL DAMAGE,4422.0,19.0,-0.4127060818682993,-0.009763248301738558,0.40294283356656074
2020-02-01,ARSON AND CRIMINAL DAMAGE,4341.0,11.0,-0.6215165670727679,-0.37312588074905273,0.2483906863237152
2020-03-01,ARSON AND CRIMINAL DAMAGE,4386.0,11.0,-0.5055107419591742,-0.37312588074905273,0.1323848612101215
2020-04-01,ARSON AND CRIMINAL DAMAGE,3486.0,8.0,-2.8256272442310473,-0.5093868679167955,2.316240376314252
2020-05-01,ARSON AND CRIMINAL DAMAGE,3903.0,33.0,-1.7506399315117462,0.6261213584810612,2.3767612899928077
2020-06-01,ARSON AND CRIMINAL DAMAGE,4341.0,7.0,-0.6215165670727679,-0.5548071969727099,0.06670937010005806
2020-07-01,ARSON AND CRIMINAL DAMAGE,4702.0,11.0,0.30910794106072786,-0.37312588074905273,-0.6822338218097805
2020-08-01,ARSON AND CRIMINAL DAMAGE,4681.0,13.0,0.2549718893410508,-0.28228522263722416,-0.537257111978275
2020-09-01,ARSON AND CRIMINAL DAMAGE,4286.0,7.0,-0.7633014644338268,-0.5548071969727099,0.208494267461117
2020-10-01,ARSON AND CRIMINAL DAMAGE,4304.0,2.0,-0.7168991343883894,-0.7819088422522812,-0.06500970786389182
2020-11-01,ARSON AND CRIMINAL DAMAGE,4167.0,4.0,-1.0700724241786634,-0.6910681841404527,0.37900424003821076
2020-12-01,ARSON AND CRIMINAL DAMAGE,4038.0,7.0,-1.4026224561709653,-0.5548071969727099,0.8478152591982554
2021-01-01,ARSON AND CRIMINAL DAMAGE,3621.0,5.0,-2.4776097688902663,-0.6456478550845384,1.831961913805728
2021-02-01,ARSON AND CRIMINAL DAMAGE,3530.0,4.0,-2.7121993263422004,-0.6910681841404527,2.0211311422017477
2021-03-01,ARSON AND CRIMINAL DAMAGE,4138.0,8.0,-1.1448317336963125,-0.5093868679167955,0.635444865779517
2021-04-01,ARSON AND CRIMINAL DAMAGE,4226.0,11.0,-0.9179758979186183,-0.37312588074905273,0.5448500171695656
2021-05-01,ARSON AND CRIMINAL DAMAGE,4645.0,29.0,0.1621672292501759,0.44444004225740413,0.28227281300722823
2021-06-01,ARSON AND CRIMINAL DAMAGE,4842.0,11.0,0.6700149525252415,-0.37312588074905273,-1.0431408332742942
2021-07-01,ARSON AND CRIMINAL DAMAGE,4682.0,15.0,0.25754979656579735,-0.19144456452539566,-0.448994361091193
2021-08-01,ARSON AND CRIMINAL DAMAGE,4463.0,6.0,-0.30701188565369175,-0.6002275260286241,-0.2932156403749323
2021-09-01,ARSON AND CRIMINAL DAMAGE,4421.0,3.0,-0.41528398909304587,-0.7364885131963669,-0.321204524103321
2021-10-01,ARSON AND CRIMINAL DAMAGE,4666.0,11.0,0.21630328096985293,-0.37312588074905273,-0.5894291617189057
2021-11-01,ARSON AND CRIMINAL DAMAGE,4429.0,10.0,-0.3946607312950736,-0.418546209804967,-0.023885478509893365
2021-12-01,ARSON AND CRIMINAL DAMAGE,4134.0,13.0,-1.1551433625952987,-0.28228522263722416,0.8728581399580746
2022-01-01,ARSON AND CRIMINAL DAMAGE,4240.0,4.0,-0.881885196772167,-0.6910681841404527,0.19081701263171436
2022-02-01,ARSON AND CRIMINAL DAMAGE,3818.0,9.0,-1.9697620456152007,-0.4639665388608813,1.5057955067543194
2022-03-01,ARSON AND CRIMINAL DAMAGE,4317.0,7.0,-0.6833863404666846,-0.5548071969727099,0.1285791434939747
2022-04-01,ARSON AND CRIMINAL DAMAGE,4454.0,8.0,-0.3302130506764105,-0.5093868679167955,-0.17917381724038506
2022-05-01,ARSON AND CRIMINAL DAMAGE,4546.0,6.0,-0.09304558599973013,-0.6002275260286241,-0.5071819400288939
2022-06-01,ARSON AND CRIMINAL DAMAGE,4434.0,13.0,-0.381771195171341,-0.28228522263722416,0.09948597253411684
2022-07-01,ARSON AND CRIMINAL DAMAGE,4641.0,27.0,0.1518556003511898,0.3535993841455756,0.20174378379438582
2022-08-01,ARSON AND CRIMINAL DAMAGE,4560.0,22.0,-0.05695488485327878,0.12649773886600427,0.18345262371928306
2022-09-01,ARSON AND CRIMINAL DAMAGE,4122.0,4.0,-1.186078249292257,-0.6910681841404527,0.49501006515180435
2022-10-01,ARSON AND CRIMINAL DAMAGE,4522.0,4.0,-0.15491535939364676,-0.6910681841404527,-0.5361528247468059
2022-11-01,ARSON AND CRIMINAL DAMAGE,4325.0,6.0,-0.6627630826687123,-0.6002275260286241,0.06253555664008825
2022-12-01,ARSON AND CRIMINAL DAMAGE,3997.0,2.0,-1.5083166523855727,-0.7819088422522812,0.7264078101332915
2023-01-01,ARSON AND CRIMINAL DAMAGE,4228.0,13.0,-0.9128200834691254,-0.28228522263722416,0.6305348608319012
2023-02-01,ARSON AND CRIMINAL DAMAGE,4050.0,5.0,-1.371687569474007,-0.6456478550845384,0.7260397143894686
2023-03-01,ARSON AND CRIMINAL DAMAGE,4421.0,15.0,-0.41528398909304587,-0.19144456452539566,0.2238394245676502
2023-04-01,ARSON AND CRIMINAL DAMAGE,4410.0,25.0,-0.44364096856525764,0.26275872603374706,0.7063996945990048
2023-05-01,ARSON AND CRIMINAL DAMAGE,4985.0,7.0,1.0386556856639946,-0.5548071969727099,-1.5934628826367043
2023-06-01,ARSON AND CRIMINAL DAMAGE,4963.0,7.0,0.981941726719571,-0.5548071969727099,-1.5367489236922809
2023-07-01,ARSON AND CRIMINAL DAMAGE,5039.0,13.0,1.177862675800307,-0.28228522263722416,-1.4601478984375311
2023-08-01,ARSON AND CRIMINAL DAMAGE,4890.0,21.0,0.7937544993130747,0.08107740981008998,-0.7126770895029848
2023-09-01,ARSON AND CRIMINAL DAMAGE,5013.0,12.0,1.1108370879568974,-0.3277055516931385,-1.4385426396500358
2023-10-01,ARSON AND CRIMINAL DAMAGE,4610.0,18.0,0.0719404763840475,-0.05518357735765283,-0.12712405374170033
2023-11-01,ARSON AND CRIMINAL DAMAGE,4592.0,12.0,0.025538146338610047,-0.3277055516931385,-0.35324369803174854
2023-12-01,ARSON AND CRIMINAL DAMAGE,4706.0,36.0,0.319419569959714,0.762382345648804,0.44296277568909004
2024-01-01,ARSON AND CRIMINAL DAMAGE,4793.0,22.0,0.5436974985126617,0.12649773886600427,-0.41719975964665745
2024-02-01,ARSON AND CRIMINAL DAMAGE,4503.0,18.0,-0.20389559666383075,-0.05518357735765283,0.14871201930617792
2024-03-01,ARSON AND CRIMINAL DAMAGE,4521.0,20.0,-0.15749326661839327,0.035657080754175716,0.19315034737256898
2024-04-01,ARSON AND CRIMINAL DAMAGE,4533.0,15.0,-0.12655837992143495,-0.19144456452539566,-0.0648861846039607
2024-05-01,ARSON AND CRIMINAL DAMAGE,4703.0,9.0,0.3116858482854744,-0.4639665388608813,-0.7756523871463556
2024-06-01,ARSON AND CRIMINAL DAMAGE,4758.0,12.0,0.45347074564653334,-0.3277055516931385,-0.7811762973396719
2024-07-01,ARSON AND CRIMINAL DAMAGE,5341.0,8.0,1.9563906576737577,-0.5093868679167955,-2.4657775255905534
2024-08-01,ARSON AND CRIMINAL DAMAGE,5125.0,44.0,1.3995626971285082,1.1257449780961182,-0.27381771903239005
2024-09-01,ARSON AND CRIMINAL DAMAGE,4618.0,13.0,0.09256373418201971,-0.28228522263722416,-0.3748489568192439
2024-10-01,ARSON AND CRIMINAL DAMAGE,4589.0,12.0,0.01780442466437047,-0.3277055516931385,-0.34550997635750896
2024-11-01,ARSON AND CRIMINAL DAMAGE,4567.0,7.0,-0.038909534280053094,-0.5548071969727099,-0.5158976626926568
2024-12-01,ARSON AND CRIMINAL DAMAGE,4183.0,10.0,-1.028825908582719,-0.418546209804967,0.6102796987777519
2025-01-01,ARSON AND CRIMINAL DAMAGE,4254.0,4.0,-0.8457944956257156,-0.6910681841404527,0.15472631148526295
2025-02-01,ARSON AND CRIMINAL DAMAGE,4092.0,6.0,-1.2634154660346528,-0.6002275260286241,0.6631879400060288
2025-03-01,ARSON AND CRIMINAL DAMAGE,4569.0,18.0,-0.033753719830560046,-0.05518357735765283,-0.021429857527092783
2025-04-01,ARSON AND CRIMINAL DAMAGE,4677.0,7.0,0.24466026044206474,-0.5548071969727099,-0.7994674574147747
2025-05-01,ARSON AND CRIMINAL DAMAGE,4867.0,98.0,0.7344626331439046,3.578442747115489,2.8439801139715843
2025-06-01,ARSON AND CRIMINAL DAMAGE,4837.0,13.0,0.6571254164015088,-0.28228522263722416,-0.9394106390387329
2025-07-01,ARSON AND CRIMINAL DAMAGE,5227.0,22.0,1.662509234052654,0.12649773886600427,-1.5360114951866497
2025-08-01,ARSON AND CRIMINAL DAMAGE,4856.0,20.0,0.7061056536716929,0.035657080754175716,-0.6704485729175171
2025-09-01,ARSON AND CRIMINAL DAMAGE,4507.0,15.0,-0.19358396776484463,-0.19144456452539566,0.0021394032394489726
2025-10-01,ARSON AND CRIMINAL DAMAGE,4653.0,23.0,0.18279048704814813,0.17191806792191852,-0.010872419126229604
2025-11-01,ARSON AND CRIMINAL DAMAGE,4447.0,11.0,-0.3482584012496362,-0.37312588074905273,-0.024867479499416534
2025-12-01,ARSON AND CRIMINAL DAMAGE,4184.0,1.0,-1.0262480013579725,-0.8273291713081955,0.19891883004977695
2026-01-01,ARSON AND CRIMINAL DAMAGE,4260.0,14.0,-0.8303270522772365,-0.2368648935813099,0.5934621586959266
2026-02-01,ARSON AND CRIMINAL DAMAGE,3971.0,8.0,-1.5753422402289825,-0.5093868679167955,1.065955372312187
2017-04-01,BURGLARY,5852.0,15.0,0.19817898817647656,-0.10085976240187798,-0.29903875057835455
2017-05-01,BURGLARY,5826.0,4.0,0.17557499715081307,-0.5488293486170114,-0.7244043457678244
2017-06-01,BURGLARY,5731.0,8.0,0.09298349148011958,-0.3859313172660538,-0.47891480874617337
2017-07-01,BURGLARY,6216.0,10.0,0.5146348625357653,-0.304482301590575,-0.8191171641263403
2017-08-01,BURGLARY,6267.0,9.0,0.5589734603168744,-0.3452068094283144,-0.9041802697451888
2017-09-01,BURGLARY,6045.0,18.0,0.36597015232851704,0.021313761111340212,-0.34465639121717684
2017-10-01,BURGLARY,6721.0,15.0,0.9536739189957676,-0.10085976240187798,-1.0545336813976456
2017-11-01,BURGLARY,7348.0,15.0,1.4987778564223446,-0.10085976240187798,-1.5996376188242225
2017-12-01,BURGLARY,6989.0,24.0,1.1866689034141449,0.2656608081377766,-0.9210080952763683
2018-01-01,BURGLARY,7639.0,23.0,1.751768679055732,0.22493630030003722,-1.5268323787556948
2018-02-01,BURGLARY,6600.0,7.0,0.8484784222994106,-0.4266558251037932,-1.2751342474032037
2018-03-01,BURGLARY,6360.0,23.0,0.6398261974471323,0.22493630030003722,-0.4148898971470951
2018-04-01,BURGLARY,6356.0,251.0,0.6363486603662609,9.510124087304622,8.87377542693836
2018-05-01,BURGLARY,6385.0,53.0,0.6615608042025779,1.446671535432219,0.7851107312296411
2018-06-01,BURGLARY,6092.0,35.0,0.40683121302875486,0.71363039435291,0.3067991813241551
2018-07-01,BURGLARY,6301.0,14.0,0.5885325255042805,-0.1415842702396174,-0.7301167957438979
2018-08-01,BURGLARY,6506.0,27.0,0.7667563008989349,0.3878343316509948,-0.3789219692479401
2018-09-01,BURGLARY,6089.0,24.0,0.4042230602181014,0.2656608081377766,-0.1385622520803248
2018-10-01,BURGLARY,7149.0,29.0,1.3257703866489972,0.46928334732647364,-0.8564870393225235
2018-11-01,BURGLARY,7887.0,30.0,1.9673759780697528,0.510007855164213,-1.4573681229055397
2018-12-01,BURGLARY,7159.0,38.0,1.3344642293511755,0.8358039178661282,-0.4986603114850473
2019-01-01,BURGLARY,7455.0,17.0,1.591801973335652,-0.019410746726399187,-1.6112127200620512
2019-02-01,BURGLARY,6680.0,36.0,0.9180291639168366,0.7543549021906494,-0.16367426172618726
2019-03-01,BURGLARY,7219.0,21.0,1.386627285564245,0.14348728462455843,-1.2431400009396865
2019-04-01,BURGLARY,6316.0,12.0,0.601573289557548,-0.2230332859150962,-0.8246065754726442
2019-05-01,BURGLARY,6408.0,33.0,0.681556642417588,0.6321813786774312,-0.04937526374015677
2019-06-01,BURGLARY,6368.0,20.0,0.6467812716088749,0.10276277678681901,-0.5440184948220559
2019-07-01,BURGLARY,6304.0,9.0,0.591140678314934,-0.3452068094283144,-0.9363474877432484
2019-08-01,BURGLARY,6163.0,15.0,0.4685574962142205,-0.10085976240187798,-0.5694172586160985
2019-09-01,BURGLARY,6526.0,7.0,0.7841439863032914,-0.4266558251037932,-1.2107998114070846
2019-10-01,BURGLARY,7293.0,23.0,1.450961721560364,0.22493630030003722,-1.2260254212603268
2019-11-01,BURGLARY,7096.0,20.0,1.2796930203274524,0.10276277678681901,-1.1769302435406332
2019-12-01,BURGLARY,6836.0,13.0,1.0536531100708175,-0.1823087780773568,-1.2359618881481742
2020-01-01,BURGLARY,6992.0,28.0,1.1892770562247985,0.4285588394887342,-0.7607182167360643
2020-02-01,BURGLARY,6301.0,47.0,0.5885325255042805,1.2023244884057829,0.6137919629015024
2020-03-01,BURGLARY,5362.0,17.0,-0.22781930423025828,-0.019410746726399187,0.2084085575038591
2020-04-01,BURGLARY,3666.0,3.0,-1.7022950265196914,-0.5895538564547508,1.1127411700649406
2020-05-01,BURGLARY,3894.0,14.0,-1.504075412910027,-0.1415842702396174,1.3624911426704096
2020-06-01,BURGLARY,4311.0,6.0,-1.1415421722291936,-0.4673803329415326,0.674161839287661
2020-07-01,BURGLARY,4959.0,10.0,-0.5781811651280423,-0.304482301590575,0.2736988635374673
2020-08-01,BURGLARY,4994.0,4.0,-0.5477527156704183,-0.5488293486170114,-0.0010766329465931035
2020-09-01,BURGLARY,5180.0,4.0,-0.38604724140990265,-0.5488293486170114,-0.16278210720710873
2020-10-01,BURGLARY,5628.0,7.0,0.0034369116476834893,-0.4266558251037932,-0.4300927367514767
2020-11-01,BURGLARY,5198.0,16.0,-0.37039832454598176,-0.06013525456413859,0.31026306998184316
2020-12-01,BURGLARY,4740.0,6.0,-0.7685763203057462,-0.4673803329415326,0.3011959873642136
2021-01-01,BURGLARY,4263.0,18.0,-1.1832726171996493,0.021313761111340212,1.2045863783109896
2021-02-01,BURGLARY,4025.0,4.0,-1.390186073511492,-0.5488293486170114,0.8413567248944805
2021-03-01,BURGLARY,4607.0,9.0,-0.8842044282447171,-0.3452068094283144,0.5389976188164027
2021-04-01,BURGLARY,4125.0,13.0,-1.3032476464897094,-0.1823087780773568,1.1209388684123525
2021-05-01,BURGLARY,4159.0,8.0,-1.2736885813023033,-0.3859313172660538,0.8877572640362495
2021-06-01,BURGLARY,4234.0,5.0,-1.2084847610359664,-0.508104840779272,0.7003799202566944
2021-07-01,BURGLARY,4238.0,7.0,-1.2050072239550949,-0.4266558251037932,0.7783513988513017
2021-08-01,BURGLARY,4316.0,5.0,-1.1371952508781045,-0.508104840779272,0.6290904100988325
2021-09-01,BURGLARY,4278.0,14.0,-1.170231853146382,-0.1415842702396174,1.0286475829067645
2021-10-01,BURGLARY,4717.0,34.0,-0.7885721585207562,0.6729058865151706,1.4614780450359268
2021-11-01,BURGLARY,4817.0,26.0,-0.7016337314989736,0.3471098238132554,1.048743555312229
2021-12-01,BURGLARY,4559.0,16.0,-0.9259348732151728,-0.06013525456413859,0.8657996186510342
2022-01-01,BURGLARY,4716.0,7.0,-0.789441542790974,-0.4266558251037932,0.3627857176871808
2022-02-01,BURGLARY,4174.0,6.0,-1.2606478172490359,-0.4673803329415326,0.7932674843075033
2022-03-01,BURGLARY,4428.0,18.0,-1.039824212613708,0.021313761111340212,1.0611379737250484
2022-04-01,BURGLARY,3894.0,6.0,-1.504075412910027,-0.4673803329415326,1.0366950799684944
2022-05-01,BURGLARY,4405.0,6.0,-1.0598200508287179,-0.4673803329415326,0.5924397178871853
2022-06-01,BURGLARY,4095.0,10.0,-1.3293291745962441,-0.304482301590575,1.0248468730056692
2022-07-01,BURGLARY,3691.0,6.0,-1.6805604197642459,-0.4673803329415326,1.2131800868227134
2022-08-01,BURGLARY,4116.0,4.0,-1.3110721049216698,-0.5488293486170114,0.7622427563046584
2022-09-01,BURGLARY,4395.0,5.0,-1.0685138935308962,-0.508104840779272,0.5604090527516242
2022-10-01,BURGLARY,4584.0,8.0,-0.9042002664597271,-0.3859313172660538,0.5182689491936733
2022-11-01,BURGLARY,4728.0,7.0,-0.7790089315483602,-0.4266558251037932,0.35235310644456697
2022-12-01,BURGLARY,4458.0,5.0,-1.013742684507173,-0.508104840779272,0.5056378437279011
2023-01-01,BURGLARY,4995.0,10.0,-0.5468833314002005,-0.304482301590575,0.24240102980962552
2023-02-01,BURGLARY,4439.0,8.0,-1.0302609856413119,-0.3859313172660538,0.6443296683752581
2023-03-01,BURGLARY,4660.0,4.0,-0.8381270619231723,-0.5488293486170114,0.28929771330616094
2023-04-01,BURGLARY,4387.0,21.0,-1.0754689676926388,0.14348728462455843,1.2189562523171973
2023-05-01,BURGLARY,4533.0,7.0,-0.9485388642408362,-0.4266558251037932,0.521883039137043
2023-06-01,BURGLARY,4391.0,24.0,-1.0719914306117675,0.2656608081377766,1.337652238749544
2023-07-01,BURGLARY,4954.0,14.0,-0.5825280864791313,-0.1415842702396174,0.44094381623951395
2023-08-01,BURGLARY,5486.0,16.0,-0.12001565472324784,-0.06013525456413859,0.05988040015910925
2023-09-01,BURGLARY,6016.0,27.0,0.34075800849220006,0.3878343316509948,0.04707632315879473
2023-10-01,BURGLARY,5796.0,18.0,0.1494934690442783,0.021313761111340212,-0.1281797079329381
2023-11-01,BURGLARY,6680.0,15.0,0.9180291639168366,-0.10085976240187798,-1.0188889263187146
2023-12-01,BURGLARY,7295.0,13.0,1.4527004901007998,-0.1823087780773568,-1.6350092681781567
2024-01-01,BURGLARY,6886.0,10.0,1.097122323581709,-0.304482301590575,-1.401604625172284
2024-02-01,BURGLARY,6220.0,10.0,0.5181123996166366,-0.304482301590575,-0.8225947012072116
2024-03-01,BURGLARY,7246.0,19.0,1.4101006608601263,0.062038268949079614,-1.3480623919110466
2024-04-01,BURGLARY,6258.0,16.0,0.551149001884914,-0.06013525456413859,-0.6112842564490526
2024-05-01,BURGLARY,5997.0,17.0,0.32423970735806135,-0.019410746726399187,-0.34365045408446054
2024-06-01,BURGLARY,5831.0,15.0,0.1799219185019022,-0.10085976240187798,-0.2807816809037802
2024-07-01,BURGLARY,6456.0,26.0,0.7232870873880436,0.3471098238132554,-0.3761772635747882
2024-08-01,BURGLARY,6178.0,10.0,0.4815982602674879,-0.304482301590575,-0.7860805618580629
2024-09-01,BURGLARY,6483.0,18.0,0.7467604626839249,0.021313761111340212,-0.7254467015725847
2024-10-01,BURGLARY,7246.0,10.0,1.4101006608601263,-0.304482301590575,-1.7145829624507014
2024-11-01,BURGLARY,7323.0,16.0,1.477043249666899,-0.06013525456413859,-1.5371785042310375
2024-12-01,BURGLARY,7289.0,12.0,1.4474841844794928,-0.2230332859150962,-1.6705174703945889
2025-01-01,BURGLARY,7384.0,16.0,1.5300756901501864,-0.06013525456413859,-1.590210944714325
2025-02-01,BURGLARY,6351.0,20.0,0.6320017390151719,0.10276277678681901,-0.5292389622283529
2025-03-01,BURGLARY,6563.0,29.0,0.816311204301351,0.46928334732647364,-0.3470278569748773
2025-04-01,BURGLARY,5520.0,9.0,-0.09045658953584174,-0.3452068094283144,-0.25475021989247265
2025-05-01,BURGLARY,6116.0,16.0,0.4276964355139827,-0.06013525456413859,-0.48783169007812127
2025-06-01,BURGLARY,5810.0,5.0,0.16166484882732787,-0.508104840779272,-0.6697696896065999
2025-07-01,BURGLARY,6074.0,16.0,0.39118229616483396,-0.06013525456413859,-0.45131755072897256
2025-08-01,BURGLARY,6404.0,16.0,0.6780791053367167,-0.06013525456413859,-0.7382143599008553
2025-09-01,BURGLARY,3991.0,11.0,-1.419745138698898,-0.2637577937528356,1.1559873449460625
2025-10-01,BURGLARY,4268.0,18.0,-1.17892569584856,0.021313761111340212,1.2002394569599004
2025-11-01,BURGLARY,4398.0,9.0,-1.0659057407202428,-0.3452068094283144,0.7206989312919284
2025-12-01,BURGLARY,4173.0,10.0,-1.2615172015192537,-0.304482301590575,0.9570348999286787
2026-01-01,BURGLARY,4270.0,18.0,-1.1771869273081246,0.021313761111340212,1.1985006884194649
2026-02-01,BURGLARY,3977.0,14.0,-1.4319165184819476,-0.1415842702396174,1.29033224824233
2015-01-01,DOMESTIC ABUSE,7580.0,0.0,-1.840546399259643,-1.229166568517386,0.6113798307422569
2015-02-01,DOMESTIC ABUSE,6719.0,0.0,-2.88312930103687,-1.229166568517386,1.653962732519484
2015-03-01,DOMESTIC ABUSE,7703.0,5.0,-1.691605984720039,-0.16653224476687162,1.5250737399531675
2015-04-01,DOMESTIC ABUSE,7374.0,1.0,-2.0899913211715,-1.0166397037672832,1.0733516174042168
2015-05-01,DOMESTIC ABUSE,8348.0,2.0,-0.9105769816465067,-0.8041128390171803,0.10646414262932635
2015-06-01,DOMESTIC ABUSE,8232.0,3.0,-1.0510411124318242,-0.5915859742670774,0.4594551381647468
2015-07-01,DOMESTIC ABUSE,8863.0,2.0,-0.28696467686686455,-0.8041128390171803,-0.5171481621503158
2015-08-01,DOMESTIC ABUSE,8539.0,4.0,-0.6792955249224064,-0.3790591095169745,0.3002364154054319
2015-09-01,DOMESTIC ABUSE,7618.0,4.0,-1.7945322874506597,-0.3790591095169745,1.415473177933685
2015-10-01,DOMESTIC ABUSE,8322.0,5.0,-0.9420603213052848,-0.16653224476687162,0.7755280765384132
2015-11-01,DOMESTIC ABUSE,8040.0,5.0,-1.2835334668351082,-0.16653224476687162,1.1170012220682366
2015-12-01,DOMESTIC ABUSE,8564.0,16.0,-0.6490230829428122,2.1712632674842602,2.8202863504270725
2016-01-01,DOMESTIC ABUSE,8293.0,12.0,-0.9771763540016142,1.3211558084838486,2.2983321624854627
2016-02-01,DOMESTIC ABUSE,7665.0,4.0,-1.7376200965290225,-0.3790591095169745,1.3585609870120479
2016-03-01,DOMESTIC ABUSE,7987.0,7.0,-1.347711043831848,0.2585214847333342,1.6062325285651822
2016-04-01,DOMESTIC ABUSE,7925.0,1.0,-1.422786699941242,-1.0166397037672832,0.4061469961739588
2016-05-01,DOMESTIC ABUSE,8671.0,3.0,-0.5194570312701486,-0.5915859742670774,-0.07212894299692874
2016-06-01,DOMESTIC ABUSE,8406.0,5.0,-0.840344916253848,-0.16653224476687162,0.6738126714869763
2016-07-01,DOMESTIC ABUSE,9014.0,7.0,-0.1041191273101151,0.2585214847333342,0.36264061204344933
2016-08-01,DOMESTIC ABUSE,8871.0,8.0,-0.2772774954333944,0.4710483494834371,0.7483258449168315
2016-09-01,DOMESTIC ABUSE,7970.0,15.0,-1.3682963043779723,1.9587364027341574,3.3270327071121297
2016-10-01,DOMESTIC ABUSE,8163.0,4.0,-1.1345930522955043,-0.3790591095169745,0.7555339427785298
2016-11-01,DOMESTIC ABUSE,7382.0,9.0,-2.0803041397380295,0.68357521423354,2.7638793539715696
2016-12-01,DOMESTIC ABUSE,8180.0,8.0,-1.1140077917493802,0.4710483494834371,1.5850561412328172
2017-01-01,DOMESTIC ABUSE,7867.0,6.0,-1.4930187653339007,0.04599461998323129,1.539013385317132
2017-02-01,DOMESTIC ABUSE,7467.0,6.0,-1.977377837007409,0.04599461998323129,2.02337245699064
2017-03-01,DOMESTIC ABUSE,8406.0,7.0,-0.840344916253848,0.2585214847333342,1.0988664009871822
2017-04-01,DOMESTIC ABUSE,8503.0,13.0,-0.7228878413730222,1.5336826732339515,2.256570514606974
2017-05-01,DOMESTIC ABUSE,8852.0,3.0,-0.30028455133788606,-0.5915859742670774,-0.2913014229291913
2017-06-01,DOMESTIC ABUSE,9151.0,2.0,0.061773854738061545,-0.8041128390171803,-0.8658866937552419
2017-07-01,DOMESTIC ABUSE,9351.0,5.0,0.3039533905748158,-0.16653224476687162,-0.4704856353416874
2017-08-01,DOMESTIC ABUSE,8838.0,1.0,-0.31723711884645883,-1.0166397037672832,-0.6994025849208243
2017-09-01,DOMESTIC ABUSE,8188.0,2.0,-1.1043206103159102,-0.8041128390171803,0.3002077712987299
2017-10-01,DOMESTIC ABUSE,8927.0,4.0,-0.2094672253991032,-0.3790591095169745,-0.16959188411787132
2017-11-01,DOMESTIC ABUSE,7979.0,14.0,-1.3573982252653183,1.7462095379840545,3.103607763249373
2017-12-01,DOMESTIC ABUSE,8712.0,8.0,-0.46981022642361403,0.4710483494834371,0.9408585759070511
2018-01-01,DOMESTIC ABUSE,8492.0,13.0,-0.7362077158440437,1.5336826732339515,2.269890389077995
2018-02-01,DOMESTIC ABUSE,7576.0,7.0,-1.8453899899763782,0.2585214847333342,2.1039114747097125
2018-03-01,DOMESTIC ABUSE,8250.0,6.0,-1.0292449542065163,0.04599461998323129,1.0752395741897476
2018-04-01,DOMESTIC ABUSE,8946.0,2.0,-0.18646016949461156,-0.8041128390171803,-0.6176526695225688
2018-05-01,DOMESTIC ABUSE,9534.0,3.0,0.5255476658654459,-0.5915859742670774,-1.1171336401325234
2018-06-01,DOMESTIC ABUSE,9790.0,5.0,0.8355374717364913,-0.16653224476687162,-1.002069716503363
2018-07-01,DOMESTIC ABUSE,10811.0,7.0,2.071864002183122,0.2585214847333342,-1.8133425174497877
2018-08-01,DOMESTIC ABUSE,9611.0,2.0,0.6187867871625963,-0.8041128390171803,-1.4228996261797766
2018-09-01,DOMESTIC ABUSE,9142.0,11.0,0.0508757756254076,1.1086289437337458,1.057753168108338
2018-10-01,DOMESTIC ABUSE,9171.0,10.0,0.08599180832173696,0.8961020789836429,0.810110270661906
2018-11-01,DOMESTIC ABUSE,8509.0,12.0,-0.7156224552979196,1.3211558084838486,2.036778263781768
2018-12-01,DOMESTIC ABUSE,9642.0,11.0,0.6563246152172932,1.1086289437337458,0.4523043285164525
2019-01-01,DOMESTIC ABUSE,9412.0,15.0,0.3778181490050258,1.9587364027341574,1.5809182537291315
2019-02-01,DOMESTIC ABUSE,8752.0,13.0,-0.4213743192562632,1.5336826732339515,1.9550569924902146
2019-03-01,DOMESTIC ABUSE,9198.0,12.0,0.11868604565969879,1.3211558084838486,1.2024697628241499
2019-04-01,DOMESTIC ABUSE,9070.0,4.0,-0.036308857275823926,-0.3790591095169745,-0.3427502522411506
2019-05-01,DOMESTIC ABUSE,9484.0,8.0,0.4650027819062573,0.4710483494834371,0.006045567577179778
2019-06-01,DOMESTIC ABUSE,9685.0,11.0,0.7083932154221954,1.1086289437337458,0.4002357283115504
2019-07-01,DOMESTIC ABUSE,10228.0,6.0,1.365910655218983,0.04599461998323129,-1.3199160352357517
2019-08-01,DOMESTIC ABUSE,10037.0,4.0,1.1346291984948829,-0.3790591095169745,-1.5136883080118575
2019-09-01,DOMESTIC ABUSE,9170.0,15.0,0.08478091064255319,1.9587364027341574,1.8739554920916042
2019-10-01,DOMESTIC ABUSE,9410.0,12.0,0.3753963536466583,1.3211558084838486,0.9457594548371904
2019-11-01,DOMESTIC ABUSE,9211.0,10.0,0.1344277154890878,0.8961020789836429,0.7616743634945551
2019-12-01,DOMESTIC ABUSE,9570.0,15.0,0.5691399823160617,1.9587364027341574,1.3895964204180957
2020-01-01,DOMESTIC ABUSE,9362.0,6.0,0.31727326504583725,0.04599461998323129,-0.27127864506260596
2020-02-01,DOMESTIC ABUSE,8896.0,8.0,-0.2470050534538001,0.4710483494834371,0.7180534029372372
2020-03-01,DOMESTIC ABUSE,9364.0,12.0,0.3196950604042048,1.3211558084838486,1.0014607480796438
2020-04-01,DOMESTIC ABUSE,9437.0,27.0,0.4080905909846201,4.509058779735391,4.100968188750771
2020-05-01,DOMESTIC ABUSE,10586.0,15.0,1.7994120243667733,1.9587364027341574,0.1593243783673841
2020-06-01,DOMESTIC ABUSE,10243.0,8.0,1.3840741204067397,0.4710483494834371,-0.9130257709233026
2020-07-01,DOMESTIC ABUSE,10915.0,20.0,2.197797360818234,3.0213707264846716,0.8235733656664377
2020-08-01,DOMESTIC ABUSE,11269.0,6.0,2.626455139249289,0.04599461998323129,-2.5804605192660577
2020-09-01,DOMESTIC ABUSE,9827.0,7.0,0.8803406858662909,0.2585214847333342,-0.6218192011329566
2020-10-01,DOMESTIC ABUSE,9231.0,4.0,0.15864566907276323,-0.3790591095169745,-0.5377047785897378
2020-11-01,DOMESTIC ABUSE,9124.0,6.0,0.02907961740009972,0.04599461998323129,0.01691500258313157
2020-12-01,DOMESTIC ABUSE,9464.0,3.0,0.4407848283225819,-0.5915859742670774,-1.0323708025896594
2021-01-01,DOMESTIC ABUSE,8865.0,3.0,-0.284542881508497,-0.5915859742670774,-0.3070430927585804
2021-02-01,DOMESTIC ABUSE,8359.0,1.0,-0.8972571071754852,-1.0166397037672832,-0.11938259659179795
2021-03-01,DOMESTIC ABUSE,9066.0,7.0,-0.04115244799255901,0.2585214847333342,0.2996739327258932
2021-04-01,DOMESTIC ABUSE,9182.0,5.0,0.09931168279275845,-0.16653224476687162,-0.26584392755963004
2021-05-01,DOMESTIC ABUSE,10290.0,2.0,1.440986311328377,-0.8041128390171803,-2.245099150345557
2021-06-01,DOMESTIC ABUSE,10043.0,1.0,1.1418945845699855,-1.0166397037672832,-2.1585342883372687
2021-07-01,DOMESTIC ABUSE,10586.0,3.0,1.7994120243667733,-0.5915859742670774,-2.3909979986338508
2021-08-01,DOMESTIC ABUSE,9671.0,2.0,0.6914406479136226,-0.8041128390171803,-1.495553486930803
2021-09-01,DOMESTIC ABUSE,9547.0,2.0,0.541289335694835,-0.8041128390171803,-1.3454021747120153
2021-10-01,DOMESTIC ABUSE,10043.0,5.0,1.1418945845699855,-0.16653224476687162,-1.308426829336857
2021-11-01,DOMESTIC ABUSE,9357.0,8.0,0.3112187766499184,0.4710483494834371,0.15982957283351867
2021-12-01,DOMESTIC ABUSE,9651.0,2.0,0.6672226943299472,-0.8041128390171803,-1.4713355333471276
2022-01-01,DOMESTIC ABUSE,9671.0,0.0,0.6914406479136226,-1.229166568517386,-1.9206072164310086
2022-02-01,DOMESTIC ABUSE,8874.0,3.0,-0.2736448023958431,-0.5915859742670774,-0.3179411718712343
2022-03-01,DOMESTIC ABUSE,9637.0,10.0,0.6502701268213743,0.8961020789836429,0.2458319521622686
2022-04-01,DOMESTIC ABUSE,9289.0,1.0,0.22887773446542198,-1.0166397037672832,-1.2455174382327052
2022-05-01,DOMESTIC ABUSE,9873.0,4.0,0.9360419791087443,-0.3790591095169745,-1.3151010886257188
2022-06-01,DOMESTIC ABUSE,9635.0,4.0,0.6478483314630068,-0.3790591095169745,-1.0269074409799814
2022-07-01,DOMESTIC ABUSE,10315.0,3.0,1.4712587533079713,-0.5915859742670774,-2.0628447275750488
2022-08-01,DOMESTIC ABUSE,10108.0,6.0,1.2206029337169306,0.04599461998323129,-1.1746083137336993
2022-09-01,DOMESTIC ABUSE,9285.0,2.0,0.22403414374868688,-0.8041128390171803,-1.0281469827658671
2022-10-01,DOMESTIC ABUSE,9812.0,1.0,0.8621772206785343,-1.0166397037672832,-1.8788169244458175
2022-11-01,DOMESTIC ABUSE,9177.0,3.0,0.09325719439683959,-0.5915859742670774,-0.6848431686639169
2022-12-01,DOMESTIC ABUSE,9565.0,4.0,0.5630854939201428,-0.3790591095169745,-0.9421446034371174
2023-01-01,DOMESTIC ABUSE,9667.0,6.0,0.6865970571968875,0.04599461998323129,-0.6406024372136562
2023-02-01,DOMESTIC ABUSE,8690.0,2.0,-0.496449975365657,-0.8041128390171803,-0.30766286365152334
2023-03-01,DOMESTIC ABUSE,9320.0,11.0,0.2664155625201189,1.1086289437337458,0.8422133812136269
2023-04-01,DOMESTIC ABUSE,9976.0,5.0,1.0607644400646727,-0.16653224476687162,-1.2272966848315443
2023-05-01,DOMESTIC ABUSE,10202.0,4.0,1.334427315560205,-0.3790591095169745,-1.7134864250771797
2023-06-01,DOMESTIC ABUSE,10706.0,1.0,1.9447197458688257,-1.0166397037672832,-2.9613594496361086
2023-07-01,DOMESTIC ABUSE,10466.0,4.0,1.6541043028647207,-0.3790591095169745,-2.033163412381695
2023-08-01,DOMESTIC ABUSE,10053.0,4.0,1.1540035613618231,-0.3790591095169745,-1.5330626708787976
2023-09-01,DOMESTIC ABUSE,10016.0,8.0,1.1092003472320235,0.4710483494834371,-0.6381519977485864
2023-10-01,DOMESTIC ABUSE,8974.0,8.0,-0.15255503447746596,0.4710483494834371,0.6236033839609031
2023-11-01,DOMESTIC ABUSE,8919.0,6.0,-0.21915440683257337,0.04599461998323129,0.26514902681580466
2023-12-01,DOMESTIC ABUSE,9947.0,5.0,1.0256484073683434,-0.16653224476687162,-1.192180652135215
2024-01-01,DOMESTIC ABUSE,9287.0,1.0,0.22645593910705442,-1.0166397037672832,-1.2430956428743376
2024-02-01,DOMESTIC ABUSE,8662.0,0.0,-0.5303551103828026,-1.229166568517386,-0.6988114581345835
2024-03-01,DOMESTIC ABUSE,8072.0,3.0,-1.2447847411012276,-0.5915859742670774,0.6531987668341502
2024-04-01,DOMESTIC ABUSE,8124.0,0.0,-1.1818180617836715,-1.229166568517386,-0.04734850673371449
2024-05-01,DOMESTIC ABUSE,8847.0,4.0,-0.3063390397338049,-0.3790591095169745,-0.07272006978316964
2024-06-01,DOMESTIC ABUSE,8845.0,0.0,-0.30876083509217245,-1.229166568517386,-0.9204057334252136
2024-07-01,DOMESTIC ABUSE,9212.0,2.0,0.13563861316827158,-0.8041128390171803,-0.939751452185452
2024-08-01,DOMESTIC ABUSE,9317.0,7.0,0.26278286948256757,0.2585214847333342,-0.004261384749233377
2024-09-01,DOMESTIC ABUSE,8729.0,7.0,-0.4492249658774899,0.2585214847333342,0.7077464506108241
2024-10-01,DOMESTIC ABUSE,8550.0,3.0,-0.665975650451385,-0.5915859742670774,0.07438967618430758
2024-11-01,DOMESTIC ABUSE,8551.0,20.0,-0.6647647527722012,3.0213707264846716,3.6861354792568726
2024-12-01,DOMESTIC ABUSE,9273.0,4.0,0.20950337159848162,-0.3790591095169745,-0.5885624811154562
2025-01-01,DOMESTIC ABUSE,8900.0,7.0,-0.24216146273706501,0.2585214847333342,0.5006829474703992
2025-02-01,DOMESTIC ABUSE,7944.0,2.0,-1.3997796440367503,-0.8041128390171803,0.5956668050195699
2025-03-01,DOMESTIC ABUSE,9070.0,8.0,-0.036308857275823926,0.4710483494834371,0.507357206759261
2025-04-01,DOMESTIC ABUSE,8967.0,4.0,-0.16103131823175235,-0.3790591095169745,-0.21802779128522218
2025-05-01,DOMESTIC ABUSE,9484.0,2.0,0.4650027819062573,-0.8041128390171803,-1.2691156209234378
2025-06-01,DOMESTIC ABUSE,9674.0,0.0,0.6950733409511739,-1.229166568517386,-1.92423990946856
2025-07-01,DOMESTIC ABUSE,10525.0,4.0,1.7255472659365632,-0.3790591095169745,-2.1046063754535376
2025-08-01,DOMESTIC ABUSE,9847.0,2.0,0.9045586394499663,-0.8041128390171803,-1.7086714784671466
2025-09-01,DOMESTIC ABUSE,8899.0,3.0,-0.2433723604162488,-0.5915859742670774,-0.3482136138508286
2025-10-01,DOMESTIC ABUSE,9453.0,1.0,0.42746495385156047,-1.0166397037672832,-1.4441046576188437
2025-11-01,DOMESTIC ABUSE,9139.0,4.0,0.04724308258785629,-0.3790591095169745,-0.42630219210483083
2025-12-01,DOMESTIC ABUSE,9566.0,0.0,0.5642963915993265,-1.229166568517386,-1.7934629601167127
2026-01-01,DOMESTIC ABUSE,9514.0,0.0,0.5013297122817705,-1.229166568517386,-1.7304962807991564
2026-02-01,DOMESTIC ABUSE,9021.0,4.0,-0.09564284355582871,-0.3790591095169745,-0.28341626596114583
2017-04-01,DRUG OFFENCES,2891.0,99.0,-1.1586844009213968,0.23949173816382968,1.3981761390852265
2017-05-01,DRUG OFFENCES,3193.0,121.0,-0.7404392100569737,0.8443882527965065,1.5848274628534802
2017-06-01,DRUG OFFENCES,2875.0,82.0,-1.1808430865301078,-0.22792829587051155,0.9529147906595963
2017-07-01,DRUG OFFENCES,3276.0,74.0,-0.6254910284617846,-0.4478906648278486,0.177600363633936
2017-08-01,DRUG OFFENCES,3414.0,134.0,-0.43437236508665095,1.2018271023521792,1.63619946743883
2017-09-01,DRUG OFFENCES,3110.0,112.0,-0.8553873916521628,0.5969305877195024,1.4523179793716652
2017-10-01,DRUG OFFENCES,3464.0,143.0,-0.3651264725594286,1.4492847674291833,1.8144112399886119
2017-11-01,DRUG OFFENCES,3200.0,165.0,-0.7307447851031625,2.0541812820618603,2.784926067165023
2017-12-01,DRUG OFFENCES,2619.0,90.0,-1.5353820562694862,-0.007965926913174501,1.5274161293563118
2018-01-01,DRUG OFFENCES,3098.0,84.0,-0.8720064058586962,-0.17293770363117728,0.6990687022275188
2018-02-01,DRUG OFFENCES,2845.0,125.0,-1.2223906220464413,0.9543694372751751,2.1767600593216163
2018-03-01,DRUG OFFENCES,2849.0,106.0,-1.2168509506442635,0.4319588110014996,1.648809761645763
2018-04-01,DRUG OFFENCES,3032.0,173.0,-0.9634109839946297,2.2741436510191972,3.2375546350138267
2018-05-01,DRUG OFFENCES,3106.0,116.0,-0.8609270630543406,0.7069117721981709,1.5678388352525117
2018-06-01,DRUG OFFENCES,2745.0,117.0,-1.360882407100886,0.7344070683178381,2.095289475418724
2018-07-01,DRUG OFFENCES,2680.0,117.0,-1.450902067386275,0.7344070683178381,2.185309135704113
2018-08-01,DRUG OFFENCES,3395.0,118.0,-0.4606858042469954,0.7619023644375051,1.2225881686845006
2018-09-01,DRUG OFFENCES,3068.0,169.0,-0.9135539413750295,2.164162466540529,3.077716407915559
2018-10-01,DRUG OFFENCES,3220.0,129.0,-0.7030464280922736,1.0643506217538437,1.7673970498461173
2018-11-01,DRUG OFFENCES,3391.0,127.0,-0.4662254756491732,1.0093600295145093,1.4755855051636826
2018-12-01,DRUG OFFENCES,3276.0,128.0,-0.6254910284617846,1.0368553256341764,1.6623463540959609
2019-01-01,DRUG OFFENCES,3509.0,155.0,-0.30280516928492845,1.7792283208651891,2.0820334901501174
2019-02-01,DRUG OFFENCES,3480.0,156.0,-0.34296778695071745,1.8067236169848562,2.1496914039355737
2019-03-01,DRUG OFFENCES,4429.0,127.0,0.9713192532159628,1.0093600295145093,0.03804077629854652
2019-04-01,DRUG OFFENCES,3714.0,124.0,-0.01889700992331683,0.9268741411555079,0.9457711510788247
2019-05-01,DRUG OFFENCES,3932.0,163.0,0.28301508149537263,1.999190689822526,1.7161756083271533
2019-06-01,DRUG OFFENCES,4109.0,195.0,0.5281455410417397,2.8790401656518743,2.3508946246101345
2019-07-01,DRUG OFFENCES,4586.0,170.0,1.1887513557514409,2.191657762660196,1.0029064069087552
2019-08-01,DRUG OFFENCES,4865.0,128.0,1.5751434360533416,1.0368553256341764,-0.5382881104191652
2019-09-01,DRUG OFFENCES,4012.0,168.0,0.3938085095389284,2.1366671704208615,1.7428586608819332
2019-10-01,DRUG OFFENCES,4005.0,197.0,0.38411408458511725,2.9340307578912084,2.549916673306091
2019-11-01,DRUG OFFENCES,4056.0,145.0,0.45474489496288406,1.5042753596685177,1.0495304647056336
2019-12-01,DRUG OFFENCES,3510.0,99.0,-0.301420251434384,0.23949173816382968,0.5409119895982137
2020-01-01,DRUG OFFENCES,4733.0,107.0,1.3923342797814746,0.45945410712116674,-0.9328801726603079
2020-02-01,DRUG OFFENCES,4236.0,95.0,0.7040301080608845,0.12951055368516115,-0.5745195543757233
2020-03-01,DRUG OFFENCES,4015.0,95.0,0.39796326309056174,0.12951055368516115,-0.26845270940540056
2020-04-01,DRUG OFFENCES,5422.0,107.0,2.3465426788065984,0.45945410712116674,-1.8870885716854318
2020-05-01,DRUG OFFENCES,6898.0,97.0,4.390681426210202,0.1845011459244954,-4.2061802802857065
2020-06-01,DRUG OFFENCES,5073.0,92.0,1.8632063489665867,0.04702466532615976,-1.816181683640427
2020-07-01,DRUG OFFENCES,5015.0,135.0,1.7828811136350087,1.2293223984718464,-0.5535587151631622
2020-08-01,DRUG OFFENCES,3824.0,98.0,0.13344395363657233,0.21199644204416254,0.07855248840759022
2020-09-01,DRUG OFFENCES,3789.0,97.0,0.0849718288675167,0.1845011459244954,0.0995293170569787
2020-10-01,DRUG OFFENCES,4398.0,72.0,0.9283867998490849,-0.5028812570671829,-1.431268056916268
2020-11-01,DRUG OFFENCES,4714.0,63.0,1.36602084062113,-0.7503389221441871,-2.1163597627653172
2020-12-01,DRUG OFFENCES,3912.0,79.0,0.25531672448448367,-0.31041418422951295,-0.5657309087139966
2021-01-01,DRUG OFFENCES,4007.0,96.0,0.3868839202862061,0.1570058498048283,-0.22987807048137782
2021-02-01,DRUG OFFENCES,4357.0,65.0,0.8716051679767626,-0.6953483299048527,-1.5669534978816153
2021-03-01,DRUG OFFENCES,4437.0,89.0,0.9823985960203183,-0.03546122303284163,-1.01785981905316
2021-04-01,DRUG OFFENCES,4053.0,70.0,0.4505901414112507,-0.5578718493065171,-1.0084619907177679
2021-05-01,DRUG OFFENCES,3708.0,83.0,-0.027206517026583513,-0.20043299975084441,-0.1732264827242609
2021-06-01,DRUG OFFENCES,3505.0,68.0,-0.30834484068710627,-0.6128624415458513,-0.3045176008587451
2021-07-01,DRUG OFFENCES,3556.0,60.0,-0.23771403030933946,-0.8328248105031885,-0.595110780193849
2021-08-01,DRUG OFFENCES,3433.0,78.0,-0.40805892592630644,-0.33790948034918006,0.07014944557712638
2021-09-01,DRUG OFFENCES,3185.0,52.0,-0.7515185528613293,-1.0527871794605255,-0.3012686265991962
2021-10-01,DRUG OFFENCES,3885.0,73.0,0.21792394251978361,-0.47538596094751573,-0.6933099034672994
2021-11-01,DRUG OFFENCES,3855.0,56.0,0.1763764070034502,-0.9428059949818569,-1.1191824019853072
2021-12-01,DRUG OFFENCES,3427.0,68.0,-0.4163684330295731,-0.6128624415458513,-0.19649400851627824
2022-01-01,DRUG OFFENCES,4325.0,62.0,0.8272877967593403,-0.7778342182638541,-1.6051220150231944
2022-02-01,DRUG OFFENCES,3854.0,45.0,0.17499148915290574,-1.2452542522981953,-1.420245741451101
2022-03-01,DRUG OFFENCES,4099.0,61.0,0.5142963625362953,-0.8053295143835213,-1.3196258769198166
2022-04-01,DRUG OFFENCES,3274.0,54.0,-0.6282608641628735,-0.9977965872211912,-0.3695357230583177
2022-05-01,DRUG OFFENCES,3903.0,79.0,0.24285246382958364,-0.31041418422951295,-0.5532666480590966
2022-06-01,DRUG OFFENCES,3572.0,59.0,-0.2155553447006283,-0.8603201066228555,-0.6447647619222272
2022-07-01,DRUG OFFENCES,3757.0,49.0,0.04065445765009439,-1.1352730678195269,-1.1759275254696213
2022-08-01,DRUG OFFENCES,3719.0,47.0,-0.011972420670594595,-1.1902636600588612,-1.1782912393882665
2022-09-01,DRUG OFFENCES,3108.0,39.0,-0.8581572273532517,-1.410226029016198,-0.5520688016629464
2022-10-01,DRUG OFFENCES,3488.0,45.0,-0.33188844414636187,-1.2452542522981953,-0.9133658081518334
2022-11-01,DRUG OFFENCES,3489.0,57.0,-0.3305035262958174,-0.9153106988621899,-0.5848071725663724
2022-12-01,DRUG OFFENCES,2892.0,42.0,-1.1572994830708523,-1.3277401406571967,-0.1704406575863444
2023-01-01,DRUG OFFENCES,3782.0,70.0,0.07527740391370556,-0.5578718493065171,-0.6331492532202226
2023-02-01,DRUG OFFENCES,3121.0,46.0,-0.8401532952961739,-1.2177589561785283,-0.37760566088235437
2023-03-01,DRUG OFFENCES,3292.0,72.0,-0.6033323428530735,-0.5028812570671829,0.10045108578589057
2023-04-01,DRUG OFFENCES,3061.0,74.0,-0.9232483663288407,-0.4478906648278486,0.47535770150099205
2023-05-01,DRUG OFFENCES,3183.0,95.0,-0.7542883885624182,0.12951055368516115,0.8837989422475794
2023-06-01,DRUG OFFENCES,3436.0,79.0,-0.4039041723746731,-0.31041418422951295,0.09348998814516013
2023-07-01,DRUG OFFENCES,3490.0,102.0,-0.32911860844527296,0.3219776265228311,0.651096234968104
2023-08-01,DRUG OFFENCES,3673.0,83.0,-0.07567864179563916,-0.20043299975084441,-0.12475435795520526
2023-09-01,DRUG OFFENCES,3211.0,84.0,-0.7155106887471736,-0.17293770363117728,0.5425729851159964
2023-10-01,DRUG OFFENCES,2794.0,75.0,-1.293021432424208,-0.42039536870818145,0.8726260637160266
2023-11-01,DRUG OFFENCES,2884.0,71.0,-1.168378825875208,-0.53037655318685,0.638002272688358
2023-12-01,DRUG OFFENCES,2608.0,86.0,-1.5506161526254751,-0.11794711139184302,1.432669041233632
2024-01-01,DRUG OFFENCES,2956.0,63.0,-1.0686647406360077,-0.7503389221441871,0.3183258184918206
2024-02-01,DRUG OFFENCES,2786.0,69.0,-1.3041007752285636,-0.5853671454261843,0.7187336298023793
2024-03-01,DRUG OFFENCES,2712.0,77.0,-1.4065846961688526,-0.3654047764688472,1.0411799197000053
2024-04-01,DRUG OFFENCES,2633.0,85.0,-1.515993206361864,-0.14544240751151016,1.3705507988503538
2024-05-01,DRUG OFFENCES,2965.0,57.0,-1.0562004799811076,-0.9153106988621899,0.1408897811189177
2024-06-01,DRUG OFFENCES,2897.0,57.0,-1.15037489381813,-0.9153106988621899,0.2350641949559401
2024-07-01,DRUG OFFENCES,3066.0,79.0,-0.9163237770761185,-0.31041418422951295,0.6059095928466055
2024-08-01,DRUG OFFENCES,3740.0,52.0,0.01711085419083879,-1.0527871794605255,-1.0698980336513642
2024-09-01,DRUG OFFENCES,3966.0,59.0,0.3301022884138838,-0.8603201066228555,-1.1904223950367392
2024-10-01,DRUG OFFENCES,4250.0,92.0,0.7234189579685067,0.04702466532615976,-0.676394292642347
2024-11-01,DRUG OFFENCES,4432.0,71.0,0.9754740067675961,-0.53037655318685,-1.505850559954446
2024-12-01,DRUG OFFENCES,4145.0,63.0,0.5780025836613398,-0.7503389221441871,-1.3283415058055268
2025-01-01,DRUG OFFENCES,4415.0,67.0,0.9519304033083404,-0.6403577376655185,-1.592288140973859
2025-02-01,DRUG OFFENCES,3895.0,49.0,0.23177312102522807,-1.1352730678195269,-1.367046188844755
2025-03-01,DRUG OFFENCES,4237.0,82.0,0.7054150259114289,-0.22792829587051155,-0.9333433217819405
2025-04-01,DRUG OFFENCES,4781.0,73.0,1.4588103366076082,-0.47538596094751573,-1.934196297555124
2025-05-01,DRUG OFFENCES,5101.0,100.0,1.9019840487818311,0.2669870342834968,-1.6349970144983343
2025-06-01,DRUG OFFENCES,4519.0,60.0,1.095961859764963,-0.8328248105031885,-1.9287866702681513
2025-07-01,DRUG OFFENCES,4736.0,71.0,1.396489033333108,-0.53037655318685,-1.9268655865199578
2025-08-01,DRUG OFFENCES,4810.0,90.0,1.498972954273397,-0.007965926913174501,-1.5069388811865714
2025-09-01,DRUG OFFENCES,4409.0,72.0,0.9436208962050738,-0.5028812570671829,-1.4465021532722568
2025-10-01,DRUG OFFENCES,4588.0,61.0,1.1915211914525299,-0.8053295143835213,-1.9968507058360512
2025-11-01,DRUG OFFENCES,4437.0,52.0,0.9823985960203183,-1.0527871794605255,-2.035185775480844
2025-12-01,DRUG OFFENCES,4253.0,38.0,0.72757371152014,-1.4377213251358654,-2.1652950366560053
2026-01-01,DRUG OFFENCES,4225.0,48.0,0.6887960117048956,-1.162768363939194,-1.8515643756440894
2026-02-01,DRUG OFFENCES,3498.0,47.0,-0.3180392656409174,-1.1902636600588612,-0.8722243944179437
2020-09-01,FRAUD AND FORGERY,0.0,26.0,-0.582509891579663,0.13389459162425968,0.7164044832039227
2021-01-01,FRAUD AND FORGERY,0.0,36.0,-0.582509891579663,1.197175172169851,1.7796850637495139
2021-05-01,FRAUD AND FORGERY,0.0,41.0,-0.582509891579663,1.7288154624426466,2.3113253540223098
2021-07-01,FRAUD AND FORGERY,0.0,37.0,-0.582509891579663,1.30350323022441,1.8860131218040732
2021-08-01,FRAUD AND FORGERY,0.0,22.0,-0.582509891579663,-0.29141764059397685,0.2910922509856862
2021-10-01,FRAUD AND FORGERY,0.0,28.0,-0.582509891579663,0.3465507077333779,0.929060599313041
2021-11-01,FRAUD AND FORGERY,0.0,22.0,-0.582509891579663,-0.29141764059397685,0.2910922509856862
2021-12-01,FRAUD AND FORGERY,1.0,17.0,-0.4160784939854736,-0.8230579308667725,-0.4069794368812989
2022-01-01,FRAUD AND FORGERY,0.0,21.0,-0.582509891579663,-0.397745698648536,0.18476419293112706
2022-02-01,FRAUD AND FORGERY,0.0,31.0,-0.582509891579663,0.6655348818970553,1.2480447734767184
2022-03-01,FRAUD AND FORGERY,0.0,14.0,-0.582509891579663,-1.14204210503045,-0.5595322134507869
2022-04-01,FRAUD AND FORGERY,0.0,43.0,-0.582509891579663,1.9414715785517649,2.523981470131428
2022-06-01,FRAUD AND FORGERY,0.0,30.0,-0.582509891579663,0.5592068238424962,1.1417167154221592
2022-08-01,FRAUD AND FORGERY,0.0,32.0,-0.582509891579663,0.7718629399516145,1.3543728315312775
2022-09-01,FRAUD AND FORGERY,3.0,17.0,-0.08321569879709471,-0.8230579308667725,-0.7398422320696778
2022-10-01,FRAUD AND FORGERY,0.0,9.0,-0.582509891579663,-1.6736823953032456,-1.0911725037235827
2022-11-01,FRAUD AND FORGERY,0.0,18.0,-0.582509891579663,-0.7167298728122133,-0.1342199812325503
2022-12-01,FRAUD AND FORGERY,3.0,18.0,-0.08321569879709471,-0.7167298728122133,-0.6335141740151187
2023-01-01,FRAUD AND FORGERY,0.0,24.0,-0.582509891579663,-0.07876152448485858,0.5037483670948044
2023-02-01,FRAUD AND FORGERY,1.0,16.0,-0.4160784939854736,-0.9293859889213316,-0.513307494935858
2023-03-01,FRAUD AND FORGERY,0.0,16.0,-0.582509891579663,-0.9293859889213316,-0.3468760973416686
2023-05-01,FRAUD AND FORGERY,0.0,48.0,-0.582509891579663,2.4731118688245606,3.0556217604042235
2023-06-01,FRAUD AND FORGERY,0.0,29.0,-0.582509891579663,0.45287876578793707,1.0353886573676
2023-07-01,FRAUD AND FORGERY,0.0,18.0,-0.582509891579663,-0.7167298728122133,-0.1342199812325503
2023-08-01,FRAUD AND FORGERY,2.0,29.0,-0.24964709639128416,0.45287876578793707,0.7025258621792212
2023-09-01,FRAUD AND FORGERY,1.0,25.0,-0.4160784939854736,0.02756653356970054,0.4436450275551741
2023-10-01,FRAUD AND FORGERY,1.0,33.0,-0.4160784939854736,0.8781909980061735,1.294269491991647
2023-11-01,FRAUD AND FORGERY,1.0,29.0,-0.4160784939854736,0.45287876578793707,0.8689572597734107
2023-12-01,FRAUD AND FORGERY,2.0,23.0,-0.24964709639128416,-0.1850895825394177,0.06455751385186645
2024-01-01,FRAUD AND FORGERY,0.0,21.0,-0.582509891579663,-0.397745698648536,0.18476419293112706
2024-02-01,FRAUD AND FORGERY,2.0,28.0,-0.24964709639128416,0.3465507077333779,0.5961978041246621
2024-03-01,FRAUD AND FORGERY,27.0,22.0,3.9111378434634516,-0.29141764059397685,-4.202555484057428
2024-04-01,FRAUD AND FORGERY,23.0,45.0,3.2454122530866942,2.154127694660883,-1.0912845584258113
2024-05-01,FRAUD AND FORGERY,22.0,37.0,3.0789808554925044,1.30350323022441,-1.7754776252680944
2024-06-01,FRAUD AND FORGERY,17.0,12.0,2.2468238675215573,-1.3546982211395682,-3.6015220886611257
2024-07-01,FRAUD AND FORGERY,11.0,8.0,1.2482354819564208,-1.7800104533578045,-3.0282459353142253
2024-08-01,FRAUD AND FORGERY,7.0,27.0,0.582509891579663,0.2402226496788188,-0.34228724190084425
2024-09-01,FRAUD AND FORGERY,9.0,13.0,0.915372686768042,-1.248370163085009,-2.163742849853051
2024-10-01,FRAUD AND FORGERY,8.0,30.0,0.7489412891738525,0.5592068238424962,-0.1897344653313563
2024-11-01,FRAUD AND FORGERY,1.0,16.0,-0.4160784939854736,-0.9293859889213316,-0.513307494935858
2024-12-01,FRAUD AND FORGERY,5.0,30.0,0.24964709639128416,0.5592068238424962,0.3095597274512121
2025-01-01,FRAUD AND FORGERY,4.0,17.0,0.08321569879709471,-0.8230579308667725,-0.9062736296638672
2025-02-01,FRAUD AND FORGERY,5.0,23.0,0.24964709639128416,-0.1850895825394177,-0.4347366789307019
2025-03-01,FRAUD AND FORGERY,5.0,25.0,0.24964709639128416,0.02756653356970054,-0.22208056282158362
2025-04-01,FRAUD AND FORGERY,5.0,12.0,0.24964709639128416,-1.3546982211395682,-1.6043453175308524
2025-05-01,FRAUD AND FORGERY,2.0,25.0,-0.24964709639128416,0.02756653356970054,0.2772136299609847
2025-06-01,FRAUD AND FORGERY,3.0,11.0,-0.08321569879709471,-1.4610262791941273,-1.3778105803970326
2025-07-01,FRAUD AND FORGERY,1.0,23.0,-0.4160784939854736,-0.1850895825394177,0.23098891144605588
2025-08-01,FRAUD AND FORGERY,1.0,15.0,-0.4160784939854736,-1.0357140469758908,-0.6196355529904172
2025-09-01,FRAUD AND FORGERY,0.0,18.0,-0.582509891579663,-0.7167298728122133,-0.1342199812325503
2025-10-01,FRAUD AND FORGERY,3.0,36.0,-0.08321569879709471,1.197175172169851,1.2803908709669456
2025-11-01,FRAUD AND FORGERY,8.0,42.0,0.7489412891738525,1.8351435204972057,1.0862022313233533
2026-01-01,FRAUD AND FORGERY,5.0,26.0,0.24964709639128416,0.13389459162425968,-0.11575250476702448
2026-02-01,FRAUD AND FORGERY,0.0,22.0,-0.582509891579663,-0.29141764059397685,0.2910922509856862
2015-01-01,GUN CRIME,195.0,0.0,0.10721900669413895,-1.727156410073403,-1.834375416767542
2015-02-01,GUN CRIME,167.0,0.0,-0.4132023556815512,-1.727156410073403,-1.3139540543918518
2015-03-01,GUN CRIME,211.0,24.0,0.40460264233739046,0.2537761914943803,-0.15082645084301016
2015-04-01,GUN CRIME,181.0,11.0,-0.15299167449370615,-0.819228967688169,-0.6662372931944629
2015-05-01,GUN CRIME,208.0,11.0,0.3488432106542808,-0.819228967688169,-1.1680721783424497
2015-06-01,GUN CRIME,179.0,34.0,-0.1901646289491126,1.0791647754809566,1.2693294044300691
2015-07-01,GUN CRIME,200.0,19.0,0.20015139283265507,-0.15891810049890787,-0.3590694933315629
2015-08-01,GUN CRIME,185.0,28.0,-0.07864576558289325,0.5839316250890109,0.6625773906719041
2015-09-01,GUN CRIME,170.0,16.0,-0.3574429239984416,-0.4065346756948808,-0.0490917516964392
2015-10-01,GUN CRIME,197.0,29.0,0.1443919611495454,0.6664704834876685,0.522078522338123
2015-11-01,GUN CRIME,209.0,19.0,0.36742968788198405,-0.15891810049890787,-0.5263477883808919
2015-12-01,GUN CRIME,166.0,42.0,-0.43178883290925446,1.7394756426702178,2.171264475579472
2016-01-01,GUN CRIME,155.0,28.0,-0.6362400824139899,0.5839316250890109,1.2201717075030007
2016-02-01,GUN CRIME,127.0,18.0,-1.1566614447896801,-0.2414569588975655,0.9152044858921147
2016-03-01,GUN CRIME,158.0,27.0,-0.5804806507308802,0.5013927666903532,1.0818734174212334
2016-04-01,GUN CRIME,199.0,22.0,0.18156491560495183,0.08869847469706503,-0.0928664409078868
2016-05-01,GUN CRIME,220.0,31.0,0.5718809373867195,0.8315482002849838,0.25966726289826425
2016-06-01,GUN CRIME,253.0,35.0,1.1852346859009257,1.1617036338796143,-0.02353105202131145
2016-07-01,GUN CRIME,323.0,17.0,2.486288091840151,-0.3239958172962231,-2.8102839091363743
2016-08-01,GUN CRIME,314.0,45.0,2.319009796790822,1.9870922178661907,-0.33191757892463136
2016-09-01,GUN CRIME,260.0,22.0,1.3153400264948483,0.08869847469706503,-1.2266415517977833
2016-10-01,GUN CRIME,246.0,30.0,1.0551293453070032,0.7490093418863261,-0.30612000342067713
2016-11-01,GUN CRIME,295.0,12.0,1.965866729464461,-0.7366901092895113,-2.7025568387539725
2016-12-01,GUN CRIME,238.0,29.0,0.9064375274853774,0.6664704834876685,-0.23996704399770896
2017-01-01,GUN CRIME,225.0,40.0,0.6648133235252356,1.5743979258729024,0.9095846023476668
2017-02-01,GUN CRIME,275.0,21.0,1.5941371849103967,0.006159616298407396,-1.5879775686119892
2017-03-01,GUN CRIME,235.0,21.0,0.8506780958022678,0.006159616298407396,-0.8445184795038604
2017-04-01,GUN CRIME,214.0,33.0,0.46036207402050017,0.996625917082299,0.5362638430617988
2017-05-01,GUN CRIME,256.0,12.0,1.2409941175840353,-0.7366901092895113,-1.9776842268735466
2017-06-01,GUN CRIME,287.0,20.0,1.8171749116428353,-0.07637924210025024,-1.8935541537430856
2017-07-01,GUN CRIME,355.0,22.0,3.081055363126654,0.08869847469706503,-2.992356888429589
2017-08-01,GUN CRIME,259.0,20.0,1.2967535492671451,-0.07637924210025024,-1.3731327913673954
2017-09-01,GUN CRIME,236.0,16.0,0.869264573029971,-0.4065346756948808,-1.2757992487248517
2017-10-01,GUN CRIME,256.0,20.0,1.2409941175840353,-0.07637924210025024,-1.3173733596842856
2017-11-01,GUN CRIME,278.0,28.0,1.6498966165935063,0.5839316250890109,-1.0659649915044955
2017-12-01,GUN CRIME,263.0,24.0,1.3710994581779579,0.2537761914943803,-1.1173232666835775
2018-01-01,GUN CRIME,235.0,29.0,0.8506780958022678,0.6664704834876685,-0.18420761231459937
2018-02-01,GUN CRIME,198.0,18.0,0.16297843837724862,-0.2414569588975655,-0.40443539727481415
2018-03-01,GUN CRIME,264.0,54.0,1.3896859354056612,2.7299419434541097,1.3402560080484485
2018-04-01,GUN CRIME,273.0,56.0,1.5569642304549902,2.895019660251425,1.3380554297964349
2018-05-01,GUN CRIME,303.0,32.0,2.114558547286087,0.9140870586836414,-1.2004714886024455
2018-06-01,GUN CRIME,217.0,25.0,0.5161215057036098,0.33631504989303795,-0.17980645581057186
2018-07-01,GUN CRIME,311.0,26.0,2.2632503651077127,0.41885390829169555,-1.8443964568160172
2018-08-01,GUN CRIME,244.0,24.0,1.0179563908515967,0.2537761914943803,-0.7641801993572164
2018-09-01,GUN CRIME,279.0,22.0,1.6684830938212094,0.08869847469706503,-1.5797846191241445
2018-10-01,GUN CRIME,270.0,24.0,1.5012047987718806,0.2537761914943803,-1.2474286072775003
2018-11-01,GUN CRIME,282.0,41.0,1.7242425255043192,1.65693678427156,-0.06730574123275912
2018-12-01,GUN CRIME,193.0,24.0,0.0700460522387325,0.2537761914943803,0.1837301392556478
2019-01-01,GUN CRIME,197.0,39.0,0.1443919611495454,1.491859067474245,1.3474671063246995
2019-02-01,GUN CRIME,225.0,30.0,0.6648133235252356,0.7490093418863261,0.08419601836109047
2019-03-01,GUN CRIME,194.0,52.0,0.08863252946643572,2.5648642266567943,2.4762316971903586
2019-04-01,GUN CRIME,217.0,33.0,0.5161215057036098,0.996625917082299,0.48050441137868916
2019-05-01,GUN CRIME,186.0,47.0,-0.06005928835519004,2.152169934663506,2.212229223018696
2019-06-01,GUN CRIME,222.0,32.0,0.6090538918421259,0.9140870586836414,0.3050331668415155
2019-07-01,GUN CRIME,251.0,23.0,1.1480617314455193,0.17123733309572267,-0.9768243983497966
2019-08-01,GUN CRIME,226.0,17.0,0.6833998007529388,-0.3239958172962231,-1.007395618049162
2019-09-01,GUN CRIME,212.0,44.0,0.4231891195650937,1.904553359467533,1.4813642399024394
2019-10-01,GUN CRIME,257.0,22.0,1.2595805948117387,0.08869847469706503,-1.1708821201146737
2019-11-01,GUN CRIME,220.0,7.0,0.5718809373867195,-1.1493844012827994,-1.721265338669519
2019-12-01,GUN CRIME,175.0,11.0,-0.26451053785992545,-0.819228967688169,-0.5547184298282435
2020-01-01,GUN CRIME,229.0,74.0,0.7391592324360484,4.380719111427262,3.6415598789912136
2020-02-01,GUN CRIME,164.0,20.0,-0.4689617873646609,-0.07637924210025024,0.3925825452644106
2020-03-01,GUN CRIME,166.0,12.0,-0.43178883290925446,-0.7366901092895113,-0.3049012763802568
2020-04-01,GUN CRIME,90.0,18.0,-1.8443611022146993,-0.2414569588975655,1.6029041433171338
2020-05-01,GUN CRIME,160.0,15.0,-0.5433076962754738,-0.48907353409353843,0.054234162181935386
2020-06-01,GUN CRIME,177.0,19.0,-0.227337583404519,-0.15891810049890787,0.06841948290561115
2020-07-01,GUN CRIME,209.0,23.0,0.36742968788198405,0.17123733309572267,-0.19619235478626137
2020-08-01,GUN CRIME,205.0,14.0,0.29308377897117116,-0.5716123924921961,-0.8646961714633672
2020-09-01,GUN CRIME,201.0,34.0,0.21873787006035827,1.0791647754809566,0.8604269054205983
2020-10-01,GUN CRIME,166.0,11.0,-0.43178883290925446,-0.819228967688169,-0.38744013477891454
2020-11-01,GUN CRIME,163.0,5.0,-0.4875482645923641,-1.3144621180801148,-0.8269138534877507
2020-12-01,GUN CRIME,112.0,13.0,-1.4354586032052283,-0.6541512508908537,0.7813073523143746
2021-01-01,GUN CRIME,139.0,11.0,-0.9336237180572414,-0.819228967688169,0.11439475036907243
2021-02-01,GUN CRIME,107.0,5.0,-1.5283909893437444,-1.3144621180801148,0.21392887126362958
2021-03-01,GUN CRIME,147.0,11.0,-0.7849319002356157,-0.819228967688169,-0.03429706745255334
2021-04-01,GUN CRIME,135.0,31.0,-1.0079696269680543,0.8315482002849838,1.839517827253038
2021-05-01,GUN CRIME,122.0,15.0,-1.2495938309281962,-0.48907353409353843,0.7605202968346578
2021-06-01,GUN CRIME,156.0,19.0,-0.6176536051862866,-0.15891810049890787,0.4587355046873788
2021-07-01,GUN CRIME,127.0,5.0,-1.1566614447896801,-1.3144621180801148,-0.15780067329043468
2021-08-01,GUN CRIME,162.0,11.0,-0.5061347418200673,-0.819228967688169,-0.31309422586810165
2021-09-01,GUN CRIME,124.0,8.0,-1.2124208764727897,-1.066845542884142,0.14557533358864783
2021-10-01,GUN CRIME,133.0,11.0,-1.0451425814234607,-0.819228967688169,0.22591361373529173
2021-11-01,GUN CRIME,102.0,12.0,-1.6213233754822607,-0.7366901092895113,0.8846332661927494
2021-12-01,GUN CRIME,164.0,10.0,-0.4689617873646609,-0.9017678260868266,-0.4328060387221657
2022-01-01,GUN CRIME,87.0,7.0,-1.9001205338978089,-1.1493844012827994,0.7507361326150095
2022-02-01,GUN CRIME,119.0,12.0,-1.3053532626113058,-0.7366901092895113,0.5686631533217945
2022-03-01,GUN CRIME,109.0,9.0,-1.4912180348883382,-0.9843066844854842,0.506911350402854
2022-04-01,GUN CRIME,121.0,14.0,-1.2681803081558993,-0.5716123924921961,0.6965679156637032
2022-05-01,GUN CRIME,153.0,25.0,-0.6734130368693964,0.33631504989303795,1.0097280867624343
2022-06-01,GUN CRIME,130.0,23.0,-1.1009020131065703,0.17123733309572267,1.272139346202293
2022-07-01,GUN CRIME,175.0,8.0,-0.26451053785992545,-1.066845542884142,-0.8023350050242164
2022-08-01,GUN CRIME,189.0,17.0,-0.004299856672080375,-0.3239958172962231,-0.31969596062414274
2022-09-01,GUN CRIME,131.0,35.0,-1.0823155358788672,1.1617036338796143,2.2440191697584817
2022-10-01,GUN CRIME,207.0,11.0,0.3302567334265776,-0.819228967688169,-1.1494857011147466
2022-11-01,GUN CRIME,112.0,9.0,-1.4354586032052283,-0.9843066844854842,0.45115191871974414
2022-12-01,GUN CRIME,118.0,7.0,-1.3239397398390091,-1.1493844012827994,0.17455533855620975
2023-01-01,GUN CRIME,176.0,18.0,-0.24592406063222225,-0.2414569588975655,0.004467101734656753
2023-02-01,GUN CRIME,139.0,14.0,-0.9336237180572414,-0.5716123924921961,0.36201132556504534
2023-03-01,GUN CRIME,129.0,29.0,-1.1194884903342737,0.6664704834876685,1.7859589738219421
2023-04-01,GUN CRIME,141.0,17.0,-0.896450763601835,-0.3239958172962231,0.5724549463056119
2023-05-01,GUN CRIME,140.0,32.0,-0.9150372408295382,0.9140870586836414,1.8291242995131796
2023-06-01,GUN CRIME,149.0,25.0,-0.7477589457802092,0.33631504989303795,1.084073995673247
2023-07-01,GUN CRIME,141.0,30.0,-0.896450763601835,0.7490093418863261,1.645460105488161
2023-08-01,GUN CRIME,148.0,7.0,-0.7663454230079124,-1.1493844012827994,-0.383038978274887
2023-09-01,GUN CRIME,174.0,46.0,-0.2830970150876287,2.0696310762648484,2.352728091352477
2023-10-01,GUN CRIME,111.0,29.0,-1.4540450804329317,0.6664704834876685,2.1205155639206
2023-11-01,GUN CRIME,156.0,27.0,-0.6176536051862866,0.5013927666903532,1.1190463718766397
2023-12-01,GUN CRIME,146.0,16.0,-0.8035183774633189,-0.4065346756948808,0.3969837017684381
2024-01-01,GUN CRIME,144.0,8.0,-0.8406913319187254,-1.066845542884142,-0.22615421096541655
2024-02-01,GUN CRIME,171.0,14.0,-0.33885644677073834,-0.5716123924921961,-0.23275594572145775
2024-03-01,GUN CRIME,183.0,23.0,-0.1158187200382997,0.17123733309572267,0.2870560531340224
2024-04-01,GUN CRIME,143.0,11.0,-0.8592778091464285,-0.819228967688169,0.04004884145825949
2024-05-01,GUN CRIME,203.0,12.0,0.2559108245157647,-0.7366901092895113,-0.9926009338052759
2024-06-01,GUN CRIME,182.0,17.0,-0.13440519726600292,-0.3239958172962231,-0.1895906200302202
2024-07-01,GUN CRIME,180.0,18.0,-0.17157815172140936,-0.2414569588975655,-0.06987880717615613
2024-08-01,GUN CRIME,193.0,7.0,0.0700460522387325,-1.1493844012827994,-1.219430453521532
2024-09-01,GUN CRIME,206.0,16.0,0.3116702561988744,-0.4065346756948808,-0.7182049318937551
2024-10-01,GUN CRIME,205.0,29.0,0.29308377897117116,0.6664704834876685,0.3733867045164973
2024-11-01,GUN CRIME,194.0,23.0,0.08863252946643572,0.17123733309572267,0.08260480362928695
2024-12-01,GUN CRIME,193.0,11.0,0.0700460522387325,-0.819228967688169,-0.8892750199269015
2025-01-01,GUN CRIME,175.0,6.0,-0.26451053785992545,-1.231923259681457,-0.9674127218215316
2025-02-01,GUN CRIME,169.0,17.0,-0.3760294012261448,-0.3239958172962231,0.05203358392992169
2025-03-01,GUN CRIME,140.0,17.0,-0.9150372408295382,-0.3239958172962231,0.591041423533315
2025-04-01,GUN CRIME,180.0,10.0,-0.17157815172140936,-0.9017678260868266,-0.7301896743654173
2025-05-01,GUN CRIME,158.0,3.0,-0.5804806507308802,-1.47953983487743,-0.8990591841465498
2025-06-01,GUN CRIME,209.0,5.0,0.36742968788198405,-1.3144621180801148,-1.6818918059620989
2025-07-01,GUN CRIME,175.0,20.0,-0.26451053785992545,-0.07637924210025024,0.18813129575967522
2025-08-01,GUN CRIME,132.0,20.0,-1.063729058651164,-0.07637924210025024,0.9873498165509138
2025-09-01,GUN CRIME,162.0,12.0,-0.5061347418200673,-0.7366901092895113,-0.23055536746944394
2025-10-01,GUN CRIME,163.0,15.0,-0.4875482645923641,-0.48907353409353843,-0.00152526950117432
2025-11-01,GUN CRIME,155.0,8.0,-0.6362400824139899,-1.066845542884142,-0.430605460470152
2025-12-01,GUN CRIME,170.0,23.0,-0.3574429239984416,0.17123733309572267,0.5286802570941642
2026-01-01,GUN CRIME,129.0,11.0,-1.1194884903342737,-0.819228967688169,0.30025952264610467
2026-02-01,GUN CRIME,136.0,16.0,-0.9893831497403511,-0.4065346756948808,0.5828484740454704
2015-01-01,HATE CRIME,3289.0,0.0,-2.0039796569652024,-1.3987800902999898,0.6051995666652126
2015-02-01,HATE CRIME,3298.0,0.0,-1.9956693637725056,-1.3987800902999898,0.5968892734725157
2015-03-01,HATE CRIME,3891.0,32.0,-1.4481133789648277,-0.49109712613437906,0.9570162528304487
2015-04-01,HATE CRIME,3891.0,20.0,-1.4481133789648277,-0.8314782376964831,0.6166351412683446
2015-05-01,HATE CRIME,4149.0,27.0,-1.2098849741075244,-0.6329225892852557,0.5769623848222687
2015-06-01,HATE CRIME,4156.0,23.0,-1.203421412735427,-0.746382959805957,0.45703845292947
2015-07-01,HATE CRIME,4330.0,23.0,-1.0427557443432922,-0.746382959805957,0.2963727845373352
2015-08-01,HATE CRIME,4330.0,25.0,-1.0427557443432922,-0.6896527745456064,0.35310296979768585
2015-09-01,HATE CRIME,3937.0,19.0,-1.4056385470910449,-0.8598433303266584,0.5457952167643865
2015-10-01,HATE CRIME,4387.0,51.0,-0.9901238874562135,0.04783963383895238,1.037963521295166
2015-11-01,HATE CRIME,4725.0,31.0,-0.6780262097749401,-0.5194622187645543,0.15856399101038576
2015-12-01,HATE CRIME,4520.0,47.0,-0.8673162213863633,-0.06562073668174898,0.8016954847046144
2016-01-01,HATE CRIME,3651.0,35.0,-1.6697211974367379,-0.40600184824385305,1.2637193491928849
2016-02-01,HATE CRIME,3845.0,16.0,-1.4905882108386104,-0.9449386082171845,0.5456496026214259
2016-03-01,HATE CRIME,4238.0,32.0,-1.1277054080908577,-0.49109712613437906,0.6366082819564787
2016-04-01,HATE CRIME,4501.0,78.0,-0.8848601736820562,0.8136971348536864,1.6985573085357426
2016-05-01,HATE CRIME,4927.0,119.0,-0.49150629589441575,1.9766659326908755,2.468172228585291
2016-06-01,HATE CRIME,5362.0,106.0,-0.08984212491407866,1.607919728498596,1.6977618534126746
2016-07-01,HATE CRIME,7414.0,72.0,1.8049047230207529,0.6435065790726344,-1.1613981439481185
2016-08-01,HATE CRIME,5608.0,49.0,0.1373058890196292,-0.008890551421398296,-0.1461964404410275
2016-09-01,HATE CRIME,5107.0,50.0,-0.32530043204048315,0.01947454120877704,0.3447749732492602
2016-10-01,HATE CRIME,4783.0,58.0,-0.6244709869775618,0.24639528225017973,0.8708662692277415
2016-11-01,HATE CRIME,4454.0,34.0,-0.9282583714661385,-0.4343669408740284,0.49389143059211016
2016-12-01,HATE CRIME,4667.0,52.0,-0.7315814325723183,0.07620472646912771,0.807786159041446
2017-01-01,HATE CRIME,3953.0,41.0,-1.390864692526251,-0.235811292462801,1.1550534000634498
2017-02-01,HATE CRIME,4027.0,47.0,-1.3225356151640786,-0.06562073668174898,1.2569148784823296
2017-03-01,HATE CRIME,5046.0,67.0,-0.3816257525687603,0.5016811159217578,0.8833068684905181
2017-04-01,HATE CRIME,4887.0,71.0,-0.5284409323064008,0.6151414864424591,1.14358241874886
2017-05-01,HATE CRIME,5190.0,27.0,-0.24866106148561423,-0.6329225892852557,-0.38426152779964146
2017-06-01,HATE CRIME,6854.0,73.0,1.2878198132529626,0.6718716717028098,-0.6159481415501528
2017-07-01,HATE CRIME,6158.0,49.0,0.6451571396844232,-0.008890551421398296,-0.6540476911058215
2017-08-01,HATE CRIME,5286.0,37.0,-0.1600179340968502,-0.3492716629835024,-0.18925372888665218
2017-09-01,HATE CRIME,4707.0,45.0,-0.6946467961603333,-0.12235092194209965,0.5722958742182337
2017-10-01,HATE CRIME,5023.0,29.0,-0.4028631685056517,-0.576192404024905,-0.17332923551925333
2017-11-01,HATE CRIME,4237.0,49.0,-1.1286287740011574,-0.008890551421398296,1.119738222579759
2017-12-01,HATE CRIME,3896.0,30.0,-1.4434965494133296,-0.5478273113947297,0.8956692380185999
2018-01-01,HATE CRIME,4092.0,74.0,-1.262516830994603,0.7002367643329851,1.9627535953275883
2018-02-01,HATE CRIME,3783.0,40.0,-1.5478368972771872,-0.26417638509297636,1.2836605121842108
2018-03-01,HATE CRIME,4974.0,116.0,-0.44810809811033336,1.8915706548003495,2.339678752910683
2018-04-01,HATE CRIME,4753.0,122.0,-0.6521719642865506,2.0617612105814014,2.713933174867952
2018-05-01,HATE CRIME,5317.0,62.0,-0.1313935908775618,0.3598556527708811,0.4912492436484429
2018-06-01,HATE CRIME,5600.0,40.0,0.1299189617372322,-0.26417638509297636,-0.3940953468302085
2018-07-01,HATE CRIME,5761.0,40.0,0.2785808732954719,-0.26417638509297636,-0.5427572583884482
2018-08-01,HATE CRIME,4493.0,71.0,-0.8922471009644531,0.6151414864424591,1.5073885874069122
2018-09-01,HATE CRIME,4658.0,82.0,-0.7398917257650149,0.9271575053743878,1.6670492311394027
2018-10-01,HATE CRIME,4718.0,91.0,-0.6844897711470375,1.1824433390459659,1.8669331101930033
2018-11-01,HATE CRIME,5032.0,66.0,-0.3945528753129551,0.47331602329158246,0.8678688986045375
2018-12-01,HATE CRIME,4789.0,35.0,-0.618930791515764,-0.40600184824385305,0.21292894327191098
2019-01-01,HATE CRIME,4328.0,40.0,-1.0446024761638915,-0.26417638509297636,0.7804260910709151
2019-02-01,HATE CRIME,4703.0,95.0,-0.6983402598015318,1.2959037095666672,1.994243969368199
2019-03-01,HATE CRIME,5718.0,101.0,0.238876139152588,1.4660942653477194,1.2272181261951314
2019-04-01,HATE CRIME,5334.0,42.0,-0.11569637040246818,-0.20744619983262566,-0.09174982943015748
2019-05-01,HATE CRIME,5442.0,66.0,-0.01597285209010862,0.47331602329158246,0.4892888753816911
2019-06-01,HATE CRIME,5625.0,84.0,0.15300310949472284,0.9838876906347385,0.8308845811400156
2019-07-01,HATE CRIME,6218.0,123.0,0.7005590943024007,2.090126303211577,1.3895672089091762
2019-08-01,HATE CRIME,5653.0,48.0,0.17885735498311234,-0.03725564405157363,-0.21611299903468598
2019-09-01,HATE CRIME,5349.0,66.0,-0.1018458817479738,0.47331602329158246,0.5751619050395562
2019-10-01,HATE CRIME,5703.0,41.0,0.22502565049809362,-0.235811292462801,-0.4608369429608946
2019-11-01,HATE CRIME,5602.0,100.0,0.13176569355783146,1.4377291727175439,1.3059634791597123
2019-12-01,HATE CRIME,5375.0,76.0,-0.07783836808018353,0.7569669495933358,0.8348053176735193
2020-01-01,HATE CRIME,4990.0,63.0,-0.43333424354553934,0.38822074540105644,0.8215549889465958
2020-02-01,HATE CRIME,5433.0,70.0,-0.02428314528280525,0.5867763938122837,0.611059539095089
2020-03-01,HATE CRIME,5347.0,40.0,-0.10369261356857304,-0.26417638509297636,-0.16048377152440332
2020-04-01,HATE CRIME,4412.0,17.0,-0.9670397396987228,-0.9165735155870091,0.05046622411171375
2020-05-01,HATE CRIME,5692.0,28.0,0.21486862548479774,-0.6045574966550804,-0.8194261221398782
2020-06-01,HATE CRIME,8281.0,297.0,2.605462967250528,7.025652420862086,4.420189453611558
2020-07-01,HATE CRIME,8091.0,97.0,2.430023444293599,1.352633894827018,-1.077389549466581
2020-08-01,HATE CRIME,7488.0,82.0,1.873233800382925,0.9271575053743878,-0.9460762950085372
2020-09-01,HATE CRIME,6626.0,49.0,1.077292385704648,-0.008890551421398296,-1.0861829371260463
2020-10-01,HATE CRIME,5777.0,69.0,0.2933547278602659,0.5584113011821085,0.26505657332184257
2020-11-01,HATE CRIME,5443.0,23.0,-0.015049486179808997,-0.746382959805957,-0.7313334736261481
2020-12-01,HATE CRIME,4829.0,21.0,-0.581996155103779,-0.8031131450663077,-0.2211169899625287
2021-01-01,HATE CRIME,4416.0,24.0,-0.9633462760575243,-0.7180178671757818,0.24532840888174257
2021-02-01,HATE CRIME,4520.0,32.0,-0.8673162213863633,-0.49109712613437906,0.37621909525198427
2021-03-01,HATE CRIME,6172.0,70.0,0.658084262428618,0.5867763938122837,-0.0713078686163342
2021-04-01,HATE CRIME,6296.0,42.0,0.7725816353057715,-0.20744619983262566,-0.9800278351383972
2021-05-01,HATE CRIME,7788.0,71.0,2.150243573472813,0.6151414864424591,-1.5351020870303538
2021-06-01,HATE CRIME,7351.0,38.0,1.7467326706718764,-0.32090657035332704,-2.0676392410252036
2021-07-01,HATE CRIME,8159.0,39.0,2.492812326193974,-0.2925414777231517,-2.7853538039171255
2021-08-01,HATE CRIME,6295.0,32.0,0.7716582693954719,-0.49109712613437906,-1.262755395529851
2021-09-01,HATE CRIME,6174.0,20.0,0.6599309942492172,-0.8314782376964831,-1.4914092319457004
2021-10-01,HATE CRIME,6653.0,36.0,1.1022232652827377,-0.3776367556136777,-1.4798600208964154
2021-11-01,HATE CRIME,6282.0,27.0,0.7596545125615768,-0.6329225892852557,-1.3925771018468325
2021-12-01,HATE CRIME,5733.0,35.0,0.2527266278070824,-0.40600184824385305,-0.6587284760509354
2022-01-01,HATE CRIME,5435.0,41.0,-0.022436413462206,-0.235811292462801,-0.21337487900059499
2022-02-01,HATE CRIME,5360.0,57.0,-0.09168885673467791,0.2180301896200044,0.3097190463546823
2022-03-01,HATE CRIME,6430.0,33.0,0.8963126672859213,-0.4627320335042037,-1.359044700790125
2022-04-01,HATE CRIME,5889.0,20.0,0.396771709813824,-0.8314782376964831,-1.228249947510307
2022-05-01,HATE CRIME,6430.0,32.0,0.8963126672859213,-0.49109712613437906,-1.3874097934203005
2022-06-01,HATE CRIME,6306.0,26.0,0.7818152944087677,-0.6612876819154311,-1.443102976324199
2022-07-01,HATE CRIME,6672.0,21.0,1.1197672175784308,-0.8031131450663077,-1.9228803626447384
2022-08-01,HATE CRIME,6157.0,15.0,0.6442337737741236,-0.9733037008473597,-1.6175374746214835
2022-09-01,HATE CRIME,5270.0,27.0,-0.1747917886616442,-0.6329225892852557,-0.4581308006236115
2022-10-01,HATE CRIME,5795.0,28.0,0.30997531424565916,-0.6045574966550804,-0.9145328109007396
2022-11-01,HATE CRIME,5591.0,53.0,0.12160866854453557,0.10456981909930305,-0.017038849445232526
2022-12-01,HATE CRIME,4751.0,37.0,-0.6540186961071498,-0.3492716629835024,0.3047470331236474
2023-01-01,HATE CRIME,5156.0,43.0,-0.2800555024358015,-0.17908110720245032,0.1009743952333512
2023-02-01,HATE CRIME,5184.0,22.0,-0.25420125694741197,-0.7747480524361324,-0.5205467954887204
2023-03-01,HATE CRIME,5724.0,38.0,0.24441633461438575,-0.32090657035332704,-0.5653229049677128
2023-04-01,HATE CRIME,5790.0,49.0,0.30535848469416105,-0.008890551421398296,-0.3142490361155593
2023-05-01,HATE CRIME,6738.0,31.0,1.1807093676582059,-0.5194622187645543,-1.7001715864227602
2023-06-01,HATE CRIME,6946.0,37.0,1.372769477000528,-0.3492716629835024,-1.7220411399840305
2023-07-01,HATE CRIME,6770.0,37.0,1.210257076787794,-0.3492716629835024,-1.5595287397712965
2023-08-01,HATE CRIME,6469.0,69.0,0.9323239377876067,0.5584113011821085,-0.3739126366054982
2023-09-01,HATE CRIME,6681.0,30.0,1.1280775107711274,-0.5478273113947297,-1.6759048221658572
2023-10-01,HATE CRIME,8610.0,120.0,2.9092503517391046,2.005031025321051,-0.9042193264180538
2023-11-01,HATE CRIME,8618.0,157.0,2.916637279021502,3.0545394526375382,0.13790217361603618
2023-12-01,HATE CRIME,6927.0,59.0,1.3552255247048353,0.2747603748803551,-1.0804651498244802
2024-01-01,HATE CRIME,6276.0,49.0,0.754114317099779,-0.008890551421398296,-0.7630048685211773
2024-02-01,HATE CRIME,6050.0,79.0,0.5454336213720636,0.8420622274838618,0.2966286061117982
2024-03-01,HATE CRIME,5231.0,71.0,-0.2108030591633296,0.6151414864424591,0.8259445456057888
2024-04-01,HATE CRIME,5101.0,56.0,-0.3308406275022809,0.18966509698982906,0.52050572449211
2024-05-01,HATE CRIME,5662.0,46.0,0.18716764817580897,-0.09398582931192431,-0.2811534774877333
2024-06-01,HATE CRIME,5613.0,23.0,0.14192271857112734,-0.746382959805957,-0.8883056783770844
2024-07-01,HATE CRIME,6116.0,18.0,0.606375771451839,-0.8882084229568338,-1.4945841944086729
2024-08-01,HATE CRIME,6883.0,54.0,1.3145974246516516,0.13293491172947838,-1.1816625129221732
2024-09-01,HATE CRIME,5343.0,25.0,-0.10738607720977154,-0.6896527745456064,-0.5822666973358348
2024-10-01,HATE CRIME,5351.0,36.0,-0.09999914992737453,-0.3776367556136777,-0.2776376056863032
2024-11-01,HATE CRIME,5218.0,25.0,-0.22280681599722474,-0.6896527745456064,-0.4668459585483816
2024-12-01,HATE CRIME,4383.0,15.0,-0.993817351097412,-0.9733037008473597,0.02051365025005225
2025-01-01,HATE CRIME,4542.0,22.0,-0.8470021713597715,-0.7747480524361324,0.07225411892363909
2025-02-01,HATE CRIME,4346.0,23.0,-1.027981889778498,-0.746382959805957,0.281598929972541
2025-03-01,HATE CRIME,5160.0,18.0,-0.276362038794603,-0.8882084229568338,-0.6118463841622308
2025-04-01,HATE CRIME,5231.0,19.0,-0.2108030591633296,-0.8598433303266584,-0.6490402711633287
2025-05-01,HATE CRIME,5612.0,8.0,0.1409993526608277,-1.1718593492585871,-1.312858701919415
2025-06-01,HATE CRIME,6136.0,9.0,0.6248430896578314,-1.1434942566284119,-1.7683373462862433
2025-07-01,HATE CRIME,6383.0,34.0,0.8529144695018389,-0.4343669408740284,-1.2872814103758672
2025-08-01,HATE CRIME,6262.0,29.0,0.7411871943555842,-0.576192404024905,-1.3173795983804892
2025-09-01,HATE CRIME,6457.0,36.0,0.9212435468640112,-0.3776367556136777,-1.298880302477689
2025-10-01,HATE CRIME,6708.0,68.0,1.1530083903492172,0.5300462085519331,-0.6229621817972841
2025-11-01,HATE CRIME,5568.0,56.0,0.10037125260764419,0.18966509698982906,0.08929384438218486
2025-12-01,HATE CRIME,4921.0,61.0,-0.4970464913562135,0.33149056014070577,0.8285370514969193
2026-01-01,HATE CRIME,4732.0,24.0,-0.6715626484028427,-0.7180178671757818,-0.04645521877293901
2026-02-01,HATE CRIME,4570.0,15.0,-0.8211479258713821,-0.9733037008473597,-0.15215577497597765
2015-01-01,KNIFE CRIME,1441.0,0.0,-0.9574052294047277,-1.471655312821617,-0.5142500834168893
2015-02-01,KNIFE CRIME,1380.0,0.0,-1.1785988513706476,-1.471655312821617,-0.2930564614509694
2015-03-01,KNIFE CRIME,1528.0,81.0,-0.6419323587320225,-0.66078436681594,-0.018852008083917515
2015-04-01,KNIFE CRIME,1456.0,46.0,-0.903013355150813,-1.011160701509751,-0.10814734635893797
2015-05-01,KNIFE CRIME,1586.0,28.0,-0.4316171116168856,-1.1913542450665682,-0.7597371334496825
2015-06-01,KNIFE CRIME,1624.0,106.0,-0.29382436350696833,-0.41051555632036063,-0.1166911928133923
2015-07-01,KNIFE CRIME,1275.0,61.0,-1.5593419711480505,-0.8609994152124034,0.6983425559356471
2015-08-01,KNIFE CRIME,1582.0,60.0,-0.4461216114179295,-0.8710101676322266,-0.4248885562142971
2015-09-01,KNIFE CRIME,1375.0,121.0,-1.1967294761219525,-0.26035427002301303,0.9363752060989394
2015-10-01,KNIFE CRIME,1495.0,83.0,-0.7615944820906349,-0.6407628619762936,0.12083162011434123
2015-11-01,KNIFE CRIME,1463.0,107.0,-0.8776304804989862,-0.40050480390053744,0.47712567659844873
2015-12-01,KNIFE CRIME,1375.0,135.0,-1.1967294761219525,-0.12020373614548858,1.0765257399764638
2016-01-01,KNIFE CRIME,1432.0,138.0,-0.9900403539570766,-0.09017147888601906,0.8998688750710575
2016-02-01,KNIFE CRIME,1169.0,65.0,-1.9437112158757144,-0.8209564055331108,1.1227548103426037
2016-03-01,KNIFE CRIME,1441.0,123.0,-0.9574052294047277,-0.24033276518336666,0.7170724642213611
2016-04-01,KNIFE CRIME,1414.0,102.0,-1.0553106030617743,-0.4505585659996533,0.6047520370621209
2016-05-01,KNIFE CRIME,1720.0,150.0,0.054283631718085784,0.02995755015185902,-0.024326081566226763
2016-06-01,KNIFE CRIME,1687.0,88.0,-0.06537849164052657,-0.5907090998771777,-0.5253306082366511
2016-07-01,KNIFE CRIME,1859.0,107.0,0.558314999804362,-0.40050480390053744,-0.9588198037048995
2016-08-01,KNIFE CRIME,1845.0,283.0,0.5075492505007083,1.3613876219883412,0.8538383714876329
2016-09-01,KNIFE CRIME,1750.0,116.0,0.1630673802259152,-0.31040803212212886,-0.473475412348044
2016-10-01,KNIFE CRIME,1826.0,155.0,0.4386528764457497,0.0800113122509749,-0.3586415641947748
2016-11-01,KNIFE CRIME,1763.0,154.0,0.21020700457930794,0.07000055983115172,-0.14020644474815622
2016-12-01,KNIFE CRIME,1693.0,138.0,-0.043621741938960686,-0.09017147888601906,-0.04654973694705838
2017-01-01,KNIFE CRIME,1901.0,112.0,0.7106122477153233,-0.35045104180142156,-1.061063289516745
2017-02-01,KNIFE CRIME,1671.0,128.0,-0.12339649084470225,-0.1902790030842508,-0.06688251223954855
2017-03-01,KNIFE CRIME,2173.0,165.0,1.6969182341863098,0.18011883644920662,-1.5167993977371033
2017-04-01,KNIFE CRIME,2042.0,186.0,1.2218958657021215,0.3903446372654933,-0.8315512284366282
2017-05-01,KNIFE CRIME,1877.0,182.0,0.6235852489090598,0.3503016275862006,-0.27328362132285916
2017-06-01,KNIFE CRIME,2209.0,220.0,1.8274587323957052,0.7307102195394811,-1.096748512856224
2017-07-01,KNIFE CRIME,2181.0,117.0,1.7259272337883977,-0.3003972797023057,-2.0263245134907035
2017-08-01,KNIFE CRIME,2147.0,129.0,1.6026389854795244,-0.18026825066442762,-1.782907236143952
2017-09-01,KNIFE CRIME,2028.0,122.0,1.1711301163984678,-0.25034351760318985,-1.4214736340016576
2017-10-01,KNIFE CRIME,2264.0,148.0,2.026895604660059,0.009936045312212675,-2.016959559347846
2017-11-01,KNIFE CRIME,2136.0,97.0,1.5627516110266537,-0.5006123280987692,-2.063363939125423
2017-12-01,KNIFE CRIME,1851.0,69.0,0.5293060002022743,-0.780913395853818,-1.3102193960560924
2018-01-01,KNIFE CRIME,2018.0,181.0,1.134868866895858,0.3402908751663774,-0.7945779917294806
2018-02-01,KNIFE CRIME,1634.0,193.0,-0.25756311400435855,0.4604199042042555,0.717983018208614
2018-03-01,KNIFE CRIME,2027.0,211.0,1.1675039914482068,0.6406134477610727,-0.5268905436871342
2018-04-01,KNIFE CRIME,2091.0,458.0,1.3995759882649095,3.1132692954573966,1.7136933071924871
2018-05-01,KNIFE CRIME,2093.0,277.0,1.4068282381654316,1.301323107469402,-0.10550513069602951
2018-06-01,KNIFE CRIME,2206.0,315.0,1.8165803575449222,1.6817316994226827,-0.13484865812223945
2018-07-01,KNIFE CRIME,2116.0,210.0,1.490229112021434,0.6306026953412495,-0.8596264166801845
2018-08-01,KNIFE CRIME,1951.0,293.0,0.8919184952283723,1.4614951461865728,0.5695766509582005
2018-09-01,KNIFE CRIME,1709.0,228.0,0.014396257265215002,0.8107962388980665,0.7963999816328515
2018-10-01,KNIFE CRIME,1888.0,184.0,0.6634726233619305,0.3703231324258469,-0.29314949093608356
2018-11-01,KNIFE CRIME,1823.0,419.0,0.42777450159496677,2.722849951084293,2.2950754494893264
2018-12-01,KNIFE CRIME,1916.0,215.0,0.765004121969238,0.6806564574403653,-0.08434766452887266
2019-01-01,KNIFE CRIME,1918.0,400.0,0.7722563718697599,2.5326456551076526,1.7603892832378927
2019-02-01,KNIFE CRIME,1759.0,311.0,0.195702504778264,1.64168868974339,1.4459861849651259
2019-03-01,KNIFE CRIME,1950.0,759.0,0.8882923702781113,6.126505773824172,5.238213403546061
2019-04-01,KNIFE CRIME,2090.0,366.0,1.3959498633146485,2.1922800728336647,0.7963302095190161
2019-05-01,KNIFE CRIME,2072.0,221.0,1.3306796142099508,0.7407209719593043,-0.5899586422506465
2019-06-01,KNIFE CRIME,2024.0,322.0,1.1566256165974238,1.7518069663614448,0.595181349764021
2019-07-01,KNIFE CRIME,1983.0,274.0,1.0079544936367237,1.2712908502099325,0.26333635657320875
2019-08-01,KNIFE CRIME,1952.0,311.0,0.8955446201786332,1.64168868974339,0.7461440695647568
2019-09-01,KNIFE CRIME,1813.0,292.0,0.391513252092357,1.4514843937667496,1.0599711416743927
2019-10-01,KNIFE CRIME,2021.0,249.0,1.1457472417466408,1.0210220397143532,-0.12472520203228754
2019-11-01,KNIFE CRIME,2145.0,241.0,1.5953867355790023,0.9409360203557678,-0.6544507152232345
2019-12-01,KNIFE CRIME,1858.0,208.0,0.5546888748541011,0.6105811905016031,0.05589231564750197
2020-01-01,KNIFE CRIME,1954.0,216.0,0.9027968700791552,0.6906672098601885,-0.21212966021896673
2020-02-01,KNIFE CRIME,1732.0,281.0,0.09779713112121755,1.3413661171486948,1.2435689860274772
2020-03-01,KNIFE CRIME,1583.0,115.0,-0.4424954864676685,-0.32041878454195205,0.12207670192571646
2020-04-01,KNIFE CRIME,964.0,124.0,-2.6870668306792154,-0.2303220127635435,2.4567448179156717
2020-05-01,KNIFE CRIME,1183.0,84.0,-1.8929454665720606,-0.6307521095564704,1.2621933570155903
2020-06-01,KNIFE CRIME,1478.0,194.0,-0.8232386062450715,0.4704306566240787,1.2936692628691502
2020-07-01,KNIFE CRIME,1592.0,227.0,-0.4098603619153197,0.8007854864782434,1.2106458483935632
2020-08-01,KNIFE CRIME,1753.0,142.0,0.17394575507669813,-0.05012846920672637,-0.2240742242834245
2020-09-01,KNIFE CRIME,1586.0,111.0,-0.4316171116168856,-0.36046179422124475,0.07115531739564085
2020-10-01,KNIFE CRIME,1483.0,73.0,-0.8051079814937666,-0.7408703861745254,0.06423759531924123
2020-11-01,KNIFE CRIME,1284.0,60.0,-1.5267068465957017,-0.8710101676322266,0.655696678963475
2020-12-01,KNIFE CRIME,1282.0,75.0,-1.5339590964962235,-0.720848881334879,0.8131102151613445
2021-01-01,KNIFE CRIME,1036.0,69.0,-2.425985834260425,-0.780913395853818,1.6450724384066069
2021-02-01,KNIFE CRIME,1191.0,152.0,-1.863936466969973,0.04997905499150537,1.9139155219614783
2021-03-01,KNIFE CRIME,1372.0,88.0,-1.2076078509727355,-0.5907090998771777,0.6168987510955578
2021-04-01,KNIFE CRIME,1315.0,137.0,-1.4142969731376114,-0.10018223130584224,1.3141147418317691
2021-05-01,KNIFE CRIME,1311.0,101.0,-1.4288014729386551,-0.46056931841947646,0.9682321545191787
2021-06-01,KNIFE CRIME,1573.0,132.0,-0.47875673597027835,-0.1502359934049581,0.32852074256532027
2021-07-01,KNIFE CRIME,1546.0,161.0,-0.5766621096273248,0.14007582676991392,0.7167379363972387
2021-08-01,KNIFE CRIME,1416.0,121.0,-1.0480583531612522,-0.26035427002301303,0.7877040831382391
2021-09-01,KNIFE CRIME,1600.0,63.0,-0.38085136231323186,-0.840977910372757,-0.4601265480595252
2021-10-01,KNIFE CRIME,1447.0,113.0,-0.9356484797031619,-0.34044028938159837,0.5952081903215636
2021-11-01,KNIFE CRIME,1350.0,95.0,-1.287382599878477,-0.5206338329384155,0.7667487669400614
2021-12-01,KNIFE CRIME,1403.0,49.0,-1.095197977514645,-0.9811284442502815,0.11406953326436353
2022-01-01,KNIFE CRIME,1466.0,96.0,-0.8667521056482033,-0.5106230805185924,0.35612902512961087
2022-02-01,KNIFE CRIME,1294.0,83.0,-1.4904455970930919,-0.6407628619762936,0.8496827351167983
2022-03-01,KNIFE CRIME,1363.0,52.0,-1.2402429755250841,-0.951096186990812,0.2891467885342721
2022-04-01,KNIFE CRIME,1319.0,77.0,-1.3997924733365674,-0.7008273764952326,0.6989650968413348
2022-05-01,KNIFE CRIME,1527.0,72.0,-0.6455584836822834,-0.7508811385943485,-0.10532265491206505
2022-06-01,KNIFE CRIME,1519.0,54.0,-0.6745674832843713,-0.9310746821511656,-0.2565071988667943
2022-07-01,KNIFE CRIME,1615.0,70.0,-0.3264594880593172,-0.7709026434339948,-0.44444315537467766
2022-08-01,KNIFE CRIME,1625.0,165.0,-0.29019823855670734,0.18011883644920662,0.47031707500591396
2022-09-01,KNIFE CRIME,1568.0,73.0,-0.49688736072158324,-0.7408703861745254,-0.24398302545294215
2022-10-01,KNIFE CRIME,1940.0,104.0,0.8520311207755015,-0.43053706116000695,-1.2825681819355084
2022-11-01,KNIFE CRIME,1616.0,106.0,-0.3228333631090562,-0.41051555632036063,-0.08768219321130444
2022-12-01,KNIFE CRIME,1453.0,61.0,-0.913891730001596,-0.8609994152124034,0.05289231478919254
2023-01-01,KNIFE CRIME,1623.0,74.0,-0.2974504884572293,-0.7308596337547022,-0.4334091452974729
2023-02-01,KNIFE CRIME,1691.0,61.0,-0.050873991839482643,-0.8609994152124034,-0.8101254233729208
2023-03-01,KNIFE CRIME,1607.0,58.0,-0.355468487661405,-0.891031672471873,-0.535563184810468
2023-04-01,KNIFE CRIME,1617.0,94.0,-0.3192072381587952,-0.5306445853582387,-0.21143734719944346
2023-05-01,KNIFE CRIME,1731.0,181.0,0.09417100617095657,0.3402908751663774,0.24611986899542082
2023-06-01,KNIFE CRIME,1786.0,167.0,0.2936078784353105,0.20014034128885297,-0.09346753714645753
2023-07-01,KNIFE CRIME,1851.0,147.0,0.5293060002022743,-7.470710761049754e-05,-0.5293807073098847
2023-08-01,KNIFE CRIME,1888.0,188.0,0.6634726233619305,0.4103661421051396,-0.25310648125679086
2023-09-01,KNIFE CRIME,1831.0,202.0,0.45678350119705463,0.5505166759826641,0.09373317478560944
2023-10-01,KNIFE CRIME,1521.0,128.0,-0.6673152333838493,-0.1902790030842508,0.4770362302995985
2023-11-01,KNIFE CRIME,1951.0,60.0,0.8919184952283723,-0.8710101676322266,-1.762928662860599
2023-12-01,KNIFE CRIME,1914.0,134.0,0.757751872068716,-0.13021448856531176,-0.8879663606340278
2024-01-01,KNIFE CRIME,1749.0,186.0,0.15944125527565423,0.3903446372654933,0.23090338198983906
2024-02-01,KNIFE CRIME,1729.0,103.0,0.0869187562704346,-0.44054781357983014,-0.5274665698502647
2024-03-01,KNIFE CRIME,1974.0,120.0,0.9753193690843748,-0.27036502244283617,-1.2456843915272109
2024-04-01,KNIFE CRIME,1783.0,171.0,0.28272950358452753,0.24018335096814566,-0.042546152616381866
2024-05-01,KNIFE CRIME,2180.0,178.0,1.7223011088381368,0.3102586179069079,-1.412042490931229
2024-06-01,KNIFE CRIME,1953.0,68.0,0.8991707451288942,-0.7909241482736412,-1.6900948934025353
2024-07-01,KNIFE CRIME,1955.0,119.0,0.9064229950294161,-0.28037577486265935,-1.1867987698920754
2024-08-01,KNIFE CRIME,2003.0,230.0,1.0804769926419433,0.8308177437377129,-0.2496592489042304
2024-09-01,KNIFE CRIME,1905.0,128.0,0.7251167475163671,-0.1902790030842508,-0.915395750600618
2024-10-01,KNIFE CRIME,2038.0,97.0,1.2073913659010775,-0.5006123280987692,-1.7080036939998466
2024-11-01,KNIFE CRIME,1998.0,91.0,1.0623463678906384,-0.5606768426177082,-1.6230232105083466
2024-12-01,KNIFE CRIME,1842.0,73.0,0.4966708756499254,-0.7408703861745254,-1.2375412618244508
2025-01-01,KNIFE CRIME,1676.0,172.0,-0.10526586609339735,0.2501941033879688,0.35545996948136616
2025-02-01,KNIFE CRIME,1563.0,77.0,-0.5150179854728881,-0.7008273764952326,-0.1858093910223445
2025-03-01,KNIFE CRIME,1691.0,68.0,-0.050873991839482643,-0.7909241482736412,-0.7400501564341586
2025-04-01,KNIFE CRIME,1831.0,83.0,0.45678350119705463,-0.6407628619762936,-1.0975463631733482
2025-05-01,KNIFE CRIME,1724.0,82.0,0.06878813151912971,-0.6507736143961168,-0.7195617459152466
2025-06-01,KNIFE CRIME,1836.0,27.0,0.4749141259483595,-1.2013649974863914,-1.676279123434751
2025-07-01,KNIFE CRIME,1911.0,110.0,0.7468734972179331,-0.37047254664106793,-1.117346043859001
2025-08-01,KNIFE CRIME,1585.0,72.0,-0.4352432365671466,-0.7508811385943485,-0.3156379020272019
2025-09-01,KNIFE CRIME,1570.0,38.0,-0.48963511082106126,-1.0912467208683365,-0.6016116100472753
2025-10-01,KNIFE CRIME,1671.0,121.0,-0.12339649084470225,-0.26035427002301303,-0.13695777917831078
2025-11-01,KNIFE CRIME,1541.0,248.0,-0.5947927343786297,1.01101128729453,1.6058040216731597
2025-12-01,KNIFE CRIME,1362.0,95.0,-1.2438691004753453,-0.5206338329384155,0.7232352675369298
2026-01-01,KNIFE CRIME,1516.0,69.0,-0.6854458581351542,-0.780913395853818,-0.09546753771866379
2026-02-01,KNIFE CRIME,1422.0,123.0,-1.0263016034596864,-0.24033276518336666,0.7859688382763197
2015-01-01,LETHAL BARREL DISCHARGE,15.0,0.0,-0.6479852386786542,-1.7836812574408583,-1.135696018762204
2015-02-01,LETHAL BARREL DISCHARGE,16.0,0.0,-0.5511847682405944,-1.7836812574408583,-1.232496489200264
2015-03-01,LETHAL BARREL DISCHARGE,19.0,44.0,-0.2607833569264149,-0.32060603570027674,-0.059822678773861826
2015-04-01,LETHAL BARREL DISCHARGE,24.0,51.0,0.22321899526388425,-0.0878440686051842,-0.31106306386906846
2015-05-01,LETHAL BARREL DISCHARGE,22.0,19.0,0.029618054387764586,-1.1518987753256071,-1.1815168297133718
2015-06-01,LETHAL BARREL DISCHARGE,15.0,31.0,-0.6479852386786542,-0.7528782603054486,-0.10489302162679437
2015-07-01,LETHAL BARREL DISCHARGE,22.0,63.0,0.029618054387764586,0.31117644641497444,0.28155839202720984
2015-08-01,LETHAL BARREL DISCHARGE,22.0,48.0,0.029618054387764586,-0.18759919736022385,-0.21721725174798842
2015-09-01,LETHAL BARREL DISCHARGE,22.0,54.0,0.029618054387764586,0.011911060149855457,-0.017706994237909127
2015-10-01,LETHAL BARREL DISCHARGE,13.0,63.0,-0.8415861795547739,0.31117644641497444,1.1527626259697483
2015-11-01,LETHAL BARREL DISCHARGE,13.0,68.0,-0.8415861795547739,0.4774349943400405,1.3190211738948143
2015-12-01,LETHAL BARREL DISCHARGE,16.0,101.0,-0.5511847682405944,1.5747414106454767,2.125926178886071
2016-01-01,LETHAL BARREL DISCHARGE,24.0,35.0,0.22321899526388425,-0.6198714219653957,-0.8430904172292799
2016-02-01,LETHAL BARREL DISCHARGE,17.0,53.0,-0.45438429780253453,-0.021340649435157764,0.43304364836737674
2016-03-01,LETHAL BARREL DISCHARGE,30.0,63.0,0.8040218178922433,0.31117644641497444,-0.4928453714772688
2016-04-01,LETHAL BARREL DISCHARGE,27.0,36.0,0.5136204065780637,-0.5866197123803825,-1.100240118958446
2016-05-01,LETHAL BARREL DISCHARGE,37.0,43.0,1.481625110958662,-0.35385774528528996,-1.835482856243952
2016-06-01,LETHAL BARREL DISCHARGE,21.0,95.0,-0.06718241605029525,1.3752311531353973,1.4424135691856925
2016-07-01,LETHAL BARREL DISCHARGE,43.0,49.0,2.062427933587021,-0.15434748777521065,-2.2167754213622315
2016-08-01,LETHAL BARREL DISCHARGE,50.0,95.0,2.7400312266534397,1.3752311531353973,-1.3648000735180423
2016-09-01,LETHAL BARREL DISCHARGE,24.0,62.0,0.22321899526388425,0.2779247368299612,0.054705741566076965
2016-10-01,LETHAL BARREL DISCHARGE,30.0,57.0,0.8040218178922433,0.11166618890489512,-0.6923556289873481
2016-11-01,LETHAL BARREL DISCHARGE,19.0,31.0,-0.2607833569264149,-0.7528782603054486,-0.49209490337903367
2016-12-01,LETHAL BARREL DISCHARGE,12.0,56.0,-0.9383866499928337,0.0784144793198819,1.0168011293127157
2017-01-01,LETHAL BARREL DISCHARGE,15.0,55.0,-0.6479852386786542,0.04516276973486868,0.6931480084135229
2017-02-01,LETHAL BARREL DISCHARGE,22.0,42.0,0.029618054387764586,-0.3871094548703032,-0.4167275092580678
2017-03-01,LETHAL BARREL DISCHARGE,21.0,106.0,-0.06718241605029525,1.740999958570543,1.808182374620838
2017-04-01,LETHAL BARREL DISCHARGE,26.0,63.0,0.4168199361400039,0.31117644641497444,-0.10564348972502946
2017-05-01,LETHAL BARREL DISCHARGE,37.0,53.0,1.481625110958662,-0.021340649435157764,-1.5029657603938198
2017-06-01,LETHAL BARREL DISCHARGE,40.0,85.0,1.7720265222728415,1.0427140572852653,-0.7293124649875762
2017-07-01,LETHAL BARREL DISCHARGE,44.0,27.0,2.1592284040250806,-0.8858850986455015,-3.0451135026705822
2017-08-01,LETHAL BARREL DISCHARGE,50.0,35.0,2.7400312266534397,-0.6198714219653957,-3.3599026486188355
2017-09-01,LETHAL BARREL DISCHARGE,21.0,53.0,-0.06718241605029525,-0.021340649435157764,0.04584176661513749
2017-10-01,LETHAL BARREL DISCHARGE,23.0,34.0,0.1264185248258244,-0.6531231315504089,-0.7795416563762333
2017-11-01,LETHAL BARREL DISCHARGE,26.0,46.0,0.4168199361400039,-0.2541026165302503,-0.6709225526702542
2017-12-01,LETHAL BARREL DISCHARGE,27.0,37.0,0.5136204065780637,-0.5533680027953692,-1.066988409373433
2018-01-01,LETHAL BARREL DISCHARGE,34.0,23.0,1.1912236996444825,-1.0188919369855542,-2.2101156366300367
2018-02-01,LETHAL BARREL DISCHARGE,34.0,23.0,1.1912236996444825,-1.0188919369855542,-2.2101156366300367
2018-03-01,LETHAL BARREL DISCHARGE,40.0,82.0,1.7720265222728415,0.9429589285302256,-0.829067593742616
2018-04-01,LETHAL BARREL DISCHARGE,24.0,175.0,0.22321899526388425,4.035367919936455,3.8121489246725706
2018-05-01,LETHAL BARREL DISCHARGE,47.0,116.0,2.4496298153392604,2.073517054420675,-0.3761127609185855
2018-06-01,LETHAL BARREL DISCHARGE,36.0,53.0,1.3848246405206022,-0.021340649435157764,-1.40616528995576
2018-07-01,LETHAL BARREL DISCHARGE,43.0,62.0,2.062427933587021,0.2779247368299612,-1.78450319675706
2018-08-01,LETHAL BARREL DISCHARGE,33.0,66.0,1.0944232292064227,0.4109315751700141,-0.6834916540364085
2018-09-01,LETHAL BARREL DISCHARGE,26.0,100.0,0.4168199361400039,1.5414897010604636,1.1246697649204598
2018-10-01,LETHAL BARREL DISCHARGE,48.0,79.0,2.54643028577732,0.8432037997751859,-1.703226486002134
2018-11-01,LETHAL BARREL DISCHARGE,42.0,79.0,1.9656274631489612,0.8432037997751859,-1.1224236633737754
2018-12-01,LETHAL BARREL DISCHARGE,31.0,70.0,0.900822288330303,0.543938413510067,-0.356883874820236
2019-01-01,LETHAL BARREL DISCHARGE,21.0,45.0,-0.06718241605029525,-0.2873543261152635,-0.22017191006496828
2019-02-01,LETHAL BARREL DISCHARGE,19.0,69.0,-0.2607833569264149,0.5106867039250538,0.7714700608514686
2019-03-01,LETHAL BARREL DISCHARGE,23.0,102.0,0.1264185248258244,1.60799312023049,1.4815745954046655
2019-04-01,LETHAL BARREL DISCHARGE,25.0,107.0,0.32001946570194406,1.774251668155556,1.4542322024536118
2019-05-01,LETHAL BARREL DISCHARGE,17.0,42.0,-0.45438429780253453,-0.3871094548703032,0.06727484293223135
2019-06-01,LETHAL BARREL DISCHARGE,24.0,78.0,0.22321899526388425,0.8099520901901727,0.5867330949262884
2019-07-01,LETHAL BARREL DISCHARGE,25.0,101.0,0.32001946570194406,1.5747414106454767,1.2547219449435327
2019-08-01,LETHAL BARREL DISCHARGE,32.0,38.0,0.9976227587683628,-0.520116293210356,-1.5177390519787188
2019-09-01,LETHAL BARREL DISCHARGE,20.0,69.0,-0.16398288648835507,0.5106867039250538,0.6746695904134088
2019-10-01,LETHAL BARREL DISCHARGE,17.0,30.0,-0.45438429780253453,-0.7861299698904618,-0.33174567208792727
2019-11-01,LETHAL BARREL DISCHARGE,14.0,68.0,-0.744785709116714,0.4774349943400405,1.2222207034567545
2019-12-01,LETHAL BARREL DISCHARGE,33.0,84.0,1.0944232292064227,1.009462347700252,-0.08496088150617065
2020-01-01,LETHAL BARREL DISCHARGE,29.0,66.0,0.7072213474541834,0.4109315751700141,-0.2962897722841693
2020-02-01,LETHAL BARREL DISCHARGE,25.0,81.0,0.32001946570194406,0.9097072189452123,0.5896877532432683
2020-03-01,LETHAL BARREL DISCHARGE,22.0,39.0,0.029618054387764586,-0.48686458362534285,-0.5164826380131075
2020-04-01,LETHAL BARREL DISCHARGE,4.0,15.0,-1.7127904134973122,-1.28490561366566,0.4278847998316522
2020-05-01,LETHAL BARREL DISCHARGE,21.0,58.0,-0.06718241605029525,0.14491789848990833,0.21210031454020356
2020-06-01,LETHAL BARREL DISCHARGE,39.0,88.0,1.6752260518347817,1.142469186040305,-0.5327568657944768
2020-07-01,LETHAL BARREL DISCHARGE,45.0,76.0,2.2560288744631407,0.7434486710201462,-1.5125802034429945
2020-08-01,LETHAL BARREL DISCHARGE,33.0,48.0,1.0944232292064227,-0.18759919736022385,-1.2820224265666464
2020-09-01,LETHAL BARREL DISCHARGE,31.0,173.0,0.900822288330303,3.9688645007664287,3.0680422124361257
2020-10-01,LETHAL BARREL DISCHARGE,30.0,43.0,0.8040218178922433,-0.35385774528528996,-1.1578795631775332
2020-11-01,LETHAL BARREL DISCHARGE,21.0,46.0,-0.06718241605029525,-0.2541026165302503,-0.18692020047995506
2020-12-01,LETHAL BARREL DISCHARGE,9.0,27.0,-1.2287880613070132,-0.8858850986455015,0.34290296266151177
2021-01-01,LETHAL BARREL DISCHARGE,12.0,19.0,-0.9383866499928337,-1.1518987753256071,-0.21351212533277342
2021-02-01,LETHAL BARREL DISCHARGE,10.0,20.0,-1.1319875908689534,-1.118647065740594,0.01334052512835937
2021-03-01,LETHAL BARREL DISCHARGE,19.0,22.0,-0.2607833569264149,-1.0521436465705676,-0.7913602896441527
2021-04-01,LETHAL BARREL DISCHARGE,17.0,42.0,-0.45438429780253453,-0.3871094548703032,0.06727484293223135
2021-05-01,LETHAL BARREL DISCHARGE,19.0,109.0,-0.2607833569264149,1.8407550873255825,2.1015384442519975
2021-06-01,LETHAL BARREL DISCHARGE,28.0,96.0,0.6104208770161236,1.4084828627204107,0.7980619857042871
2021-07-01,LETHAL BARREL DISCHARGE,19.0,7.0,-0.2607833569264149,-1.5509192903457658,-1.290135933419351
2021-08-01,LETHAL BARREL DISCHARGE,29.0,35.0,0.7072213474541834,-0.6198714219653957,-1.327092769419579
2021-09-01,LETHAL BARREL DISCHARGE,18.0,21.0,-0.35758382736447475,-1.0853953561555807,-0.727811528791106
2021-10-01,LETHAL BARREL DISCHARGE,23.0,40.0,0.1264185248258244,-0.45361287404032963,-0.5800313988661541
2021-11-01,LETHAL BARREL DISCHARGE,11.0,38.0,-1.0351871204308936,-0.520116293210356,0.5150708272205375
2021-12-01,LETHAL BARREL DISCHARGE,17.0,30.0,-0.45438429780253453,-0.7861299698904618,-0.33174567208792727
2022-01-01,LETHAL BARREL DISCHARGE,7.0,24.0,-1.422389002183133,-0.9856402274005411,0.4367487747825918
2022-02-01,LETHAL BARREL DISCHARGE,13.0,22.0,-0.8415861795547739,-1.0521436465705676,-0.2105574670157937
2022-03-01,LETHAL BARREL DISCHARGE,12.0,18.0,-0.9383866499928337,-1.1851504849106205,-0.24676383491778675
2022-04-01,LETHAL BARREL DISCHARGE,10.0,26.0,-1.1319875908689534,-0.9191368082305147,0.2128507826384387
2022-05-01,LETHAL BARREL DISCHARGE,19.0,26.0,-0.2607833569264149,-0.9191368082305147,-0.6583534513040998
2022-06-01,LETHAL BARREL DISCHARGE,23.0,41.0,0.1264185248258244,-0.4203611644553164,-0.5467796892811408
2022-07-01,LETHAL BARREL DISCHARGE,28.0,42.0,0.6104208770161236,-0.3871094548703032,-0.9975303318864268
2022-08-01,LETHAL BARREL DISCHARGE,39.0,44.0,1.6752260518347817,-0.32060603570027674,-1.9958320875350584
2022-09-01,LETHAL BARREL DISCHARGE,22.0,83.0,0.029618054387764586,0.9762106381152388,0.9465925837274742
2022-10-01,LETHAL BARREL DISCHARGE,26.0,63.0,0.4168199361400039,0.31117644641497444,-0.10564348972502946
2022-11-01,LETHAL BARREL DISCHARGE,11.0,25.0,-1.0351871204308936,-0.9523885178155279,0.08279860261536565
2022-12-01,LETHAL BARREL DISCHARGE,19.0,16.0,-0.2607833569264149,-1.251653904080647,-0.9908705471542321
2023-01-01,LETHAL BARREL DISCHARGE,25.0,101.0,0.32001946570194406,1.5747414106454767,1.2547219449435327
2023-02-01,LETHAL BARREL DISCHARGE,17.0,33.0,-0.45438429780253453,-0.6863748411354221,-0.2319905433328876
2023-03-01,LETHAL BARREL DISCHARGE,14.0,44.0,-0.744785709116714,-0.32060603570027674,0.4241796734164373
2023-04-01,LETHAL BARREL DISCHARGE,17.0,77.0,-0.45438429780253453,0.7767003806051594,1.231084678407694
2023-05-01,LETHAL BARREL DISCHARGE,24.0,87.0,0.22321899526388425,1.1092174764552918,0.8859984811914076
2023-06-01,LETHAL BARREL DISCHARGE,14.0,61.0,-0.744785709116714,0.244673027244948,0.989458736361662
2023-07-01,LETHAL BARREL DISCHARGE,13.0,38.0,-0.8415861795547739,-0.520116293210356,0.32146988634441787
2023-08-01,LETHAL BARREL DISCHARGE,18.0,43.0,-0.35758382736447475,-0.35385774528528996,0.0037260820791847893
2023-09-01,LETHAL BARREL DISCHARGE,12.0,54.0,-0.9383866499928337,0.011911060149855457,0.9502977101426892
2023-10-01,LETHAL BARREL DISCHARGE,25.0,41.0,0.32001946570194406,-0.4203611644553164,-0.7403806301572604
2023-11-01,LETHAL BARREL DISCHARGE,12.0,35.0,-0.9383866499928337,-0.6198714219653957,0.31851522802743804
2023-12-01,LETHAL BARREL DISCHARGE,15.0,68.0,-0.6479852386786542,0.4774349943400405,1.1254202330186946
2024-01-01,LETHAL BARREL DISCHARGE,22.0,49.0,0.029618054387764586,-0.15434748777521065,-0.18396554216297523
2024-02-01,LETHAL BARREL DISCHARGE,5.0,27.0,-1.6159899430592526,-0.8858850986455015,0.7301048444137511
2024-03-01,LETHAL BARREL DISCHARGE,8.0,80.0,-1.325588531745073,0.8764555093601991,2.202044041105272
2024-04-01,LETHAL BARREL DISCHARGE,15.0,32.0,-0.6479852386786542,-0.7196265507204354,-0.07164131204178115
2024-05-01,LETHAL BARREL DISCHARGE,19.0,75.0,-0.2607833569264149,0.710196961435133,0.970980318361548
2024-06-01,LETHAL BARREL DISCHARGE,19.0,38.0,-0.2607833569264149,-0.520116293210356,-0.2593329362839411
2024-07-01,LETHAL BARREL DISCHARGE,12.0,59.0,-0.9383866499928337,0.17816960807492155,1.1165562580677553
2024-08-01,LETHAL BARREL DISCHARGE,17.0,31.0,-0.45438429780253453,-0.7528782603054486,-0.29849396250291405
2024-09-01,LETHAL BARREL DISCHARGE,18.0,57.0,-0.35758382736447475,0.11166618890489512,0.46925001626936985
2024-10-01,LETHAL BARREL DISCHARGE,14.0,123.0,-0.744785709116714,2.306279021515768,3.051064730632482
2024-11-01,LETHAL BARREL DISCHARGE,20.0,65.0,-0.16398288648835507,0.3776798655850009,0.5416627520733559
2024-12-01,LETHAL BARREL DISCHARGE,13.0,55.0,-0.8415861795547739,0.04516276973486868,0.8867489492896425
2025-01-01,LETHAL BARREL DISCHARGE,12.0,25.0,-0.9383866499928337,-0.9523885178155279,-0.014001867822694192
2025-02-01,LETHAL BARREL DISCHARGE,13.0,85.0,-0.8415861795547739,1.0427140572852653,1.8843002368400392
2025-03-01,LETHAL BARREL DISCHARGE,8.0,67.0,-1.325588531745073,0.44418328475502733,1.7697718165001004
2025-04-01,LETHAL BARREL DISCHARGE,7.0,35.0,-1.422389002183133,-0.6198714219653957,0.8025175802177372
2025-05-01,LETHAL BARREL DISCHARGE,15.0,14.0,-0.6479852386786542,-1.3181573232506734,-0.6701720845720192
2025-06-01,LETHAL BARREL DISCHARGE,22.0,3.0,0.029618054387764586,-1.6839261286858187,-1.7135441830735834
2025-07-01,LETHAL BARREL DISCHARGE,12.0,31.0,-0.9383866499928337,-0.7528782603054486,0.18550838968738514
2025-08-01,LETHAL BARREL DISCHARGE,11.0,47.0,-1.0351871204308936,-0.22085090694523707,0.8143362134856564
2025-09-01,LETHAL BARREL DISCHARGE,9.0,56.0,-1.2287880613070132,0.0784144793198819,1.3072025406268952
2025-10-01,LETHAL BARREL DISCHARGE,7.0,52.0,-1.422389002183133,-0.05459235902017098,1.367796643162962
2025-11-01,LETHAL BARREL DISCHARGE,6.0,15.0,-1.5191894726211927,-1.28490561366566,0.23428385895553272
2025-12-01,LETHAL BARREL DISCHARGE,9.0,52.0,-1.2287880613070132,-0.05459235902017098,1.1741957022868423
2026-01-01,LETHAL BARREL DISCHARGE,12.0,30.0,-0.9383866499928337,-0.7861299698904618,0.15225668010237192
2026-02-01,LETHAL BARREL DISCHARGE,3.0,20.0,-1.809590883935372,-1.118647065740594,0.690943818194778
2015-01-01,MISCELLANEOUS,2524.0,0.0,-0.7714457277385773,-0.43256281844410943,0.3388829092944679
2015-02-01,MISCELLANEOUS,2277.0,0.0,-0.9254343214959512,-0.43256281844410943,0.49287150305184174
2015-03-01,MISCELLANEOUS,2599.0,0.0,-0.7246880575693342,-0.43256281844410943,0.29212523912522476
2015-04-01,MISCELLANEOUS,2581.0,0.0,-0.7359098984099526,-0.43256281844410943,0.30334707996584315
2015-05-01,MISCELLANEOUS,2829.0,0.0,-0.5812978690503221,-0.43256281844410943,0.14873505060621267
2015-06-01,MISCELLANEOUS,2139.0,0.0,-1.0114684346073584,-0.43256281844410943,0.5789056161632489
2015-07-01,MISCELLANEOUS,2077.0,1.0,-1.050121441947266,0.5023310149673529,1.5524524569146188
2015-08-01,MISCELLANEOUS,1997.0,1.0,-1.099996290127792,0.5023310149673529,1.602327305095145
2015-09-01,MISCELLANEOUS,2039.0,0.0,-1.0738119948330158,-0.43256281844410943,0.6412491763889063
2015-10-01,MISCELLANEOUS,2149.0,1.0,-1.0052340785847926,0.5023310149673529,1.5075650935521456
2015-11-01,MISCELLANEOUS,2321.0,0.0,-0.8980031549966618,-0.43256281844410943,0.4654403365525524
2015-12-01,MISCELLANEOUS,2518.0,0.0,-0.7751863413521167,-0.43256281844410943,0.3426235229080073
2016-01-01,MISCELLANEOUS,2285.0,0.0,-0.9204468366778985,-0.43256281844410943,0.4878840182337891
2016-02-01,MISCELLANEOUS,2046.0,0.0,-1.06944794561722,-0.43256281844410943,0.6368851271731104
2016-03-01,MISCELLANEOUS,2113.0,0.0,-1.0276777602660294,-0.43256281844410943,0.5951149418219199
2016-04-01,MISCELLANEOUS,1891.0,0.0,-1.1660804639669888,-0.43256281844410943,0.7335176455228793
2016-05-01,MISCELLANEOUS,2185.0,0.0,-0.982790396903556,-0.43256281844410943,0.5502275784594466
2016-06-01,MISCELLANEOUS,2404.0,0.0,-0.8462580000093662,-0.43256281844410943,0.4136951815652568
2016-07-01,MISCELLANEOUS,2364.0,0.0,-0.8711954240996291,-0.43256281844410943,0.4386326056555197
2016-08-01,MISCELLANEOUS,2290.0,0.0,-0.9173296586666156,-0.43256281844410943,0.4847668402225062
2016-09-01,MISCELLANEOUS,2240.0,0.0,-0.9485014387794444,-0.43256281844410943,0.5159386203353349
2016-10-01,MISCELLANEOUS,2280.0,1.0,-0.9235640146891814,0.5023310149673529,1.4258950296565343
2016-11-01,MISCELLANEOUS,2675.0,0.0,-0.6773069517978345,-0.43256281844410943,0.24474413335372508
2016-12-01,MISCELLANEOUS,3093.0,0.0,-0.4167108700545865,-0.43256281844410943,-0.01585194838952292
2017-01-01,MISCELLANEOUS,2607.0,0.0,-0.7197005727512816,-0.43256281844410943,0.2871377543071722
2017-02-01,MISCELLANEOUS,2699.0,0.0,-0.6623444973436767,-0.43256281844410943,0.2297816788995673
2017-03-01,MISCELLANEOUS,3633.0,0.0,-0.08005564483603639,-0.43256281844410943,-0.35250717360807304
2017-04-01,MISCELLANEOUS,3272.0,0.0,-0.30511589725065974,-0.43256281844410943,-0.1274469211934497
2017-05-01,MISCELLANEOUS,3386.0,1.0,-0.23404423859341025,0.5023310149673529,0.7363752535607632
2017-06-01,MISCELLANEOUS,3217.0,0.0,-0.3394048553747713,-0.43256281844410943,-0.09315796306933816
2017-07-01,MISCELLANEOUS,3539.0,0.0,-0.13865859144815437,-0.43256281844410943,-0.2939042269959551
2017-08-01,MISCELLANEOUS,3289.0,1.0,-0.29451749201229793,0.5023310149673529,0.7968485069796508
2017-09-01,MISCELLANEOUS,3074.0,0.0,-0.42855614649746143,-0.43256281844410943,-0.004006671946647999
2017-10-01,MISCELLANEOUS,3442.0,0.0,-0.19913184486704208,-0.43256281844410943,-0.23343097357706735
2017-11-01,MISCELLANEOUS,3784.0,0.0,0.014083131104706326,-0.43256281844410943,-0.44664594954881576
2017-12-01,MISCELLANEOUS,3349.0,0.0,-0.2571113558769035,-0.43256281844410943,-0.17545146256720595
2018-01-01,MISCELLANEOUS,3025.0,0.0,-0.4591044910080336,-0.43256281844410943,0.026541672563924146
2018-02-01,MISCELLANEOUS,2491.0,0.0,-0.7920191026130442,-0.43256281844410943,0.35945628416893477
2018-03-01,MISCELLANEOUS,2757.0,0.0,-0.6261852324127954,-0.43256281844410943,0.193622413968686
2018-04-01,MISCELLANEOUS,2610.0,0.0,-0.7178302659445119,-0.43256281844410943,0.2852674475004025
2018-05-01,MISCELLANEOUS,2273.0,1.0,-0.9279280639049774,0.5023310149673529,1.4302590788723304
2018-06-01,MISCELLANEOUS,2806.0,0.0,-0.5956368879022234,-0.43256281844410943,0.16307406945811392
2018-07-01,MISCELLANEOUS,2631.0,0.0,-0.7047381182971239,-0.43256281844410943,0.2721752998530144
2018-08-01,MISCELLANEOUS,2427.0,0.0,-0.831918981157465,-0.43256281844410943,0.39935616271335556
2018-09-01,MISCELLANEOUS,2211.0,0.0,-0.966581071244885,-0.43256281844410943,0.5340182528007755
2018-10-01,MISCELLANEOUS,2729.0,0.0,-0.6436414292759796,-0.43256281844410943,0.21107861083187013
2018-11-01,MISCELLANEOUS,3125.0,0.0,-0.3967609307823761,-0.43256281844410943,-0.03580188766173331
2018-12-01,MISCELLANEOUS,3148.0,1.0,-0.3824219119304749,0.5023310149673529,0.8847529268978278
2019-01-01,MISCELLANEOUS,2815.0,0.0,-0.5900259674819142,-0.43256281844410943,0.15746314903780473
2019-02-01,MISCELLANEOUS,3250.0,0.0,-0.31883148050030435,-0.43256281844410943,-0.11373133794380508
2019-03-01,MISCELLANEOUS,3599.0,0.0,-0.10125245531275992,-0.43256281844410943,-0.33131036313134954
2019-04-01,MISCELLANEOUS,3586.0,0.0,-0.10935711814209538,-0.43256281844410943,-0.32320570030201407
2019-05-01,MISCELLANEOUS,3237.0,0.0,-0.32693614332963983,-0.43256281844410943,-0.1056266751144696
2019-06-01,MISCELLANEOUS,3096.0,0.0,-0.41484056324781676,-0.43256281844410943,-0.01772225519629267
2019-07-01,MISCELLANEOUS,3392.0,0.0,-0.2303036249798708,-0.43256281844410943,-0.20225919346423862
2019-08-01,MISCELLANEOUS,3198.0,0.0,-0.3512501318176462,-0.43256281844410943,-0.08131268662646324
2019-09-01,MISCELLANEOUS,3340.0,0.0,-0.2627222762972127,-0.43256281844410943,-0.16984054214689676
2019-10-01,MISCELLANEOUS,4347.0,0.0,0.36507737517515765,-0.43256281844410943,-0.7976401936192671
2019-11-01,MISCELLANEOUS,4180.0,0.0,0.26096362959830977,-0.43256281844410943,-0.6935264480424193
2019-12-01,MISCELLANEOUS,3685.0,2.0,-0.04763699351869453,1.4372248483788153,1.4848618418975097
2020-01-01,MISCELLANEOUS,3597.0,0.0,-0.10249932651727307,-0.43256281844410943,-0.33006349192683637
2020-02-01,MISCELLANEOUS,3883.0,1.0,0.07580325572810719,0.5023310149673529,0.4265277592392457
2020-03-01,MISCELLANEOUS,3071.0,1.0,-0.4304264533042311,0.5023310149673529,0.932757468271584
2020-04-01,MISCELLANEOUS,686.0,0.0,-1.9173203646861607,-0.43256281844410943,1.4847575462420513
2020-05-01,MISCELLANEOUS,810.0,0.0,-1.8400143500063457,-0.43256281844410943,1.4074515315622362
2020-06-01,MISCELLANEOUS,1076.0,0.0,-1.6741804798060969,-0.43256281844410943,1.2416176613619874
2020-07-01,MISCELLANEOUS,1838.0,0.0,-1.1991225508865873,-0.43256281844410943,0.7665597324424778
2020-08-01,MISCELLANEOUS,2433.0,0.0,-0.8281783675439256,-0.43256281844410943,0.39561554909981617
2020-09-01,MISCELLANEOUS,2653.0,0.0,-0.6910225350474792,-0.43256281844410943,0.2584597166033698
2020-10-01,MISCELLANEOUS,3413.0,0.0,-0.21721147733248275,-0.43256281844410943,-0.21535134111162668
2020-11-01,MISCELLANEOUS,2636.0,0.0,-0.701620940285841,-0.43256281844410943,0.26905812184173156
2020-12-01,MISCELLANEOUS,3050.0,0.0,-0.4435186009516192,-0.43256281844410943,0.010955782507509781
2021-01-01,MISCELLANEOUS,1744.0,0.0,-1.2577254974987053,-0.43256281844410943,0.8251626790545958
2021-02-01,MISCELLANEOUS,1522.0,0.0,-1.3961282011996647,-0.43256281844410943,0.9635653827555553
2021-03-01,MISCELLANEOUS,2007.0,0.0,-1.0937619341052263,-0.43256281844410943,0.6611991156611168
2021-04-01,MISCELLANEOUS,2463.0,0.0,-0.8094752994762283,-0.43256281844410943,0.3769124810321189
2021-05-01,MISCELLANEOUS,2921.0,0.0,-0.5239417936427173,-0.43256281844410943,0.09137897519860788
2021-06-01,MISCELLANEOUS,2578.0,0.0,-0.7377802052167223,-0.43256281844410943,0.30521738677261284
2021-07-01,MISCELLANEOUS,2773.0,0.0,-0.6162102627766903,-0.43256281844410943,0.1836474443325809
2021-08-01,MISCELLANEOUS,2803.0,0.0,-0.597507194708993,-0.43256281844410943,0.16494437626488362
2021-09-01,MISCELLANEOUS,3120.0,0.0,-0.399878108793659,-0.43256281844410943,-0.03268470965045045
2021-10-01,MISCELLANEOUS,4110.0,0.0,0.21732313744034953,-0.43256281844410943,-0.649885955884459
2021-11-01,MISCELLANEOUS,4236.0,0.0,0.2958760233246779,-0.43256281844410943,-0.7284388417687873
2021-12-01,MISCELLANEOUS,3784.0,0.0,0.014083131104706326,-0.43256281844410943,-0.44664594954881576
2022-01-01,MISCELLANEOUS,3639.0,0.0,-0.07631503122249694,-0.43256281844410943,-0.3562477872216125
2022-02-01,MISCELLANEOUS,3689.0,0.0,-0.045143251109668235,-0.43256281844410943,-0.3874195673344412
2022-03-01,MISCELLANEOUS,4311.0,1.0,0.342633693493921,0.5023310149673529,0.1596973214734319
2022-04-01,MISCELLANEOUS,3844.0,0.0,0.051489267240100785,-0.43256281844410943,-0.4840520856842102
2022-05-01,MISCELLANEOUS,4042.0,0.0,0.1749295164869025,-0.43256281844410943,-0.607492334931012
2022-06-01,MISCELLANEOUS,3726.0,0.0,-0.022076133826174984,-0.43256281844410943,-0.41048668461793447
2022-07-01,MISCELLANEOUS,3881.0,0.0,0.07455638452359403,-0.43256281844410943,-0.5071192029677034
2022-08-01,MISCELLANEOUS,3147.0,0.0,-0.3830453475327315,-0.43256281844410943,-0.049517470911377925
2022-09-01,MISCELLANEOUS,2909.0,0.0,-0.5314230208697962,-0.43256281844410943,0.09886020242568677
2022-10-01,MISCELLANEOUS,4818.0,3.0,0.6587155438380041,2.372118681790277,1.713403137952273
2022-11-01,MISCELLANEOUS,4821.0,0.0,0.6605858506447738,-0.43256281844410943,-1.0931486690888832
2022-12-01,MISCELLANEOUS,5061.0,1.0,0.8102103951863517,0.5023310149673529,-0.30787938021899885
2023-01-01,MISCELLANEOUS,4968.0,0.0,0.7522308841764903,-0.43256281844410943,-1.1847937026205997
2023-02-01,MISCELLANEOUS,5241.0,1.0,0.9224288035925351,0.5023310149673529,-0.4200977886251822
2023-03-01,MISCELLANEOUS,4906.0,0.0,0.7135778768365827,-0.43256281844410943,-1.146140695280692
2023-04-01,MISCELLANEOUS,5147.0,1.0,0.8638258569804171,0.5023310149673529,-0.36149484201306425
2023-05-01,MISCELLANEOUS,5104.0,1.0,0.8370181260833844,0.5023310149673529,-0.33468711111603155
2023-06-01,MISCELLANEOUS,4695.0,0.0,0.5820329647604455,-0.43256281844410943,-1.014595783204555
2023-07-01,MISCELLANEOUS,4537.0,0.0,0.4835301396039068,-0.43256281844410943,-0.9160929580480162
2023-08-01,MISCELLANEOUS,4424.0,1.0,0.41308191654891385,0.5023310149673529,0.08924909841843903
2023-09-01,MISCELLANEOUS,4627.0,0.0,0.5396393438069984,-0.43256281844410943,-0.9722021622511079
2023-10-01,MISCELLANEOUS,5448.0,0.0,1.051479973259646,-0.43256281844410943,-1.4840427917037555
2023-11-01,MISCELLANEOUS,7689.0,0.0,2.448599157916629,-0.43256281844410943,-2.881161976360738
2023-12-01,MISCELLANEOUS,7485.0,1.0,2.321418295056288,0.5023310149673529,-1.8190872800889348
2024-01-01,MISCELLANEOUS,6539.0,0.0,1.7316482153215684,-0.43256281844410943,-2.1642110337656777
2024-02-01,MISCELLANEOUS,7061.0,0.0,2.0570815996995004,-0.43256281844410943,-2.4896444181436097
2024-03-01,MISCELLANEOUS,7330.0,0.0,2.224785776706519,-0.43256281844410943,-2.657348595150628
2024-04-01,MISCELLANEOUS,6703.0,2.0,1.8338916540916468,1.4372248483788153,-0.3966668057128315
2024-05-01,MISCELLANEOUS,5769.0,1.0,1.2516028015840064,0.5023310149673529,-0.7492717866166535
2024-06-01,MISCELLANEOUS,5755.0,2.0,1.2428747031524143,1.4372248483788153,0.19435014522640093
2024-07-01,MISCELLANEOUS,5472.0,0.0,1.0664424277138038,-0.43256281844410943,-1.4990052461579133
2024-08-01,MISCELLANEOUS,5429.0,0.0,1.0396346968167711,-0.43256281844410943,-1.4721975152608806
2024-09-01,MISCELLANEOUS,5337.0,0.0,0.9822786214091662,-0.43256281844410943,-1.4148414398532756
2024-10-01,MISCELLANEOUS,7140.0,2.0,2.1063330122777697,1.4372248483788153,-0.6691081638989544
2024-11-01,MISCELLANEOUS,8554.0,2.0,2.9878709538685655,1.4372248483788153,-1.5506461054897502
2024-12-01,MISCELLANEOUS,7912.0,2.0,2.587625297219845,1.4372248483788153,-1.1504004488410295
2025-01-01,MISCELLANEOUS,6348.0,2.0,1.6125720152905627,1.4372248483788153,-0.17534716691174745
2025-02-01,MISCELLANEOUS,6656.0,7.0,1.8045901807855877,6.111694015436126,4.307103834650539
2025-03-01,MISCELLANEOUS,6885.0,0.0,1.9473569337023433,-0.43256281844410943,-2.379919752146453
2025-04-01,MISCELLANEOUS,6304.0,0.0,1.5851408487912735,-0.43256281844410943,-2.017703667235383
2025-05-01,MISCELLANEOUS,5849.0,1.0,1.3014776497645322,0.5023310149673529,-0.7991466347971793
2025-06-01,MISCELLANEOUS,5736.0,1.0,1.2310294267095394,0.5023310149673529,-0.7286984117421865
2025-07-01,MISCELLANEOUS,5404.0,2.0,1.0240488067603566,1.4372248483788153,0.41317604161845867
2025-08-01,MISCELLANEOUS,5006.0,3.0,0.7759214370622401,2.372118681790277,1.596197244728037
2025-09-01,MISCELLANEOUS,4746.0,0.0,0.6138281804755308,-0.43256281844410943,-1.0463909989196403
2025-10-01,MISCELLANEOUS,5165.0,6.0,0.8750476978210354,5.176800182024664,4.301752484203629
2025-11-01,MISCELLANEOUS,6389.0,1.0,1.6381328749830824,0.5023310149673529,-1.1358018600157296
2025-12-01,MISCELLANEOUS,5980.0,0.0,1.3831477136601436,-0.43256281844410943,-1.815710532104253
2026-01-01,MISCELLANEOUS,4929.0,5.0,0.727916895688484,4.241906348613202,3.5139894529247178
2026-02-01,MISCELLANEOUS,5100.0,1.0,0.8345243836743581,0.5023310149673529,-0.3321933687070052
2020-08-01,MISCELLANEOUS CRIMES AGAINST SOCIETY,889.0,1.0,-0.45666925570179606,-0.3734780144676596,0.08319124123413646
2020-09-01,MISCELLANEOUS CRIMES AGAINST SOCIETY,1069.0,1.0,1.1286592485479616,-0.3734780144676596,-1.5021372630156211
2020-10-01,MISCELLANEOUS CRIMES AGAINST SOCIETY,925.0,4.0,-0.1396035548518445,1.2584585270105924,1.3980620818624367
2020-11-01,MISCELLANEOUS CRIMES AGAINST SOCIETY,1060.0,3.0,1.049392823335474,0.714479679851175,-0.3349131434842989
2020-12-01,MISCELLANEOUS CRIMES AGAINST SOCIETY,860.0,1.0,-0.7120832924975904,-0.3734780144676596,0.3386052780299308
2021-01-01,MISCELLANEOUS CRIMES AGAINST SOCIETY,850.0,1.0,-0.8001570982892436,-0.3734780144676596,0.42667908382158404
2021-02-01,MISCELLANEOUS CRIMES AGAINST SOCIETY,841.0,2.0,-0.8794235235017315,0.17050083269175767,1.0499243561934892
2021-03-01,MISCELLANEOUS CRIMES AGAINST SOCIETY,997.0,3.0,0.4945278468480586,0.714479679851175,0.21995183300311638
2021-04-01,MISCELLANEOUS CRIMES AGAINST SOCIETY,979.0,0.0,0.33599499642308284,-0.917456861627077,-1.25345185805016
2021-05-01,MISCELLANEOUS CRIMES AGAINST SOCIETY,1035.0,1.0,0.8292083088563408,-0.3734780144676596,-1.2026863233240004
2021-06-01,MISCELLANEOUS CRIMES AGAINST SOCIETY,879.0,1.0,-0.5447430614934493,-0.3734780144676596,0.1712650470257897
2021-07-01,MISCELLANEOUS CRIMES AGAINST SOCIETY,956.0,5.0,0.13342524310228043,1.8024373741700097,1.6690121310677293
2021-08-01,MISCELLANEOUS CRIMES AGAINST SOCIETY,837.0,0.0,-0.9146530458183928,-0.917456861627077,-0.0028038158086841625
2021-09-01,MISCELLANEOUS CRIMES AGAINST SOCIETY,925.0,1.0,-0.1396035548518445,-0.3734780144676596,-0.2338744596158151
2021-10-01,MISCELLANEOUS CRIMES AGAINST SOCIETY,1025.0,3.0,0.7411345030646876,0.714479679851175,-0.026654823213512646
2021-11-01,MISCELLANEOUS CRIMES AGAINST SOCIETY,963.0,3.0,0.1950769071564377,0.714479679851175,0.5194027726947373
2021-12-01,MISCELLANEOUS CRIMES AGAINST SOCIETY,862.0,1.0,-0.6944685313392598,-0.3734780144676596,0.3209905168716002
2022-01-01,MISCELLANEOUS CRIMES AGAINST SOCIETY,933.0,2.0,-0.06914451021852194,0.17050083269175767,0.2396453429102796
2022-02-01,MISCELLANEOUS CRIMES AGAINST SOCIETY,926.0,1.0,-0.1307961742726792,-0.3734780144676596,-0.2426818401949804
2022-03-01,MISCELLANEOUS CRIMES AGAINST SOCIETY,1122.0,1.0,1.5954504192437238,-0.3734780144676596,-1.9689284337113833
2022-04-01,MISCELLANEOUS CRIMES AGAINST SOCIETY,896.0,1.0,-0.39501759164763883,-0.3734780144676596,0.02153957717997923
2022-05-01,MISCELLANEOUS CRIMES AGAINST SOCIETY,1067.0,4.0,1.111044487389631,1.2584585270105924,0.14741403962096133
2022-06-01,MISCELLANEOUS CRIMES AGAINST SOCIETY,1009.0,1.0,0.6002164137980425,-0.3734780144676596,-0.9736944282657021
2022-07-01,MISCELLANEOUS CRIMES AGAINST SOCIETY,1069.0,5.0,1.1286592485479616,1.8024373741700097,0.6737781256220481
2022-08-01,MISCELLANEOUS CRIMES AGAINST SOCIETY,1062.0,5.0,1.0670075844938045,1.8024373741700097,0.7354297896762052
2022-09-01,MISCELLANEOUS CRIMES AGAINST SOCIETY,918.0,0.0,-0.20125521890600176,-0.917456861627077,-0.7162016427210752
2022-10-01,MISCELLANEOUS CRIMES AGAINST SOCIETY,1016.0,3.0,0.6618680778521997,0.714479679851175,0.0526116019989753
2022-11-01,MISCELLANEOUS CRIMES AGAINST SOCIETY,968.0,0.0,0.2391138100522643,-0.917456861627077,-1.1565706716793414
2022-12-01,MISCELLANEOUS CRIMES AGAINST SOCIETY,817.0,4.0,-1.0908006574016993,1.2584585270105924,2.3492591844122916
2023-01-01,MISCELLANEOUS CRIMES AGAINST SOCIETY,1008.0,1.0,0.5914090332188772,-0.3734780144676596,-0.9648870476865368
2023-02-01,MISCELLANEOUS CRIMES AGAINST SOCIETY,934.0,1.0,-0.06033712963935662,-0.3734780144676596,-0.313140884828303
2023-03-01,MISCELLANEOUS CRIMES AGAINST SOCIETY,1031.0,1.0,0.7939787865396796,-0.3734780144676596,-1.1674568010073392
2023-04-01,MISCELLANEOUS CRIMES AGAINST SOCIETY,875.0,1.0,-0.5799725838101105,-0.3734780144676596,0.20649456934245092
2023-05-01,MISCELLANEOUS CRIMES AGAINST SOCIETY,869.0,3.0,-0.6328168672851024,0.714479679851175,1.3472965471362774
2023-06-01,MISCELLANEOUS CRIMES AGAINST SOCIETY,858.0,6.0,-0.729698053655921,2.346416221329427,3.076114274985348
2023-07-01,MISCELLANEOUS CRIMES AGAINST SOCIETY,817.0,0.0,-1.0908006574016993,-0.917456861627077,0.17334379577462233
2023-08-01,MISCELLANEOUS CRIMES AGAINST SOCIETY,836.0,0.0,-0.9234604263975581,-0.917456861627077,0.00600356477048114
2023-09-01,MISCELLANEOUS CRIMES AGAINST SOCIETY,844.0,2.0,-0.8530013817642356,0.17050083269175767,1.0235022144559933
2023-10-01,MISCELLANEOUS CRIMES AGAINST SOCIETY,785.0,0.0,-1.3726368359349894,-0.917456861627077,0.45517997430791246
2023-11-01,MISCELLANEOUS CRIMES AGAINST SOCIETY,776.0,9.0,-1.4519032611474774,3.978352762807679,5.430256023955156
2023-12-01,MISCELLANEOUS CRIMES AGAINST SOCIETY,656.0,0.0,-2.5087889306473157,-0.917456861627077,1.5913320690202388
2024-01-01,MISCELLANEOUS CRIMES AGAINST SOCIETY,786.0,1.0,-1.3638294553558241,-0.3734780144676596,0.9903514408881645
2024-02-01,MISCELLANEOUS CRIMES AGAINST SOCIETY,703.0,1.0,-2.094842043426546,-0.3734780144676596,1.7213640289588863
2024-03-01,MISCELLANEOUS CRIMES AGAINST SOCIETY,723.0,0.0,-1.9186944318432393,-0.917456861627077,1.0012375702161624
2024-04-01,MISCELLANEOUS CRIMES AGAINST SOCIETY,740.0,1.0,-1.768968961997429,-0.3734780144676596,1.3954909475297694
2024-05-01,MISCELLANEOUS CRIMES AGAINST SOCIETY,784.0,0.0,-1.3814442165141547,-0.917456861627077,0.46398735488707776
2024-06-01,MISCELLANEOUS CRIMES AGAINST SOCIETY,844.0,0.0,-0.8530013817642356,-0.917456861627077,-0.06445547986284139
2024-07-01,MISCELLANEOUS CRIMES AGAINST SOCIETY,854.0,0.0,-0.7649275759725823,-0.917456861627077,-0.15252928565449464
2024-08-01,MISCELLANEOUS CRIMES AGAINST SOCIETY,919.0,1.0,-0.19244783832683643,-0.3734780144676596,-0.18103017614082317
2024-09-01,MISCELLANEOUS CRIMES AGAINST SOCIETY,993.0,0.0,0.45929832453139735,-0.917456861627077,-1.3767551861584744
2024-10-01,MISCELLANEOUS CRIMES AGAINST SOCIETY,1053.0,0.0,0.9877411592813166,-0.917456861627077,-1.9051980209083936
2024-11-01,MISCELLANEOUS CRIMES AGAINST SOCIETY,1002.0,1.0,0.5385647497438852,-0.3734780144676596,-0.9120427642115448
2024-12-01,MISCELLANEOUS CRIMES AGAINST SOCIETY,938.0,5.0,-0.025107607322695333,1.8024373741700097,1.827544981492705
2025-01-01,MISCELLANEOUS CRIMES AGAINST SOCIETY,1028.0,0.0,0.7675566448021836,-0.917456861627077,-1.6850135064292604
2025-02-01,MISCELLANEOUS CRIMES AGAINST SOCIETY,888.0,0.0,-0.46547663628096136,-0.917456861627077,-0.4519802253461156
2025-03-01,MISCELLANEOUS CRIMES AGAINST SOCIETY,1083.0,1.0,1.2519625766562763,-0.3734780144676596,-1.6254405911239358
2025-04-01,MISCELLANEOUS CRIMES AGAINST SOCIETY,1056.0,1.0,1.0141633010188125,-0.3734780144676596,-1.387641315486472
2025-05-01,MISCELLANEOUS CRIMES AGAINST SOCIETY,1082.0,0.0,1.243155196077111,-0.917456861627077,-2.160612057704188
2025-06-01,MISCELLANEOUS CRIMES AGAINST SOCIETY,1108.0,1.0,1.4721470911354093,-0.3734780144676596,-1.845625105603069
2025-07-01,MISCELLANEOUS CRIMES AGAINST SOCIETY,1168.0,2.0,2.0005899258853286,0.17050083269175767,-1.830089093193571
2025-08-01,MISCELLANEOUS CRIMES AGAINST SOCIETY,1098.0,0.0,1.384073285343756,-0.917456861627077,-2.301530146970833
2025-09-01,MISCELLANEOUS CRIMES AGAINST SOCIETY,969.0,0.0,0.24792119063142962,-0.917456861627077,-1.1653780522585067
2025-10-01,MISCELLANEOUS CRIMES AGAINST SOCIETY,1071.0,5.0,1.1462740097062925,1.8024373741700097,0.6561633644637173
2025-11-01,MISCELLANEOUS CRIMES AGAINST SOCIETY,999.0,3.0,0.5121426080063892,0.714479679851175,0.20233707184478578
2025-12-01,MISCELLANEOUS CRIMES AGAINST SOCIETY,955.0,4.0,0.12461786252311513,1.2584585270105924,1.1338406644874772
2026-01-01,MISCELLANEOUS CRIMES AGAINST SOCIETY,1041.0,2.0,0.8820525923313327,0.17050083269175767,-0.7115517596395751
2026-02-01,MISCELLANEOUS CRIMES AGAINST SOCIETY,1108.0,2.0,1.4721470911354093,0.17050083269175767,-1.3016462584436517
2020-08-01,POSSESSION OF WEAPONS,543.0,42.0,0.47504885894078586,0.16056783477784162,-0.3144810241629442
2020-09-01,POSSESSION OF WEAPONS,586.0,48.0,1.1812489428460524,0.5824519496843271,-0.5987969931617253
2020-10-01,POSSESSION OF WEAPONS,589.0,32.0,1.2305187161417686,-0.5425723567329677,-1.7730910728747362
2020-11-01,POSSESSION OF WEAPONS,595.0,24.0,1.329058262733201,-1.105084509941615,-2.434142772674816
2020-12-01,POSSESSION OF WEAPONS,470.0,39.0,-0.7238489579216432,-0.050374222675401155,0.673474735246242
2021-01-01,POSSESSION OF WEAPONS,444.0,29.0,-1.150853659817851,-0.7535144141862103,0.3973392456316406
2021-02-01,POSSESSION OF WEAPONS,458.0,19.0,-0.9209280511045083,-1.4566546056970195,-0.5357265545925113
2021-03-01,POSSESSION OF WEAPONS,501.0,29.0,-0.2147279671992418,-0.7535144141862103,-0.5387864469869685
2021-04-01,POSSESSION OF WEAPONS,484.0,66.0,-0.49392334920830067,1.8481042944037838,2.3420276436120844
2021-05-01,POSSESSION OF WEAPONS,502.0,38.0,-0.19830470943400305,-0.12068824182648208,0.07761646760752097
2021-06-01,POSSESSION OF WEAPONS,511.0,29.0,-0.050495389546854265,-0.7535144141862103,-0.7030190246393561
2021-07-01,POSSESSION OF WEAPONS,529.0,31.0,0.24512325022744333,-0.6128863758840485,-0.8580096261114918
2021-08-01,POSSESSION OF WEAPONS,495.0,38.0,-0.31326751379067436,-0.12068824182648208,0.19257927196419228
2021-09-01,POSSESSION OF WEAPONS,475.0,31.0,-0.6417326690954495,-0.6128863758840485,0.028846293211400975
2021-10-01,POSSESSION OF WEAPONS,560.0,29.0,0.7542442409498447,-0.7535144141862103,-1.5077586551360551
2021-11-01,POSSESSION OF WEAPONS,535.0,40.0,0.34366279681887585,0.01993979647567977,-0.32372300034319607
2021-12-01,POSSESSION OF WEAPONS,496.0,16.0,-0.29684425602543557,-1.6675966631502623,-1.3707524071248267
2022-01-01,POSSESSION OF WEAPONS,560.0,26.0,0.7542442409498447,-0.9644564716394531,-1.718700712589298
2022-02-01,POSSESSION OF WEAPONS,527.0,45.0,0.2122767346969658,0.3715098922310844,0.15923315753411857
2022-03-01,POSSESSION OF WEAPONS,569.0,40.0,0.9020535608369935,0.01993979647567977,-0.8821137643613137
2022-04-01,POSSESSION OF WEAPONS,537.0,37.0,0.37650931234935336,-0.191002260977563,-0.5675115733269164
2022-05-01,POSSESSION OF WEAPONS,541.0,39.0,0.4422023434103084,-0.050374222675401155,-0.49257656608570954
2022-06-01,POSSESSION OF WEAPONS,557.0,28.0,0.7049744676541284,-0.8238284333372913,-1.5288029009914197
2022-07-01,POSSESSION OF WEAPONS,520.0,24.0,0.09731393034029452,-1.105084509941615,-1.2023984402819095
2022-08-01,POSSESSION OF WEAPONS,565.0,34.0,0.8363605297760385,-0.40194431843080575,-1.2383048482068442
2022-09-01,POSSESSION OF WEAPONS,521.0,50.0,0.11373718810553328,0.723079987986489,0.6093427998809557
2022-10-01,POSSESSION OF WEAPONS,541.0,28.0,0.4422023434103084,-0.8238284333372913,-1.2660307767475998
2022-11-01,POSSESSION OF WEAPONS,493.0,25.0,-0.3461140293211519,-1.034770490790534,-0.6886564614693821
2022-12-01,POSSESSION OF WEAPONS,377.0,15.0,-2.2512119300888473,-1.7379106823013433,0.5133012477875041
2023-01-01,POSSESSION OF WEAPONS,580.0,39.0,1.0827093962546197,-0.050374222675401155,-1.1330836189300209
2023-02-01,POSSESSION OF WEAPONS,474.0,30.0,-0.6581559268606881,-0.6832003950351294,-0.02504446817444128
2023-03-01,POSSESSION OF WEAPONS,563.0,43.0,0.803514014245561,0.23088185392892255,-0.5726321603166384
2023-04-01,POSSESSION OF WEAPONS,534.0,41.0,0.3272395390536371,0.09025381562676069,-0.23698572342687643
2023-05-01,POSSESSION OF WEAPONS,522.0,69.0,0.13016044587077202,2.0590463518570266,1.9288859059862546
2023-06-01,POSSESSION OF WEAPONS,614.0,50.0,1.6411001602727375,0.723079987986489,-0.9180201722862485
2023-07-01,POSSESSION OF WEAPONS,638.0,53.0,2.0352583466384675,0.9340220454397318,-1.1012363011987358
2023-08-01,POSSESSION OF WEAPONS,595.0,23.0,1.329058262733201,-1.1753985290926958,-2.5044567918258966
2023-09-01,POSSESSION OF WEAPONS,507.0,93.0,-0.11618842060780929,3.7465828114829685,3.8627712320907777
2023-10-01,POSSESSION OF WEAPONS,454.0,63.0,-0.9866210821654633,1.637162236950541,2.6237833191160043
2023-11-01,POSSESSION OF WEAPONS,424.0,35.0,-1.479318815122626,-0.3316302992797248,1.147688515842901
2023-12-01,POSSESSION OF WEAPONS,452.0,43.0,-1.0194675976959409,0.23088185392892255,1.2503494516248634
2024-01-01,POSSESSION OF WEAPONS,484.0,72.0,-0.49392334920830067,2.2699884093102694,2.76391175851857
2024-02-01,POSSESSION OF WEAPONS,446.0,32.0,-1.1180071442873734,-0.5425723567329677,0.5754347875544057
2024-03-01,POSSESSION OF WEAPONS,431.0,49.0,-1.3643560107659547,0.652765968835408,2.0171219796013626
2024-04-01,POSSESSION OF WEAPONS,358.0,45.0,-2.5632538276283836,0.3715098922310844,2.934763719859468
2024-05-01,POSSESSION OF WEAPONS,461.0,56.0,-0.871658277808792,1.1449641028929745,2.0166223807017665
2024-06-01,POSSESSION OF WEAPONS,410.0,57.0,-1.7092444238359685,1.2152781220440554,2.924522545880024
2024-07-01,POSSESSION OF WEAPONS,454.0,56.0,-0.9866210821654633,1.1449641028929745,2.1315851850584377
2024-08-01,POSSESSION OF WEAPONS,499.0,36.0,-0.24757448272971933,-0.26131628012864394,-0.013741797398924616
2024-09-01,POSSESSION OF WEAPONS,515.0,51.0,0.015197641514100755,0.7933940071375699,0.7781963656234692
2024-10-01,POSSESSION OF WEAPONS,512.0,49.0,-0.03407213178161551,0.652765968835408,0.6868381006170236
2024-11-01,POSSESSION OF WEAPONS,455.0,46.0,-0.9701978244002245,0.4418239113821653,1.4120217357823899
2024-12-01,POSSESSION OF WEAPONS,418.0,29.0,-1.5778583617140585,-0.7535144141862103,0.8243439475278481
2025-01-01,POSSESSION OF WEAPONS,424.0,45.0,-1.479318815122626,0.3715098922310844,1.8508287073537104
2025-02-01,POSSESSION OF WEAPONS,412.0,50.0,-1.676397908305491,0.723079987986489,2.39947789629198
2025-03-01,POSSESSION OF WEAPONS,542.0,40.0,0.4586256011755471,0.01993979647567977,-0.43868580469986734
2025-04-01,POSSESSION OF WEAPONS,582.0,30.0,1.1155559117850973,-0.6832003950351294,-1.7987563068202266
2025-05-01,POSSESSION OF WEAPONS,551.0,28.0,0.6064349210626959,-0.8238284333372913,-1.4302633543999872
2025-06-01,POSSESSION OF WEAPONS,611.0,13.0,1.5918303869770212,-1.8785387206035051,-3.4703691075805265
2025-07-01,POSSESSION OF WEAPONS,615.0,49.0,1.6575234180379763,0.652765968835408,-1.0047574492025682
2025-08-01,POSSESSION OF WEAPONS,616.0,38.0,1.6739466758032149,-0.12068824182648208,-1.794634917629697
2025-09-01,POSSESSION OF WEAPONS,533.0,25.0,0.31081628128839833,-1.034770490790534,-1.3455867720789323
2025-10-01,POSSESSION OF WEAPONS,510.0,39.0,-0.06691864731209302,-0.050374222675401155,0.01654442463669186
2025-11-01,POSSESSION OF WEAPONS,567.0,59.0,0.869207045306516,1.3559061603462172,0.4866991150397012
2025-12-01,POSSESSION OF WEAPONS,543.0,34.0,0.47504885894078586,-0.40194431843080575,-0.8769931773715915
2026-01-01,POSSESSION OF WEAPONS,529.0,39.0,0.24512325022744333,-0.050374222675401155,-0.2954974729028445
2026-02-01,POSSESSION OF WEAPONS,527.0,41.0,0.2122767346969658,0.09025381562676069,-0.12202291907020513
2017-04-01,PUBLIC ORDER OFFENCES,3761.0,2.0,-1.2988229569274967,-0.4339189023626448,0.8649040545648519
2017-05-01,PUBLIC ORDER OFFENCES,4352.0,5.0,-0.2660717928587409,0.01978783268103263,0.2858596255397735
2017-06-01,PUBLIC ORDER OFFENCES,4970.0,18.0,0.8138608964720393,1.9858503512036347,1.1719894547315954
2017-07-01,PUBLIC ORDER OFFENCES,4957.0,8.0,0.7911438657903238,0.4734945677247101,-0.3176492980656137
2017-08-01,PUBLIC ORDER OFFENCES,4222.0,12.0,-0.4932420996758953,1.07843688111628,1.5716789807921754
2017-09-01,PUBLIC ORDER OFFENCES,3978.0,7.0,-0.9196232909327081,0.3222589893768176,1.2418822803095257
2017-10-01,PUBLIC ORDER OFFENCES,4379.0,6.0,-0.2188902675967165,0.1710234110289251,0.38991367862564164
2017-11-01,PUBLIC ORDER OFFENCES,3971.0,9.0,-0.9318555382228626,0.6247301460726026,1.5565856842954653
2017-12-01,PUBLIC ORDER OFFENCES,3363.0,10.0,-1.994313588567708,0.775965724420495,2.770279312988203
2018-01-01,PUBLIC ORDER OFFENCES,3539.0,1.0,-1.6867599424152526,-0.5851544807105373,1.1016054617047153
2018-02-01,PUBLIC ORDER OFFENCES,3354.0,0.0,-2.0100407636550495,-0.7363900590584298,1.2736507045966197
2018-03-01,PUBLIC ORDER OFFENCES,3979.0,3.0,-0.9178758270341146,-0.2826833240147523,0.6351925030193624
2018-04-01,PUBLIC ORDER OFFENCES,3992.0,4.0,-0.8951587963523993,-0.13144774566685985,0.7637110506855393
2018-05-01,PUBLIC ORDER OFFENCES,4404.0,0.0,-0.1752036701318791,-0.7363900590584298,-0.5611863889265507
2018-06-01,PUBLIC ORDER OFFENCES,4364.0,3.0,-0.24510222607561893,-0.2826833240147523,-0.03758109793913339
2018-07-01,PUBLIC ORDER OFFENCES,4961.0,6.0,0.7981337213846978,0.1710234110289251,-0.6271103103557727
2018-08-01,PUBLIC ORDER OFFENCES,3956.0,5.0,-0.958067496701765,0.01978783268103263,0.9778553293827977
2018-09-01,PUBLIC ORDER OFFENCES,4032.0,9.0,-0.8252602404086594,0.6247301460726026,1.449990386481262
2018-10-01,PUBLIC ORDER OFFENCES,4118.0,5.0,-0.6749783451296189,0.01978783268103263,0.6947661778106515
2018-11-01,PUBLIC ORDER OFFENCES,3951.0,4.0,-0.9668048161947326,-0.13144774566685985,0.8353570705278728
2018-12-01,PUBLIC ORDER OFFENCES,3689.0,2.0,-1.4246403576262283,-0.4339189023626448,0.9907214552635835
2019-01-01,PUBLIC ORDER OFFENCES,3538.0,10.0,-1.688507406313846,0.775965724420495,2.464473130734341
2019-02-01,PUBLIC ORDER OFFENCES,3667.0,3.0,-1.4630845633952851,-0.2826833240147523,1.1804012393805328
2019-03-01,PUBLIC ORDER OFFENCES,4464.0,9.0,-0.07035583621626938,0.6247301460726026,0.695085982288872
2019-04-01,PUBLIC ORDER OFFENCES,4135.0,18.0,-0.6452714588535293,1.9858503512036347,2.631121810057164
2019-05-01,PUBLIC ORDER OFFENCES,4576.0,7.0,0.1253601204262021,0.3222589893768176,0.19689886895061548
2019-06-01,PUBLIC ORDER OFFENCES,4640.0,14.0,0.2371978099361858,1.3809080378120648,1.143710227875879
2019-07-01,PUBLIC ORDER OFFENCES,5289.0,10.0,1.3713018801233643,0.775965724420495,-0.5953361557028692
2019-08-01,PUBLIC ORDER OFFENCES,4676.0,5.0,0.30010651028555163,0.01978783268103263,-0.280318677604519
2019-09-01,PUBLIC ORDER OFFENCES,4472.0,4.0,-0.05637612502752142,-0.13144774566685985,-0.07507162063933842
2019-10-01,PUBLIC ORDER OFFENCES,4680.0,1.0,0.3070963658799256,-0.5851544807105373,-0.8922508465904629
2019-11-01,PUBLIC ORDER OFFENCES,4389.0,10.0,-0.20141562861078155,0.775965724420495,0.9773813530312766
2019-12-01,PUBLIC ORDER OFFENCES,4128.0,8.0,-0.6575037061436838,0.4734945677247101,1.130998273868394
2020-01-01,PUBLIC ORDER OFFENCES,4240.0,1.0,-0.4617877495012124,-0.5851544807105373,-0.12336673120932495
2020-02-01,PUBLIC ORDER OFFENCES,4051.0,4.0,-0.792058426335383,-0.13144774566685985,0.6606106806685232
2020-03-01,PUBLIC ORDER OFFENCES,4090.0,4.0,-0.7239073342902367,-0.13144774566685985,0.5924595886233768
2020-04-01,PUBLIC ORDER OFFENCES,3538.0,1.0,-1.688507406313846,-0.5851544807105373,1.1033529256033088
2020-05-01,PUBLIC ORDER OFFENCES,4345.0,5.0,-0.2783040401488953,0.01978783268103263,0.29809187282992794
2020-06-01,PUBLIC ORDER OFFENCES,5070.0,19.0,0.9886072863313888,2.137085929551527,1.1484786432201384
2020-07-01,PUBLIC ORDER OFFENCES,5765.0,3.0,2.203094695853868,-0.2826833240147523,-2.4857780198686203
2020-08-01,PUBLIC ORDER OFFENCES,5337.0,2.0,1.455180147255852,-0.4339189023626448,-1.889099049618497
2020-09-01,PUBLIC ORDER OFFENCES,5096.0,2.0,1.0340413476948198,-0.4339189023626448,-1.4679602500574647
2020-10-01,PUBLIC ORDER OFFENCES,4549.0,3.0,0.07817859516417772,-0.2826833240147523,-0.36086191917893007
2020-11-01,PUBLIC ORDER OFFENCES,4166.0,3.0,-0.591100077997131,-0.2826833240147523,0.3084167539823787
2020-12-01,PUBLIC ORDER OFFENCES,3794.0,1.0,-1.2411566482739114,-0.5851544807105373,0.656002167563374
2021-01-01,PUBLIC ORDER OFFENCES,3348.0,5.0,-2.0205255470466104,0.01978783268103263,2.040313379727643
2021-02-01,PUBLIC ORDER OFFENCES,3291.0,1.0,-2.1201309892664395,-0.5851544807105373,1.5349765085559022
2021-03-01,PUBLIC ORDER OFFENCES,4749.0,2.0,0.4276713748828768,-0.4339189023626448,-0.8615902772455216
2021-04-01,PUBLIC ORDER OFFENCES,4845.0,5.0,0.5954279091478524,0.01978783268103263,-0.5756400764668197
2021-05-01,PUBLIC ORDER OFFENCES,5296.0,1.0,1.3835341274135189,-0.5851544807105373,-1.9686886081240562
2021-06-01,PUBLIC ORDER OFFENCES,5586.0,9.0,1.8902986580056325,0.6247301460726026,-1.2655685119330298
2021-07-01,PUBLIC ORDER OFFENCES,5849.0,5.0,2.349881663335722,0.01978783268103263,-2.3300938306546892
2021-08-01,PUBLIC ORDER OFFENCES,4695.0,2.0,0.33330832435882807,-0.4339189023626448,-0.7672272267214728
2021-09-01,PUBLIC ORDER OFFENCES,4979.0,1.0,0.8295880715593807,-0.5851544807105373,-1.4147425522699182
2021-10-01,PUBLIC ORDER OFFENCES,5098.0,1.0,1.0375362754920068,-0.5851544807105373,-1.622690756202544
2021-11-01,PUBLIC ORDER OFFENCES,4766.0,0.0,0.45737826115896624,-0.7363900590584298,-1.193768320217396
2021-12-01,PUBLIC ORDER OFFENCES,4145.0,0.0,-0.6277968198675944,-0.7363900590584298,-0.10859323919083541
2022-01-01,PUBLIC ORDER OFFENCES,3967.0,0.0,-0.9388453938172366,-0.7363900590584298,0.20245533475880684
2022-02-01,PUBLIC ORDER OFFENCES,4018.0,2.0,-0.8497247349889684,-0.4339189023626448,0.4158058326263236
2022-03-01,PUBLIC ORDER OFFENCES,4773.0,4.0,0.46961050844912067,-0.13144774566685985,-0.6010582541159806
2022-04-01,PUBLIC ORDER OFFENCES,4383.0,1.0,-0.21190041200234253,-0.5851544807105373,-0.3732540687081948
2022-05-01,PUBLIC ORDER OFFENCES,5097.0,1.0,1.0357888115934133,-0.5851544807105373,-1.6209432923039506
2022-06-01,PUBLIC ORDER OFFENCES,5072.0,3.0,0.9921022141285758,-0.2826833240147523,-1.2747855381433282
2022-07-01,PUBLIC ORDER OFFENCES,5243.0,2.0,1.2909185407880635,-0.4339189023626448,-1.7248374431507083
2022-08-01,PUBLIC ORDER OFFENCES,5036.0,1.0,0.92919351377921,-0.5851544807105373,-1.5143479944897473
2022-09-01,PUBLIC ORDER OFFENCES,4415.0,3.0,-0.15598156724735066,-0.2826833240147523,-0.12670175676740167
2022-10-01,PUBLIC ORDER OFFENCES,4696.0,0.0,0.33505578825742155,-0.7363900590584298,-1.0714458473158515
2022-11-01,PUBLIC ORDER OFFENCES,4488.0,7.0,-0.028416702650025497,0.3222589893768176,0.35067569202684307
2022-12-01,PUBLIC ORDER OFFENCES,3827.0,2.0,-1.183490339620326,-0.4339189023626448,0.7495714372576812
2023-01-01,PUBLIC ORDER OFFENCES,4054.0,2.0,-0.7868160346396025,-0.4339189023626448,0.3528971322769577
2023-02-01,PUBLIC ORDER OFFENCES,4027.0,5.0,-0.8339975599016268,0.01978783268103263,0.8537853925826595
2023-03-01,PUBLIC ORDER OFFENCES,4659.0,3.0,0.2703996240094622,-0.2826833240147523,-0.5530829480242145
2023-04-01,PUBLIC ORDER OFFENCES,4416.0,2.0,-0.15423410334875717,-0.4339189023626448,-0.27968479901388765
2023-05-01,PUBLIC ORDER OFFENCES,5241.0,2.0,1.2874236129908765,-0.4339189023626448,-1.7213425153535213
2023-06-01,PUBLIC ORDER OFFENCES,5608.0,8.0,1.9287428637746893,0.4734945677247101,-1.4552482960499793
2023-07-01,PUBLIC ORDER OFFENCES,5385.0,4.0,1.53905841438834,-0.13144774566685985,-1.6705061600551998
2023-08-01,PUBLIC ORDER OFFENCES,4892.0,10.0,0.6775587123817467,0.775965724420495,0.09840701203874835
2023-09-01,PUBLIC ORDER OFFENCES,5302.0,4.0,1.3940189108050798,-0.13144774566685985,-1.5254666564719397
2023-10-01,PUBLIC ORDER OFFENCES,4861.0,5.0,0.6233873315253483,0.01978783268103263,-0.6035994988443156
2023-11-01,PUBLIC ORDER OFFENCES,4883.0,14.0,0.6618315372944051,1.3809080378120648,0.7190765005176597
2023-12-01,PUBLIC ORDER OFFENCES,4506.0,4.0,0.003037647524657421,-0.13144774566685985,-0.13448539319151728
2024-01-01,PUBLIC ORDER OFFENCES,4146.0,1.0,-0.6260493559690009,-0.5851544807105373,0.04089487525846358
2024-02-01,PUBLIC ORDER OFFENCES,4395.0,8.0,-0.19093084521922057,0.4734945677247101,0.6644254129439306
2024-03-01,PUBLIC ORDER OFFENCES,4370.0,4.0,-0.23461744268405796,-0.13144774566685985,0.10316969701719811
2024-04-01,PUBLIC ORDER OFFENCES,4265.0,4.0,-0.418101152036375,-0.13144774566685985,0.28665340636951514
2024-05-01,PUBLIC ORDER OFFENCES,4965.0,4.0,0.8051235769790718,-0.13144774566685985,-0.9365713226459316
2024-06-01,PUBLIC ORDER OFFENCES,4941.0,3.0,0.7631844434128279,-0.2826833240147523,-1.0458677674275803
2024-07-01,PUBLIC ORDER OFFENCES,5214.0,8.0,1.2402420877288522,0.4734945677247101,-0.7667475200041421
2024-08-01,PUBLIC ORDER OFFENCES,5152.0,59.0,1.1318993260160555,8.186509063467227,7.054609737451171
2024-09-01,PUBLIC ORDER OFFENCES,4708.0,4.0,0.3560253550405435,-0.13144774566685985,-0.48747310070740335
2024-10-01,PUBLIC ORDER OFFENCES,4864.0,0.0,0.6286297232211288,-0.7363900590584298,-1.3650197822795587
2024-11-01,PUBLIC ORDER OFFENCES,4479.0,3.0,-0.04414387773736696,-0.2826833240147523,-0.23853944627738538
2024-12-01,PUBLIC ORDER OFFENCES,3974.0,0.0,-0.9266131465270822,-0.7363900590584298,0.19022308746865235
2025-01-01,PUBLIC ORDER OFFENCES,4073.0,3.0,-0.7536142205663261,-0.2826833240147523,0.4709308965515738
2025-02-01,PUBLIC ORDER OFFENCES,3753.0,6.0,-1.3128026681162446,0.1710234110289251,1.4838260791451696
2025-03-01,PUBLIC ORDER OFFENCES,4562.0,0.0,0.10089562584589316,-0.7363900590584298,-0.837285684904323
2025-04-01,PUBLIC ORDER OFFENCES,4493.0,2.0,-0.019679383157058018,-0.4339189023626448,-0.41423951920558677
2025-05-01,PUBLIC ORDER OFFENCES,4990.0,3.0,0.8488101744439092,-0.2826833240147523,-1.1314934984586615
2025-06-01,PUBLIC ORDER OFFENCES,5199.0,2.0,1.2140301292499498,-0.4339189023626448,-1.6479490316125947
2025-07-01,PUBLIC ORDER OFFENCES,5605.0,3.0,1.9235004720789088,-0.2826833240147523,-2.206183796093661
2025-08-01,PUBLIC ORDER OFFENCES,5005.0,10.0,0.8750221329228116,0.775965724420495,-0.09905640850231656
2025-09-01,PUBLIC ORDER OFFENCES,4793.0,6.0,0.5045597864209906,0.1710234110289251,-0.33353637539206554
2025-10-01,PUBLIC ORDER OFFENCES,4846.0,0.0,0.5971753730464459,-0.7363900590584298,-1.3335654321048755
2025-11-01,PUBLIC ORDER OFFENCES,4449.0,0.0,-0.09656779469517182,-0.7363900590584298,-0.639822264363258
2025-12-01,PUBLIC ORDER OFFENCES,4247.0,0.0,-0.4495555022110579,-0.7363900590584298,-0.2868345568473719
2026-01-01,PUBLIC ORDER OFFENCES,4018.0,1.0,-0.8497247349889684,-0.5851544807105373,0.26457025427843106
2026-02-01,PUBLIC ORDER OFFENCES,3967.0,0.0,-0.9388453938172366,-0.7363900590584298,0.20245533475880684
2017-04-01,ROBBERY,2498.0,45.0,-0.19454468420546084,0.6469051132674817,0.8414497974729425
2017-05-01,ROBBERY,2482.0,56.0,-0.22603976688723385,1.3231105469405062,1.54915031382774
2017-06-01,ROBBERY,2508.0,51.0,-0.17486025752935275,1.0157444407254952,1.190604698254848
2017-07-01,ROBBERY,2941.0,38.0,0.6774754175461286,0.216592564566466,-0.4608828529796626
2017-08-01,ROBBERY,2728.0,44.0,0.25819712934502576,0.5854318920244794,0.3272347626794537
2017-09-01,ROBBERY,2765.0,55.0,0.3310295080466258,1.261637325697504,0.9306078176508782
2017-10-01,ROBBERY,3058.0,54.0,0.9077832096565935,1.2001641044545017,0.2923808947979082
2017-11-01,ROBBERY,3159.0,29.0,1.1065959190852854,-0.3366664266205541,-1.4432623457058396
2017-12-01,ROBBERY,2825.0,27.0,0.4491360681032745,-0.45961286910655863,-0.9087489372098332
2018-01-01,ROBBERY,2885.0,58.0,0.5672426281599232,1.4460569894265107,0.8788143612665875
2018-02-01,ROBBERY,2491.0,32.0,-0.20832378287873654,-0.15224676289154743,0.056077019987189114
2018-03-01,ROBBERY,2599.0,56.0,0.004268025223231102,1.3231105469405062,1.3188425217172752
2018-04-01,ROBBERY,2560.0,102.0,-0.07250123881359054,4.15087872411861,4.2233799629322
2018-05-01,ROBBERY,2609.0,32.0,0.023952451899339217,-0.15224676289154743,-0.17619921479088665
2018-06-01,ROBBERY,2894.0,73.0,0.5849586121684205,2.3681553080715445,1.783196695903124
2018-07-01,ROBBERY,2970.0,49.0,0.7345602549068422,0.8927979982394906,0.1582377433326484
2018-08-01,ROBBERY,2556.0,54.0,-0.08037500948403378,1.2001641044545017,1.2805391139385356
2018-09-01,ROBBERY,2658.0,51.0,0.12040614261226898,1.0157444407254952,0.8953382981132262
2018-10-01,ROBBERY,2936.0,33.0,0.6676332042080746,-0.09077354164854519,-0.7584067458566198
2018-11-01,ROBBERY,3040.0,46.0,0.872351241639599,0.7083783345104839,-0.16397290712911505
2018-12-01,ROBBERY,3005.0,48.0,0.8034557482732205,0.8313247769964883,0.027869028723267797
2019-01-01,ROBBERY,2969.0,36.0,0.7325918122392313,0.09364612208046152,-0.6389456901587698
2019-02-01,ROBBERY,2996.0,77.0,0.7857397642647233,2.614048193043553,1.8283084287788298
2019-03-01,ROBBERY,3202.0,59.0,1.1912389537925503,1.507530210669513,0.3162912568769627
2019-04-01,ROBBERY,3441.0,37.0,1.6616967513515344,0.15511934332346375,-1.5065774080280707
2019-05-01,ROBBERY,3331.0,53.0,1.445168057914345,1.1386908832114995,-0.30647717470284563
2019-06-01,ROBBERY,3174.0,52.0,1.1361225590994477,1.0772176619684972,-0.058904897130950484
2019-07-01,ROBBERY,3428.0,48.0,1.6361069966725938,0.8313247769964883,-0.8047822196761055
2019-08-01,ROBBERY,3083.0,29.0,0.9569942763468638,-0.3366664266205541,-1.293660702967418
2019-09-01,ROBBERY,3352.0,35.0,1.4865053539341722,0.03217290083745928,-1.4543324530967128
2019-10-01,ROBBERY,3750.0,54.0,2.269945535643275,1.2001641044545017,-1.0697814311887732
2019-11-01,ROBBERY,3839.0,41.0,2.4451369330606374,0.40101222829547273,-2.0441247047651645
2019-12-01,ROBBERY,3366.0,68.0,1.5140635512807235,2.060789201856533,0.5467256505758096
2020-01-01,ROBBERY,3365.0,60.0,1.5120951086131127,1.5690034319125152,0.05690832329940254
2020-02-01,ROBBERY,3215.0,63.0,1.2168287084714908,1.753423095641522,0.5365943871700312
2020-03-01,ROBBERY,2719.0,43.0,0.24048114533652848,0.5239586707814772,0.2834775254449487
2020-04-01,ROBBERY,1105.0,20.0,-2.936585320187321,-0.8899254178075743,2.046659902379747
2020-05-01,ROBBERY,1316.0,19.0,-2.52124391732144,-0.9513986390505765,1.5698452782708632
2020-06-01,ROBBERY,1716.0,22.0,-1.7338668502771153,-0.7669789753215698,0.9668878749555455
2020-07-01,ROBBERY,2197.0,32.0,-0.787045927156315,-0.15224676289154743,0.6347991642647677
2020-08-01,ROBBERY,2495.0,20.0,-0.20045001220829328,-0.8899254178075743,-0.689475405599281
2020-09-01,ROBBERY,2582.0,32.0,-0.02919550012615269,-0.15224676289154743,-0.12305126276539474
2020-10-01,ROBBERY,2443.0,36.0,-0.3028090309240555,0.09364612208046152,0.396455153004517
2020-11-01,ROBBERY,2308.0,32.0,-0.568548791051515,-0.15224676289154743,0.4163020281599676
2020-12-01,ROBBERY,1998.0,21.0,-1.1787660180108666,-0.828452196564572,0.3503138214462945
2021-01-01,ROBBERY,1449.0,39.0,-2.259441042529202,0.2780657858094682,2.5375068283386706
2021-02-01,ROBBERY,1326.0,14.0,-2.501559490645332,-1.2587647452655877,1.242794745379744
2021-03-01,ROBBERY,1636.0,24.0,-1.8913422636859802,-0.6440325328355654,1.2473097308504149
2021-04-01,ROBBERY,1686.0,26.0,-1.7929201303054396,-0.5210860903495609,1.2718340399558787
2021-05-01,ROBBERY,1748.0,20.0,-1.6708766849135694,-0.8899254178075743,0.7809512671059952
2021-06-01,ROBBERY,1891.0,15.0,-1.3893893834452233,-1.1972915240225854,0.1920978594226379
2021-07-01,ROBBERY,1863.0,29.0,-1.4445057781383261,-0.3366664266205541,1.107839351517772
2021-08-01,ROBBERY,1912.0,18.0,-1.3480520874253963,-1.0128718602935787,0.3351802271318176
2021-09-01,ROBBERY,2182.0,24.0,-0.8165725671704772,-0.6440325328355654,0.17254003433491183
2021-10-01,ROBBERY,2223.0,21.0,-0.735866417798434,-0.828452196564572,-0.09258577876613805
2021-11-01,ROBBERY,2202.0,20.0,-0.777203713818261,-0.8899254178075743,-0.11272170398931325
2021-12-01,ROBBERY,1904.0,21.0,-1.3637996287662828,-0.828452196564572,0.5353474322017108
2022-01-01,ROBBERY,1979.0,19.0,-1.2161664286954719,-0.9513986390505765,0.26476778964489533
2022-02-01,ROBBERY,1902.0,23.0,-1.3677365141015045,-0.7055057540785675,0.662230760022937
2022-03-01,ROBBERY,1976.0,19.0,-1.2220717566983044,-0.9513986390505765,0.27067311764772783
2022-04-01,ROBBERY,1852.0,30.0,-1.466158647482045,-0.27519320537755193,1.190965442104493
2022-05-01,ROBBERY,2379.0,11.0,-0.4287893616511474,-1.4431844089945944,-1.014395047343447
2022-06-01,ROBBERY,2320.0,33.0,-0.5449274790401852,-0.09077354164854519,0.45415393739164006
2022-07-01,ROBBERY,2342.0,19.0,-0.5016217403527474,-0.9513986390505765,-0.4497768986978291
2022-08-01,ROBBERY,2244.0,7.0,-0.6945291217786069,-1.6890772939666034,-0.9945481721879965
2022-09-01,ROBBERY,2081.0,12.0,-1.015385276599169,-1.3817111877515922,-0.3663259111524231
2022-10-01,ROBBERY,2634.0,20.0,0.0731635185896095,-0.8899254178075743,-0.9630889363971837
2022-11-01,ROBBERY,2424.0,10.0,-0.3402094416086609,-1.5046576302375967,-1.1644481886289357
2022-12-01,ROBBERY,2255.0,13.0,-0.672876252434888,-1.32023796650859,-0.6473617140737019
2023-01-01,ROBBERY,2545.0,45.0,-0.10202787882775272,0.6469051132674817,0.7489329920952343
2023-02-01,ROBBERY,2604.0,25.0,0.01411023856128516,-0.5825593115925631,-0.5966695501538483
2023-03-01,ROBBERY,2528.0,62.0,-0.1354914041771365,1.6919498743985197,1.8274412785756562
2023-04-01,ROBBERY,2493.0,29.0,-0.2043868975435149,-0.3366664266205541,-0.13227952907703922
2023-05-01,ROBBERY,2824.0,12.0,0.4471676254356637,-1.3817111877515922,-1.8288788131872558
2023-06-01,ROBBERY,2779.0,21.0,0.35858770539317714,-0.828452196564572,-1.187039901957749
2023-07-01,ROBBERY,2753.0,34.0,0.30740819603529607,-0.029300320405542955,-0.33670851644083905
2023-08-01,ROBBERY,2540.0,20.0,-0.11187009216580678,-0.8899254178075743,-0.7780553256417675
2023-09-01,ROBBERY,2760.0,20.0,0.3211872947085717,-0.8899254178075743,-1.211112712516146
2023-10-01,ROBBERY,2622.0,31.0,0.04954220657827976,-0.21371998413454968,-0.2632621907128294
2023-11-01,ROBBERY,3087.0,25.0,0.9648680470173071,-0.5825593115925631,-1.5474273586098701
2023-12-01,ROBBERY,3139.0,35.0,1.0672270657330694,0.03217290083745928,-1.03505416489561
2024-01-01,ROBBERY,2908.0,29.0,0.6125168095149718,-0.3366664266205541,-0.9491832361355259
2024-02-01,ROBBERY,2676.0,29.0,0.1558381106292636,-0.3366664266205541,-0.4925045372498177
2024-03-01,ROBBERY,2841.0,24.0,0.4806311507850475,-0.6440325328355654,-1.124663683620613
2024-04-01,ROBBERY,2664.0,26.0,0.13221679861793384,-0.5210860903495609,-0.6533028889674948
2024-05-01,ROBBERY,3132.0,49.0,1.0534479670597936,0.8927979982394906,-0.16064996882030302
2024-06-01,ROBBERY,2894.0,32.0,0.5849586121684205,-0.15224676289154743,-0.7372053750599679
2024-07-01,ROBBERY,2752.0,28.0,0.30543975336768525,-0.3981396478635564,-0.7035794012312416
2024-08-01,ROBBERY,2839.0,19.0,0.47669426544982585,-0.9513986390505765,-1.4280929045004025
2024-09-01,ROBBERY,2803.0,21.0,0.40583032941583663,-0.828452196564572,-1.2342825259804087
2024-10-01,ROBBERY,3130.0,37.0,1.0495110817245719,0.15511934332346375,-0.8943917384011081
2024-11-01,ROBBERY,2922.0,47.0,0.6400750068615232,0.7698515557534862,0.129776548891963
2024-12-01,ROBBERY,2751.0,27.0,0.30347131070007444,-0.45961286910655863,-0.763084179806633
2025-01-01,ROBBERY,2541.0,36.0,-0.10990164949819596,0.09364612208046152,0.2035477715786575
2025-02-01,ROBBERY,2474.0,56.0,-0.24178730822812033,1.3231105469405062,1.5648978551686266
2025-03-01,ROBBERY,2621.0,35.0,0.047573763910668955,0.03217290083745928,-0.015400863073209675
2025-04-01,ROBBERY,2658.0,35.0,0.12040614261226898,0.03217290083745928,-0.0882332417748097
2025-05-01,ROBBERY,2841.0,41.0,0.4806311507850475,0.40101222829547273,-0.07961892248957475
2025-06-01,ROBBERY,2825.0,20.0,0.4491360681032745,-0.8899254178075743,-1.3390614859108487
2025-07-01,ROBBERY,2897.0,18.0,0.5908639401712529,-1.0128718602935787,-1.6037358004648317
2025-08-01,ROBBERY,2745.0,33.0,0.29166065469440955,-0.09077354164854519,-0.3824341963429547
2025-09-01,ROBBERY,2579.0,23.0,-0.03510082812898513,-0.7055057540785675,-0.6704049259495823
2025-10-01,ROBBERY,2638.0,27.0,0.08103728926005274,-0.45961286910655863,-0.5406501583666113
2025-11-01,ROBBERY,2764.0,41.0,0.32906106537901497,0.40101222829547273,0.07195116291645776
2025-12-01,ROBBERY,2579.0,24.0,-0.03510082812898513,-0.6440325328355654,-0.6089317047065803
2026-01-01,ROBBERY,2459.0,30.0,-0.2713139482422825,-0.27519320537755193,-0.0038792571352694316
2026-02-01,ROBBERY,2287.0,34.0,-0.6098860870713421,-0.029300320405542955,0.5805857666657991
2017-04-01,SEXUAL OFFENCES,1441.0,89.0,-1.4321128221754478,0.05046691369408462,1.4825797358695323
2017-05-01,SEXUAL OFFENCES,1706.0,95.0,-0.4801351619920075,0.18490574602438484,0.6650409080163924
2017-06-01,SEXUAL OFFENCES,1813.0,50.0,-0.09575172938963727,-0.8233854964528668,-0.7276337670632296
2017-07-01,SEXUAL OFFENCES,1778.0,78.0,-0.2214846279044313,-0.1960042789114658,0.0254803489929655
2017-08-01,SEXUAL OFFENCES,1651.0,76.0,-0.6777154310866839,-0.24081722302156586,0.43689820806511803
2017-09-01,SEXUAL OFFENCES,1672.0,60.0,-0.6022756919778074,-0.5993207759023664,0.002954916075440961
2017-10-01,SEXUAL OFFENCES,1799.0,186.0,-0.14604488879555488,2.223894703033938,2.369939591829493
2017-11-01,SEXUAL OFFENCES,1840.0,166.0,0.001242220893203809,1.7757652619329374,1.7745230410397335
2017-12-01,SEXUAL OFFENCES,1509.0,187.0,-1.1878317622038481,2.246301175088988,3.434132937292836
2018-01-01,SEXUAL OFFENCES,1663.0,298.0,-0.6346070087387544,4.7334195731995425,5.368026581938297
2018-02-01,SEXUAL OFFENCES,1538.0,155.0,-1.0836530748630187,1.529294069327387,2.6129471441904055
2018-03-01,SEXUAL OFFENCES,1684.0,116.0,-0.5591672696298781,0.6554416591804356,1.2146089288103137
2018-04-01,SEXUAL OFFENCES,1594.0,74.0,-0.8824804372393483,-0.28563016713166595,0.5968502701076823
2018-05-01,SEXUAL OFFENCES,1803.0,83.0,-0.1316754146795784,-0.0839719186362156,0.04770349604336281
2018-06-01,SEXUAL OFFENCES,1859.0,77.0,0.06949722294409198,-0.21841075096651583,-0.2879079739106078
2018-07-01,SEXUAL OFFENCES,2037.0,65.0,0.7089388211050444,-0.4872884156271163,-1.1962272367321607
2018-08-01,SEXUAL OFFENCES,1650.0,91.0,-0.6813077996156779,0.0952798578041847,0.7765876574198626
2018-09-01,SEXUAL OFFENCES,1718.0,102.0,-0.4370267396440781,0.3417510504097351,0.7787777900538132
2018-10-01,SEXUAL OFFENCES,1780.0,138.0,-0.21429989084644305,1.1483840443915365,1.3626839352379796
2018-11-01,SEXUAL OFFENCES,1729.0,128.0,-0.3975106858251429,0.9243193238410361,1.321830009666179
2018-12-01,SEXUAL OFFENCES,1484.0,88.0,-1.2776409754287008,0.028060441639034584,1.3057014170677355
2019-01-01,SEXUAL OFFENCES,1659.0,79.0,-0.6489764828547309,-0.17359780685641574,0.4753786759983151
2019-02-01,SEXUAL OFFENCES,1574.0,99.0,-0.9543278078192307,0.274531634244585,1.2288594420638157
2019-03-01,SEXUAL OFFENCES,1704.0,93.0,-0.48731989904999573,0.14009280191428478,0.6274127009642805
2019-04-01,SEXUAL OFFENCES,1596.0,128.0,-0.8752957001813602,0.9243193238410361,1.7996150240223963
2019-05-01,SEXUAL OFFENCES,1697.0,246.0,-0.5124664787529546,3.5682830263369403,4.080749505089895
2019-06-01,SEXUAL OFFENCES,1824.0,109.0,-0.05623567557070202,0.49859635479508535,0.5548320303657873
2019-07-01,SEXUAL OFFENCES,1850.0,102.0,0.037165906183144956,0.3417510504097351,0.3045851442265901
2019-08-01,SEXUAL OFFENCES,1555.0,93.0,-1.0225828098701188,0.14009280191428478,1.1626756117844037
2019-09-01,SEXUAL OFFENCES,1611.0,81.0,-0.8214101722464484,-0.12878486274631568,0.6926253095001327
2019-10-01,SEXUAL OFFENCES,1672.0,110.0,-0.6022756919778074,0.5210028268501354,1.1232785188279428
2019-11-01,SEXUAL OFFENCES,1755.0,163.0,-0.30410910407129593,1.7085458457677873,2.0126549498390833
2019-12-01,SEXUAL OFFENCES,1529.0,128.0,-1.1159843916239658,0.9243193238410361,2.0403037154650017
2020-01-01,SEXUAL OFFENCES,1707.0,163.0,-0.4765427934630134,1.7085458457677873,2.1850886392308007
2020-02-01,SEXUAL OFFENCES,1804.0,99.0,-0.1280830461505843,0.274531634244585,0.4026146803951693
2020-03-01,SEXUAL OFFENCES,1544.0,48.0,-1.062098863689054,-0.8681984405629669,0.19390042312608713
2020-04-01,SEXUAL OFFENCES,996.0,28.0,-3.030716817577829,-1.3163278816639676,1.7143889359138613
2020-05-01,SEXUAL OFFENCES,1277.0,41.0,-2.0212612609304825,-1.0250437449483172,0.9962175159821653
2020-06-01,SEXUAL OFFENCES,1539.0,48.0,-1.0800607063340246,-0.8681984405629669,0.2118622657710577
2020-07-01,SEXUAL OFFENCES,1803.0,64.0,-0.1316754146795784,-0.5096948876821663,-0.37801947300258787
2020-08-01,SEXUAL OFFENCES,1602.0,99.0,-0.8537414890073954,0.274531634244585,1.1282731232519805
2020-09-01,SEXUAL OFFENCES,1583.0,50.0,-0.9219964910582836,-0.8233854964528668,0.09861099460541678
2020-10-01,SEXUAL OFFENCES,1632.0,41.0,-0.7459704331375719,-1.0250437449483172,-0.27907331181074524
2020-11-01,SEXUAL OFFENCES,1518.0,43.0,-1.155500445442901,-0.9802308008382171,0.17526964460468386
2020-12-01,SEXUAL OFFENCES,1250.0,35.0,-2.1182552112133237,-1.1594825772786175,0.9587726339347062
2021-01-01,SEXUAL OFFENCES,1206.0,31.0,-2.276319426489065,-1.2491084654988176,1.0272109609902473
2021-02-01,SEXUAL OFFENCES,1305.0,47.0,-1.9206749421186473,-0.8906049126180169,1.0300700295006304
2021-03-01,SEXUAL OFFENCES,1933.0,96.0,0.33533249408965643,0.20731221807943487,-0.12802027601022156
2021-04-01,SEXUAL OFFENCES,1640.0,47.0,-0.717231484905619,-0.8906049126180169,-0.17337342771239783
2021-05-01,SEXUAL OFFENCES,1922.0,47.0,0.2958164402707212,-0.8906049126180169,-1.186421352888738
2021-06-01,SEXUAL OFFENCES,2034.0,59.0,0.698161715518062,-0.6217272479574165,-1.3198889634754787
2021-07-01,SEXUAL OFFENCES,1987.0,35.0,0.5293203946553386,-1.1594825772786175,-1.6888029719339561
2021-08-01,SEXUAL OFFENCES,1700.0,44.0,-0.5016893731659722,-0.957824328783167,-0.45613495561719486
2021-09-01,SEXUAL OFFENCES,1983.0,68.0,0.5149509205393622,-0.42006899946196613,-0.9350199200013283
2021-10-01,SEXUAL OFFENCES,2197.0,92.0,1.2837177857441027,0.11768632985923473,-1.166031455884868
2021-11-01,SEXUAL OFFENCES,2097.0,43.0,0.9244809328446912,-0.9802308008382171,-1.9047117336829085
2021-12-01,SEXUAL OFFENCES,1649.0,62.0,-0.684900168144672,-0.5545078317922664,0.13039233635240566
2022-01-01,SEXUAL OFFENCES,1808.0,69.0,-0.11371357203460786,-0.3976625274069161,-0.28394895537230824
2022-02-01,SEXUAL OFFENCES,1786.0,67.0,-0.19274567967247838,-0.4424754715170162,-0.24972979184453784
2022-03-01,SEXUAL OFFENCES,2046.0,47.0,0.7412701378659914,-0.8906049126180169,-1.6318750504840083
2022-04-01,SEXUAL OFFENCES,1767.0,72.0,-0.26100068172336655,-0.330443111241766,-0.06944242951839946
2022-05-01,SEXUAL OFFENCES,2107.0,101.0,0.9604046181346324,0.31934457835468505,-0.6410600397799473
2022-06-01,SEXUAL OFFENCES,1967.0,77.0,0.4574730240754563,-0.21841075096651583,-0.6758837750419722
2022-07-01,SEXUAL OFFENCES,2164.0,65.0,1.1651696242872969,-0.4872884156271163,-1.652458039914413
2022-08-01,SEXUAL OFFENCES,1919.0,29.0,0.2850393346837388,-1.2939214096089175,-1.5789607442926563
2022-09-01,SEXUAL OFFENCES,1884.0,32.0,0.15930643616894485,-1.2267019934437675,-1.3860084296127124
2022-10-01,SEXUAL OFFENCES,1938.0,69.0,0.353294336734627,-0.3976625274069161,-0.7509568641415432
2022-11-01,SEXUAL OFFENCES,1911.0,59.0,0.25630038645178593,-0.6217272479574165,-0.8780276344092024
2022-12-01,SEXUAL OFFENCES,1596.0,46.0,-0.8752957001813602,-0.913011384673067,-0.037715684491706813
2023-01-01,SEXUAL OFFENCES,1833.0,136.0,-0.023904358809754993,1.1035711002814363,1.1274754590911913
2023-02-01,SEXUAL OFFENCES,1696.0,111.0,-0.5160588472819486,0.5434092989051854,1.059468146187134
2023-03-01,SEXUAL OFFENCES,1941.0,79.0,0.3640714423216094,-0.17359780685641574,-0.537669249178025
2023-04-01,SEXUAL OFFENCES,1731.0,101.0,-0.39032594876715465,0.31934457835468505,0.7096705271218398
2023-05-01,SEXUAL OFFENCES,2098.0,106.0,0.9280733013736854,0.43137693862993526,-0.4966963627437501
2023-06-01,SEXUAL OFFENCES,1992.0,107.0,0.5472822373003092,0.4537834106849853,-0.09349882661532394
2023-07-01,SEXUAL OFFENCES,2024.0,97.0,0.6622380302281209,0.22971869013448493,-0.43251934009363596
2023-08-01,SEXUAL OFFENCES,1862.0,76.0,0.08027432853107433,-0.24081722302156586,-0.3210915515526402
2023-09-01,SEXUAL OFFENCES,2058.0,105.0,0.7843785602139207,0.4089704665748852,-0.3754080936390355
2023-10-01,SEXUAL OFFENCES,1752.0,83.0,-0.31488620965827824,-0.0839719186362156,0.23091429102206262
2023-11-01,SEXUAL OFFENCES,1747.0,53.0,-0.3328480523032488,-0.7561660802877167,-0.4233180279844679
2023-12-01,SEXUAL OFFENCES,1711.0,33.0,-0.4621733193470369,-1.2042955213887174,-0.7421222020416804
2024-01-01,SEXUAL OFFENCES,1723.0,54.0,-0.4190648969991076,-0.7337596082326667,-0.31469471123355913
2024-02-01,SEXUAL OFFENCES,1820.0,67.0,-0.07060514968667848,-0.4424754715170162,-0.37187032183033775
2024-03-01,SEXUAL OFFENCES,1834.0,73.0,-0.02031199028076088,-0.308036639186716,-0.2877246489059551
2024-04-01,SEXUAL OFFENCES,1916.0,69.0,0.2742622290967565,-0.3976625274069161,-0.6719247565036726
2024-05-01,SEXUAL OFFENCES,2126.0,51.0,1.0286596201855205,-0.8009790243978168,-1.8296386445833372
2024-06-01,SEXUAL OFFENCES,2233.0,51.0,1.4130430527878908,-0.8009790243978168,-2.2140220771857075
2024-07-01,SEXUAL OFFENCES,2319.0,70.0,1.7219867462813847,-0.37525605535186607,-2.097242801633251
2024-08-01,SEXUAL OFFENCES,2022.0,43.0,0.6550532931701326,-0.9802308008382171,-1.6352840940083497
2024-09-01,SEXUAL OFFENCES,2092.0,100.0,0.9065190901997207,0.296938106299635,-0.6095809839000856
2024-10-01,SEXUAL OFFENCES,2256.0,85.0,1.4956675289547554,-0.039158974526115525,-1.534826503480871
2024-11-01,SEXUAL OFFENCES,2233.0,55.0,1.4130430527878908,-0.7113531361776166,-2.124396188965507
2024-12-01,SEXUAL OFFENCES,1997.0,68.0,0.5652440799452798,-0.42006899946196613,-0.985313079407246
2025-01-01,SEXUAL OFFENCES,2127.0,70.0,1.0322519887145147,-0.37525605535186607,-1.4075080440663807
2025-02-01,SEXUAL OFFENCES,2005.0,68.0,0.5939830281772327,-0.42006899946196613,-1.0140520276391989
2025-03-01,SEXUAL OFFENCES,2125.0,93.0,1.0250672516565265,0.14009280191428478,-0.8849744497422417
2025-04-01,SEXUAL OFFENCES,2102.0,112.0,0.9424427754896618,0.5658157709602355,-0.3766270045294263
2025-05-01,SEXUAL OFFENCES,2336.0,89.0,1.7830570112742845,0.05046691369408462,-1.7325900975802
2025-06-01,SEXUAL OFFENCES,2534.0,10.0,2.4943459800151193,-1.7196443786548683,-4.213990358669988
2025-07-01,SEXUAL OFFENCES,2633.0,98.0,2.8499904643855367,0.25212516218953496,-2.5978653021960016
2025-08-01,SEXUAL OFFENCES,2372.0,135.0,1.9123822783180726,1.0811646282263863,-0.8312176500916864
2025-09-01,SEXUAL OFFENCES,2203.0,101.0,1.3052719969180673,0.31934457835468505,-0.9859274185633822
2025-10-01,SEXUAL OFFENCES,2235.0,182.0,1.420227789845879,2.134268814813738,0.7140410249678588
2025-11-01,SEXUAL OFFENCES,2176.0,146.0,1.2082780466352263,1.3276358208319368,0.11935777419671045
2025-12-01,SEXUAL OFFENCES,2112.0,79.0,0.9783664607796029,-0.17359780685641574,-1.1519642676360187
2026-01-01,SEXUAL OFFENCES,2282.0,127.0,1.5890691107086024,0.901912851785986,-0.6871562589226163
2026-02-01,SEXUAL OFFENCES,2010.0,103.0,0.6119448708222033,0.36415752246478517,-0.2477873483574181
2017-04-01,THEFT,17894.0,46.0,-0.48962526986988686,0.24620768135678037,0.7358329512266673
2017-05-01,THEFT,19622.0,47.0,-0.08192357385746325,0.3160862540495535,0.3980098279070167
2017-06-01,THEFT,18943.0,33.0,-0.24212580278827092,-0.6622137636492706,-0.42008796086099975
2017-07-01,THEFT,20526.0,49.0,0.1313648134082954,0.4558433994350998,0.32447858602680446
2017-08-01,THEFT,20046.0,46.0,0.018114342293733272,0.24620768135678037,0.2280933390630471
2017-09-01,THEFT,18603.0,34.0,-0.32234488649441906,-0.5923351909564974,-0.2699903044620784
2017-10-01,THEFT,19165.0,37.0,-0.18974745989778594,-0.382699472878178,-0.19295201298039208
2017-11-01,THEFT,19352.0,59.0,-0.14562696385940443,1.1546291263628312,1.3002560902222355
2017-12-01,THEFT,17573.0,46.0,-0.5653615224277503,0.24620768135678037,0.8115692037845307
2018-01-01,THEFT,17511.0,41.0,-0.5799897082800479,-0.1031851821070854,0.47680452617296254
2018-02-01,THEFT,16211.0,23.0,-0.8867097342153203,-1.3609994905770022,-0.4742897563616819
2018-03-01,THEFT,17207.0,26.0,-0.6517150066526038,-1.1513637724986827,-0.49964876584607887
2018-04-01,THEFT,17373.0,46.0,-0.6125492187254845,0.24620768135678037,0.8587569000822649
2018-05-01,THEFT,18315.0,51.0,-0.3902951691631563,0.5956005448206461,0.9858957139838024
2018-06-01,THEFT,18209.0,43.0,-0.4153046482009555,0.036571963278460906,0.4518766114794164
2018-07-01,THEFT,19713.0,29.0,-0.06045317204199419,-0.9417280544203632,-0.881274882378369
2018-08-01,THEFT,18431.0,73.0,-0.3629263053104705,2.1329291440616553,2.495855449372126
2018-09-01,THEFT,18073.0,86.0,-0.44739228168341477,3.041350589067706,3.4887428707511208
2018-10-01,THEFT,20043.0,40.0,0.01740652684926726,-0.17306375479985855,-0.19047028164912583
2018-11-01,THEFT,19924.0,71.0,-0.010670152447884596,1.9931719986761092,2.003842151123994
2018-12-01,THEFT,19411.0,42.0,-0.13170659345157285,-0.033306609414312245,0.09839998403726061
2019-01-01,THEFT,19039.0,71.0,-0.2194757085653585,1.9931719986761092,2.2126477072414676
2019-02-01,THEFT,19755.0,53.0,-0.05054375581947001,0.7353576902061925,0.7859014460256625
2019-03-01,THEFT,21397.0,39.0,0.33686723078492786,-0.2429423274926317,-0.5798095582775595
2019-04-01,THEFT,21576.0,58.0,0.3791002189714,1.0847505536700581,0.7056503346986581
2019-05-01,THEFT,21758.0,45.0,0.42204102260233817,0.1763291086640072,-0.24571191393833097
2019-06-01,THEFT,21152.0,53.0,0.2790623028202035,0.7353576902061925,0.45629538738598896
2019-07-01,THEFT,22775.0,51.0,0.6619904582763166,0.5956005448206461,-0.06638991345567058
2019-08-01,THEFT,20914.0,51.0,0.22290894422589977,0.5956005448206461,0.37269160059474626
2019-09-01,THEFT,19883.0,40.0,-0.02034363018892011,-0.17306375479985855,-0.15272012461093845
2019-10-01,THEFT,22266.0,42.0,0.5418977711985831,-0.033306609414312245,-0.5752043806128954
2019-11-01,THEFT,21261.0,63.0,0.3047795973024686,1.434143417133924,1.1293638198314553
2019-12-01,THEFT,20203.0,61.0,0.05515668388745463,1.2943862717483776,1.239229587860923
2020-01-01,THEFT,18840.0,54.0,-0.26642746638160403,0.8052362628989655,1.0716637292805695
2020-02-01,THEFT,19725.0,59.0,-0.05762191026413014,1.1546291263628312,1.2122510366269614
2020-03-01,THEFT,14874.0,42.0,-1.2021594839656735,-0.033306609414312245,1.1688528745513613
2020-04-01,THEFT,7276.0,33.0,-2.9948200663165965,-0.6622137636492706,2.332606302667326
2020-05-01,THEFT,8969.0,24.0,-2.595376217156276,-1.291120917884229,1.304255299272047
2020-06-01,THEFT,11495.0,28.0,-1.999395612915893,-1.0116066271131363,0.9877889858027566
2020-07-01,THEFT,15221.0,31.0,-1.1202888308891046,-0.8019709090348169,0.31831792185428764
2020-08-01,THEFT,16048.0,43.0,-0.9251677066979737,0.036571963278460906,0.9617396699764346
2020-09-01,THEFT,16496.0,32.0,-0.819467266991049,-0.7320923363420437,0.08737493064900526
2020-10-01,THEFT,16778.0,27.0,-0.7529326152112438,-1.0814851998059094,-0.32855258459466563
2020-11-01,THEFT,12894.0,46.0,-1.6693176773132423,0.24620768135678037,1.9155253586700227
2020-12-01,THEFT,13269.0,39.0,-1.5808407467549905,-0.2429423274926317,1.3378984192623589
2021-01-01,THEFT,9512.0,31.0,-2.467261621707928,-0.8019709090348169,1.665290712673111
2021-02-01,THEFT,9394.0,26.0,-2.495102362523591,-1.1513637724986827,1.3437385900249081
2021-03-01,THEFT,11327.0,39.0,-2.0390332778059896,-0.2429423274926317,1.796090950313358
2021-04-01,THEFT,12993.0,31.0,-1.6459597676458637,-0.8019709090348169,0.8439888586110468
2021-05-01,THEFT,14712.0,33.0,-1.2403815179668383,-0.6622137636492706,0.5781677543175676
2021-06-01,THEFT,15972.0,27.0,-0.9430990312911126,-1.0814851998059094,-0.1383861685147968
2021-07-01,THEFT,16734.0,43.0,-0.7633139083967453,0.036571963278460906,0.7998858716752062
2021-08-01,THEFT,16053.0,16.0,-0.9239880142905303,-1.850149499426414,-0.9261614851358837
2021-09-01,THEFT,16649.0,24.0,-0.7833686793232824,-1.291120917884229,-0.5077522385609465
2021-10-01,THEFT,19015.0,22.0,-0.2251382321210866,-1.4308780632697753,-1.2057398311486887
2021-11-01,THEFT,18595.0,21.0,-0.32423239434632845,-1.5007566359625484,-1.17652424161622
2021-12-01,THEFT,16650.0,27.0,-0.7831327408417936,-1.0814851998059094,-0.2983524589641158
2022-01-01,THEFT,16081.0,28.0,-0.9173817368088475,-1.0116066271131363,-0.09422489030428882
2022-02-01,THEFT,16396.0,19.0,-0.8430611151399161,-1.6405137813480948,-0.7974526662081787
2022-03-01,THEFT,18696.0,25.0,-0.30040260771597266,-1.2212423451914558,-0.9208397374754831
2022-04-01,THEFT,18000.0,37.0,-0.46461579083208776,-0.382699472878178,0.08191631795390975
2022-05-01,THEFT,19202.0,22.0,-0.1810177360827051,-1.4308780632697753,-1.2498603271870703
2022-06-01,THEFT,18951.0,26.0,-0.24023829493636153,-1.1513637724986827,-0.9111254775623212
2022-07-01,THEFT,19749.0,34.0,-0.051959386708402035,-0.5923351909564974,-0.5403758042480954
2022-08-01,THEFT,18817.0,29.0,-0.27185405145584346,-0.9417280544203632,-0.6698740029645198
2022-09-01,THEFT,17557.0,24.0,-0.5691365381315691,-1.291120917884229,-0.7219843797526598
2022-10-01,THEFT,21127.0,36.0,0.2731638407829867,-0.45257804557095116,-0.7257418863539379
2022-11-01,THEFT,21659.0,21.0,0.3986831129349597,-1.5007566359625484,-1.899439748897508
2022-12-01,THEFT,21066.0,27.0,0.25877159341217776,-1.0814851998059094,-1.340256793218087
2023-01-01,THEFT,20643.0,26.0,0.1589696157424699,-1.1513637724986827,-1.3103333882411525
2023-02-01,THEFT,20042.0,26.0,0.01717058836777859,-1.1513637724986827,-1.1685343608664613
2023-03-01,THEFT,22038.0,43.0,0.48810379741916604,0.036571963278460906,-0.45153183414070514
2023-04-01,THEFT,20855.0,41.0,0.20898857381806818,-0.1031851821070854,-0.31217375592515356
2023-05-01,THEFT,22974.0,38.0,0.7089422160925621,-0.31282090018540487,-1.021763116277967
2023-06-01,THEFT,23608.0,35.0,0.8585272133563796,-0.5224566182637242,-1.380983831620104
2023-07-01,THEFT,23610.0,44.0,0.858999090319357,0.10645053597123405,-0.752548554348123
2023-08-01,THEFT,22202.0,79.0,0.5267977083833081,2.5522005802182943,2.025402871834986
2023-09-01,THEFT,21757.0,55.0,0.4218050841208495,0.8751148355917387,0.45330975147088926
2023-10-01,THEFT,23130.0,55.0,0.7457486192047948,0.8751148355917387,0.1293662163869439
2023-11-01,THEFT,26061.0,53.0,1.4372843084480897,0.7353576902061925,-0.7019266182418973
2023-12-01,THEFT,24672.0,49.0,1.1095657576603257,0.4558433994350998,-0.6537223582252258
2024-01-01,THEFT,22694.0,43.0,0.6428794412757343,0.036571963278460906,-0.6063074779972734
2024-02-01,THEFT,24437.0,49.0,1.054120214510488,0.4558433994350998,-0.5982768150753881
2024-03-01,THEFT,25929.0,62.0,1.406140428891585,1.3642648444411507,-0.04187558445043438
2024-04-01,THEFT,25913.0,51.0,1.4023654131877665,0.5956005448206461,-0.8067648683671205
2024-05-01,THEFT,25683.0,52.0,1.348099562445372,0.6654791175134193,-0.6826204449319527
2024-06-01,THEFT,26401.0,56.0,1.517503392154238,0.9449934082845118,-0.5725099838697262
2024-07-01,THEFT,26860.0,41.0,1.625799155157538,-0.1031851821070854,-1.7289843372646234
2024-08-01,THEFT,26350.0,33.0,1.5054705295983157,-0.6622137636492706,-2.1676842932475866
2024-09-01,THEFT,25214.0,59.0,1.2374444146271855,1.1546291263628312,-0.08281528826435425
2024-10-01,THEFT,28309.0,63.0,1.9676740148346223,1.434143417133924,-0.5335305977006983
2024-11-01,THEFT,28895.0,53.0,2.1059339649869835,0.7353576902061925,-1.370576274780791
2024-12-01,THEFT,26525.0,39.0,1.546759763858833,-0.2429423274926317,-1.7897020913514647
2025-01-01,THEFT,23808.0,60.0,0.9057149096541138,1.2245076990556045,0.3187927894014907
2025-02-01,THEFT,23224.0,65.0,0.7679268364647299,1.5739005625194702,0.8059737260547403
2025-03-01,THEFT,24393.0,69.0,1.0437389213249864,1.8534148532905628,0.8096759319655764
2025-04-01,THEFT,24013.0,47.0,0.9540822983592914,0.3160862540495535,-0.6379960443097379
2025-05-01,THEFT,24918.0,45.0,1.1676066241065388,0.1763291086640072,-0.9912775154425316
2025-06-01,THEFT,24475.0,20.0,1.0630858768070575,-1.5706352086553215,-2.633721085462379
2025-07-01,THEFT,25683.0,40.0,1.348099562445372,-0.17306375479985855,-1.5211633172452306
2025-08-01,THEFT,24255.0,44.0,1.0111794108795498,0.10645053597123405,-0.9047288749083158
2025-09-01,THEFT,22728.0,51.0,0.650901349646349,0.5956005448206461,-0.05530080482570299
2025-10-01,THEFT,23526.0,65.0,0.8391802578743086,1.5739005625194702,0.7347203046451616
2025-11-01,THEFT,24353.0,41.0,1.0343013820654396,-0.1031851821070854,-1.1374865641725251
2025-12-01,THEFT,23925.0,42.0,0.9333197119882883,-0.033306609414312245,-0.9666263214026006
2026-01-01,THEFT,20937.0,38.0,0.2283355293001392,-0.31282090018540487,-0.5411564294855441
2026-02-01,THEFT,20751.0,52.0,0.18445097174324637,0.6654791175134193,0.4810281457701729
2017-04-01,VEHICLE OFFENCES,8594.0,7.0,-0.1348003136537871,0.1109967506012691,0.2457970642550562
2017-05-01,VEHICLE OFFENCES,9221.0,9.0,0.38635558116088115,0.4155262971226998,0.02917071596181864
2017-06-01,VEHICLE OFFENCES,8407.0,2.0,-0.2902327735107934,-0.6503271157023076,-0.3600943421915142
2017-07-01,VEHICLE OFFENCES,8646.0,3.0,-0.0915784531587907,-0.49806234244159225,-0.40648388928280155
2017-08-01,VEHICLE OFFENCES,8633.0,4.0,-0.1023839182825398,-0.3457975691808769,-0.2434136508983371
2017-09-01,VEHICLE OFFENCES,8910.0,12.0,0.12785560781580646,0.8723206169048457,0.7444650090890392
2017-10-01,VEHICLE OFFENCES,9279.0,6.0,0.4345645794053002,-0.041268022659446235,-0.4758326020647464
2017-11-01,VEHICLE OFFENCES,9275.0,11.0,0.4312398209056851,0.7200558436441304,0.28881602273844537
2017-12-01,VEHICLE OFFENCES,8522.0,16.0,-0.19464596664685907,1.4813797099477068,1.6760256765945658
2018-01-01,VEHICLE OFFENCES,9466.0,7.0,0.5899970392623065,0.1109967506012691,-0.4790002886610374
2018-02-01,VEHICLE OFFENCES,8776.0,6.0,0.016476198078700318,-0.041268022659446235,-0.05774422073814656
2018-03-01,VEHICLE OFFENCES,8939.0,40.0,0.15196010693801598,5.135734268204875,4.98377416126686
2018-04-01,VEHICLE OFFENCES,8927.0,40.0,0.14198583143917065,5.135734268204875,4.993748436765705
2018-05-01,VEHICLE OFFENCES,8871.0,7.0,0.09543921244455913,0.1109967506012691,0.01555753815670996
2018-06-01,VEHICLE OFFENCES,9026.0,2.0,0.2242736043046446,-0.6503271157023076,-0.8746007200069522
2018-07-01,VEHICLE OFFENCES,9078.0,5.0,0.267495464799641,-0.19353279592016157,-0.4610282607198025
2018-08-01,VEHICLE OFFENCES,9231.0,25.0,0.3946674774099189,2.851762669294145,2.457095191884226
2018-09-01,VEHICLE OFFENCES,9799.0,23.0,0.8667831843552642,2.547233122772714,1.6804499384174498
2018-10-01,VEHICLE OFFENCES,10509.0,13.0,1.456927818036946,1.024585390165561,-0.432342427871385
2018-11-01,VEHICLE OFFENCES,10529.0,6.0,1.4735516105350215,-0.041268022659446235,-1.5148196331944677
2018-12-01,VEHICLE OFFENCES,9644.0,10.0,0.7379487924951789,0.5677910703834151,-0.17015772211176372
2019-01-01,VEHICLE OFFENCES,10859.0,25.0,1.747844186753268,2.851762669294145,1.103918482540877
2019-02-01,VEHICLE OFFENCES,9675.0,15.0,0.7637156708671959,1.3291149366869917,0.5653992658197957
2019-03-01,VEHICLE OFFENCES,10794.0,8.0,1.6938168611345226,0.2632615238619844,-1.4305553372725381
2019-04-01,VEHICLE OFFENCES,10297.0,8.0,1.2807156175573453,0.2632615238619844,-1.0174540936953609
2019-05-01,VEHICLE OFFENCES,10070.0,6.0,1.092035572704188,-0.041268022659446235,-1.1333035953636341
2019-06-01,VEHICLE OFFENCES,10049.0,7.0,1.0745805905812085,0.1109967506012691,-0.9635838399799393
2019-07-01,VEHICLE OFFENCES,10519.0,10.0,1.4652397142859839,0.5677910703834151,-0.8974486439025687
2019-08-01,VEHICLE OFFENCES,10480.0,4.0,1.4328233189147366,-0.3457975691808769,-1.7786208880956136
2019-09-01,VEHICLE OFFENCES,11616.0,3.0,2.3770547328054272,-0.49806234244159225,-2.8751170752470196
2019-10-01,VEHICLE OFFENCES,12309.0,6.0,2.953069142863745,-0.041268022659446235,-2.9943371655231914
2019-11-01,VEHICLE OFFENCES,11391.0,4.0,2.1900370672020775,-0.3457975691808769,-2.5358346363829543
2019-12-01,VEHICLE OFFENCES,10972.0,11.0,1.8417686143673948,0.7200558436441304,-1.1217127707232644
2020-01-01,VEHICLE OFFENCES,12090.0,9.0,2.7710386150098176,0.4155262971226998,-2.355512317887118
2020-02-01,VEHICLE OFFENCES,10762.0,8.0,1.6672187931376017,0.2632615238619844,-1.4039572692756173
2020-03-01,VEHICLE OFFENCES,9588.0,11.0,0.6914021735005673,0.7200558436441304,0.028653670143563126
2020-04-01,VEHICLE OFFENCES,6343.0,4.0,-2.0058081593121893,-0.3457975691808769,1.6600105901313125
2020-05-01,VEHICLE OFFENCES,7275.0,3.0,-1.2311394289018691,-0.49806234244159225,0.7330770864602769
2020-06-01,VEHICLE OFFENCES,8107.0,1.0,-0.5395896609819265,-0.8025918889630229,-0.2630022279810964
2020-07-01,VEHICLE OFFENCES,9026.0,8.0,0.2242736043046446,0.2632615238619844,0.03898791955733982
2020-08-01,VEHICLE OFFENCES,8879.0,9.0,0.10208872944378936,0.4155262971226998,0.3134375676789104
2020-09-01,VEHICLE OFFENCES,10097.0,1.0,1.1144776925765898,-0.8025918889630229,-1.9170695815396126
2020-10-01,VEHICLE OFFENCES,10553.0,4.0,1.4935001615327121,-0.3457975691808769,-1.839297730713589
2020-11-01,VEHICLE OFFENCES,9121.0,7.0,0.3032366186705034,0.1109967506012691,-0.1922398680692343
2020-12-01,VEHICLE OFFENCES,7683.0,5.0,-0.8920140619411281,-0.19353279592016157,0.6984812660209665
2021-01-01,VEHICLE OFFENCES,7631.0,1.0,-0.9352359224361244,-0.8025918889630229,0.1326440334731015
2021-02-01,VEHICLE OFFENCES,7566.0,2.0,-0.98926324805487,-0.6503271157023076,0.33893613235256237
2021-03-01,VEHICLE OFFENCES,8233.0,1.0,-0.43485976824405065,-0.8025918889630229,-0.36773212071897227
2021-04-01,VEHICLE OFFENCES,7027.0,4.0,-1.4372744558780057,-0.3457975691808769,1.0914768866971287
2021-05-01,VEHICLE OFFENCES,7708.0,1.0,-0.8712343213185336,-0.8025918889630229,0.06864243235551071
2021-06-01,VEHICLE OFFENCES,8011.0,3.0,-0.6193838649726892,-0.49806234244159225,0.1213215225310969
2021-07-01,VEHICLE OFFENCES,7836.0,13.0,-0.7648420493308502,1.024585390165561,1.7894274394964111
2021-08-01,VEHICLE OFFENCES,8591.0,4.0,-0.13729388252849845,-0.3457975691808769,-0.20850368665237845
2021-09-01,VEHICLE OFFENCES,8901.0,1.0,0.12037490119167245,-0.8025918889630229,-0.9229667901546954
2021-10-01,VEHICLE OFFENCES,9355.0,1.0,0.4977349908979873,-0.8025918889630229,-1.3003268798610101
2021-11-01,VEHICLE OFFENCES,9457.0,2.0,0.5825163326381725,-0.6503271157023076,-1.2328434483404802
2021-12-01,VEHICLE OFFENCES,8499.0,2.0,-0.21376332801964593,-0.6503271157023076,-0.4365637876826617
2022-01-01,VEHICLE OFFENCES,8897.0,1.0,0.11705014269205735,-0.8025918889630229,-0.9196420316550803
2022-02-01,VEHICLE OFFENCES,7915.0,3.0,-0.6991780689634518,-0.49806234244159225,0.20111572652185955
2022-03-01,VEHICLE OFFENCES,8889.0,4.0,0.11040062569282713,-0.3457975691808769,-0.45619819487370405
2022-04-01,VEHICLE OFFENCES,8450.0,0.0,-0.254491619639931,-0.9548566622237382,-0.7003650425838073
2022-05-01,VEHICLE OFFENCES,8605.0,5.0,-0.12565722777984556,-0.19353279592016157,-0.067875568140316
2022-06-01,VEHICLE OFFENCES,8775.0,6.0,0.01564500845379654,-0.041268022659446235,-0.05691303111324278
2022-07-01,VEHICLE OFFENCES,8694.0,4.0,-0.051681351163409404,-0.3457975691808769,-0.2941162180174675
2022-08-01,VEHICLE OFFENCES,8966.0,6.0,0.17440222681041798,-0.041268022659446235,-0.2156702494698642
2022-09-01,VEHICLE OFFENCES,9144.0,3.0,0.3223539800432903,-0.49806234244159225,-0.8204163224848826
2022-10-01,VEHICLE OFFENCES,9718.0,4.0,0.7994568247380583,-0.3457975691808769,-1.1452543939189352
2022-11-01,VEHICLE OFFENCES,9535.0,2.0,0.6473491233806671,-0.6503271157023076,-1.2976762390829748
2022-12-01,VEHICLE OFFENCES,8004.0,0.0,-0.6252021923470156,-0.9548566622237382,-0.32965446987672264
2023-01-01,VEHICLE OFFENCES,9070.0,7.0,0.26084594780041076,0.1109967506012691,-0.14984919719914166
2023-02-01,VEHICLE OFFENCES,8145.0,7.0,-0.508004455235583,0.1109967506012691,0.6190012058368521
2023-03-01,VEHICLE OFFENCES,8765.0,0.0,0.007333112204758769,-0.9548566622237382,-0.962189774428497
2023-04-01,VEHICLE OFFENCES,7901.0,2.0,-0.7108147237121046,-0.6503271157023076,0.06048760800979702
2023-05-01,VEHICLE OFFENCES,8634.0,9.0,-0.10155272865763604,0.4155262971226998,0.5170790257803358
2023-06-01,VEHICLE OFFENCES,8160.0,6.0,-0.4955366108620264,-0.041268022659446235,0.45426858820258015
2023-07-01,VEHICLE OFFENCES,8379.0,4.0,-0.3135060830080992,-0.3457975691808769,-0.03229148617277772
2023-08-01,VEHICLE OFFENCES,8350.0,1.0,-0.3376105821303087,-0.8025918889630229,-0.4649813068327142
2023-09-01,VEHICLE OFFENCES,8843.0,4.0,0.07216590294725338,-0.3457975691808769,-0.4179634721281303
2023-10-01,VEHICLE OFFENCES,8786.0,4.0,0.024788094327738087,-0.3457975691808769,-0.370585663508615
2023-11-01,VEHICLE OFFENCES,8903.0,10.0,0.12203728044148,0.5677910703834151,0.44575378994193515
2023-12-01,VEHICLE OFFENCES,8361.0,5.0,-0.3284674962563672,-0.19353279592016157,0.1349347003362056
2024-01-01,VEHICLE OFFENCES,8806.0,2.0,0.04141188682581363,-0.6503271157023076,-0.6917390025281213
2024-02-01,VEHICLE OFFENCES,8032.0,8.0,-0.6019288828497098,0.2632615238619844,0.8651904067116942
2024-03-01,VEHICLE OFFENCES,8682.0,3.0,-0.06165562666225473,-0.49806234244159225,-0.43640671577933754
2024-04-01,VEHICLE OFFENCES,8858.0,3.0,0.08463374732081004,-0.49806234244159225,-0.5826960897624023
2024-05-01,VEHICLE OFFENCES,8947.0,3.0,0.1586096239372462,-0.49806234244159225,-0.6566719663788385
2024-06-01,VEHICLE OFFENCES,8496.0,5.0,-0.21625689689435726,-0.19353279592016157,0.022724100974195693
2024-07-01,VEHICLE OFFENCES,8294.0,7.0,-0.38415720112492024,0.1109967506012691,0.49515395172618937
2024-08-01,VEHICLE OFFENCES,8258.0,2.0,-0.41408002762145624,-0.6503271157023076,-0.23624708808085138
2024-09-01,VEHICLE OFFENCES,7953.0,0.0,-0.6675928632171082,-0.9548566622237382,-0.28726379900663
2024-10-01,VEHICLE OFFENCES,8447.0,4.0,-0.25698518851464236,-0.3457975691808769,-0.08881238066623454
2024-11-01,VEHICLE OFFENCES,8104.0,3.0,-0.5420832298566379,-0.49806234244159225,0.04402088741504567
2024-12-01,VEHICLE OFFENCES,7358.0,4.0,-1.1621506900348557,-0.3457975691808769,0.8163531208539788
2025-01-01,VEHICLE OFFENCES,7567.0,8.0,-0.9884320584299662,0.2632615238619844,1.2516935822919506
2025-02-01,VEHICLE OFFENCES,7310.0,3.0,-1.2020477920302368,-0.49806234244159225,0.7039854495886446
2025-03-01,VEHICLE OFFENCES,7304.0,5.0,-1.2070349297796596,-0.19353279592016157,1.013502133859498
2025-04-01,VEHICLE OFFENCES,6941.0,2.0,-1.5087567636197308,-0.6503271157023076,0.8584296479174232
2025-05-01,VEHICLE OFFENCES,7337.0,1.0,-1.179605672157835,-0.8025918889630229,0.37701378319481205
2025-06-01,VEHICLE OFFENCES,7008.0,2.0,-1.4530670587511776,-0.6503271157023076,0.80273994304887
2025-07-01,VEHICLE OFFENCES,7265.0,3.0,-1.239451325150907,-0.49806234244159225,0.7413889827093147
2025-08-01,VEHICLE OFFENCES,7214.0,2.0,-1.2818419960209995,-0.6503271157023076,0.6315148803186919
2025-09-01,VEHICLE OFFENCES,7254.0,3.0,-1.2485944110248484,-0.49806234244159225,0.7505320685832562
2025-10-01,VEHICLE OFFENCES,7425.0,8.0,-1.1064609851663025,0.2632615238619844,1.369722509028287
2025-11-01,VEHICLE OFFENCES,7227.0,6.0,-1.2710365308972504,-0.041268022659446235,1.2297685082378043
2025-12-01,VEHICLE OFFENCES,6365.0,10.0,-1.9875219875643062,0.5677910703834151,2.5553130579477212
2026-01-01,VEHICLE OFFENCES,6698.0,7.0,-1.7107358424713486,0.1109967506012691,1.8217325930726176
2026-02-01,VEHICLE OFFENCES,6220.0,4.0,-2.108044483175354,-0.3457975691808769,1.7622469139944772
2017-04-01,VIOLENCE AGAINST THE PERSON,15860.0,624.0,-1.929922453003471,2.4842253080098238,4.414147761013295
2017-05-01,VIOLENCE AGAINST THE PERSON,17534.0,634.0,-0.8636453130636336,2.5455175299146964,3.40916284297833
2017-06-01,VIOLENCE AGAINST THE PERSON,18037.0,1432.0,-0.5432526001665378,7.436636837923524,7.979889438090062
2017-07-01,VIOLENCE AGAINST THE PERSON,18300.0,327.0,-0.3757311618127879,0.66384631743511,1.0395774792478978
2017-08-01,VIOLENCE AGAINST THE PERSON,16154.0,306.0,-1.7426551416878724,0.5351326514348778,2.27778779312275
2017-09-01,VIOLENCE AGAINST THE PERSON,16377.0,491.0,-1.6006122490913468,1.6690387566750193,3.269651005766366
2017-10-01,VIOLENCE AGAINST THE PERSON,17829.0,363.0,-0.6757410381041042,0.8844983162926511,1.5602393543967552
2017-11-01,VIOLENCE AGAINST THE PERSON,16936.0,383.0,-1.244549572134137,1.0070827601023962,2.2516323322365333
2017-12-01,VIOLENCE AGAINST THE PERSON,16320.0,285.0,-1.6369191767953915,0.40641898543464544,2.043338162230037
2018-01-01,VIOLENCE AGAINST THE PERSON,16437.0,363.0,-1.5623944304555104,0.8844983162926511,2.4468927467481616
2018-02-01,VIOLENCE AGAINST THE PERSON,14726.0,262.0,-2.6522392252207805,0.2654468750534386,2.917686100274219
2018-03-01,VIOLENCE AGAINST THE PERSON,17187.0,445.0,-1.0846716975075545,1.387094535912606,2.47176623342016
2018-04-01,VIOLENCE AGAINST THE PERSON,16601.0,308.0,-1.4579323928508907,0.5473910958158522,2.005323488666743
2018-05-01,VIOLENCE AGAINST THE PERSON,18980.0,247.0,0.05740411606002551,0.17350854219612985,0.11610442613610433
2018-06-01,VIOLENCE AGAINST THE PERSON,18827.0,314.0,-0.0400513214613575,0.5841664289587758,0.6242177504201333
2018-07-01,VIOLENCE AGAINST THE PERSON,20222.0,349.0,0.8485129618218406,0.7986892056258296,-0.04982375619601098
2018-08-01,VIOLENCE AGAINST THE PERSON,17304.0,435.0,-1.0101469511676733,1.3258023140077333,2.3359492651754064
2018-09-01,VIOLENCE AGAINST THE PERSON,17362.0,402.0,-0.9732030598196981,1.123537981721654,2.0967410415413523
2018-10-01,VIOLENCE AGAINST THE PERSON,18000.0,275.0,-0.5668202549919703,0.3451267635297729,0.9119470185217432
2018-11-01,VIOLENCE AGAINST THE PERSON,17665.0,265.0,-0.7802030757087239,0.2838345416249004,1.0640376173336243
2018-12-01,VIOLENCE AGAINST THE PERSON,17923.0,202.0,-0.615866455574627,-0.10230645637579651,0.5135599991988306
2019-01-01,VIOLENCE AGAINST THE PERSON,17412.0,307.0,-0.9413548776231677,0.541261873625365,1.4826167512485329
2019-02-01,VIOLENCE AGAINST THE PERSON,16813.0,257.0,-1.3228961003376019,0.23480076410100237,1.5576968644386042
2019-03-01,VIOLENCE AGAINST THE PERSON,18723.0,339.0,-0.10629554043014072,0.7373969837209571,0.8436925241510977
2019-04-01,VIOLENCE AGAINST THE PERSON,17522.0,267.0,-0.8712888767908008,0.2960929860058749,1.1673818627966757
2019-05-01,VIOLENCE AGAINST THE PERSON,18884.0,256.0,-0.003744393757312852,0.2286715419105151,0.23241593566782798
2019-06-01,VIOLENCE AGAINST THE PERSON,19034.0,378.0,0.09180015283227834,0.9764366491499599,0.8846364963176815
2019-07-01,VIOLENCE AGAINST THE PERSON,20302.0,256.0,0.8994700533362892,0.2286715419105151,-0.6707985114257741
2019-08-01,VIOLENCE AGAINST THE PERSON,18629.0,255.0,-0.16617012295961786,0.22254231972002786,0.3887124426796457
2019-09-01,VIOLENCE AGAINST THE PERSON,18470.0,279.0,-0.2674473423445845,0.3696436522917219,0.6370909946363064
2019-10-01,VIOLENCE AGAINST THE PERSON,18907.0,200.0,0.010905770053091129,-0.114564900756771,-0.12547067080986213
2019-11-01,VIOLENCE AGAINST THE PERSON,18911.0,339.0,0.013453624628813561,0.7373969837209571,0.7239433590921435
2019-12-01,VIOLENCE AGAINST THE PERSON,18244.0,340.0,-0.4114011258729019,0.7435262059114444,1.1549273317843463
2020-01-01,VIOLENCE AGAINST THE PERSON,18066.0,285.0,-0.5247806544925502,0.40641898543464544,0.9311996399271956
2020-02-01,VIOLENCE AGAINST THE PERSON,17279.0,322.0,-1.0260710422659385,0.6332002064826738,1.6592712487486123
2020-03-01,VIOLENCE AGAINST THE PERSON,17657.0,160.0,-0.7852987848601688,-0.3597337883762611,0.4255649964839077
2020-04-01,VIOLENCE AGAINST THE PERSON,15474.0,77.0,-2.175790419560686,-0.868459230186703,1.3073311893739827
2020-05-01,VIOLENCE AGAINST THE PERSON,17855.0,94.0,-0.6591799833619084,-0.7642624529484198,-0.10508246958651135
2020-06-01,VIOLENCE AGAINST THE PERSON,19112.0,301.0,0.14148331705886574,0.5044865404824415,0.3630032234235757
2020-07-01,VIOLENCE AGAINST THE PERSON,20366.0,224.0,0.940235726547848,0.03253643181492305,-0.907699294732925
2020-08-01,VIOLENCE AGAINST THE PERSON,20230.0,138.0,0.8536086709732854,-0.4945766765669807,-1.348185347540266
2020-09-01,VIOLENCE AGAINST THE PERSON,19359.0,135.0,0.2988133371097259,-0.5129643431384424,-0.8117776802481683
2020-10-01,VIOLENCE AGAINST THE PERSON,18400.0,134.0,-0.31203479741972706,-0.5190935653289297,-0.20705876790920263
2020-11-01,VIOLENCE AGAINST THE PERSON,17953.0,108.0,-0.5967575462567088,-0.6784533422815983,-0.08169579602488941
2020-12-01,VIOLENCE AGAINST THE PERSON,17059.0,80.0,-1.1662030439306723,-0.8500715636152413,0.31613148031543103
2021-01-01,VIOLENCE AGAINST THE PERSON,15520.0,101.0,-2.146490091939878,-0.721357897615009,1.425132194324869
2021-02-01,VIOLENCE AGAINST THE PERSON,15359.0,100.0,-2.2490412386127057,-0.7274871198054963,1.5215541188072095
2021-03-01,VIOLENCE AGAINST THE PERSON,18582.0,181.0,-0.19610741422435643,-0.2310201223760288,-0.034912708151672384
2021-04-01,VIOLENCE AGAINST THE PERSON,18295.0,153.0,-0.3789159800324409,-0.4026383437096719,-0.023722363677230962
2021-05-01,VIOLENCE AGAINST THE PERSON,20578.0,147.0,1.075272019061137,-0.43941367685259536,-1.5146856959137323
2021-06-01,VIOLENCE AGAINST THE PERSON,20729.0,140.0,1.1714535292946588,-0.48231823218600617,-1.653771761480665
2021-07-01,VIOLENCE AGAINST THE PERSON,21188.0,145.0,1.4638198418588078,-0.45167212123356987,-1.9154919630923777
2021-08-01,VIOLENCE AGAINST THE PERSON,18668.0,179.0,-0.14132854084632415,-0.2432785667570033,-0.10195002591067914
2021-09-01,VIOLENCE AGAINST THE PERSON,19693.0,167.0,0.5115591941825489,-0.3168292330428503,-0.8283884272253992
2021-10-01,VIOLENCE AGAINST THE PERSON,20438.0,94.0,0.9860971089108519,-0.7642624529484198,-1.7503595618592716
2021-11-01,VIOLENCE AGAINST THE PERSON,19694.0,97.0,0.5121961578264795,-0.745874786376958,-1.2580709442034377
2021-12-01,VIOLENCE AGAINST THE PERSON,18469.0,87.0,-0.2680843059885151,-0.8071670082818305,-0.5390827022933153
2022-01-01,VIOLENCE AGAINST THE PERSON,18521.0,96.0,-0.23496219650412353,-0.7520040085674452,-0.5170418120633217
2022-02-01,VIOLENCE AGAINST THE PERSON,18058.0,115.0,-0.529876363643995,-0.6355487869481875,-0.10567242330419246
2022-03-01,VIOLENCE AGAINST THE PERSON,19892.0,103.0,0.6383149593247399,-0.7090994532340344,-1.3474144125587744
2022-04-01,VIOLENCE AGAINST THE PERSON,18663.0,122.0,-0.1445133590659772,-0.5926442316147766,-0.44813087254879946
2022-05-01,VIOLENCE AGAINST THE PERSON,21068.0,142.0,1.3873842045871347,-0.47005978780503166,-1.8574439923921664
2022-06-01,VIOLENCE AGAINST THE PERSON,19986.0,129.0,0.6981895418542171,-0.5497396762813659,-1.247929218135583
2022-07-01,VIOLENCE AGAINST THE PERSON,20731.0,108.0,1.1727274565825199,-0.6784533422815983,-1.8511807988641182
2022-08-01,VIOLENCE AGAINST THE PERSON,19912.0,111.0,0.6510542322033521,-0.6600656757101365,-1.3111199079134885
2022-09-01,VIOLENCE AGAINST THE PERSON,18912.0,90.0,0.014090588272744169,-0.7887793417103688,-0.8028699299831129
2022-10-01,VIOLENCE AGAINST THE PERSON,19753.0,117.0,0.5497770128183854,-0.6232903425672129,-1.1730673553855984
2022-11-01,VIOLENCE AGAINST THE PERSON,19379.0,127.0,0.31155260998833806,-0.5619981206623405,-0.8735507306506785
2022-12-01,VIOLENCE AGAINST THE PERSON,17842.0,83.0,-0.6674605107330063,-0.8316838970437795,-0.16422338631077327
2023-01-01,VIOLENCE AGAINST THE PERSON,18740.0,156.0,-0.0954671584833204,-0.3842506771382101,-0.2887835186548897
2023-02-01,VIOLENCE AGAINST THE PERSON,17972.0,95.0,-0.5846552370220273,-0.7581332307579325,-0.17347799373590522
2023-03-01,VIOLENCE AGAINST THE PERSON,19639.0,122.0,0.47716315741029613,-0.5926442316147766,-1.0698073890250728
2023-04-01,VIOLENCE AGAINST THE PERSON,19259.0,119.0,0.23511697271666512,-0.6110318981862385,-0.8461488709029036
2023-05-01,VIOLENCE AGAINST THE PERSON,21303.0,179.0,1.5370706609108278,-0.2432785667570033,-1.780349227667831
2023-06-01,VIOLENCE AGAINST THE PERSON,22496.0,185.0,2.296968288120043,-0.2065032336140798,-2.503471521734123
2023-07-01,VIOLENCE AGAINST THE PERSON,21929.0,176.0,1.9358099020113884,-0.26166623332846506,-2.1974761353398535
2023-08-01,VIOLENCE AGAINST THE PERSON,20470.0,147.0,1.0064799455166313,-0.43941367685259536,-1.4458936223692267
2023-09-01,VIOLENCE AGAINST THE PERSON,21055.0,183.0,1.379103677216037,-0.2187616779950543,-1.5978653552110913
2023-10-01,VIOLENCE AGAINST THE PERSON,19715.0,292.0,0.5255723943490224,0.4493235407680562,-0.07624885358096617
2023-11-01,VIOLENCE AGAINST THE PERSON,19880.0,171.0,0.6306713955975727,-0.2923123442809013,-0.9229837398784739
2023-12-01,VIOLENCE AGAINST THE PERSON,20298.0,130.0,0.8969221987605668,-0.5436104540908787,-1.4405326528514455
2024-01-01,VIOLENCE AGAINST THE PERSON,19431.0,116.0,0.34467471947272965,-0.6294195647577002,-0.9740942842304299
2024-02-01,VIOLENCE AGAINST THE PERSON,19250.0,383.0,0.22938429992128964,1.0070827601023962,0.7776984601811066
2024-03-01,VIOLENCE AGAINST THE PERSON,18735.0,129.0,-0.09865197670297343,-0.5497396762813659,-0.45108769957839245
2024-04-01,VIOLENCE AGAINST THE PERSON,17818.0,198.0,-0.6827476381873409,-0.1268233451377455,0.5559242930495953
2024-05-01,VIOLENCE AGAINST THE PERSON,20300.0,256.0,0.8981961260484279,0.2286715419105151,-0.6695245841379128
2024-06-01,VIOLENCE AGAINST THE PERSON,19985.0,143.0,0.6975525782102865,-0.4639305656145444,-1.1614831438248308
2024-07-01,VIOLENCE AGAINST THE PERSON,20644.0,116.0,1.117311619560557,-0.6294195647577002,-1.7467311843182571
2024-08-01,VIOLENCE AGAINST THE PERSON,19449.0,190.0,0.3561400650634806,-0.17585712266164352,-0.5319971877251242
2024-09-01,VIOLENCE AGAINST THE PERSON,19190.0,150.0,0.19116648128545316,-0.4210260102811336,-0.6121924915665868
2024-10-01,VIOLENCE AGAINST THE PERSON,19444.0,147.0,0.35295524684382756,-0.43941367685259536,-0.7923689236964229
2024-11-01,VIOLENCE AGAINST THE PERSON,18988.0,118.0,0.06249982521147037,-0.6171611203767257,-0.679660945588196
2024-12-01,VIOLENCE AGAINST THE PERSON,19074.0,126.0,0.11727869858950266,-0.5681273428528277,-0.6854060414423304
2025-01-01,VIOLENCE AGAINST THE PERSON,18264.0,161.0,-0.39866185299428974,-0.35360456618577385,0.045057286808515895
2025-02-01,VIOLENCE AGAINST THE PERSON,17275.0,99.0,-1.028618896841661,-0.7336163419959835,0.2950025548456775
2025-03-01,VIOLENCE AGAINST THE PERSON,20176.0,143.0,0.8192126342010326,-0.4639305656145444,-1.283143199815577
2025-04-01,VIOLENCE AGAINST THE PERSON,19426.0,124.0,0.34148990125307666,-0.5803857872338022,-0.9218756884868788
2025-05-01,VIOLENCE AGAINST THE PERSON,20786.0,242.0,1.2077604569987035,0.14286243124369358,-1.06489802575501
2025-06-01,VIOLENCE AGAINST THE PERSON,21681.0,68.0,1.7778429183165976,-0.9236222299010883,-2.701465148217686
2025-07-01,VIOLENCE AGAINST THE PERSON,22872.0,130.0,2.5364666182379514,-0.5436104540908787,-3.08007707232883
2025-08-01,VIOLENCE AGAINST THE PERSON,20422.0,184.0,0.9759056906079622,-0.21263245580456705,-1.1885381464125293
2025-09-01,VIOLENCE AGAINST THE PERSON,19891.0,177.0,0.6376779956808093,-0.25553701113797783,-0.8932150068187872
2025-10-01,VIOLENCE AGAINST THE PERSON,21204.0,282.0,1.4740112601616975,0.3880313188631837,-1.0859799412985138
2025-11-01,VIOLENCE AGAINST THE PERSON,20191.0,176.0,0.8287670888599917,-0.26166623332846506,-1.0904333221884568
2025-12-01,VIOLENCE AGAINST THE PERSON,20058.0,189.0,0.7440509242172209,-0.18198634485213078,-0.9260372690693517
2026-01-01,VIOLENCE AGAINST THE PERSON,19582.0,111.0,0.4408562297062515,-0.6600656757101365,-1.1009219054163881
2026-02-01,VIOLENCE AGAINST THE PERSON,19153.0,110.0,0.16759882646002067,-0.6661948979006237,-0.8337937243606444
