date,crime_type,crime_count,headline_count,crime_z,headline_z,divergence
3/1/2015,LETHAL BARREL DISCHARGE,19,44,-0.268583662,-0.353656751,-0.085073089
3/1/2015,GUN CRIME,211,24,0.399544005,0.231187219,-0.168356786
3/1/2015,KNIFE CRIME,1528,81,-0.658964132,-0.689370464,-0.030406332
3/1/2015,MISCELLANEOUS,2599,0,-0.736076341,-0.436446594,0.299629747
3/1/2015,HATE CRIME,3891,32,-1.513924732,-0.516161754,0.997762977
3/1/2015,DOMESTIC ABUSE,7703,5,-1.795828724,-0.185909231,1.609919493
4/1/2015,LETHAL BARREL DISCHARGE,24,51,0.213115297,-0.116860491,-0.329975788
4/1/2015,GUN CRIME,181,11,-0.154251676,-0.858695385,-0.70444371
4/1/2015,KNIFE CRIME,1456,46,-0.920382303,-1.042972279,-0.122589976
4/1/2015,MISCELLANEOUS,2581,0,-0.747275863,-0.436446594,0.310829269
4/1/2015,HATE CRIME,3891,20,-1.513924732,-0.859114866,0.654809865
4/1/2015,DOMESTIC ABUSE,7374,1,-2.209997643,-1.03947509,1.170522552
5/1/2015,LETHAL BARREL DISCHARGE,22,19,0.020435713,-1.199357676,-1.219793389
5/1/2015,GUN CRIME,208,11,0.344164437,-0.858695385,-1.202859822
5/1/2015,KNIFE CRIME,1586,28,-0.448377272,-1.224824641,-0.776447368
5/1/2015,MISCELLANEOUS,2829,0,-0.592971335,-0.436446594,0.156524741
5/1/2015,HATE CRIME,4149,27,-1.269974164,-0.659058884,0.61091528
5/1/2015,DOMESTIC ABUSE,8348,2,-0.983856225,-0.826083625,0.157772599
6/1/2015,LETHAL BARREL DISCHARGE,15,31,-0.653942829,-0.793421232,-0.139478403
6/1/2015,GUN CRIME,179,34,-0.191171388,1.069558453,1.260729841
6/1/2015,KNIFE CRIME,1624,106,-0.310406571,-0.436797739,-0.126391168
6/1/2015,MISCELLANEOUS,2139,0,-1.022286352,-0.436446594,0.585839758
6/1/2015,HATE CRIME,4156,23,-1.26335535,-0.773376588,0.489978762
6/1/2015,DOMESTIC ABUSE,8232,3,-1.129885387,-0.612692161,0.517193227
7/1/2015,LETHAL BARREL DISCHARGE,22,63,0.020435713,0.289075953,0.268640239
7/1/2015,GUN CRIME,200,19,0.196485589,-0.187998398,-0.384483987
7/1/2015,KNIFE CRIME,1275,61,-1.577558537,-0.891428644,0.686129893
7/1/2015,MISCELLANEOUS,2077,1,-1.060862484,0.492762283,1.553624767
7/1/2015,HATE CRIME,4330,23,-1.098830548,-0.773376588,0.32545396
7/1/2015,DOMESTIC ABUSE,8863,2,-0.335537097,-0.826083625,-0.490546528
8/1/2015,LETHAL BARREL DISCHARGE,22,48,0.020435713,-0.218344603,-0.238780316
8/1/2015,GUN CRIME,185,28,-0.080412252,0.566535713,0.646947964
8/1/2015,KNIFE CRIME,1582,60,-0.462900504,-0.901531553,-0.438631049
8/1/2015,MISCELLANEOUS,1997,1,-1.110638138,0.492762283,1.603400422
8/1/2015,HATE CRIME,4330,25,-1.098830548,-0.716217736,0.382612812
8/1/2015,DOMESTIC ABUSE,8539,4,-0.743411655,-0.399300696,0.344110959
9/1/2015,LETHAL BARREL DISCHARGE,22,54,0.020435713,-0.01537638,-0.035812094
9/1/2015,GUN CRIME,170,16,-0.357310092,-0.439509768,-0.082199676
9/1/2015,KNIFE CRIME,1375,121,-1.214477744,-0.285254105,0.92922364
9/1/2015,MISCELLANEOUS,2039,0,-1.08450592,-0.436446594,0.648059326
9/1/2015,HATE CRIME,3937,19,-1.470429669,-0.887694292,0.582735377
9/1/2015,DOMESTIC ABUSE,7618,4,-1.902832852,-0.399300696,1.503532156
10/1/2015,LETHAL BARREL DISCHARGE,13,63,-0.846622412,0.289075953,1.135698365
10/1/2015,GUN CRIME,197,29,0.141106021,0.650372836,0.509266815
10/1/2015,KNIFE CRIME,1495,83,-0.778780794,-0.669164646,0.109616147
10/1/2015,MISCELLANEOUS,2149,1,-1.016064395,0.492762283,1.508826679
10/1/2015,HATE CRIME,4387,51,-1.044934493,0.02684734,1.071781832
10/1/2015,DOMESTIC ABUSE,8322,5,-1.016586899,-0.185909231,0.830677668
11/1/2015,LETHAL BARREL DISCHARGE,13,68,-0.846622412,0.458216138,1.30483855
11/1/2015,GUN CRIME,209,19,0.362624293,-0.187998398,-0.550622691
11/1/2015,KNIFE CRIME,1463,107,-0.894966647,-0.42669483,0.468271817
11/1/2015,MISCELLANEOUS,2321,0,-0.909046739,-0.436446594,0.472600145
11/1/2015,HATE CRIME,4725,31,-0.725340338,-0.54474118,0.180599158
11/1/2015,DOMESTIC ABUSE,8040,5,-1.371588829,-0.185909231,1.185679598
12/1/2015,LETHAL BARREL DISCHARGE,16,101,-0.557603037,1.574541359,2.132144396
12/1/2015,GUN CRIME,166,42,-0.431149516,1.740255441,2.171404957
12/1/2015,KNIFE CRIME,1375,135,-1.214477744,-0.143813379,1.070664366
12/1/2015,MISCELLANEOUS,2518,0,-0.78647419,-0.436446594,0.350027596
12/1/2015,HATE CRIME,4520,47,-0.91917703,-0.087470364,0.831706665
12/1/2015,DOMESTIC ABUSE,8564,16,-0.711939853,2.161396883,2.873336736
1/1/2016,LETHAL BARREL DISCHARGE,24,35,0.213115297,-0.658109084,-0.871224381
1/1/2016,GUN CRIME,155,28,-0.634207933,0.566535713,1.200743646
1/1/2016,KNIFE CRIME,1432,138,-1.007521693,-0.113504652,0.894017041
1/1/2016,MISCELLANEOUS,2285,0,-0.931445783,-0.436446594,0.494999189
1/1/2016,HATE CRIME,3651,35,-1.740855493,-0.430423476,1.310432016
1/1/2016,DOMESTIC ABUSE,8293,12,-1.05309419,1.307831023,2.360925213
2/1/2016,LETHAL BARREL DISCHARGE,17,53,-0.461263245,-0.049204417,0.412058828
2/1/2016,GUN CRIME,127,18,-1.151083902,-0.271835521,0.87924838
2/1/2016,KNIFE CRIME,1169,65,-1.962424177,-0.851017008,1.111407169
2/1/2016,MISCELLANEOUS,2046,0,-1.08015055,-0.436446594,0.643703956
2/1/2016,HATE CRIME,3845,16,-1.557419794,-0.97343257,0.583987224
2/1/2016,DOMESTIC ABUSE,7665,4,-1.843665864,-0.399300696,1.444365168
3/1/2016,LETHAL BARREL DISCHARGE,30,63,0.791154047,0.289075953,-0.502078095
3/1/2016,GUN CRIME,158,27,-0.578828365,0.482698589,1.061526954
3/1/2016,KNIFE CRIME,1441,123,-0.974844421,-0.265048287,0.709796135
3/1/2016,MISCELLANEOUS,2113,0,-1.03846344,-0.436446594,0.602016846
3/1/2016,HATE CRIME,4238,32,-1.185820673,-0.516161754,0.669658919
3/1/2016,DOMESTIC ABUSE,7987,7,-1.43830905,0.240873699,1.679182749
4/1/2016,LETHAL BARREL DISCHARGE,27,36,0.502134672,-0.624281047,-1.126415719
4/1/2016,GUN CRIME,199,22,0.178025733,0.063512972,-0.114512761
4/1/2016,KNIFE CRIME,1414,102,-1.072876235,-0.477209375,0.59566686
4/1/2016,MISCELLANEOUS,1891,0,-1.17659088,-0.436446594,0.740144286
4/1/2016,HATE CRIME,4501,78,-0.937142381,0.798491841,1.735634223
4/1/2016,DOMESTIC ABUSE,7925,1,-1.51635912,-1.03947509,0.476884029
5/1/2016,LETHAL BARREL DISCHARGE,37,43,1.465532589,-0.387484788,-1.853017377
5/1/2016,GUN CRIME,220,31,0.56568271,0.818047083,0.252364373
5/1/2016,KNIFE CRIME,1720,150,0.038150989,0.007730256,-0.030420733
5/1/2016,MISCELLANEOUS,2185,0,-0.993665351,-0.436446594,0.557218757
5/1/2016,HATE CRIME,4927,119,-0.534340281,1.970248307,2.504588588
5/1/2016,DOMESTIC ABUSE,8671,3,-0.577240539,-0.612692161,-0.035451622
6/1/2016,LETHAL BARREL DISCHARGE,21,95,-0.075904078,1.371573137,1.447477215
6/1/2016,GUN CRIME,253,35,1.174857959,1.153395577,-0.021462382
6/1/2016,KNIFE CRIME,1687,88,-0.081665672,-0.618650101,-0.536984429
6/1/2016,MISCELLANEOUS,2404,0,-0.857404498,-0.436446594,0.420957904
6/1/2016,HATE CRIME,5362,106,-0.123028277,1.598715769,1.721744046
6/1/2016,DOMESTIC ABUSE,8406,5,-0.910841643,-0.185909231,0.724932413
7/1/2016,LETHAL BARREL DISCHARGE,43,49,2.04357134,-0.184516566,-2.228087905
7/1/2016,GUN CRIME,323,17,2.467047881,-0.355672645,-2.822720526
7/1/2016,KNIFE CRIME,1859,107,0.542833291,-0.42669483,-0.969528121
7/1/2016,MISCELLANEOUS,2364,0,-0.882292325,-0.436446594,0.445845731
7/1/2016,HATE CRIME,7414,72,1.817229728,0.627015285,-1.190214442
7/1/2016,DOMESTIC ABUSE,9014,7,-0.145447411,0.240873699,0.38632111
8/1/2016,LETHAL BARREL DISCHARGE,50,95,2.717949882,1.371573137,-1.346376745
8/1/2016,GUN CRIME,314,45,2.300909177,1.991766811,-0.309142366
8/1/2016,KNIFE CRIME,1845,283,0.49200198,1.351417152,0.859415172
8/1/2016,MISCELLANEOUS,2290,0,-0.928334805,-0.436446594,0.491888211
8/1/2016,HATE CRIME,5608,49,0.109575753,-0.030311512,-0.139887265
8/1/2016,DOMESTIC ABUSE,8871,8,-0.32546612,0.454265164,0.779731284
9/1/2016,LETHAL BARREL DISCHARGE,24,62,0.213115297,0.255247916,0.042132619
9/1/2016,GUN CRIME,260,22,1.304076951,0.063512972,-1.240563979
9/1/2016,KNIFE CRIME,1750,116,0.147075227,-0.33576865,-0.482843877
9/1/2016,MISCELLANEOUS,2240,0,-0.959444589,-0.436446594,0.522997995
9/1/2016,HATE CRIME,5107,50,-0.36414221,-0.001732086,0.362410124
9/1/2016,DOMESTIC ABUSE,7970,15,-1.459709876,1.948005418,3.407715294
10/1/2016,LETHAL BARREL DISCHARGE,30,57,0.791154047,0.086107731,-0.705046317
10/1/2016,GUN CRIME,246,30,1.045638967,0.73420996,-0.311429007
10/1/2016,KNIFE CRIME,1826,155,0.423016629,0.058244801,-0.364771828
10/1/2016,MISCELLANEOUS,2280,1,-0.934556762,0.492762283,1.427319045
10/1/2016,HATE CRIME,4783,58,-0.670498737,0.226903322,0.897402059
10/1/2016,DOMESTIC ABUSE,8163,4,-1.216747562,-0.399300696,0.817446866
11/1/2016,LETHAL BARREL DISCHARGE,19,31,-0.268583662,-0.793421232,-0.52483757
11/1/2016,GUN CRIME,295,12,1.950171912,-0.774858262,-2.725030174
11/1/2016,KNIFE CRIME,1763,154,0.19427573,0.048141892,-0.146133838
11/1/2016,MISCELLANEOUS,2675,0,-0.688789469,-0.436446594,0.252342875
11/1/2016,HATE CRIME,4454,34,-0.981582989,-0.459002902,0.522580086
11/1/2016,DOMESTIC ABUSE,7382,9,-2.199926666,0.667656629,2.867583295
12/1/2016,LETHAL BARREL DISCHARGE,12,56,-0.942962204,0.052279694,0.995241897
12/1/2016,GUN CRIME,238,29,0.897960118,0.650372836,-0.247587282
12/1/2016,KNIFE CRIME,1693,138,-0.059880825,-0.113504652,-0.053623827
12/1/2016,MISCELLANEOUS,3093,0,-0.428711676,-0.436446594,-0.007734918
12/1/2016,HATE CRIME,4667,52,-0.780181939,0.055426766,0.835608704
12/1/2016,DOMESTIC ABUSE,8180,8,-1.195346736,0.454265164,1.6496119
1/1/2017,LETHAL BARREL DISCHARGE,15,55,-0.653942829,0.018451657,0.672394485
1/1/2017,GUN CRIME,225,40,0.65798199,1.572581194,0.914599204
1/1/2017,KNIFE CRIME,1901,112,0.695327224,-0.376180286,-1.071507509
1/1/2017,MISCELLANEOUS,2607,0,-0.731098775,-0.436446594,0.294652181
1/1/2017,HATE CRIME,3953,41,-1.455300952,-0.25894692,1.196354032
1/1/2017,DOMESTIC ABUSE,7867,6,-1.589373701,0.027482234,1.616855935
2/1/2017,LETHAL BARREL DISCHARGE,22,42,0.020435713,-0.421312825,-0.441748538
2/1/2017,GUN CRIME,275,21,1.580974792,-0.020324151,-1.601298943
2/1/2017,KNIFE CRIME,1671,128,-0.139758599,-0.214533742,-0.074775143
2/1/2017,MISCELLANEOUS,2699,0,-0.673856773,-0.436446594,0.237410179
2/1/2017,HATE CRIME,4027,47,-1.385330634,-0.087470364,1.29786027
2/1/2017,DOMESTIC ABUSE,7467,6,-2.092922538,0.027482234,2.120404772
3/1/2017,LETHAL BARREL DISCHARGE,21,106,-0.075904078,1.743681544,1.819585622
3/1/2017,GUN CRIME,235,21,0.84258055,-0.020324151,-0.862904701
3/1/2017,KNIFE CRIME,2173,165,1.682906979,0.159273891,-1.523633088
3/1/2017,MISCELLANEOUS,3633,0,-0.09272601,-0.436446594,-0.343720584
3/1/2017,HATE CRIME,5046,67,-0.421820445,0.484118155,0.905938601
3/1/2017,DOMESTIC ABUSE,8406,7,-0.910841643,0.240873699,1.151715342
4/1/2017,LETHAL BARREL DISCHARGE,26,63,0.40579488,0.289075953,-0.116718928
4/1/2017,GUN CRIME,214,33,0.454923573,0.98572133,0.530797757
4/1/2017,SEXUAL OFFENCES,1441,89,-1.432112822,0.050466914,1.482579736
4/1/2017,KNIFE CRIME,2042,186,1.207271141,0.37143498,-0.835836161
4/1/2017,ROBBERY,2498,45,-0.194544684,0.646905113,0.841449797
4/1/2017,DRUG OFFENCES,2891,99,-1.158684401,0.239491738,1.398176139
4/1/2017,MISCELLANEOUS,3272,0,-0.31733865,-0.436446594,-0.119107944
4/1/2017,PUBLIC ORDER OFFENCES,3761,2,-1.298822957,-0.433918902,0.864904055
4/1/2017,HATE CRIME,4887,71,-0.572162074,0.598435859,1.170597934
4/1/2017,ARSON AND CRIMINAL DAMAGE,5136,22,1.427919677,0.126497739,-1.301421938
4/1/2017,BURGLARY,5852,15,0.198178988,-0.100859762,-0.299038751
4/1/2017,DOMESTIC ABUSE,8503,13,-0.78873105,1.521222488,2.309953539
4/1/2017,VEHICLE OFFENCES,8594,7,-0.134800314,0.110996751,0.245797064
4/1/2017,VIOLENCE AGAINST THE PERSON,15860,624,-1.929922453,2.484225308,4.414147761
4/1/2017,THEFT,17894,46,-0.48962527,0.246207681,0.735832951
5/1/2017,LETHAL BARREL DISCHARGE,37,53,1.465532589,-0.049204417,-1.514737007
5/1/2017,GUN CRIME,256,12,1.230237527,-0.774858262,-2.005095789
5/1/2017,SEXUAL OFFENCES,1706,95,-0.480135162,0.184905746,0.665040908
5/1/2017,KNIFE CRIME,1877,182,0.608187833,0.331023344,-0.27716449
5/1/2017,ROBBERY,2482,56,-0.226039767,1.323110547,1.549150314
5/1/2017,DRUG OFFENCES,3193,121,-0.74043921,0.844388253,1.584827463
5/1/2017,MISCELLANEOUS,3386,1,-0.246408343,0.492762283,0.739170626
5/1/2017,PUBLIC ORDER OFFENCES,4352,5,-0.266071793,0.019787833,0.285859626
5/1/2017,HATE CRIME,5190,27,-0.285661989,-0.659058884,-0.373396895
5/1/2017,ARSON AND CRIMINAL DAMAGE,5482,16,2.319875576,-0.146024235,-2.465899812
5/1/2017,BURGLARY,5826,4,0.175574997,-0.548829349,-0.724404346
5/1/2017,DOMESTIC ABUSE,8852,3,-0.34938469,-0.612692161,-0.26330747
5/1/2017,VEHICLE OFFENCES,9221,9,0.386355581,0.415526297,0.029170716
5/1/2017,VIOLENCE AGAINST THE PERSON,17534,634,-0.863645313,2.54551753,3.409162843
5/1/2017,THEFT,19622,47,-0.081923574,0.316086254,0.398009828
6/1/2017,LETHAL BARREL DISCHARGE,40,85,1.754551964,1.033292767,-0.721259198
6/1/2017,GUN CRIME,287,20,1.802493064,-0.104161275,-1.906654339
6/1/2017,SEXUAL OFFENCES,1813,50,-0.095751729,-0.823385496,-0.727633767
6/1/2017,KNIFE CRIME,2209,220,1.813616064,0.714933885,-1.098682179
6/1/2017,ROBBERY,2508,51,-0.174860258,1.015744441,1.190604698
6/1/2017,DRUG OFFENCES,2875,82,-1.180843087,-0.227928296,0.952914791
6/1/2017,MISCELLANEOUS,3217,0,-0.351559412,-0.436446594,-0.084887182
6/1/2017,PUBLIC ORDER OFFENCES,4970,18,0.813860896,1.985850351,1.171989455
6/1/2017,ARSON AND CRIMINAL DAMAGE,5328,182,1.922877864,7.393750388,5.470872524
6/1/2017,BURGLARY,5731,8,0.092983491,-0.385931317,-0.478914809
6/1/2017,HATE CRIME,6854,73,1.287724619,0.655594711,-0.632129908
6/1/2017,VEHICLE OFFENCES,8407,2,-0.290232774,-0.650327116,-0.360094342
6/1/2017,DOMESTIC ABUSE,9151,2,0.027018065,-0.826083625,-0.853101691
6/1/2017,VIOLENCE AGAINST THE PERSON,18037,1432,-0.5432526,7.436636838,7.979889438
6/1/2017,THEFT,18943,33,-0.242125803,-0.662213764,-0.420087961
7/1/2017,LETHAL BARREL DISCHARGE,44,27,2.139911131,-0.92873338,-3.068644511
7/1/2017,GUN CRIME,355,22,3.057763275,0.063512972,-2.994250302
7/1/2017,SEXUAL OFFENCES,1778,78,-0.221484628,-0.196004279,0.025480349
7/1/2017,KNIFE CRIME,2181,117,1.711953442,-0.325665741,-2.037619183
7/1/2017,ROBBERY,2941,38,0.677475418,0.216592565,-0.460882853
7/1/2017,DRUG OFFENCES,3276,74,-0.625491028,-0.447890665,0.177600364
7/1/2017,MISCELLANEOUS,3539,0,-0.151212404,-0.436446594,-0.28523419
7/1/2017,PUBLIC ORDER OFFENCES,4957,8,0.791143866,0.473494568,-0.317649298
7/1/2017,ARSON AND CRIMINAL DAMAGE,5471,60,2.291518597,1.852470243,-0.439048354
7/1/2017,HATE CRIME,6158,49,0.629625413,-0.030311512,-0.659936925
7/1/2017,BURGLARY,6216,10,0.514634863,-0.304482302,-0.819117164
7/1/2017,VEHICLE OFFENCES,8646,3,-0.091578453,-0.498062342,-0.406483889
7/1/2017,DOMESTIC ABUSE,9351,5,0.278792484,-0.185909231,-0.464701715
7/1/2017,VIOLENCE AGAINST THE PERSON,18300,327,-0.375731162,0.663846317,1.039577479
7/1/2017,THEFT,20526,49,0.131364813,0.455843399,0.324478586
8/1/2017,LETHAL BARREL DISCHARGE,50,35,2.717949882,-0.658109084,-3.376058965
8/1/2017,GUN CRIME,259,20,1.285617095,-0.104161275,-1.38977837
8/1/2017,SEXUAL OFFENCES,1651,76,-0.677715431,-0.240817223,0.436898208
8/1/2017,KNIFE CRIME,2147,129,1.588505973,-0.204430833,-1.792936805
8/1/2017,ROBBERY,2728,44,0.258197129,0.585431892,0.327234763
8/1/2017,MISCELLANEOUS,3289,1,-0.306761323,0.492762283,0.799523607
8/1/2017,DRUG OFFENCES,3414,134,-0.434372365,1.201827102,1.636199467
8/1/2017,PUBLIC ORDER OFFENCES,4222,12,-0.4932421,1.078436881,1.571678981
8/1/2017,ARSON AND CRIMINAL DAMAGE,5174,32,1.525880151,0.580701029,-0.945179122
8/1/2017,HATE CRIME,5286,37,-0.194889685,-0.373264624,-0.17837494
8/1/2017,BURGLARY,6267,9,0.55897346,-0.345206809,-0.90418027
8/1/2017,VEHICLE OFFENCES,8633,4,-0.102383918,-0.345797569,-0.243413651
8/1/2017,DOMESTIC ABUSE,8838,1,-0.367008899,-1.03947509,-0.672466191
8/1/2017,VIOLENCE AGAINST THE PERSON,16154,306,-1.742655142,0.535132651,2.277787793
8/1/2017,THEFT,20046,46,0.018114342,0.246207681,0.228093339
9/1/2017,LETHAL BARREL DISCHARGE,21,53,-0.075904078,-0.049204417,0.026699661
9/1/2017,GUN CRIME,236,16,0.861040406,-0.439509768,-1.300550174
9/1/2017,SEXUAL OFFENCES,1672,60,-0.602275692,-0.599320776,0.002954916
9/1/2017,KNIFE CRIME,2028,122,1.15643983,-0.275151196,-1.431591025
9/1/2017,ROBBERY,2765,55,0.331029508,1.261637326,0.930607818
9/1/2017,MISCELLANEOUS,3074,0,-0.440533394,-0.436446594,0.0040868
9/1/2017,DRUG OFFENCES,3110,112,-0.855387392,0.596930588,1.452317979
9/1/2017,PUBLIC ORDER OFFENCES,3978,7,-0.919623291,0.322258989,1.24188228
9/1/2017,HATE CRIME,4707,45,-0.742360145,-0.144629216,0.597730929
9/1/2017,ARSON AND CRIMINAL DAMAGE,4961,17,0.976785912,-0.100603906,-1.077389819
9/1/2017,BURGLARY,6045,18,0.365970152,0.021313761,-0.344656391
9/1/2017,DOMESTIC ABUSE,8188,2,-1.185275759,-0.826083625,0.359192134
9/1/2017,VEHICLE OFFENCES,8910,12,0.127855608,0.872320617,0.744465009
9/1/2017,VIOLENCE AGAINST THE PERSON,16377,491,-1.600612249,1.669038757,3.269651006
9/1/2017,THEFT,18603,34,-0.322344886,-0.592335191,-0.269990304
10/1/2017,LETHAL BARREL DISCHARGE,23,34,0.116775505,-0.691937121,-0.808712626
10/1/2017,GUN CRIME,256,20,1.230237527,-0.104161275,-1.334398801
10/1/2017,SEXUAL OFFENCES,1799,186,-0.146044889,2.223894703,2.369939592
10/1/2017,KNIFE CRIME,2264,148,2.0133105,-0.012475562,-2.025786062
10/1/2017,ROBBERY,3058,54,0.90778321,1.200164104,0.292380895
10/1/2017,MISCELLANEOUS,3442,0,-0.211565385,-0.436446594,-0.224881209
10/1/2017,DRUG OFFENCES,3464,143,-0.365126473,1.449284767,1.81441124
10/1/2017,PUBLIC ORDER OFFENCES,4379,6,-0.218890268,0.171023411,0.389913679
10/1/2017,HATE CRIME,5023,29,-0.443567977,-0.601900032,-0.158332056
10/1/2017,ARSON AND CRIMINAL DAMAGE,5420,12,2.160045328,-0.327705552,-2.48775088
10/1/2017,BURGLARY,6721,15,0.953673919,-0.100859762,-1.054533681
10/1/2017,DOMESTIC ABUSE,8927,4,-0.254969283,-0.399300696,-0.144331412
10/1/2017,VEHICLE OFFENCES,9279,6,0.434564579,-0.041268023,-0.475832602
10/1/2017,VIOLENCE AGAINST THE PERSON,17829,363,-0.675741038,0.884498316,1.560239354
10/1/2017,THEFT,19165,37,-0.18974746,-0.382699473,-0.192952013
11/1/2017,LETHAL BARREL DISCHARGE,26,46,0.40579488,-0.286000677,-0.691795557
11/1/2017,GUN CRIME,278,28,1.63635436,0.566535713,-1.069818647
11/1/2017,SEXUAL OFFENCES,1840,166,0.001242221,1.775765262,1.774523041
11/1/2017,KNIFE CRIME,2136,97,1.548567086,-0.52772392,-2.076291006
11/1/2017,ROBBERY,3159,29,1.106595919,-0.336666427,-1.443262346
11/1/2017,DRUG OFFENCES,3200,165,-0.730744785,2.054181282,2.784926067
11/1/2017,MISCELLANEOUS,3784,0,0.001225537,-0.436446594,-0.437672131
11/1/2017,PUBLIC ORDER OFFENCES,3971,9,-0.931855538,0.624730146,1.556585684
11/1/2017,HATE CRIME,4237,49,-1.186766218,-0.030311512,1.156454706
11/1/2017,ARSON AND CRIMINAL DAMAGE,5194,14,1.577438296,-0.236864894,-1.814303189
11/1/2017,BURGLARY,7348,15,1.498777856,-0.100859762,-1.599637619
11/1/2017,DOMESTIC ABUSE,7979,14,-1.448380027,1.734613953,3.18299398
11/1/2017,VEHICLE OFFENCES,9275,11,0.431239821,0.720055844,0.288816023
11/1/2017,VIOLENCE AGAINST THE PERSON,16936,383,-1.244549572,1.00708276,2.251632332
11/1/2017,THEFT,19352,59,-0.145626964,1.154629126,1.30025609
12/1/2017,LETHAL BARREL DISCHARGE,27,37,0.502134672,-0.59045301,-1.092587682
12/1/2017,GUN CRIME,263,24,1.359456519,0.231187219,-1.1282693
12/1/2017,SEXUAL OFFENCES,1509,187,-1.187831762,2.246301175,3.434132937
12/1/2017,KNIFE CRIME,1851,69,0.513786827,-0.810605372,-1.324392199
12/1/2017,DRUG OFFENCES,2619,90,-1.535382056,-0.007965927,1.527416129
12/1/2017,ROBBERY,2825,27,0.449136068,-0.459612869,-0.908748937
12/1/2017,MISCELLANEOUS,3349,0,-0.269429583,-0.436446594,-0.167017011
12/1/2017,PUBLIC ORDER OFFENCES,3363,10,-1.994313589,0.775965724,2.770279313
12/1/2017,HATE CRIME,3896,30,-1.509197008,-0.573320606,0.935876401
12/1/2017,ARSON AND CRIMINAL DAMAGE,4740,39,0.407068416,0.898643333,0.491574917
12/1/2017,BURGLARY,6989,24,1.186668903,0.265660808,-0.921008095
12/1/2017,VEHICLE OFFENCES,8522,16,-0.194645967,1.48137971,1.676025677
12/1/2017,DOMESTIC ABUSE,8712,8,-0.525626783,0.454265164,0.979891947
12/1/2017,VIOLENCE AGAINST THE PERSON,16320,285,-1.636919177,0.406418985,2.043338162
12/1/2017,THEFT,17573,46,-0.565361522,0.246207681,0.811569204
1/1/2018,LETHAL BARREL DISCHARGE,34,23,1.176513214,-1.064045528,-2.240558742
1/1/2018,GUN CRIME,235,29,0.84258055,0.650372836,-0.192207714
1/1/2018,SEXUAL OFFENCES,1663,298,-0.634607009,4.733419573,5.368026582
1/1/2018,KNIFE CRIME,2018,181,1.120131751,0.320920435,-0.799211316
1/1/2018,ROBBERY,2885,58,0.567242628,1.446056989,0.878814361
1/1/2018,MISCELLANEOUS,3025,0,-0.471020982,-0.436446594,0.034574388
1/1/2018,DRUG OFFENCES,3098,84,-0.872006406,-0.172937704,0.699068702
1/1/2018,PUBLIC ORDER OFFENCES,3539,1,-1.686759942,-0.585154481,1.101605462
1/1/2018,HATE CRIME,4092,74,-1.32387022,0.684174137,2.008044357
1/1/2018,ARSON AND CRIMINAL DAMAGE,4929,16,0.894292881,-0.146024235,-1.040317117
1/1/2018,BURGLARY,7639,23,1.751768679,0.2249363,-1.526832379
1/1/2018,DOMESTIC ABUSE,8492,13,-0.802578643,1.521222488,2.323801132
1/1/2018,VEHICLE OFFENCES,9466,7,0.589997039,0.110996751,-0.479000289
1/1/2018,VIOLENCE AGAINST THE PERSON,16437,363,-1.56239443,0.884498316,2.446892747
1/1/2018,THEFT,17511,41,-0.579989708,-0.103185182,0.476804526
2/1/2018,LETHAL BARREL DISCHARGE,34,23,1.176513214,-1.064045528,-2.240558742
2/1/2018,GUN CRIME,198,18,0.159565877,-0.271835521,-0.431401398
2/1/2018,SEXUAL OFFENCES,1538,155,-1.083653075,1.529294069,2.612947144
2/1/2018,KNIFE CRIME,1634,193,-0.274098492,0.442155343,0.716253835
2/1/2018,MISCELLANEOUS,2491,0,-0.803273474,-0.436446594,0.36682688
2/1/2018,ROBBERY,2491,32,-0.208323783,-0.152246763,0.05607702
2/1/2018,DRUG OFFENCES,2845,125,-1.222390622,0.954369437,2.176760059
2/1/2018,PUBLIC ORDER OFFENCES,3354,0,-2.010040764,-0.736390059,1.273650705
2/1/2018,HATE CRIME,3783,40,-1.616043574,-0.287526346,1.328517228
2/1/2018,ARSON AND CRIMINAL DAMAGE,4269,19,-0.807125887,-0.009763248,0.797362639
2/1/2018,BURGLARY,6600,7,0.848478422,-0.426655825,-1.275134247
2/1/2018,DOMESTIC ABUSE,7576,7,-1.95570548,0.240873699,2.196579179
2/1/2018,VEHICLE OFFENCES,8776,6,0.016476198,-0.041268023,-0.057744221
2/1/2018,VIOLENCE AGAINST THE PERSON,14726,262,-2.652239225,0.265446875,2.9176861
2/1/2018,THEFT,16211,23,-0.886709734,-1.360999491,-0.474289756
3/1/2018,LETHAL BARREL DISCHARGE,40,82,1.754551964,0.931808656,-0.822743309
3/1/2018,GUN CRIME,264,54,1.377916375,2.746300922,1.368384546
3/1/2018,SEXUAL OFFENCES,1684,116,-0.55916727,0.655441659,1.214608929
3/1/2018,KNIFE CRIME,2027,211,1.152809022,0.624007705,-0.528801317
3/1/2018,ROBBERY,2599,56,0.004268025,1.323110547,1.318842522
3/1/2018,MISCELLANEOUS,2757,0,-0.637769424,-0.436446594,0.20132283
3/1/2018,DRUG OFFENCES,2849,106,-1.216850951,0.431958811,1.648809762
3/1/2018,PUBLIC ORDER OFFENCES,3979,3,-0.917875827,-0.282683324,0.635192503
3/1/2018,ARSON AND CRIMINAL DAMAGE,4600,14,0.046161404,-0.236864894,-0.283026298
3/1/2018,HATE CRIME,4974,116,-0.489899674,1.884510029,2.374409703
3/1/2018,BURGLARY,6360,23,0.639826197,0.2249363,-0.414889897
3/1/2018,DOMESTIC ABUSE,8250,6,-1.10722569,0.027482234,1.134707924
3/1/2018,VEHICLE OFFENCES,8939,40,0.151960107,5.135734268,4.983774161
3/1/2018,VIOLENCE AGAINST THE PERSON,17187,445,-1.084671698,1.387094536,2.471766233
3/1/2018,THEFT,17207,26,-0.651715007,-1.151363772,-0.499648766
4/1/2018,LETHAL BARREL DISCHARGE,24,175,0.213115297,4.077816098,3.864700801
4/1/2018,GUN CRIME,273,56,1.54405508,2.913975169,1.369920089
4/1/2018,SEXUAL OFFENCES,1594,74,-0.882480437,-0.285630167,0.59685027
4/1/2018,KNIFE CRIME,2091,458,1.385180729,3.119426225,1.734245496
4/1/2018,ROBBERY,2560,102,-0.072501239,4.150878724,4.223379963
4/1/2018,MISCELLANEOUS,2610,0,-0.729232188,-0.436446594,0.292785594
4/1/2018,DRUG OFFENCES,3032,173,-0.963410984,2.274143651,3.237554635
4/1/2018,PUBLIC ORDER OFFENCES,3992,4,-0.895158796,-0.131447746,0.763711051
4/1/2018,HATE CRIME,4753,122,-0.698865083,2.055986585,2.754851668
4/1/2018,ARSON AND CRIMINAL DAMAGE,4765,24,0.471516096,0.217338397,-0.254177699
4/1/2018,BURGLARY,6356,251,0.63634866,9.510124087,8.873775427
4/1/2018,VEHICLE OFFENCES,8927,40,0.141985831,5.135734268,4.993748437
4/1/2018,DOMESTIC ABUSE,8946,2,-0.231050713,-0.826083625,-0.595032912
4/1/2018,VIOLENCE AGAINST THE PERSON,16601,308,-1.457932393,0.547391096,2.005323489
4/1/2018,THEFT,17373,46,-0.612549219,0.246207681,0.8587569
5/1/2018,LETHAL BARREL DISCHARGE,47,116,2.428930507,2.081961914,-0.346968592
5/1/2018,GUN CRIME,303,32,2.097850761,0.901884206,-1.195966554
5/1/2018,SEXUAL OFFENCES,1803,83,-0.131675415,-0.083971919,0.047703496
5/1/2018,KNIFE CRIME,2093,277,1.392442345,1.290799698,-0.101642647
5/1/2018,MISCELLANEOUS,2273,1,-0.938912131,0.492762283,1.431674415
5/1/2018,ROBBERY,2609,32,0.023952452,-0.152246763,-0.176199215
5/1/2018,DRUG OFFENCES,3106,116,-0.860927063,0.706911772,1.567838835
5/1/2018,PUBLIC ORDER OFFENCES,4404,0,-0.17520367,-0.736390059,-0.561186389
5/1/2018,ARSON AND CRIMINAL DAMAGE,5001,20,1.079902201,0.035657081,-1.044245121
5/1/2018,HATE CRIME,5317,62,-0.165577795,0.341221026,0.50679882
5/1/2018,BURGLARY,6385,53,0.661560804,1.446671535,0.785110731
5/1/2018,VEHICLE OFFENCES,8871,7,0.095439212,0.110996751,0.015557538
5/1/2018,DOMESTIC ABUSE,9534,3,0.509166077,-0.612692161,-1.121858237
5/1/2018,THEFT,18315,51,-0.390295169,0.595600545,0.985895714
5/1/2018,VIOLENCE AGAINST THE PERSON,18980,247,0.057404116,0.173508542,0.116104426
6/1/2018,LETHAL BARREL DISCHARGE,36,53,1.369192798,-0.049204417,-1.418397215
6/1/2018,GUN CRIME,217,25,0.510303141,0.315024343,-0.195278799
6/1/2018,SEXUAL OFFENCES,1859,77,0.069497223,-0.218410751,-0.287907974
6/1/2018,KNIFE CRIME,2206,315,1.80272364,1.67471024,-0.128013401
6/1/2018,DRUG OFFENCES,2745,117,-1.360882407,0.734407068,2.095289475
6/1/2018,MISCELLANEOUS,2806,0,-0.607281835,-0.436446594,0.170835241
6/1/2018,ROBBERY,2894,73,0.584958612,2.368155308,1.783196696
6/1/2018,PUBLIC ORDER OFFENCES,4364,3,-0.245102226,-0.282683324,-0.037581098
6/1/2018,ARSON AND CRIMINAL DAMAGE,4839,71,0.662281231,2.352093863,1.689812632
6/1/2018,HATE CRIME,5600,40,0.102011394,-0.287526346,-0.38953774
6/1/2018,BURGLARY,6092,35,0.406831213,0.713630394,0.306799181
6/1/2018,VEHICLE OFFENCES,9026,2,0.224273604,-0.650327116,-0.87460072
6/1/2018,DOMESTIC ABUSE,9790,5,0.831437332,-0.185909231,-1.017346563
6/1/2018,THEFT,18209,43,-0.415304648,0.036571963,0.451876611
6/1/2018,VIOLENCE AGAINST THE PERSON,18827,314,-0.040051321,0.584166429,0.62421775
7/1/2018,LETHAL BARREL DISCHARGE,43,62,2.04357134,0.255247916,-1.788323424
7/1/2018,GUN CRIME,311,26,2.245529609,0.398861466,-1.846668143
7/1/2018,SEXUAL OFFENCES,2037,65,0.708938821,-0.487288416,-1.196227237
7/1/2018,KNIFE CRIME,2116,210,1.475950927,0.613904796,-0.862046132
7/1/2018,MISCELLANEOUS,2631,0,-0.716166079,-0.436446594,0.279719485
7/1/2018,DRUG OFFENCES,2680,117,-1.450902067,0.734407068,2.185309136
7/1/2018,ROBBERY,2970,49,0.734560255,0.892797998,0.158237743
7/1/2018,PUBLIC ORDER OFFENCES,4961,6,0.798133721,0.171023411,-0.62711031
7/1/2018,ARSON AND CRIMINAL DAMAGE,5026,39,1.144349882,0.898643333,-0.245706549
7/1/2018,HATE CRIME,5761,40,0.254244113,-0.287526346,-0.541770459
7/1/2018,BURGLARY,6301,14,0.588532526,-0.14158427,-0.730116796
7/1/2018,VEHICLE OFFENCES,9078,5,0.267495465,-0.193532796,-0.461028261
7/1/2018,DOMESTIC ABUSE,10811,7,2.116745739,0.240873699,-1.87587204
7/1/2018,THEFT,19713,29,-0.060453172,-0.941728054,-0.881274882
7/1/2018,VIOLENCE AGAINST THE PERSON,20222,349,0.848512962,0.798689206,-0.049823756
8/1/2018,LETHAL BARREL DISCHARGE,33,66,1.080173422,0.390560064,-0.689613359
8/1/2018,GUN CRIME,244,24,1.008719254,0.231187219,-0.777532035
8/1/2018,SEXUAL OFFENCES,1650,91,-0.6813078,0.095279858,0.776587657
8/1/2018,KNIFE CRIME,1951,293,0.87686762,1.452446242,0.575578622
8/1/2018,MISCELLANEOUS,2427,0,-0.843093997,-0.436446594,0.406647403
8/1/2018,ROBBERY,2556,54,-0.080375009,1.200164104,1.280539114
8/1/2018,DRUG OFFENCES,3395,118,-0.460685804,0.761902364,1.222588169
8/1/2018,PUBLIC ORDER OFFENCES,3956,5,-0.958067497,0.019787833,0.977855329
8/1/2018,HATE CRIME,4493,71,-0.94470674,0.598435859,1.5431426
8/1/2018,ARSON AND CRIMINAL DAMAGE,4565,73,-0.044065349,2.442934521,2.486999869
8/1/2018,BURGLARY,6506,27,0.766756301,0.387834332,-0.378921969
8/1/2018,VEHICLE OFFENCES,9231,25,0.394667477,2.851762669,2.457095192
8/1/2018,DOMESTIC ABUSE,9611,2,0.606099228,-0.826083625,-1.432182853
8/1/2018,VIOLENCE AGAINST THE PERSON,17304,435,-1.010146951,1.325802314,2.335949265
8/1/2018,THEFT,18431,73,-0.362926305,2.132929144,2.495855449
9/1/2018,LETHAL BARREL DISCHARGE,26,100,0.40579488,1.540713322,1.134918442
9/1/2018,GUN CRIME,279,22,1.654814216,0.063512972,-1.591301243
9/1/2018,KNIFE CRIME,1709,228,-0.001787898,0.795757157,0.797545055
9/1/2018,SEXUAL OFFENCES,1718,102,-0.43702674,0.34175105,0.77877779
9/1/2018,MISCELLANEOUS,2211,0,-0.977488263,-0.436446594,0.541041669
9/1/2018,ROBBERY,2658,51,0.120406143,1.015744441,0.895338298
9/1/2018,DRUG OFFENCES,3068,169,-0.913553941,2.164162467,3.077716408
9/1/2018,PUBLIC ORDER OFFENCES,4032,9,-0.82526024,0.624730146,1.449990386
9/1/2018,ARSON AND CRIMINAL DAMAGE,4469,39,-0.291544442,0.898643333,1.190187775
9/1/2018,HATE CRIME,4658,82,-0.788691842,0.912809545,1.701501387
9/1/2018,BURGLARY,6089,24,0.40422306,0.265660808,-0.138562252
9/1/2018,DOMESTIC ABUSE,9142,11,0.015688217,1.094439559,1.078751342
9/1/2018,VEHICLE OFFENCES,9799,23,0.866783184,2.547233123,1.680449938
9/1/2018,VIOLENCE AGAINST THE PERSON,17362,402,-0.97320306,1.123537982,2.096741042
9/1/2018,THEFT,18073,86,-0.447392282,3.041350589,3.488742871
10/1/2018,LETHAL BARREL DISCHARGE,48,79,2.525270298,0.830324545,-1.694945753
10/1/2018,GUN CRIME,270,24,1.488675511,0.231187219,-1.257488292
10/1/2018,SEXUAL OFFENCES,1780,138,-0.214299891,1.148384044,1.362683935
10/1/2018,KNIFE CRIME,1888,184,0.648126721,0.351229162,-0.296897559
10/1/2018,MISCELLANEOUS,2729,0,-0.655190902,-0.436446594,0.218744309
10/1/2018,ROBBERY,2936,33,0.667633204,-0.090773542,-0.758406746
10/1/2018,DRUG OFFENCES,3220,129,-0.703046428,1.064350622,1.76739705
10/1/2018,PUBLIC ORDER OFFENCES,4118,5,-0.674978345,0.019787833,0.694766178
10/1/2018,HATE CRIME,4718,91,-0.731959152,1.170024379,1.901983531
10/1/2018,ARSON AND CRIMINAL DAMAGE,4813,14,0.595255643,-0.236864894,-0.832120537
10/1/2018,BURGLARY,7149,29,1.325770387,0.469283347,-0.856487039
10/1/2018,DOMESTIC ABUSE,9171,10,0.052195507,0.881048094,0.828852586
10/1/2018,VEHICLE OFFENCES,10509,13,1.456927818,1.02458539,-0.432342428
10/1/2018,VIOLENCE AGAINST THE PERSON,18000,275,-0.566820255,0.345126764,0.911947019
10/1/2018,THEFT,20043,40,0.017406527,-0.173063755,-0.190470282
11/1/2018,LETHAL BARREL DISCHARGE,42,79,1.947231548,0.830324545,-1.116907003
11/1/2018,GUN CRIME,282,41,1.710193784,1.656418317,-0.053775467
11/1/2018,SEXUAL OFFENCES,1729,128,-0.397510686,0.924319324,1.32183001
11/1/2018,KNIFE CRIME,1823,419,0.412124205,2.725412774,2.313288569
11/1/2018,ROBBERY,3040,46,0.872351242,0.708378335,-0.163972907
11/1/2018,MISCELLANEOUS,3125,0,-0.408801414,-0.436446594,-0.02764518
11/1/2018,DRUG OFFENCES,3391,127,-0.466225476,1.00936003,1.475585505
11/1/2018,PUBLIC ORDER OFFENCES,3951,4,-0.966804816,-0.131447746,0.835357071
11/1/2018,ARSON AND CRIMINAL DAMAGE,4724,27,0.3658219,0.353599384,-0.012222516
11/1/2018,HATE CRIME,5032,66,-0.435058073,0.45553873,0.890596803
11/1/2018,BURGLARY,7887,30,1.967375978,0.510007855,-1.457368123
11/1/2018,DOMESTIC ABUSE,8509,12,-0.781177818,1.307831023,2.089008841
11/1/2018,VEHICLE OFFENCES,10529,6,1.473551611,-0.041268023,-1.514819633
11/1/2018,VIOLENCE AGAINST THE PERSON,17665,265,-0.780203076,0.283834542,1.064037617
11/1/2018,THEFT,19924,71,-0.010670152,1.993171999,2.003842151
12/1/2018,LETHAL BARREL DISCHARGE,31,70,0.887493839,0.525872212,-0.361621627
12/1/2018,GUN CRIME,193,24,0.067266597,0.231187219,0.163920623
12/1/2018,SEXUAL OFFENCES,1484,88,-1.277640975,0.028060442,1.305701417
12/1/2018,KNIFE CRIME,1916,215,0.749789342,0.66441934,-0.085370002
12/1/2018,ROBBERY,3005,48,0.803455748,0.831324777,0.027869029
12/1/2018,MISCELLANEOUS,3148,1,-0.394490914,0.492762283,0.887253197
12/1/2018,DRUG OFFENCES,3276,128,-0.625491028,1.036855326,1.662346354
12/1/2018,PUBLIC ORDER OFFENCES,3689,2,-1.424640358,-0.433918902,0.990721455
12/1/2018,ARSON AND CRIMINAL DAMAGE,4688,15,0.27301724,-0.191444565,-0.464461804
12/1/2018,HATE CRIME,4789,35,-0.664825468,-0.430423476,0.234401992
12/1/2018,BURGLARY,7159,38,1.334464229,0.835803918,-0.498660311
12/1/2018,DOMESTIC ABUSE,9642,11,0.645124263,1.094439559,0.449315296
12/1/2018,VEHICLE OFFENCES,9644,10,0.737948792,0.56779107,-0.170157722
12/1/2018,VIOLENCE AGAINST THE PERSON,17923,202,-0.615866456,-0.102306456,0.513559999
12/1/2018,THEFT,19411,42,-0.131706593,-0.033306609,0.098399984
1/1/2019,LETHAL BARREL DISCHARGE,21,45,-0.075904078,-0.319828714,-0.243924635
1/1/2019,GUN CRIME,197,39,0.141106021,1.48874407,1.34763805
1/1/2019,SEXUAL OFFENCES,1659,79,-0.648976483,-0.173597807,0.475378676
1/1/2019,KNIFE CRIME,1918,400,0.757050958,2.533457504,1.776406545
1/1/2019,MISCELLANEOUS,2815,0,-0.601682074,-0.436446594,0.16523548
1/1/2019,ROBBERY,2969,36,0.732591812,0.093646122,-0.63894569
1/1/2019,DRUG OFFENCES,3509,155,-0.302805169,1.779228321,2.08203349
1/1/2019,PUBLIC ORDER OFFENCES,3538,10,-1.688507406,0.775965724,2.464473131
1/1/2019,HATE CRIME,4328,40,-1.100721638,-0.287526346,0.813195292
1/1/2019,ARSON AND CRIMINAL DAMAGE,4547,20,-0.090467679,0.035657081,0.12612476
1/1/2019,BURGLARY,7455,17,1.591801973,-0.019410747,-1.61121272
1/1/2019,DOMESTIC ABUSE,9412,15,0.355583682,1.948005418,1.592421737
1/1/2019,VEHICLE OFFENCES,10859,25,1.747844187,2.851762669,1.103918483
1/1/2019,VIOLENCE AGAINST THE PERSON,17412,307,-0.941354878,0.541261874,1.482616751
1/1/2019,THEFT,19039,71,-0.219475709,1.993171999,2.212647707
2/1/2019,LETHAL BARREL DISCHARGE,19,69,-0.268583662,0.492044175,0.760627836
2/1/2019,GUN CRIME,225,30,0.65798199,0.73420996,0.07622797
2/1/2019,SEXUAL OFFENCES,1574,99,-0.954327808,0.274531634,1.228859442
2/1/2019,KNIFE CRIME,1759,311,0.179752498,1.634298604,1.454546105
2/1/2019,ROBBERY,2996,77,0.785739764,2.614048193,1.828308429
2/1/2019,MISCELLANEOUS,3250,0,-0.331026955,-0.436446594,-0.105419639
2/1/2019,DRUG OFFENCES,3480,156,-0.342967787,1.806723617,2.149691404
2/1/2019,PUBLIC ORDER OFFENCES,3667,3,-1.463084563,-0.282683324,1.180401239
2/1/2019,ARSON AND CRIMINAL DAMAGE,4370,20,-0.546757258,0.035657081,0.582414338
2/1/2019,HATE CRIME,4703,95,-0.746142324,1.284342083,2.030484408
2/1/2019,BURGLARY,6680,36,0.918029164,0.754354902,-0.163674262
2/1/2019,DOMESTIC ABUSE,8752,13,-0.475271899,1.521222488,1.996494388
2/1/2019,VEHICLE OFFENCES,9675,15,0.763715671,1.329114937,0.565399266
2/1/2019,VIOLENCE AGAINST THE PERSON,16813,257,-1.3228961,0.234800764,1.557696864
2/1/2019,THEFT,19755,53,-0.050543756,0.73535769,0.785901446
3/1/2019,LETHAL BARREL DISCHARGE,23,102,0.116775505,1.608369396,1.491593891
3/1/2019,GUN CRIME,194,52,0.085726453,2.578626675,2.492900222
3/1/2019,SEXUAL OFFENCES,1704,93,-0.487319899,0.140092802,0.627412701
3/1/2019,KNIFE CRIME,1950,759,0.873236812,6.160401831,5.287165019
3/1/2019,ROBBERY,3202,59,1.191238954,1.507530211,0.316291257
3/1/2019,MISCELLANEOUS,3599,0,-0.113880663,-0.436446594,-0.322565931
3/1/2019,DRUG OFFENCES,4429,127,0.971319253,1.00936003,0.038040776
3/1/2019,PUBLIC ORDER OFFENCES,4464,9,-0.070355836,0.624730146,0.695085982
3/1/2019,ARSON AND CRIMINAL DAMAGE,4968,13,0.994831263,-0.282285223,-1.277116485
3/1/2019,HATE CRIME,5718,101,0.213585685,1.455818639,1.242232955
3/1/2019,BURGLARY,7219,21,1.386627286,0.143487285,-1.243140001
3/1/2019,DOMESTIC ABUSE,9198,12,0.086185054,1.307831023,1.22164597
3/1/2019,VEHICLE OFFENCES,10794,8,1.693816861,0.263261524,-1.430555337
3/1/2019,VIOLENCE AGAINST THE PERSON,18723,339,-0.10629554,0.737396984,0.843692524
3/1/2019,THEFT,21397,39,0.336867231,-0.242942327,-0.579809558
4/1/2019,LETHAL BARREL DISCHARGE,25,107,0.309455089,1.777509581,1.468054493
4/1/2019,GUN CRIME,217,33,0.510303141,0.98572133,0.475418188
4/1/2019,SEXUAL OFFENCES,1596,128,-0.8752957,0.924319324,1.799615024
4/1/2019,KNIFE CRIME,2090,366,1.381549921,2.189958598,0.808408677
4/1/2019,ROBBERY,3441,37,1.661696751,0.155119343,-1.506577408
4/1/2019,MISCELLANEOUS,3586,0,-0.121969207,-0.436446594,-0.314477387
4/1/2019,DRUG OFFENCES,3714,124,-0.01889701,0.926874141,0.945771151
4/1/2019,PUBLIC ORDER OFFENCES,4135,18,-0.645271459,1.985850351,2.63112181
4/1/2019,ARSON AND CRIMINAL DAMAGE,4727,28,0.373555622,0.399019713,0.025464092
4/1/2019,HATE CRIME,5334,42,-0.149503532,-0.230367494,-0.080863962
4/1/2019,BURGLARY,6316,12,0.60157329,-0.223033286,-0.824606575
4/1/2019,DOMESTIC ABUSE,9070,4,-0.074950574,-0.399300696,-0.324350122
4/1/2019,VEHICLE OFFENCES,10297,8,1.280715618,0.263261524,-1.017454094
4/1/2019,VIOLENCE AGAINST THE PERSON,17522,267,-0.871288877,0.296092986,1.167381863
4/1/2019,THEFT,21576,58,0.379100219,1.084750554,0.705650335
5/1/2019,LETHAL BARREL DISCHARGE,17,42,-0.461263245,-0.421312825,0.039950421
5/1/2019,GUN CRIME,186,47,-0.061952396,2.159441058,2.221393453
5/1/2019,SEXUAL OFFENCES,1697,246,-0.512466479,3.568283026,4.080749505
5/1/2019,KNIFE CRIME,2072,221,1.316195379,0.725036794,-0.591158584
5/1/2019,MISCELLANEOUS,3237,0,-0.339115498,-0.436446594,-0.097331095
5/1/2019,ROBBERY,3331,53,1.445168058,1.138690883,-0.306477175
5/1/2019,DRUG OFFENCES,3932,163,0.283015081,1.99919069,1.716175608
5/1/2019,PUBLIC ORDER OFFENCES,4576,7,0.12536012,0.322258989,0.196898869
5/1/2019,ARSON AND CRIMINAL DAMAGE,4895,21,0.806644035,0.08107741,-0.725566626
5/1/2019,HATE CRIME,5442,66,-0.04738469,0.45553873,0.50292342
5/1/2019,BURGLARY,6408,33,0.681556642,0.632181379,-0.049375264
5/1/2019,DOMESTIC ABUSE,9484,8,0.446222472,0.454265164,0.008042692
5/1/2019,VEHICLE OFFENCES,10070,6,1.092035573,-0.041268023,-1.133303595
5/1/2019,VIOLENCE AGAINST THE PERSON,18884,256,-0.003744394,0.228671542,0.232415936
5/1/2019,THEFT,21758,45,0.422041023,0.176329109,-0.245711914
6/1/2019,LETHAL BARREL DISCHARGE,24,78,0.213115297,0.796496508,0.583381211
6/1/2019,GUN CRIME,222,32,0.602602422,0.901884206,0.299281785
6/1/2019,SEXUAL OFFENCES,1824,109,-0.056235676,0.498596355,0.55483203
6/1/2019,KNIFE CRIME,2024,322,1.141916598,1.745430602,0.603514004
6/1/2019,MISCELLANEOUS,3096,0,-0.426845089,-0.436446594,-0.009601505
6/1/2019,ROBBERY,3174,52,1.136122559,1.077217662,-0.058904897
6/1/2019,DRUG OFFENCES,4109,195,0.528145541,2.879040166,2.350894625
6/1/2019,PUBLIC ORDER OFFENCES,4640,14,0.23719781,1.380908038,1.143710228
6/1/2019,ARSON AND CRIMINAL DAMAGE,4711,59,0.332309106,1.807049914,1.474740808
6/1/2019,HATE CRIME,5625,84,0.125650015,0.969968397,0.844318382
6/1/2019,BURGLARY,6368,20,0.646781272,0.102762777,-0.544018495
6/1/2019,DOMESTIC ABUSE,9685,11,0.699255763,1.094439559,0.395183796
6/1/2019,VEHICLE OFFENCES,10049,7,1.074580591,0.110996751,-0.96358384
6/1/2019,VIOLENCE AGAINST THE PERSON,19034,378,0.091800153,0.976436649,0.884636496
6/1/2019,THEFT,21152,53,0.279062303,0.73535769,0.456295387
7/1/2019,LETHAL BARREL DISCHARGE,25,101,0.309455089,1.574541359,1.26508627
7/1/2019,GUN CRIME,251,23,1.137938247,0.147350096,-0.990588151
7/1/2019,SEXUAL OFFENCES,1850,102,0.037165906,0.34175105,0.304585144
7/1/2019,KNIFE CRIME,1983,274,0.993053473,1.260490971,0.267437498
7/1/2019,MISCELLANEOUS,3392,0,-0.242675169,-0.436446594,-0.193771425
7/1/2019,ROBBERY,3428,48,1.636106997,0.831324777,-0.80478222
7/1/2019,DRUG OFFENCES,4586,170,1.188751356,2.191657763,1.002906407
7/1/2019,ARSON AND CRIMINAL DAMAGE,4924,30,0.881403345,0.489860371,-0.391542974
7/1/2019,PUBLIC ORDER OFFENCES,5289,10,1.37130188,0.775965724,-0.595336156
7/1/2019,HATE CRIME,6218,123,0.686358103,2.084566011,1.398207908
7/1/2019,BURGLARY,6304,9,0.591140678,-0.345206809,-0.936347488
7/1/2019,DOMESTIC ABUSE,10228,6,1.382823309,0.027482234,-1.355341075
7/1/2019,VEHICLE OFFENCES,10519,10,1.465239714,0.56779107,-0.897448644
7/1/2019,VIOLENCE AGAINST THE PERSON,20302,256,0.899470053,0.228671542,-0.670798511
7/1/2019,THEFT,22775,51,0.661990458,0.595600545,-0.066389913
8/1/2019,LETHAL BARREL DISCHARGE,32,38,0.983833631,-0.556624973,-1.540458603
8/1/2019,GUN CRIME,226,17,0.676441846,-0.355672645,-1.032114491
8/1/2019,SEXUAL OFFENCES,1555,93,-1.02258281,0.140092802,1.162675612
8/1/2019,KNIFE CRIME,1952,311,0.880498428,1.634298604,0.753800176
8/1/2019,ROBBERY,3083,29,0.956994276,-0.336666427,-1.293660703
8/1/2019,MISCELLANEOUS,3198,0,-0.36338113,-0.436446594,-0.073065464
8/1/2019,ARSON AND CRIMINAL DAMAGE,4597,22,0.038427682,0.126497739,0.088070056
8/1/2019,PUBLIC ORDER OFFENCES,4676,5,0.30010651,0.019787833,-0.280318678
8/1/2019,DRUG OFFENCES,4865,128,1.575143436,1.036855326,-0.53828811
8/1/2019,HATE CRIME,5653,48,0.15212527,-0.058890938,-0.211016209
8/1/2019,BURGLARY,6163,15,0.468557496,-0.100859762,-0.569417259
8/1/2019,DOMESTIC ABUSE,10037,4,1.142378739,-0.399300696,-1.541679435
8/1/2019,VEHICLE OFFENCES,10480,4,1.432823319,-0.345797569,-1.778620888
8/1/2019,VIOLENCE AGAINST THE PERSON,18629,255,-0.166170123,0.22254232,0.388712443
8/1/2019,THEFT,20914,51,0.222908944,0.595600545,0.372691601
9/1/2019,LETHAL BARREL DISCHARGE,20,69,-0.17224387,0.492044175,0.664288045
9/1/2019,GUN CRIME,212,44,0.418003861,1.907929687,1.489925826
9/1/2019,SEXUAL OFFENCES,1611,81,-0.821410172,-0.128784863,0.69262531
9/1/2019,KNIFE CRIME,1813,292,0.375816126,1.442343333,1.066527206
9/1/2019,MISCELLANEOUS,3340,0,-0.275029344,-0.436446594,-0.16141725
9/1/2019,ROBBERY,3352,35,1.486505354,0.032172901,-1.454332453
9/1/2019,DRUG OFFENCES,4012,168,0.39380851,2.13666717,1.742858661
9/1/2019,PUBLIC ORDER OFFENCES,4472,4,-0.056376125,-0.131447746,-0.075071621
9/1/2019,ARSON AND CRIMINAL DAMAGE,4578,30,-0.010552555,0.489860371,0.500412926
9/1/2019,HATE CRIME,5349,66,-0.13532036,0.45553873,0.590859089
9/1/2019,BURGLARY,6526,7,0.784143986,-0.426655825,-1.210799811
9/1/2019,DOMESTIC ABUSE,9170,15,0.050936635,1.948005418,1.897068783
9/1/2019,VEHICLE OFFENCES,11616,3,2.377054733,-0.498062342,-2.875117075
9/1/2019,VIOLENCE AGAINST THE PERSON,18470,279,-0.267447342,0.369643652,0.637090995
9/1/2019,THEFT,19883,40,-0.02034363,-0.173063755,-0.152720125
10/1/2019,LETHAL BARREL DISCHARGE,17,30,-0.461263245,-0.827249269,-0.365986023
10/1/2019,GUN CRIME,257,22,1.248697383,0.063512972,-1.185184411
10/1/2019,SEXUAL OFFENCES,1672,110,-0.602275692,0.521002827,1.123278519
10/1/2019,KNIFE CRIME,2021,249,1.131024174,1.007918246,-0.123105928
10/1/2019,ROBBERY,3750,54,2.269945536,1.200164104,-1.069781431
10/1/2019,DRUG OFFENCES,4005,197,0.384114085,2.934030758,2.549916673
10/1/2019,MISCELLANEOUS,4347,0,0.351521703,-0.436446594,-0.787968297
10/1/2019,PUBLIC ORDER OFFENCES,4680,1,0.307096366,-0.585154481,-0.892250847
10/1/2019,ARSON AND CRIMINAL DAMAGE,4880,11,0.767975427,-0.373125881,-1.141101308
10/1/2019,HATE CRIME,5703,41,0.199402512,-0.25894692,-0.458349433
10/1/2019,BURGLARY,7293,23,1.450961722,0.2249363,-1.226025421
10/1/2019,DOMESTIC ABUSE,9410,12,0.353065937,1.307831023,0.954765086
10/1/2019,VEHICLE OFFENCES,12309,6,2.953069143,-0.041268023,-2.994337166
10/1/2019,VIOLENCE AGAINST THE PERSON,18907,200,0.01090577,-0.114564901,-0.125470671
10/1/2019,THEFT,22266,42,0.541897771,-0.033306609,-0.575204381
11/1/2019,LETHAL BARREL DISCHARGE,14,68,-0.75028262,0.458216138,1.208498758
11/1/2019,GUN CRIME,220,7,0.56568271,-1.194043879,-1.759726589
11/1/2019,SEXUAL OFFENCES,1755,163,-0.304109104,1.708545846,2.01265495
11/1/2019,KNIFE CRIME,2145,241,1.581244357,0.927094974,-0.654149383
11/1/2019,ROBBERY,3839,41,2.445136933,0.401012228,-2.044124705
11/1/2019,DRUG OFFENCES,4056,145,0.454744895,1.50427536,1.049530465
11/1/2019,MISCELLANEOUS,4180,0,0.247615025,-0.436446594,-0.684061619
11/1/2019,PUBLIC ORDER OFFENCES,4389,10,-0.201415629,0.775965724,0.977381353
11/1/2019,ARSON AND CRIMINAL DAMAGE,4574,12,-0.020864184,-0.327705552,-0.306841368
11/1/2019,HATE CRIME,5602,100,0.103902484,1.427239213,1.32333673
11/1/2019,BURGLARY,7096,20,1.27969302,0.102762777,-1.176930244
11/1/2019,DOMESTIC ABUSE,9211,10,0.102550391,0.881048094,0.778497703
11/1/2019,VEHICLE OFFENCES,11391,4,2.190037067,-0.345797569,-2.535834636
11/1/2019,VIOLENCE AGAINST THE PERSON,18911,339,0.013453625,0.737396984,0.723943359
11/1/2019,THEFT,21261,63,0.304779597,1.434143417,1.12936382
12/1/2019,LETHAL BARREL DISCHARGE,33,84,1.080173422,0.99946473,-0.080708693
12/1/2019,GUN CRIME,175,11,-0.265010812,-0.858695385,-0.593684573
12/1/2019,SEXUAL OFFENCES,1529,128,-1.115984392,0.924319324,2.040303715
12/1/2019,KNIFE CRIME,1858,208,0.539202483,0.593698978,0.054496495
12/1/2019,ROBBERY,3366,68,1.514063551,2.060789202,0.546725651
12/1/2019,DRUG OFFENCES,3510,99,-0.301420251,0.239491738,0.54091199
12/1/2019,MISCELLANEOUS,3685,2,-0.060371835,1.421971161,1.482342996
12/1/2019,PUBLIC ORDER OFFENCES,4128,8,-0.657503706,0.473494568,1.130998274
12/1/2019,ARSON AND CRIMINAL DAMAGE,4547,20,-0.090467679,0.035657081,0.12612476
12/1/2019,HATE CRIME,5375,76,-0.110736194,0.741332989,0.852069184
12/1/2019,BURGLARY,6836,13,1.05365311,-0.182308778,-1.235961888
12/1/2019,DOMESTIC ABUSE,9570,15,0.554485472,1.948005418,1.393519946
12/1/2019,VEHICLE OFFENCES,10972,11,1.841768614,0.720055844,-1.121712771
12/1/2019,VIOLENCE AGAINST THE PERSON,18244,340,-0.411401126,0.743526206,1.154927332
12/1/2019,THEFT,20203,61,0.055156684,1.294386272,1.239229588
1/1/2020,LETHAL BARREL DISCHARGE,29,66,0.694814255,0.390560064,-0.304254192
1/1/2020,GUN CRIME,229,74,0.731821414,4.42304339,3.691221976
1/1/2020,SEXUAL OFFENCES,1707,163,-0.476542793,1.708545846,2.185088639
1/1/2020,KNIFE CRIME,1954,216,0.887760043,0.674522249,-0.213237794
1/1/2020,ROBBERY,3365,60,1.512095109,1.569003432,0.056908323
1/1/2020,MISCELLANEOUS,3597,0,-0.115125055,-0.436446594,-0.321321539
1/1/2020,PUBLIC ORDER OFFENCES,4240,1,-0.46178775,-0.585154481,-0.123366731
1/1/2020,ARSON AND CRIMINAL DAMAGE,4422,19,-0.412706082,-0.009763248,0.402942834
1/1/2020,DRUG OFFENCES,4733,107,1.39233428,0.459454107,-0.932880173
1/1/2020,HATE CRIME,4990,63,-0.474770956,0.369800452,0.844571408
1/1/2020,BURGLARY,6992,28,1.189277056,0.428558839,-0.760718217
1/1/2020,DOMESTIC ABUSE,9362,6,0.292640077,0.027482234,-0.265157843
1/1/2020,VEHICLE OFFENCES,12090,9,2.771038615,0.415526297,-2.355512318
1/1/2020,VIOLENCE AGAINST THE PERSON,18066,285,-0.524780654,0.406418985,0.93119964
1/1/2020,THEFT,18840,54,-0.266427466,0.805236263,1.071663729
2/1/2020,LETHAL BARREL DISCHARGE,25,81,0.309455089,0.897980619,0.58852553
2/1/2020,GUN CRIME,164,20,-0.468069228,-0.104161275,0.363907954
2/1/2020,KNIFE CRIME,1732,281,0.081720684,1.331211334,1.249490649
2/1/2020,SEXUAL OFFENCES,1804,99,-0.128083046,0.274531634,0.40261468
2/1/2020,ROBBERY,3215,63,1.216828708,1.753423096,0.536594387
2/1/2020,MISCELLANEOUS,3883,1,0.062822909,0.492762283,0.429939374
2/1/2020,PUBLIC ORDER OFFENCES,4051,4,-0.792058426,-0.131447746,0.660610681
2/1/2020,DRUG OFFENCES,4236,95,0.704030108,0.129510554,-0.574519554
2/1/2020,ARSON AND CRIMINAL DAMAGE,4341,11,-0.621516567,-0.373125881,0.248390686
2/1/2020,HATE CRIME,5433,70,-0.055894594,0.569856433,0.625751027
2/1/2020,BURGLARY,6301,47,0.588532526,1.202324488,0.613791963
2/1/2020,DOMESTIC ABUSE,8896,8,-0.293994318,0.454265164,0.748259482
2/1/2020,VEHICLE OFFENCES,10762,8,1.667218793,0.263261524,-1.403957269
2/1/2020,VIOLENCE AGAINST THE PERSON,17279,322,-1.026071042,0.633200206,1.659271249
2/1/2020,THEFT,19725,59,-0.05762191,1.154629126,1.212251037
3/1/2020,LETHAL BARREL DISCHARGE,22,39,0.020435713,-0.522796936,-0.543232649
3/1/2020,GUN CRIME,166,12,-0.431149516,-0.774858262,-0.343708746
3/1/2020,SEXUAL OFFENCES,1544,48,-1.062098864,-0.868198441,0.193900423
3/1/2020,KNIFE CRIME,1583,115,-0.459269696,-0.345871559,0.113398138
3/1/2020,ROBBERY,2719,43,0.240481145,0.523958671,0.283477525
3/1/2020,MISCELLANEOUS,3071,1,-0.442399981,0.492762283,0.935162264
3/1/2020,DRUG OFFENCES,4015,95,0.397963263,0.129510554,-0.268452709
3/1/2020,PUBLIC ORDER OFFENCES,4090,4,-0.723907334,-0.131447746,0.592459589
3/1/2020,ARSON AND CRIMINAL DAMAGE,4386,11,-0.505510742,-0.373125881,0.132384861
3/1/2020,HATE CRIME,5347,40,-0.13721145,-0.287526346,-0.150314897
3/1/2020,BURGLARY,5362,17,-0.227819304,-0.019410747,0.208408558
3/1/2020,DOMESTIC ABUSE,9364,12,0.295157821,1.307831023,1.012673202
3/1/2020,VEHICLE OFFENCES,9588,11,0.691402174,0.720055844,0.02865367
3/1/2020,THEFT,14874,42,-1.202159484,-0.033306609,1.168852875
3/1/2020,VIOLENCE AGAINST THE PERSON,17657,160,-0.785298785,-0.359733788,0.425564996
4/1/2020,LETHAL BARREL DISCHARGE,4,15,-1.713680538,-1.334669824,0.379010714
4/1/2020,GUN CRIME,90,18,-1.834098575,-0.271835521,1.562263054
4/1/2020,MISCELLANEOUS,686,0,-1.926336671,-0.436446594,1.489890077
4/1/2020,KNIFE CRIME,964,124,-2.706739801,-0.254945378,2.451794423
4/1/2020,SEXUAL OFFENCES,996,28,-3.030716818,-1.316327882,1.714388936
4/1/2020,ROBBERY,1105,20,-2.93658532,-0.889925418,2.046659902
4/1/2020,ARSON AND CRIMINAL DAMAGE,3486,8,-2.825627244,-0.509386868,2.316240376
4/1/2020,PUBLIC ORDER OFFENCES,3538,1,-1.688507406,-0.585154481,1.103352926
4/1/2020,BURGLARY,3666,3,-1.702295027,-0.589553856,1.11274117
4/1/2020,HATE CRIME,4412,17,-1.021295872,-0.944853144,0.076442728
4/1/2020,DRUG OFFENCES,5422,107,2.346542679,0.459454107,-1.887088572
4/1/2020,VEHICLE OFFENCES,6343,4,-2.005808159,-0.345797569,1.66001059
4/1/2020,THEFT,7276,33,-2.994820066,-0.662213764,2.332606303
4/1/2020,DOMESTIC ABUSE,9437,27,0.387055484,4.508702997,4.121647513
4/1/2020,VIOLENCE AGAINST THE PERSON,15474,77,-2.17579042,-0.86845923,1.307331189
5/1/2020,LETHAL BARREL DISCHARGE,21,58,-0.075904078,0.119935768,0.195839846
5/1/2020,GUN CRIME,160,15,-0.541908653,-0.523346892,0.018561761
5/1/2020,MISCELLANEOUS,810,0,-1.849184407,-0.436446594,1.412737813
5/1/2020,KNIFE CRIME,1183,84,-1.911592866,-0.659061737,1.252531129
5/1/2020,SEXUAL OFFENCES,1277,41,-2.021261261,-1.025043745,0.996217516
5/1/2020,ROBBERY,1316,19,-2.521243917,-0.951398639,1.569845278
5/1/2020,BURGLARY,3894,14,-1.504075413,-0.14158427,1.362491143
5/1/2020,ARSON AND CRIMINAL DAMAGE,3903,33,-1.750639932,0.626121358,2.37676129
5/1/2020,PUBLIC ORDER OFFENCES,4345,5,-0.27830404,0.019787833,0.298091873
5/1/2020,HATE CRIME,5692,28,0.189001519,-0.630479458,-0.819480977
5/1/2020,DRUG OFFENCES,6898,97,4.390681426,0.184501146,-4.20618028
5/1/2020,VEHICLE OFFENCES,7275,3,-1.231139429,-0.498062342,0.733077086
5/1/2020,THEFT,8969,24,-2.595376217,-1.291120918,1.304255299
5/1/2020,DOMESTIC ABUSE,10586,15,1.833499518,1.948005418,0.1145059
5/1/2020,VIOLENCE AGAINST THE PERSON,17855,94,-0.659179983,-0.764262453,-0.10508247
6/1/2020,LETHAL BARREL DISCHARGE,39,88,1.658212173,1.134776878,-0.523435295
6/1/2020,GUN CRIME,177,19,-0.2280911,-0.187998398,0.040092702
6/1/2020,MISCELLANEOUS,1076,0,-1.683680357,-0.436446594,1.247233763
6/1/2020,KNIFE CRIME,1478,194,-0.840504528,0.452258252,1.29276278
6/1/2020,SEXUAL OFFENCES,1539,48,-1.080060706,-0.868198441,0.211862266
6/1/2020,ROBBERY,1716,22,-1.73386685,-0.766978975,0.966887875
6/1/2020,BURGLARY,4311,6,-1.141542172,-0.467380333,0.674161839
6/1/2020,ARSON AND CRIMINAL DAMAGE,4341,7,-0.621516567,-0.554807197,0.06670937
6/1/2020,PUBLIC ORDER OFFENCES,5070,19,0.988607286,2.13708593,1.148478643
6/1/2020,DRUG OFFENCES,5073,92,1.863206349,0.047024665,-1.816181684
6/1/2020,VEHICLE OFFENCES,8107,1,-0.539589661,-0.802591889,-0.263002228
6/1/2020,HATE CRIME,8281,297,2.637017101,7.057386134,4.420369033
6/1/2020,DOMESTIC ABUSE,10243,8,1.40170639,0.454265164,-0.947441226
6/1/2020,THEFT,11495,28,-1.999395613,-1.011606627,0.987788986
6/1/2020,VIOLENCE AGAINST THE PERSON,19112,301,0.141483317,0.50448654,0.363003223
7/1/2020,LETHAL BARREL DISCHARGE,45,76,2.236250923,0.728840434,-1.507410489
7/1/2020,GUN CRIME,209,23,0.362624293,0.147350096,-0.215274197
7/1/2020,KNIFE CRIME,1592,227,-0.426592425,0.785654248,1.212246673
7/1/2020,SEXUAL OFFENCES,1803,64,-0.131675415,-0.509694888,-0.378019473
7/1/2020,MISCELLANEOUS,1838,0,-1.209567251,-0.436446594,0.773120657
7/1/2020,ROBBERY,2197,32,-0.787045927,-0.152246763,0.634799164
7/1/2020,ARSON AND CRIMINAL DAMAGE,4702,11,0.309107941,-0.373125881,-0.682233822
7/1/2020,BURGLARY,4959,10,-0.578181165,-0.304482302,0.273698864
7/1/2020,DRUG OFFENCES,5015,135,1.782881114,1.229322398,-0.553558715
7/1/2020,PUBLIC ORDER OFFENCES,5765,3,2.203094696,-0.282683324,-2.48577802
7/1/2020,HATE CRIME,8091,97,2.457363582,1.341500935,-1.115862647
7/1/2020,VEHICLE OFFENCES,9026,8,0.224273604,0.263261524,0.03898792
7/1/2020,DOMESTIC ABUSE,10915,20,2.247668436,3.014962743,0.767294307
7/1/2020,THEFT,15221,31,-1.120288831,-0.801970909,0.318317922
7/1/2020,VIOLENCE AGAINST THE PERSON,20366,224,0.940235727,0.032536432,-0.907699295
8/1/2020,LETHAL BARREL DISCHARGE,33,48,1.080173422,-0.218344603,-1.298518025
8/1/2020,GUN CRIME,205,14,0.288784869,-0.607184015,-0.895968884
8/1/2020,POSSESSION OF WEAPONS,543,42,0.475048859,0.160567835,-0.314481024
8/1/2020,MISCELLANEOUS CRIMES AGAINST SOCIETY,889,1,-0.456669256,-0.373478014,0.083191241
8/1/2020,SEXUAL OFFENCES,1602,99,-0.853741489,0.274531634,1.128273123
8/1/2020,KNIFE CRIME,1753,142,0.157967651,-0.073093016,-0.231060667
8/1/2020,MISCELLANEOUS,2433,0,-0.839360823,-0.436446594,0.402914229
8/1/2020,ROBBERY,2495,20,-0.200450012,-0.889925418,-0.689475406
8/1/2020,DRUG OFFENCES,3824,98,0.133443954,0.211996442,0.078552488
8/1/2020,ARSON AND CRIMINAL DAMAGE,4681,13,0.254971889,-0.282285223,-0.537257112
8/1/2020,BURGLARY,4994,4,-0.547752716,-0.548829349,-0.001076633
8/1/2020,PUBLIC ORDER OFFENCES,5337,2,1.455180147,-0.433918902,-1.88909905
8/1/2020,HATE CRIME,7488,82,1.887200046,0.912809545,-0.9743905
8/1/2020,VEHICLE OFFENCES,8879,9,0.102088729,0.415526297,0.313437568
8/1/2020,DOMESTIC ABUSE,11269,6,2.693309157,0.027482234,-2.665826923
8/1/2020,THEFT,16048,43,-0.925167707,0.036571963,0.96173967
8/1/2020,VIOLENCE AGAINST THE PERSON,20230,138,0.853608671,-0.494576677,-1.348185348
9/1/2020,FRAUD AND FORGERY,0,26,-0.582509892,0.133894592,0.716404483
9/1/2020,LETHAL BARREL DISCHARGE,31,173,0.887493839,4.010160024,3.122666185
9/1/2020,GUN CRIME,201,34,0.214945445,1.069558453,0.854613008
9/1/2020,POSSESSION OF WEAPONS,586,48,1.181248943,0.58245195,-0.598796993
9/1/2020,MISCELLANEOUS CRIMES AGAINST SOCIETY,1069,1,1.128659249,-0.373478014,-1.502137263
9/1/2020,SEXUAL OFFENCES,1583,50,-0.921996491,-0.823385496,0.098610995
9/1/2020,KNIFE CRIME,1586,111,-0.448377272,-0.386283194,0.062094078
9/1/2020,ROBBERY,2582,32,-0.0291955,-0.152246763,-0.123051263
9/1/2020,MISCELLANEOUS,2653,0,-0.702477774,-0.436446594,0.26603118
9/1/2020,DRUG OFFENCES,3789,97,0.084971829,0.184501146,0.099529317
9/1/2020,ARSON AND CRIMINAL DAMAGE,4286,7,-0.763301464,-0.554807197,0.208494267
9/1/2020,PUBLIC ORDER OFFENCES,5096,2,1.034041348,-0.433918902,-1.46796025
9/1/2020,BURGLARY,5180,4,-0.386047241,-0.548829349,-0.162782107
9/1/2020,HATE CRIME,6626,49,1.072140397,-0.030311512,-1.102451909
9/1/2020,DOMESTIC ABUSE,9827,7,0.8780156,0.240873699,-0.637141901
9/1/2020,VEHICLE OFFENCES,10097,1,1.114477693,-0.802591889,-1.917069582
9/1/2020,THEFT,16496,32,-0.819467267,-0.732092336,0.087374931
9/1/2020,VIOLENCE AGAINST THE PERSON,19359,135,0.298813337,-0.512964343,-0.81177768
10/1/2020,LETHAL BARREL DISCHARGE,30,43,0.791154047,-0.387484788,-1.178638835
10/1/2020,GUN CRIME,166,11,-0.431149516,-0.858695385,-0.427545869
10/1/2020,POSSESSION OF WEAPONS,589,32,1.230518716,-0.542572357,-1.773091073
10/1/2020,MISCELLANEOUS CRIMES AGAINST SOCIETY,925,4,-0.139603555,1.258458527,1.398062082
10/1/2020,KNIFE CRIME,1483,73,-0.822350489,-0.770193736,0.052156753
10/1/2020,SEXUAL OFFENCES,1632,41,-0.745970433,-1.025043745,-0.279073312
10/1/2020,ROBBERY,2443,36,-0.302809031,0.093646122,0.396455153
10/1/2020,MISCELLANEOUS,3413,0,-0.229609059,-0.436446594,-0.206837535
10/1/2020,ARSON AND CRIMINAL DAMAGE,4304,2,-0.716899134,-0.781908842,-0.065009708
10/1/2020,DRUG OFFENCES,4398,72,0.9283868,-0.502881257,-1.431268057
10/1/2020,PUBLIC ORDER OFFENCES,4549,3,0.078178595,-0.282683324,-0.360861919
10/1/2020,BURGLARY,5628,7,0.003436912,-0.426655825,-0.430092737
10/1/2020,HATE CRIME,5777,69,0.26937283,0.541277007,0.271904177
10/1/2020,DOMESTIC ABUSE,9231,4,0.127727833,-0.399300696,-0.527028528
10/1/2020,VEHICLE OFFENCES,10553,4,1.493500162,-0.345797569,-1.839297731
10/1/2020,THEFT,16778,27,-0.752932615,-1.0814852,-0.328552585
10/1/2020,VIOLENCE AGAINST THE PERSON,18400,134,-0.312034797,-0.519093565,-0.207058768
11/1/2020,LETHAL BARREL DISCHARGE,21,46,-0.075904078,-0.286000677,-0.210096598
11/1/2020,GUN CRIME,163,5,-0.486529084,-1.361718126,-0.875189041
11/1/2020,POSSESSION OF WEAPONS,595,24,1.329058263,-1.10508451,-2.434142773
11/1/2020,MISCELLANEOUS CRIMES AGAINST SOCIETY,1060,3,1.049392823,0.71447968,-0.334913143
11/1/2020,KNIFE CRIME,1284,60,-1.544881265,-0.901531553,0.643349712
11/1/2020,SEXUAL OFFENCES,1518,43,-1.155500445,-0.980230801,0.175269645
11/1/2020,ROBBERY,2308,32,-0.568548791,-0.152246763,0.416302028
11/1/2020,MISCELLANEOUS,2636,0,-0.7130551,-0.436446594,0.276608507
11/1/2020,PUBLIC ORDER OFFENCES,4166,3,-0.591100078,-0.282683324,0.308416754
11/1/2020,ARSON AND CRIMINAL DAMAGE,4167,4,-1.070072424,-0.691068184,0.37900424
11/1/2020,DRUG OFFENCES,4714,63,1.366020841,-0.750338922,-2.116359763
11/1/2020,BURGLARY,5198,16,-0.370398325,-0.060135255,0.31026307
11/1/2020,HATE CRIME,5443,23,-0.046439145,-0.773376588,-0.726937443
11/1/2020,VEHICLE OFFENCES,9121,7,0.303236619,0.110996751,-0.192239868
11/1/2020,DOMESTIC ABUSE,9124,6,-0.006971481,0.027482234,0.034453715
11/1/2020,THEFT,12894,46,-1.669317677,0.246207681,1.915525359
11/1/2020,VIOLENCE AGAINST THE PERSON,17953,108,-0.596757546,-0.678453342,-0.081695796
12/1/2020,LETHAL BARREL DISCHARGE,9,27,-1.231981579,-0.92873338,0.303248199
12/1/2020,GUN CRIME,112,13,-1.427981742,-0.691021138,0.736960604
12/1/2020,POSSESSION OF WEAPONS,470,39,-0.723848958,-0.050374223,0.673474735
12/1/2020,MISCELLANEOUS CRIMES AGAINST SOCIETY,860,1,-0.712083292,-0.373478014,0.338605278
12/1/2020,SEXUAL OFFENCES,1250,35,-2.118255211,-1.159482577,0.958772634
12/1/2020,KNIFE CRIME,1282,75,-1.552142881,-0.749987918,0.802154963
12/1/2020,ROBBERY,1998,21,-1.178766018,-0.828452197,0.350313821
12/1/2020,MISCELLANEOUS,3050,0,-0.45546609,-0.436446594,0.019019496
12/1/2020,PUBLIC ORDER OFFENCES,3794,1,-1.241156648,-0.585154481,0.656002168
12/1/2020,DRUG OFFENCES,3912,79,0.255316724,-0.310414184,-0.565730909
12/1/2020,ARSON AND CRIMINAL DAMAGE,4038,7,-1.402622456,-0.554807197,0.847815259
12/1/2020,BURGLARY,4740,6,-0.76857632,-0.467380333,0.301195987
12/1/2020,HATE CRIME,4829,21,-0.627003675,-0.83053544,-0.203531765
12/1/2020,VEHICLE OFFENCES,7683,5,-0.892014062,-0.193532796,0.698481266
12/1/2020,DOMESTIC ABUSE,9464,3,0.42104503,-0.612692161,-1.033737191
12/1/2020,THEFT,13269,39,-1.580840747,-0.242942327,1.337898419
12/1/2020,VIOLENCE AGAINST THE PERSON,17059,80,-1.166203044,-0.850071564,0.31613148
1/1/2021,FRAUD AND FORGERY,0,36,-0.582509892,1.197175172,1.779685064
1/1/2021,LETHAL BARREL DISCHARGE,12,19,-0.942962204,-1.199357676,-0.256395472
1/1/2021,GUN CRIME,139,11,-0.929565629,-0.858695385,0.070870244
1/1/2021,POSSESSION OF WEAPONS,444,29,-1.15085366,-0.753514414,0.397339246
1/1/2021,MISCELLANEOUS CRIMES AGAINST SOCIETY,850,1,-0.800157098,-0.373478014,0.426679084
1/1/2021,KNIFE CRIME,1036,69,-2.445321631,-0.810605372,1.634716258
1/1/2021,SEXUAL OFFENCES,1206,31,-2.276319426,-1.249108465,1.027210961
1/1/2021,ROBBERY,1449,39,-2.259441043,0.278065786,2.537506828
1/1/2021,MISCELLANEOUS,1744,0,-1.268053645,-0.436446594,0.831607051
1/1/2021,PUBLIC ORDER OFFENCES,3348,5,-2.020525547,0.019787833,2.04031338
1/1/2021,ARSON AND CRIMINAL DAMAGE,3621,5,-2.477609769,-0.645647855,1.831961914
1/1/2021,DRUG OFFENCES,4007,96,0.38688392,0.15700585,-0.22987807
1/1/2021,BURGLARY,4263,18,-1.183272617,0.021313761,1.204586378
1/1/2021,HATE CRIME,4416,24,-1.017513693,-0.744797162,0.27271653
1/1/2021,VEHICLE OFFENCES,7631,1,-0.935235922,-0.802591889,0.132644033
1/1/2021,DOMESTIC ABUSE,8865,3,-0.333019353,-0.612692161,-0.279672808
1/1/2021,THEFT,9512,31,-2.467261622,-0.801970909,1.665290713
1/1/2021,VIOLENCE AGAINST THE PERSON,15520,101,-2.146490092,-0.721357898,1.425132194
2/1/2021,LETHAL BARREL DISCHARGE,10,20,-1.135641787,-1.165529639,-0.029887852
2/1/2021,GUN CRIME,107,5,-1.520281023,-1.361718126,0.158562897
2/1/2021,POSSESSION OF WEAPONS,458,19,-0.920928051,-1.456654606,-0.535726555
2/1/2021,MISCELLANEOUS CRIMES AGAINST SOCIETY,841,2,-0.879423524,0.170500833,1.049924356
2/1/2021,KNIFE CRIME,1191,152,-1.882546402,0.027936074,1.910482476
2/1/2021,SEXUAL OFFENCES,1305,47,-1.920674942,-0.890604913,1.03007003
2/1/2021,ROBBERY,1326,14,-2.501559491,-1.258764745,1.242794745
2/1/2021,MISCELLANEOUS,1522,0,-1.406181085,-0.436446594,0.969734491
2/1/2021,PUBLIC ORDER OFFENCES,3291,1,-2.120130989,-0.585154481,1.534976509
2/1/2021,ARSON AND CRIMINAL DAMAGE,3530,4,-2.712199326,-0.691068184,2.021131142
2/1/2021,BURGLARY,4025,4,-1.390186074,-0.548829349,0.841356725
2/1/2021,DRUG OFFENCES,4357,65,0.871605168,-0.69534833,-1.566953498
2/1/2021,HATE CRIME,4520,32,-0.91917703,-0.516161754,0.403015275
2/1/2021,VEHICLE OFFENCES,7566,2,-0.989263248,-0.650327116,0.338936132
2/1/2021,DOMESTIC ABUSE,8359,1,-0.970008632,-1.03947509,-0.069466459
2/1/2021,THEFT,9394,26,-2.495102363,-1.151363772,1.34373859
2/1/2021,VIOLENCE AGAINST THE PERSON,15359,100,-2.249041239,-0.72748712,1.521554119
3/1/2021,LETHAL BARREL DISCHARGE,19,22,-0.268583662,-1.097873565,-0.829289903
3/1/2021,GUN CRIME,147,11,-0.781886781,-0.858695385,-0.076808604
3/1/2021,POSSESSION OF WEAPONS,501,29,-0.214727967,-0.753514414,-0.538786447
3/1/2021,MISCELLANEOUS CRIMES AGAINST SOCIETY,997,3,0.494527847,0.71447968,0.219951833
3/1/2021,KNIFE CRIME,1372,88,-1.225370168,-0.618650101,0.606720067
3/1/2021,ROBBERY,1636,24,-1.891342264,-0.644032533,1.247309731
3/1/2021,SEXUAL OFFENCES,1933,96,0.335332494,0.207312218,-0.128020276
3/1/2021,MISCELLANEOUS,2007,0,-1.104416181,-0.436446594,0.667969588
3/1/2021,ARSON AND CRIMINAL DAMAGE,4138,8,-1.144831734,-0.509386868,0.635444866
3/1/2021,DRUG OFFENCES,4437,89,0.982398596,-0.035461223,-1.017859819
3/1/2021,BURGLARY,4607,9,-0.884204428,-0.345206809,0.538997619
3/1/2021,PUBLIC ORDER OFFENCES,4749,2,0.427671375,-0.433918902,-0.861590277
3/1/2021,HATE CRIME,6172,70,0.642863041,0.569856433,-0.073006607
3/1/2021,VEHICLE OFFENCES,8233,1,-0.434859768,-0.802591889,-0.367732121
3/1/2021,DOMESTIC ABUSE,9066,7,-0.079986062,0.240873699,0.320859761
3/1/2021,THEFT,11327,39,-2.039033278,-0.242942327,1.79609095
3/1/2021,VIOLENCE AGAINST THE PERSON,18582,181,-0.196107414,-0.231020122,-0.034912708
4/1/2021,LETHAL BARREL DISCHARGE,17,42,-0.461263245,-0.421312825,0.039950421
4/1/2021,GUN CRIME,135,31,-1.003405053,0.818047083,1.821452137
4/1/2021,POSSESSION OF WEAPONS,484,66,-0.493923349,1.848104294,2.342027644
4/1/2021,MISCELLANEOUS CRIMES AGAINST SOCIETY,979,0,0.335994996,-0.917456862,-1.253451858
4/1/2021,KNIFE CRIME,1315,137,-1.43232622,-0.123607561,1.308718659
4/1/2021,SEXUAL OFFENCES,1640,47,-0.717231485,-0.890604913,-0.173373428
4/1/2021,ROBBERY,1686,26,-1.79292013,-0.52108609,1.27183404
4/1/2021,MISCELLANEOUS,2463,0,-0.820694953,-0.436446594,0.384248359
4/1/2021,DRUG OFFENCES,4053,70,0.450590141,-0.557871849,-1.008461991
4/1/2021,BURGLARY,4125,13,-1.303247646,-0.182308778,1.120938868
4/1/2021,ARSON AND CRIMINAL DAMAGE,4226,11,-0.917975898,-0.373125881,0.544850017
4/1/2021,PUBLIC ORDER OFFENCES,4845,5,0.595427909,0.019787833,-0.575640076
4/1/2021,HATE CRIME,6296,42,0.7601106,-0.230367494,-0.990478095
4/1/2021,VEHICLE OFFENCES,7027,4,-1.437274456,-0.345797569,1.091476887
4/1/2021,DOMESTIC ABUSE,9182,5,0.0660431,-0.185909231,-0.251952331
4/1/2021,THEFT,12993,31,-1.645959768,-0.801970909,0.843988859
4/1/2021,VIOLENCE AGAINST THE PERSON,18295,153,-0.37891598,-0.402638344,-0.023722364
5/1/2021,FRAUD AND FORGERY,0,41,-0.582509892,1.728815462,2.311325354
5/1/2021,LETHAL BARREL DISCHARGE,19,109,-0.268583662,1.845165655,2.113749317
5/1/2021,GUN CRIME,122,15,-1.243383182,-0.523346892,0.72003629
5/1/2021,POSSESSION OF WEAPONS,502,38,-0.198304709,-0.120688242,0.077616468
5/1/2021,MISCELLANEOUS CRIMES AGAINST SOCIETY,1035,1,0.829208309,-0.373478014,-1.202686323
5/1/2021,KNIFE CRIME,1311,101,-1.446849452,-0.487312284,0.959537167
5/1/2021,ROBBERY,1748,20,-1.670876685,-0.889925418,0.780951267
5/1/2021,SEXUAL OFFENCES,1922,47,0.29581644,-0.890604913,-1.186421353
5/1/2021,MISCELLANEOUS,2921,0,-0.535729332,-0.436446594,0.099282739
5/1/2021,DRUG OFFENCES,3708,83,-0.027206517,-0.200433,-0.173226483
5/1/2021,BURGLARY,4159,8,-1.273688581,-0.385931317,0.887757264
5/1/2021,ARSON AND CRIMINAL DAMAGE,4645,29,0.162167229,0.444440042,0.282272813
5/1/2021,PUBLIC ORDER OFFENCES,5296,1,1.383534127,-0.585154481,-1.968688608
5/1/2021,VEHICLE OFFENCES,7708,1,-0.871234321,-0.802591889,0.068642432
5/1/2021,HATE CRIME,7788,71,2.170863497,0.598435859,-1.572427637
5/1/2021,DOMESTIC ABUSE,10290,2,1.460873379,-0.826083625,-2.286957004
5/1/2021,THEFT,14712,33,-1.240381518,-0.662213764,0.578167754
5/1/2021,VIOLENCE AGAINST THE PERSON,20578,147,1.075272019,-0.439413677,-1.514685696
6/1/2021,LETHAL BARREL DISCHARGE,28,96,0.598474464,1.405401174,0.80692671
6/1/2021,GUN CRIME,156,19,-0.615748077,-0.187998398,0.427749679
6/1/2021,POSSESSION OF WEAPONS,511,29,-0.05049539,-0.753514414,-0.703019025
6/1/2021,MISCELLANEOUS CRIMES AGAINST SOCIETY,879,1,-0.544743061,-0.373478014,0.171265047
6/1/2021,KNIFE CRIME,1573,132,-0.495577775,-0.174122106,0.32145567
6/1/2021,ROBBERY,1891,15,-1.389389383,-1.197291524,0.192097859
6/1/2021,SEXUAL OFFENCES,2034,59,0.698161716,-0.621727248,-1.319888963
6/1/2021,MISCELLANEOUS,2578,0,-0.74914245,-0.436446594,0.312695856
6/1/2021,DRUG OFFENCES,3505,68,-0.308344841,-0.612862442,-0.304517601
6/1/2021,BURGLARY,4234,5,-1.208484761,-0.508104841,0.70037992
6/1/2021,ARSON AND CRIMINAL DAMAGE,4842,11,0.670014953,-0.373125881,-1.043140833
6/1/2021,PUBLIC ORDER OFFENCES,5586,9,1.890298658,0.624730146,-1.265568512
6/1/2021,HATE CRIME,7351,38,1.757660403,-0.344685198,-2.102345601
6/1/2021,VEHICLE OFFENCES,8011,3,-0.619383865,-0.498062342,0.121321523
6/1/2021,DOMESTIC ABUSE,10043,1,1.149931972,-1.03947509,-2.189407062
6/1/2021,THEFT,15972,27,-0.943099031,-1.0814852,-0.138386169
6/1/2021,VIOLENCE AGAINST THE PERSON,20729,140,1.171453529,-0.482318232,-1.653771761
7/1/2021,FRAUD AND FORGERY,0,37,-0.582509892,1.30350323,1.886013122
7/1/2021,LETHAL BARREL DISCHARGE,19,7,-0.268583662,-1.60529412,-1.336710458
7/1/2021,GUN CRIME,127,5,-1.151083902,-1.361718126,-0.210634224
7/1/2021,POSSESSION OF WEAPONS,529,31,0.24512325,-0.612886376,-0.858009626
7/1/2021,MISCELLANEOUS CRIMES AGAINST SOCIETY,956,5,0.133425243,1.802437374,1.669012131
7/1/2021,KNIFE CRIME,1546,161,-0.593609589,0.118862255,0.712471844
7/1/2021,ROBBERY,1863,29,-1.444505778,-0.336666427,1.107839352
7/1/2021,SEXUAL OFFENCES,1987,35,0.529320395,-1.159482577,-1.688802972
7/1/2021,MISCELLANEOUS,2773,0,-0.627814293,-0.436446594,0.191367699
7/1/2021,DRUG OFFENCES,3556,60,-0.23771403,-0.832824811,-0.59511078
7/1/2021,BURGLARY,4238,7,-1.205007224,-0.426655825,0.778351399
7/1/2021,ARSON AND CRIMINAL DAMAGE,4682,15,0.257549797,-0.191444565,-0.448994361
7/1/2021,PUBLIC ORDER OFFENCES,5849,5,2.349881663,0.019787833,-2.330093831
7/1/2021,VEHICLE OFFENCES,7836,13,-0.764842049,1.02458539,1.789427439
7/1/2021,HATE CRIME,8159,39,2.521660631,-0.316105772,-2.837766403
7/1/2021,DOMESTIC ABUSE,10586,3,1.833499518,-0.612692161,-2.446191678
7/1/2021,THEFT,16734,43,-0.763313908,0.036571963,0.799885872
7/1/2021,VIOLENCE AGAINST THE PERSON,21188,145,1.463819842,-0.451672121,-1.915491963
8/1/2021,FRAUD AND FORGERY,0,22,-0.582509892,-0.291417641,0.291092251
8/1/2021,LETHAL BARREL DISCHARGE,29,35,0.694814255,-0.658109084,-1.352923339
8/1/2021,GUN CRIME,162,11,-0.504988941,-0.858695385,-0.353706445
8/1/2021,POSSESSION OF WEAPONS,495,38,-0.313267514,-0.120688242,0.192579272
8/1/2021,MISCELLANEOUS CRIMES AGAINST SOCIETY,837,0,-0.914653046,-0.917456862,-0.002803816
8/1/2021,KNIFE CRIME,1416,121,-1.06561462,-0.285254105,0.780360515
8/1/2021,SEXUAL OFFENCES,1700,44,-0.501689373,-0.957824329,-0.456134956
8/1/2021,ROBBERY,1912,18,-1.348052087,-1.01287186,0.335180227
8/1/2021,MISCELLANEOUS,2803,0,-0.609148422,-0.436446594,0.172701828
8/1/2021,DRUG OFFENCES,3433,78,-0.408058926,-0.33790948,0.070149446
8/1/2021,BURGLARY,4316,5,-1.137195251,-0.508104841,0.62909041
8/1/2021,ARSON AND CRIMINAL DAMAGE,4463,6,-0.307011886,-0.600227526,-0.29321564
8/1/2021,PUBLIC ORDER OFFENCES,4695,2,0.333308324,-0.433918902,-0.767227227
8/1/2021,HATE CRIME,6295,32,0.759165056,-0.516161754,-1.27532681
8/1/2021,VEHICLE OFFENCES,8591,4,-0.137293883,-0.345797569,-0.208503687
8/1/2021,DOMESTIC ABUSE,9671,2,0.681631553,-0.826083625,-1.507715179
8/1/2021,THEFT,16053,16,-0.923988014,-1.850149499,-0.926161485
8/1/2021,VIOLENCE AGAINST THE PERSON,18668,179,-0.141328541,-0.243278567,-0.101950026
9/1/2021,LETHAL BARREL DISCHARGE,18,21,-0.364923454,-1.131701602,-0.766778148
9/1/2021,GUN CRIME,124,8,-1.20646347,-1.110206756,0.096256714
9/1/2021,POSSESSION OF WEAPONS,475,31,-0.641732669,-0.612886376,0.028846293
9/1/2021,MISCELLANEOUS CRIMES AGAINST SOCIETY,925,1,-0.139603555,-0.373478014,-0.23387446
9/1/2021,KNIFE CRIME,1600,63,-0.397545962,-0.871222826,-0.473676864
9/1/2021,SEXUAL OFFENCES,1983,68,0.514950921,-0.420068999,-0.93501992
9/1/2021,ROBBERY,2182,24,-0.816572567,-0.644032533,0.172540034
9/1/2021,MISCELLANEOUS,3120,0,-0.411912393,-0.436446594,-0.024534201
9/1/2021,DRUG OFFENCES,3185,52,-0.751518553,-1.052787179,-0.301268627
9/1/2021,BURGLARY,4278,14,-1.170231853,-0.14158427,1.028647583
9/1/2021,ARSON AND CRIMINAL DAMAGE,4421,3,-0.415283989,-0.736488513,-0.321204524
9/1/2021,PUBLIC ORDER OFFENCES,4979,1,0.829588072,-0.585154481,-1.414742552
9/1/2021,HATE CRIME,6174,20,0.64475413,-0.859114866,-1.503868997
9/1/2021,VEHICLE OFFENCES,8901,1,0.120374901,-0.802591889,-0.92296679
9/1/2021,DOMESTIC ABUSE,9547,2,0.525531414,-0.826083625,-1.351615039
9/1/2021,THEFT,16649,24,-0.783368679,-1.291120918,-0.507752239
9/1/2021,VIOLENCE AGAINST THE PERSON,19693,167,0.511559194,-0.316829233,-0.828388427
10/1/2021,FRAUD AND FORGERY,0,28,-0.582509892,0.346550708,0.929060599
10/1/2021,LETHAL BARREL DISCHARGE,23,40,0.116775505,-0.488968899,-0.605744404
10/1/2021,GUN CRIME,133,11,-1.040324766,-0.858695385,0.18162938
10/1/2021,POSSESSION OF WEAPONS,560,29,0.754244241,-0.753514414,-1.507758655
10/1/2021,MISCELLANEOUS CRIMES AGAINST SOCIETY,1025,3,0.741134503,0.71447968,-0.026654823
10/1/2021,KNIFE CRIME,1447,113,-0.953059574,-0.366077377,0.586982197
10/1/2021,SEXUAL OFFENCES,2197,92,1.283717786,0.11768633,-1.166031456
10/1/2021,ROBBERY,2223,21,-0.735866418,-0.828452197,-0.092585779
10/1/2021,DRUG OFFENCES,3885,73,0.217923943,-0.475385961,-0.693309903
10/1/2021,MISCELLANEOUS,4110,0,0.204061328,-0.436446594,-0.640507922
10/1/2021,ARSON AND CRIMINAL DAMAGE,4666,11,0.216303281,-0.373125881,-0.589429162
10/1/2021,BURGLARY,4717,34,-0.788572159,0.672905887,1.461478045
10/1/2021,PUBLIC ORDER OFFENCES,5098,1,1.037536275,-0.585154481,-1.622690756
10/1/2021,HATE CRIME,6653,36,1.097670107,-0.40184405,-1.499514157
10/1/2021,VEHICLE OFFENCES,9355,1,0.497734991,-0.802591889,-1.30032688
10/1/2021,DOMESTIC ABUSE,10043,5,1.149931972,-0.185909231,-1.335841203
10/1/2021,THEFT,19015,22,-0.225138232,-1.430878063,-1.205739831
10/1/2021,VIOLENCE AGAINST THE PERSON,20438,94,0.986097109,-0.764262453,-1.750359562
11/1/2021,FRAUD AND FORGERY,0,22,-0.582509892,-0.291417641,0.291092251
11/1/2021,LETHAL BARREL DISCHARGE,11,38,-1.039301996,-0.556624973,0.482677023
11/1/2021,GUN CRIME,102,12,-1.612580303,-0.774858262,0.837722041
11/1/2021,POSSESSION OF WEAPONS,535,40,0.343662797,0.019939796,-0.323723
11/1/2021,MISCELLANEOUS CRIMES AGAINST SOCIETY,963,3,0.195076907,0.71447968,0.519402773
11/1/2021,KNIFE CRIME,1350,95,-1.305247942,-0.547929738,0.757318204
11/1/2021,SEXUAL OFFENCES,2097,43,0.924480933,-0.980230801,-1.904711734
11/1/2021,ROBBERY,2202,20,-0.777203714,-0.889925418,-0.112721704
11/1/2021,DRUG OFFENCES,3855,56,0.176376407,-0.942805995,-1.119182402
11/1/2021,MISCELLANEOUS,4236,0,0.282457983,-0.436446594,-0.718904577
11/1/2021,ARSON AND CRIMINAL DAMAGE,4429,10,-0.394660731,-0.41854621,-0.023885479
11/1/2021,PUBLIC ORDER OFFENCES,4766,0,0.457378261,-0.736390059,-1.19376832
11/1/2021,BURGLARY,4817,26,-0.701633731,0.347109824,1.048743555
11/1/2021,HATE CRIME,6282,27,0.746872973,-0.659058884,-1.405931857
11/1/2021,DOMESTIC ABUSE,9357,8,0.286345716,0.454265164,0.167919447
11/1/2021,VEHICLE OFFENCES,9457,2,0.582516333,-0.650327116,-1.232843448
11/1/2021,THEFT,18595,21,-0.324232394,-1.500756636,-1.176524242
11/1/2021,VIOLENCE AGAINST THE PERSON,19694,97,0.512196158,-0.745874786,-1.258070944
12/1/2021,FRAUD AND FORGERY,1,17,-0.416078494,-0.823057931,-0.406979437
12/1/2021,LETHAL BARREL DISCHARGE,17,30,-0.461263245,-0.827249269,-0.365986023
12/1/2021,GUN CRIME,164,10,-0.468069228,-0.942532509,-0.47446328
12/1/2021,POSSESSION OF WEAPONS,496,16,-0.296844256,-1.667596663,-1.370752407
12/1/2021,MISCELLANEOUS CRIMES AGAINST SOCIETY,862,1,-0.694468531,-0.373478014,0.320990517
12/1/2021,KNIFE CRIME,1403,49,-1.112815123,-1.012663552,0.100151571
12/1/2021,SEXUAL OFFENCES,1649,62,-0.684900168,-0.554507832,0.130392336
12/1/2021,ROBBERY,1904,21,-1.363799629,-0.828452197,0.535347432
12/1/2021,DRUG OFFENCES,3427,68,-0.416368433,-0.612862442,-0.196494009
12/1/2021,MISCELLANEOUS,3784,0,0.001225537,-0.436446594,-0.437672131
12/1/2021,ARSON AND CRIMINAL DAMAGE,4134,13,-1.155143363,-0.282285223,0.87285814
12/1/2021,PUBLIC ORDER OFFENCES,4145,0,-0.62779682,-0.736390059,-0.108593239
12/1/2021,BURGLARY,4559,16,-0.925934873,-0.060135255,0.865799619
12/1/2021,HATE CRIME,5733,35,0.227768857,-0.430423476,-0.658192334
12/1/2021,VEHICLE OFFENCES,8499,2,-0.213763328,-0.650327116,-0.436563788
12/1/2021,DOMESTIC ABUSE,9651,2,0.656454112,-0.826083625,-1.482537737
12/1/2021,THEFT,16650,27,-0.783132741,-1.0814852,-0.298352459
12/1/2021,VIOLENCE AGAINST THE PERSON,18469,87,-0.268084306,-0.807167008,-0.539082702
1/1/2022,FRAUD AND FORGERY,0,21,-0.582509892,-0.397745699,0.184764193
1/1/2022,LETHAL BARREL DISCHARGE,7,24,-1.424661163,-1.030217491,0.394443672
1/1/2022,GUN CRIME,87,7,-1.889478143,-1.194043879,0.695434264
1/1/2022,POSSESSION OF WEAPONS,560,26,0.754244241,-0.964456472,-1.718700713
1/1/2022,MISCELLANEOUS CRIMES AGAINST SOCIETY,933,2,-0.06914451,0.170500833,0.239645343
1/1/2022,KNIFE CRIME,1466,96,-0.884074223,-0.537826829,0.346247394
1/1/2022,SEXUAL OFFENCES,1808,69,-0.113713572,-0.397662527,-0.283948955
1/1/2022,ROBBERY,1979,19,-1.216166429,-0.951398639,0.26476779
1/1/2022,MISCELLANEOUS,3639,0,-0.088992836,-0.436446594,-0.347453758
1/1/2022,PUBLIC ORDER OFFENCES,3967,0,-0.938845394,-0.736390059,0.202455335
1/1/2022,ARSON AND CRIMINAL DAMAGE,4240,4,-0.881885197,-0.691068184,0.190817013
1/1/2022,DRUG OFFENCES,4325,62,0.827287797,-0.777834218,-1.605122015
1/1/2022,BURGLARY,4716,7,-0.789441543,-0.426655825,0.362785718
1/1/2022,HATE CRIME,5435,41,-0.054003504,-0.25894692,-0.204943416
1/1/2022,VEHICLE OFFENCES,8897,1,0.117050143,-0.802591889,-0.919642032
1/1/2022,DOMESTIC ABUSE,9671,0,0.681631553,-1.252866555,-1.934498109
1/1/2022,THEFT,16081,28,-0.917381737,-1.011606627,-0.09422489
1/1/2022,VIOLENCE AGAINST THE PERSON,18521,96,-0.234962197,-0.752004009,-0.517041812
2/1/2022,FRAUD AND FORGERY,0,31,-0.582509892,0.665534882,1.248044773
2/1/2022,LETHAL BARREL DISCHARGE,13,22,-0.846622412,-1.097873565,-0.251251153
2/1/2022,GUN CRIME,119,12,-1.29876275,-0.774858262,0.523904488
2/1/2022,POSSESSION OF WEAPONS,527,45,0.212276735,0.371509892,0.159233158
2/1/2022,MISCELLANEOUS CRIMES AGAINST SOCIETY,926,1,-0.130796174,-0.373478014,-0.24268184
2/1/2022,KNIFE CRIME,1294,83,-1.508573186,-0.669164646,0.83940854
2/1/2022,SEXUAL OFFENCES,1786,67,-0.19274568,-0.442475472,-0.249729792
2/1/2022,ROBBERY,1902,23,-1.367736514,-0.705505754,0.66223076
2/1/2022,MISCELLANEOUS,3689,0,-0.057883052,-0.436446594,-0.378563542
2/1/2022,ARSON AND CRIMINAL DAMAGE,3818,9,-1.969762046,-0.463966539,1.505795507
2/1/2022,DRUG OFFENCES,3854,45,0.174991489,-1.245254252,-1.420245741
2/1/2022,PUBLIC ORDER OFFENCES,4018,2,-0.849724735,-0.433918902,0.415805833
2/1/2022,BURGLARY,4174,6,-1.260647817,-0.467380333,0.793267484
2/1/2022,HATE CRIME,5360,57,-0.124919367,0.198323896,0.323243262
2/1/2022,VEHICLE OFFENCES,7915,3,-0.699178069,-0.498062342,0.201115727
2/1/2022,DOMESTIC ABUSE,8874,3,-0.321689504,-0.612692161,-0.291002656
2/1/2022,THEFT,16396,19,-0.843061115,-1.640513781,-0.797452666
2/1/2022,VIOLENCE AGAINST THE PERSON,18058,115,-0.529876364,-0.635548787,-0.105672423
3/1/2022,FRAUD AND FORGERY,0,14,-0.582509892,-1.142042105,-0.559532213
3/1/2022,LETHAL BARREL DISCHARGE,12,18,-0.942962204,-1.233185713,-0.290223509
3/1/2022,GUN CRIME,109,9,-1.48336131,-1.026369632,0.456991678
3/1/2022,POSSESSION OF WEAPONS,569,40,0.902053561,0.019939796,-0.882113764
3/1/2022,MISCELLANEOUS CRIMES AGAINST SOCIETY,1122,1,1.595450419,-0.373478014,-1.968928434
3/1/2022,KNIFE CRIME,1363,52,-1.258047439,-0.982354825,0.275692615
3/1/2022,ROBBERY,1976,19,-1.222071757,-0.951398639,0.270673118
3/1/2022,SEXUAL OFFENCES,2046,47,0.741270138,-0.890604913,-1.63187505
3/1/2022,DRUG OFFENCES,4099,61,0.514296363,-0.805329514,-1.319625877
3/1/2022,MISCELLANEOUS,4311,1,0.329122659,0.492762283,0.163639625
3/1/2022,ARSON AND CRIMINAL DAMAGE,4317,7,-0.68338634,-0.554807197,0.128579143
3/1/2022,BURGLARY,4428,18,-1.039824213,0.021313761,1.061137974
3/1/2022,PUBLIC ORDER OFFENCES,4773,4,0.469610508,-0.131447746,-0.601058254
3/1/2022,HATE CRIME,6430,33,0.886813609,-0.487582328,-1.374395937
3/1/2022,VEHICLE OFFENCES,8889,4,0.110400626,-0.345797569,-0.456198195
3/1/2022,DOMESTIC ABUSE,9637,10,0.638829902,0.881048094,0.242218191
3/1/2022,THEFT,18696,25,-0.300402608,-1.221242345,-0.920839737
3/1/2022,VIOLENCE AGAINST THE PERSON,19892,103,0.638314959,-0.709099453,-1.347414413
4/1/2022,FRAUD AND FORGERY,0,43,-0.582509892,1.941471579,2.52398147
4/1/2022,LETHAL BARREL DISCHARGE,10,26,-1.135641787,-0.962561417,0.173080371
4/1/2022,GUN CRIME,121,14,-1.261843038,-0.607184015,0.654659023
4/1/2022,POSSESSION OF WEAPONS,537,37,0.376509312,-0.191002261,-0.567511573
4/1/2022,MISCELLANEOUS CRIMES AGAINST SOCIETY,896,1,-0.395017592,-0.373478014,0.021539577
4/1/2022,KNIFE CRIME,1319,77,-1.417802988,-0.7297821,0.688020888
4/1/2022,SEXUAL OFFENCES,1767,72,-0.261000682,-0.330443111,-0.06944243
4/1/2022,ROBBERY,1852,30,-1.466158647,-0.275193205,1.190965442
4/1/2022,DRUG OFFENCES,3274,54,-0.628260864,-0.997796587,-0.369535723
4/1/2022,MISCELLANEOUS,3844,0,0.038557278,-0.436446594,-0.475003871
4/1/2022,BURGLARY,3894,6,-1.504075413,-0.467380333,1.03669508
4/1/2022,PUBLIC ORDER OFFENCES,4383,1,-0.211900412,-0.585154481,-0.373254069
4/1/2022,ARSON AND CRIMINAL DAMAGE,4454,8,-0.330213051,-0.509386868,-0.179173817
4/1/2022,HATE CRIME,5889,20,0.375273852,-0.859114866,-1.234388718
4/1/2022,VEHICLE OFFENCES,8450,0,-0.25449162,-0.954856662,-0.700365043
4/1/2022,DOMESTIC ABUSE,9289,1,0.200742414,-1.03947509,-1.240217505
4/1/2022,THEFT,18000,37,-0.464615791,-0.382699473,0.081916318
4/1/2022,VIOLENCE AGAINST THE PERSON,18663,122,-0.144513359,-0.592644232,-0.448130873
5/1/2022,LETHAL BARREL DISCHARGE,19,26,-0.268583662,-0.962561417,-0.693977755
5/1/2022,GUN CRIME,153,25,-0.671127645,0.315024343,0.986151987
5/1/2022,POSSESSION OF WEAPONS,541,39,0.442202343,-0.050374223,-0.492576566
5/1/2022,MISCELLANEOUS CRIMES AGAINST SOCIETY,1067,4,1.111044487,1.258458527,0.14741404
5/1/2022,KNIFE CRIME,1527,72,-0.66259494,-0.780296645,-0.117701705
5/1/2022,SEXUAL OFFENCES,2107,101,0.960404618,0.319344578,-0.64106004
5/1/2022,ROBBERY,2379,11,-0.428789362,-1.443184409,-1.014395047
5/1/2022,DRUG OFFENCES,3903,79,0.242852464,-0.310414184,-0.553266648
5/1/2022,MISCELLANEOUS,4042,0,0.161752022,-0.436446594,-0.598198616
5/1/2022,BURGLARY,4405,6,-1.059820051,-0.467380333,0.592439718
5/1/2022,ARSON AND CRIMINAL DAMAGE,4546,6,-0.093045586,-0.600227526,-0.50718194
5/1/2022,PUBLIC ORDER OFFENCES,5097,1,1.035788812,-0.585154481,-1.620943292
5/1/2022,HATE CRIME,6430,32,0.886813609,-0.516161754,-1.402975363
5/1/2022,VEHICLE OFFENCES,8605,5,-0.125657228,-0.193532796,-0.067875568
5/1/2022,DOMESTIC ABUSE,9873,4,0.935923716,-0.399300696,-1.335224412
5/1/2022,THEFT,19202,22,-0.181017736,-1.430878063,-1.249860327
5/1/2022,VIOLENCE AGAINST THE PERSON,21068,142,1.387384205,-0.470059788,-1.857443992
6/1/2022,FRAUD AND FORGERY,0,30,-0.582509892,0.559206824,1.141716715
6/1/2022,LETHAL BARREL DISCHARGE,23,41,0.116775505,-0.455140862,-0.571916367
6/1/2022,GUN CRIME,130,23,-1.095704334,0.147350096,1.243054429
6/1/2022,POSSESSION OF WEAPONS,557,28,0.704974468,-0.823828433,-1.528802901
6/1/2022,MISCELLANEOUS CRIMES AGAINST SOCIETY,1009,1,0.600216414,-0.373478014,-0.973694428
6/1/2022,KNIFE CRIME,1519,54,-0.691641403,-0.962149007,-0.270507604
6/1/2022,SEXUAL OFFENCES,1967,77,0.457473024,-0.218410751,-0.675883775
6/1/2022,ROBBERY,2320,33,-0.544927479,-0.090773542,0.454153937
6/1/2022,DRUG OFFENCES,3572,59,-0.215555345,-0.860320107,-0.644764762
6/1/2022,MISCELLANEOUS,3726,0,-0.034861812,-0.436446594,-0.401584782
6/1/2022,BURGLARY,4095,10,-1.329329175,-0.304482302,1.024846873
6/1/2022,ARSON AND CRIMINAL DAMAGE,4434,13,-0.381771195,-0.282285223,0.099485973
6/1/2022,PUBLIC ORDER OFFENCES,5072,3,0.992102214,-0.282683324,-1.274785538
6/1/2022,HATE CRIME,6306,26,0.769566049,-0.68763831,-1.457204359
6/1/2022,VEHICLE OFFENCES,8775,6,0.015645008,-0.041268023,-0.056913031
6/1/2022,DOMESTIC ABUSE,9635,4,0.636312158,-0.399300696,-1.035612854
6/1/2022,THEFT,18951,26,-0.240238295,-1.151363772,-0.911125478
6/1/2022,VIOLENCE AGAINST THE PERSON,19986,129,0.698189542,-0.549739676,-1.247929218
7/1/2022,LETHAL BARREL DISCHARGE,28,42,0.598474464,-0.421312825,-1.019787288
7/1/2022,GUN CRIME,175,8,-0.265010812,-1.110206756,-0.845195944
7/1/2022,POSSESSION OF WEAPONS,520,24,0.09731393,-1.10508451,-1.20239844
7/1/2022,MISCELLANEOUS CRIMES AGAINST SOCIETY,1069,5,1.128659249,1.802437374,0.673778126
7/1/2022,KNIFE CRIME,1615,70,-0.343083843,-0.800502463,-0.45741862
7/1/2022,SEXUAL OFFENCES,2164,65,1.165169624,-0.487288416,-1.65245804
7/1/2022,ROBBERY,2342,19,-0.50162174,-0.951398639,-0.449776899
7/1/2022,BURGLARY,3691,6,-1.68056042,-0.467380333,1.213180087
7/1/2022,DRUG OFFENCES,3757,49,0.040654458,-1.135273068,-1.175927525
7/1/2022,MISCELLANEOUS,3881,0,0.061578518,-0.436446594,-0.498025112
7/1/2022,ARSON AND CRIMINAL DAMAGE,4641,27,0.1518556,0.353599384,0.201743784
7/1/2022,PUBLIC ORDER OFFENCES,5243,2,1.290918541,-0.433918902,-1.724837443
7/1/2022,HATE CRIME,6672,21,1.115635459,-0.83053544,-1.946170899
7/1/2022,VEHICLE OFFENCES,8694,4,-0.051681351,-0.345797569,-0.294116218
7/1/2022,DOMESTIC ABUSE,10315,3,1.492345181,-0.612692161,-2.105037341
7/1/2022,THEFT,19749,34,-0.051959387,-0.592335191,-0.540375804
7/1/2022,VIOLENCE AGAINST THE PERSON,20731,108,1.172727457,-0.678453342,-1.851180799
8/1/2022,FRAUD AND FORGERY,0,32,-0.582509892,0.77186294,1.354372832
8/1/2022,LETHAL BARREL DISCHARGE,39,44,1.658212173,-0.353656751,-2.011868923
8/1/2022,GUN CRIME,189,17,-0.006572828,-0.355672645,-0.349099817
8/1/2022,POSSESSION OF WEAPONS,565,34,0.83636053,-0.401944318,-1.238304848
8/1/2022,MISCELLANEOUS CRIMES AGAINST SOCIETY,1062,5,1.067007584,1.802437374,0.73542979
8/1/2022,KNIFE CRIME,1625,165,-0.306775763,0.159273891,0.466049654
8/1/2022,SEXUAL OFFENCES,1919,29,0.285039335,-1.29392141,-1.578960744
8/1/2022,ROBBERY,2244,7,-0.694529122,-1.689077294,-0.994548172
8/1/2022,MISCELLANEOUS,3147,0,-0.395113109,-0.436446594,-0.041333484
8/1/2022,DRUG OFFENCES,3719,47,-0.011972421,-1.19026366,-1.178291239
8/1/2022,BURGLARY,4116,4,-1.311072105,-0.548829349,0.762242756
8/1/2022,ARSON AND CRIMINAL DAMAGE,4560,22,-0.056954885,0.126497739,0.183452624
8/1/2022,PUBLIC ORDER OFFENCES,5036,1,0.929193514,-0.585154481,-1.514347994
8/1/2022,HATE CRIME,6157,15,0.628679868,-1.002011996,-1.630691864
8/1/2022,VEHICLE OFFENCES,8966,6,0.174402227,-0.041268023,-0.215670249
8/1/2022,DOMESTIC ABUSE,10108,6,1.231758658,0.027482234,-1.204276424
8/1/2022,THEFT,18817,29,-0.271854051,-0.941728054,-0.669874003
8/1/2022,VIOLENCE AGAINST THE PERSON,19912,111,0.651054232,-0.660065676,-1.311119908
9/1/2022,FRAUD AND FORGERY,3,17,-0.083215699,-0.823057931,-0.739842232
9/1/2022,LETHAL BARREL DISCHARGE,22,83,0.020435713,0.965636693,0.945200979
9/1/2022,GUN CRIME,131,35,-1.077244478,1.153395577,2.230640054
9/1/2022,POSSESSION OF WEAPONS,521,50,0.113737188,0.723079988,0.6093428
9/1/2022,MISCELLANEOUS CRIMES AGAINST SOCIETY,918,0,-0.201255219,-0.917456862,-0.716201643
9/1/2022,KNIFE CRIME,1568,73,-0.513731815,-0.770193736,-0.256461921
9/1/2022,SEXUAL OFFENCES,1884,32,0.159306436,-1.226701993,-1.38600843
9/1/2022,ROBBERY,2081,12,-1.015385277,-1.381711188,-0.366325911
9/1/2022,MISCELLANEOUS,2909,0,-0.543195681,-0.436446594,0.106749087
9/1/2022,DRUG OFFENCES,3108,39,-0.858157227,-1.410226029,-0.552068802
9/1/2022,ARSON AND CRIMINAL DAMAGE,4122,4,-1.186078249,-0.691068184,0.495010065
9/1/2022,BURGLARY,4395,5,-1.068513894,-0.508104841,0.560409053
9/1/2022,PUBLIC ORDER OFFENCES,4415,3,-0.155981567,-0.282683324,-0.126701757
9/1/2022,HATE CRIME,5270,27,-0.210018402,-0.659058884,-0.449040482
9/1/2022,VEHICLE OFFENCES,9144,3,0.32235398,-0.498062342,-0.820416322
9/1/2022,DOMESTIC ABUSE,9285,2,0.195706926,-0.826083625,-1.021790551
9/1/2022,THEFT,17557,24,-0.569136538,-1.291120918,-0.72198438
9/1/2022,VIOLENCE AGAINST THE PERSON,18912,90,0.014090588,-0.788779342,-0.80286993
10/1/2022,FRAUD AND FORGERY,0,9,-0.582509892,-1.673682395,-1.091172504
10/1/2022,LETHAL BARREL DISCHARGE,26,63,0.40579488,0.289075953,-0.116718928
10/1/2022,GUN CRIME,207,11,0.325704581,-0.858695385,-1.184399966
10/1/2022,POSSESSION OF WEAPONS,541,28,0.442202343,-0.823828433,-1.266030777
10/1/2022,MISCELLANEOUS CRIMES AGAINST SOCIETY,1016,3,0.661868078,0.71447968,0.052611602
10/1/2022,SEXUAL OFFENCES,1938,69,0.353294337,-0.397662527,-0.750956864
10/1/2022,KNIFE CRIME,1940,104,0.836928733,-0.457003557,-1.29393229
10/1/2022,ROBBERY,2634,20,0.073163519,-0.889925418,-0.963088936
10/1/2022,DRUG OFFENCES,3488,45,-0.331888444,-1.245254252,-0.913365808
10/1/2022,ARSON AND CRIMINAL DAMAGE,4522,4,-0.154915359,-0.691068184,-0.536152825
10/1/2022,BURGLARY,4584,8,-0.904200266,-0.385931317,0.518268949
10/1/2022,PUBLIC ORDER OFFENCES,4696,0,0.335055788,-0.736390059,-1.071445847
10/1/2022,MISCELLANEOUS,4818,3,0.644575867,2.351180038,1.706604171
10/1/2022,HATE CRIME,5795,28,0.286392637,-0.630479458,-0.916872096
10/1/2022,VEHICLE OFFENCES,9718,4,0.799456825,-0.345797569,-1.145254394
10/1/2022,DOMESTIC ABUSE,9812,1,0.859132518,-1.03947509,-1.898607609
10/1/2022,VIOLENCE AGAINST THE PERSON,19753,117,0.549777013,-0.623290343,-1.173067355
10/1/2022,THEFT,21127,36,0.273163841,-0.452578046,-0.725741886
11/1/2022,FRAUD AND FORGERY,0,18,-0.582509892,-0.716729873,-0.134219981
11/1/2022,LETHAL BARREL DISCHARGE,11,25,-1.039301996,-0.996389454,0.042912542
11/1/2022,GUN CRIME,112,9,-1.427981742,-1.026369632,0.40161211
11/1/2022,POSSESSION OF WEAPONS,493,25,-0.346114029,-1.034770491,-0.688656461
11/1/2022,MISCELLANEOUS CRIMES AGAINST SOCIETY,968,0,0.23911381,-0.917456862,-1.156570672
11/1/2022,KNIFE CRIME,1616,106,-0.339453035,-0.436797739,-0.097344705
11/1/2022,SEXUAL OFFENCES,1911,59,0.256300386,-0.621727248,-0.878027634
11/1/2022,ROBBERY,2424,10,-0.340209442,-1.50465763,-1.164448189
11/1/2022,DRUG OFFENCES,3489,57,-0.330503526,-0.915310699,-0.584807173
11/1/2022,ARSON AND CRIMINAL DAMAGE,4325,6,-0.662763083,-0.600227526,0.062535557
11/1/2022,PUBLIC ORDER OFFENCES,4488,7,-0.028416703,0.322258989,0.350675692
11/1/2022,BURGLARY,4728,7,-0.779008932,-0.426655825,0.352353106
11/1/2022,MISCELLANEOUS,4821,0,0.646442454,-0.436446594,-1.082889048
11/1/2022,HATE CRIME,5591,53,0.093501491,0.084006192,-0.009495299
11/1/2022,DOMESTIC ABUSE,9177,3,0.05974874,-0.612692161,-0.6724409
11/1/2022,VEHICLE OFFENCES,9535,2,0.647349123,-0.650327116,-1.297676239
11/1/2022,VIOLENCE AGAINST THE PERSON,19379,127,0.31155261,-0.561998121,-0.873550731
11/1/2022,THEFT,21659,21,0.398683113,-1.500756636,-1.899439749
12/1/2022,FRAUD AND FORGERY,3,18,-0.083215699,-0.716729873,-0.633514174
12/1/2022,LETHAL BARREL DISCHARGE,19,16,-0.268583662,-1.300841787,-1.032258125
12/1/2022,GUN CRIME,118,7,-1.317222606,-1.194043879,0.123178727
12/1/2022,POSSESSION OF WEAPONS,377,15,-2.25121193,-1.737910682,0.513301248
12/1/2022,MISCELLANEOUS CRIMES AGAINST SOCIETY,817,4,-1.090800657,1.258458527,2.349259184
12/1/2022,KNIFE CRIME,1453,61,-0.931274726,-0.891428644,0.039846082
12/1/2022,SEXUAL OFFENCES,1596,46,-0.8752957,-0.913011385,-0.037715684
12/1/2022,ROBBERY,2255,13,-0.672876252,-1.320237967,-0.647361714
12/1/2022,DRUG OFFENCES,2892,42,-1.157299483,-1.327740141,-0.170440658
12/1/2022,PUBLIC ORDER OFFENCES,3827,2,-1.18349034,-0.433918902,0.749571437
12/1/2022,ARSON AND CRIMINAL DAMAGE,3997,2,-1.508316652,-0.781908842,0.72640781
12/1/2022,BURGLARY,4458,5,-1.013742685,-0.508104841,0.505637844
12/1/2022,HATE CRIME,4751,37,-0.700756172,-0.373264624,0.327491548
12/1/2022,MISCELLANEOUS,5061,1,0.795769417,0.492762283,-0.303007133
12/1/2022,VEHICLE OFFENCES,8004,0,-0.625202192,-0.954856662,-0.32965447
12/1/2022,DOMESTIC ABUSE,9565,4,0.548191112,-0.399300696,-0.947491807
12/1/2022,VIOLENCE AGAINST THE PERSON,17842,83,-0.667460511,-0.831683897,-0.164223386
12/1/2022,THEFT,21066,27,0.258771593,-1.0814852,-1.340256793
1/1/2023,FRAUD AND FORGERY,0,24,-0.582509892,-0.078761524,0.503748367
1/1/2023,LETHAL BARREL DISCHARGE,25,101,0.309455089,1.574541359,1.26508627
1/1/2023,GUN CRIME,176,18,-0.246550956,-0.271835521,-0.025284565
1/1/2023,POSSESSION OF WEAPONS,580,39,1.082709396,-0.050374223,-1.133083619
1/1/2023,MISCELLANEOUS CRIMES AGAINST SOCIETY,1008,1,0.591409033,-0.373478014,-0.964887048
1/1/2023,KNIFE CRIME,1623,74,-0.314037379,-0.760090827,-0.446053448
1/1/2023,SEXUAL OFFENCES,1833,136,-0.023904359,1.1035711,1.127475459
1/1/2023,ROBBERY,2545,45,-0.102027879,0.646905113,0.748932992
1/1/2023,DRUG OFFENCES,3782,70,0.075277404,-0.557871849,-0.633149253
1/1/2023,PUBLIC ORDER OFFENCES,4054,2,-0.786816035,-0.433918902,0.352897132
1/1/2023,ARSON AND CRIMINAL DAMAGE,4228,13,-0.912820083,-0.282285223,0.630534861
1/1/2023,MISCELLANEOUS,4968,0,0.737905219,-0.436446594,-1.174351813
1/1/2023,BURGLARY,4995,10,-0.546883331,-0.304482302,0.24240103
1/1/2023,HATE CRIME,5156,43,-0.317810513,-0.201788068,0.116022445
1/1/2023,VEHICLE OFFENCES,9070,7,0.260845948,0.110996751,-0.149849197
1/1/2023,DOMESTIC ABUSE,9667,6,0.676596065,0.027482234,-0.649113831
1/1/2023,VIOLENCE AGAINST THE PERSON,18740,156,-0.095467158,-0.384250677,-0.288783519
1/1/2023,THEFT,20643,26,0.158969616,-1.151363772,-1.310333388
2/1/2023,FRAUD AND FORGERY,1,16,-0.416078494,-0.929385989,-0.513307495
2/1/2023,LETHAL BARREL DISCHARGE,17,33,-0.461263245,-0.725765158,-0.264501912
2/1/2023,GUN CRIME,139,14,-0.929565629,-0.607184015,0.322381614
2/1/2023,POSSESSION OF WEAPONS,474,30,-0.658155927,-0.683200395,-0.025044468
2/1/2023,MISCELLANEOUS CRIMES AGAINST SOCIETY,934,1,-0.06033713,-0.373478014,-0.313140885
2/1/2023,KNIFE CRIME,1691,61,-0.06714244,-0.891428644,-0.824286204
2/1/2023,SEXUAL OFFENCES,1696,111,-0.516058847,0.543409299,1.059468146
2/1/2023,ROBBERY,2604,25,0.014110239,-0.582559312,-0.59666955
2/1/2023,DRUG OFFENCES,3121,46,-0.840153295,-1.217758956,-0.377605661
2/1/2023,PUBLIC ORDER OFFENCES,4027,5,-0.83399756,0.019787833,0.853785393
2/1/2023,ARSON AND CRIMINAL DAMAGE,4050,5,-1.371687569,-0.645647855,0.726039714
2/1/2023,BURGLARY,4439,8,-1.030260986,-0.385931317,0.644329668
2/1/2023,HATE CRIME,5184,22,-0.291335258,-0.801956014,-0.510620756
2/1/2023,MISCELLANEOUS,5241,1,0.907764639,0.492762283,-0.415002355
2/1/2023,VEHICLE OFFENCES,8145,7,-0.508004455,0.110996751,0.619001206
2/1/2023,DOMESTIC ABUSE,8690,2,-0.553321969,-0.826083625,-0.272761656
2/1/2023,VIOLENCE AGAINST THE PERSON,17972,95,-0.584655237,-0.758133231,-0.173477994
2/1/2023,THEFT,20042,26,0.017170588,-1.151363772,-1.168534361
3/1/2023,FRAUD AND FORGERY,0,16,-0.582509892,-0.929385989,-0.346876097
3/1/2023,LETHAL BARREL DISCHARGE,14,44,-0.75028262,-0.353656751,0.39662587
3/1/2023,GUN CRIME,129,29,-1.11416419,0.650372836,1.764537026
3/1/2023,POSSESSION OF WEAPONS,563,43,0.803514014,0.230881854,-0.57263216
3/1/2023,MISCELLANEOUS CRIMES AGAINST SOCIETY,1031,1,0.793978787,-0.373478014,-1.167456801
3/1/2023,KNIFE CRIME,1607,58,-0.372130306,-0.921737371,-0.549607065
3/1/2023,SEXUAL OFFENCES,1941,79,0.364071442,-0.173597807,-0.537669249
3/1/2023,ROBBERY,2528,62,-0.135491404,1.691949874,1.827441279
3/1/2023,DRUG OFFENCES,3292,72,-0.603332343,-0.502881257,0.100451086
3/1/2023,ARSON AND CRIMINAL DAMAGE,4421,15,-0.415283989,-0.191444565,0.223839425
3/1/2023,PUBLIC ORDER OFFENCES,4659,3,0.270399624,-0.282683324,-0.553082948
3/1/2023,BURGLARY,4660,4,-0.838127062,-0.548829349,0.289297713
3/1/2023,MISCELLANEOUS,4906,0,0.699329087,-0.436446594,-1.135775681
3/1/2023,HATE CRIME,5724,38,0.219258954,-0.344685198,-0.563944152
3/1/2023,VEHICLE OFFENCES,8765,0,0.007333112,-0.954856662,-0.962189774
3/1/2023,DOMESTIC ABUSE,9320,11,0.239767449,1.094439559,0.85467211
3/1/2023,VIOLENCE AGAINST THE PERSON,19639,122,0.477163157,-0.592644232,-1.069807389
3/1/2023,THEFT,22038,43,0.488103797,0.036571963,-0.451531834
4/1/2023,LETHAL BARREL DISCHARGE,17,77,-0.461263245,0.762668471,1.223931716
4/1/2023,GUN CRIME,141,17,-0.892645917,-0.355672645,0.536973272
4/1/2023,POSSESSION OF WEAPONS,534,41,0.327239539,0.090253816,-0.236985723
4/1/2023,MISCELLANEOUS CRIMES AGAINST SOCIETY,875,1,-0.579972584,-0.373478014,0.206494569
4/1/2023,KNIFE CRIME,1617,94,-0.335822227,-0.558032647,-0.22221042
4/1/2023,SEXUAL OFFENCES,1731,101,-0.390325949,0.319344578,0.709670527
4/1/2023,ROBBERY,2493,29,-0.204386898,-0.336666427,-0.132279529
4/1/2023,DRUG OFFENCES,3061,74,-0.923248366,-0.447890665,0.475357702
4/1/2023,BURGLARY,4387,21,-1.075468968,0.143487285,1.218956252
4/1/2023,ARSON AND CRIMINAL DAMAGE,4410,25,-0.443640969,0.262758726,0.706399695
4/1/2023,PUBLIC ORDER OFFENCES,4416,2,-0.154234103,-0.433918902,-0.279684799
4/1/2023,MISCELLANEOUS,5147,1,0.849278245,0.492762283,-0.356515961
4/1/2023,HATE CRIME,5790,49,0.281664913,-0.030311512,-0.311976425
4/1/2023,VEHICLE OFFENCES,7901,2,-0.710814724,-0.650327116,0.060487608
4/1/2023,DOMESTIC ABUSE,9976,5,1.065587542,-0.185909231,-1.251496772
4/1/2023,VIOLENCE AGAINST THE PERSON,19259,119,0.235116973,-0.611031898,-0.846148871
4/1/2023,THEFT,20855,41,0.208988574,-0.103185182,-0.312173756
5/1/2023,FRAUD AND FORGERY,0,48,-0.582509892,2.473111869,3.05562176
5/1/2023,LETHAL BARREL DISCHARGE,24,87,0.213115297,1.100948841,0.887833544
5/1/2023,GUN CRIME,140,32,-0.911105773,0.901884206,1.81298998
5/1/2023,POSSESSION OF WEAPONS,522,69,0.130160446,2.059046352,1.928885906
5/1/2023,MISCELLANEOUS CRIMES AGAINST SOCIETY,869,3,-0.632816867,0.71447968,1.347296547
5/1/2023,KNIFE CRIME,1731,181,0.078089876,0.320920435,0.242830558
5/1/2023,SEXUAL OFFENCES,2098,106,0.928073301,0.431376939,-0.496696363
5/1/2023,ROBBERY,2824,12,0.447167625,-1.381711188,-1.828878813
5/1/2023,DRUG OFFENCES,3183,95,-0.754288389,0.129510554,0.883798942
5/1/2023,BURGLARY,4533,7,-0.948538864,-0.426655825,0.521883039
5/1/2023,ARSON AND CRIMINAL DAMAGE,4985,7,1.038655686,-0.554807197,-1.593462883
5/1/2023,MISCELLANEOUS,5104,1,0.822523831,0.492762283,-0.329761547
5/1/2023,PUBLIC ORDER OFFENCES,5241,2,1.287423613,-0.433918902,-1.721342515
5/1/2023,HATE CRIME,6738,31,1.178041418,-0.54474118,-1.722782599
5/1/2023,VEHICLE OFFENCES,8634,9,-0.101552729,0.415526297,0.517079026
5/1/2023,DOMESTIC ABUSE,10202,4,1.350092634,-0.399300696,-1.74939333
5/1/2023,VIOLENCE AGAINST THE PERSON,21303,179,1.537070661,-0.243278567,-1.780349228
5/1/2023,THEFT,22974,38,0.708942216,-0.3128209,-1.021763116
6/1/2023,FRAUD AND FORGERY,0,29,-0.582509892,0.452878766,1.035388657
6/1/2023,LETHAL BARREL DISCHARGE,14,61,-0.75028262,0.221419879,0.971702499
6/1/2023,GUN CRIME,149,25,-0.744967069,0.315024343,1.059991412
6/1/2023,POSSESSION OF WEAPONS,614,50,1.64110016,0.723079988,-0.918020172
6/1/2023,MISCELLANEOUS CRIMES AGAINST SOCIETY,858,6,-0.729698054,2.346416221,3.076114275
6/1/2023,KNIFE CRIME,1786,167,0.277784312,0.179479709,-0.098304603
6/1/2023,SEXUAL OFFENCES,1992,107,0.547282237,0.453783411,-0.093498827
6/1/2023,ROBBERY,2779,21,0.358587705,-0.828452197,-1.187039902
6/1/2023,DRUG OFFENCES,3436,79,-0.403904172,-0.310414184,0.093489988
6/1/2023,BURGLARY,4391,24,-1.071991431,0.265660808,1.337652239
6/1/2023,MISCELLANEOUS,4695,0,0.568045799,-0.436446594,-1.004492393
6/1/2023,ARSON AND CRIMINAL DAMAGE,4963,7,0.981941727,-0.554807197,-1.536748924
6/1/2023,PUBLIC ORDER OFFENCES,5608,8,1.928742864,0.473494568,-1.455248296
6/1/2023,HATE CRIME,6946,37,1.374714744,-0.373264624,-1.747979369
6/1/2023,VEHICLE OFFENCES,8160,6,-0.495536611,-0.041268023,0.454268588
6/1/2023,DOMESTIC ABUSE,10706,1,1.984564169,-1.03947509,-3.024039259
6/1/2023,VIOLENCE AGAINST THE PERSON,22496,185,2.296968288,-0.206503234,-2.503471522
6/1/2023,THEFT,23608,35,0.858527213,-0.522456618,-1.380983832
7/1/2023,FRAUD AND FORGERY,0,18,-0.582509892,-0.716729873,-0.134219981
7/1/2023,LETHAL BARREL DISCHARGE,13,38,-0.846622412,-0.556624973,0.28999744
7/1/2023,GUN CRIME,141,30,-0.892645917,0.73420996,1.626855877
7/1/2023,POSSESSION OF WEAPONS,638,53,2.035258347,0.934022045,-1.101236301
7/1/2023,MISCELLANEOUS CRIMES AGAINST SOCIETY,817,0,-1.090800657,-0.917456862,0.173343796
7/1/2023,KNIFE CRIME,1851,147,0.513786827,-0.022578471,-0.536365298
7/1/2023,SEXUAL OFFENCES,2024,97,0.66223803,0.22971869,-0.43251934
7/1/2023,ROBBERY,2753,34,0.307408196,-0.02930032,-0.336708516
7/1/2023,DRUG OFFENCES,3490,102,-0.329118608,0.321977627,0.651096235
7/1/2023,MISCELLANEOUS,4537,0,0.469738882,-0.436446594,-0.906185476
7/1/2023,BURGLARY,4954,14,-0.582528086,-0.14158427,0.440943816
7/1/2023,ARSON AND CRIMINAL DAMAGE,5039,13,1.177862676,-0.282285223,-1.460147898
7/1/2023,PUBLIC ORDER OFFENCES,5385,4,1.539058414,-0.131447746,-1.67050616
7/1/2023,HATE CRIME,6770,37,1.208298853,-0.373264624,-1.581563477
7/1/2023,VEHICLE OFFENCES,8379,4,-0.313506083,-0.345797569,-0.032291486
7/1/2023,DOMESTIC ABUSE,10466,4,1.682434867,-0.399300696,-2.081735562
7/1/2023,VIOLENCE AGAINST THE PERSON,21929,176,1.935809902,-0.261666233,-2.197476135
7/1/2023,THEFT,23610,44,0.85899909,0.106450536,-0.752548554
8/1/2023,FRAUD AND FORGERY,2,29,-0.249647096,0.452878766,0.702525862
8/1/2023,LETHAL BARREL DISCHARGE,18,43,-0.364923454,-0.387484788,-0.022561334
8/1/2023,GUN CRIME,148,7,-0.763426925,-1.194043879,-0.430616954
8/1/2023,POSSESSION OF WEAPONS,595,23,1.329058263,-1.175398529,-2.504456792
8/1/2023,MISCELLANEOUS CRIMES AGAINST SOCIETY,836,0,-0.923460426,-0.917456862,0.006003565
8/1/2023,SEXUAL OFFENCES,1862,76,0.080274329,-0.240817223,-0.321091552
8/1/2023,KNIFE CRIME,1888,188,0.648126721,0.391640798,-0.256485923
8/1/2023,ROBBERY,2540,20,-0.111870092,-0.889925418,-0.778055326
8/1/2023,DRUG OFFENCES,3673,83,-0.075678642,-0.200433,-0.124754358
8/1/2023,MISCELLANEOUS,4424,1,0.39943077,0.492762283,0.093331513
8/1/2023,ARSON AND CRIMINAL DAMAGE,4890,21,0.793754499,0.08107741,-0.71267709
8/1/2023,PUBLIC ORDER OFFENCES,4892,10,0.677558712,0.775965724,0.098407012
8/1/2023,BURGLARY,5486,16,-0.120015655,-0.060135255,0.0598804
8/1/2023,HATE CRIME,6469,69,0.923689857,0.541277007,-0.38241285
8/1/2023,VEHICLE OFFENCES,8350,1,-0.337610582,-0.802591889,-0.464981307
8/1/2023,DOMESTIC ABUSE,10053,4,1.162520693,-0.399300696,-1.561821388
8/1/2023,VIOLENCE AGAINST THE PERSON,20470,147,1.006479946,-0.439413677,-1.445893622
8/1/2023,THEFT,22202,79,0.526797708,2.55220058,2.025402872
9/1/2023,FRAUD AND FORGERY,1,25,-0.416078494,0.027566534,0.443645028
9/1/2023,LETHAL BARREL DISCHARGE,12,54,-0.942962204,-0.01537638,0.927585823
9/1/2023,GUN CRIME,174,46,-0.283470668,2.075603934,2.359074602
9/1/2023,POSSESSION OF WEAPONS,507,93,-0.116188421,3.746582811,3.862771232
9/1/2023,MISCELLANEOUS CRIMES AGAINST SOCIETY,844,2,-0.853001382,0.170500833,1.023502214
9/1/2023,KNIFE CRIME,1831,202,0.441170669,0.533081524,0.091910855
9/1/2023,SEXUAL OFFENCES,2058,105,0.78437856,0.408970467,-0.375408094
9/1/2023,ROBBERY,2760,20,0.321187295,-0.889925418,-1.211112713
9/1/2023,DRUG OFFENCES,3211,84,-0.715510689,-0.172937704,0.542572985
9/1/2023,MISCELLANEOUS,4627,0,0.525736493,-0.436446594,-0.962183087
9/1/2023,ARSON AND CRIMINAL DAMAGE,5013,12,1.110837088,-0.327705552,-1.43854264
9/1/2023,PUBLIC ORDER OFFENCES,5302,4,1.394018911,-0.131447746,-1.525466656
9/1/2023,BURGLARY,6016,27,0.340758008,0.387834332,0.047076323
9/1/2023,HATE CRIME,6681,30,1.124145363,-0.573320606,-1.697465969
9/1/2023,VEHICLE OFFENCES,8843,4,0.072165903,-0.345797569,-0.417963472
9/1/2023,DOMESTIC ABUSE,10016,8,1.115942425,0.454265164,-0.661677261
9/1/2023,VIOLENCE AGAINST THE PERSON,21055,183,1.379103677,-0.218761678,-1.597865355
9/1/2023,THEFT,21757,55,0.421805084,0.875114836,0.453309751
10/1/2023,FRAUD AND FORGERY,1,33,-0.416078494,0.878190998,1.294269492
10/1/2023,LETHAL BARREL DISCHARGE,25,41,0.309455089,-0.455140862,-0.76459595
10/1/2023,GUN CRIME,111,29,-1.446441598,0.650372836,2.096814435
10/1/2023,POSSESSION OF WEAPONS,454,63,-0.986621082,1.637162237,2.623783319
10/1/2023,MISCELLANEOUS CRIMES AGAINST SOCIETY,785,0,-1.372636836,-0.917456862,0.455179974
10/1/2023,KNIFE CRIME,1521,128,-0.684379788,-0.214533742,0.469846046
10/1/2023,SEXUAL OFFENCES,1752,83,-0.31488621,-0.083971919,0.230914291
10/1/2023,ROBBERY,2622,31,0.049542207,-0.213719984,-0.263262191
10/1/2023,DRUG OFFENCES,2794,75,-1.293021432,-0.420395369,0.872626064
10/1/2023,ARSON AND CRIMINAL DAMAGE,4610,18,0.071940476,-0.055183577,-0.127124054
10/1/2023,PUBLIC ORDER OFFENCES,4861,5,0.623387332,0.019787833,-0.603599499
10/1/2023,MISCELLANEOUS,5448,0,1.036559144,-0.436446594,-1.473005738
10/1/2023,BURGLARY,5796,18,0.149493469,0.021313761,-0.128179708
10/1/2023,HATE CRIME,8610,120,2.948101352,1.998827733,-0.949273619
10/1/2023,VEHICLE OFFENCES,8786,4,0.024788094,-0.345797569,-0.370585664
10/1/2023,DOMESTIC ABUSE,8974,8,-0.195802295,0.454265164,0.650067459
10/1/2023,VIOLENCE AGAINST THE PERSON,19715,292,0.525572394,0.449323541,-0.076248854
10/1/2023,THEFT,23130,55,0.745748619,0.875114836,0.129366216
11/1/2023,FRAUD AND FORGERY,1,29,-0.416078494,0.452878766,0.86895726
11/1/2023,LETHAL BARREL DISCHARGE,12,35,-0.942962204,-0.658109084,0.28485312
11/1/2023,GUN CRIME,156,27,-0.615748077,0.482698589,1.098446666
11/1/2023,POSSESSION OF WEAPONS,424,35,-1.479318815,-0.331630299,1.147688516
11/1/2023,MISCELLANEOUS CRIMES AGAINST SOCIETY,776,9,-1.451903261,3.978352763,5.430256024
11/1/2023,SEXUAL OFFENCES,1747,53,-0.332848052,-0.75616608,-0.423318028
11/1/2023,KNIFE CRIME,1951,60,0.87686762,-0.901531553,-1.778399173
11/1/2023,DRUG OFFENCES,2884,71,-1.168378826,-0.530376553,0.638002273
11/1/2023,ROBBERY,3087,25,0.964868047,-0.582559312,-1.547427359
11/1/2023,ARSON AND CRIMINAL DAMAGE,4592,12,0.025538146,-0.327705552,-0.353243698
11/1/2023,PUBLIC ORDER OFFENCES,4883,14,0.661831537,1.380908038,0.719076501
11/1/2023,BURGLARY,6680,15,0.918029164,-0.100859762,-1.018888926
11/1/2023,MISCELLANEOUS,7689,0,2.430899656,-0.436446594,-2.86734625
11/1/2023,HATE CRIME,8618,157,2.955665711,3.056266495,0.100600784
11/1/2023,VEHICLE OFFENCES,8903,10,0.12203728,0.56779107,0.44575379
11/1/2023,DOMESTIC ABUSE,8919,6,-0.26504026,0.027482234,0.292522494
11/1/2023,VIOLENCE AGAINST THE PERSON,19880,171,0.630671396,-0.292312344,-0.92298374
11/1/2023,THEFT,26061,53,1.437284308,0.73535769,-0.701926618
12/1/2023,FRAUD AND FORGERY,2,23,-0.249647096,-0.185089583,0.064557514
12/1/2023,LETHAL BARREL DISCHARGE,15,68,-0.653942829,0.458216138,1.112158966
12/1/2023,GUN CRIME,146,16,-0.800346637,-0.439509768,0.360836869
12/1/2023,POSSESSION OF WEAPONS,452,43,-1.019467598,0.230881854,1.250349452
12/1/2023,MISCELLANEOUS CRIMES AGAINST SOCIETY,656,0,-2.508788931,-0.917456862,1.591332069
12/1/2023,SEXUAL OFFENCES,1711,33,-0.462173319,-1.204295521,-0.742122202
12/1/2023,KNIFE CRIME,1914,134,0.742527727,-0.153916288,-0.896444014
12/1/2023,DRUG OFFENCES,2608,86,-1.550616153,-0.117947111,1.432669041
12/1/2023,ROBBERY,3139,35,1.067227066,0.032172901,-1.035054165
12/1/2023,PUBLIC ORDER OFFENCES,4506,4,0.003037648,-0.131447746,-0.134485393
12/1/2023,ARSON AND CRIMINAL DAMAGE,4706,36,0.31941957,0.762382346,0.442962776
12/1/2023,HATE CRIME,6927,59,1.356749392,0.255482748,-1.101266645
12/1/2023,BURGLARY,7295,13,1.45270049,-0.182308778,-1.635009268
12/1/2023,MISCELLANEOUS,7485,1,2.303971738,0.492762283,-1.811209455
12/1/2023,VEHICLE OFFENCES,8361,5,-0.328467496,-0.193532796,0.1349347
12/1/2023,DOMESTIC ABUSE,9947,5,1.029080251,-0.185909231,-1.214989482
12/1/2023,VIOLENCE AGAINST THE PERSON,20298,130,0.896922199,-0.543610454,-1.440532653
12/1/2023,THEFT,24672,49,1.109565758,0.455843399,-0.653722358
1/1/2024,FRAUD AND FORGERY,0,21,-0.582509892,-0.397745699,0.184764193
1/1/2024,LETHAL BARREL DISCHARGE,22,49,0.020435713,-0.184516566,-0.204952279
1/1/2024,GUN CRIME,144,8,-0.837266349,-1.110206756,-0.272940406
1/1/2024,POSSESSION OF WEAPONS,484,72,-0.493923349,2.269988409,2.763911759
1/1/2024,MISCELLANEOUS CRIMES AGAINST SOCIETY,786,1,-1.363829455,-0.373478014,0.990351441
1/1/2024,SEXUAL OFFENCES,1723,54,-0.419064897,-0.733759608,-0.314694711
1/1/2024,KNIFE CRIME,1749,186,0.143444419,0.37143498,0.227990561
1/1/2024,ROBBERY,2908,29,0.61251681,-0.336666427,-0.949183236
1/1/2024,DRUG OFFENCES,2956,63,-1.068664741,-0.750338922,0.318325818
1/1/2024,PUBLIC ORDER OFFENCES,4146,1,-0.626049356,-0.585154481,0.040894875
1/1/2024,ARSON AND CRIMINAL DAMAGE,4793,22,0.543697499,0.126497739,-0.41719976
1/1/2024,HATE CRIME,6276,49,0.741199704,-0.030311512,-0.771511216
1/1/2024,MISCELLANEOUS,6539,0,1.715374628,-0.436446594,-2.151821222
1/1/2024,BURGLARY,6886,10,1.097122324,-0.304482302,-1.401604625
1/1/2024,VEHICLE OFFENCES,8806,2,0.041411887,-0.650327116,-0.691739003
1/1/2024,DOMESTIC ABUSE,9287,1,0.19822467,-1.03947509,-1.23769976
1/1/2024,VIOLENCE AGAINST THE PERSON,19431,116,0.344674719,-0.629419565,-0.974094284
1/1/2024,THEFT,22694,43,0.642879441,0.036571963,-0.606307478
2/1/2024,FRAUD AND FORGERY,2,28,-0.249647096,0.346550708,0.596197804
2/1/2024,LETHAL BARREL DISCHARGE,5,27,-1.617340746,-0.92873338,0.688607366
2/1/2024,GUN CRIME,171,14,-0.338850236,-0.607184015,-0.268333779
2/1/2024,POSSESSION OF WEAPONS,446,32,-1.118007144,-0.542572357,0.575434788
2/1/2024,MISCELLANEOUS CRIMES AGAINST SOCIETY,703,1,-2.094842043,-0.373478014,1.721364029
2/1/2024,KNIFE CRIME,1729,103,0.070828261,-0.467106466,-0.537934727
2/1/2024,SEXUAL OFFENCES,1820,67,-0.07060515,-0.442475472,-0.371870322
2/1/2024,ROBBERY,2676,29,0.155838111,-0.336666427,-0.492504537
2/1/2024,DRUG OFFENCES,2786,69,-1.304100775,-0.585367145,0.71873363
2/1/2024,PUBLIC ORDER OFFENCES,4395,8,-0.190930845,0.473494568,0.664425413
2/1/2024,ARSON AND CRIMINAL DAMAGE,4503,18,-0.203895597,-0.055183577,0.148712019
2/1/2024,HATE CRIME,6050,79,0.527506571,0.827071267,0.299564697
2/1/2024,BURGLARY,6220,10,0.5181124,-0.304482302,-0.822594701
2/1/2024,MISCELLANEOUS,7061,0,2.040160771,-0.436446594,-2.476607365
2/1/2024,VEHICLE OFFENCES,8032,8,-0.601928883,0.263261524,0.865190407
2/1/2024,DOMESTIC ABUSE,8662,0,-0.588570388,-1.252866555,-0.664296168
2/1/2024,VIOLENCE AGAINST THE PERSON,19250,383,0.2293843,1.00708276,0.77769846
2/1/2024,THEFT,24437,49,1.054120215,0.455843399,-0.598276815
3/1/2024,LETHAL BARREL DISCHARGE,8,80,-1.328321371,0.864152582,2.192473953
3/1/2024,FRAUD AND FORGERY,27,22,3.911137843,-0.291417641,-4.202555484
3/1/2024,GUN CRIME,183,23,-0.117331964,0.147350096,0.264682059
3/1/2024,POSSESSION OF WEAPONS,431,49,-1.364356011,0.652765969,2.01712198
3/1/2024,MISCELLANEOUS CRIMES AGAINST SOCIETY,723,0,-1.918694432,-0.917456862,1.00123757
3/1/2024,SEXUAL OFFENCES,1834,73,-0.02031199,-0.308036639,-0.287724649
3/1/2024,KNIFE CRIME,1974,120,0.960376202,-0.295357014,-1.255733216
3/1/2024,DRUG OFFENCES,2712,77,-1.406584696,-0.365404776,1.04117992
3/1/2024,ROBBERY,2841,24,0.480631151,-0.644032533,-1.124663684
3/1/2024,PUBLIC ORDER OFFENCES,4370,4,-0.234617443,-0.131447746,0.103169697
3/1/2024,ARSON AND CRIMINAL DAMAGE,4521,20,-0.157493267,0.035657081,0.193150347
3/1/2024,HATE CRIME,5231,71,-0.246894651,0.598435859,0.84533051
3/1/2024,BURGLARY,7246,19,1.410100661,0.062038269,-1.348062392
3/1/2024,MISCELLANEOUS,7330,0,2.207531408,-0.436446594,-2.643978002
3/1/2024,DOMESTIC ABUSE,8072,3,-1.331304922,-0.612692161,0.718612762
3/1/2024,VEHICLE OFFENCES,8682,3,-0.061655627,-0.498062342,-0.436406716
3/1/2024,VIOLENCE AGAINST THE PERSON,18735,129,-0.098651977,-0.549739676,-0.4510877
3/1/2024,THEFT,25929,62,1.406140429,1.364264844,-0.041875584
4/1/2024,LETHAL BARREL DISCHARGE,15,32,-0.653942829,-0.759593195,-0.105650366
4/1/2024,FRAUD AND FORGERY,23,45,3.245412253,2.154127695,-1.091284558
4/1/2024,GUN CRIME,143,11,-0.855726205,-0.858695385,-0.00296918
4/1/2024,POSSESSION OF WEAPONS,358,45,-2.563253828,0.371509892,2.93476372
4/1/2024,MISCELLANEOUS CRIMES AGAINST SOCIETY,740,1,-1.768968962,-0.373478014,1.395490948
4/1/2024,KNIFE CRIME,1783,171,0.266891889,0.219891345,-0.047000544
4/1/2024,SEXUAL OFFENCES,1916,69,0.274262229,-0.397662527,-0.671924757
4/1/2024,DRUG OFFENCES,2633,85,-1.515993206,-0.145442408,1.370550799
4/1/2024,ROBBERY,2664,26,0.132216799,-0.52108609,-0.653302889
4/1/2024,PUBLIC ORDER OFFENCES,4265,4,-0.418101152,-0.131447746,0.286653406
4/1/2024,ARSON AND CRIMINAL DAMAGE,4533,15,-0.12655838,-0.191444565,-0.064886185
4/1/2024,HATE CRIME,5101,56,-0.369815479,0.16974447,0.539559949
4/1/2024,BURGLARY,6258,16,0.551149002,-0.060135255,-0.611284256
4/1/2024,MISCELLANEOUS,6703,2,1.817414719,1.421971161,-0.395443558
4/1/2024,DOMESTIC ABUSE,8124,0,-1.265843573,-1.252866555,0.012977018
4/1/2024,VEHICLE OFFENCES,8858,3,0.084633747,-0.498062342,-0.58269609
4/1/2024,VIOLENCE AGAINST THE PERSON,17818,198,-0.682747638,-0.126823345,0.555924293
4/1/2024,THEFT,25913,51,1.402365413,0.595600545,-0.806764868
5/1/2024,LETHAL BARREL DISCHARGE,19,75,-0.268583662,0.695012397,0.963596059
5/1/2024,FRAUD AND FORGERY,22,37,3.078980855,1.30350323,-1.775477625
5/1/2024,GUN CRIME,203,12,0.251865157,-0.774858262,-1.026723419
5/1/2024,POSSESSION OF WEAPONS,461,56,-0.871658278,1.144964103,2.016622381
5/1/2024,MISCELLANEOUS CRIMES AGAINST SOCIETY,784,0,-1.381444217,-0.917456862,0.463987355
5/1/2024,SEXUAL OFFENCES,2126,51,1.02865962,-0.800979024,-1.829638645
5/1/2024,KNIFE CRIME,2180,178,1.708322634,0.290611708,-1.417710926
5/1/2024,DRUG OFFENCES,2965,57,-1.05620048,-0.915310699,0.140889781
5/1/2024,ROBBERY,3132,49,1.053447967,0.892797998,-0.160649969
5/1/2024,ARSON AND CRIMINAL DAMAGE,4703,9,0.311685848,-0.463966539,-0.775652387
5/1/2024,PUBLIC ORDER OFFENCES,4965,4,0.805123577,-0.131447746,-0.936571323
5/1/2024,HATE CRIME,5662,46,0.160635174,-0.11604979,-0.276684964
5/1/2024,MISCELLANEOUS,5769,1,1.236283956,0.492762283,-0.743521673
5/1/2024,BURGLARY,5997,17,0.324239707,-0.019410747,-0.343650454
5/1/2024,DOMESTIC ABUSE,8847,4,-0.355679051,-0.399300696,-0.043621645
5/1/2024,VEHICLE OFFENCES,8947,3,0.158609624,-0.498062342,-0.656671966
5/1/2024,VIOLENCE AGAINST THE PERSON,20300,256,0.898196126,0.228671542,-0.669524584
5/1/2024,THEFT,25683,52,1.348099562,0.665479118,-0.682620445
6/1/2024,FRAUD AND FORGERY,17,12,2.246823868,-1.354698221,-3.601522089
6/1/2024,LETHAL BARREL DISCHARGE,19,38,-0.268583662,-0.556624973,-0.288041311
6/1/2024,GUN CRIME,182,17,-0.13579182,-0.355672645,-0.219880825
6/1/2024,POSSESSION OF WEAPONS,410,57,-1.709244424,1.215278122,2.924522546
6/1/2024,MISCELLANEOUS CRIMES AGAINST SOCIETY,844,0,-0.853001382,-0.917456862,-0.06445548
6/1/2024,KNIFE CRIME,1953,68,0.884129236,-0.820708281,-1.704837517
6/1/2024,SEXUAL OFFENCES,2233,51,1.413043053,-0.800979024,-2.214022077
6/1/2024,ROBBERY,2894,32,0.584958612,-0.152246763,-0.737205375
6/1/2024,DRUG OFFENCES,2897,57,-1.150374894,-0.915310699,0.235064195
6/1/2024,ARSON AND CRIMINAL DAMAGE,4758,12,0.453470746,-0.327705552,-0.781176297
6/1/2024,PUBLIC ORDER OFFENCES,4941,3,0.763184443,-0.282683324,-1.045867767
6/1/2024,HATE CRIME,5613,23,0.114303477,-0.773376588,-0.887680065
6/1/2024,MISCELLANEOUS,5755,2,1.227573217,1.421971161,0.194397944
6/1/2024,BURGLARY,5831,15,0.179921919,-0.100859762,-0.280781681
6/1/2024,VEHICLE OFFENCES,8496,5,-0.216256897,-0.193532796,0.022724101
6/1/2024,DOMESTIC ABUSE,8845,0,-0.358196795,-1.252866555,-0.89466976
6/1/2024,VIOLENCE AGAINST THE PERSON,19985,143,0.697552578,-0.463930566,-1.161483144
6/1/2024,THEFT,26401,56,1.517503392,0.944993408,-0.572509984
7/1/2024,FRAUD AND FORGERY,11,8,1.248235482,-1.780010453,-3.028245935
7/1/2024,LETHAL BARREL DISCHARGE,12,59,-0.942962204,0.153763805,1.096726008
7/1/2024,GUN CRIME,180,18,-0.172711532,-0.271835521,-0.09912399
7/1/2024,POSSESSION OF WEAPONS,454,56,-0.986621082,1.144964103,2.131585185
7/1/2024,MISCELLANEOUS CRIMES AGAINST SOCIETY,854,0,-0.764927576,-0.917456862,-0.152529286
7/1/2024,KNIFE CRIME,1955,119,0.891390851,-0.305459923,-1.196850774
7/1/2024,SEXUAL OFFENCES,2319,70,1.721986746,-0.375256055,-2.097242802
7/1/2024,ROBBERY,2752,28,0.305439753,-0.398139648,-0.703579401
7/1/2024,DRUG OFFENCES,3066,79,-0.916323777,-0.310414184,0.605909593
7/1/2024,PUBLIC ORDER OFFENCES,5214,8,1.240242088,0.473494568,-0.76674752
7/1/2024,ARSON AND CRIMINAL DAMAGE,5341,8,1.956390658,-0.509386868,-2.465777526
7/1/2024,MISCELLANEOUS,5472,0,1.05149184,-0.436446594,-1.487938434
7/1/2024,HATE CRIME,6116,18,0.58991253,-0.916273718,-1.506186248
7/1/2024,BURGLARY,6456,26,0.723287087,0.347109824,-0.376177264
7/1/2024,VEHICLE OFFENCES,8294,7,-0.384157201,0.110996751,0.495153952
7/1/2024,DOMESTIC ABUSE,9212,2,0.103809263,-0.826083625,-0.929892889
7/1/2024,VIOLENCE AGAINST THE PERSON,20644,116,1.11731162,-0.629419565,-1.746731184
7/1/2024,THEFT,26860,41,1.625799155,-0.103185182,-1.728984337
8/1/2024,FRAUD AND FORGERY,7,27,0.582509892,0.24022265,-0.342287242
8/1/2024,LETHAL BARREL DISCHARGE,17,31,-0.461263245,-0.793421232,-0.332157986
8/1/2024,GUN CRIME,193,7,0.067266597,-1.194043879,-1.261310476
8/1/2024,POSSESSION OF WEAPONS,499,36,-0.247574483,-0.26131628,-0.013741797
8/1/2024,MISCELLANEOUS CRIMES AGAINST SOCIETY,919,1,-0.192447838,-0.373478014,-0.181030176
8/1/2024,KNIFE CRIME,2003,230,1.065669632,0.815962975,-0.249706656
8/1/2024,SEXUAL OFFENCES,2022,43,0.655053293,-0.980230801,-1.635284094
8/1/2024,ROBBERY,2839,19,0.476694265,-0.951398639,-1.428092905
8/1/2024,DRUG OFFENCES,3740,52,0.017110854,-1.052787179,-1.069898034
8/1/2024,ARSON AND CRIMINAL DAMAGE,5125,44,1.399562697,1.125744978,-0.273817719
8/1/2024,PUBLIC ORDER OFFENCES,5152,59,1.131899326,8.186509063,7.054609737
8/1/2024,MISCELLANEOUS,5429,0,1.024737426,-0.436446594,-1.46118402
8/1/2024,BURGLARY,6178,10,0.48159826,-0.304482302,-0.786080562
8/1/2024,HATE CRIME,6883,54,1.31514542,0.112585618,-1.202559802
8/1/2024,VEHICLE OFFENCES,8258,2,-0.414080028,-0.650327116,-0.236247088
8/1/2024,DOMESTIC ABUSE,9317,7,0.235990833,0.240873699,0.004882866
8/1/2024,VIOLENCE AGAINST THE PERSON,19449,190,0.356140065,-0.175857123,-0.531997188
8/1/2024,THEFT,26350,33,1.50547053,-0.662213764,-2.167684293
9/1/2024,FRAUD AND FORGERY,9,13,0.915372687,-1.248370163,-2.16374285
9/1/2024,LETHAL BARREL DISCHARGE,18,57,-0.364923454,0.086107731,0.451031184
9/1/2024,GUN CRIME,206,16,0.307244725,-0.439509768,-0.746754493
9/1/2024,POSSESSION OF WEAPONS,515,51,0.015197642,0.793394007,0.778196366
9/1/2024,MISCELLANEOUS CRIMES AGAINST SOCIETY,993,0,0.459298325,-0.917456862,-1.376755186
9/1/2024,KNIFE CRIME,1905,128,0.709850455,-0.214533742,-0.924384197
9/1/2024,SEXUAL OFFENCES,2092,100,0.90651909,0.296938106,-0.609580984
9/1/2024,ROBBERY,2803,21,0.405830329,-0.828452197,-1.234282526
9/1/2024,DRUG OFFENCES,3966,59,0.330102288,-0.860320107,-1.190422395
9/1/2024,ARSON AND CRIMINAL DAMAGE,4618,13,0.092563734,-0.282285223,-0.374848957
9/1/2024,PUBLIC ORDER OFFENCES,4708,4,0.356025355,-0.131447746,-0.487473101
9/1/2024,MISCELLANEOUS,5337,0,0.967495424,-0.436446594,-1.403942018
9/1/2024,HATE CRIME,5343,25,-0.140993629,-0.716217736,-0.575224107
9/1/2024,BURGLARY,6483,18,0.746760463,0.021313761,-0.725446702
9/1/2024,VEHICLE OFFENCES,7953,0,-0.667592863,-0.954856662,-0.287263799
9/1/2024,DOMESTIC ABUSE,8729,7,-0.504225957,0.240873699,0.745099657
9/1/2024,VIOLENCE AGAINST THE PERSON,19190,150,0.191166481,-0.42102601,-0.612192492
9/1/2024,THEFT,25214,59,1.237444415,1.154629126,-0.082815288
10/1/2024,FRAUD AND FORGERY,8,30,0.748941289,0.559206824,-0.189734465
10/1/2024,LETHAL BARREL DISCHARGE,14,123,-0.75028262,2.318758173,3.069040794
10/1/2024,GUN CRIME,205,29,0.288784869,0.650372836,0.361587967
10/1/2024,POSSESSION OF WEAPONS,512,49,-0.034072132,0.652765969,0.686838101
10/1/2024,MISCELLANEOUS CRIMES AGAINST SOCIETY,1053,0,0.987741159,-0.917456862,-1.905198021
10/1/2024,KNIFE CRIME,2038,97,1.192747909,-0.52772392,-1.720471829
10/1/2024,SEXUAL OFFENCES,2256,85,1.495667529,-0.039158975,-1.534826503
10/1/2024,ROBBERY,3130,37,1.049511082,0.155119343,-0.894391738
10/1/2024,DRUG OFFENCES,4250,92,0.723418958,0.047024665,-0.676394293
10/1/2024,ARSON AND CRIMINAL DAMAGE,4589,12,0.017804425,-0.327705552,-0.345509976
10/1/2024,PUBLIC ORDER OFFENCES,4864,0,0.628629723,-0.736390059,-1.365019782
10/1/2024,HATE CRIME,5351,36,-0.13342927,-0.40184405,-0.26841478
10/1/2024,MISCELLANEOUS,7140,2,2.08931423,1.421971161,-0.667343069
10/1/2024,BURGLARY,7246,10,1.410100661,-0.304482302,-1.714582962
10/1/2024,VEHICLE OFFENCES,8447,4,-0.256985189,-0.345797569,-0.088812381
10/1/2024,DOMESTIC ABUSE,8550,3,-0.729564062,-0.612692161,0.116871901
10/1/2024,VIOLENCE AGAINST THE PERSON,19444,147,0.352955247,-0.439413677,-0.792368924
10/1/2024,THEFT,28309,63,1.967674015,1.434143417,-0.533530598
11/1/2024,FRAUD AND FORGERY,1,16,-0.416078494,-0.929385989,-0.513307495
11/1/2024,LETHAL BARREL DISCHARGE,20,65,-0.17224387,0.356732027,0.528975897
11/1/2024,GUN CRIME,194,23,0.085726453,0.147350096,0.061623643
11/1/2024,POSSESSION OF WEAPONS,455,46,-0.970197824,0.441823911,1.412021736
11/1/2024,MISCELLANEOUS CRIMES AGAINST SOCIETY,1002,1,0.53856475,-0.373478014,-0.912042764
11/1/2024,KNIFE CRIME,1998,91,1.047515592,-0.588341374,-1.635856966
11/1/2024,SEXUAL OFFENCES,2233,55,1.413043053,-0.711353136,-2.124396189
11/1/2024,ROBBERY,2922,47,0.640075007,0.769851556,0.129776549
11/1/2024,DRUG OFFENCES,4432,71,0.975474007,-0.530376553,-1.50585056
11/1/2024,PUBLIC ORDER OFFENCES,4479,3,-0.044143878,-0.282683324,-0.238539446
11/1/2024,ARSON AND CRIMINAL DAMAGE,4567,7,-0.038909534,-0.554807197,-0.515897663
11/1/2024,HATE CRIME,5218,25,-0.259186734,-0.716217736,-0.457031003
11/1/2024,BURGLARY,7323,16,1.47704325,-0.060135255,-1.537178504
11/1/2024,VEHICLE OFFENCES,8104,3,-0.54208323,-0.498062342,0.044020887
11/1/2024,DOMESTIC ABUSE,8551,20,-0.72830519,3.014962743,3.743267933
11/1/2024,MISCELLANEOUS,8554,2,2.969098917,1.421971161,-1.547127756
11/1/2024,VIOLENCE AGAINST THE PERSON,18988,118,0.062499825,-0.61716112,-0.679660946
11/1/2024,THEFT,28895,53,2.105933965,0.73535769,-1.370576275
12/1/2024,FRAUD AND FORGERY,5,30,0.249647096,0.559206824,0.309559727
12/1/2024,LETHAL BARREL DISCHARGE,13,55,-0.846622412,0.018451657,0.865074069
12/1/2024,GUN CRIME,193,11,0.067266597,-0.858695385,-0.925961982
12/1/2024,POSSESSION OF WEAPONS,418,29,-1.577858362,-0.753514414,0.824343948
12/1/2024,MISCELLANEOUS CRIMES AGAINST SOCIETY,938,5,-0.025107607,1.802437374,1.827544981
12/1/2024,KNIFE CRIME,1842,73,0.481109556,-0.770193736,-1.251303292
12/1/2024,SEXUAL OFFENCES,1997,68,0.56524408,-0.420068999,-0.985313079
12/1/2024,ROBBERY,2751,27,0.303471311,-0.459612869,-0.76308418
12/1/2024,PUBLIC ORDER OFFENCES,3974,0,-0.926613147,-0.736390059,0.190223087
12/1/2024,DRUG OFFENCES,4145,63,0.578002584,-0.750338922,-1.328341506
12/1/2024,ARSON AND CRIMINAL DAMAGE,4183,10,-1.028825909,-0.41854621,0.610279699
12/1/2024,HATE CRIME,4383,15,-1.048716672,-1.002011996,0.046704676
12/1/2024,BURGLARY,7289,12,1.447484184,-0.223033286,-1.67051747
12/1/2024,VEHICLE OFFENCES,7358,4,-1.16215069,-0.345797569,0.816353121
12/1/2024,MISCELLANEOUS,7912,2,2.569649292,1.421971161,-1.147678132
12/1/2024,DOMESTIC ABUSE,9273,4,0.180600461,-0.399300696,-0.579901156
12/1/2024,VIOLENCE AGAINST THE PERSON,19074,126,0.117278699,-0.568127343,-0.685406041
12/1/2024,THEFT,26525,39,1.546759764,-0.242942327,-1.789702091
1/1/2025,FRAUD AND FORGERY,4,17,0.083215699,-0.823057931,-0.90627363
1/1/2025,LETHAL BARREL DISCHARGE,12,25,-0.942962204,-0.996389454,-0.05342725
1/1/2025,GUN CRIME,175,6,-0.265010812,-1.277881002,-1.01287019
1/1/2025,POSSESSION OF WEAPONS,424,45,-1.479318815,0.371509892,1.850828707
1/1/2025,MISCELLANEOUS CRIMES AGAINST SOCIETY,1028,0,0.767556645,-0.917456862,-1.685013506
1/1/2025,KNIFE CRIME,1676,172,-0.121604559,0.229994254,0.351598813
1/1/2025,SEXUAL OFFENCES,2127,70,1.032251989,-0.375256055,-1.407508044
1/1/2025,ROBBERY,2541,36,-0.109901649,0.093646122,0.203547772
1/1/2025,PUBLIC ORDER OFFENCES,4073,3,-0.753614221,-0.282683324,0.470930897
1/1/2025,ARSON AND CRIMINAL DAMAGE,4254,4,-0.845794496,-0.691068184,0.154726311
1/1/2025,DRUG OFFENCES,4415,67,0.951930403,-0.640357738,-1.592288141
1/1/2025,HATE CRIME,4542,22,-0.898375043,-0.801956014,0.096419029
1/1/2025,MISCELLANEOUS,6348,2,1.596535253,1.421971161,-0.174564092
1/1/2025,BURGLARY,7384,16,1.53007569,-0.060135255,-1.590210945
1/1/2025,VEHICLE OFFENCES,7567,8,-0.988432058,0.263261524,1.251693582
1/1/2025,DOMESTIC ABUSE,8900,7,-0.28895883,0.240873699,0.529832529
1/1/2025,VIOLENCE AGAINST THE PERSON,18264,161,-0.398661853,-0.353604566,0.045057287
1/1/2025,THEFT,23808,60,0.90571491,1.224507699,0.318792789
2/1/2025,FRAUD AND FORGERY,5,23,0.249647096,-0.185089583,-0.434736679
2/1/2025,LETHAL BARREL DISCHARGE,13,85,-0.846622412,1.033292767,1.879915179
2/1/2025,GUN CRIME,169,17,-0.375769948,-0.355672645,0.020097303
2/1/2025,POSSESSION OF WEAPONS,412,50,-1.676397908,0.723079988,2.399477896
2/1/2025,MISCELLANEOUS CRIMES AGAINST SOCIETY,888,0,-0.465476636,-0.917456862,-0.451980225
2/1/2025,KNIFE CRIME,1563,77,-0.531885855,-0.7297821,-0.197896245
2/1/2025,SEXUAL OFFENCES,2005,68,0.593983028,-0.420068999,-1.014052028
2/1/2025,ROBBERY,2474,56,-0.241787308,1.323110547,1.564897855
2/1/2025,PUBLIC ORDER OFFENCES,3753,6,-1.312802668,0.171023411,1.483826079
2/1/2025,DRUG OFFENCES,3895,49,0.231773121,-1.135273068,-1.367046189
2/1/2025,ARSON AND CRIMINAL DAMAGE,4092,6,-1.263415466,-0.600227526,0.66318794
2/1/2025,HATE CRIME,4346,23,-1.083701831,-0.773376588,0.310325243
2/1/2025,BURGLARY,6351,20,0.632001739,0.102762777,-0.529238962
2/1/2025,MISCELLANEOUS,6656,7,1.788171522,6.068015548,4.279844026
2/1/2025,VEHICLE OFFENCES,7310,3,-1.202047792,-0.498062342,0.70398545
2/1/2025,DOMESTIC ABUSE,7944,2,-1.49244055,-0.826083625,0.666356924
2/1/2025,VIOLENCE AGAINST THE PERSON,17275,99,-1.028618897,-0.733616342,0.295002555
2/1/2025,THEFT,23224,65,0.767926836,1.573900563,0.805973726
3/1/2025,FRAUD AND FORGERY,5,25,0.249647096,0.027566534,-0.222080563
3/1/2025,LETHAL BARREL DISCHARGE,8,67,-1.328321371,0.424388101,1.752709471
3/1/2025,GUN CRIME,140,17,-0.911105773,-0.355672645,0.555433129
3/1/2025,POSSESSION OF WEAPONS,542,40,0.458625601,0.019939796,-0.438685805
3/1/2025,MISCELLANEOUS CRIMES AGAINST SOCIETY,1083,1,1.251962577,-0.373478014,-1.625440591
3/1/2025,KNIFE CRIME,1691,68,-0.06714244,-0.820708281,-0.753565841
3/1/2025,SEXUAL OFFENCES,2125,93,1.025067252,0.140092802,-0.88497445
3/1/2025,ROBBERY,2621,35,0.047573764,0.032172901,-0.015400863
3/1/2025,DRUG OFFENCES,4237,82,0.705415026,-0.227928296,-0.933343322
3/1/2025,PUBLIC ORDER OFFENCES,4562,0,0.100895626,-0.736390059,-0.837285685
3/1/2025,ARSON AND CRIMINAL DAMAGE,4569,18,-0.03375372,-0.055183577,-0.021429858
3/1/2025,HATE CRIME,5160,18,-0.314028334,-0.916273718,-0.602245384
3/1/2025,BURGLARY,6563,29,0.816311204,0.469283347,-0.347027857
3/1/2025,MISCELLANEOUS,6885,0,1.930654332,-0.436446594,-2.367100926
3/1/2025,VEHICLE OFFENCES,7304,5,-1.20703493,-0.193532796,1.013502134
3/1/2025,DOMESTIC ABUSE,9070,8,-0.074950574,0.454265164,0.529215738
3/1/2025,VIOLENCE AGAINST THE PERSON,20176,143,0.819212634,-0.463930566,-1.2831432
3/1/2025,THEFT,24393,69,1.043738921,1.853414853,0.809675932
4/1/2025,FRAUD AND FORGERY,5,12,0.249647096,-1.354698221,-1.604345318
4/1/2025,LETHAL BARREL DISCHARGE,7,35,-1.424661163,-0.658109084,0.766552079
4/1/2025,GUN CRIME,180,10,-0.172711532,-0.942532509,-0.769820977
4/1/2025,POSSESSION OF WEAPONS,582,30,1.115555912,-0.683200395,-1.798756307
4/1/2025,MISCELLANEOUS CRIMES AGAINST SOCIETY,1056,1,1.014163301,-0.373478014,-1.387641315
4/1/2025,KNIFE CRIME,1831,83,0.441170669,-0.669164646,-1.110335315
4/1/2025,SEXUAL OFFENCES,2102,112,0.942442775,0.565815771,-0.376627005
4/1/2025,ROBBERY,2658,35,0.120406143,0.032172901,-0.088233242
4/1/2025,PUBLIC ORDER OFFENCES,4493,2,-0.019679383,-0.433918902,-0.414239519
4/1/2025,ARSON AND CRIMINAL DAMAGE,4677,7,0.24466026,-0.554807197,-0.799467457
4/1/2025,DRUG OFFENCES,4781,73,1.458810337,-0.475385961,-1.934196298
4/1/2025,HATE CRIME,5231,19,-0.246894651,-0.887694292,-0.640799642
4/1/2025,BURGLARY,5520,9,-0.09045659,-0.345206809,-0.25475022
4/1/2025,MISCELLANEOUS,6304,0,1.569158643,-0.436446594,-2.005605237
4/1/2025,VEHICLE OFFENCES,6941,2,-1.508756764,-0.650327116,0.858429648
4/1/2025,DOMESTIC ABUSE,8967,4,-0.2046144,-0.399300696,-0.194686296
4/1/2025,VIOLENCE AGAINST THE PERSON,19426,124,0.341489901,-0.580385787,-0.921875688
4/1/2025,THEFT,24013,47,0.954082298,0.316086254,-0.637996044
5/1/2025,FRAUD AND FORGERY,2,25,-0.249647096,0.027566534,0.27721363
5/1/2025,LETHAL BARREL DISCHARGE,15,14,-0.653942829,-1.368497861,-0.714555032
5/1/2025,GUN CRIME,158,3,-0.578828365,-1.529392373,-0.950564008
5/1/2025,POSSESSION OF WEAPONS,551,28,0.606434921,-0.823828433,-1.430263354
5/1/2025,MISCELLANEOUS CRIMES AGAINST SOCIETY,1082,0,1.243155196,-0.917456862,-2.160612058
5/1/2025,KNIFE CRIME,1724,82,0.052674221,-0.679267555,-0.731941776
5/1/2025,SEXUAL OFFENCES,2336,89,1.783057011,0.050466914,-1.732590098
5/1/2025,ROBBERY,2841,41,0.480631151,0.401012228,-0.079618922
5/1/2025,ARSON AND CRIMINAL DAMAGE,4867,98,0.734462633,3.578442747,2.843980114
5/1/2025,PUBLIC ORDER OFFENCES,4990,3,0.848810174,-0.282683324,-1.131493498
5/1/2025,DRUG OFFENCES,5101,100,1.901984049,0.266987034,-1.634997014
5/1/2025,HATE CRIME,5612,8,0.113357932,-1.202067978,-1.31542591
5/1/2025,MISCELLANEOUS,5849,1,1.28605961,0.492762283,-0.793297327
5/1/2025,BURGLARY,6116,16,0.427696436,-0.060135255,-0.48783169
5/1/2025,VEHICLE OFFENCES,7337,1,-1.179605672,-0.802591889,0.377013783
5/1/2025,DOMESTIC ABUSE,9484,2,0.446222472,-0.826083625,-1.272306098
5/1/2025,VIOLENCE AGAINST THE PERSON,20786,242,1.207760457,0.142862431,-1.064898026
5/1/2025,THEFT,24918,45,1.167606624,0.176329109,-0.991277515
6/1/2025,FRAUD AND FORGERY,3,11,-0.083215699,-1.461026279,-1.37781058
6/1/2025,LETHAL BARREL DISCHARGE,22,3,0.020435713,-1.740606268,-1.761041981
6/1/2025,GUN CRIME,209,5,0.362624293,-1.361718126,-1.724342419
6/1/2025,POSSESSION OF WEAPONS,611,13,1.591830387,-1.878538721,-3.470369108
6/1/2025,MISCELLANEOUS CRIMES AGAINST SOCIETY,1108,1,1.472147091,-0.373478014,-1.845625106
6/1/2025,KNIFE CRIME,1836,27,0.459324708,-1.23492755,-1.694252258
6/1/2025,SEXUAL OFFENCES,2534,10,2.49434598,-1.719644379,-4.213990359
6/1/2025,ROBBERY,2825,20,0.449136068,-0.889925418,-1.339061486
6/1/2025,DRUG OFFENCES,4519,60,1.09596186,-0.832824811,-1.92878667
6/1/2025,ARSON AND CRIMINAL DAMAGE,4837,13,0.657125416,-0.282285223,-0.939410639
6/1/2025,PUBLIC ORDER OFFENCES,5199,2,1.214030129,-0.433918902,-1.647949032
6/1/2025,MISCELLANEOUS,5736,1,1.215751499,0.492762283,-0.722989215
6/1/2025,BURGLARY,5810,5,0.161664849,-0.508104841,-0.66976969
6/1/2025,HATE CRIME,6136,9,0.608823427,-1.173488552,-1.782311979
6/1/2025,VEHICLE OFFENCES,7008,2,-1.453067059,-0.650327116,0.802739943
6/1/2025,DOMESTIC ABUSE,9674,0,0.68540817,-1.252866555,-1.938274725
6/1/2025,VIOLENCE AGAINST THE PERSON,21681,68,1.777842918,-0.92362223,-2.701465148
6/1/2025,THEFT,24475,20,1.063085877,-1.570635209,-2.633721085
7/1/2025,FRAUD AND FORGERY,1,23,-0.416078494,-0.185089583,0.230988911
7/1/2025,LETHAL BARREL DISCHARGE,12,31,-0.942962204,-0.793421232,0.149540972
7/1/2025,GUN CRIME,175,20,-0.265010812,-0.104161275,0.160849537
7/1/2025,POSSESSION OF WEAPONS,615,49,1.657523418,0.652765969,-1.004757449
7/1/2025,MISCELLANEOUS CRIMES AGAINST SOCIETY,1168,2,2.000589926,0.170500833,-1.830089093
7/1/2025,KNIFE CRIME,1911,110,0.731635303,-0.396386103,-1.128021406
7/1/2025,SEXUAL OFFENCES,2633,98,2.849990464,0.252125162,-2.597865302
7/1/2025,ROBBERY,2897,18,0.59086394,-1.01287186,-1.6037358
7/1/2025,DRUG OFFENCES,4736,71,1.396489033,-0.530376553,-1.926865587
7/1/2025,ARSON AND CRIMINAL DAMAGE,5227,22,1.662509234,0.126497739,-1.536011495
7/1/2025,MISCELLANEOUS,5404,2,1.009182534,1.421971161,0.412788627
7/1/2025,PUBLIC ORDER OFFENCES,5605,3,1.923500472,-0.282683324,-2.206183796
7/1/2025,BURGLARY,6074,16,0.391182296,-0.060135255,-0.451317551
7/1/2025,HATE CRIME,6383,34,0.842373001,-0.459002902,-1.301375904
7/1/2025,VEHICLE OFFENCES,7265,3,-1.239451325,-0.498062342,0.741388983
7/1/2025,DOMESTIC ABUSE,10525,4,1.75670832,-0.399300696,-2.156009016
7/1/2025,VIOLENCE AGAINST THE PERSON,22872,130,2.536466618,-0.543610454,-3.080077072
7/1/2025,THEFT,25683,40,1.348099562,-0.173063755,-1.521163317
8/1/2025,FRAUD AND FORGERY,1,15,-0.416078494,-1.035714047,-0.619635553
8/1/2025,LETHAL BARREL DISCHARGE,11,47,-1.039301996,-0.25217264,0.787129356
8/1/2025,GUN CRIME,132,20,-1.058784622,-0.104161275,0.954623347
8/1/2025,POSSESSION OF WEAPONS,616,38,1.673946676,-0.120688242,-1.794634918
8/1/2025,MISCELLANEOUS CRIMES AGAINST SOCIETY,1098,0,1.384073285,-0.917456862,-2.301530147
8/1/2025,KNIFE CRIME,1585,72,-0.45200808,-0.780296645,-0.328288565
8/1/2025,SEXUAL OFFENCES,2372,135,1.912382278,1.081164628,-0.83121765
8/1/2025,ROBBERY,2745,33,0.291660655,-0.090773542,-0.382434196
8/1/2025,DRUG OFFENCES,4810,90,1.498972954,-0.007965927,-1.506938881
8/1/2025,ARSON AND CRIMINAL DAMAGE,4856,20,0.706105654,0.035657081,-0.670448573
8/1/2025,PUBLIC ORDER OFFENCES,5005,10,0.875022133,0.775965724,-0.099056409
8/1/2025,MISCELLANEOUS,5006,3,0.761548654,2.351180038,1.589631384
8/1/2025,HATE CRIME,6262,29,0.727962076,-0.601900032,-1.329862108
8/1/2025,BURGLARY,6404,16,0.678079105,-0.060135255,-0.73821436
8/1/2025,VEHICLE OFFENCES,7214,2,-1.281841996,-0.650327116,0.63151488
8/1/2025,DOMESTIC ABUSE,9847,2,0.903193042,-0.826083625,-1.729276667
8/1/2025,VIOLENCE AGAINST THE PERSON,20422,184,0.975905691,-0.212632456,-1.188538146
8/1/2025,THEFT,24255,44,1.011179411,0.106450536,-0.904728875
9/1/2025,FRAUD AND FORGERY,0,18,-0.582509892,-0.716729873,-0.134219981
9/1/2025,LETHAL BARREL DISCHARGE,9,56,-1.231981579,0.052279694,1.284261273
9/1/2025,GUN CRIME,162,12,-0.504988941,-0.774858262,-0.269869321
9/1/2025,POSSESSION OF WEAPONS,533,25,0.310816281,-1.034770491,-1.345586772
9/1/2025,MISCELLANEOUS CRIMES AGAINST SOCIETY,969,0,0.247921191,-0.917456862,-1.165378052
9/1/2025,KNIFE CRIME,1570,38,-0.506470199,-1.123795551,-0.617325352
9/1/2025,SEXUAL OFFENCES,2203,101,1.305271997,0.319344578,-0.985927419
9/1/2025,ROBBERY,2579,23,-0.035100828,-0.705505754,-0.670404926
9/1/2025,BURGLARY,3991,11,-1.419745139,-0.263757794,1.155987345
9/1/2025,DRUG OFFENCES,4409,72,0.943620896,-0.502881257,-1.446502153
9/1/2025,ARSON AND CRIMINAL DAMAGE,4507,15,-0.193583968,-0.191444565,0.002139403
9/1/2025,MISCELLANEOUS,4746,0,0.599777778,-0.436446594,-1.036224372
9/1/2025,PUBLIC ORDER OFFENCES,4793,6,0.504559786,0.171023411,-0.333536375
9/1/2025,HATE CRIME,6457,36,0.912343319,-0.40184405,-1.314187369
9/1/2025,VEHICLE OFFENCES,7254,3,-1.248594411,-0.498062342,0.750532069
9/1/2025,DOMESTIC ABUSE,8899,3,-0.290217702,-0.612692161,-0.322474459
9/1/2025,VIOLENCE AGAINST THE PERSON,19891,177,0.637677996,-0.255537011,-0.893215007
9/1/2025,THEFT,22728,51,0.65090135,0.595600545,-0.055300805
10/1/2025,FRAUD AND FORGERY,3,36,-0.083215699,1.197175172,1.280390871
10/1/2025,LETHAL BARREL DISCHARGE,7,52,-1.424661163,-0.083032454,1.341628708
10/1/2025,GUN CRIME,163,15,-0.486529084,-0.523346892,-0.036817807
10/1/2025,POSSESSION OF WEAPONS,510,39,-0.066918647,-0.050374223,0.016544425
10/1/2025,MISCELLANEOUS CRIMES AGAINST SOCIETY,1071,5,1.14627401,1.802437374,0.656163364
10/1/2025,KNIFE CRIME,1671,121,-0.139758599,-0.285254105,-0.145495506
10/1/2025,SEXUAL OFFENCES,2235,182,1.42022779,2.134268815,0.714041025
10/1/2025,ROBBERY,2638,27,0.081037289,-0.459612869,-0.540650158
10/1/2025,BURGLARY,4268,18,-1.178925696,0.021313761,1.200239457
10/1/2025,DRUG OFFENCES,4588,61,1.191521191,-0.805329514,-1.996850706
10/1/2025,ARSON AND CRIMINAL DAMAGE,4653,23,0.182790487,0.171918068,-0.010872419
10/1/2025,PUBLIC ORDER OFFENCES,4846,0,0.597175373,-0.736390059,-1.333565432
10/1/2025,MISCELLANEOUS,5165,6,0.860477767,5.13880667,4.278328903
10/1/2025,HATE CRIME,6708,68,1.149675073,0.512697581,-0.636977492
10/1/2025,VEHICLE OFFENCES,7425,8,-1.106460985,0.263261524,1.369722509
10/1/2025,DOMESTIC ABUSE,9453,1,0.407197437,-1.03947509,-1.446672528
10/1/2025,VIOLENCE AGAINST THE PERSON,21204,282,1.47401126,0.388031319,-1.085979941
10/1/2025,THEFT,23526,65,0.839180258,1.573900563,0.734720305
11/1/2025,LETHAL BARREL DISCHARGE,6,15,-1.521000954,-1.334669824,0.18633113
11/1/2025,FRAUD AND FORGERY,8,42,0.748941289,1.83514352,1.086202231
11/1/2025,GUN CRIME,155,8,-0.634207933,-1.110206756,-0.475998823
11/1/2025,POSSESSION OF WEAPONS,567,59,0.869207045,1.35590616,0.486699115
11/1/2025,MISCELLANEOUS CRIMES AGAINST SOCIETY,999,3,0.512142608,0.71447968,0.202337072
11/1/2025,KNIFE CRIME,1541,248,-0.611763629,0.997815337,1.609578966
11/1/2025,SEXUAL OFFENCES,2176,146,1.208278047,1.327635821,0.119357774
11/1/2025,ROBBERY,2764,41,0.329061065,0.401012228,0.071951163
11/1/2025,BURGLARY,4398,9,-1.065905741,-0.345206809,0.720698931
11/1/2025,DRUG OFFENCES,4437,52,0.982398596,-1.052787179,-2.035185775
11/1/2025,ARSON AND CRIMINAL DAMAGE,4447,11,-0.348258401,-0.373125881,-0.024867479
11/1/2025,PUBLIC ORDER OFFENCES,4449,0,-0.096567795,-0.736390059,-0.639822264
11/1/2025,HATE CRIME,5568,56,0.071753959,0.16974447,0.09799051
11/1/2025,MISCELLANEOUS,6389,1,1.622045276,0.492762283,-1.129282993
11/1/2025,VEHICLE OFFENCES,7227,6,-1.271036531,-0.041268023,1.229768508
11/1/2025,DOMESTIC ABUSE,9139,4,0.0119116,-0.399300696,-0.411212296
11/1/2025,VIOLENCE AGAINST THE PERSON,20191,176,0.828767089,-0.261666233,-1.090433322
11/1/2025,THEFT,24353,41,1.034301382,-0.103185182,-1.137486564
12/1/2025,LETHAL BARREL DISCHARGE,9,52,-1.231981579,-0.083032454,1.148949125
12/1/2025,GUN CRIME,170,23,-0.357310092,0.147350096,0.504660188
12/1/2025,POSSESSION OF WEAPONS,543,34,0.475048859,-0.401944318,-0.876993177
12/1/2025,MISCELLANEOUS CRIMES AGAINST SOCIETY,955,4,0.124617863,1.258458527,1.133840664
12/1/2025,KNIFE CRIME,1362,95,-1.261678247,-0.547929738,0.713748509
12/1/2025,SEXUAL OFFENCES,2112,79,0.978366461,-0.173597807,-1.151964268
12/1/2025,ROBBERY,2579,24,-0.035100828,-0.644032533,-0.608931705
12/1/2025,BURGLARY,4173,10,-1.261517202,-0.304482302,0.9570349
12/1/2025,ARSON AND CRIMINAL DAMAGE,4184,1,-1.026248001,-0.827329171,0.19891883
12/1/2025,PUBLIC ORDER OFFENCES,4247,0,-0.449555502,-0.736390059,-0.286834557
12/1/2025,DRUG OFFENCES,4253,38,0.727573712,-1.437721325,-2.165295037
12/1/2025,HATE CRIME,4921,61,-0.54001355,0.3126416,0.85265515
12/1/2025,MISCELLANEOUS,5980,0,1.367567244,-0.436446594,-1.804013838
12/1/2025,VEHICLE OFFENCES,6365,10,-1.987521988,0.56779107,2.555313058
12/1/2025,DOMESTIC ABUSE,9566,0,0.549449984,-1.252866555,-1.802316539
12/1/2025,VIOLENCE AGAINST THE PERSON,20058,189,0.744050924,-0.181986345,-0.926037269
12/1/2025,THEFT,23925,42,0.933319712,-0.033306609,-0.966626321
1/1/2026,FRAUD AND FORGERY,5,26,0.249647096,0.133894592,-0.115752505
1/1/2026,LETHAL BARREL DISCHARGE,12,30,-0.942962204,-0.827249269,0.115712935
1/1/2026,GUN CRIME,129,11,-1.11416419,-0.858695385,0.255468804
1/1/2026,POSSESSION OF WEAPONS,529,39,0.24512325,-0.050374223,-0.295497473
1/1/2026,MISCELLANEOUS CRIMES AGAINST SOCIETY,1041,2,0.882052592,0.170500833,-0.71155176
1/1/2026,KNIFE CRIME,1516,69,-0.702533827,-0.810605372,-0.108071545
1/1/2026,SEXUAL OFFENCES,2282,127,1.589069111,0.901912852,-0.687156259
1/1/2026,ROBBERY,2459,30,-0.271313948,-0.275193205,-0.003879257
1/1/2026,PUBLIC ORDER OFFENCES,4018,1,-0.849724735,-0.585154481,0.264570254
1/1/2026,DRUG OFFENCES,4225,48,0.688796012,-1.162768364,-1.851564376
1/1/2026,ARSON AND CRIMINAL DAMAGE,4260,14,-0.830327052,-0.236864894,0.593462159
1/1/2026,BURGLARY,4270,18,-1.177186927,0.021313761,1.198500688
1/1/2026,HATE CRIME,4732,24,-0.718721524,-0.744797162,-0.026075638
1/1/2026,MISCELLANEOUS,4929,5,0.713639587,4.209597793,3.495958206
1/1/2026,VEHICLE OFFENCES,6698,7,-1.710735842,0.110996751,1.821732593
1/1/2026,DOMESTIC ABUSE,9514,0,0.483988635,-1.252866555,-1.73685519
1/1/2026,VIOLENCE AGAINST THE PERSON,19582,111,0.44085623,-0.660065676,-1.100921905
1/1/2026,THEFT,20937,38,0.228335529,-0.3128209,-0.541156429
2/1/2026,FRAUD AND FORGERY,0,22,-0.582509892,-0.291417641,0.291092251
2/1/2026,LETHAL BARREL DISCHARGE,3,20,-1.810020329,-1.165529639,0.644490691
2/1/2026,GUN CRIME,136,16,-0.984945197,-0.439509768,0.545435429
2/1/2026,POSSESSION OF WEAPONS,527,41,0.212276735,0.090253816,-0.122022919
2/1/2026,MISCELLANEOUS CRIMES AGAINST SOCIETY,1108,2,1.472147091,0.170500833,-1.301646258
2/1/2026,KNIFE CRIME,1422,123,-1.043829772,-0.265048287,0.778781485
2/1/2026,SEXUAL OFFENCES,2010,103,0.611944871,0.364157522,-0.247787348
2/1/2026,ROBBERY,2287,34,-0.609886087,-0.02930032,0.580585767
2/1/2026,DRUG OFFENCES,3498,47,-0.318039266,-1.19026366,-0.872224394
2/1/2026,PUBLIC ORDER OFFENCES,3967,0,-0.938845394,-0.736390059,0.202455335
2/1/2026,ARSON AND CRIMINAL DAMAGE,3971,8,-1.57534224,-0.509386868,1.065955372
2/1/2026,BURGLARY,3977,14,-1.431916518,-0.14158427,1.290332248
2/1/2026,HATE CRIME,4570,15,-0.871899788,-1.002011996,-0.130112209
2/1/2026,MISCELLANEOUS,5100,1,0.820035048,0.492762283,-0.327272765
2/1/2026,VEHICLE OFFENCES,6220,4,-2.108044483,-0.345797569,1.762246914
2/1/2026,DOMESTIC ABUSE,9021,4,-0.136635307,-0.399300696,-0.262665389
2/1/2026,VIOLENCE AGAINST THE PERSON,19153,110,0.167598826,-0.666194898,-0.833793724
2/1/2026,THEFT,20751,52,0.184450972,0.665479118,0.481028146
