borough,skipped,n_obs,params,pvalues,rsquared,rsquared_adj,shapiro_p,skew,kurtosis,cooks_d,leverage,predicted,residuals,diag_plot,hc3_params,hc3_bse,hc3_pvalues,metric,quarter_range
Barking and Dagenham,False,45,"[0.7267654279943379, -7.204004166403531e-05]","[1.4975295962810173e-27, 3.996628288768429e-08]",0.5078138517558064,0.4963676622617553,0.08989587049313448,0.23439167861563057,-0.8566824129745867,"[0.0583444466321836, 0.018537074939324556, 0.07147737515600357, 0.007868459562978632, 0.015187295518945576, 0.01526196036940542, 0.0068188569774379724, 0.006101035529440011, 0.0002285220979103161, 0.02168783748002129, 0.016179169589872908, 0.05757967972388137, 0.10822233406923314, 0.053608480825082745, 0.008023186102859573, 0.01216497910628186, 0.019938145953957317, 0.01736764393233948, 0.0008939320309540687, 0.00026729951338065345, 0.024514649984669633, 0.006381966530253342, 0.008963061328202617, 0.08040688548559564, 0.011724139326728287, 0.017008259932115858, 0.005859547614629909, 7.940885193771766e-05, 0.0010979745842781899, 0.006115261363496774, 0.0038901790902599884, 0.0172951114649715, 0.011161223002021114, 0.17935031116758898, 4.884506825434552e-07, 0.041989534205069234, 0.006548046496664609, 0.01457348133313616, 0.012484312249754015, 0.004158749796100096, 0.010728106541054883, 0.0026757310419088477, 0.0015319979008542235, 0.041248085299606295, 0.04008860158026626]","[0.09954270255171377, 0.10731860900149216, 0.02585318508630831, 0.02326679922469195, 0.031711373730091176, 0.02347990223849891, 0.02686216720543999, 0.027973003933770963, 0.04285508176507581, 0.0284597114494931, 0.03807843209930685, 0.09918548816534094, 0.10230882303214332, 0.02726984941728944, 0.02333246049317665, 0.029762964420438305, 0.02903678319278463, 0.02766302740481546, 0.027058892341165437, 0.046849691156002016, 0.03299073889195181, 0.032946297050087864, 0.10895215428573797, 0.10933133177420162, 0.023541452019717926, 0.02403774392959583, 0.03019078373030714, 0.02509651997148984, 0.026443748498077624, 0.03351601712740766, 0.027537273074109855, 0.035908882294739486, 0.030538931061981682, 0.10673599628032937, 0.10291658627909236, 0.11085631235227435, 0.022752659103538207, 0.02646233868304878, 0.02997539863685479, 0.022544717571882242, 0.025931097429638054, 0.030178032333750125, 0.03360732073451789, 0.026871906461078014, 0.03226681251555105]","[0.6774263153496102, 0.6837130201629145, 0.5215752824124619, 0.534444924203048, 0.504459646271529, 0.532996678068046, 0.5179546670749569, 0.5143998811072246, 0.4831638451500221, 0.5129516349722226, 0.49132668700185167, 0.6771300831856325, 0.6796974286067725, 0.5166051649946141, 0.5339841186146382, 0.5093310196347176, 0.5113059007279022, 0.5153544069689305, 0.5172963733772287, 0.47704171376115, 0.5015302393166385, 0.5016289833712978, 0.6849966928734844, 0.6852929250374621, 0.532601701849409, 0.529705209579405, 0.5082119203485796, 0.524636348106898, 0.5194029132099589, 0.5003782253456143, 0.5157493831875675, 0.4954410226126529, 0.5073232238566466, 0.6832522145745047, 0.6801911488800686, 0.6864778536933728, 0.5387238332382811, 0.5193370838401861, 0.5087714699916486, 0.5410607758652163, 0.5212790502484842, 0.5082448350334661, 0.5001807372362959, 0.5179217523900704, 0.5955016646673373]","[-0.06742631534961019, 0.03628697983708551, 0.15842471758753818, 0.05555507579695196, 0.065540353728471, 0.07700332193195403, -0.04795466707495688, -0.04439988110722459, 0.006836154849977905, -0.08295163497222263, -0.061326687001851676, -0.06713008318563252, 0.0903025713932275, 0.13339483500538596, 0.05601588138536173, 0.06066898036528234, 0.0786940992720978, -0.07535440696893053, -0.01729637337722867, -0.007041713761150037, -0.08153023931663855, -0.04162898337129778, -0.024996692873484383, 0.07470707496253792, 0.06739829815059095, 0.08029479042059495, 0.041788079651420396, 0.005363651893102062, -0.019402913209958905, -0.04037822534561425, -0.035749383187567485, -0.06544102261265289, -0.05732322385664662, -0.11325221457450474, -0.0001911488800685479, 0.053522146306627216, 0.05127616676171887, 0.0706629161598139, 0.06122853000835138, -0.04106077586521628, -0.06127905024848418, -0.028244835033466087, -0.020180737236295876, -0.11792175239007041, -0.10550166466733735]",C:\Users\einob\OneDrive - King's College London\AA - Individual Project Files\Visual Python Code\Residual Outputs\diagnostics_borough_simple\diag_Good_job_Barking_and_Dagenham_Q1_1516-Q4_2526.png,"[0.7267654279943379, -7.204004166403531e-05]","[0.03087267095041487, 1.1261875165040802e-05]","[3.4016208671249974e-26, 9.67334495809689e-08]",Good job,Q1_1516-Q4_2526
Barnet,False,45,"[0.6795782048114275, -5.800576506830056e-05]","[4.412725905975112e-24, 0.0007059438087839122]",0.23652543951791238,0.21877021718111966,0.011222886591744734,0.5611405001802248,-0.7416115626073587,"[0.00025344736694712033, 0.0028542217407266195, 0.04402747683501047, 0.04117204029431374, 0.016760829059044313, 0.0008776330086537821, 0.00257968519017893, 0.007825863946830897, 0.010003682683143092, 0.013304841652267979, 0.006750731330397658, 0.0002491672135754749, 0.0006790151141997834, 0.042403705728143636, 0.046549954727767864, 0.007227876201566056, 0.006875336461989827, 0.007750712151443933, 0.007737679609265837, 0.013128087205102234, 0.02581962871859946, 0.01267294617513191, 0.0020438086736317526, 0.0002858015582431993, 0.05838353959102998, 0.028941476440728493, 0.017476578536234296, 0.0008236655649831174, 0.002106730312352644, 0.007805078679200066, 0.011085358865601132, 0.016653769526354088, 0.020957773072109925, 0.0037920590941125194, 0.002013873405001296, 0.013144608169173289, 0.02890418719315526, 0.01777755579049667, 0.01848005004473865, 0.0049248726990842465, 0.0037519077863599985, 0.010558689056681742, 0.010249337431804057, 0.01683343461432675, 0.04373655539663418]","[0.10713071034479549, 0.10298249326840045, 0.02525870749809169, 0.028319704335051047, 0.03580402983643351, 0.022237031355111042, 0.03021926922806762, 0.025601117806629024, 0.027818821756749188, 0.027382757759405206, 0.030156295483036815, 0.10721884843534697, 0.10036862690426192, 0.024789587786714123, 0.02599889249762884, 0.03789968758569744, 0.028542083520838816, 0.025839551687938077, 0.025882113305320018, 0.028382834831584755, 0.031599220330871716, 0.03165787666423427, 0.10561024808663888, 0.10648576139448321, 0.0256422569760912, 0.030547066254975743, 0.04104735462597979, 0.026444956360295223, 0.02543905041263996, 0.02566587683669186, 0.04495143640143959, 0.030192249999170435, 0.029090372788633502, 0.11411222523003514, 0.10937763436684445, 0.10430555091367463, 0.023857464381996936, 0.03674790830560269, 0.03339580546979173, 0.022753542346128995, 0.02502456348263406, 0.025630477526817727, 0.02674485664341086, 0.02831970433505104, 0.02752337463876401]","[0.6550257522675179, 0.652895290669351, 0.5525997138941088, 0.5458060741125415, 0.5344386461446998, 0.5677513184069461, 0.5424539492203209, 0.5517058139228499, 0.5467744657480719, 0.5476534673864765, 0.5425582375503011, 0.6550704472660809, 0.6515246440467541, 0.5539107671852883, 0.5507225239544651, 0.5318761328937578, 0.5453889207926207, 0.5511098806086773, 0.5510055922786972, 0.545686887449707, 0.5402638942907367, 0.5401745042936108, 0.6542510389590936, 0.654697988944723, 0.5516015255928697, 0.5419176092375655, 0.528330329674431, 0.5496796406546631, 0.5521229672427707, 0.5515419322614524, 0.5243226781366206, 0.5424986442188837, 0.5443907324913817, 0.6584970638225731, 0.6561580255644458, 0.6535806139806495, 0.5569351287547141, 0.533261677849209, 0.5376417877083774, 0.5620750535894524, 0.5532403422068443, 0.5516313222585782, 0.549009215676219, 0.5458060741125415, 0.5904116826783579]","[0.004974247732482118, 0.017104709330649004, 0.14740028610589118, 0.1341939258874586, 0.07556135385530016, 0.02224868159305382, -0.032453949220320855, -0.061705813922849906, -0.06677446574807189, -0.0776534673864765, -0.05255823755030109, 0.004929552733919151, 0.008475355953245889, 0.14608923281471164, 0.14927747604553487, 0.04812386710624217, 0.05461107920737929, -0.06110988060867728, -0.061005592278697174, -0.07568688744970697, -0.10026389429073673, -0.07017450429361083, -0.014251038959093631, 0.005302011055277056, 0.1683984744071303, 0.10808239076243453, 0.07166967032556892, -0.0196796406546631, -0.03212296724277064, -0.06154193226145244, -0.05432267813662062, -0.0824986442188837, -0.09439073249138169, -0.0184970638225731, 0.013841974435554238, 0.036419386019350464, 0.12306487124528598, 0.07673832215079102, 0.08235821229162255, -0.052075053589452414, -0.04324034220684425, -0.07163132225857827, -0.06900921567621898, -0.08580607411254143, -0.14041168267835785]",C:\Users\einob\OneDrive - King's College London\AA - Individual Project Files\Visual Python Code\Residual Outputs\diagnostics_borough_simple\diag_Good_job_Barnet_Q1_1516-Q4_2526.png,"[0.6795782048114275, -5.800576506830056e-05]","[0.011575961690044293, 8.7529191264462e-06]","[1.085685913938671e-42, 4.47394975910265e-08]",Good job,Q1_1516-Q4_2526
Bexley,False,45,"[0.7577044203460368, -8.642665532718351e-05]","[2.8813630858004666e-27, 3.439828196907914e-06]",0.3976216867017387,0.3836128887180582,0.6361402320717888,0.23959486460468973,-0.04044417079536977,"[5.1667614760582904e-08, 0.0021315388934906917, 0.012499339770660511, 0.07221294254770359, 0.01801039224862757, 0.00012711119707168393, 7.5738649989959065e-06, 0.023149681007733965, 0.002025112528142987, 0.00205479369208566, 0.03968115926349775, 8.914436523971302e-06, 0.0004165594623087703, 0.012085837940564014, 0.052169556306265456, 0.023601434385340347, 2.495973308126198e-05, 1.2056903068209955e-06, 0.014207772912021964, 0.005426707107143736, 0.006741852039045687, 0.01855159881385568, 9.163598307687374e-05, 0.0031517739247657016, 0.016865531661569743, 0.05085649272978752, 0.015643394077365237, 0.00011779640290373346, 0.0012376745904244173, 0.01963984836289291, 0.001157093693989591, 0.014354502970940687, 0.023598287570208695, 0.012191392251852057, 0.012083861340305294, 0.0005566202951854857, 0.02029235425957552, 0.026061817967327382, 0.008874191999504497, 0.0005521013330670875, 0.010985567936758051, 0.01021196427360741, 0.0006034991650777665, 0.018627989256055306, 0.09739650093599941]","[0.10844675127702727, 0.10271115145474588, 0.022626269979226506, 0.02481538780641534, 0.03777470669976624, 0.022487260816237926, 0.0246957326947936, 0.028454268610328327, 0.03270355255632919, 0.0325822051007319, 0.0297339262643977, 0.10979838233532062, 0.09970450892341325, 0.02359107090582467, 0.02388147924685471, 0.03796589350470186, 0.03453306579347318, 0.027281930365485946, 0.02914259743945527, 0.035278876159966055, 0.03132639310679147, 0.028521479323142362, 0.10445492807558457, 0.09787193399040896, 0.02413984984859679, 0.028162824003007125, 0.039761616097565365, 0.026135444465264925, 0.030334191684494072, 0.026339887403925368, 0.036856828545281425, 0.02880770078306736, 0.027403446526773474, 0.11166768992836068, 0.10353227281040027, 0.10455235248753117, 0.02222903200417855, 0.030334191684494066, 0.033267281418730615, 0.02224077891890787, 0.028374091591513773, 0.030166818817249905, 0.03384577563385239, 0.028347481272893736, 0.03311669164348806]","[0.7299325391509601, 0.7258298748835056, 0.6003654924138285, 0.5876367135327517, 0.5571647883325982, 0.6019434402090034, 0.5881276306245838, 0.5760650963681364, 0.5663870165577309, 0.566632475103647, 0.5728741352712274, 0.730879307828065, 0.7236207479702609, 0.5933874566084999, 0.5918445743198846, 0.5568491987735632, 0.5628454003952275, 0.5792911229716049, 0.5743118210401644, 0.5614778456394093, 0.569262388095605, 0.5758897688353393, 0.7270922331196454, 0.7222531932144427, 0.5905822160837446, 0.5768365375124441, 0.5539738272356891, 0.5828327391341084, 0.5714715150088497, 0.5821664945094791, 0.5587076706212135, 0.575153393197591, 0.5789404679060106, 0.7321767315707643, 0.7264259884950162, 0.7271623641327644, 0.6075889867650732, 0.5714715150088497, 0.5652649203478288, 0.6068876766338844, 0.5762754894074931, 0.5718572355810037, 0.5641428241379267, 0.5763456204206119, 0.6517715250299679]","[6.74608490398576e-05, 0.014170125116494403, 0.07963450758617152, 0.1823632864672483, 0.07283521166740181, 0.00805655979099662, 0.0018723693754161275, -0.09606509636813643, -0.026387016557730902, -0.02663247510364697, -0.12287413527122742, -0.0008793078280650013, 0.006379252029739102, 0.07661254339150014, 0.15815542568011542, 0.08315080122643681, -0.0028454003952274043, 0.0007088770283950607, -0.07431182104016443, -0.04147784563940926, -0.049262388095605014, -0.08588976883533928, 0.0029077668803545453, 0.01774680678555729, 0.08941778391625543, 0.14316346248755585, 0.06602617276431089, 0.007167260865891589, -0.021471515008849695, -0.09216649450947911, -0.01870767062121348, -0.07515339319759096, -0.09894046790601063, -0.032176731570764394, 0.03357401150498385, -0.007162364132764387, 0.10241101323492674, 0.0985284849911503, 0.05473507965217117, -0.016887676633884463, -0.06627548940749306, -0.061857235581003644, -0.014142824137926668, -0.08634562042061189, -0.18177152502996796]",C:\Users\einob\OneDrive - King's College London\AA - Individual Project Files\Visual Python Code\Residual Outputs\diagnostics_borough_simple\diag_Good_job_Bexley_Q1_1516-Q4_2526.png,"[0.7577044203460368, -8.642665532718351e-05]","[0.014487215905594505, 9.26817381495511e-06]","[1.4578455924042813e-40, 6.8883778062679705e-12]",Good job,Q1_1516-Q4_2526
Brent,False,45,"[0.6350760831961599, -3.5268780684854844e-05]","[3.0189090520429764e-27, 0.0010520903129119768]",0.22312420858236726,0.2050573297121897,0.11040722874193609,0.1317674136898318,0.15954684446455047,"[0.00014464634591827277, 0.0003815892792327234, 0.03591620946014444, 0.03956808829121715, 0.002550741370960966, 0.009326930999495789, 0.0006557786636106166, 0.0018232222034019535, 3.06300008880163e-05, 0.010081681976565787, 0.07563559370240204, 0.0013471187089556921, 0.00040569951642452443, 0.04638328910081268, 0.021922838440311468, 0.0008862870287909086, 0.00527938324965865, 0.0035913578975108576, 6.587743934576771e-05, 0.0011914077557612314, 0.028098616722032656, 0.03779772930290363, 0.012587757838517195, 0.0034453336466760557, 0.08281825890767826, 0.00010697796788174914, 0.0007877191381917817, 0.0024731482928732726, 0.004621049060853922, 0.0002355877041718162, 0.006733461751829127, 0.042764446960059876, 0.02734510224682396, 0.00543749016243549, 0.0028759285434644256, 0.0006416131368041617, 0.06609343752303942, 0.0010500835707688305, 0.0025498280710414215, 4.075948829346158e-05, 0.0010608937381778563, 0.0011227023048294212, 0.02094326616608564, 0.04925180808528338, 0.05933276802129812]","[0.10702087337444549, 0.10191476152757767, 0.026288697413397663, 0.030809958367506704, 0.027033404319753276, 0.02336122049295594, 0.023377006836544506, 0.026753078839550408, 0.03462383685074821, 0.0374471000012646, 0.03505316238135875, 0.11150382772826248, 0.10149422115692983, 0.027288908409341936, 0.028831270031306103, 0.027833705665298636, 0.029507105890168313, 0.026402439485681703, 0.027694898834130344, 0.03652957337507011, 0.03720648483476868, 0.044112928669854744, 0.1077282058679006, 0.10233641443888866, 0.031923857112460444, 0.028443028106783546, 0.027946002738479248, 0.024287864737553407, 0.024360525376680462, 0.02614142701605216, 0.03293129527685284, 0.03210838241150258, 0.031859683941751434, 0.1090417687220522, 0.10645171104338107, 0.10497013064686211, 0.02550964950579309, 0.026721756039436283, 0.024430059168123564, 0.022269177087825155, 0.02442130660212567, 0.024613317648402848, 0.031018559741836017, 0.028289569201999605, 0.03010784308134098]","[0.6170585080175609, 0.6150761595964133, 0.5380240408602848, 0.5315891925822137, 0.5367785863548517, 0.5447079800394424, 0.544656086101716, 0.5372352530068438, 0.527427298776558, 0.5247495715898768, 0.5270017684872017, 0.6187502503874409, 0.6149100989956888, 0.5363738136405859, 0.534121616743261, 0.5355435106369638, 0.533218662226822, 0.5378268438969245, 0.5357510863878693, 0.5255902533810441, 0.5249675261283276, 0.5192799505535164, 0.6173283564937381, 0.6152422201971376, 0.5302918441390542, 0.5346613136956153, 0.5353774500362394, 0.5421029043655782, 0.5419264649773085, 0.5382835105489167, 0.5291813138717096, 0.5300842683881487, 0.5303644956518712, 0.6178265382959114, 0.6168405534791102, 0.61626972016412, 0.5394563135415328, 0.5372871469445701, 0.5417604043765841, 0.5537479039913777, 0.5417811619516746, 0.5413348740872278, 0.531340101681127, 0.5348792682340662, 0.5719938124959728]","[0.002941491982439093, 0.004923840403586732, 0.10197595913971524, 0.0984108074177863, -0.02677858635485164, 0.05529201996055755, -0.014656086101715982, 0.022764746993156226, 0.0025727012234419977, -0.0447495715898768, -0.12700176848720168, -0.008750250387440928, 0.00508990100431117, 0.11362618635941413, 0.07587838325673901, -0.015543510636963798, 0.036781337773177936, 0.03217315610307547, 0.004248913612130756, -0.015590253381044139, -0.07496752612832763, -0.07927995055351639, -0.027328356493738104, 0.014757779802862414, 0.13970815586094587, 0.005338686304384721, 0.014622549963760667, 0.027897095634421776, 0.03807353502269151, -0.008283510548916628, -0.039181313871709644, -0.10008426838814871, -0.08036449565187115, -0.01782653829591141, 0.01315944652088985, -0.006269720164119974, 0.14054368645846727, -0.01728714694457012, 0.028239595623415825, -0.003747903991377699, 0.01821883804832547, 0.01866512591277225, -0.07134010168112698, -0.11487926823406619, -0.1219938124959728]",C:\Users\einob\OneDrive - King's College London\AA - Individual Project Files\Visual Python Code\Residual Outputs\diagnostics_borough_simple\diag_Good_job_Brent_Q1_1516-Q4_2526.png,"[0.6350760831961599, -3.5268780684854844e-05]","[0.010723912366835633, 6.477402407147229e-06]","[7.493334151103208e-43, 2.331570755252744e-06]",Good job,Q1_1516-Q4_2526
Bromley,False,45,"[0.7342336782477853, -6.937250858674581e-05]","[2.0397746994751177e-25, 0.00013802154822543635]",0.28945280520981764,0.27292845184260406,0.22166987746311256,-0.3567242375092528,-0.648006001662234,"[0.011401177853138466, 0.002733415388824456, 0.015495735464147665, 0.03645154574692052, 0.013016809660207837, 0.005577784276243948, 0.002044280464432987, 0.0011889437074331201, 0.0032803728868227, 0.022670640391710916, 0.046168869779392725, 0.005444822480661163, 0.0014487892762592245, 0.011805701438764315, 0.019691853531311428, 0.04248331708945806, 0.007181673970916869, 0.0007749391889627702, 0.0010935359453917444, 0.006921424361492173, 0.027563503593307483, 0.03975906077579603, 0.0006007399443732917, 0.00021029694789443044, 0.013445608235352383, 0.02077086365198839, 0.025588837651082406, 0.013918942051956783, 0.0004610213385381996, 0.0030186935262035497, 0.010751676524723431, 0.033260309485681344, 0.03847926658829237, 0.004444190734804259, 0.0011240630625432978, 0.0021621510510614872, 0.03322200873200321, 0.014431156150076604, 0.010773958886735782, 0.00023652667894625667, 5.722425611978292e-05, 0.0046534307107601956, 0.014508425777330528, 0.05165290307219902, 0.08898048496958447]","[0.10510274955038315, 0.10613290225465555, 0.02677589917286704, 0.02792820796342374, 0.03037612454120442, 0.02235617288996771, 0.02546008617818933, 0.027174388620754247, 0.030287506528700943, 0.03010080092299787, 0.0330668170727258, 0.10623983292026534, 0.09946514941388829, 0.024396676668984235, 0.026977295065506925, 0.03550930926392544, 0.0275356552552644, 0.028096685817854544, 0.027671003489390892, 0.03415608599934605, 0.03755329225285073, 0.034589965641914036, 0.10803203498112665, 0.10407895943998867, 0.025439121897902834, 0.02758058219555753, 0.040268356318161544, 0.025746116253909497, 0.032225544385780784, 0.025172782406836566, 0.030465226746345407, 0.03332452524159961, 0.028125003773823473, 0.11112218559799396, 0.11248438534014246, 0.10344670372011247, 0.02489246403895355, 0.02858735125351881, 0.02834437019039694, 0.022227633530745194, 0.026490008218468943, 0.025453090519250536, 0.029148787411504107, 0.029386250527905104, 0.031005908524915058]","[0.7059583543604147, 0.7065680081840086, 0.5844900856457476, 0.5817361321667546, 0.5766907212128742, 0.603599579633569, 0.5881059634960284, 0.5835020260006127, 0.5768589015780037, 0.5772162848539035, 0.5719606484436116, 0.7066310758209321, 0.7025527019665455, 0.5916167286181033, 0.5839855445503596, 0.5681555676825603, 0.5826401016293248, 0.5813577263452135, 0.5823247634447073, 0.5702157771553946, 0.5652334338384379, 0.5695430556948773, 0.7076822031029905, 0.7053487005368209, 0.5881690311329519, 0.5825349889011189, 0.5616385785337982, 0.5872650616703817, 0.5733691590015698, 0.5889889104129574, 0.576522540847745, 0.5715401975307882, 0.58129465870829, 0.7094691194824897, 0.7102469536712129, 0.7049702947152798, 0.5898928798755276, 0.580285576517514, 0.5808111401585432, 0.608350674948473, 0.5852258747431884, 0.5881269860416696, 0.5791083139616087, 0.5786247954118617, 0.6395901777712482]","[0.03404164563958534, -0.01656800818400861, 0.08550991435425248, 0.1282638678332454, 0.07330927878712579, 0.056400420366431, 0.0318940365039716, -0.023502026000612686, -0.036858901578003644, -0.09721628485390355, -0.1319606484436116, 0.023368924179067885, -0.012552701966545565, 0.07838327138189671, 0.09601445544964049, 0.12184443231743969, 0.05735989837067523, 0.018642273654786434, -0.02232476344470724, -0.0502157771553946, -0.09523343383843796, -0.11954305569487728, -0.007682203102990504, 0.004651299463179104, 0.0818309688670481, 0.09746501109888117, 0.08836142146620185, 0.08273493832961831, -0.013369159001569764, -0.03898891041295738, -0.066522540847745, -0.1115401975307882, -0.13129465870829, 0.020530880517510286, -0.010246953671212977, -0.014970294715279886, 0.13010712012447234, 0.07971442348248603, 0.06918885984145684, 0.011649325051527049, -0.0052258747431884744, -0.04812698604166954, -0.07910831396160867, -0.14862479541186174, -0.18959017777124815]",C:\Users\einob\OneDrive - King's College London\AA - Individual Project Files\Visual Python Code\Residual Outputs\diagnostics_borough_simple\diag_Good_job_Bromley_Q1_1516-Q4_2526.png,"[0.7342336782477853, -6.937250858674581e-05]","[0.015148623987889617, 1.0538241239029187e-05]","[3.646044168790385e-39, 5.1855234267922945e-08]",Good job,Q1_1516-Q4_2526
Camden,False,45,"[0.6939774495567282, -3.454569013214591e-05]","[2.1223850673169315e-24, 7.977557220407377e-06]",0.3743756429131514,0.3598262392599688,0.9609197694815166,-0.10854731019492135,-0.37815010035241814,"[0.0030901079432496723, 0.0041676146560993875, 0.08428105791947518, 0.016486854777845575, 0.017848286503369188, 6.229547189945522e-05, 0.0007939306370327923, 0.008947232689828326, 0.006517638610390891, 0.0022803422576851023, 0.04887714057186875, 0.0017876579264020209, 0.027040102898185866, 0.09004720081628224, 0.01792698375815842, 0.006765510837085049, 0.003932614423984514, 0.0037576496283164523, 0.007037261104689679, 0.0019888523457013943, 0.015593870646501513, 0.030323295810094384, 0.009396203695002233, 0.0028070616754356692, 0.050893088312437836, 0.01567112689379593, 0.04658284692255238, 4.350655575485818e-05, 0.003252504150666299, 0.020250248588669067, 0.0003363405670395462, 0.023383368551852038, 0.03120171366547468, 0.0001684839408014764, 0.009215368763082274, 0.008034203210931576, 0.008196596019898753, 0.019466859998480888, 0.03043361299820928, 0.004868936312206831, 0.009661109569166416, 0.010215791086729561, 0.00046262804040541434, 0.030841416940500348, 0.09645352411898567]","[0.09250169676260972, 0.10255636680655404, 0.03878978286778595, 0.02807481488171662, 0.034066133943652675, 0.02758214237878247, 0.02281243911836603, 0.02381552934032466, 0.03504469301375337, 0.03575020773449029, 0.03287269415994985, 0.09931510528118248, 0.09205084711053071, 0.04858806647099725, 0.02684925400256029, 0.036527714568547226, 0.022257736885861027, 0.02224328385099959, 0.02345179574187889, 0.030895208248050633, 0.037619617808017564, 0.03663420890203874, 0.1004502404649314, 0.09386295039484224, 0.04515983148542717, 0.027581419457360805, 0.04334642176838463, 0.023075996541025892, 0.02238442721950871, 0.024882802423903203, 0.03493590202435948, 0.044008134654587194, 0.03055377688516252, 0.09978878893840822, 0.10101052458691617, 0.08840098222501065, 0.028774458014189618, 0.032351845456365956, 0.03315736787233996, 0.03235283933619605, 0.022242945335822006, 0.025507863888793274, 0.03380961787436946, 0.032933927103593635, 0.029127596169851715]","[0.6594705570740627, 0.6676081996557298, 0.4846345391830912, 0.5078144907793554, 0.4934626484080513, 0.5742801250372959, 0.5525633051375335, 0.5240568965787235, 0.4915063262520546, 0.4901418326474518, 0.4959614800694926, 0.6650436092663559, 0.6590924443884498, 0.4696908682603932, 0.5115791779535004, 0.48867870095095, 0.5391320849572867, 0.5397403531906639, 0.5262104949185182, 0.5004330735689138, 0.48668949943098694, 0.488481424767152, 0.6659477917754301, 0.660604895130901, 0.4745405744454272, 0.5092776224758572, 0.4772531219726496, 0.5547497828412946, 0.5361236231543673, 0.5188783967540261, 0.4917200421178357, 0.47625030137167645, 0.5012550576680721, 0.6654217219519687, 0.6663916631889756, 0.6559853444936314, 0.5058417289413755, 0.4970958181263311, 0.49535321183611547, 0.586461929386822, 0.5397567928726471, 0.5163302460466355, 0.4939887182315127, 0.4958299626136273, 0.5786695201268013]","[0.02052944292593739, 0.02239180034427013, 0.17536546081690885, 0.09218550922064461, 0.08653735159194864, 0.005719874962704097, -0.022563305137533463, -0.07405689657872344, -0.05150632625205459, -0.030141832647451794, -0.1459614800694926, 0.014956390733644187, 0.060907555611550146, 0.1603091317396068, 0.0984208220464996, 0.05132129904905003, 0.05086791504271326, -0.049740353190663944, -0.06621049491851821, -0.030433073568913782, -0.07668949943098696, -0.108481424767152, 0.03405220822456989, 0.01939510486909901, 0.1254594255545728, 0.0907223775241428, 0.1227468780273504, 0.005250217158705439, -0.046123623154367355, -0.10887839675402616, -0.011720042117835727, -0.08625030137167644, -0.1212550576680721, 0.004578278048031348, 0.033608336811024375, 0.03401465550636851, 0.06415827105862448, 0.09290418187366889, 0.11464678816388452, -0.04646192938682192, -0.07975679287264709, -0.07633024604663546, -0.013988718231512709, -0.11582996261362727, -0.2186695201268013]",C:\Users\einob\OneDrive - King's College London\AA - Individual Project Files\Visual Python Code\Residual Outputs\diagnostics_borough_simple\diag_Good_job_Camden_Q1_1516-Q4_2526.png,"[0.6939774495567282, -3.454569013214591e-05]","[0.019754652751457033, 5.426088157677776e-06]","[2.66370742374953e-33, 1.0704181233497932e-07]",Good job,Q1_1516-Q4_2526
Croydon,False,45,"[0.6372603771555103, -5.969741967609595e-05]","[9.757205352232043e-26, 4.536305981745623e-06]",0.3900649465294297,0.3758804104022071,0.1640895102058979,0.21188782841051235,-0.9697575084713428,"[0.0004964282569058871, 0.0034879094144994044, 0.02768543617898239, 0.01755169282668922, 0.010212818340284995, 0.005420016392917514, 0.0021011712487748893, 0.02781350623397661, 0.028347281416731106, 0.007495450904026455, 0.010629708399300488, 0.004830284087552956, 0.00032974400756771813, 0.05754419856710371, 0.014656983122848938, 0.0334796080345406, 0.0037478772591826317, 0.0008441984035685567, 0.027288896824908287, 0.02634997257716906, 0.005270654284221725, 0.0017712566101769976, 0.017184948256467308, 0.01778240012160245, 0.038019612379111486, 0.012400632496742689, 0.02582001123022855, 0.0008096590060897446, 0.004961803086027252, 0.028645999966322902, 0.027360594749631564, 0.0014710421390356479, 0.005086753611325014, 0.04890425222936426, 0.0016841243055745558, 0.0018123462742124158, 0.0243802848680786, 0.015652268815853968, 0.010261920593206473, 0.0035857711535777184, 0.035384087670114896, 0.01981971271727541, 0.010776216345053446, 0.005365312566801693, 0.02953767030298136]","[0.10762955398121053, 0.10516972561685795, 0.023610506558907514, 0.023501068808070652, 0.025609344999664427, 0.024225080456204515, 0.028019651487540792, 0.03051094862204661, 0.028600840003965584, 0.03316685387854663, 0.03506119443425957, 0.11096523554956635, 0.09118803477474534, 0.02426746238016546, 0.023983699844738936, 0.0324618286438881, 0.035799304704581036, 0.02825677678069908, 0.03270591774082477, 0.03693995248886929, 0.040510286300350966, 0.035265785996962104, 0.10576274714777428, 0.1058370233614951, 0.023287269103761978, 0.024758634980325805, 0.03198227574833313, 0.024902965338909386, 0.03166341450747047, 0.027704534599183685, 0.03239261698139506, 0.03675353162796863, 0.02517561571279484, 0.10982089279798397, 0.11397528093504261, 0.10083741185319485, 0.022822429578484786, 0.02441728684352401, 0.031638466785561266, 0.022832966108934857, 0.026453763660888602, 0.024551693708378987, 0.03461869267136215, 0.03047200948297568, 0.02988942241158971]","[0.6058317565167061, 0.6043191491062824, 0.488260907797407, 0.48879566799301133, 0.4807895439216776, 0.4855871068193852, 0.474387700437157, 0.4690706562065766, 0.4730584393795119, 0.46422725672067433, 0.46112564758616914, 0.6078485663972711, 0.5952587835064715, 0.48541903932933816, 0.4865802328969362, 0.4654495657391986, 0.45997973288130267, 0.4738376613788211, 0.46502175758271513, 0.45826850025536875, 0.4533028698676141, 0.46080479146880654, 0.6046858418118397, 0.6047316784000343, 0.4899110249724147, 0.4835855758015518, 0.46630518205216553, 0.48308137333141055, 0.4668857788359646, 0.47513636471100307, 0.465571796641051, 0.4585435197845367, 0.48216464156751737, 0.6071610175743513, 0.6096361933368628, 0.601599511540066, 0.4928140088914097, 0.48483844254553915, 0.46693161542415923, 0.492737614577752, 0.4783449258846292, 0.48433424007539794, 0.4618284752718206, 0.4691470505202344, 0.5327987926598835]","[-0.005831756516706088, 0.015680850893717624, 0.10173909220259297, 0.08120433200698862, 0.059210456078322427, 0.04441289318061481, 0.025612299562843, -0.08907065620657661, -0.09305843937951191, -0.044227256720674346, -0.051125647586169165, -0.01784856639727117, -0.005258783506471576, 0.14458096067066184, 0.07341976710306386, 0.09455043426080145, 0.03002026711869732, 0.016162338621178884, -0.08502175758271513, -0.07826850025536874, -0.033302869867614104, -0.02080479146880654, -0.03468584181183976, 0.035268321599965735, 0.12008897502758531, 0.06641442419844823, 0.08369481794783451, 0.016918626668589454, -0.03688577883596461, -0.09513636471100306, -0.08557179664105097, -0.01854351978453672, -0.04216464156751737, -0.057161017574351214, 0.010363806663137187, -0.011599511540065999, 0.09718599110859028, 0.0751615574544609, 0.05306838457584079, 0.03726238542224802, -0.10834492588462918, -0.08433424007539791, -0.05182847527182061, -0.03914705052023443, -0.0927987926598835]",C:\Users\einob\OneDrive - King's College London\AA - Individual Project Files\Visual Python Code\Residual Outputs\diagnostics_borough_simple\diag_Good_job_Croydon_Q1_1516-Q4_2526.png,"[0.6372603771555103, -5.969741967609595e-05]","[0.014226320784816988, 7.12035141955815e-06]","[1.013960012508842e-37, 1.364142455219752e-10]",Good job,Q1_1516-Q4_2526
Ealing,False,45,"[0.6928650484773922, -6.101544703175885e-05]","[5.305608992523385e-21, 0.0010242600496562385]",0.22403011740693202,0.20598430618383734,0.1816281563192787,0.3726553664500089,-0.3241919911489881,"[0.0014159811993154046, 0.002295455916351773, 0.019956440220169402, 0.05434049087834329, 0.0065445847282125475, 0.001902520046635298, 6.149281657657799e-05, 0.004923814222782073, 0.0015636876091855813, 0.013495379942460107, 0.03913910243147394, 0.0064740586961751076, 8.677152918024032e-05, 0.028914214898031497, 0.04975088768440568, 0.003446317001266499, 0.009041836563885032, 0.003271093358899853, 0.00210861753437436, 0.002747003350330214, 0.033406292575272466, 0.016450342057979673, 2.3999611640573853e-06, 0.0010530058049359433, 0.054608427798784547, 0.023153587154326926, 0.0019877592963776338, 0.00815946705763795, 0.01133102778791124, 0.0005599874567704205, 0.003374784461589825, 0.050408957269219234, 0.010219337815732515, 0.0006858215948134711, 0.008132183838474468, 0.00032330001359093025, 0.04070385960850641, 0.021800039829463172, 0.0015163800316535794, 4.975780403648482e-07, 0.014857559551124661, 0.00033532554165825973, 0.005721793804428821, 0.043939504053642144, 0.05402613232731534]","[0.10885430128989301, 0.1042497037938501, 0.025918184168509228, 0.024263047275921188, 0.028274832055779107, 0.0231944487105919, 0.02753354113415498, 0.026782414055008724, 0.030113360334163446, 0.03064826259879059, 0.035121274510064804, 0.10392171445884574, 0.09585773484120749, 0.024981748846037752, 0.02578581605323282, 0.03270739740625012, 0.0317427024660222, 0.027272279065283928, 0.026860154240284557, 0.04029821846959103, 0.03344374811924168, 0.03537202146783051, 0.1028874162817621, 0.10592714212147329, 0.02564467538312408, 0.025774419853841775, 0.03246427681285906, 0.02525412376068752, 0.026628904840021176, 0.026178135783958955, 0.03566945652273312, 0.03426791016232647, 0.03411115538494827, 0.11787851200172146, 0.10862950924924641, 0.10709196912492619, 0.022473387685516523, 0.02916764141652821, 0.026977996490425864, 0.022270720040932813, 0.0239205731415226, 0.02823772915885875, 0.03225268968934773, 0.033222223086427936, 0.029872526646255584]","[0.6641951095945396, 0.6614361473600159, 0.5406235179458391, 0.5460583411427624, 0.5347067073705953, 0.5509280756892412, 0.536418593576354, 0.5382800620719363, 0.5308674285984568, 0.5298369728241166, 0.5222581368063887, 0.6612367043069177, 0.6562007672161906, 0.5434988219613368, 0.5410057837976104, 0.5261472763418017, 0.5278259220387107, 0.5370501632444981, 0.5380806190188383, 0.5149950856227327, 0.5249173775143634, 0.5218758709546173, 0.6606051346387738, 0.6624499828799313, 0.5414212901582316, 0.5410390243064601, 0.5265627827024227, 0.5426179484768201, 0.5386789481781326, 0.539892226751146, 0.5214271240851466, 0.523587757160376, 0.5238370609767486, 0.6693972492295152, 0.664062147559141, 0.6631480335657746, 0.5562631773596154, 0.5327787578573137, 0.5377814544391911, 0.5593545446826361, 0.5474378222600244, 0.5347898086427195, 0.5269284282997693, 0.5252830231117098, 0.5922127876805487]","[-0.014195109594539623, 0.01856385263998417, 0.11937648205416096, 0.20394165885723758, 0.06529329262940464, 0.03907192431075879, -0.0064185935763539925, -0.05828006207193637, -0.030867428598456814, -0.08983697282411657, -0.14225813680638866, -0.031236704306917717, 0.0037992327838094475, 0.14650117803866314, 0.18899421620238954, 0.043852723658198256, 0.07217407796128927, -0.04705016324449807, -0.0380806190188383, -0.03499508562273268, -0.1349173775143634, -0.0918758709546173, -0.0006051346387737633, -0.012449982879931265, 0.1985787098417684, 0.12896097569353993, 0.033437217297577315, 0.0773820515231799, -0.08867894817813254, -0.01989222675114599, -0.041427124085146594, -0.163587757160376, -0.07383706097674864, -0.009397249229515126, -0.03406214755914094, 0.006851966434225476, 0.1837368226403846, 0.11722124214268637, 0.03221854556080883, 0.0006454553173639299, -0.10743782226002435, -0.014789808642719504, -0.056928428299769296, -0.15528302311170983, -0.18221278768054877]",C:\Users\einob\OneDrive - King's College London\AA - Individual Project Files\Visual Python Code\Residual Outputs\diagnostics_borough_simple\diag_Good_job_Ealing_Q1_1516-Q4_2526.png,"[0.6928650484773922, -6.101544703175885e-05]","[0.015203076181770137, 9.537359020804284e-06]","[4.901476287638038e-38, 9.650251676058458e-08]",Good job,Q1_1516-Q4_2526
Enfield,False,45,"[0.6123976701648232, -4.310432045972307e-05]","[5.205934178445096e-33, 3.254249745017305e-07]",0.4585660132219276,0.4459745251573213,0.17407573636141682,0.48649459322570243,-0.421659518132969,"[0.0018946085779306895, 0.0310885278373085, 0.07750417239679994, 0.008699356474184667, 0.019968099313283572, 2.1306996174852768e-05, 0.008137078832362891, 0.011238536354606652, 0.03826778955155351, 0.011447152276509243, 0.0245871017271187, 0.00010367455033387864, 0.002769952669894746, 0.04729765921422592, 9.63138887739496e-07, 0.01131573431368533, 0.005197270906573806, 0.0003209626670477426, 0.01965074954394223, 0.03857723442445549, 0.000417503273940924, 0.0249696681456109, 0.003675283145237607, 0.015553857718542561, 0.03394905794778181, 8.654891314445627e-05, 0.009606488936035263, 0.01836815527514746, 0.00672205002186117, 0.014014517834596105, 0.038071685053270875, 0.008198751597456805, 0.023251235709463764, 0.009317429415589218, 0.019238408561681474, 0.004717031225977452, 0.012159324093872602, 0.0005366061400421923, 0.013048663833462499, 0.00012729012260437816, 0.01965074954394223, 0.012534225610064271, 0.013850586212568435, 0.017785167228782584, 0.015414440919047421]","[0.10851811500102647, 0.10477473573092781, 0.022889119080661654, 0.02684796243721546, 0.029302139979221868, 0.024039702315735833, 0.030719882558942407, 0.032550458394089925, 0.031099084244155986, 0.03210254992070855, 0.02813970319185118, 0.1067909225917564, 0.10171410445213067, 0.02236207916004949, 0.024527028524501737, 0.03238377036307029, 0.032758239344515924, 0.02769386008882944, 0.029901185910562185, 0.030114877318546982, 0.03462410165296803, 0.028297230185703733, 0.10435775849222012, 0.10642508937658615, 0.02313035376517091, 0.02766523446751976, 0.036306614389852866, 0.028987813133266246, 0.030533385637182803, 0.02736919815357677, 0.0317589386099437, 0.036479593263188184, 0.027586901119227895, 0.11109831548322564, 0.11049286917168943, 0.10698823816484983, 0.023124524535607094, 0.028711801396979233, 0.02896392975662508, 0.02308424546023237, 0.029901185910562185, 0.029909677259927447, 0.027622436802940614, 0.02868062319374838, 0.02867042000870502]","[0.5925556588011451, 0.5908183398338185, 0.5063689629633915, 0.494991483109696, 0.4906416544170661, 0.5018362585899904, 0.4884732713450644, 0.48592607436289376, 0.48792464430275073, 0.4865269515997135, 0.49258797416241695, 0.5917588433349277, 0.5893683969362752, 0.5101440395164547, 0.5003863156924471, 0.4861481376895445, 0.4856517608417369, 0.49338478962863447, 0.4897011509159569, 0.48937458720029403, 0.483300502088964, 0.49231366064126014, 0.5906224016044207, 0.591589030202783, 0.5052063961356316, 0.4934370398231405, 0.4813280572463601, 0.4911510938135002, 0.4887475848662212, 0.4939856668654542, 0.4869972033502681, 0.4811321190169623, 0.4935807278580322, 0.5937312881775316, 0.5934569746563747, 0.5918502811753132, 0.5052325212328846, 0.4916082830154283, 0.49119028145937976, 0.5054153969136559, 0.4897011509159569, 0.4896880883673304, 0.49351541511489966, 0.4916605332099343, 0.5349890070040885]","[0.0074443411988548425, -0.03081833983381843, 0.11363103703660848, 0.03500851689030404, -0.050641654417066084, -0.0018362585899903694, 0.03152672865493561, -0.035926074362893745, -0.06792464430275075, -0.036526951599713475, 0.05741202583758309, -0.0017588433349277066, -0.009368396936275225, 0.08985596048354527, -0.0003863156924470701, -0.0361481376895445, 0.02434823915826312, 0.006615210371365532, -0.04970115091595689, -0.06937458720029405, 0.006699497911035968, 0.0576863393587399, -0.01062240160442074, -0.02158903020278302, 0.0747936038643684, -0.003437039823140531, -0.031328057246360064, 0.04884890618649984, -0.0287475848662212, -0.04398566686545419, -0.0669972033502681, 0.02886788098303772, 0.05641927214196785, 0.016268711822468362, -0.02345697465637475, -0.011850281175313282, 0.0447674787671154, 0.008391716984571695, -0.04119028145937975, 0.004584603086344119, -0.04970115091595689, -0.0396880883673304, -0.04351541511489965, 0.04833946679006573, 0.04501099299591149]",C:\Users\einob\OneDrive - King's College London\AA - Individual Project Files\Visual Python Code\Residual Outputs\diagnostics_borough_simple\diag_Good_job_Enfield_Q1_1516-Q4_2526.png,"[0.6123976701648232, -4.310432045972307e-05]","[0.008535196133526967, 4.3487474060291165e-06]","[2.118601238293859e-46, 1.128470710014737e-12]",Good job,Q1_1516-Q4_2526
Greenwich,False,45,"[0.7610009130006344, -7.247687374148345e-05]","[4.877993999596316e-26, 4.672997094761836e-07]",0.4496072612499309,0.4368074301162084,0.002036740294645357,0.7910971191156807,-0.3952281331173819,"[0.009361130477415186, 0.0021297149314901394, 0.06672220103413001, 0.043741531787278125, 0.019547022821380038, 0.0003400696321379523, 0.0001083277321942192, 0.020397053398651416, 0.012529845251709347, 0.0032087635477740318, 0.008688543036063838, 3.985036574384826e-05, 8.902442783845587e-06, 0.06276817008856082, 0.04675585766251181, 0.010054200520275596, 0.0011201442657761517, 2.2661980753856493e-05, 0.021417808353230417, 0.017014286066919643, 0.002344756086517785, 0.008798954039488492, 0.011375194170658619, 0.018252321822910346, 0.03283621399783898, 0.04099017322684795, 0.0010969640233229581, 0.0003920006306076255, 0.005215628361789383, 0.010522528698925036, 0.011077925014232659, 0.007074783091811884, 0.009651252935847475, 0.0003338528033969899, 0.05135608819842104, 0.051722738421836986, 0.012440706841584898, 0.026821527150656912, 2.0525544798759122e-05, 0.00036627145766477683, 0.021917482584512957, 0.005877751354455574, 0.017205013369848296, 0.01713203941376411, 0.024431052318701196]","[0.10750539096202608, 0.10136311092545006, 0.024606387499166413, 0.026786890123277646, 0.03197401433252702, 0.02363106055804947, 0.0285827451303178, 0.028735164202002242, 0.036830097866241626, 0.03166383718078062, 0.03738378146662528, 0.10527016121216631, 0.09694309158793153, 0.02514959638694631, 0.02755862946321621, 0.04093659565230921, 0.030150509899028153, 0.027428360765614456, 0.027017931768508203, 0.03623668931547856, 0.034460131678542866, 0.0370992148204052, 0.1105841527198842, 0.10481454361260127, 0.02405959334113201, 0.027706128821994917, 0.033690339293031765, 0.02347331590782034, 0.02691614923164977, 0.026722937321266297, 0.031674095654509335, 0.033712956121722676, 0.02816069146796416, 0.1133666596066511, 0.10756704788151128, 0.1074129473576243, 0.02229021026746635, 0.025081470372690512, 0.027382767906621103, 0.02243628891084289, 0.02630137134132113, 0.025792514604350922, 0.0271281959565132, 0.027239713389286182, 0.02917251611493359]","[0.719856770511748, 0.714767031983263, 0.5579128239330047, 0.549012049659053, 0.5341941409381926, 0.5632783611009643, 0.5432202782300872, 0.5427689713654925, 0.5236887200345708, 0.5349463190458505, 0.5226105980802611, 0.7180264704497804, 0.7109810688413849, 0.5554055635741451, 0.546404498885839, 0.5161167937508147, 0.5388074999984943, 0.5468307331468452, 0.5482097263442179, 0.5248671324032348, 0.5285528051307585, 0.5231621953592103, 0.722338958267019, 0.7176503813959515, 0.560746028138516, 0.5459281194176557, 0.5302326695711944, 0.5643063378480967, 0.5485607427944583, 0.5492377030913503, 0.5349212464422619, 0.5301825243640172, 0.5444989810131057, 0.7245453473828155, 0.7199069157189252, 0.7197815527009822, 0.5771936560926352, 0.5557064348172083, 0.5469811687683768, 0.574159871058415, 0.5507671319102547, 0.5527227949901653, 0.547833637290389, 0.54745754823656, 0.6207196959224384]","[-0.029856770511748065, -0.014767031983263013, 0.18208717606699532, 0.1409879503409469, 0.08580585906180738, -0.013278361100964253, 0.0067797217699128165, -0.0927689713654925, -0.06368872003457077, -0.03494631904585055, -0.05261059808026114, 0.001973529550219566, -0.0009810688413849356, 0.17459443642585493, 0.14359550111416097, 0.0538832062491853, 0.021192500001505743, 0.003169266853154884, -0.09820972634421793, -0.07486713240323478, -0.02855280513075853, -0.053162195359210296, -0.03233895826701905, 0.04234961860404851, 0.1292539718614839, 0.13407188058234432, 0.01976733042880563, -0.01430633784809665, -0.04856074279445832, -0.06923770309135036, -0.06492124644226194, -0.05018252436401727, -0.0644989810131057, 0.0054546526171844745, -0.06990691571892516, 0.07021844729901783, 0.08280634390736485, 0.11429356518279177, 0.0030188312316232757, -0.014159871058414986, -0.10076713191025471, -0.0527227949901653, -0.08783363729038901, -0.08745754823655999, -0.10071969592243835]",C:\Users\einob\OneDrive - King's College London\AA - Individual Project Files\Visual Python Code\Residual Outputs\diagnostics_borough_simple\diag_Good_job_Greenwich_Q1_1516-Q4_2526.png,"[0.7610009130006344, -7.247687374148345e-05]","[0.0189513967861485, 8.212185537894788e-06]","[1.0022608102372821e-35, 3.3199961765091275e-11]",Good job,Q1_1516-Q4_2526
Hackney,False,45,"[0.6917894639879426, -5.804002001125952e-05]","[6.235732676678571e-29, 3.207533064621739e-10]",0.6052657393289511,0.5960858728017173,0.07582645698940275,0.8351160986205615,1.5186655347493385,"[0.0015045600270529402, 0.0037504529169020005, 0.21172014444248932, 0.020245984789391595, 0.0003065844553721071, 0.006706393142242188, 0.0009921741847305615, 0.0005565100147177857, 0.017684500503398284, 0.009208889885470754, 0.010363675769141987, 0.001150158797434831, 0.03788432257729793, 0.0373201289567735, 0.03927531140061475, 0.0027942839521679598, 0.007529476848269867, 0.001552125094992898, 0.0001288783859335331, 0.014841620913372123, 0.03348174693980624, 2.332141407153035e-05, 0.0008143089601392211, 0.049926885947087773, 0.022621138838510604, 0.03097750339155042, 0.0017436090540132098, 0.0020682231146881614, 7.404994080951234e-06, 0.0031887909372777623, 0.008563073499661752, 0.01421651030520042, 0.015639942521392707, 0.037440629118286786, 0.002005476984450444, 0.0416110840735729, 0.009567190249781393, 0.008298493358186705, 0.0066070215465869634, 0.00019545462249029202, 0.0017852901664969863, 0.014343634341111787, 0.010283937677353262, 0.0168998331189939, 0.08158830538078557]","[0.10344406777236592, 0.0988527785725164, 0.034351858982833966, 0.026706533293371228, 0.03668132748553591, 0.02230463577901724, 0.025360746779542927, 0.028850858423937083, 0.02738595191318114, 0.03145718786921125, 0.029969540375796196, 0.10706258175099323, 0.09494185723091446, 0.029888475659545534, 0.028255877637603143, 0.049411961387832506, 0.04061524324954355, 0.028979282407135355, 0.02486949286525178, 0.030273186915151483, 0.03132455906007163, 0.036937840106144426, 0.10862975783156313, 0.10018777561155572, 0.02561397202609273, 0.0329124802023955, 0.036814878767981146, 0.025412691979490046, 0.02978372891753934, 0.024075400860711, 0.03235659678413015, 0.031001509457949536, 0.025053113609287952, 0.10930968811542967, 0.11645386688193642, 0.09093957829806039, 0.022326694606096757, 0.030347929422964933, 0.029831984034776236, 0.022420036038415688, 0.023632543516195675, 0.023337707347754144, 0.030067380813650152, 0.024308911384663554, 0.037255927973863366]","[0.6391349421946403, 0.6351707353220692, 0.4474644200733809, 0.4684052868861149, 0.44255955394291163, 0.5052925677851233, 0.4737132926985405, 0.46139513574987345, 0.4660312420923718, 0.4542730013686441, 0.45819241494322005, 0.6421808864583107, 0.6316992547274449, 0.4584163814331958, 0.46320926431867715, 0.42090199436225517, 0.43510146982671866, 0.4610143927169147, 0.47593056094930064, 0.4573637389303097, 0.4546089511036078, 0.44204443101596735, 0.6434798921001702, 0.6363353610699433, 0.47263825354665684, 0.450734330827027, 0.44229079415494077, 0.47348932620856476, 0.4587075378701643, 0.4800067510668595, 0.45205573311788405, 0.4554376271165181, 0.47507948828739266, 0.6440398083251095, 0.6497957471174868, 0.6280486009408399, 0.49593076850413637, 0.4571621690893315, 0.4585731579761788, 0.5077114058768616, 0.4826719522975711, 0.484687650707353, 0.45792365515524913, 0.47873014207399767, 0.5603659276701639]","[-0.009134942194640283, 0.014829264677930776, 0.20253557992661914, 0.07159471311388516, 0.007440446057088379, -0.045292567785123306, 0.01628670730145948, -0.011395135749873442, -0.06603124209237177, -0.04427300136864415, -0.048192414943220074, 0.007819113541689293, 0.04830074527255512, 0.09158361856680425, 0.0967907356813229, 0.01909800563774483, 0.03489853017328132, 0.018985607283085293, -0.005930560949300667, -0.05736373893030966, -0.08460895110360778, -0.0020444310159673518, 0.006520107899829819, 0.053664638930056685, 0.0773617464533432, 0.07926566917297301, 0.01770920584505925, -0.023489326208564754, 0.0012924621298357475, -0.030006751066859516, -0.042055733117884075, -0.05543762711651806, -0.06507948828739268, -0.044039808325109564, -0.009795747117486764, 0.05195139905916013, 0.05406923149586368, 0.042837830910668506, -0.03857315797617883, -0.007711405876861588, -0.022671952297571074, -0.064687650707353, -0.047923655155249156, -0.06873014207399769, -0.12036592767016391]",C:\Users\einob\OneDrive - King's College London\AA - Individual Project Files\Visual Python Code\Residual Outputs\diagnostics_borough_simple\diag_Good_job_Hackney_Q1_1516-Q4_2526.png,"[0.6917894639879426, -5.804002001125952e-05]","[0.018202511624814965, 5.764382327154691e-06]","[1.0027334352802818e-34, 7.009145566706731e-13]",Good job,Q1_1516-Q4_2526
Hammersmith and Fulham,False,45,"[0.7851375833113282, -5.329019176640732e-05]","[9.786266834760775e-24, 6.711909369699384e-05]",0.311836423097283,0.2958326189832663,0.5057505745478696,0.23676390434796102,-0.619905557143793,"[0.007525611958914169, 0.05293475575287759, 0.04769928829397587, 0.027127982331235506, 0.022442525770201664, 5.953157646422535e-05, 1.588036521334996e-05, 0.004379577996926655, 0.012504287191752618, 0.01152882801754897, 0.015476317671296763, 0.00014468673940680566, 0.03301289834600948, 0.0492795904608541, 0.03658825012065382, 0.02460616419962025, 0.000662515045668413, 0.0014042583995271213, 0.003464758015299242, 0.019275459300023435, 0.007404237934453137, 0.01647786640858628, 7.977354585151995e-06, 0.01600946809762027, 0.0762860563480887, 0.021886676834106684, 0.01074737170756591, 0.00013395463115906868, 0.0038353617416448382, 0.016135162560572704, 0.009354563930716847, 0.009545001613724116, 0.02850589198471926, 0.013031944451872021, 0.008835887230261533, 0.005461439505951988, 0.029860362682589528, 0.017540567930418336, 0.0008185759076012748, 3.3539887231914915e-05, 0.01466156571544997, 0.00785536602075822, 0.0037992040906506437, 0.028287594452197404, 0.08472586851515523]","[0.10564332279923946, 0.10127947705530894, 0.028189076297428735, 0.02954493936497657, 0.04001474712056344, 0.022649446995907707, 0.025451837278143114, 0.024522862010733545, 0.03354137993277399, 0.0268614762458361, 0.03492447772356888, 0.1088151863687226, 0.09821305608338302, 0.028665090130246734, 0.03401785679798107, 0.045241930284051504, 0.02677950598280642, 0.02598349517641622, 0.02685233235838691, 0.0340616599626559, 0.03248140057523898, 0.030011900513694744, 0.10007560887952367, 0.10253064018114459, 0.032467800752721085, 0.03361294198939606, 0.03972924656109303, 0.022602099428540464, 0.025780379805103337, 0.023558000730937726, 0.034743474153302534, 0.033930494011641193, 0.025732470986355428, 0.10610949418708643, 0.10743736684649256, 0.1033319493007918, 0.025436589280811828, 0.030652854100476648, 0.02744601354539717, 0.022501351297888914, 0.02263689350632093, 0.024733635957806064, 0.03121694932184868, 0.026608856999396153, 0.03337843111785961]","[0.7531326853587258, 0.7498158141163651, 0.5945338683226932, 0.5909260434625816, 0.5702101458787152, 0.636954905790779, 0.6033788583023214, 0.6072194460566338, 0.5819064813123027, 0.5984908375241058, 0.5791715173054439, 0.7554894096625083, 0.7474299944508075, 0.593224577042814, 0.5809463343737247, 0.5622671121141148, 0.5987526957800816, 0.6014294690633902, 0.5985199328858809, 0.5808590482883994, 0.5841177288072098, 0.5897622289915778, 0.7488847625395622, 0.7507759610549433, 0.5841468241689849, 0.5817610045034273, 0.5706756716671167, 0.6195558794492733, 0.6021568531077676, 0.6121656575583996, 0.5795206616467451, 0.5811209065443752, 0.6023314252784181, 0.7534818297000269, 0.7544710720003801, 0.7513869636522201, 0.6034370490258716, 0.5882201748174979, 0.5966869250940501, 0.6352382794460485, 0.619177639746197, 0.6062883944798307, 0.5869108835376188, 0.5993055076538084, 0.6737605384362717]","[-0.03313268535872582, 0.09018418588363486, 0.17546613167730685, 0.12907395653741838, 0.09978985412128483, -0.0069549057907789535, -0.0033788583023214303, -0.05721944605663376, -0.08190648131230271, -0.0884908375241058, -0.08917151730544393, 0.004510590337491682, 0.07257000554919246, 0.17677542295718607, 0.1390536656262753, 0.09773288788588519, 0.021247304219918384, -0.03142946906339028, -0.048519932885880857, -0.10085904828839942, -0.06411772880720978, -0.09976222899157783, 0.0011152374604378457, 0.04922403894505678, 0.20585317583101514, 0.10823899549657268, 0.06932432833288327, 0.010444120550726743, -0.05215685310776752, -0.11216565755839958, -0.06952066164674509, -0.0711209065443752, -0.14233142527841808, -0.0434818297000269, 0.03552892799961993, 0.028613036347779897, 0.14656295097412841, 0.10177982518250206, 0.023313074905949915, -0.005238279446048488, -0.10917763974619699, -0.07628839447983071, -0.04691088353761874, -0.1393055076538084, -0.21376053843627169]",C:\Users\einob\OneDrive - King's College London\AA - Individual Project Files\Visual Python Code\Residual Outputs\diagnostics_borough_simple\diag_Good_job_Hammersmith_and_Fulham_Q1_1516-Q4_2526.png,"[0.7851375833113282, -5.329019176640732e-05]","[0.025412436749970842, 9.174302939286087e-06]","[5.423591207389652e-31, 6.936290008859462e-07]",Good job,Q1_1516-Q4_2526
Haringey,False,45,"[0.6055933759807527, -3.3615859279542156e-05]","[3.8272123802227886e-28, 3.073586896090401e-05]",0.33539060147916044,0.31993456895541994,0.9305734531038068,0.2307745369815474,-0.03574662092991243,"[0.004459879602671326, 0.004006332794868331, 0.08145126543647965, 0.01563381162882981, 0.00491088714624294, 0.0015185248109976341, 0.008976026982537657, 6.220740642464389e-06, 0.009997612887414329, 0.02809419955248953, 0.005668183578937014, 0.0021892846413131013, 0.011846364349969126, 0.14167081590658523, 0.0015587315284306608, 0.018034481947635468, 2.3234749710457464e-06, 0.0032641760981244592, 0.00033213931993760436, 0.02738143289753429, 0.015156021032174548, 0.009099415739039024, 0.03008309939737689, 0.13623147243233918, 0.03013868779908041, 0.004859069142296221, 0.0004947129884050235, 0.0001983313341015641, 0.000493165762808579, 0.00021690632053873873, 0.0354882042661161, 0.00418823487928915, 0.029239149417541365, 0.10328124468596471, 0.01902879932819297, 0.05588383203258589, 0.016982312546034096, 0.000950003632685651, 0.0033981432175656592, 0.007415020043065973, 0.0001421381495230343, 0.003801107050304835, 0.030114238029674504, 0.012506633508532346, 0.10378645256544886]","[0.11381200049704931, 0.095387681261287, 0.032352712240588, 0.03889032526195088, 0.0381612076229844, 0.02271410601822353, 0.0276426154100849, 0.02530870019277153, 0.028422712420661876, 0.026538365876409096, 0.029648671961889986, 0.10545975453920951, 0.09393023557506902, 0.040999707114522506, 0.03672816258812183, 0.0410267006922211, 0.03150889139249415, 0.028920769327977006, 0.02529231200426318, 0.030360729120323178, 0.027708051672277342, 0.0312357705896278, 0.10158583307287308, 0.10097678227637988, 0.033513941687454404, 0.031776462218154444, 0.03951901061550808, 0.024537989473229178, 0.026085197427737825, 0.02321649337373625, 0.02949672911715555, 0.02536364254895017, 0.024122598202959283, 0.11393122911529184, 0.10497754709276307, 0.09704820044705899, 0.026435490278310853, 0.034128919942112014, 0.027470038160377852, 0.022222488853118443, 0.023605575853065303, 0.026308640734754266, 0.023279555151983485, 0.02369108468810634, 0.04465636628891262]","[0.5837627480908602, 0.5754554054264662, 0.47954567135775994, 0.4721924645277145, 0.47293032957294395, 0.49982423829044564, 0.4865299456651906, 0.49119885034793564, 0.48520687730822737, 0.4885781572562586, 0.4832858838284058, 0.5801115882980867, 0.5747557058146108, 0.4701442529366465, 0.4744315032856522, 0.4701188093143972, 0.4806524689256041, 0.4844054032073747, 0.4912370157813096, 0.48224269531618486, 0.48641544936506875, 0.4810214014482188, 0.5783559783628855, 0.5780760985181433, 0.4780953848895503, 0.48029625821411404, 0.47156909578260686, 0.4931198438277572, 0.4894941276572331, 0.49740709417676293, 0.48351487642864943, 0.4910716322366892, 0.49429025045122466, 0.5838136353353587, 0.5798953175089677, 0.5762441577161943, 0.48878170623425293, 0.4773575198443208, 0.48683526913218206, 0.5056889932189075, 0.49594408589742867, 0.48903614245674587, 0.49715265795427, 0.49565148424156175, 0.5442615245488343]","[-0.0137627480908602, 0.014544594573533742, 0.12045432864224004, 0.0478075354722855, 0.027069670427056047, -0.01982423829044566, 0.04347005433480944, -0.0011988503479356538, -0.04520687730822737, -0.07857815725625861, -0.033285883828405805, -0.010111588298086782, 0.025244294185389204, 0.13985574706335346, 0.01556849671434779, 0.049881190685602816, -0.0006524689256041105, 0.025594596792625324, 0.008762984218690373, -0.07224269531618488, -0.05641544936506876, -0.04102140144821881, -0.03835597836288551, 0.08192390148185669, 0.07190461511044977, 0.029703741785885973, 0.00843090421739312, 0.006880156172242802, 0.010505872342766898, -0.007407094176762941, -0.08351487642864941, -0.031071632236689184, -0.08429025045122468, 0.06618636466464134, -0.029895317508967678, 0.0537558422838057, 0.06121829376574711, 0.012642480155679203, -0.026835269132182038, 0.044311006781092566, -0.005944085897428675, -0.02903614245674585, -0.08715265795427002, -0.055651484241561744, -0.11426152454883426]",C:\Users\einob\OneDrive - King's College London\AA - Individual Project Files\Visual Python Code\Residual Outputs\diagnostics_borough_simple\diag_Good_job_Haringey_Q1_1516-Q4_2526.png,"[0.6055933759807527, -3.3615859279542156e-05]","[0.022646172150654023, 7.232472554596726e-06]","[1.9957946870030574e-28, 3.178136781351011e-05]",Good job,Q1_1516-Q4_2526
Harrow,False,45,"[0.6425156248704461, -4.430179116119289e-05]","[9.118962964738108e-30, 0.0015659125329744365]",0.20959478899054962,0.19121327245544606,0.23046992921730308,0.056221844167664015,-0.8667273804204747,"[0.06097347712141696, 0.09010920249506484, 0.04851308219286287, 0.00885317971638763, 0.0049348259599584525, 1.4657176507402246e-05, 0.00788897307482862, 0.02289085329714777, 0.027647020117003075, 0.0003688951851259332, 0.03068563899466265, 0.0057836543573468666, 0.0005981058632259766, 0.0075424653515984465, 0.014606657292338515, 2.1198974151590235e-07, 0.0033898965139942333, 0.011473561388476411, 0.004125071503555441, 0.016320703894862124, 0.005776981073195954, 0.03139295097650338, 0.027038274231465605, 0.00014456183510345977, 0.003971335247469594, 0.015398345481243747, 0.0009210062541669378, 0.004821422778184667, 0.03758071638815393, 0.004875505587662395, 0.013896936879106467, 0.02369778717299113, 0.010659444025451204, 0.34036011495838314, 0.07628734723628057, 5.566426241134216e-05, 0.01047027322879576, 0.012496989893352083, 0.0019499460418324719, 0.006482100875493757, 0.02936423401297738, 0.019882345275776054, 0.00014920169076619678, 0.022617726585266503, 0.04183171077395102]","[0.10164451588642248, 0.10287454429674195, 0.02482942577504648, 0.024404322607425106, 0.03493378310082015, 0.022827948682878317, 0.02482942577504648, 0.024040124981620697, 0.029653646011247686, 0.02770829477786166, 0.03263788482675783, 0.10484141951035406, 0.09886135012238909, 0.023325563553036246, 0.025424213980659995, 0.03664203233649804, 0.03117698687744413, 0.02695764441770446, 0.02687078181485623, 0.02662703347781307, 0.03719101216200859, 0.035637714908159895, 0.10328665416542024, 0.10778316190236345, 0.022832415494042538, 0.030324031973757763, 0.03899319807728727, 0.028035055534016785, 0.02770829477786166, 0.028132141170538957, 0.028982383424055888, 0.043693786519773084, 0.03364082824436358, 0.1124554432805895, 0.1099695676022285, 0.11093816640363796, 0.022819064288641406, 0.03293580302641311, 0.03442828808949248, 0.02227050344888765, 0.024395868320847138, 0.025312444516066426, 0.03136655313601544, 0.028952626319011198, 0.02680405040189639]","[0.6254362254380808, 0.6258432816311064, 0.5631057458810375, 0.5639198582670887, 0.5515555264039363, 0.5680582628961821, 0.5631057458810375, 0.5646830886290116, 0.5565250040937905, 0.5587977345048499, 0.5535568860196455, 0.6264877872700635, 0.6245033883290638, 0.5664469987987891, 0.5620711447237641, 0.550181711752475, 0.5549476613458163, 0.5597814536379951, 0.559900178360961, 0.5602393918551489, 0.54975769488474, 0.5509788634638167, 0.6259789670287815, 0.6274375850537899, 0.5680413022214728, 0.5558126557559957, 0.5484178015826975, 0.5583906783118244, 0.5587977345048499, 0.5582719535888586, 0.5572712737810039, 0.5452291947373303, 0.5526579702600474, 0.6289131637535077, 0.6281329727168753, 0.6284382648616444, 0.5680921842456009, 0.5532855152242951, 0.5519795432716713, 0.5713655944645151, 0.563936818941798, 0.5622577121455674, 0.5547610939240128, 0.5573051951304228, 0.5853411904250603]","[0.0545637745619193, -0.06584328163110631, 0.10689425411896258, 0.046080141732911306, 0.028444473596063613, 0.0019417371038178421, -0.04310574588103744, -0.07468308862901163, 0.07347499590620954, -0.008797734504849886, -0.0735568860196455, -0.016487787270063503, 0.00549661167093618, 0.04355300120121086, 0.057928855276235924, -0.00018171175247494453, 0.02505233865418366, -0.04978145363799513, -0.029900178360960927, 0.05976060814485107, -0.029757694884740005, -0.07097886346381677, -0.03597896702878156, 0.002562414946210123, 0.03195869777852722, 0.05418734424400429, 0.01158219841730257, 0.03160932168817554, -0.08879773450484996, 0.03172804641114135, 0.05272872621899605, -0.055229194737330345, -0.04265797026004736, 0.1210868362464923, -0.05813297271687534, 0.0015617351383555578, 0.05190781575439907, 0.046714484775704834, 0.018020456728328638, -0.04136559446451504, -0.08393681894179805, 0.06774228785443259, 0.005238906075987204, -0.06730519513042277, -0.09534119042506028]",C:\Users\einob\OneDrive - King's College London\AA - Individual Project Files\Visual Python Code\Residual Outputs\diagnostics_borough_simple\diag_Good_job_Harrow_Q1_1516-Q4_2526.png,"[0.6425156248704461, -4.430179116119289e-05]","[0.0250513341052547, 1.4173642500629251e-05]","[1.083584564251155e-27, 0.003175748440903979]",Good job,Q1_1516-Q4_2526
Havering,False,45,"[0.7609697319859825, -8.643805502002823e-05]","[6.835213117831946e-29, 8.025913945698881e-08]",0.49193624608975706,0.48012080995230955,0.36570351982584537,0.3388753285009208,-0.11684210737085676,"[0.003146763765535464, 1.308872976314085e-05, 0.0801370512115556, 0.025630695478995012, 0.0031320412701936304, 0.0005713915555910643, 0.00033536261159701426, 0.0013460994164940952, 0.0030398763274815843, 0.026382464566123906, 0.03446786310861351, 0.00434502430809054, 0.0010039323772590067, 0.047563176757725735, 0.01533288667050257, 0.0033785071227203363, 0.02139459659815359, 7.338512056389768e-06, 0.005971984387775563, 9.693601262041675e-05, 0.05854791440287092, 0.011024207159786921, 4.932151552634844e-07, 0.00663573399927378, 0.05958838220241722, 0.007763538402566112, 0.0114808298724057, 0.007827696788284088, 0.004443988461975862, 0.0015494044826456642, 0.010551929506347512, 0.04294642608347444, 0.007891250565547831, 0.00170066172988197, 0.00015834029952709156, 0.00032453594116909316, 0.037647487786827596, 0.0004985541770714137, 0.0077795392714139384, 0.0012900987669505718, 0.013035289226380196, 0.00047119232434597835, 0.01413033358802189, 0.04503746394861873, 0.044997653488928535]","[0.10483804757611911, 0.09939856560679475, 0.027043774813406293, 0.02662791797725588, 0.028918559375851766, 0.024132807669548777, 0.023135158041513372, 0.03246846439957456, 0.03908977852973626, 0.03656023553678782, 0.033620871836251745, 0.10788310524017496, 0.09939856560679478, 0.025713256406177026, 0.026333003991780814, 0.026550833172536245, 0.02515200570370861, 0.025773822616627137, 0.03146135633938369, 0.045940229320703366, 0.03875063562571597, 0.03541431777986569, 0.09838922227152219, 0.10156034590681692, 0.028278393718735532, 0.028438294136468797, 0.028658634384502283, 0.02292043934790597, 0.025215483972660144, 0.027341857751612773, 0.046278257835270745, 0.03067975830214443, 0.027887757990356338, 0.11194153327801894, 0.10246645851037067, 0.10441948124404424, 0.02369525596803476, 0.026230812648210918, 0.0260754105370291, 0.022886611988149133, 0.02563615093180669, 0.03150344978773195, 0.0383408048785837, 0.026389286860046636, 0.030560984583668616]","[0.725378833474767, 0.721024803258381, 0.5639168796171211, 0.5653022528677893, 0.5583094164596543, 0.615109719737053, 0.5816628512566335, 0.5495353858720887, 0.5365722504551214, 0.5411571762132854, 0.5470285199899271, 0.7277537590473412, 0.721024803258381, 0.5686007606074757, 0.5663247902670921, 0.5655661334869643, 0.5708437458704624, 0.5683698650656976, 0.5518443412898691, 0.5256541898367597, 0.537165981848265, 0.5433671763988752, 0.7202001763234595, 0.7227730123604148, 0.5601235957164818, 0.5596618046329258, 0.5590350881623853, 0.5833780752812705, 0.5705798652512875, 0.5629603123726121, 0.5251594136758068, 0.5537244907014903, 0.5612780734253721, 0.7308543563226463, 0.7234986840631458, 0.7250489827007983, 0.5779685225881849, 0.5666876261184576, 0.5672483724342043, 0.6069953906974246, 0.5688976263040475, 0.5517453860576785, 0.537891653550996, 0.5661268798027109, 0.6366489752772047]","[-0.015378833474766984, -0.0010248032583810573, 0.16608312038287887, 0.09469774713221069, 0.03169058354034571, 0.014890280262947031, -0.011662851256633577, -0.019535385872088695, -0.02657225045512135, -0.08115717621328539, -0.09702851998992706, -0.017753759047341222, 0.008975196741618952, 0.1313992393925243, 0.07367520973290786, 0.034433866513035705, 0.08915625412953765, 0.0016301349343023075, -0.041844341289869136, 0.004345810163240316, -0.11716598184826504, -0.05336717639887523, -0.00020017632345947778, -0.022773012360414846, 0.1398764042835181, 0.05033819536707418, 0.060964911837614655, 0.05662192471872951, -0.04057986525128743, -0.02296031237261209, -0.04515941367580678, -0.11372449070149032, -0.05127807342537205, -0.010854356322646308, -0.003498684063145796, 0.0049510172992016654, 0.12203147741181508, 0.013312373881542383, 0.052751627565795656, 0.02300460930257542, -0.0688976263040475, -0.011745386057678497, -0.057891653550996014, -0.12612687980271092, -0.11664897527720464]",C:\Users\einob\OneDrive - King's College London\AA - Individual Project Files\Visual Python Code\Residual Outputs\diagnostics_borough_simple\diag_Good_job_Havering_Q1_1516-Q4_2526.png,"[0.7609697319859825, -8.643805502002823e-05]","[0.009978669233655325, 7.749651015105227e-06]","[1.571522429379982e-47, 2.8333074873279715e-14]",Good job,Q1_1516-Q4_2526
Hillingdon,False,45,"[0.6243206175864715, -2.2373065733550612e-05]","[1.7934245647027774e-27, 0.03347680055576507]",0.10090212908686325,0.07999287627492979,0.0006738776723360292,-1.2389466865305185,3.7650551978538767,"[0.011483425607717253, 0.018294262399914447, 0.021120977882838305, 0.011950776484537155, 0.0021776621376623393, 4.831142986437135e-07, 0.0036623403046622794, 0.010884913948495546, 0.00554478360432314, 0.0015652181221723239, 0.0070358081104018476, 0.00439507940463466, 0.04146905476780645, 0.05247536409325756, 0.002979538679033498, 0.0006443804195467375, 0.0005001879393297115, 0.0004223755269486383, 0.0011584837618383186, 0.000423614710627542, 0.0002589324426044683, 0.07591930480457575, 0.004288210375875996, 0.030266308137970765, 0.044332239580029215, 0.0001761003959921661, 0.00037019453281976017, 0.000527299188478476, 0.00022787543159094934, 0.00368770299907575, 1.4282067139997619e-08, 0.00011889889260092834, 0.15346825762222027, 0.07370487092512938, 0.00384171061840843, 0.010699798116905317, 0.015266033591055253, 0.002334839106273557, 0.002253408815456013, 0.003972818791766492, 0.007323031114821523, 0.01645991982062859, 0.004383921059979644, 0.0002429201992228149, 0.17420244132122226]","[0.10370438850139739, 0.10334110231233651, 0.023888836788483286, 0.02383296459911651, 0.027381371412866548, 0.02299310061240152, 0.025029229742931727, 0.027993364233314166, 0.02400792275880829, 0.03670612276288236, 0.04370623029676675, 0.10431166917553387, 0.09781395760458919, 0.023240183920656958, 0.02355235797724102, 0.029071972269352132, 0.031743023659557605, 0.023945661552881886, 0.029080762451376585, 0.02395448837240758, 0.044729698893462407, 0.05371821098512858, 0.10568629413011606, 0.10249659099950471, 0.025582906934507856, 0.028580249092345984, 0.03180528486548401, 0.024701859578147634, 0.029536535784873905, 0.03178450858402059, 0.02313146354490906, 0.040865592368202815, 0.04053364815230435, 0.1074748693014136, 0.10909453995552928, 0.10887561961263788, 0.023250371964266582, 0.027051273163375918, 0.026562585262432728, 0.02226080151101121, 0.02557675465257153, 0.027929017508087316, 0.0267749700387596, 0.038212868183417376, 0.024484773928586785]","[0.6135476341745679, 0.613459870562251, 0.5685980373995786, 0.5686931146462553, 0.5643268749334879, 0.5703971914520758, 0.5669232151311971, 0.5637564114534278, 0.5684005692718656, 0.5576422131286815, 0.5540292777549677, 0.6136939068617628, 0.6120995345713386, 0.5698267279720157, 0.5691977554170777, 0.5628202662553805, 0.5607797622690118, 0.5685029601529019, 0.5628129526210208, 0.5684883328841824, 0.5535538915215843, 0.5497727425575964, 0.6140230204079513, 0.6132550888001782, 0.5662357335013812, 0.563237143413886, 0.5607358804628534, 0.5673620331927818, 0.5624399572686738, 0.5607505077315729, 0.5700680779058873, 0.5554115546489594, 0.5555797682392335, 0.6144472112008165, 0.6148275201875232, 0.614776324747005, 0.5698047870689364, 0.5646486748453167, 0.5651460019817792, 0.573366527002132, 0.5662430471357409, 0.5638149205283057, 0.5649265929509869, 0.5568011451773108, 0.5807752386085532]","[0.02645236582543209, -0.03345987056225108, 0.08140196260042143, 0.06130688535374473, -0.02432687493348784, -0.00039719145207584017, 0.03307678486880283, -0.0537564114534278, 0.041599430728134434, -0.017642213128681417, -0.03402927775496767, 0.016306093138237165, -0.052099534571338535, 0.13017327202798423, 0.030802244582922245, -0.012820266255380464, -0.010779762269011783, 0.011497039847098045, 0.017187047378979137, 0.011511667115817525, 0.006446108478415757, -0.09977274255759644, 0.01597697959204869, -0.043255088800178254, 0.11376426649861882, 0.0067628565861139744, 0.009264119537146565, 0.012637966807218182, 0.007560042731326155, 0.029249492268427102, -6.807790588736484e-05, 0.0045884453510406376, -0.16557976823923348, 0.06555278879918358, -0.014827520187523202, -0.024776324747005085, 0.07019521293106357, 0.025351325154683302, -0.025146001981779187, 0.03663347299786801, -0.0462430471357409, 0.06618507947169427, -0.03492659295098688, -0.006801145177310786, -0.2307752386085532]",C:\Users\einob\OneDrive - King's College London\AA - Individual Project Files\Visual Python Code\Residual Outputs\diagnostics_borough_simple\diag_Good_job_Hillingdon_Q1_1516-Q4_2526.png,"[0.6243206175864715, -2.2373065733550612e-05]","[0.019338575735708935, 8.056986598890223e-06]","[8.848263236118639e-32, 0.00809828356434838]",Good job,Q1_1516-Q4_2526
Hounslow,False,45,"[0.6777872006493555, -4.252878940056512e-05]","[1.205063940067148e-22, 0.004049557688822684]",0.17661947545384238,0.15747109116207125,0.04757648221518351,0.5252362183853961,0.9306015252554491,"[0.0025511301931079354, 0.0018254609422512634, 0.0865043283870784, 0.018744376165787065, 0.00291979096784151, 0.0026327492200471972, 0.00017796402472259763, 0.0014863367381435886, 0.005825620577693152, 0.018252175155719204, 0.01461478599416874, 0.0018429271441982374, 8.124828678251406e-05, 0.07658243311364761, 0.013080750992579849, 0.0005299963523671175, 0.002581461220706629, 1.624336169255643e-05, 0.00027154912038007743, 0.014338048071911986, 0.010983498835776094, 0.02902726781762778, 0.0040490922282995475, 0.0023036653210735687, 0.07251788787818142, 0.012617903244030289, 0.0018868798170857835, 3.3304158774896653e-06, 0.0002988647231390218, 0.0002442281963431958, 0.018804288732205812, 0.011130785491735264, 0.04855182718474833, 0.0039938993533307505, 0.0054748197689823575, 0.017537886333552688, 0.03814812565029486, 0.01072241522206444, 0.0006726234677278232, 0.00012416341017866233, 0.00044742714396595745, 0.003052972854988332, 0.026986544909592333, 0.009088930095582454, 0.08943269661526637]","[0.10986535604428471, 0.10506018986060628, 0.026364525072875084, 0.027044457859915137, 0.030876346291894834, 0.023270675026058948, 0.02660247395487498, 0.027685846238608945, 0.031945415059423075, 0.0294315975949694, 0.03626228031866924, 0.10518741810334424, 0.10181768629700871, 0.02589515956997934, 0.025335788865085078, 0.030142405231067794, 0.029821295614321664, 0.02525008912485524, 0.025485485102943635, 0.04955616319723307, 0.03713948400119019, 0.0389450457164988, 0.10039048860260846, 0.10191121288605177, 0.026609788256786823, 0.030876346291894834, 0.032330406596514434, 0.02341481765552793, 0.025195627965710947, 0.02580202789967972, 0.03782172731711892, 0.03411316811037751, 0.0294315975949694, 0.11598618571659135, 0.10627279989635813, 0.10420395280400879, 0.02393935618826431, 0.028745277971839005, 0.02633613431356093, 0.022246267670074767, 0.023976172784734733, 0.02587510210463093, 0.03048019533417328, 0.025619352387390045, 0.02943680950542473]","[0.6568755879543475, 0.6546766957231859, 0.5605818174286407, 0.5592241121583932, 0.5529225887845269, 0.5691265060316114, 0.5600948144512693, 0.5580287412139361, 0.5514320645204509, 0.5550919656837268, 0.5461193047673084, 0.6547357263871096, 0.6531566561271479, 0.5615853387153453, 0.5628692556556881, 0.5539998984011364, 0.5544869013785078, 0.5630758629794215, 0.5625150716721453, 0.5336048040154617, 0.5451452988125657, 0.543226802235042, 0.6524778034920241, 0.6532009291250908, 0.5600800567852884, 0.5529225887845269, 0.5509155462111176, 0.5685509570583543, 0.56320868197325, 0.5617919460390787, 0.5444074155135181, 0.548642865650051, 0.5550919656837268, 0.6595909984948426, 0.655237487030462, 0.6542782387417001, 0.5667062488107354, 0.5561987906322982, 0.5606408480925644, 0.5790879305687535, 0.5665881874828879, 0.5616296117132882, 0.5534981377577841, 0.5622051606865452, 0.6004717885751519]","[-0.016875587954347515, -0.014676695723185862, 0.21941818257135937, 0.10077588784160685, 0.03707741121547303, 0.040873493968388575, 0.009905185548730655, -0.02802874121393606, -0.051432064520450904, -0.09509196568372674, -0.07611930476730844, -0.014735726387109627, -0.0031566561271478832, 0.2084146612846547, 0.0871307443443119, 0.01600010159886356, 0.03551309862149221, -0.0030758629794214176, -0.012515071672145273, -0.06360480401546176, -0.0651452988125657, -0.10322680223504205, -0.022477803492024107, 0.016799070874909283, 0.19991994321471163, 0.07707741121547307, 0.02908445378888236, 0.0014490429416456063, -0.01320868197324998, -0.011791946039078627, -0.0844074155135181, -0.06864286565005107, -0.15509196568372674, 0.020409001505157454, -0.025237487030462025, 0.04572176125829985, 0.15329375118926458, 0.07380120936770185, 0.019359151907435534, -0.009087930568753566, -0.016588187482887817, -0.04162961171328816, -0.11349813775778411, -0.07220516068654526, -0.21047178857515192]",C:\Users\einob\OneDrive - King's College London\AA - Individual Project Files\Visual Python Code\Residual Outputs\diagnostics_borough_simple\diag_Good_job_Hounslow_Q1_1516-Q4_2526.png,"[0.6777872006493555, -4.252878940056512e-05]","[0.016509256870939713, 8.292529971631516e-06]","[3.958442218003659e-36, 6.636978333515068e-06]",Good job,Q1_1516-Q4_2526
Islington,False,45,"[0.7259995725926478, -5.6661981916043244e-05]","[2.0282675697713245e-24, 1.6036898453700986e-07]",0.47568809418044566,0.4634947940451072,0.05749862408406562,-0.07886792222938713,1.1497648330295132,"[0.0033586298249056712, 0.03167631185854806, 0.20963266395507252, 0.009243683146802066, 0.0010626461354659503, 0.0006398535472910407, 0.0023428502920668426, 0.0006684003807696241, 0.007525882813460838, 0.006701398851045076, 0.02759961195651179, 0.02361697017420347, 0.002959995192793455, 0.21443288754396225, 0.004818243899833517, 0.005910618132564654, 0.005010809126781084, 0.0032494930763942295, 0.0020137515078736093, 0.008700232239979977, 0.007908741238936586, 0.04901340788255865, 0.028683457417267407, 0.0032110046333223806, 0.07490669148041372, 0.0003407257201605446, 0.006624239311479903, 0.0025049269957904494, 0.0011156559910230034, 0.004561490850679671, 0.01303780845988079, 0.015455847720074837, 0.043667700587224335, 0.006133578204394558, 0.012820509354803165, 0.000991858277094817, 0.013338427586855576, 0.0004357730025827271, 0.000717658353214175, 0.0007277883894224854, 0.00024319735370201574, 0.0036244230722204947, 0.017874444838596806, 0.02053682074151058, 0.13923119389386365]","[0.09406724102377043, 0.09353737460486755, 0.06263225141482077, 0.030761575950074324, 0.030790497292218177, 0.02415224008976419, 0.02223920316245142, 0.023402090616200258, 0.02826127738177728, 0.02980734169858744, 0.0376609555087214, 0.10728115653441521, 0.09552743026274113, 0.06336896054341623, 0.03171130986536044, 0.0404161217409383, 0.026770931435558913, 0.023416455764684638, 0.024556737956538538, 0.026412711048187442, 0.03305550299308227, 0.032796686941486485, 0.09863587958687992, 0.09459906859835722, 0.04508296259444681, 0.03118078719269964, 0.04142806304369282, 0.022408583814702655, 0.023812135493215314, 0.025623850027411358, 0.024847291772655846, 0.03192573806447491, 0.02783959070072192, 0.09823301655976516, 0.11115471389770068, 0.09409518305567074, 0.026813209823353182, 0.028465482943711436, 0.029617897862325812, 0.02735719511449579, 0.02306817678875228, 0.024364451802676435, 0.023779059144869698, 0.030427772946936438, 0.03261383534082167]","[0.6605445962300716, 0.6600475360578538, 0.4250950409690061, 0.4796146935427905, 0.47953621035770355, 0.5480520309386736, 0.5239315320552622, 0.5087581162717714, 0.48699211294097067, 0.4822831218357493, 0.4636302848467338, 0.6723955571782119, 0.6619049714382467, 0.42417940380965746, 0.4771032316200059, 0.4582934282608163, 0.49214584209501844, 0.5086534720249887, 0.5017469517373307, 0.49350621730319344, 0.47375461572295957, 0.4743824812036558, 0.6647565271630751, 0.6610416564022894, 0.45010501595007035, 0.47848976788987657, 0.45643599288042347, 0.532852454093487, 0.5059850437320299, 0.49672402789176134, 0.500281932282373, 0.4765538493243967, 0.4883786492108413, 0.6643902722993357, 0.6756918509518668, 0.6605707572917673, 0.49198887572484434, 0.4863380863985788, 0.4828325041313584, 0.5619697157607721, 0.5114003835030344, 0.5027672331434621, 0.5061943322255953, 0.4805303307021392, 0.5771692926059587]","[0.019455403769928492, 0.05995246394214615, 0.19490495903099392, 0.06038530645720952, 0.020463789642296448, -0.01805203093867358, 0.036068467944737836, -0.018758116271771375, -0.056992112940970674, -0.05228312183574929, -0.0936302848467338, 0.04760444282178811, 0.01809502856175338, 0.19582059619034253, 0.04289676837999412, 0.041706571739183684, 0.0478541579049816, 0.04134652797501137, -0.031746951737330775, -0.06350621730319345, -0.05375461572295959, -0.13438248120365576, 0.05524347283692488, 0.018958343597710647, 0.13989498404992962, 0.01151023211012342, 0.04356400711957653, 0.037147545906512924, 0.024014956267970122, -0.04672402789176133, -0.08028193228237307, -0.07655384932439668, -0.1383786492108413, 0.025609727700664275, 0.034308149048133174, -0.010570757291767263, 0.07801112427515561, 0.013661913601421216, 0.01716749586864158, 0.018030284239227812, -0.011400383503034406, -0.042767233143462036, -0.09619433222559531, -0.09053033070213917, -0.22716929260595875]",C:\Users\einob\OneDrive - King's College London\AA - Individual Project Files\Visual Python Code\Residual Outputs\diagnostics_borough_simple\diag_Good_job_Islington_Q1_1516-Q4_2526.png,"[0.7259995725926478, -5.6661981916043244e-05]","[0.028882290310396685, 9.216983007200797e-06]","[2.4436006233931922e-27, 2.2303229143501588e-07]",Good job,Q1_1516-Q4_2526
Kensington and Chelsea,False,45,"[0.7789444071595952, -2.8640157659608713e-05]","[5.153506253813863e-21, 0.01397121913450447]",0.13249137028812108,0.11231675099249594,0.21398227727758706,-0.054933800391399064,-0.6744535114161754,"[0.0017362815532231722, 0.015316194818862181, 0.01370152261788774, 0.023098376027152933, 0.04060489928247363, 2.1446291490993636e-05, 0.0019201570964216099, 0.008669136761065146, 0.0024262244474980155, 0.006342889875209431, 0.0430782663976254, 0.007688193551114223, 0.00820359152280513, 0.028193869977299547, 0.03790437405313723, 0.09718975090808789, 0.0014014254918373167, 0.004213036969721518, 0.010202815437992022, 0.0014462159468519187, 0.012666784766617999, 0.04019921701309746, 0.011056624710508448, 0.0018038384472925967, 0.020364418229696202, 0.038395678508231765, 0.0535446212690746, 9.019441006723847e-06, 0.00844060241318626, 0.010314402980006106, 0.0009514928186387665, 0.021381215233081972, 0.028733596063877525, 0.00041407297383350003, 0.010345495981484022, 0.0019428084447951188, 0.02042233361909108, 0.036059554897462036, 0.0021003876056765736, 1.7122997212043552e-05, 0.012811753633937769, 0.007319069276897636, 0.0036481564527357287, 0.022712752346561955, 0.10329118177552314]","[0.10108389889883052, 0.10368770434036838, 0.026997942038165502, 0.02611235592790747, 0.033892886477198195, 0.027006499514997763, 0.022451946084250548, 0.02436674661187889, 0.02913793568429978, 0.03054997062911385, 0.030993075483818102, 0.09376854880059757, 0.08859906881505217, 0.03979890948641999, 0.03747691334808223, 0.06266317103294015, 0.024105308959969422, 0.02436674661187889, 0.02815245654044212, 0.041576164921309416, 0.037524946422197294, 0.04155814887153321, 0.09880889090987298, 0.10017713306836787, 0.026201732600347954, 0.030585470199227346, 0.0497339968193147, 0.022222226232479502, 0.025865937600947894, 0.025897280495887045, 0.03650113410724337, 0.03484927495372109, 0.02590513719268744, 0.10082947594504793, 0.10543461352039596, 0.09834358909467569, 0.02453176353092921, 0.029431836286064994, 0.026442227760728056, 0.02679388743944209, 0.023266778112901423, 0.02331333617461635, 0.028192423559955306, 0.026838174257973146, 0.033962334635920785]","[0.7599475179290545, 0.7613657925193471, 0.6520188191776223, 0.6540962918169243, 0.640013424406271, 0.6946669353786786, 0.6686585759904934, 0.6590502650337214, 0.6476840926129247, 0.6451871303060713, 0.6444480294632426, 0.75583252404736, 0.7527962178822263, 0.6324426346918914, 0.6352392324755672, 0.6113083457266841, 0.6599491714641887, 0.6590502650337214, 0.6495817839661333, 0.6304250891479539, 0.6351793053802028, 0.6304450648464087, 0.7586890489264003, 0.7594481254676837, 0.6538765591339212, 0.6451272032107068, 0.6221751256861102, 0.6733528651273779, 0.654715538469024, 0.6546356356752047, 0.6364777257797666, 0.6386750526097976, 0.6546156599767498, 0.7598076880398706, 0.762304650346724, 0.7584293648464875, 0.6585109211754412, 0.6471447487546443, 0.6532972638787312, 0.6941875186157628, 0.6633650158999642, 0.6631452832169611, 0.649501881172314, 0.6523783817498091, 0.7067522329438491]","[0.020052482070945565, 0.058634207480652845, 0.11798118082237774, 0.15590370818307575, 0.179986575593729, -0.004666935378678683, -0.04865857599049339, -0.09905026503372139, -0.04768409261292472, -0.07518713030607138, -0.19444802946324263, 0.044167475952640034, 0.04720378211777376, 0.13755736530810858, 0.1647607675244328, 0.19869165427331592, 0.04005082853581121, -0.06905026503372147, -0.09958178396613326, -0.030425089147953943, -0.0951793053802028, -0.16044506484640875, 0.05131095107359973, 0.020551874532316328, 0.14612344086607887, 0.18487279678929314, 0.16782487431388982, -0.0033528651273778687, -0.09471553846902392, -0.10463563567520462, -0.026477725779766592, -0.1286750526097976, -0.17461565997674977, -0.009807688039870643, 0.04769534965327604, 0.02157063515351254, 0.15148907882455886, 0.18285525124535562, 0.04670273612126874, -0.004187518615762831, -0.12336501589996418, -0.09314528321696114, -0.05950188117231403, -0.1523783817498091, -0.28675223294384916]",C:\Users\einob\OneDrive - King's College London\AA - Individual Project Files\Visual Python Code\Residual Outputs\diagnostics_borough_simple\diag_Good_job_Kensington_and_Chelsea_Q1_1516-Q4_2526.png,"[0.7789444071595952, -2.8640157659608713e-05]","[0.027438245625955416, 8.78197445078725e-06]","[1.7467126168790493e-29, 0.0021748085623156444]",Good job,Q1_1516-Q4_2526
Kingston upon Thames,False,45,"[0.766381636152966, -6.509025119609356e-05]","[4.538563111352539e-25, 0.0007414602285568197]",0.23488630479544848,0.21709296304650538,0.1415366314183969,0.0411142921328187,-0.982007146454237,"[0.0017863307433485117, 0.011949235466753338, 0.027766083339104627, 0.02568553319791212, 0.010209711662884159, 0.0018538682518801537, 0.0031881104122726397, 0.003910040100738149, 0.04730481938916187, 0.006547390932577315, 0.020529922338549042, 0.003561876380861782, 0.006989648062717401, 0.040977308126905004, 0.04330072496817567, 0.013944809842286764, 0.001371504627071959, 0.0042302209303154035, 0.004637925324353674, 0.04724023657160798, 0.010061132745863469, 0.01653074332494972, 1.3845174974163014e-05, 0.005614300083508673, 0.04306822639803191, 0.03809217071995875, 0.01260829855192065, 0.0002653424418038504, 0.002823259534448445, 0.01703156707564839, 0.024638476151507428, 0.014315401198544277, 0.016464194092623494, 8.943237505518605e-05, 0.00018352757954222712, 0.026554721758683765, 0.02819035359172611, 0.035460381906971525, 0.00253798141996352, 0.0003066735383186164, 0.00018798914397553468, 0.024598724916366402, 0.01398590209997189, 0.01362164045975019, 0.05110325917627023]","[0.10746057905763609, 0.1011709156289973, 0.02381338116543745, 0.02642495064295031, 0.038931522283470285, 0.022482833941094342, 0.026869313849441405, 0.02740449577650993, 0.03323084146998602, 0.024797581081170035, 0.027736057325066007, 0.1016410049631869, 0.09910586459787132, 0.02505819351021822, 0.0376017233807803, 0.0391481644079923, 0.0335080024074732, 0.02896767642686643, 0.024809706423271218, 0.0331059983199448, 0.030323342894793614, 0.030869245913859075, 0.10177557249773779, 0.10669586742002803, 0.02749075210811639, 0.038229522848129444, 0.037572141418973956, 0.022611228850355984, 0.029507273926310962, 0.026409493450106056, 0.029145235594115543, 0.02456105448406998, 0.03180305672884762, 0.1116210199465545, 0.10766973480147618, 0.10490206479429197, 0.025617093911332416, 0.036813005964238116, 0.03298186710382303, 0.024116168559874473, 0.025743393836380392, 0.027370192585364793, 0.025520455368274696, 0.027049993502163305, 0.030332414831417992]","[0.744538100291654, 0.7409749703284613, 0.6368308782520996, 0.62873637648789, 0.6078223527908893, 0.6445380832811796, 0.6276519456295271, 0.6264125960771122, 0.615723206187534, 0.6333064779624199, 0.6256767322803658, 0.741246078043052, 0.7397743504495593, 0.6324931548186477, 0.6095264584254596, 0.6075512450762984, 0.6152971797788913, 0.6231205738285102, 0.6332677482889069, 0.6159168545550988, 0.6205644153766545, 0.6195961735388305, 0.741323537390078, 0.7441120738830114, 0.6262189477095473, 0.6087131352816874, 0.6095651880989726, 0.6433761930757906, 0.6220748726436601, 0.628775106161403, 0.6227720067668936, 0.6340810714326791, 0.6180082569247989, 0.7468231510289188, 0.7446542893121929, 0.7431051023716743, 0.6308665085311032, 0.6105721596103098, 0.6161105029226637, 0.6639029200376618, 0.6305179414694864, 0.6264900554241382, 0.6311376162456939, 0.6272259192208844, 0.679007492707718]","[-0.014538100291654033, 0.03902502967153876, 0.1331691217479004, 0.12126362351210995, 0.06217764720911079, 0.035461916718820485, 0.042348054370472954, -0.046412596077112234, -0.14572320618753398, -0.06330647796241995, -0.10567673228036578, -0.021246078043052008, 0.030225649550440714, 0.15750684518135238, 0.13047354157454039, 0.07244875492370162, 0.0247028202211087, 0.04687942617148988, -0.0532677482889069, -0.14591685455509884, -0.07056441537665448, -0.08959617353883043, -0.0013235373900779557, 0.025887926116988647, 0.1537810522904527, 0.12128686471831263, 0.0704348119010274, -0.013376193075790632, 0.037925127356339905, -0.09877510616140295, -0.11277200676689358, -0.09408107143267908, -0.08800825692479886, 0.00317684897108117, -0.004654289312192916, 0.05689489762832578, 0.12913349146889685, 0.11942784038969023, 0.03388949707733635, -0.013902920037661803, -0.01051794146948637, -0.11649005542413815, -0.09113761624569383, -0.08722591922088441, -0.15900749270771797]",C:\Users\einob\OneDrive - King's College London\AA - Individual Project Files\Visual Python Code\Residual Outputs\diagnostics_borough_simple\diag_Good_job_Kingston_upon_Thames_Q1_1516-Q4_2526.png,"[0.766381636152966, -6.509025119609356e-05]","[0.01636455044517379, 1.1772273685927015e-05]","[1.554967861015636e-38, 1.762207285230337e-06]",Good job,Q1_1516-Q4_2526
Lambeth,False,45,"[0.6999597120519806, -5.595487958583668e-05]","[6.004967340174981e-23, 2.0798293383860036e-05]",0.3468984570149295,0.3317100490385325,0.2757588442507927,-0.17011570297404166,0.30879013681551326,"[0.015377969160111462, 0.02021960503505992, 0.05094172569850981, 0.01919265000866659, 0.02686247008586364, 0.00030715163747560553, 0.0013428529307070822, 0.012934905364642894, 0.007605568604574048, 0.005114963423301163, 0.005945197180107519, 0.006486515635393442, 0.008980397636322857, 0.06482554097008567, 0.01276430599601564, 0.03611663924866156, 0.0033617895980610985, 0.0008985299232081834, 0.014231370595353964, 0.0049228256395745275, 0.004147801035828078, 0.011372120310474139, 0.0036916885364596647, 0.02848717194093817, 0.04405221376721753, 0.00898677675027264, 0.021145343102822112, 2.7819316418391515e-05, 0.0076681694745375055, 0.010330535301132239, 0.004107605561320721, 0.00964689278068444, 0.0411494133020412, 0.0001819674123085011, 0.010406226797980455, 0.0005138883734579927, 0.023777267677558517, 0.018478928676052365, 0.0007916578853610894, 0.0003792044463431676, 0.024973883354676724, 0.0027349331821427255, 0.005776097079971848, 0.012369663746070455, 0.13634316132094051]","[0.10569064561703952, 0.10128978995272163, 0.028451788761676696, 0.030057070767258266, 0.03191143057323051, 0.02238376400804172, 0.024848317141606794, 0.02489531545832791, 0.03114293722720917, 0.04051383549775092, 0.03713837483981393, 0.10451971755989986, 0.09558488983865525, 0.03437077763729413, 0.030602592448513398, 0.03646689170009229, 0.03118217920428399, 0.03086293733911225, 0.02885107271579005, 0.032424622383363355, 0.04474109078590642, 0.03909432762173831, 0.10354631729756063, 0.10274349958979855, 0.028192489287773733, 0.02731649133954884, 0.03124514550315348, 0.02241524298530235, 0.025012442204104285, 0.0246522015703342, 0.028649880527244535, 0.033508362144535696, 0.02889168320425648, 0.10925305722558812, 0.10932653460905797, 0.10471032452163131, 0.024595255144582526, 0.027399770691124255, 0.024921126594447552, 0.02352968244581677, 0.02311701905652675, 0.024237833178067412, 0.02955120958190311, 0.02586247227260343, 0.03029758994571109]","[0.6628448224905843, 0.6595684250257434, 0.5067227217869034, 0.5026536475160526, 0.4984436529241334, 0.5456167304017886, 0.5184719535559833, 0.5182781881145142, 0.5001346967769545, 0.4828191123256719, 0.4883854650078746, 0.6619816855240401, 0.6551822800324887, 0.49344098152620436, 0.5013677495863033, 0.4895656726968227, 0.5000466215762868, 0.5007688382217624, 0.5056658193788902, 0.4973515204358531, 0.47653054299799347, 0.4850914525029002, 0.6612594688785645, 0.6606605575140236, 0.5074273233922455, 0.50992865909121, 0.4999057012552184, 0.5343254896761811, 0.5178025820309082, 0.5192998604422603, 0.5061942705828968, 0.49513202537902545, 0.5055601291380889, 0.6654342333902166, 0.6654870785106173, 0.6621226058451086, 0.51954647100413, 0.5096820485293403, 0.5181724978737129, 0.5555692280772461, 0.5275260841846295, 0.5211670546964169, 0.5038867003254013, 0.5146142597667351, 0.5783630900100637]","[-0.0428448224905843, 0.05043157497425654, 0.16327727821309668, 0.09734635248394741, 0.11155634707586659, 0.014383269598211457, -0.02847195355598331, -0.08827818811451421, -0.060134696776954544, -0.04281911232567187, -0.048385465007874606, 0.028018314475959816, 0.03481771996751126, 0.16655901847379567, 0.0786322504136967, 0.12043432730317727, 0.03995337842371327, -0.020768838221762453, -0.08566581937889023, -0.04735152043585311, -0.036530542997993465, -0.06509145250290022, -0.021259468878564447, 0.059339442485976335, 0.15257267660775453, 0.07007134090878997, 0.1000942987447816, -0.004325489676181071, -0.06780258203090822, -0.07929986044226028, -0.04619427058289677, -0.06513202537902546, -0.1455601291380889, 0.004565766609783473, 0.034512921489382675, 0.007877394154891415, 0.12045352899587003, 0.1003179514706597, 0.021827502126287146, -0.015569228077246033, -0.12752608418462952, -0.041167054696416905, -0.05388670032540127, -0.08461425976673514, -0.2583630900100637]",C:\Users\einob\OneDrive - King's College London\AA - Individual Project Files\Visual Python Code\Residual Outputs\diagnostics_borough_simple\diag_Good_job_Lambeth_Q1_1516-Q4_2526.png,"[0.6999597120519806, -5.595487958583668e-05]","[0.022586482780432772, 8.103605892602568e-06]","[4.7830751620918085e-31, 1.7669129462256418e-08]",Good job,Q1_1516-Q4_2526
Lewisham,False,45,"[0.6918989275371528, -6.225892072892785e-05]","[5.1695180872800715e-22, 6.01041572152667e-05]",0.31520936481099326,0.29928400120194654,0.002185420397721887,0.3997794489100466,-1.1844980434708519,"[0.009453480837423471, 0.001944956700230642, 0.027853026238840284, 0.0228787127312971, 0.03995986865599216, 0.009312583502062223, 0.004046434156974133, 0.019500576263033143, 0.013031221097266302, 0.001472460027499069, 0.02679663798718493, 0.014791631280588623, 0.006615044522553158, 0.02877566966781706, 0.027343612015682386, 0.037319478732075834, 0.014042731209046136, 0.010910741900036035, 0.009548187468505352, 0.009917721621629046, 0.01309408227022891, 0.008352902239832417, 0.008582338547976718, 0.0025190936441685705, 0.02698395942574675, 0.04215961828513581, 0.014071558378456294, 0.0006046615660782373, 0.007535920349236229, 0.02400611475626966, 0.004881869482157827, 0.02690097376674171, 0.0027363758317429407, 0.012380627002753318, 9.142410017616069e-05, 0.00039992559526753815, 0.030113553711382354, 0.01900049135801255, 0.006924710420472826, 0.001251724443288151, 0.020166170561642917, 0.012333929442206125, 0.0026058653622770436, 0.027897490396481265, 0.02711418615569987]","[0.10610273225606089, 0.10540022396216397, 0.023481486383713425, 0.023153900968609514, 0.031206475902438302, 0.02538041328489769, 0.02650124324917694, 0.027523173998134753, 0.040761225704828326, 0.03816968163939076, 0.03646559443490283, 0.10475885318679899, 0.0992668010871167, 0.02374563316940763, 0.02459914904381796, 0.037649605905949894, 0.03482363842082347, 0.02545483860751294, 0.029083745681252257, 0.03931505268334316, 0.04045908631344747, 0.03352854090764165, 0.10429396086174116, 0.10181765942653664, 0.022415809454065433, 0.02636324651883736, 0.03178179163175857, 0.0261066527107487, 0.02770162531764895, 0.02536336130107445, 0.029492346383384306, 0.03478955377156699, 0.03130273049285617, 0.11155649958077812, 0.10888266726608407, 0.10336811511167145, 0.022313587931558212, 0.025882734449175833, 0.025267605284680056, 0.02245264118977471, 0.025594516379699405, 0.029210164028583386, 0.03190098985905314, 0.025839966668006618, 0.02947067758928728]","[0.6546951659280008, 0.6541980109844487, 0.521706218527803, 0.5237362678806409, 0.49744920024032135, 0.5132338696981018, 0.5094637780428315, 0.5064394188028892, 0.4805252173702339, 0.48456460128659506, 0.4874025274227052, 0.6537422856195259, 0.6497650460711087, 0.5202561832757759, 0.5162789437273587, 0.48541390764849657, 0.49030259792675934, 0.5129645774370111, 0.502337890518584, 0.48274169982690385, 0.4809809427351567, 0.49272622827657603, 0.6534108489904912, 0.6516293771094293, 0.5305307187758534, 0.5098987886184396, 0.49622702767075566, 0.5107273801910265, 0.5059422638593372, 0.5132960140660459, 0.5013435806314798, 0.49036474229470334, 0.49724205234717467, 0.6584859723725859, 0.65664235612358, 0.6527479757324216, 0.5323121906569153, 0.5114731126063548, 0.5136481654843953, 0.5300128490429866, 0.512467422493459, 0.502027168678864, 0.49597845019897957, 0.5116181161315574, 0.5710488466753529]","[-0.034695165928000815, 0.0158019890155513, 0.13829378147219706, 0.12626373211935915, 0.14255079975967866, 0.07676613030189816, -0.049463778042831474, -0.10643941880288921, -0.07052521737023393, -0.024564601286595045, -0.10740252742270517, -0.04374228561952587, 0.030234953928891306, 0.1397438167242241, 0.1337210562726413, 0.12458609235150342, 0.07969740207324061, -0.08296457743701108, -0.07233789051858402, -0.06274169982690386, -0.0709809427351567, -0.06272622827657603, -0.03341084899049118, 0.018370622890570787, 0.1394692812241466, 0.16010121138156042, 0.0837729723292443, 0.019272619808973546, -0.06594226385933716, -0.12329601406604584, -0.05134358063147976, -0.11036474229470333, -0.03724205234717465, -0.038485972372585886, 0.0033576438764200134, 0.0072520242675784274, 0.14768780934308479, 0.10852688739364524, 0.06635183451560467, -0.030012849042986622, -0.11246742249345898, -0.082027168678864, -0.03597845019897955, -0.13161811613155738, -0.12104884667535293]",C:\Users\einob\OneDrive - King's College London\AA - Individual Project Files\Visual Python Code\Residual Outputs\diagnostics_borough_simple\diag_Good_job_Lewisham_Q1_1516-Q4_2526.png,"[0.6918989275371528, -6.225892072892785e-05]","[0.016504550661763297, 8.179918809631628e-06]","[1.6469474130709764e-36, 1.696103482186998e-09]",Good job,Q1_1516-Q4_2526
Merton,False,45,"[0.6722967277957063, -3.292840619997436e-05]","[6.408397055241584e-25, 0.05810833954931169]",0.08100182536962675,0.059629774796827295,0.09163930144034096,0.4973155577260073,-0.6147578383198669,"[0.0010895732013926447, 0.004872399298440042, 0.007608781916812129, 0.045313941323125786, 0.0072596340741019096, 0.009916671748772508, 0.0001395783538781494, 0.02980922422685991, 0.011191232394639762, 0.010914995660939812, 0.007920584380909403, 0.0013865482736417345, 2.6638535119880663e-05, 0.02085851913220739, 0.03387507578308026, 0.019322662727967423, 0.012172295921047937, 0.007850799210152784, 0.02028609380868911, 0.021869133568476286, 0.0027302468349181233, 0.0052120351075069585, 0.003853804363568562, 0.005019193988681909, 0.055023289567059666, 0.035775258323215035, 0.003798529943280022, 0.0026915866609095998, 0.017788569121671944, 0.014383555717086861, 0.024420875071417186, 0.0016325445891056149, 0.010770258244538566, 0.018554396026401965, 0.0049725842823380734, 0.0192389144130635, 0.0723692149792103, 0.01500414477919015, 0.011399853543698072, 4.09853958456944e-05, 0.032517279394300505, 0.01074680669039787, 0.014485346056335323, 0.00538000336855043, 0.027787402694293632]","[0.10931081760491433, 0.10432838078854828, 0.027985398599286324, 0.02505356917263212, 0.027360841938707612, 0.023414558875406506, 0.025874584801212235, 0.030556668658589303, 0.030765240343326068, 0.027876231952692322, 0.03082257088682841, 0.1029150288371704, 0.1015720806612237, 0.026497896200471823, 0.028174969930122706, 0.039201569553592636, 0.03576468736777029, 0.02849773901303619, 0.033644958625327556, 0.03909415469924779, 0.03939036570274869, 0.030670115491542103, 0.10268066312995662, 0.10967668158192596, 0.02603855194032207, 0.03288588533868009, 0.03051902346922634, 0.026716573650656217, 0.024317995370687906, 0.02717028902667175, 0.03082257088682841, 0.028238842060220124, 0.025775471373399278, 0.1112709540732846, 0.10273922260270606, 0.10894572052519882, 0.02453103754592728, 0.028862626852872268, 0.029014870878008803, 0.02243572075395195, 0.02580012191413653, 0.024998919455911817, 0.02778349134672999, 0.025392651391853115, 0.03460968512644666]","[0.6604221985670911, 0.6591521136109377, 0.6054106875144216, 0.6087771777596476, 0.6060380788783046, 0.6115468810977653, 0.6077060217725303, 0.6031306554847005, 0.6029623309724391, 0.6055178031131334, 0.602916424287277, 0.6587848601296403, 0.6584329088767303, 0.6069715148099355, 0.605227060773773, 0.5973464131542667, 0.5994122139865645, 0.6049210162060251, 0.6008200189982045, 0.5974076220678163, 0.597239297555555, 0.6030388421143761, 0.6587236512160908, 0.6605140119374154, 0.6075070928034941, 0.6013555969917631, 0.6031612599414752, 0.6067266791557372, 0.6098789382035397, 0.6062370078473407, 0.602916424287277, 0.6051658518602234, 0.6078284395996294, 0.6609118698754876, 0.6587389534444781, 0.6603303851967668, 0.6095422891790171, 0.6045843671815025, 0.604446647126016, 0.6145002111765318, 0.6077978351428546, 0.6088536889015845, 0.6056096164834577, 0.6083181109080259, 0.6331689298091483]","[0.009577801432908983, 0.02084788638906232, 0.05458931248557841, 0.14122282224035243, 0.0539619211216954, 0.06845311890223471, -0.007706021772530325, -0.10313065548470046, -0.06296233097243908, -0.06551780311313338, -0.05291642428727694, 0.011215139870359714, 0.0015670911232696927, 0.09302848519006446, 0.114772939226227, 0.07265358684573331, 0.06058778601343551, -0.054921016206025075, -0.08082001899820446, -0.07740762206781626, -0.027239297555555098, -0.04303884211437603, -0.018723651216090764, -0.02051401193741542, 0.15249290719650588, 0.10864440300823686, 0.03683874005852483, 0.03327332084426282, -0.08987893820353965, -0.07623700784734067, -0.09291642428727698, -0.025165851860223465, -0.06782843959962936, 0.0390881301245124, 0.021261046555521967, -0.040330385196766794, 0.18045771082098294, 0.0754156328184975, 0.065553352873984, -0.004500211176531765, -0.11779783514285458, -0.0688536889015845, -0.07560961648345765, -0.048318110908025846, -0.09316892980914826]",C:\Users\einob\OneDrive - King's College London\AA - Individual Project Files\Visual Python Code\Residual Outputs\diagnostics_borough_simple\diag_Good_job_Merton_Q1_1516-Q4_2526.png,"[0.6722967277957063, -3.292840619997436e-05]","[0.01318815565664938, 1.0188188415476698e-05]","[4.317278715888851e-40, 0.002361256094539714]",Good job,Q1_1516-Q4_2526
Newham,False,45,"[0.7178666769058374, -6.279841210535793e-05]","[8.137966184595875e-25, 1.927215169546596e-06]",0.4131637685768407,0.39951641435769736,0.0007765406540430924,0.9560932148110671,0.03379719106651313,"[0.010249387140219276, 0.000822383271050033, 0.05381187359172007, 0.04909701480015895, 0.010735974610982912, 1.5941740358445773e-05, 0.007762275192457975, 0.015226719962651044, 0.005763197092763766, 0.0033675282695493575, 0.012203347280225537, 0.022143391965401618, 0.052858622580873614, 0.068152823128236, 0.019229262163154237, 0.009372429227235198, 0.0004200473420410642, 0.012051206610562267, 0.011639799348483046, 0.004546070279560467, 0.004732976056363791, 0.012099778995868005, 0.0003213055271666788, 0.028519256390015423, 0.09847736420220322, 0.0062189920839530845, 0.009659376398695211, 0.0028614395229859973, 0.007289823896831603, 0.010856377944657188, 0.002888573121070037, 0.011221946342814444, 0.0010694448123575735, 0.053279497537157876, 0.0010407879165832384, 0.018195985059971238, 0.046077124766911635, 0.002968254488153394, 0.005235700662544005, 0.006907840441287961, 0.02564630721268809, 0.003069850189527781, 0.007648327463451723, 0.013898297808584363, 0.01784762712790717]","[0.10943213294581153, 0.10893850402078864, 0.02384365094834385, 0.02857806643518025, 0.029024109128369467, 0.0223067380752345, 0.02314292232018659, 0.024082983104124187, 0.03015206230135707, 0.037598867058340146, 0.0375692285143857, 0.10442171159598558, 0.10127579382573543, 0.026449433165701645, 0.02752042518395391, 0.027916290384003534, 0.027543658642494404, 0.02404875769938267, 0.024465303748500956, 0.033599776238426665, 0.040815642111844186, 0.03786690058347107, 0.10217480371463879, 0.10102945721637643, 0.028750803598984017, 0.030074174620142793, 0.0307816260200204, 0.024251687240268376, 0.026782236574978916, 0.02543115324783677, 0.039439960333998395, 0.040426412849257826, 0.040652962896500645, 0.10964411707590663, 0.10769890846705585, 0.10307889658444434, 0.024729360370553094, 0.02583601426512894, 0.02637718918172034, 0.022297480166789178, 0.0257882554237353, 0.023931470562450177, 0.03193140212434814, 0.032888553372615044, 0.025410116060627763]","[0.6814437553118958, 0.6810680768475182, 0.5308145805471669, 0.5131040243693662, 0.5118696522721256, 0.553015388846814, 0.535269053767644, 0.5295265400978724, 0.5089178929091588, 0.4932288446587233, 0.4932825130107772, 0.677579633964012, 0.6750930003188461, 0.519705231672001, 0.5162167887884949, 0.5150181955926235, 0.5161452309857563, 0.5297054346047188, 0.5276302583252998, 0.5010107557065449, 0.48768311494648264, 0.4927458294902378, 0.675808578346232, 0.6748962163613149, 0.5126210092008808, 0.5091146768666899, 0.5073615106995946, 0.5286678464650092, 0.5185781962788683, 0.5234620163157769, 0.48999085408480214, 0.48832713517112997, 0.4879514567067524, 0.6816047603680576, 0.6801199359612319, 0.6765241563736178, 0.5264137756787437, 0.5219056341062126, 0.5199556839815861, 0.5527828259879136, 0.5220845286130591, 0.5303315653786814, 0.5046602036462128, 0.5025313590147398, 0.5742322773588056]","[-0.031443755311895805, 0.008931923152481702, 0.16918541945283305, 0.14689597563063383, 0.06813034772787441, -0.00301538884681396, -0.06526905376764403, -0.08952654009787236, -0.04891789290915877, -0.03322884465872328, -0.0632825130107772, -0.04757963396401199, 0.07490699968115389, 0.18029476832799896, 0.09378321121150512, 0.06498180440737644, 0.013854769014243762, -0.07970543460471874, -0.07763025832529974, -0.04101075570654483, -0.03768311494648263, -0.06274582949023783, -0.005808578346231941, 0.05510378363868507, 0.20737899079911915, 0.05088532313331018, 0.06263848930040539, -0.038667846465009204, -0.05857819627886823, -0.07346201631577692, -0.02999085408480212, -0.058327135171129973, -0.01795145670675241, -0.07160476036805763, -0.01011993596123184, 0.04347584362638213, 0.15358622432125635, 0.03809436589378745, 0.05004431601841386, -0.06278282598791363, -0.11208452861305912, -0.04033156537868143, -0.05466020364621277, -0.07253135901473978, -0.09423227735880557]",C:\Users\einob\OneDrive - King's College London\AA - Individual Project Files\Visual Python Code\Residual Outputs\diagnostics_borough_simple\diag_Good_job_Newham_Q1_1516-Q4_2526.png,"[0.7178666769058374, -6.279841210535793e-05]","[0.02119159379607579, 8.173200959360234e-06]","[1.2065338041405716e-32, 1.3370420051786225e-09]",Good job,Q1_1516-Q4_2526
Redbridge,False,45,"[0.7150464702012804, -8.375672939670795e-05]","[3.791817353944326e-26, 3.932556806666258e-07]",0.4538958261892244,0.4411957291238575,0.011655747478398365,0.7991996205415918,0.14227523273446074,"[0.018032514736676105, 0.010329768264218579, 0.05985851235691174, 0.024561438610626308, 0.011675319248183644, 0.0001888236978742143, 0.001401445258876557, 0.005728387936541539, 0.004270605182671188, 0.00724330468360279, 0.014420034217394642, 8.768970791166616e-08, 0.00801949172555127, 0.10430093170257, 0.005538424116802298, 0.0131098131145763, 0.001075828171425358, 0.01194906778560841, 4.0979905037343844e-05, 0.004149917229443501, 0.016189440719767804, 0.010055631377482102, 5.711304204840354e-05, 0.015394441311631977, 0.05697094545330529, 0.020739552682611028, 0.014831833019470247, 0.0037750984750731338, 0.0028341193012408135, 0.006095869289124086, 0.012023667157999138, 0.00848720871150998, 0.0070448605291731714, 0.08958192811036339, 0.004840816302336032, 0.011326815150478694, 0.05237739707333606, 0.0022346958847696444, 0.011247505745094075, 0.011108261778967095, 0.007092247710159841, 0.002921693772799834, 0.010680527034545435, 0.018216887365493623, 0.058208317090749924]","[0.10722839650250145, 0.10784878242866489, 0.025725717042030305, 0.026098314445025764, 0.02785638096317224, 0.02242480503391376, 0.03151877602991996, 0.02999419467109585, 0.03367945024336989, 0.03277598772747663, 0.032570918079987354, 0.10781425736906775, 0.09783594219410481, 0.028672229332333935, 0.025338919618387613, 0.02658273785182868, 0.028317143650838046, 0.02972608157309445, 0.02715350921912881, 0.03402300596448113, 0.02901789933460735, 0.033755357369402175, 0.10483722673396739, 0.11385494700327833, 0.026621784331046512, 0.02842818993949845, 0.029921547419611512, 0.025325758521762255, 0.03188641048412213, 0.029194117742542977, 0.029583662269730616, 0.030015013684344255, 0.033254043847341916, 0.11414092176636316, 0.10698774446145251, 0.1055169372252135, 0.025670065182818686, 0.025774777910315655, 0.02756788937551, 0.02299522390499114, 0.027278585043100694, 0.026981034604189533, 0.032344103507512496, 0.02592400726743279, 0.02993720112942138]","[0.6796281665306555, 0.6801140883797951, 0.5191389780231365, 0.5177352037922884, 0.5118771459443269, 0.5397096696367158, 0.5021047176449623, 0.5058841098049376, 0.4972454991535657, 0.4992161822084099, 0.49967510839926405, 0.6800870927215097, 0.6720423865524195, 0.5094745323569141, 0.520677730545412, 0.5160074816620142, 0.5105003673717645, 0.5065859969203617, 0.5140907899237409, 0.49651661637985617, 0.5085026886586347, 0.49708352520385246, 0.6777384704506679, 0.6847303459466221, 0.5158725033705864, 0.510176419472338, 0.5060730794129364, 0.5207317218619831, 0.5012408565798252, 0.508016766809495, 0.5069639361363592, 0.5058301184883666, 0.49816335153527397, 0.6849463112129064, 0.6794391969226568, 0.6782783836163787, 0.5193549432894207, 0.5189500084151377, 0.5127680026677496, 0.5335006682310423, 0.5136858550494579, 0.5146576987477373, 0.5001880259066893, 0.5183830995911414, 0.5864121584706953]","[-0.039628166530655484, 0.02988591162020482, 0.16086102197686358, 0.10226479620771156, 0.06812285405567309, -0.009709669636715823, -0.022104717644962357, -0.04588410980493757, -0.037245499153565675, -0.0492161822084099, -0.06967510839926405, -8.709272150964065e-05, 0.02795761344758041, 0.20052546764308588, 0.04932226945458795, 0.07399251833798581, -0.020500367371764527, -0.06658599692036166, -0.004090789923740901, -0.03651661637985615, -0.07850268865863469, -0.05708352520385246, 0.0022615295493321197, 0.0352696540533779, 0.1541274966294136, 0.08982358052766193, 0.07392692058706352, -0.04073172186198315, -0.031240856579825227, -0.048016766809495015, -0.06696393613635915, -0.055830118488366554, -0.04816335153527396, -0.08494631121290641, 0.020560803077343204, 0.031721616383621254, 0.15064505671057937, 0.031049991584862324, 0.06723199733225038, -0.07350066823104223, -0.05368585504945783, -0.034657698747737276, -0.06018802590668931, -0.08838309959114138, -0.14641215847069528]",C:\Users\einob\OneDrive - King's College London\AA - Individual Project Files\Visual Python Code\Residual Outputs\diagnostics_borough_simple\diag_Good_job_Redbridge_Q1_1516-Q4_2526.png,"[0.7150464702012804, -8.375672939670795e-05]","[0.019258487174515924, 9.895464943217523e-06]","[2.6558357934679685e-34, 1.0539988897261891e-10]",Good job,Q1_1516-Q4_2526
Richmond upon Thames,False,45,"[0.7758996822024874, -8.169682132853578e-05]","[1.5048950425190316e-23, 0.0008197371076901675]",0.23152652771860038,0.21365505161903287,0.07534197036671648,0.07865920321659534,-0.789617485393268,"[0.002103073970001804, 0.010830259330677914, 0.07297433344659583, 0.026476223967638567, 0.0034105568020918135, 0.0019722286415577504, 1.259685429784562e-05, 0.00038454542291271946, 0.012622731458324252, 0.0257559423020637, 0.02194569239006028, 0.0005899581546054325, 0.011013162683014823, 0.057164371949960505, 0.04670280113673077, 0.0008766365225113472, 0.0064024800334853745, 0.00036185358793419816, 0.0013796325731135646, 0.026113254428840518, 0.014776339294176136, 0.02184799375906836, 0.005163080852592411, 0.002864640039259932, 0.06446348187441191, 0.02312167923390085, 0.0059086844889706365, 0.0003204309195047341, 0.0059408936294154955, 0.01086521349993823, 0.025594426036295935, 0.02185972277360767, 0.02279374290167222, 0.0398618594312189, 0.002194771601013239, 5.5032545388221236e-05, 0.03358259250379553, 0.01003780279301037, 0.0005905759474999285, 0.0004917149093301963, 0.0017405357981708379, 0.012933708565784982, 0.022049171845861276, 0.02597633464363367, 0.062352283386206776]","[0.10645833450932121, 0.10008282001245682, 0.04082579964548555, 0.028874946072815086, 0.03505821513210498, 0.024522944492732558, 0.02573657396404524, 0.026930220311369716, 0.026615476959742635, 0.030211100072908142, 0.03474296126160797, 0.10350508446671408, 0.09917401657981892, 0.04060369883454372, 0.03372042341893098, 0.029983347866466756, 0.04225240228585961, 0.023997394350400266, 0.02403693415785147, 0.033921446877643244, 0.03229167496612677, 0.027799508131763524, 0.10639062996859919, 0.10423845661851508, 0.03128784727710418, 0.03445742182739687, 0.03649747216823511, 0.026371521525543035, 0.024272739738977794, 0.024272739738977794, 0.026105400862114422, 0.03151136260034136, 0.023448375159616085, 0.11022400244534185, 0.10571508163981866, 0.10734097052303485, 0.024787548419115773, 0.028780132617172296, 0.02831627269195587, 0.02226168009529292, 0.024027008376576682, 0.02541245013062351, 0.025518749353519186, 0.024027008376576682, 0.033389803474841606]","[0.7523040865750772, 0.7482878149789222, 0.5993092404590501, 0.6189722368152253, 0.6075928006261196, 0.63102105160369, 0.6269629438450752, 0.6236160508482794, 0.6244527740974783, 0.6161692139304088, 0.608094834575639, 0.7504632954268394, 0.747702108704483, 0.5996020935962697, 0.6097682810740369, 0.6166294117174682, 0.5974684493108124, 0.6331128597266875, 0.6329455150768477, 0.6094335917743573, 0.6122366146591738, 0.6214405704003622, 0.7522622504126172, 0.7509234932138988, 0.6140774058074114, 0.6085550323626985, 0.6053754840157424, 0.6251221526968376, 0.6319832833402689, 0.6319832833402689, 0.6258752036211166, 0.613659044182812, 0.6356648656367443, 0.7546050755103743, 0.7518438887880178, 0.7528479566870565, 0.6300588198671113, 0.619181417627525, 0.6202273216890237, 0.6504748671475655, 0.6329873512393076, 0.627967011744114, 0.6276323224444343, 0.6329873512393076, 0.6861192775634406]","[0.017695913424922827, 0.041712185021077874, 0.18069075954094993, 0.13102776318477471, 0.04240719937388038, 0.03897894839631, 0.0030370561549247777, 0.01638394915172059, -0.09445277409747832, -0.1261692139304088, -0.10809483457563895, 0.009536704573160582, 0.04229789129551709, 0.1603979064037303, 0.1602317189259631, 0.0233705882825318, 0.05253155068918758, 0.016887140273312506, -0.03294551507684773, -0.1194335917743573, -0.09223661465917377, -0.12144057040036216, 0.027737749587382843, -0.02092349321389886, 0.19592259419258862, 0.1114449676373015, 0.05462451598425766, -0.015122152696837587, 0.06801671665973108, -0.09198328334026884, -0.1358752036211166, -0.11365904418281203, -0.1356648656367443, 0.0753949244896257, 0.01815611121198224, -0.0028479566870565076, 0.15994118013288872, 0.08081858237247497, 0.019772678310976288, -0.020474867147565523, 0.037012648760692435, -0.09796701174411393, -0.12763232244443434, -0.14298735123930761, -0.1861192775634406]",C:\Users\einob\OneDrive - King's College London\AA - Individual Project Files\Visual Python Code\Residual Outputs\diagnostics_borough_simple\diag_Good_job_Richmond_upon_Thames_Q1_1516-Q4_2526.png,"[0.7758996822024874, -8.169682132853578e-05]","[0.020877164472385294, 1.621916865002755e-05]","[2.5503099783908726e-34, 8.964951401626648e-06]",Good job,Q1_1516-Q4_2526
Southwark,False,45,"[0.738568127640548, -5.207719205365556e-05]","[1.3296396778796561e-20, 0.00033685199287456185]",0.2609017785959251,0.2437134478655978,0.09199671362043406,0.31783983107132446,-0.7819485015096426,"[0.0010584395152749872, 0.002029984207258162, 0.0409397499258081, 0.041278931806075475, 0.018292070857759923, 0.0008150375571357183, 0.0008073339057736354, 0.0063981588461608325, 0.006493495743941903, 0.02711134626540504, 0.013339264302999143, 0.0011942239084566572, 0.00938356035089282, 0.04677781066674753, 0.028739534377873993, 0.03504158037896549, 0.004503094755858925, 0.007197990861545937, 0.0003663605084244012, 0.013724491059865274, 0.0233535190348201, 0.016128649604042082, 0.003953516525307844, 1.9927754475182444e-07, 0.056213251745088656, 0.026826534056634817, 0.029728599512041525, 5.1698044756690784e-05, 0.005138768472120088, 0.005887072422354386, 0.020100131484301738, 0.023175308199558337, 0.019930234087921914, 0.00010742587028576665, 7.940345753589898e-05, 0.013555245295258962, 0.03436631565122814, 0.011545903849111697, 0.006966740017181477, 0.0019018274873514771, 0.009208068369829066, 0.004277939968404974, 0.020152182631380158, 0.016751256934507682, 0.0641019226147759]","[0.10534080024215475, 0.10032714895332648, 0.025218036666548187, 0.02821051431974378, 0.041520781868362874, 0.02284803343997921, 0.023049232392904274, 0.02570914943365654, 0.032718133002362274, 0.031046193396336692, 0.034782322229129935, 0.10733908760386494, 0.09474251256309646, 0.028489471947118972, 0.032165761034843234, 0.04737600219008106, 0.03037504527912533, 0.02390919253131315, 0.024951173312987237, 0.03203980725731157, 0.036111587503225046, 0.037108890512500034, 0.10395385808309282, 0.0998851145942292, 0.028278117531144384, 0.031105808499714137, 0.04736344333620275, 0.022566010030189015, 0.02260370032050812, 0.023396099897032514, 0.029092670883121265, 0.04320633674005578, 0.031225640817284867, 0.10766286823499803, 0.10520386226293703, 0.09710746934839026, 0.0233664422110046, 0.03449113401674192, 0.026533860374189873, 0.023120181082525355, 0.022275449469544368, 0.023668024187129037, 0.02857755392997739, 0.03121061787367487, 0.02872685859634056]","[0.7039162450211515, 0.7001412719756579, 0.5572678526753614, 0.5475849621730191, 0.5212786477663057, 0.5913611069965459, 0.5683727061186072, 0.5554226864782368, 0.5368694557254968, 0.5405090037289997, 0.5327559200750263, 0.7053889923528015, 0.6957907425017034, 0.5468231963118209, 0.5380374967126675, 0.5128653670326271, 0.5420663917118939, 0.5631080576112149, 0.5583343248810391, 0.5383083467966491, 0.5302844130586941, 0.5285069593825649, 0.7028836290759716, 0.6998027093706809, 0.5473987527402817, 0.5403735786870089, 0.512882295162876, 0.5727401637228107, 0.5723169604665893, 0.566019696014017, 0.5452319520684289, 0.5187394282289782, 0.5401027286030272, 0.7056259861762854, 0.7038146762396584, 0.6976528368290769, 0.5662059054467544, 0.5333145483732382, 0.5525956887266787, 0.5934771232776522, 0.577547752713484, 0.5644115236403763, 0.5465862024883369, 0.5401365848635249, 0.6151451299961805]","[-0.013916245021151519, 0.019858728024342076, 0.19273214732463861, 0.18241503782698087, 0.09872135223369427, 0.028638893003454124, -0.028372706118607205, -0.0754226864782368, -0.06686945572549685, -0.14050900372899966, -0.09275592007502625, 0.01461100764719847, 0.04420925749829663, 0.19317680368817913, 0.1419625032873325, 0.12713463296737293, 0.05793360828810612, -0.08310805761121487, -0.018334324881039032, -0.09830834679664907, -0.12028441305869414, -0.09850695938256487, 0.02711637092402841, 0.00019729062931905794, 0.2126012472597183, 0.1396264213129912, 0.11711770483712403, 0.007259836277189291, -0.07231696046658931, -0.07601969601401704, -0.1252319520684289, -0.10873942822897825, -0.12010272860302723, 0.0043740138237146065, -0.0038146762396584766, 0.05234716317092314, 0.18379409455324558, 0.08668545162676178, 0.07740431127332126, -0.043477123277652185, -0.09754775271348404, -0.06441152364037628, -0.1265862024883369, -0.1101365848635249, -0.22514512999618053]",C:\Users\einob\OneDrive - King's College London\AA - Individual Project Files\Visual Python Code\Residual Outputs\diagnostics_borough_simple\diag_Good_job_Southwark_Q1_1516-Q4_2526.png,"[0.738568127640548, -5.207719205365556e-05]","[0.019684257617599527, 8.658791884197012e-06]","[1.713507984394275e-34, 3.484615966079094e-07]",Good job,Q1_1516-Q4_2526
Sutton,False,45,"[0.756551228910494, -7.858814080137218e-05]","[3.5332276911483213e-26, 7.957458124086328e-05]",0.30660684835307483,0.290481426221751,0.20156457465740674,0.04649053878352845,-0.9979678625630242,"[0.00012366466882592818, 0.01011887111908729, 0.006421122074839609, 0.045832176442528, 0.008288066293915156, 0.01558438669452945, 0.0006735169171544613, 0.0018328122752249076, 0.017700825181951853, 0.013810296848715825, 0.03871686019379221, 0.0042746227464739, 0.008648764275348619, 0.02059278452622727, 0.02402952725934853, 0.0080860503360609, 0.008760157531721035, 0.0031930875691585864, 0.001822552562355264, 0.01719621503904907, 0.03207588705071006, 0.016579387646960292, 0.003857648397362838, 0.029100185293223772, 0.032863777882869226, 0.022287695499860045, 0.008617895387750553, 0.0026053144063407415, 0.012077076194524519, 0.014963858675808784, 0.01365391871127201, 0.037703826640423994, 0.017448346604482506, 0.0012767790540024622, 0.00393050637235288, 0.019573014119731443, 0.037496195976897746, 0.008743139868848778, 0.017807315194819495, 8.906370159312658e-06, 0.0002496347702892068, 0.014184502217506454, 0.01731831611966981, 0.027206819036569733, 0.057829782186900804]","[0.10096035769590221, 0.10286638047591001, 0.02615257865881011, 0.023634752864218234, 0.035258464021127284, 0.02438922854165173, 0.030924768809132093, 0.028570804547137396, 0.028980703365970778, 0.02926109255201399, 0.037282869977073085, 0.10558529103863118, 0.10589017475399382, 0.023406866406838082, 0.02467297755407882, 0.031142634900913756, 0.025995444446429025, 0.030690168635073217, 0.03596646704699126, 0.03144406579116453, 0.034382329683303264, 0.03489960146963258, 0.10766947464766805, 0.11090682368554748, 0.02314697057877948, 0.025753204278467622, 0.03179174227757992, 0.026099844422675364, 0.03572021334084294, 0.025728172780429177, 0.029875840856098956, 0.029949855971361284, 0.030155234015872452, 0.10865917106779976, 0.10729980767215044, 0.10013364055713746, 0.022285238182259987, 0.028655142768538106, 0.037179471221174376, 0.02223142555662041, 0.028092617207584207, 0.027916133076365514, 0.03080706803609396, 0.02600841653229147, 0.031576468030665536]","[0.7263738986689336, 0.7275734944052441, 0.6043900072328626, 0.6133120005216717, 0.5860961722541279, 0.610125574347097, 0.593518670872549, 0.5983545411845506, 0.5974548443823177, 0.5968550465141624, 0.583059695546592, 0.7292604259094307, 0.7294478627432293, 0.6144366215244628, 0.6090759280778254, 0.5931063098381922, 0.604839855633979, 0.5939685192736653, 0.5850090386180965, 0.5925439993367967, 0.5874832048242369, 0.5866584827555235, 0.7305349963792607, 0.7324843394507652, 0.6158611414613314, 0.6055521156024134, 0.5919067141018817, 0.6045399566999015, 0.5853839122856935, 0.6056270903359328, 0.5955804760443326, 0.5954305265772938, 0.595018165542937, 0.7311347942474159, 0.7303100721787024, 0.7258490755342979, 0.623845950581148, 0.598167104350752, 0.5832096450136308, 0.627744636724157, 0.599441674820582, 0.5998540358549386, 0.5937435950731071, 0.6048023682672193, 0.6610334184067727]","[0.0036261013310663337, 0.032426505594755906, 0.055609992767137406, 0.15668799947832834, 0.0539038277458721, 0.08987442565290293, 0.01648132912745104, -0.028354541184550608, -0.08745484438231765, -0.07685504651416242, -0.11305969554659201, 0.020739574090569257, -0.029447862743229303, 0.1055633784755372, 0.11092407192217457, 0.056893690161807786, 0.06516014436602102, 0.036031480726334664, -0.025009038618096446, -0.08254399933679668, -0.1074832048242369, -0.07665848275552345, 0.01946500362073933, -0.05248433945076514, 0.13413885853866858, 0.10444788439758657, 0.05809328589811835, 0.035460043300098554, 0.06461608771430649, -0.08562709033593274, -0.0755804760443326, -0.1254305265772938, -0.08501816554293695, -0.011134794247415924, 0.019689927821297637, -0.045849075534297845, 0.14615404941885202, 0.06183289564924799, 0.07679035498636921, 0.00225536327584297, 0.010558325179418016, -0.07985403585493855, -0.08374359507310714, -0.11480236826721935, -0.15103341840677265]",C:\Users\einob\OneDrive - King's College London\AA - Individual Project Files\Visual Python Code\Residual Outputs\diagnostics_borough_simple\diag_Good_job_Sutton_Q1_1516-Q4_2526.png,"[0.756551228910494, -7.858814080137218e-05]","[0.016993289335057577, 1.1302447916287292e-05]","[1.3127580259045493e-37, 1.5041154938920774e-08]",Good job,Q1_1516-Q4_2526
Tower Hamlets,False,45,"[0.6947768866335629, -5.609450849660901e-05]","[3.1658775532827144e-26, 4.0997681904140686e-07]",0.4528635599050156,0.4401394566469927,0.008965298359523812,0.6309136344111942,-0.5371924504387957,"[0.04300364673485129, 0.030083653957830265, 0.09346934121231355, 0.03469060012914206, 0.015663110473927176, 0.0005127959757584418, 0.006972532894624432, 0.0030084091068941004, 0.0084671526367912, 0.004685531839980007, 0.019003641963773316, 0.00975131096829859, 0.05986163539904154, 0.057287834299334046, 0.020396959317272267, 0.014699130083903772, 0.000856912327551245, 0.006737858867343929, 0.005853433409119368, 0.0037604312479544576, 0.02143041148258655, 0.00019365240541250627, 0.00033727486515488164, 0.019226802949854876, 0.03163930042279714, 0.017043517509152173, 0.022535353883369174, 0.006359468398563448, 0.001806771172508608, 0.005669759543656234, 0.010649525951400644, 0.015303223629052, 0.00674103514946247, 0.13841270938579725, 0.0018644966335151871, 0.025025513334299657, 0.026555499262953905, 0.002777564838721688, 0.008661544597431107, 0.010102351050187848, 0.010465237972330925, 0.002647809510462815, 0.009807904102310888, 0.028510904291274647, 0.03692299160327652]","[0.10834195391561907, 0.09729083161543303, 0.027899222422090697, 0.029878830724455616, 0.03129318881033974, 0.022308427581134275, 0.027500803400448755, 0.02634375976183763, 0.0304790485502685, 0.03257759897732124, 0.03511332301841524, 0.10836664337972865, 0.09427914752072258, 0.026311418600894046, 0.03125317165434631, 0.02804594460237639, 0.02996741965968855, 0.02793095931236047, 0.025131298616607095, 0.03521860423804156, 0.04354159271221648, 0.044901497435242195, 0.10552626783892555, 0.09777564789684623, 0.02364031044593059, 0.027034826846701974, 0.03239011866341708, 0.02449049805254804, 0.025524924048519554, 0.02539094132834047, 0.043738579054257376, 0.032407091556815565, 0.0345092703208188, 0.11253942301743973, 0.10963049819988495, 0.1065003290464365, 0.02265271112191393, 0.027892885659762036, 0.02444663941943084, 0.022312803736954982, 0.023363832609322472, 0.027146350584606915, 0.02790556272299446, 0.026607075042710208, 0.032598726275834426]","[0.6572306277318797, 0.6488609031909652, 0.4987300990607397, 0.49350580015723156, 0.4901796029314685, 0.5351013426381044, 0.4998870372262224, 0.5035205461521918, 0.492059627450378, 0.48737764331193995, 0.4823160388379528, 0.6572487048907154, 0.6464747182246571, 0.5036290091052058, 0.49026998872564687, 0.4983143244075193, 0.4932888742512035, 0.4986397132665613, 0.5079313729080949, 0.4821171900907605, 0.46836047221681687, 0.466390061903729, 0.6551517544657779, 0.6492405235265143, 0.5149272333774985, 0.5012970556154046, 0.4877753408063247, 0.5106429467334451, 0.5064128915658987, 0.5069190520132973, 0.4680712376754462, 0.4877391864886533, 0.4834729770034356, 0.660267590416272, 0.6581706399913344, 0.6558748408192046, 0.5221942512294372, 0.49874817621957535, 0.5108417954806375, 0.5270208526385607, 0.51659033199038, 0.5009535895975269, 0.498712021901904, 0.5026528425280797, 0.5748891692354103]","[-0.0572306277318797, 0.05113909680903472, 0.18126990093926038, 0.10649419984276842, 0.06982039706853155, -0.015101342638104365, -0.0498870372262224, -0.0335205461521918, -0.05205962745037801, -0.037377643311939934, -0.07231603883795285, -0.027248704890715403, 0.0735252817753429, 0.14637099089479422, 0.07973001127435309, 0.07168567559248062, 0.016711125748796518, -0.0486397132665613, -0.04793137290809485, -0.03211719009076047, -0.06836047221681685, -0.006390061903728983, -0.005151754465777869, 0.040759476473485656, 0.11507276662250154, 0.07870294438459535, 0.08222465919367528, -0.050642946733445104, -0.026412891565898766, -0.046919052013297324, -0.04807123767544619, -0.06773918648865329, -0.04347297700343561, -0.10026759041627198, 0.011829360008665635, 0.044125159180795404, 0.10780574877056281, 0.03125182378042468, 0.05915820451936249, -0.06702085263856067, -0.06659033199037995, -0.03095358959752692, -0.058712021901904, -0.10265284252807971, -0.10488916923541036]",C:\Users\einob\OneDrive - King's College London\AA - Individual Project Files\Visual Python Code\Residual Outputs\diagnostics_borough_simple\diag_Good_job_Tower_Hamlets_Q1_1516-Q4_2526.png,"[0.6947768866335629, -5.609450849660901e-05]","[0.025188175883146355, 8.227641200681363e-06]","[5.654835417481506e-29, 2.3635980238568793e-08]",Good job,Q1_1516-Q4_2526
Waltham Forest,False,45,"[0.7426807157592131, -0.00010260800347303279]","[8.72010248855206e-26, 2.4254677278129154e-09]",0.5669311023685133,0.5568597326561531,0.4955675746878645,0.18481384259786673,-0.5735380833554777,"[0.008391112105218214, 0.009486650757443319, 0.09076420238585774, 0.011713583867740284, 0.013231814600149681, 0.0010136189406384317, 0.013992408104398448, 0.012390149383201033, 0.02194678188056948, 0.01962653690524497, 0.006623716510801561, 5.424989090546713e-05, 0.017348198284403815, 0.05101209216028072, 0.01007387340451666, 0.011364056880633336, 0.016806328047806077, 0.0021530913375691794, 0.014448154414097929, 0.023688496086874917, 0.015551807328949849, 0.00738493268353214, 0.00815911988587971, 0.002852117584798621, 0.0207328870452981, 0.04057851586173983, 0.0001552221979932359, 0.011572773877583426, 5.4783210929107894e-05, 0.024038401975256335, 0.019802788014251286, 0.01016573626591153, 0.008953847252618588, 0.0035304089319456618, 0.002098734102590718, 0.00011191466839815968, 0.021278766197383468, 0.004177610372163772, 0.001561274963356603, 0.007749673150196471, 0.0015424554189693985, 0.028288170471471835, 0.031523557639508884, 0.01092039658840049, 0.05880366768765911]","[0.10915827599699379, 0.10238992602854902, 0.028440883649148214, 0.028163009839547247, 0.03125171415651538, 0.026322041306298616, 0.02945262834786942, 0.02520455803825871, 0.027195482484126107, 0.036432702705995176, 0.03242443764600303, 0.11006132357459675, 0.1017425318893906, 0.027312858683913515, 0.031556621856947555, 0.03007143173369342, 0.036040934642952244, 0.026232881247962733, 0.026461762087814172, 0.030680483779589252, 0.03537581538522424, 0.027213451253432604, 0.10493252002653755, 0.10618181627306673, 0.026877585508187866, 0.03368236085676568, 0.029237783662623015, 0.02625710041923557, 0.025135451956699546, 0.02543114116255355, 0.02951771360721986, 0.037467496566410706, 0.025510944924583123, 0.10964684756890039, 0.10867107344160357, 0.10908323265011935, 0.0270794753008545, 0.028714848156031793, 0.02981420613144361, 0.02317531382102854, 0.02485405236702247, 0.023259620666311633, 0.027786554869788527, 0.026545044375898087, 0.031952059352292714]","[0.6869589590020162, 0.6801780044760081, 0.47055806238941006, 0.4715899467738026, 0.4611973969024206, 0.4791448145881051, 0.4669833200577645, 0.4845990606198943, 0.475385807187818, 0.4471932516856648, 0.45773321361195995, 0.6878434313314955, 0.6795146502288986, 0.47490671800935, 0.460276071559213, 0.46491955128897944, 0.4481514300426007, 0.47955019773911645, 0.4785183133547239, 0.4629663415613793, 0.4498098156603744, 0.47531210116036143, 0.6827577154369894, 0.6840107179037518, 0.476712515682037, 0.45423217730777105, 0.46772038033233065, 0.47943963869793155, 0.48496759075717727, 0.4834197641805885, 0.4667622019753947, 0.4447240997658684, 0.4830143810295771, 0.6874380481804842, 0.6864798698235482, 0.6868852529745596, 0.475864896366286, 0.46956303101874586, 0.4657671706047305, 0.4983452347405519, 0.4865154173337661, 0.4975713214522575, 0.4730272143092065, 0.4781497832174409, 0.5733411176776523]","[-0.02695895900201617, 0.029821995523991895, 0.18944193761058997, 0.06841005322619742, 0.0688026030975794, 0.020855185411894905, 0.07301667994223554, -0.0745990606198943, -0.09538580718781797, -0.07719325168566482, -0.04773321361195998, 0.002156568668504444, 0.04048534977110141, 0.14509328199064997, 0.059723928440787, 0.06508044871102059, 0.0718485699573993, 0.030449802260883563, -0.07851831335472387, -0.09296634156137928, -0.06980981566037442, -0.05531210116036145, 0.027242284563010588, 0.01598928209624817, 0.09328748431796297, 0.1157678226922289, -0.007720380332330634, 0.0705603613020685, -0.004967590757177287, -0.10341976418058851, -0.08676220197539469, -0.054724099765868395, -0.06301438102957713, -0.01743804818048411, 0.013520130176451706, 0.0031147470254403453, 0.09413510363371397, 0.04043696898125415, 0.024232829395269495, 0.06165476525944813, -0.026515417333766056, -0.11757132145225752, -0.11302721430920654, -0.06814978321744092, -0.14334111767765229]",C:\Users\einob\OneDrive - King's College London\AA - Individual Project Files\Visual Python Code\Residual Outputs\diagnostics_borough_simple\diag_Good_job_Waltham_Forest_Q1_1516-Q4_2526.png,"[0.7426807157592131, -0.00010260800347303279]","[0.01483011085160461, 8.418749369546502e-06]","[9.157113573126146e-40, 1.5336588002386787e-15]",Good job,Q1_1516-Q4_2526
Wandsworth,False,45,"[0.7262453722500468, -6.106420861732002e-05]","[4.9290479303805263e-23, 0.0009082502026741187]",0.22808243798827654,0.21013086677870152,0.0034121569094444607,0.5331592661391402,-0.28417518259318264,"[0.001059189767512415, 0.0063504017859775785, 0.035696674606488614, 0.05668944924764345, 0.01410089776458783, 0.0005769584769448302, 0.00013146806057007677, 0.013415049727851826, 0.006836165633630274, 0.007518542026972966, 0.012203526290153154, 0.007635187156954898, 0.007164243993008313, 0.04210946437202081, 0.05919403364250568, 0.0035305273067314695, 0.0021287753698368815, 0.0009433724404807653, 0.00640534085288005, 0.012299809371105672, 0.012416778656374255, 0.015377525265321192, 0.006924937544367659, 0.011455792652099043, 0.05932183282367207, 0.03744847676397198, 0.0024934505092076495, 0.00025185718124891396, 0.0034519239248003266, 0.009253188826432442, 0.012117340356474642, 0.010182788231249858, 0.019569945053293354, 0.0001352633998716461, 2.8003145428625484e-05, 0.026452941871364172, 0.03806725799418646, 0.026516393519713917, 0.0008976366574495531, 2.4675453022630012e-05, 0.006507704176415479, 0.009108521058803496, 0.016047032042358012, 0.004401633067385904, 0.08272414495685768]","[0.10759733311622835, 0.10604518219092839, 0.02690243626467271, 0.030328703086965232, 0.028019351981702068, 0.022294263934341037, 0.02771862084467857, 0.026068630423474595, 0.0335860713698074, 0.029452839595176243, 0.0351031838550735, 0.10740253555142289, 0.10153677261978103, 0.02741788236014111, 0.029144232266528403, 0.02944338897551363, 0.039123286781268425, 0.030898949276278335, 0.025242789150073407, 0.03417421946787872, 0.033059006382706, 0.03915220604687181, 0.10540265514203218, 0.10607737343496847, 0.029181280766643496, 0.02578448599021029, 0.030560565975632913, 0.026165767854119153, 0.030368792221829755, 0.023587452760113474, 0.035936406015256016, 0.028389055605643962, 0.029153485121329266, 0.11170621571027169, 0.10782487813874798, 0.10473066229609695, 0.025999988162674324, 0.026781533815134165, 0.025601112916925253, 0.023028123740515938, 0.02494500196275582, 0.023836104718181886, 0.029153485121329266, 0.025898183549960763, 0.030175503438115207]","[0.7017828458517751, 0.7008878753737895, 0.5808313147956861, 0.5735783248803448, 0.5782396294531862, 0.6009308601137782, 0.5789108573116754, 0.5829755148991931, 0.5680220498295179, 0.5752563945265677, 0.5657100427613885, 0.7016709745420269, 0.6982402543764156, 0.5796007303884558, 0.5758716867301827, 0.575275039744859, 0.5601724129288529, 0.5725341926560283, 0.5853434576221965, 0.5671084341332409, 0.5688610846526293, 0.5601351224922702, 0.7005149710079622, 0.7009065205920809, 0.5757971058570173, 0.5837586140674305, 0.5731494848596435, 0.582714481843114, 0.5735037440071793, 0.591384508348599, 0.5644981035724497, 0.5774378850666575, 0.5758530415118914, 0.7041134981381958, 0.7019133623798146, 0.7001234214238435, 0.5831619670821068, 0.581129638288348, 0.5842806801795887, 0.5942558719654694, 0.5862757185367649, 0.5903030856876998, 0.5758530415118914, 0.5834416453564772, 0.6336905086517077]","[-0.011782845851775137, 0.02911212462621049, 0.14916868520431392, 0.17642167511965523, 0.09176037054681385, -0.020930860113778205, -0.008910857311675402, -0.09297551489919309, -0.05802204982951786, -0.06525639452656773, -0.07571004276138849, -0.03167097454202683, 0.03175974562358441, 0.16039926961154416, 0.18412831326981727, 0.044724960255140944, 0.029827587071147077, -0.022534192656028296, -0.06534345762219651, -0.07710843413324087, -0.07886108465262931, -0.08013512249227017, -0.03051497100796219, 0.039093479407919074, 0.18420289414298274, 0.15624138593256953, 0.03685051514035653, -0.012714481843114078, -0.04350374400717927, -0.081384508348599, -0.07449810357244968, -0.0774378850666575, -0.10585304151189145, -0.004113498138195837, -0.0019133623798146537, 0.05987657857615647, 0.15683803291789322, 0.128870361711652, -0.02428068017958862, -0.004255871965469393, -0.06627571853676484, -0.08030308568769984, -0.09585304151189145, -0.05344164535647722, -0.21369050865170774]",C:\Users\einob\OneDrive - King's College London\AA - Individual Project Files\Visual Python Code\Residual Outputs\diagnostics_borough_simple\diag_Good_job_Wandsworth_Q1_1516-Q4_2526.png,"[0.7262453722500468, -6.106420861732002e-05]","[0.01890304794699073, 1.0794907680043749e-05]","[6.373324896500768e-35, 1.1517887433822366e-06]",Good job,Q1_1516-Q4_2526
Westminster,False,45,"[0.7576272504885698, -1.3736534707945436e-05]","[2.9332230013950263e-24, 0.0009002550735684237]",0.22837988094215034,0.21043522701057238,0.23652915493523513,-0.24605577853297916,-0.7904325876288669,"[7.312009287381262e-06, 0.010401897960030921, 0.03593793883350752, 0.00682207945382319, 0.028105448201493192, 9.666878595073166e-05, 0.024475769279810305, 0.014401491041740122, 8.059275858014633e-05, 4.473154545334858e-05, 0.030382201666787616, 0.010099416374753128, 0.011371343999651496, 0.028286905410227443, 0.00550272580621142, 0.03584594366451018, 0.0010647110482693938, 0.015599264384374863, 0.00919594822299322, 0.00023061215122363677, 0.002679075995055966, 0.026178113081827187, 0.015369646518909003, 0.007002033974729233, 0.013261422156816145, 0.021079576235721077, 0.06272307006909707, 0.011136839648596894, 0.022623818960647638, 0.0010451339741804067, 0.007823639719181636, 0.0018214884948536548, 0.035914361054563367, 0.00027875229605855636, 0.02711366555303386, 0.01123012361226531, 0.009352072493681017, 0.026480613199163068, 0.024915596826630037, 0.06725865050858441, 0.015693976057504274, 0.0024748040615379155, 0.0005846009838824807, 0.022542560780214483, 0.07918030902478328]","[0.08660540476365225, 0.08671106353400285, 0.022310778554137385, 0.022441899843603258, 0.04514402276430242, 0.041754715449788864, 0.025765913071423813, 0.02415606662018485, 0.03623145798510556, 0.03739603616503786, 0.033031096345722606, 0.0883509317838169, 0.08137384781989548, 0.022877155915800307, 0.023745772075147352, 0.04026777421244423, 0.02282907223828736, 0.022277682765654644, 0.026001375500739617, 0.03558227636257004, 0.03323034742779095, 0.03220024949347797, 0.08536168693943887, 0.08413009928068813, 0.02263650820771014, 0.030855994952118517, 0.04734220732617688, 0.028439429211879558, 0.024809039190136425, 0.046997055090370304, 0.07477131832789735, 0.06311318570527141, 0.03721286410937902, 0.08765701749912713, 0.08723181248780763, 0.08216100959330949, 0.02222329066817913, 0.04041250969361665, 0.031024404288402623, 0.04740712037503997, 0.022619737249327046, 0.03464511051102254, 0.0457412844031272, 0.03507008734480979, 0.027852286852577603]","[0.7412902468233984, 0.7413709565986072, 0.6392394618865331, 0.6371410077311056, 0.5841752177503626, 0.6970881932674057, 0.665974574924432, 0.6258349133872797, 0.5969878945647519, 0.5951181181057492, 0.6025703206833571, 0.7426152322997421, 0.7372076773607558, 0.6329642768640528, 0.6277517705484876, 0.5907934193174802, 0.6524422359477647, 0.645776953678442, 0.619048566455144, 0.5980640249008686, 0.6022004008803171, 0.6041508871145286, 0.7403351811500949, 0.7393801154767913, 0.634995472873473, 0.6068546645840217, 0.5814243595786643, 0.6734671323896444, 0.6231647649907902, 0.5818480858985102, 0.5539897618222897, 0.5644685809702259, 0.5954073281335805, 0.7420906187608852, 0.7417677796600503, 0.7378331781186236, 0.6424880303386854, 0.5905849190648577, 0.6065049222247838, 0.704432782811402, 0.6351568924238905, 0.5996647687758422, 0.5834152007004803, 0.5989316549843626, 0.671987453177484]","[-0.0012902468233984, 0.048629043401392846, 0.19076053811346683, 0.08285899226889437, 0.11582478224963733, -0.007088193267405729, -0.145974574924432, -0.11583491338727969, -0.006987894564751906, -0.0051181181057492475, -0.14257032068335712, 0.0473847677002579, 0.05279232263924427, 0.16703572313594728, 0.07224822945151232, 0.1392065806825198, -0.03244223594776474, -0.125776953678442, -0.08904856645514392, 0.011935975099131357, -0.04220040088031707, -0.1341508871145286, 0.059664818849905155, 0.04061988452320875, 0.11500452712652698, 0.12314533541597827, 0.16857564042133566, -0.09346713238964444, -0.14316476499079023, -0.021848085898510172, 0.04601023817771033, -0.02446858097022586, -0.14540732813358054, 0.007909381239114777, 0.0782322203399497, 0.052166821881376446, 0.09751196966131459, 0.1194150809351423, 0.1334950777752162, -0.17443278281140195, -0.1251568924238905, -0.03966476877584213, 0.016584799299519726, -0.11893165498436264, -0.251987453177484]",C:\Users\einob\OneDrive - King's College London\AA - Individual Project Files\Visual Python Code\Residual Outputs\diagnostics_borough_simple\diag_Good_job_Westminster_Q1_1516-Q4_2526.png,"[0.7576272504885698, -1.3736534707945436e-05]","[0.026312553909780108, 2.8389745028716006e-06]","[9.794973351136042e-30, 1.7145484314825826e-05]",Good job,Q1_1516-Q4_2526
Barking and Dagenham,False,41,"[0.8936551645168046, -3.4724881227593895e-05]","[2.652676927603679e-29, 0.0017142363476901313]",0.22532091236713514,0.2054573460175746,0.2641125248433458,0.32592883900834374,-0.7100234793512636,"[0.025788610463831227, 0.06522485595186757, 0.007002147270111394, 0.0068426116353305375, 0.016434771985048426, 0.0014696496360134077, 0.009035066868950045, 0.038985479697348425, 0.013813430887544909, 0.0007893632318535811, 0.005521470929747162, 0.059834303170767635, 0.001706405840393086, 0.014830877627824753, 0.019987457099781423, 0.002478403190544976, 0.002637177826519923, 0.06926878685954924, 0.00786765730919557, 0.0014614557837212966, 0.002027259796946853, 0.03727517619226481, 0.00456831165646137, 0.015391096073403783, 0.00918092468852044, 0.0009409716687241141, 0.019370571005047552, 0.03501217954261203, 0.007330200142988563, 0.004535815817988901, 0.07860047919905461, 0.012807732534026268, 0.014915718516774482, 0.006619556970836553, 0.02155536509625196, 0.00015843766289122343, 0.0029810169745003736, 0.0353175935991228, 0.012904992389111792, 0.014289480242387376, 0.04900970844200692]","[0.18324626684214773, 0.026027094327596433, 0.024421721307077968, 0.03192492772392987, 0.024481101678688992, 0.026916478633085397, 0.02797670491577523, 0.04526063138227117, 0.02846177248197587, 0.03936296847221852, 0.17469712922351893, 0.02729715221870839, 0.024437278955140803, 0.02980899769461786, 0.02905031824619795, 0.027673816858184673, 0.027098836958555937, 0.05032507824192757, 0.033364889142760534, 0.03331430179481741, 0.18667467775500768, 0.024502634095957068, 0.02473043786439419, 0.030264302230874836, 0.02542511831286802, 0.026537658117094312, 0.033965639206142276, 0.027552391879355938, 0.03676070365992988, 0.03063894990140832, 0.17573550400836738, 0.1892700059067453, 0.024425952466592966, 0.026554210010149414, 0.030034354403721944, 0.024541619465021286, 0.026092641846681856, 0.03025064879832816, 0.03407057893655299, 0.026925445630253505, 0.049899058405355946]","[0.8729029590214202, 0.7947490108025644, 0.8009524606104355, 0.7864988985261119, 0.8002543741870433, 0.7930037947440841, 0.791290309886667, 0.7762338549821411, 0.7905922234632748, 0.7801685239139878, 0.8709673557565603, 0.7923533051222869, 0.8007303422029924, 0.7888470074047945, 0.7897989434366929, 0.7917504123020845, 0.7926864827334513, 0.7732828532832563, 0.785086860078796, 0.785134456880391, 0.8736645078469389, 0.8000639869806636, 0.7986678141338793, 0.7883075769867188, 0.7962245116520069, 0.7937018811674762, 0.7845315640601886, 0.7919407995084642, 0.7821517239804427, 0.7878792057723646, 0.8712053397645348, 0.874235669466078, 0.8030149886795486, 0.7936701499664129, 0.7885772921957567, 0.804141446317295, 0.7946062203977796, 0.7883234425872504, 0.7844363704569988, 0.7929879291435524, 0.8303831495966265]","[-0.022902959021420255, 0.1152509891974356, 0.03904753938956451, 0.03350110147388807, 0.059745625812956726, 0.01699620525591594, -0.04129030988666704, -0.06623385498214118, -0.050592223463274855, -0.010168523913987815, -0.01096735575656027, 0.10764669487771317, 0.01926965779700751, 0.05115299259520545, 0.0602010565633071, -0.02175041230208452, -0.022686482733451308, -0.08328285328325635, -0.03508686007879602, -0.015134456880390945, 0.006335492153061062, 0.0899360130193364, 0.03133218586612063, 0.05169242301328114, 0.04377548834799305, -0.013701881167476171, -0.054531564060188664, -0.08194079950846422, -0.03215172398044275, -0.02787920577236458, -0.04120533976453489, 0.01576433053392201, 0.05698501132045142, 0.03632985003358702, 0.061422707804243304, 0.005858553682705048, -0.0246062203977796, -0.07832344258725044, -0.044436370456998775, -0.05298792914355244, -0.0703831495966265]",C:\Users\einob\OneDrive - King's College London\AA - Individual Project Files\Visual Python Code\Residual Outputs\diagnostics_borough_simple\diag_Trust_MPS_Barking_and_Dagenham_Q1_1617-Q4_2526.png,"[0.8936551645168046, -3.4724881227593895e-05]","[0.017917794943120412, 7.2076144148377675e-06]","[6.071854616502681e-37, 2.2217579305684638e-05]",Trust MPS,Q1_1617-Q4_2526
Barnet,False,41,"[0.8800062033808095, -3.372211978351869e-05]","[1.2538971907753691e-24, 0.060428972637841014]",0.08749025268520472,0.06409256685662035,0.06241200517749921,0.08779694812847012,-1.2008439062000236,"[0.0008400845795754328, 0.01923744471290709, 0.006975023368012211, 0.044070338896806296, 0.011507431150280219, 0.0003480275711804902, 0.008581383321081744, 0.015898855636538006, 0.03149830694051159, 0.005340313403081931, 0.0003649403779064159, 0.018619757073451714, 0.011825062890297909, 0.03998856240844674, 0.01876262893142983, 0.0034826378950475936, 0.011906505488965593, 0.02069190789775941, 0.0411895740662968, 0.00027903821398098566, 0.006081675802636341, 0.005465317669548081, 0.0333133059330536, 0.05624250153446773, 0.003595921792577993, 0.0018490509192275978, 0.0057635738576652246, 0.04386992567302748, 0.033054590715745576, 0.0014439191109943165, 0.00039425243427608855, 0.01779493109654781, 0.0044960311257155345, 0.03778848262957063, 0.0469284892243179, 0.0003579627494953568, 0.0036334275703233713, 0.011937399744911379, 0.037526655943110894, 0.011842679603055975, 0.010531828680928876]","[0.18194841045535515, 0.025516522547251102, 0.028324071815607157, 0.036825247055614393, 0.025380904143992696, 0.03033596038374602, 0.025788774899205256, 0.027819943071846084, 0.027392266687123044, 0.030267128006623893, 0.17731252273208004, 0.025170478282045158, 0.026122259195266225, 0.03939927553051108, 0.028551883532182475, 0.025986633710518323, 0.026022604385763124, 0.028388506587752077, 0.03187401412201406, 0.0319405458129642, 0.18815100442131508, 0.025822455560381957, 0.03069628571926241, 0.04336004755760783, 0.02651488489994325, 0.025658059779117677, 0.025841881582159706, 0.04839443094191688, 0.030306411721820803, 0.029123032888886794, 0.19326235771183112, 0.18429231326217932, 0.024613784938363623, 0.0379774601535358, 0.03394796257009505, 0.024440805593915503, 0.02533951991937617, 0.02581279162122311, 0.02678844932224, 0.02832407181560717, 0.04096403506175911]","[0.864493875842108, 0.8061862326313104, 0.8022366953015238, 0.7956281492869903, 0.8149947402286635, 0.8002879104348527, 0.8056665566668648, 0.8027996775963399, 0.8033106922947113, 0.8003485392973714, 0.8636970393632913, 0.8069484240458307, 0.8050949131059746, 0.7941384115222463, 0.8019941798514492, 0.805320106023901, 0.8052594771613824, 0.802167405172931, 0.799014704321961, 0.7989627367255163, 0.8655418890370733, 0.8056059278043461, 0.7999761048561853, 0.792077030196612, 0.8044886244807881, 0.8059090721169394, 0.8055712827400497, 0.7897471496226809, 0.800313894233075, 0.8014138750244848, 0.8663906931123344, 0.8648922940815162, 0.8087066610588716, 0.794943909267137, 0.7974903214929205, 0.8116947978544339, 0.8065586670724965, 0.8056232503364943, 0.8040988675074539, 0.8022366953015238, 0.8281685259273598]","[0.005506124157891978, 0.08381376736868962, 0.04776330469847623, 0.1043718507130097, 0.06500525977133653, -0.010287910434852665, -0.05566655666686482, -0.07279967759633987, -0.10331069229471135, -0.040348539297371366, -0.0036970393632913545, 0.08305157595416934, 0.06490508689402541, 0.09586158847775372, 0.07800582014855084, -0.03532010602390101, -0.06525947716138236, -0.08216740517293097, -0.10901470432196103, -0.008962736725516285, 0.014458110962926707, 0.04439407219565383, 0.10002389514381471, 0.107922969803388, 0.03551137551921191, -0.02590907211693938, -0.045571282740049734, -0.08974714962268093, -0.10031389423307502, -0.021413875024484774, 0.0036093068876655865, 0.02510770591848377, 0.04129333894112841, 0.09505609073286303, 0.11250967850707949, -0.011694797854433836, -0.03655866707249644, -0.0656232503364943, -0.1140988675074539, -0.06223669530152376, -0.04816852592735976]",C:\Users\einob\OneDrive - King's College London\AA - Individual Project Files\Visual Python Code\Residual Outputs\diagnostics_borough_simple\diag_Trust_MPS_Barnet_Q1_1617-Q4_2526.png,"[0.8800062033808095, -3.372211978351869e-05]","[0.014677814618378169, 1.0373740885760386e-05]","[5.070785606948104e-40, 0.0023753515004641783]",Trust MPS,Q1_1617-Q4_2526
Bexley,False,53,"[0.928858684404428, -6.108919453373647e-05]","[4.746846306255656e-34, 0.0002625574201101791]",0.23179355529949797,0.21673068383478233,0.0017073510056836074,0.29484023820668764,-1.1023647810251083,"[0.0013330323267160419, 0.033775593620383806, 0.01733793049063926, 0.011564773171473903, 0.013754742096618505, 0.009730163252314027, 0.00270695076161663, 0.01385570933354939, 0.01385570933354939, 0.0038922795912781382, 0.0038922795912781382, 0.004463063791706237, 0.004463063791706237, 0.0008740550890863889, 0.024567767459267965, 0.015936188267236306, 0.0077372349170697075, 0.043486202754044426, 0.0062503863527425775, 0.010488540356321739, 0.006084503032232327, 0.006084503032232327, 0.010058541401390597, 0.010058541401390597, 0.0012098915228584241, 0.0012098915228584241, 0.0011954291036084268, 0.025595184786867235, 0.01373192525812474, 0.01882156728478682, 0.019407804792876616, 0.008707463969618804, 0.015201661324386509, 0.009291306465942563, 0.009291306465942563, 0.007331482067626327, 0.007331482067626327, 0.0077486134943111715, 0.0077486134943111715, 0.0015335985336210943, 0.005530264377483267, 0.017216686907184413, 0.005720346309958044, 0.026566518522311677, 0.009533318258559765, 0.00032781972424536195, 0.007007514596133473, 0.003670139314217171, 0.003670139314217171, 0.004803824034741791, 0.004803824034741791, 0.09388822403455596, 0.09388822403455596]","[0.1722876154100284, 0.019438525817852277, 0.01904821885107332, 0.029426790963327818, 0.019680918159657477, 0.019011642432556403, 0.021109924953425743, 0.02460162834125671, 0.02460162834125671, 0.0244931732870989, 0.0244931732870989, 0.02208328223369055, 0.02208328223369055, 0.1672563356100449, 0.018879696495795042, 0.018869116895933596, 0.029617778220867287, 0.02628174292663313, 0.02030377475593271, 0.0216230746240761, 0.026988194989633577, 0.026988194989633577, 0.023396140915102365, 0.023396140915102365, 0.021158862381512426, 0.021158862381512426, 0.16418376871823992, 0.01889089335860634, 0.020900876972747267, 0.03143673410447817, 0.019624741449364984, 0.02256650182874914, 0.0197360172516541, 0.028517717352679453, 0.028517717352679453, 0.021370169074063947, 0.021370169074063947, 0.020382734968678203, 0.020382734968678203, 0.17365963324245234, 0.1753629111383953, 0.02089860390592192, 0.02256650182874914, 0.02511061029074951, 0.02071754010729818, 0.02105189745115539, 0.02243024561817871, 0.025641233128365342, 0.025641233128365342, 0.021032724019837072, 0.021032724019837072, 0.049347822616109406, 0.049347822616109406]","[0.9063287102770762, 0.8176463698726046, 0.808649251491715, 0.7871106953677671, 0.8187617151264339, 0.8089962477929064, 0.8004700529636335, 0.7936292687401472, 0.7936292687401472, 0.7938027668907428, 0.7938027668907428, 0.7982145770058898, 0.7982145770058898, 0.9047672269217152, 0.8127140653056707, 0.8116235055019265, 0.7868876263170013, 0.7911259382815525, 0.8027503143714623, 0.7992307804593788, 0.7901593057282338, 0.7901593057282338, 0.795661675647125, 0.795661675647125, 0.8003461257132081, 0.8003461257132081, 0.9038005943683964, 0.810731229298863, 0.8010153328655056, 0.7848552194100233, 0.8052536448300569, 0.7972231590024861, 0.8047827212784402, 0.7882012551715113, 0.7882012551715113, 0.799825631261421, 0.799825631261421, 0.8025024598706114, 0.8025024598706114, 0.9067500629285228, 0.9072705573803098, 0.8227521725901343, 0.7972231590024861, 0.7928361343374242, 0.8222564635884324, 0.8006187656641441, 0.797495798953422, 0.7920429999347011, 0.7920429999347011, 0.8006683365643142, 0.8006683365643142, 0.8539818396973546, 0.8539818396973546]","[-0.006328710277076155, 0.11235363012739541, 0.08135074850828505, 0.05288930463223285, 0.0712382848735661, 0.06100375220709364, -0.030470052963633476, -0.06362926874014718, -0.06362926874014718, -0.0338027668907428, -0.0338027668907428, -0.038214577005889816, -0.038214577005889816, 0.005232773078284847, 0.09728593469432933, 0.07837649449807349, 0.043112373682998695, 0.10887406171844749, 0.04724968562853771, -0.059230780459378796, -0.040159305728233785, -0.040159305728233785, -0.055661675647124986, -0.055661675647124986, -0.02034612571320804, -0.02034612571320804, 0.006199405631603594, 0.09926877070113704, 0.06898466713449436, 0.06514478058997664, 0.08474635516994311, 0.052776840997513896, -0.07478272127844021, -0.048201255171511304, -0.048201255171511304, -0.04982563126142103, -0.04982563126142103, -0.05250245987061142, -0.05250245987061142, -0.00675006292852276, 0.012729442619690223, 0.07724782740986569, 0.04277684099751389, 0.08716386566257583, 0.0577435364115676, -0.010618765664144103, -0.04749579895342204, -0.032042999934701055, -0.032042999934701055, -0.040668336564314234, -0.040668336564314234, -0.11398183969735465, -0.11398183969735465]",C:\Users\einob\OneDrive - King's College London\AA - Individual Project Files\Visual Python Code\Residual Outputs\diagnostics_borough_simple\diag_Trust_MPS_Bexley_Q1_1617-Q4_2526.png,"[0.928858684404428, -6.108919453373647e-05]","[0.020163574878350448, 9.868922199088843e-06]","[3.151618099726033e-43, 1.0321062105940655e-07]",Trust MPS,Q1_1617-Q4_2526
Brent,False,41,"[0.8721436748101102, -2.7546332617703166e-05]","[6.047140377639947e-32, 0.0037339154590595365]",0.19615004919557533,0.175538511995462,0.3070495178816193,0.5352299496498649,0.11755101254522238,"[0.002901956446930121, 0.028621184756319286, 0.0006318168659707933, 0.008702072913131083, 0.030522369332351005, 1.5099040437672517e-05, 0.009166596906057246, 0.0031534208494785696, 0.022567371134640378, 5.042028420616199e-05, 0.037781851607313545, 0.00018704943687086677, 0.010463474158689222, 0.05477688571630264, 0.002416145215117266, 0.008107376472982273, 0.03100575910489599, 0.013877139468868085, 0.013833379673092693, 3.8364030689011086e-05, 0.012223368335465714, 0.0008219676206302319, 0.0052862544847724095, 0.06880085735882015, 0.0007272992369081358, 0.000747950874849733, 0.03111399332137154, 0.014118590841817132, 0.014183327731099064, 0.0036146623959600103, 0.056570084062807974, 0.00046106931168752305, 0.003493394157546229, 0.0014533170985168238, 0.08162912307885316, 0.010560112491743443, 0.002472859703951268, 0.002396719481894772, 0.031552185488670094, 0.004340085314958861, 0.08953251732245505]","[0.18044941646610385, 0.026373458128434262, 0.030990769587690602, 0.02705678042533198, 0.0244312285165249, 0.024435106754150886, 0.026794505360268995, 0.0354124953369291, 0.03885346750654043, 0.035928124964710116, 0.17970181504200736, 0.02730059993617758, 0.02885199357786286, 0.027834118196878213, 0.02956670356219545, 0.026474923102850746, 0.02769653161392776, 0.03772289894562931, 0.038555939770232736, 0.04733247181031434, 0.18119881288445147, 0.032248161264692765, 0.028450150869121407, 0.02794620683177072, 0.024842388144977287, 0.024886208254006087, 0.02624380801611012, 0.03341151771458491, 0.032459510892636746, 0.032174851500211994, 0.18850353651551002, 0.1858756173041194, 0.025712459704394924, 0.026765560308398537, 0.024929301797383747, 0.026430587634144465, 0.024923816940713446, 0.025047922169406364, 0.031223690613768923, 0.028293242701953, 0.04666929933288196]","[0.8565229321275073, 0.7963421362397832, 0.7913162615832114, 0.7953693863062532, 0.801562560883061, 0.8015220296358306, 0.795726061281881, 0.788065655555332, 0.7859742431982424, 0.7877332993280426, 0.85639323213637, 0.795053242577856, 0.7932941864480558, 0.7944047426221693, 0.7925889427462466, 0.7961881175003077, 0.794566867611091, 0.7866308494033752, 0.7861444744366102, 0.7817022497401565, 0.8566526321186446, 0.7903029804024511, 0.7937157114192522, 0.794275042631032, 0.7995278922720941, 0.7993900860315106, 0.7965447924759353, 0.78943561171172, 0.7901408554135294, 0.7903597241485736, 0.8579009945333415, 0.8574551508138069, 0.7974607986633427, 0.7957665925291113, 0.7992603860403733, 0.8086231041505998, 0.7992765985392655, 0.7989280298130839, 0.7911217115965055, 0.7938859426576199, 0.8228738906768146]","[-0.006522932127507319, 0.06365786376021676, 0.0086837384167886, 0.03463061369374676, 0.068437439116939, -0.0015220296358305907, -0.03572606128188094, -0.018065655555332016, -0.04597424319824239, 0.0022667006719574445, 0.02360676786363003, -0.005053242577855999, 0.03670581355194413, 0.08559525737783069, 0.01741105725375347, 0.03381188249969225, -0.06456686761109098, -0.03663084940337524, -0.036144474436610174, -0.0017022497401564252, 0.013347367881355376, 0.009697019597548984, 0.026284288580747717, 0.09572495736896802, 0.010472107727905966, 0.010609913968489426, -0.06654479247593537, -0.03943561171172005, -0.04014085541352941, -0.020359724148573566, -0.027900994533341494, 0.002544849186193132, 0.02253920133665721, 0.014233407470888748, 0.11073961395962673, -0.038623104150599774, -0.019276598539265444, -0.018928029813083835, -0.06112171159650548, -0.023885942657619896, -0.08287389067681461]",C:\Users\einob\OneDrive - King's College London\AA - Individual Project Files\Visual Python Code\Residual Outputs\diagnostics_borough_simple\diag_Trust_MPS_Brent_Q1_1617-Q4_2526.png,"[0.8721436748101102, -2.7546332617703166e-05]","[0.014746136356071856, 5.7230834887087545e-06]","[8.576187017673499e-40, 2.2540890132750384e-05]",Trust MPS,Q1_1617-Q4_2526
Bromley,False,41,"[0.9078277061909361, -5.1979085642865675e-05]","[5.370200758689333e-23, 0.01688798486791564]",0.13776110081313775,0.11565241109039781,0.0022982025954385293,-0.09263658633347913,-1.488022431844345,"[0.006253871394922049, 0.028149449508620857, 0.009913039737368195, 0.020067877924161294, 0.016103626246531125, 0.0035680866388362615, 0.004399927542406067, 0.029686058704438207, 0.008836062017792226, 0.025274522284372707, 0.0006803265660834515, 0.006939327653911709, 0.015570502215690977, 0.03389141091958147, 0.02029357902757272, 0.0006317840249438208, 0.009112899630576744, 0.025596397709784852, 0.01199374134811359, 0.020566599080023916, 0.011792102852377577, 0.010535649654604027, 0.01633369013177624, 0.0361077201484608, 0.01767730693403712, 1.9336642930505712e-05, 0.012711466471572803, 0.029751120186848626, 0.01588109191426453, 0.015676473126253008, 0.0022633390282221226, 0.00034620060015733796, 0.00998644783422141, 0.017640025434624704, 0.02152501782748569, 0.006622861724441779, 0.004542137914180708, 0.016043591921038828, 0.024284233171163638, 0.0197616949649471, 0.08744785609942761]","[0.1863554028739592, 0.02682015224579384, 0.02792870475209758, 0.030498486393612363, 0.02484904298927099, 0.025680039984355127, 0.027193984973493335, 0.030401595000666276, 0.030198272774535483, 0.03354081859643423, 0.17461665397994985, 0.024915676929163584, 0.027007705000375134, 0.03643292302898369, 0.027541929004458995, 0.02809725567501572, 0.027674309051645293, 0.03481780748565663, 0.03892311221234211, 0.03533241090591531, 0.18274407359260403, 0.025663331461933767, 0.027585753100515652, 0.04230738439515273, 0.02591322925336082, 0.032570816094169196, 0.02545603339891446, 0.03059615240758573, 0.03384090158677458, 0.02812572875428894, 0.19749841417525726, 0.1816315949916538, 0.025248812384709246, 0.028596112649807243, 0.02834764129466214, 0.02591130465664309, 0.02655913462782117, 0.02567445837342779, 0.029180139117986635, 0.029431003119254527, 0.04829169670575331]","[0.887098511544412, 0.795628577416475, 0.7935651089524213, 0.7897847087129335, 0.8099468433235345, 0.7983378642547745, 0.7948882490362419, 0.7899107220542498, 0.7901785004045468, 0.7862405834884139, 0.8840899430204865, 0.8009683927547513, 0.7952505373925262, 0.7833895316411336, 0.7942424306619962, 0.7932815789344596, 0.7940061556470281, 0.7849331950722578, 0.7812000498357636, 0.7844291417069927, 0.8861849148198692, 0.798385119257768, 0.7941636723236735, 0.7785065146651287, 0.7977077975481932, 0.7872959452219375, 0.7989994342966847, 0.7896586953716174, 0.7859255501351232, 0.7932343239314661, 0.8898550533857051, 0.8859013848019076, 0.7996767560062596, 0.7924782438835686, 0.7928720355751818, 0.8135067202157187, 0.7961798857847335, 0.7983536159224389, 0.7915961504943547, 0.7912338621380706, 0.8369136983652132]","[-0.017098511544412, 0.11437142258352506, 0.06643489104757871, 0.09021529128706651, 0.09005315667646552, 0.04166213574522548, -0.04488824903624189, -0.10991072205424979, -0.060178500404546864, -0.09624058348841391, 0.005910056979513523, 0.059031607245248696, 0.08474946260747385, 0.10661046835886645, 0.09575756933800383, 0.016718421065540445, -0.06400615564702816, -0.09493319507225784, -0.06120004983576366, -0.08442914170699278, 0.02381508518013087, 0.07161488074223199, 0.08583632767632654, 0.10149348533487135, 0.0922922024518068, 0.00270405477806257, -0.07899943429668477, -0.10965869537161732, -0.07592555013512325, -0.08323432393146613, -0.009855053385705137, 0.0040986151980924035, 0.07032324399374035, 0.08752175611643143, 0.09712796442481819, 0.056493279784281314, -0.04617988578473353, -0.08835361592243896, -0.10159615049435478, -0.09123386213807061, -0.14691369836521329]",C:\Users\einob\OneDrive - King's College London\AA - Individual Project Files\Visual Python Code\Residual Outputs\diagnostics_borough_simple\diag_Trust_MPS_Bromley_Q1_1617-Q4_2526.png,"[0.9078277061909361, -5.1979085642865675e-05]","[0.02052391067496255, 1.2019441307707337e-05]","[6.057877574278793e-35, 0.00010254382606302125]",Trust MPS,Q1_1617-Q4_2526
Camden,False,41,"[0.8559799319459239, -1.9689351842969023e-05]","[1.0063519755777848e-22, 0.02096994631322739]",0.12924157424087246,0.10691443511884358,0.0015789020723731234,0.416295228808652,-1.2249101950697845,"[0.013953143178939748, 0.060312928709171376, 0.03954812398942936, 0.011683555330400042, 0.0004334474120862007, 5.881400240094659e-05, 0.010990938733014592, 0.012907954455274654, 0.02140783044928576, 0.012835100357840091, 0.041379553038388514, 0.07873436182144039, 0.026819405507059017, 0.01789382771628418, 0.00010653793186349444, 6.657445576238737e-06, 0.017561901360973423, 0.012795050186879334, 0.021803022030552947, 0.012967600228039082, 0.027094602416024648, 0.07912519907310755, 0.019502642710635315, 0.03213751590199441, 0.002805893546941529, 0.0022802211078020622, 0.010473586800474374, 0.016812279446922537, 0.029076150232046842, 0.009652980694247583, 1.07235269190727e-06, 0.028124199949285, 0.04123249538847992, 0.021819681485367507, 0.0054087627124479645, 0.002227191301392695, 0.008305241194811418, 0.01321165973155352, 0.012864329270650175, 0.020828723027401134, 0.045428927161967156]","[0.16867539581345037, 0.039940100041397336, 0.028084524402023574, 0.03446149944886935, 0.03939592651950798, 0.028310729972559047, 0.024645998599278088, 0.03557334506138625, 0.036383288360557084, 0.033125976983977096, 0.1513875042310933, 0.05191506976204364, 0.026930354349879733, 0.03728323991179875, 0.025044444155129852, 0.025133058857994404, 0.02449132295767831, 0.03097309518038556, 0.038558987421000945, 0.03740707236935309, 0.1543774005170715, 0.047656579014891266, 0.02761035503734062, 0.04543068677103599, 0.029102101771312658, 0.024688895435118957, 0.025306637308152757, 0.035449051128180295, 0.04624055538803883, 0.03061043055294159, 0.16613817751945778, 0.1453543569640276, 0.0287753936004324, 0.032551056963882594, 0.03344232718925394, 0.04875398224892605, 0.02513553194044544, 0.025781421171748368, 0.0341724455760021, 0.033193900265420226, 0.04250777923695554]","[0.8409507506746889, 0.736664723524536, 0.7498761609263075, 0.7416963135137213, 0.787758317958479, 0.7753807939813584, 0.7591335369213076, 0.7405813056762669, 0.7398036111341768, 0.7431205252052598, 0.836097187146946, 0.7281475628165857, 0.7520218482773753, 0.738969697709526, 0.7677256561393391, 0.7680723392484635, 0.7603609825238835, 0.7456691145480129, 0.7378359502445513, 0.7388572599444045, 0.8369592100128772, 0.7309116578758215, 0.7507100743509583, 0.7324576771462415, 0.7766269792114545, 0.7660109802212368, 0.7561820455868693, 0.7407031132551485, 0.7318861185068741, 0.746137605236019, 0.8402573844564399, 0.834326292346283, 0.748751783275093, 0.7437670423547083, 0.7427738420961354, 0.794701349954729, 0.7680817090622236, 0.7547297244540504, 0.7419961475540453, 0.7430455666951788, 0.7902600582324314]","[0.029049249325311055, 0.14333527647546396, 0.14012383907369252, 0.06830368648627871, 0.012241682041521096, -0.005380793981358378, -0.07913353692130753, -0.07058130567626686, -0.08980361113417679, -0.0731205252052598, 0.05390281285305398, 0.14185243718341434, 0.11797815172262471, 0.08103030229047392, -0.0077256561393390655, 0.0019276607515364974, -0.10036098252388348, -0.07566911454801284, -0.08783595024455126, -0.0688572599444045, 0.043040789987122796, 0.14908834212417854, 0.09928992564904171, 0.09754232285375841, -0.036626979211454525, -0.03601098022123683, -0.07618204558686925, -0.08070311325514845, -0.09188611850687411, -0.06613760523601897, -0.00025738445643996855, 0.04567370765371703, 0.14124821672490706, 0.09623295764529172, 0.04722615790386464, -0.024701349954728946, -0.06808170906222366, -0.08472972445405036, -0.07199614755404526, -0.09304556669517883, -0.12026005823243135]",C:\Users\einob\OneDrive - King's College London\AA - Individual Project Files\Visual Python Code\Residual Outputs\diagnostics_borough_simple\diag_Trust_MPS_Camden_Q1_1617-Q4_2526.png,"[0.8559799319459239, -1.9689351842969023e-05]","[0.026849883974150716, 6.618016217446361e-06]","[1.5168438314152018e-29, 0.00500655861970458]",Trust MPS,Q1_1617-Q4_2526
Croydon,False,41,"[0.8506550851598191, -4.327101667418117e-05]","[2.9055889858340095e-24, 0.00492631154776731]",0.18559328296699007,0.1647110594533232,0.21642790152964392,0.013954253904967696,-1.1137248951738243,"[0.008444269046596585, 0.021020902896926943, 0.01233299055115802, 0.01145255393594309, 0.009807345891920916, 0.002382239587031065, 0.012044364852717059, 0.027237881964197613, 0.0047900011171359514, 0.011609548186612523, 0.00255103198282328, 0.03343608199650118, 0.006544500327562583, 0.04873949163544871, 0.00608087445429106, 0.001014366507126866, 0.011813434508896787, 0.022224066687228903, 0.006936757711490894, 0.01159271753655027, 0.00025867055768940596, 0.02536988271604973, 0.004697256650712378, 0.047347972717668045, 0.0003502719607617975, 0.0019022581984496673, 0.040133988319235314, 0.021770298090585966, 0.004250576670835208, 0.022320108757022155, 0.0038191911883202583, 0.0007611811512162052, 0.01504755247921173, 0.01003672845558422, 0.024981832591493423, 0.005337143361893587, 0.021869685339447956, 0.017925711738153268, 0.0022465402490165574, 0.016495949216618625, 0.0846825915749632]","[0.18586238809885167, 0.02450926898271052, 0.024471389002359966, 0.025795052909636608, 0.024807174650255552, 0.028020076715805222, 0.030656147439727263, 0.028612051119946427, 0.033679805511924975, 0.03592776117544143, 0.16100473182068528, 0.02483194104178861, 0.024675413328149313, 0.032860757111185246, 0.036819847080950124, 0.028259610782173924, 0.03314312515634228, 0.03821386665246222, 0.04267834691790232, 0.03617419705106799, 0.1870436124348348, 0.02441565999456774, 0.025148533753431367, 0.03230990975889256, 0.02525050411271095, 0.031946666949303745, 0.027706341556704296, 0.03278093085775392, 0.0379848320987217, 0.025452379927119906, 0.20141687941574196, 0.17818279539721316, 0.024418150208193823, 0.024922995292551438, 0.03191835304754376, 0.02441535357874996, 0.0265223508367871, 0.025008986517015573, 0.03539704897903963, 0.03061320925795693, 0.04614155347579945]","[0.8267779990827319, 0.7426544620504708, 0.7430420770841897, 0.7372389262936546, 0.740716386881876, 0.7325986206042763, 0.7287446196975851, 0.7316351203776035, 0.7252339349636163, 0.7229857677680464, 0.8202106929400079, 0.7405945650141358, 0.7414362433730683, 0.7261199121835453, 0.7221551641243629, 0.7321999308553082, 0.7258098201565701, 0.7209147960164624, 0.7173155135605006, 0.7227531987478151, 0.827077016394458, 0.743850531297375, 0.7392655991842423, 0.7267400962374957, 0.7389001335810216, 0.7271609354169619, 0.7331412816514828, 0.7262085099055382, 0.7211141408909463, 0.7382356506660748, 0.8306319999894232, 0.8248066997683898, 0.7459547271947063, 0.7401737258346694, 0.7271941595627093, 0.7458993536184608, 0.7354669718537965, 0.7398082602314487, 0.7234952046695056, 0.7287999932738306, 0.7749372570016346]","[-0.01677799908273181, 0.08734553794952915, 0.06695792291581038, 0.06276107370634543, 0.05928361311812402, 0.027401379395723735, -0.05874461969758504, -0.09163512037760346, -0.035233934963616376, -0.05298576776804631, -0.01021069294000787, 0.10940543498586419, 0.04856375662693169, 0.11388008781645464, 0.03784483587563714, 0.017800069144691788, -0.0558098201565701, -0.07091479601646233, -0.03731551356050056, -0.05275319874781503, 0.0029229836055419955, 0.09614946870262497, 0.04073440081575774, 0.11325990376250428, 0.011099866418978421, 0.022839064583038082, -0.11314128165148285, -0.07620850990553818, -0.03111414089094633, -0.08823565066607475, -0.010631999989423213, 0.005193300231610132, 0.0740452728052936, 0.059826274165330595, 0.08280584043729078, 0.04410064638153921, -0.08546697185379648, -0.07980826023144871, -0.02349520466950561, -0.06879999327383057, -0.1249372570016346]",C:\Users\einob\OneDrive - King's College London\AA - Individual Project Files\Visual Python Code\Residual Outputs\diagnostics_borough_simple\diag_Trust_MPS_Croydon_Q1_1617-Q4_2526.png,"[0.8506550851598191, -4.327101667418117e-05]","[0.01691516145090787, 7.603479768710295e-06]","[4.419040620202262e-37, 1.3914820407163677e-06]",Trust MPS,Q1_1617-Q4_2526
Ealing,False,41,"[0.901516123937938, -3.6423785373423725e-05]","[5.579073720471538e-28, 0.007388630787325895]",0.17000507504347118,0.14872315389073976,0.367808581241276,-0.12439575505419642,-0.690536905008404,"[0.006692705842720004, 0.025759122982054065, 0.005072332134485425, 0.01764041271634984, 0.02045948656295303, 0.00028614821285405167, 0.003604165300558245, 0.0010493337050151781, 0.04332591424109858, 0.00507702064132614, 5.019719168896946e-06, 0.009005552930563671, 0.014237247466257603, 0.032121735687016977, 0.030186723527505156, 0.0014696596092487267, 0.0064705093988995524, 0.004418732337916226, 0.055624460568248345, 0.0021996754237824643, 0.011660716577459167, 0.009684182279517502, 0.006227014019014552, 0.060741443945595774, 0.009283883413117797, 0.0036427547245233725, 0.01039809293308261, 0.00902550929507801, 0.03620357112661495, 0.009170501197815695, 0.025849531058826074, 0.029426619716245057, 0.0034792578344642897, 0.01892678351266821, 0.027909213092578877, 0.0002638564645233677, 0.011541171110164724, 0.003282533975541108, 0.027246002426600965, 0.009256493747251893, 0.13018504165596892]","[0.18400307241165043, 0.026055069992272372, 0.024831005784810786, 0.028279874060647154, 0.02440077990790191, 0.02754056237948271, 0.02682500746693782, 0.030221043416461948, 0.030808706470180608, 0.03599759219042441, 0.16912079656986023, 0.025309718817210627, 0.02594331796582005, 0.03314426156122546, 0.03203684664690984, 0.02728746673957752, 0.02689727090100135, 0.04240218684650614, 0.03400315233981122, 0.036299737015659854, 0.18696919607543747, 0.025826251535559258, 0.02593378386345699, 0.03286317728279928, 0.02551472662919539, 0.02668365087668134, 0.026279673583171553, 0.036659382326195984, 0.03497688872533575, 0.03479073558253622, 0.19174205468981118, 0.18902731856059318, 0.024652637918723092, 0.029205711900593623, 0.02700764747576575, 0.025144596956290857, 0.024645176972606424, 0.028242187185571217, 0.03261961717718029, 0.03374360874992806, 0.04606450644821554]","[0.8827543250081356, 0.8106340096084877, 0.8138783820305107, 0.8071019099686095, 0.8167854190936689, 0.8081238376734058, 0.8092350600320192, 0.8048100138539696, 0.8041948729054513, 0.7996706104453827, 0.8796290121245355, 0.8123504512874173, 0.8108622070571315, 0.8019922714446285, 0.8029943558930208, 0.8085008595450781, 0.8091160004935962, 0.7953348589211502, 0.8012580709576874, 0.7994424129967389, 0.8833595443284518, 0.8111102477621792, 0.8108820503135353, 0.8022403121496761, 0.8118246049927164, 0.8094731791088648, 0.8101974579676039, 0.7991745290352874, 0.800464340701535, 0.8006131651245636, 0.8843219422640366, 0.8837762527129318, 0.8199702617464804, 0.8059510010971885, 0.808937411185962, 0.8218156845920348, 0.8147018771712689, 0.807151518109619, 0.802458587970118, 0.8014763467781294, 0.841430743547201]","[-0.012754325008135559, 0.07936599039151226, 0.03612161796948932, 0.06289809003139046, 0.07321458090633115, -0.008123837673405743, -0.029235060032019144, -0.014810013853969517, -0.09419487290545137, -0.02967061044538266, 0.0003709878754645235, 0.047649548712582646, 0.05913779294286847, 0.07800772855537152, 0.07700564410697919, -0.018500859545078074, -0.039116000493596204, -0.025334858921150172, -0.10125807095768746, -0.019442412996738878, 0.01664045567154826, 0.04888975223782077, 0.03911794968646465, 0.10775968785032397, 0.04817539500728363, -0.029473179108864822, -0.05019745796760389, -0.0391745290352874, -0.08046434070153508, -0.04061316512456359, -0.02432194226403661, 0.026223747287068222, 0.030029738253519622, 0.06404899890281146, 0.08106258881403805, 0.00818431540796516, -0.05470187717126884, -0.02715151810961902, -0.07245858797011806, -0.04147634677812939, -0.13143074354720108]",C:\Users\einob\OneDrive - King's College London\AA - Individual Project Files\Visual Python Code\Residual Outputs\diagnostics_borough_simple\diag_Trust_MPS_Ealing_Q1_1617-Q4_2526.png,"[0.901516123937938, -3.6423785373423725e-05]","[0.019419573731947217, 8.690619678527641e-06]","[9.518823690242765e-36, 0.00015397793476244415]",Trust MPS,Q1_1617-Q4_2526
Enfield,False,41,"[0.8265068952427822, -2.8428965915743968e-05]","[7.867465465468697e-31, 0.0038125083162705875]",0.19535957690108552,0.17472777118060057,0.08016164277944253,-0.24309804162342624,-1.0439494723516034,"[0.06897586160206089, 0.024702078369341206, 0.03421304902056886, 0.0014197745733431316, 0.00434077808696864, 0.0002150731014025574, 0.03359093248247714, 0.015758184117571836, 0.04481490715754547, 0.027887767037125793, 0.0001102337644225103, 0.031476653907358515, 0.008795811483135874, 0.002355404196757214, 0.011696386606566809, 0.00045061441817604165, 0.043604045447362266, 0.02359070494035444, 0.008956890021889966, 0.013085600174299123, 0.020081399531466527, 0.011987949087739142, 0.012337474208755908, 0.0038435534058762068, 0.004056525529463329, 0.0017487223136645074, 0.016247096153987537, 0.05752275002847614, 0.003917168461524768, 0.0004634039847342112, 0.13868020779869822, 0.019833934047593888, 0.007168817829559315, 0.02909302970203696, 0.00031746707568186674, 0.001212052332771668, 0.015859532022009803, 0.01585868572613214, 0.042688920581778665, 0.01354712860385561, 0.007349304173058157]","[0.1840536874232881, 0.02440186664667194, 0.02688673983934708, 0.02934230922257404, 0.02470903275842643, 0.03087745991831308, 0.032945142483065015, 0.03129867641980435, 0.03243164375655949, 0.028140620125096175, 0.17866408984942528, 0.024836251682054923, 0.024998194177357217, 0.03275351993187225, 0.03318484929294792, 0.027696756756748132, 0.02998274294769076, 0.030214221976926792, 0.03537533996039004, 0.028299891893461427, 0.18695609250343984, 0.024394424422435876, 0.027668627297807058, 0.037400603761200524, 0.02901166361095235, 0.030671819714249433, 0.02738052290423911, 0.032040860353375555, 0.03761113919891755, 0.027591890883377844, 0.19409920622161553, 0.18794589174927942, 0.02439393826953526, 0.028724656175427094, 0.028986702480438352, 0.024391376349991944, 0.029982742947690766, 0.029991911985564394, 0.027626658417634994, 0.02869244112707562, 0.04334379256373174]","[0.8122744925527097, 0.756576863381209, 0.749072975522218, 0.7462040953189527, 0.7535873695958245, 0.7447739628452529, 0.743093987951449, 0.7444121220988952, 0.7434902897212694, 0.7474877684429362, 0.8113181991516212, 0.7590666723263851, 0.7526310761947361, 0.7432404473011652, 0.74291306757827, 0.7480132990507415, 0.7455837968966251, 0.7453684154999836, 0.741362321522451, 0.7473068480697573, 0.8127827926487836, 0.7558101056091651, 0.7480477600742043, 0.7400614178867362, 0.7465400902977135, 0.7449548832184318, 0.748409600820562, 0.7438004389324332, 0.7399321890487512, 0.7481425278887265, 0.8140147742375732, 0.8129550977660969, 0.7558273361208965, 0.7468416242530116, 0.7465659360653105, 0.7559479497030157, 0.7455837968966251, 0.7455751816407594, 0.7480994516093982, 0.7468760852764743, 0.775452888982873]","[-0.032274492552709644, 0.06342313661879095, 0.07092702447778199, 0.0137959046810473, 0.02641263040417552, 0.005226037154747121, -0.06309398795144894, -0.044412122098895224, -0.07349028972126936, 0.06251223155706387, -0.0013181991516211244, 0.07093332767361482, 0.03736892380526391, 0.01675955269883478, 0.03708693242173, -0.008013299050741551, -0.07558379689662509, -0.055368415499983614, -0.031362321522451, 0.0426931519302427, 0.017217207351216346, 0.04418989439083498, 0.041952239925795776, 0.019938582113263825, 0.023459909702286508, -0.014954883218431858, -0.048409600820562004, -0.08380043893243316, 0.020067810951248766, -0.008142527888726492, -0.04401477423757316, 0.017044902233903092, 0.03417266387910356, 0.06315837574698846, -0.006565936065310529, 0.014052050296984309, -0.04558379689662517, -0.045575181640759466, -0.07809945160939813, 0.043123914723525725, -0.025452888982873012]",C:\Users\einob\OneDrive - King's College London\AA - Individual Project Files\Visual Python Code\Residual Outputs\diagnostics_borough_simple\diag_Trust_MPS_Enfield_Q1_1617-Q4_2526.png,"[0.8265068952427822, -2.8428965915743968e-05]","[0.017754988034410845, 7.270141609326447e-06]","[8.568171196097319e-36, 0.000357666073023292]",Trust MPS,Q1_1617-Q4_2526
Greenwich,False,41,"[0.9324067111083127, -5.7251152080103154e-05]","[1.0119825068129269e-24, 0.00023765700437483196]",0.2957856527957069,0.2777288746622636,0.37927083853449606,0.22987933579024136,-0.9058997537478097,"[0.016860775695331412, 0.054289470244939, 0.029399512648087017, 0.01045422285717279, 0.0046442930431352, 0.00030692033380756, 0.018358528482245083, 0.01634291749844685, 0.013073834274402724, 6.628457078802854e-05, 0.0001978021891018366, 0.04255771049604413, 0.03145175684262836, 0.022434882433943742, 0.012057357686774987, 0.0014720766383259174, 0.023902214529787816, 0.021847030985942675, 0.008474868060505993, 8.033864162626304e-05, 0.026776377912269295, 0.03275713967155956, 0.01655164565562192, 0.008611695336940573, 0.00040649753245145334, 0.005323521205551119, 0.019262647990316295, 0.01748779263012878, 0.0013963510621596965, 0.010569415105642263, 0.04378684221626253, 0.04415025154363963, 0.017004369582094114, 0.008974437105589931, 0.00592769458051942, 0.0015050844572858397, 0.005621328808888282, 0.019864319778842992, 0.035074342540834184, 0.0005102390208145142, 0.07983975872524404]","[0.17991740479156976, 0.025041310275665966, 0.026824937565296195, 0.03231282668095961, 0.024514631469165615, 0.02859533745557842, 0.02875348085375387, 0.038109916556811854, 0.031958439173284614, 0.03879433542414235, 0.1720264873671703, 0.025428870110038748, 0.02756250236306956, 0.04326911562099523, 0.03026689574431854, 0.02743527640400307, 0.02704150170258054, 0.037380885788356175, 0.03522919136165302, 0.03844208645040632, 0.18606484330808118, 0.024711791794988433, 0.027707777311258855, 0.0343130757902785, 0.024460822575622237, 0.026945619702801356, 0.026765691143770986, 0.03197012145329521, 0.034339836910009316, 0.02816311660763331, 0.19095899425139115, 0.19068518247029514, 0.02507130457656312, 0.025377605944432072, 0.027390994775844384, 0.024713378885141957, 0.026383367223642987, 0.0259433342004687, 0.027146191970308303, 0.027252909362531223, 0.0447286065828216]","[0.8958855034908282, 0.7719827514002733, 0.7649518247710938, 0.7532468173405442, 0.7762211128049055, 0.760376771105346, 0.7600202734171059, 0.7449483433754, 0.7538409801542777, 0.7440967100090486, 0.8928948839950364, 0.7700022086878283, 0.762892060350151, 0.7389671043838162, 0.7568910159314429, 0.7632287526112667, 0.7643180511031114, 0.7458791984502491, 0.7487905962375432, 0.7445324294057865, 0.8981631276101398, 0.7742207646653361, 0.7625157572347865, 0.7501175598548813, 0.7770331353170078, 0.7645953270828537, 0.7651300736152138, 0.7538211747271533, 0.7500779490006323, 0.7613868478886929, 0.8999456160513403, 0.8998465889157181, 0.7872131248589748, 0.7702398738133217, 0.7633475851740134, 0.7848166681769164, 0.7663382046698052, 0.7678830279855122, 0.7640209696962447, 0.7637238882893779, 0.8215953463470188]","[-0.025885503490828188, 0.14801724859972676, 0.1050481752289062, 0.056753182659455836, 0.043778887195094485, -0.010376771105345961, -0.08002027341710582, -0.0649483433753999, -0.06384098015427775, -0.004096710009048654, -0.002894883995036346, 0.1299977913121717, 0.107107939649849, 0.07103289561618387, 0.06310898406855703, -0.023228752611266668, -0.09431805110311131, -0.07587919845024904, -0.04879059623754323, -0.0045324294057864645, 0.031836872389860216, 0.11577923533466394, 0.07748424276521348, 0.04988244014511878, 0.01296686468299224, -0.04459532708285374, -0.08513007361521374, -0.07382117472715322, -0.02007794900063231, -0.061386847888692975, -0.03994561605134028, 0.04015341108428183, 0.08278687514102523, 0.05976012618667825, 0.0466524148259867, -0.024816668176916412, -0.046338204669805205, -0.08788302798551217, -0.11402096969624465, -0.013723888289377872, -0.13159534634701886]",C:\Users\einob\OneDrive - King's College London\AA - Individual Project Files\Visual Python Code\Residual Outputs\diagnostics_borough_simple\diag_Trust_MPS_Greenwich_Q1_1617-Q4_2526.png,"[0.9324067111083127, -5.7251152080103154e-05]","[0.025482073687214554, 9.372912803110248e-06]","[8.33098380678579e-32, 3.664461485462599e-07]",Trust MPS,Q1_1617-Q4_2526
Hackney,False,41,"[0.8584146760154999, -4.0147073851084665e-05]","[1.1491256930489635e-22, 0.0009834563968508375]",0.24567212449191778,0.22633038409427475,0.5650971870046013,-0.2851603363296536,-0.47332116220508746,"[0.03774301306251731, 0.0491956711894682, 0.03424208468189399, 0.01070730910491411, 0.0010713307085335735, 0.0007484566609175674, 0.002322333728192047, 0.03892526806034709, 0.005916473207418929, 0.0008138108973928931, 0.023590640754372345, 0.030385701571321925, 0.045263417110867156, 0.018893572349401803, 0.010119299902096361, 0.000213426731711651, 0.00365149668492393, 0.032808848083859386, 0.005949085641572369, 0.004714996355874489, 0.03696678005530203, 0.013092943416377725, 0.03102798806780855, 0.015199560329889313, 0.0003848070075119853, 0.0021082887369491244, 0.008964745445117559, 0.03308434617100045, 0.0006656085013995247, 0.03373025724769424, 0.0025346701473349708, 0.042162819850669865, 0.007673764296523693, 0.01590562173189538, 0.0014989363140713954, 0.00020593271439045324, 0.00264202785143801, 0.020900703947396924, 0.03279023957432251, 0.0002865133905850805, 0.19511886862860778]","[0.17291765820369864, 0.03503369015021089, 0.026758278507239858, 0.03783079780051896, 0.026632010030541862, 0.025604546533962172, 0.02886697636522139, 0.027397843850987612, 0.031691226920510074, 0.03005196210199443, 0.16603485033694249, 0.02996457641747595, 0.028257416832456715, 0.05407871424342976, 0.042708569755113245, 0.029000569942738617, 0.025235644162776093, 0.03038119853008853, 0.031542562930207574, 0.03814347210769764, 0.1752633069940971, 0.02580738568691209, 0.03335003951401232, 0.03799348366490487, 0.025645513391089655, 0.02985199107660559, 0.024731248561314513, 0.03271076085869782, 0.03118239647525312, 0.025369366124330092, 0.20370721096416175, 0.15897294085429015, 0.02491834819603777, 0.030462689903733957, 0.02990381081902018, 0.027267816846659507, 0.024523170030130974, 0.024429719049414825, 0.030157722036918147, 0.02486500674225138, 0.06075350648635186]","[0.8192507287828427, 0.6894117091005243, 0.7038967924322231, 0.6860189462666826, 0.7294122279908413, 0.7075684124852848, 0.6990477752313443, 0.7022546332523728, 0.6941212976917932, 0.6968324095453198, 0.8168494582840049, 0.6969873302226641, 0.7003026327178337, 0.6710381167674818, 0.6808600877111151, 0.6987844100798588, 0.7091021271909941, 0.6962592030391456, 0.6943536787078098, 0.6856626287087906, 0.8200563163050334, 0.7068247932340318, 0.6916735509897521, 0.6858330414538694, 0.7074134918079404, 0.6971887271032118, 0.7119216835186617, 0.6925875829860839, 0.6949268852139839, 0.7085134286170854, 0.8293670490134302, 0.8143242512432917, 0.7229365436778464, 0.6961197744295357, 0.6970957746968052, 0.7310853713061605, 0.7137652395790597, 0.7151595256751591, 0.6966465047325066, 0.7110386356577987, 0.7675072225498223]","[0.040749271217157323, 0.12058829089947576, 0.11610320756777681, 0.05398105373331741, 0.020587772009158734, -0.017568412485284846, -0.029047775231344275, -0.12225463325237285, -0.04412129769179318, -0.016832409545319726, 0.033150541715995074, 0.10301266977733592, 0.1296973672821663, 0.058961883232518164, 0.049139912288884924, -0.008784410079858862, -0.03910212719099404, -0.1062592030391456, -0.04435367870780982, -0.035662628708790556, 0.03994368369496659, 0.07317520676596823, 0.0983264490102479, 0.06416695854613064, 0.012586508192059531, -0.02718872710321174, -0.061921683518661674, -0.10258758298608395, -0.014926885213983887, -0.11851342861708547, -0.009367049013430218, 0.04567574875670832, 0.057063456322153594, 0.07388022557046436, 0.022904225303194803, 0.008914628693839521, -0.033765239579059636, -0.09515952567515906, -0.10664650473250659, -0.011038635657798723, -0.17750722254982232]",C:\Users\einob\OneDrive - King's College London\AA - Individual Project Files\Visual Python Code\Residual Outputs\diagnostics_borough_simple\diag_Trust_MPS_Hackney_Q1_1617-Q4_2526.png,"[0.8584146760154999, -4.0147073851084665e-05]","[0.03382049733685516, 9.264737701868816e-06]","[7.371831624271761e-26, 9.983825578764444e-05]",Trust MPS,Q1_1617-Q4_2526
Hammersmith and Fulham,False,41,"[0.9248998063172253, -3.601150618451543e-05]","[7.464881251290215e-26, 0.002106049319462771]",0.2176801777987598,0.19762069517821523,0.09851646385806243,0.031075569958704023,-1.1283274943573658,"[0.02144508751738266, 0.038550731223992135, 0.02902900448607915, 0.022438848091446282, 0.0018881295306546518, 0.00016923205149498773, 0.007828164587501926, 0.05908074169133231, 0.009771224305244732, 0.0025235164246041543, 0.04028510588370929, 0.027180277464787055, 0.039254151751671185, 0.022986159719889335, 0.0047534200602236745, 0.0011815375833195002, 0.009774524533754759, 0.027911439305013545, 0.012180242556640915, 0.0016653913272493704, 0.008728656501883673, 0.04294519693006615, 0.03116937134413116, 0.022034063302143636, 0.0001254087505178299, 0.0003445855227749736, 0.03569821045148395, 0.028010294599680387, 0.008145711726245019, 0.007174267083494327, 0.006965721011924114, 0.001644408766341516, 0.025799786093136358, 0.019928917418199403, 0.005207629279086731, 0.003274367564174278, 0.007126883971944244, 0.02852013146665672, 0.012374079054044905, 0.006819350085806256, 0.057800334755093496]","[0.1747987206749393, 0.028189815007978066, 0.029586284337948385, 0.04182640310697428, 0.028129283129473895, 0.025689031923506623, 0.025011353048584612, 0.03403168238936079, 0.026908994226040688, 0.03564898651540862, 0.1694899289284477, 0.028671384400970057, 0.034585182170626075, 0.04842680297940117, 0.026833489737567988, 0.02612756957218793, 0.02690054809844591, 0.03463626632237986, 0.03281570987662388, 0.030083285104459935, 0.1769621016772841, 0.03280025636067047, 0.034114553042815396, 0.04147236219673252, 0.02450658028779598, 0.02595648899793182, 0.024502713665287047, 0.035435543140526604, 0.03448339686202878, 0.025916748864801355, 0.18543196025254893, 0.17834684157189212, 0.025676920012197325, 0.03077677004439914, 0.02746035743542838, 0.02754631073084386, 0.024484161592498464, 0.025152942841760707, 0.03139685592994561, 0.026677864582130704, 0.05250754835915513]","[0.901030683920592, 0.7960969885080449, 0.7936589562368896, 0.7796599322283204, 0.8247635292446935, 0.8020740998824902, 0.8046694245582362, 0.7875638755590013, 0.7987709593860862, 0.785715689805061, 0.8994184367735377, 0.7952122187322225, 0.7869150443900649, 0.7742923289216641, 0.7989479133412507, 0.8007567759940434, 0.7987906209366601, 0.7868560597383434, 0.7890581534026126, 0.7928724942139364, 0.9016795150895285, 0.7890778149531865, 0.7874655678061322, 0.7799745170375019, 0.8130059220015413, 0.8012483147583892, 0.8080118881557877, 0.7859516284119471, 0.7870330136935079, 0.8013662840618322, 0.9041765320124053, 0.9020924076515789, 0.8021134229836379, 0.7918304320335231, 0.7975519432505086, 0.8236034977608374, 0.8127503218440816, 0.8040402549398735, 0.7909456622577007, 0.7993214828021535, 0.8496353907205924]","[0.028969316079408003, 0.11390301149195514, 0.09634104376311037, 0.07034006777167956, 0.02523647075530644, 0.007925900117509821, -0.0546694245582362, -0.12756387555900128, -0.05877095938608623, -0.025715689805061004, 0.040581563226462225, 0.09478778126777754, 0.10308495560993514, 0.06570767107833586, 0.041052086658749265, -0.020756775994043353, -0.0587906209366601, -0.08685605973834343, -0.05905815340261267, -0.022872494213936334, 0.018320484910471557, 0.1109221850468135, 0.09253443219386781, 0.07002548296249811, 0.0069940779984586365, -0.011248314758389166, -0.11801188815578778, -0.08595162841194715, -0.047033013693507875, -0.05136628406183219, 0.015823467987594708, 0.007907592348421089, 0.09788657701636216, 0.0781695679664769, 0.04244805674949137, -0.033603497760837375, -0.05275032184408157, -0.10404025493987357, -0.060945662257700706, -0.04932148280215354, -0.09963539072059235]",C:\Users\einob\OneDrive - King's College London\AA - Individual Project Files\Visual Python Code\Residual Outputs\diagnostics_borough_simple\diag_Trust_MPS_Hammersmith_and_Fulham_Q1_1617-Q4_2526.png,"[0.9248998063172253, -3.601150618451543e-05]","[0.020664859217684562, 7.396860705915177e-06]","[3.858739981316827e-35, 1.8949938425552148e-05]",Trust MPS,Q1_1617-Q4_2526
Haringey,False,41,"[0.8577504974786533, -3.9433452620336956e-05]","[1.543814982855949e-23, 0.0017543319480199163]",0.2244653961020009,0.2045798934379497,0.03480462632771106,-0.5583417346753845,-0.47892181945686074,"[0.018407415338499312, 0.05864905767797173, 0.010385608387044621, 0.014287986393335428, 0.003356869185190088, 0.0029492062942309237, 0.005055265366972377, 0.02778427577766352, 0.05485054300649703, 0.002067998165612115, 0.03489966143164755, 0.057872887193712926, 0.005295214017384959, 0.023752027956237654, 0.015889963062565213, 0.0006311055200883715, 0.007651585843410585, 0.04863337966856702, 0.017632093201818983, 0.002674851609055398, 0.0779236919450619, 0.01865661751144804, 0.0028964606569029695, 0.006954872472917217, 0.014329332121517907, 0.0012711453220651777, 0.009395958359841108, 0.0481951215236143, 0.005029588099774502, 0.0035620174347211937, 0.001603598004867612, 0.07953386647210811, 0.002373364611195921, 0.003951536447093814, 0.007646136906688458, 0.00418085264416166, 0.006153002718711088, 0.01026420239286414, 0.06545211995888282, 0.0001969144958811433, 0.0805438245752097]","[0.16865634498315507, 0.032740475938085475, 0.04064797843523551, 0.039736671584101775, 0.024458285838516218, 0.02764676627960034, 0.02555494207289436, 0.028430901449296463, 0.026599536109128966, 0.029719825692550043, 0.16605678571545318, 0.043315380309231336, 0.037963763976048705, 0.04334978925957606, 0.03177625765092726, 0.028947006834381384, 0.025542178922230523, 0.03049440915136439, 0.02771128406194524, 0.031467993065977744, 0.17860291365309483, 0.0340934482292788, 0.03208012721784309, 0.04143835745184923, 0.02499983291556738, 0.026196745240529805, 0.024403396468107068, 0.029556826901155894, 0.025597993755170554, 0.024748954725277644, 0.1857025329050229, 0.17161509509610498, 0.0265065267912936, 0.03482077392963422, 0.02747781281855424, 0.02576385240014899, 0.02450719490873489, 0.02639307783358153, 0.024414025995538755, 0.024540353870101714, 0.07572357956371041]","[0.8223968203930039, 0.7098888543530246, 0.7012630943886915, 0.7021286550771539, 0.7336768498255976, 0.7180818339731266, 0.7235587438466738, 0.7165297941179525, 0.7204845110566174, 0.7142763516359207, 0.8215760300849791, 0.6988604173052007, 0.7038896233743708, 0.6988305703849089, 0.7111871953857184, 0.7155896161287605, 0.7236035142271116, 0.7130526279039566, 0.7179475228318135, 0.7116199757299497, 0.8254710531830604, 0.7081875798963915, 0.710769338501633, 0.7005318448415421, 0.7258121863287055, 0.7215590001871226, 0.7308413923978756, 0.7145449739185471, 0.7234095092452147, 0.7271851446621288, 0.8276051079839248, 0.82332207492205, 0.7207232864189519, 0.707322019207929, 0.7184399970166283, 0.7405565649528598, 0.7291251944810965, 0.72102175562187, 0.7305429231949574, 0.7287819548977406, 0.7858044961152444]","[0.027603179606996098, 0.13011114564697535, 0.0487369056113085, 0.05787134492284607, 0.03632315017440246, 0.03191816602687336, -0.0435587438466738, -0.09652979411795248, -0.1404845110566174, 0.025723648364079255, 0.03842396991502084, 0.1111395826947994, 0.036110376625629215, 0.0711694296150911, 0.06881280461428163, 0.014410383871239496, -0.053603514227111515, -0.12305262790395666, -0.0779475228318135, 0.028380024270050264, 0.05452894681693965, 0.07181242010360855, 0.02923066149836695, 0.03946815515845792, 0.07418781367129457, -0.021559000187122646, -0.06084139239787556, -0.12454497391854713, -0.043409509245214695, -0.037185144662128855, -0.007605107983924886, 0.05667792507795, 0.02927671358104811, 0.03267798079207096, 0.05156000298337171, 0.03944343504714021, -0.049125194481096424, -0.061021755621869955, -0.16054292319495744, -0.008781954897740585, -0.09580449611524444]",C:\Users\einob\OneDrive - King's College London\AA - Individual Project Files\Visual Python Code\Residual Outputs\diagnostics_borough_simple\diag_Trust_MPS_Haringey_Q1_1617-Q4_2526.png,"[0.8577504974786533, -3.9433452620336956e-05]","[0.03124182898688043, 9.772410469569567e-06]","[4.0386078111287645e-27, 0.00024647625473277055]",Trust MPS,Q1_1617-Q4_2526
Harrow,False,41,"[0.8655407749956796, -2.6857212743761136e-05]","[2.9303367052014832e-36, 0.011947379917040153]",0.15132428349575944,0.1295633676879585,0.14137467130694614,0.1719915180477407,-0.6743141807240436,"[0.003310222768146152, 0.04425247859740753, 4.951842449020472e-05, 0.0015050314090406611, 0.03876079348549809, 0.001792820471956089, 0.025858850388924187, 0.0005829404938729521, 0.015096621963115116, 0.04000180187556903, 0.002262311040402668, 0.01798145964956021, 0.0005276440412800901, 0.04408426306795588, 0.03214769674496644, 0.00025847021568406773, 0.015205811804873346, 0.00022559797157918976, 0.006583726292525073, 0.06034199415799452, 0.004912845370246005, 0.0010073552288156747, 0.003989660965191287, 0.07097216611849244, 0.008184481287096144, 0.00028599813745349204, 0.007588504125474881, 0.0004929331754934402, 0.029083862609140324, 0.015036550897831133, 0.001247849519773997, 0.0661497335336578, 1.951123690752303e-06, 0.012378960870505608, 0.056456850567034214, 6.511660266496916e-05, 0.008686347162542263, 0.00011116206428411647, 0.014980543701950504, 0.03795521553704553, 0.04635631744917301]","[0.1780373750671373, 0.025217586594192737, 0.02493331167367868, 0.03567373539564905, 0.0244100456803717, 0.025217586594192744, 0.024720948970059768, 0.029704151084147992, 0.027714313734581594, 0.03300243521035354, 0.1710736085934284, 0.024430640578921706, 0.02566487661355981, 0.03771597021889248, 0.031358289220663665, 0.026997117101077207, 0.026916445622802283, 0.026692942140920786, 0.03838057499493822, 0.036510295031153356, 0.18653377151148687, 0.024409046307910076, 0.030423468267997224, 0.040587023722207294, 0.028036546506268294, 0.027714313734581594, 0.028133338584977234, 0.028999537644921997, 0.04648724300169174, 0.03415768547801766, 0.19031125773084276, 0.19198340634517566, 0.024412122052584355, 0.03334353078225054, 0.035077701391914906, 0.025099409143925805, 0.02492802323569815, 0.025577101922745843, 0.031568740904507536, 0.028968700046425086, 0.03887578156314657]","[0.8554334484614832, 0.8173998768948578, 0.8178934187805561, 0.8103977513915132, 0.8204022566995225, 0.8173998768948578, 0.8183561142983983, 0.8134104133187965, 0.8147882177497042, 0.8116110418605215, 0.8546211607746047, 0.8194254550507446, 0.8167726674151162, 0.8095648994593972, 0.812454175915256, 0.8153845808615897, 0.8154565557199207, 0.815662198172295, 0.8093078463939294, 0.8100481592224769, 0.8563999679876423, 0.8203919745769037, 0.8129785641688105, 0.8084955587070509, 0.8145414468068551, 0.8147882177497042, 0.8144694719485241, 0.81386282671402, 0.8065625196547326, 0.8110660893617295, 0.8568215350150096, 0.8570066132221464, 0.8204228209447599, 0.811446527898622, 0.810654804456981, 0.8224072706101718, 0.8179037009031748, 0.8168857707639221, 0.8123410725664502, 0.8138833909592573, 0.8308797396479927]","[-0.005433448461483192, 0.06260012310514218, 0.0021065812194438482, 0.009602248608486796, 0.05959774330047751, 0.012600123105142136, -0.048356114298398256, 0.006589586681203463, -0.0347882177497042, -0.051611041860521456, -0.004621160774604727, 0.04057454494925539, -0.006772667415116174, 0.05043510054060274, 0.04754582408474395, 0.004615419138410237, -0.03545655571992068, 0.004337801827704935, -0.01930784639392935, -0.06004815922247686, -0.006399967987642308, 0.009608025423096245, 0.017021435831189424, 0.061504441292949075, 0.02545855319314483, -0.004788217749704171, -0.024469471948524113, 0.006137173285979958, -0.03656251965473256, -0.0310660893617295, 0.0031784649849904145, 0.022993386777853564, -0.0004228209447599829, 0.02855347210137793, 0.05934519554301898, -0.0024072706101718744, -0.027903700903174733, 0.003114229236077848, -0.032341072566450135, -0.053883390959257316, -0.05087973964799264]",C:\Users\einob\OneDrive - King's College London\AA - Individual Project Files\Visual Python Code\Residual Outputs\diagnostics_borough_simple\diag_Trust_MPS_Harrow_Q1_1617-Q4_2526.png,"[0.8655407749956796, -2.6857212743761136e-05]","[0.010016284061308594, 6.8490469358338486e-06]","[3.628184448081728e-46, 0.00034624193420988036]",Trust MPS,Q1_1617-Q4_2526
Havering,False,41,"[0.9382216980607773, -5.6102299106101065e-05]","[3.043596535941786e-34, 2.6713434179742433e-06]",0.4356307412772529,0.42115973464333634,0.6093318855373941,0.3113610661145704,0.0019036585500664671,"[0.0003651387631260039, 0.07833327781861579, 0.026830073362616016, 0.0014992670893289818, 0.0003985997213940064, 2.4003312486688893e-05, 0.001167997853054629, 0.022110232774973797, 0.03455867202331962, 4.080894420560408e-06, 0.00036513876312600454, 0.04418064862129816, 0.017789832562397884, 0.0026807402589277838, 0.004683067130020173, 0.0003469822233046283, 0.004709873189662953, 0.03117464155532789, 0.006359369378579743, 0.0005252753394926568, 0.0392236520206126, 0.05569407451900702, 0.004180831664444254, 0.015372188675447904, 0.005166630459492194, 0.0015885166002779353, 0.019693642823759357, 0.04629926616129751, 0.001699520633491825, 0.012128770606708379, 0.0026915421016679574, 0.0017907390284494108, 0.03540773932811096, 0.00047507186571364506, 0.010717729335609287, 2.4918221400091448e-05, 0.014236309729938936, 0.009806212979064872, 0.03396817637868759, 0.0010649315293888037, 0.13549893568534604]","[0.17224511938728326, 0.027077401852205526, 0.026693286120463833, 0.028934643315167624, 0.032552807848574, 0.024396744090981408, 0.03281407807993236, 0.04071942787369426, 0.037627061349209866, 0.03414064145831183, 0.17224511938728346, 0.025897906869161793, 0.026428765712451088, 0.02662347845903181, 0.025452931748452406, 0.02594811950889364, 0.031678020867540874, 0.049388979214858464, 0.040300697361399414, 0.03625233775102277, 0.17600278644848327, 0.028280684721989132, 0.02844232927015587, 0.028666966487564654, 0.024395147354954187, 0.02550125307483099, 0.027359906011499187, 0.049825419372082874, 0.030813703357102668, 0.027890967517438102, 0.17757642139016366, 0.1809654966785818, 0.024554347668740817, 0.026338781244217683, 0.02620370945419005, 0.028988426297598274, 0.02583455636728189, 0.03172502202076055, 0.0397963015518248, 0.026478704245831607, 0.046941501208788775]","[0.9122955901823835, 0.8103252748852824, 0.8112244462567875, 0.8066857717149051, 0.8435517979466095, 0.8218432319774177, 0.8009910196953736, 0.7925773447191483, 0.7955531737819862, 0.7993639476897931, 0.9122955901823835, 0.8133653304746564, 0.8118881203643268, 0.811395716994217, 0.8148211317428073, 0.8132154685794055, 0.8024896386478818, 0.7854910179580019, 0.7929627038783648, 0.7969875662079584, 0.9134302588178541, 0.807863258034733, 0.8075635342442314, 0.8071567662428363, 0.8229564917707096, 0.8146498610053778, 0.8097044184621004, 0.7851698853253215, 0.8037099426520672, 0.8086125675109872, 0.9139012533457853, 0.9149074689281838, 0.8194454416534044, 0.8121236176282924, 0.8124875679453301, 0.8382852227706518, 0.8135580100542646, 0.8024254121213458, 0.793433698406296, 0.8117596673112546, 0.8575317718892942]","[-0.0022955901823834557, 0.09967472511471764, 0.05877555374321253, 0.013314228285094876, 0.006448202053390473, -0.0018432319774177586, -0.010991019695373527, -0.04257734471914831, -0.05555317378198621, 0.0006360523102069138, -0.0022955901823834557, 0.07663466952534359, 0.048111879635673205, 0.018604283005782984, 0.02517886825719262, 0.006784531420594431, -0.022489638647881782, -0.04549101795800192, -0.022962703878364743, -0.006987566207958373, -0.0234302588178541, 0.08213674196526699, 0.02243646575576852, 0.0428432337571637, 0.02704350822929036, -0.014649861005377796, -0.049704418462100386, -0.05516988532532152, -0.013709942652067153, -0.038612567510987184, 0.006098746654214726, -0.0049074689281837225, 0.07055455834659563, 0.007876382371707513, 0.03751243205466992, 0.0017147772293482078, -0.04355801005426463, -0.032425412121345754, -0.05343369840629597, -0.011759667311254551, -0.09753177188929418]",C:\Users\einob\OneDrive - King's College London\AA - Individual Project Files\Visual Python Code\Residual Outputs\diagnostics_borough_simple\diag_Trust_MPS_Havering_Q1_1617-Q4_2526.png,"[0.9382216980607773, -5.6102299106101065e-05]","[0.01333413243387568, 6.699571178738999e-06]","[1.0429571237349496e-42, 3.0216516209281756e-10]",Trust MPS,Q1_1617-Q4_2526
Hillingdon,False,41,"[0.8603412488548796, -1.743039287077352e-05]","[4.951621025265534e-31, 0.0811901745426308]",0.07593363327978442,0.052239623876702,2.463888646575585e-06,-2.3635282539157183,7.614834807282648,"[0.00020470809315207926, 0.010522165451084252, 0.006168579272032174, 0.0017052869631323567, 0.005627155671767775, 0.006908280768977353, 0.001123007019111144, 0.003067339567583783, 0.007202685933352169, 0.014167792237861876, 0.00627101783442688, 0.009960411726393642, 0.002880177783891983, 0.015291386690322773, 0.0006273353475251469, 0.010571151097034224, 0.001042934984985674, 0.0002660079085250357, 0.007332159306810879, 0.04022892613757311, 0.007864100371535765, 0.0179419421470992, 0.0003483793090449245, 0.018129361187988965, 0.0033442032578224305, 0.00042578109815693356, 0.0027548645103822236, 0.004423269699724109, 0.0072844714497845835, 0.1383612996875678, 0.010500232918524326, 0.01825612299773654, 0.0057984290083257645, 9.296172657410224e-05, 0.007871354276112156, 0.004992529044913968, 0.0001431765181272442, 0.0046474583944316195, 0.007198878883642092, 0.007234795309186357, 0.3335610399821765]","[0.17853325829344188, 0.024644365997371038, 0.02461751006647085, 0.027397473012200104, 0.024390440584215956, 0.025363286291279902, 0.027994247720987967, 0.024704934745541134, 0.03778013090390199, 0.046477339660489336, 0.1689590770004648, 0.024412822167648833, 0.02450006680381568, 0.029090542809438763, 0.0319838620222755, 0.02467272134807638, 0.02909967987858906, 0.024677216794321437, 0.04778289686277745, 0.059501909896742575, 0.1770723581481332, 0.025793079430248084, 0.02858439579058073, 0.03205366976292226, 0.025129940301341615, 0.029577435083725866, 0.03203036502681384, 0.02439676534859102, 0.042894143000006976, 0.04247972329609537, 0.18846833980610403, 0.18809084880598625, 0.02441476098302539, 0.027084644139532814, 0.02663496707962143, 0.025145663435114464, 0.025788094600558174, 0.02793055581271718, 0.026828296803090228, 0.03961143502398322, 0.03340673546175688]","[0.8518798654326531, 0.8169289388926283, 0.8170030116094559, 0.813601364536682, 0.8183306226110577, 0.8156241194962042, 0.8131569282357166, 0.8167750955576787, 0.8083934827535743, 0.8055787195141265, 0.8508200557918895, 0.8178861863100922, 0.8173961667987715, 0.8124275968700297, 0.8108378824088841, 0.8168548661758007, 0.8124218989687353, 0.8168434703732118, 0.8052083559299887, 0.8022625409607691, 0.8517203241964092, 0.8150885167745279, 0.8127523772438121, 0.8108036950011176, 0.8159659935738699, 0.8121313060027194, 0.8108150908037064, 0.8180742170528085, 0.8066556228587736, 0.8067866745885454, 0.8529453729747113, 0.8529054876656503, 0.817869092606209, 0.8138520721936369, 0.814239529481658, 0.8206439705365958, 0.8150942146758223, 0.813202511446072, 0.8140685924428251, 0.807738224104715, 0.8264159445478518]","[-0.0018798654326531716, 0.04307106110737169, 0.0329969883905441, 0.01639863546331799, 0.031669377388942266, 0.03437588050379581, -0.01315692823571657, 0.02322490444232128, -0.02839348275357423, -0.0355787195141265, -0.010820055791889494, 0.04211381368990774, 0.022603833201228496, 0.04757240312997024, 0.009162117591115848, 0.04314513382419927, -0.012421898968735245, -0.0068434703732117574, -0.025208355929988713, -0.0522625409607691, -0.011720324196409226, 0.054911483225472124, 0.007247622756187844, 0.04919630499888239, 0.024034006426130072, 0.007868693997280518, 0.019184909196293565, -0.028074217052808437, -0.026655622858773542, -0.11678667458854541, -0.012945372974711322, 0.017094512334349665, 0.032130907393790986, -0.003852072193636813, 0.03576047051834197, 0.02935602946340421, 0.004905785324177625, 0.02679748855392794, -0.03406859244282512, -0.027738224104714937, -0.20641594454785184]",C:\Users\einob\OneDrive - King's College London\AA - Individual Project Files\Visual Python Code\Residual Outputs\diagnostics_borough_simple\diag_Trust_MPS_Hillingdon_Q1_1617-Q4_2526.png,"[0.8603412488548796, -1.743039287077352e-05]","[0.018388334838662177, 6.757624744735488e-06]","[7.05463666939913e-36, 0.013783196534984846]",Trust MPS,Q1_1617-Q4_2526
Hounslow,False,41,"[0.9194646840817089, -4.084320120715736e-05]","[8.570942943865674e-28, 0.001726786707272288]",0.2250510675097157,0.2051805820612469,0.214244520001734,-0.28679487714758434,-0.6553488707267339,"[0.00028549666629142144, 0.03332977229901761, 0.007770098805793882, 0.022627163146963027, 0.014885808645735993, 0.0007134998420258699, 0.002413763774420761, 0.010991201932349856, 0.007477236216487183, 0.038289264344153924, 0.007371351841981236, 0.01968340862903576, 0.013771074686488114, 0.02795844653636844, 0.006642688776772451, 0.00032026595305326117, 0.001313386345756606, 0.014085930354640097, 0.002792629539212786, 0.04958865064464691, 0.007336945283696815, 0.01568178594926311, 0.037297732300504746, 0.018740861528951207, 0.002291740578733029, 0.0004132164651051918, 0.01271519055617073, 0.015474509721126736, 0.015811929368996877, 0.0537600018756248, 0.03012659961840721, 0.0003667583811916201, 0.007963089320798679, 0.019035888123209905, 0.02049481359985986, 8.324265444389162e-05, 0.0005741750777614925, 0.008677982576865209, 0.011272024341721991, 0.017567652567363094, 0.14347412331338696]","[0.18474981073577657, 0.026447008735162904, 0.027071834563824476, 0.03105522000587663, 0.024413948333401287, 0.026661612927691997, 0.027690456990138907, 0.03225812550254464, 0.02948267557487088, 0.03735702247689324, 0.17903391411378522, 0.026038368980340888, 0.02558147332029804, 0.030247888332187473, 0.02990003052156942, 0.02551486236941398, 0.02570012193034307, 0.0543755671806703, 0.0384292682974267, 0.04066582931780047, 0.17919892995791534, 0.026668282297640046, 0.03105522000587663, 0.03269824370580033, 0.02444793618667853, 0.025473052985255314, 0.025959849385621445, 0.039269929651118564, 0.034777051561813474, 0.02948267557487088, 0.18688478128040864, 0.1832414374836361, 0.02465708803364608, 0.02876175227492149, 0.026421719619430312, 0.02618176061307549, 0.024675675228469755, 0.026021382028908153, 0.030617423532693876, 0.02580855919665482, 0.04502220918554785]","[0.897270142078451, 0.80690462495663, 0.8056007310458383, 0.7995489625685771, 0.8151106529386773, 0.8064369238799329, 0.8044527374939456, 0.7981175138186862, 0.8016323582738637, 0.7930153202547189, 0.8958103478087605, 0.8078683726298238, 0.8091014027411159, 0.8005835740412705, 0.8010512751179675, 0.8092998213797146, 0.808761256503518, 0.7809968198595959, 0.7920799181013249, 0.7902374593143368, 0.8958528660884602, 0.806422751120033, 0.7995489625685771, 0.7976214672221894, 0.8145579153025809, 0.8094273762188138, 0.8080667912684225, 0.7913712801063294, 0.7954388621976034, 0.8016323582738637, 0.8978087069546477, 0.8968874775611535, 0.8127863203150922, 0.802695315266357, 0.8069613159962296, 0.8246772658711161, 0.812672938235893, 0.8079108909095235, 0.8001017002046735, 0.8084636285456199, 0.8452135949660845]","[0.002729857921549006, 0.09309537504337007, 0.044399268954161686, 0.07045103743142289, 0.06488934706132266, 0.013563076120067019, -0.02445273749394561, -0.04811751381868623, -0.04163235827386369, -0.08301532025471892, 0.014189652191239577, 0.0721316273701762, 0.060898597258884135, 0.07941642595872955, 0.03894872488203249, -0.009299821379714523, -0.01876125650351801, -0.04099681985959591, -0.022079918101324925, -0.0902374593143368, 0.014147133911539878, 0.06357724887996696, 0.09045103743142291, 0.06237853277781058, 0.025442084697419043, 0.010572623781186175, -0.05806679126842251, -0.05137128010632941, -0.05543886219760341, -0.11163235827386375, -0.027808706954647655, 0.003112522438846521, 0.04721367968490775, 0.06730468473364304, 0.07303868400377045, -0.004677265871116165, -0.012672938235892994, -0.047910890909523496, -0.05010170020467353, -0.06846362854561994, -0.14521359496608455]",C:\Users\einob\OneDrive - King's College London\AA - Individual Project Files\Visual Python Code\Residual Outputs\diagnostics_borough_simple\diag_Trust_MPS_Hounslow_Q1_1617-Q4_2526.png,"[0.9194646840817089, -4.084320120715736e-05]","[0.01917580058422049, 7.892060006208161e-06]","[2.7537628789331718e-36, 7.194457236901092e-06]",Trust MPS,Q1_1617-Q4_2526
Islington,False,41,"[0.8170146719228112, -2.2693089742683328e-05]","[8.320991614679033e-18, 0.10875326638503674]",0.06461877954350315,0.040634645685644344,0.0023268705295653104,0.23951742501353573,-1.376664166113991,"[0.05294551303881716, 0.09650989804164155, 0.03325613833306677, 0.01394780581182287, 0.0010148202291254212, 0.0017420997308451199, 0.012977863862599682, 0.02222322763226708, 0.012786877307902254, 0.008101218349487025, 0.026789778727418556, 0.12578443330834774, 0.030202498918548242, 0.014844204256031526, 0.0019213131093291614, 0.00635332694684457, 0.018283705550150096, 0.015252965574648447, 0.00784546172378808, 0.005645945556385217, 0.03886693403951036, 0.07093688323285113, 0.029373565789672467, 0.00618075914052971, 0.0013200093048476693, 0.008135206034874755, 0.018250441928196776, 0.018253170118357656, 0.007789424096857766, 0.00996355075785539, 0.09685497214594281, 0.02681733859248049, 0.026781419292429418, 0.01807287693333069, 0.002589224824847575, 0.0001612481693894378, 0.022219976832968825, 0.015333327649440906, 0.015511301597721993, 0.00772640723452392, 0.03820351541910939]","[0.1553986753983446, 0.07017665756464271, 0.030844121919081594, 0.03087506939071343, 0.03203273303383453, 0.025190898378512773, 0.024469419592320466, 0.0282655673530535, 0.02983595091194892, 0.038674770655029646, 0.15871536478055942, 0.07114222355416878, 0.031871155871908, 0.041972974522981626, 0.026852288248190886, 0.024474050273773536, 0.025070630650404786, 0.026532486374019226, 0.033358443131964774, 0.03306931240107189, 0.15716864806807243, 0.04769891494788538, 0.031294775549237076, 0.04320117200629828, 0.026906599858801204, 0.02463659513658937, 0.025864549791977644, 0.025270870913203652, 0.03210592353794553, 0.02785395977173843, 0.18462959209147145, 0.15632875952343156, 0.026890619554438267, 0.028467740911316937, 0.029639008434964816, 0.039161516679818535, 0.024396106119584836, 0.024946413783914136, 0.024620754049560017, 0.030488537479054233, 0.049606147784171314]","[0.7906009208822207, 0.6965025876432108, 0.7183376757703789, 0.7183062433018657, 0.7457467883138874, 0.7360865429908312, 0.7300095990782797, 0.7212923278106195, 0.7194063796998276, 0.711935929683191, 0.791344822637033, 0.6961358755105569, 0.7173318367779565, 0.7097985218242935, 0.7233563932429862, 0.7299676891202621, 0.7272016318911007, 0.7239012226972149, 0.7159907181213935, 0.7162421778694991, 0.7909990654833878, 0.7065190676094165, 0.7178871437216897, 0.7090546200694812, 0.7396593669118314, 0.7288989851908133, 0.7251899539062561, 0.7266148924788544, 0.7171118094983642, 0.7218476347543527, 0.7968664596058513, 0.7908104706723086, 0.7232935283059597, 0.7210303905730095, 0.71962640697942, 0.7513208127302278, 0.731067825518224, 0.7276102539817723, 0.7289828051068485, 0.7187043879030328, 0.7574082341322838]","[0.06939907911777932, 0.15349741235678915, 0.1416623242296211, 0.0916937566981344, 0.024253211686112608, -0.03608654299083125, -0.10000959907827967, -0.1212923278106195, -0.08940637969982757, -0.06193592968319095, 0.048655177362966984, 0.1738641244894431, 0.13266816322204344, 0.08020147817570655, 0.036643606757013836, -0.06996768912026208, -0.11720163189110067, -0.10390122269721491, -0.06599071812139345, -0.05624217786949903, 0.05900093451661215, 0.16348093239058348, 0.13211285627831026, 0.05094537993051884, 0.03034063308816859, -0.07889898519081329, -0.11518995390625608, -0.11661489247885437, -0.06711180949836415, -0.08184763475435264, 0.08313354039414866, 0.049189529327691384, 0.13670647169404027, 0.10896960942699041, 0.04037359302057997, 0.008679187269772237, -0.13106782551822405, -0.10761025398177226, -0.10898280510684855, -0.0687043879030328, -0.11740823413228374]",C:\Users\einob\OneDrive - King's College London\AA - Individual Project Files\Visual Python Code\Residual Outputs\diagnostics_borough_simple\diag_Trust_MPS_Islington_Q1_1617-Q4_2526.png,"[0.8170146719228112, -2.2693089742683328e-05]","[0.0476389310156406, 1.3343782279767808e-05]","[9.207078624079511e-20, 0.0969711294674166]",Trust MPS,Q1_1617-Q4_2526
Kensington and Chelsea,False,41,"[0.8936606924824031, -1.404164591852522e-05]","[2.2348267268725203e-26, 0.09096784556561782]",0.07151383463401373,0.04770649706052699,0.011420387057731216,-0.07014447221780588,-0.9531707419042359,"[0.03010663393332231, 0.022164344830692736, 0.020994536681709468, 0.025909971409003883, 0.0012760584895400657, 0.006284211487683369, 0.007812526211119872, 0.007428867009921356, 0.002538842918448458, 0.025178959242954567, 0.030412417492313857, 0.04265453838899661, 0.03093312031898226, 0.06270673744553684, 0.0005553330647738774, 0.0031557966625536094, 0.010691734325081, 0.00780374190326088, 0.004526557818323697, 0.030563188788587825, 0.03025095949427585, 0.026202427208818477, 0.027252696739816912, 0.06275750252748423, 0.010161057710991716, 2.060085104016477e-05, 0.018603216961834586, 0.002253716239035383, 0.007569263940881753, 0.028689299876035478, 0.030019337449991277, 0.04925196492688773, 0.018996966885723075, 0.020246566068694332, 0.006367629595321419, 0.0071639791560983435, 0.008242027179864258, 0.008215222193996088, 0.0026909826012156543, 0.014406146935759895, 0.1617052117514498]","[0.1712213357396438, 0.0270628756630959, 0.026276860759209715, 0.034279364993915235, 0.03829489219341862, 0.024599924110623603, 0.024953489531289473, 0.029142568780438163, 0.030610366928002238, 0.03108266653729801, 0.1462634753914529, 0.04117442740852327, 0.0384162545987554, 0.0700181065427403, 0.02479657931350252, 0.024953489531289473, 0.028158953328461474, 0.04331788122019403, 0.03847276425978308, 0.04329602775144629, 0.16543459275676842, 0.02635354024779006, 0.03064801771406177, 0.053422523170384185, 0.025489163599587968, 0.026068981640890155, 0.026095123106848205, 0.03727382376821365, 0.035366344654501586, 0.02610169003102676, 0.17409684850394602, 0.162407703146057, 0.025059905291458975, 0.02944291285127397, 0.026563016646994706, 0.03784886289781613, 0.024433443446361572, 0.02444569475700528, 0.02819807131615127, 0.026917064361513022, 0.05194037150826678]","[0.8850422803406056, 0.8314318393585606, 0.8324503789753185, 0.8255458556117193, 0.8523412824525807, 0.8395899499427848, 0.8348792042152795, 0.8293066172735946, 0.8280824110034529, 0.8277200459474909, 0.8808408044214793, 0.8218340622006497, 0.8232051732232084, 0.8114723803301704, 0.8353199184725306, 0.8348792042152795, 0.8302370140389023, 0.8208449035343752, 0.823175792272725, 0.8208546971845363, 0.8841020899251367, 0.832342648823546, 0.8280530300529695, 0.816800126017827, 0.8418914577306512, 0.8327539821303136, 0.8327148075296691, 0.8238123795331986, 0.8248896810509233, 0.8327050138795079, 0.8855025818981789, 0.883602613766919, 0.834614775660929, 0.829042188719244, 0.8320586329688731, 0.8521062348487135, 0.8369946326500844, 0.8368869024983119, 0.8301978394382578, 0.831608125061461, 0.8582664408000664]","[0.034957719659394426, 0.08856816064143946, 0.08754962102468156, 0.0844541443882807, 0.017658717547419323, -0.04958994994278476, -0.054879204215279476, -0.04930661727359453, -0.02808241100345288, -0.08772004594749094, 0.03915919557852077, 0.09816593779935034, 0.08679482677679162, 0.08852761966982958, 0.014680081527469357, -0.03487920421527946, -0.06023701403890225, -0.0408449035343752, -0.033175792272724935, -0.0808546971845363, 0.035897910074863315, 0.09765735117645402, 0.09194696994703055, 0.10319987398217301, -0.06189145773065119, -0.002753982130313637, -0.08271480752966909, -0.02381237953319859, -0.04488968105092328, -0.10270501387950792, 0.034497418101821165, 0.046397386233081095, 0.08538522433907103, 0.08095781128075608, 0.04794136703112695, -0.04210623484871345, -0.05699463265008442, -0.05688690249831185, -0.030197839438257712, -0.07160812506146097, -0.16826644080006647]",C:\Users\einob\OneDrive - King's College London\AA - Individual Project Files\Visual Python Code\Residual Outputs\diagnostics_borough_simple\diag_Trust_MPS_Kensington_and_Chelsea_Q1_1617-Q4_2526.png,"[0.8936606924824031, -1.404164591852522e-05]","[0.029260732567720885, 7.209705196673516e-06]","[7.591751493096113e-29, 0.05868727120127103]",Trust MPS,Q1_1617-Q4_2526
Kingston upon Thames,False,41,"[0.9026116397123576, -3.720746713072663e-05]","[1.9229981650054541e-28, 0.017072475776919227]",0.13733408829726257,0.11521444953565396,0.05220670588754292,-0.3739747719905306,-0.9905661152549992,"[0.00519726818873695, 0.030770350715548102, 0.01251280300140243, 0.004917800199449896, 0.01197732915480848, 0.00288087264959672, 0.01141129249867008, 0.016378753218101016, 0.035158871506849314, 0.0006194900786378624, 0.005645190199116197, 0.026777316665536427, 0.026925076974510135, 0.009192806393577814, 0.014980438077822471, 0.006748335994907358, 0.008166463548019181, 0.0476763720077645, 0.02208588414582582, 0.0016445233940177953, 0.016005803389630306, 0.018856373538124225, 0.03675472131934091, 0.008203417259426889, 0.0028112966787019475, 0.0017639599662119445, 0.016268777167458084, 0.044491063015674244, 0.012167229629242377, 0.006954756780486266, 1.47198118160773e-06, 0.01652397984644335, 0.01164645293593766, 0.01258001998793692, 0.027315858528763663, 0.0012594537840401557, 0.004747641501196943, 0.007490985330821047, 0.05129622133484184, 0.002165859029992208, 0.07659136354325721]","[0.1751643637628594, 0.02460705672052533, 0.0265107537287423, 0.040514906942671555, 0.02461828673169989, 0.026914860999176563, 0.027419827434225323, 0.03368472396433102, 0.025194728130781864, 0.027741418202098713, 0.17157773970167672, 0.025383178314398618, 0.03888358852182733, 0.04078245427481003, 0.03400532853812166, 0.028984542141919534, 0.025203252682856083, 0.03354079167738101, 0.030423366435522126, 0.031019479667127065, 0.18473965248734006, 0.027502884151989294, 0.03965132253502678, 0.03884752395210659, 0.024502704785201078, 0.02954949821513663, 0.02649697276220701, 0.029169221776826522, 0.025033671679356044, 0.03205789108290652, 0.18642451686379305, 0.18163398048740514, 0.02581951659899969, 0.037925614382750925, 0.033397982555914155, 0.03249742956730618, 0.02592332831912083, 0.027386919233455004, 0.0257412900406988, 0.027083254186692482, 0.04644017576301595]","[0.8880884558838191, 0.8285566855866544, 0.8239296346412815, 0.8119745747824236, 0.832962346534641, 0.8233097426486, 0.8226012946569641, 0.8164909307291033, 0.8265420366104395, 0.8221806536619302, 0.8874021468919217, 0.8260771176159283, 0.8129486907709232, 0.8118196017842533, 0.8162474017319785, 0.8207194796791808, 0.8265198976107008, 0.8166016257277965, 0.8192583056964315, 0.8187048307029658, 0.8898817148626478, 0.8224905996582709, 0.8124837717764121, 0.8129708297706618, 0.8322981765424822, 0.820121726686238, 0.8239517736410202, 0.8205202286815332, 0.826984816605212, 0.8177971317136823, 0.8901916608589885, 0.8893061008694435, 0.825147279626906, 0.8135464437638661, 0.8167123207264896, 0.8440318464039538, 0.8249480286292584, 0.8226455726564413, 0.8253022526250764, 0.8230662136514751, 0.8526660563020179]","[0.011911544116180894, 0.09144331441334563, 0.056070365358718455, 0.02802542521757634, 0.05703765346535905, 0.02669025735139996, -0.05260129465696406, -0.05649093072910327, -0.09654203661043947, -0.012180653661930108, 0.012597853108078372, 0.08392288238407175, 0.06705130922907676, 0.0381803982157467, 0.05375259826802148, 0.03928052032081919, -0.046519897610700744, -0.09660162572779651, -0.06925830569643154, -0.018704830702965802, 0.020118285137352254, 0.06750940034172914, 0.07751622822358795, 0.03702917022933816, 0.027701823457517816, 0.019878273313762018, -0.06395177364102023, -0.10052022868153321, -0.05698481660521193, -0.037797131713682264, -0.00019166085898847385, 0.020693899130556526, 0.054852720373093966, 0.0464535562361339, 0.07328767927351043, 0.015968153596046197, -0.03494802862925839, -0.04264557265644131, -0.11530225262507643, -0.023066213651475098, -0.10266605630201786]",C:\Users\einob\OneDrive - King's College London\AA - Individual Project Files\Visual Python Code\Residual Outputs\diagnostics_borough_simple\diag_Trust_MPS_Kingston_upon_Thames_Q1_1617-Q4_2526.png,"[0.9026116397123576, -3.720746713072663e-05]","[0.015302048893542135, 8.696555832552244e-06]","[9.505748472623717e-40, 0.00011808023512678712]",Trust MPS,Q1_1617-Q4_2526
Lambeth,False,41,"[0.8845480001402413, -4.702577318456563e-05]","[3.6333901594371475e-19, 0.007660208487587135]",0.1686090247099351,0.14729130739480534,0.34160538252821726,-0.00821889563742394,-0.8435939329303546,"[0.019672470478315125, 0.03686586688393612, 0.03138123111494387, 0.02222624426534424, 3.739289033948131e-05, 5.325253318445616e-06, 0.030094062017212656, 0.022277116726079634, 0.008758950750916879, 2.1666069660885332e-05, 0.012778135056779417, 0.05271735411961461, 0.024030301661195498, 0.025050196623855197, 0.0018372591739929617, 0.001194340020559717, 0.0549443694514958, 0.012205549977809527, 0.0007286337445082491, 3.419172425722555e-05, 0.010492006432291857, 0.04603613783637673, 0.015680703220518167, 0.011488947144764172, 0.0003002633933003897, 0.004946631296637892, 0.03865428067292199, 0.01253542373816886, 0.0008979550912413786, 0.005628938341751783, 0.000440146548650694, 0.018446718329735292, 0.024308040429188906, 0.015791104296742783, 0.0004340295196499804, 1.6540971915032465e-05, 0.02452494309056774, 0.02310937079827052, 0.009813573888124958, 0.0020245497941495964, 0.05074723334061934]","[0.1755355231071683, 0.028454533851329233, 0.030135728434408163, 0.032180668820594484, 0.027032263867483086, 0.02522928307851843, 0.02526284656393319, 0.031321931843198786, 0.04248654948189572, 0.03832424503069281, 0.16560696967060914, 0.03501462704781004, 0.030727374313626498, 0.03751152560881401, 0.03136542018813959, 0.03101283028271229, 0.028863301937796078, 0.03276191359828064, 0.04784237763063315, 0.04072176955088219, 0.1780601375067562, 0.02819290126004566, 0.02733439779314747, 0.03143528440617023, 0.024713198343749562, 0.025348020247618282, 0.02509328981534405, 0.02865647001463143, 0.034007581184981095, 0.028905255813612515, 0.18946770616721603, 0.18147259682965045, 0.025055103949828267, 0.027414164979095032, 0.025281431346006175, 0.030929659880278217, 0.024394908941244773, 0.024830692401141254, 0.029595622633972727, 0.026021396923785904, 0.04639849565319907]","[0.8506022296124944, 0.7221471703585652, 0.7187274263586048, 0.7151892496660048, 0.7548345935270193, 0.7320214961073691, 0.73185865115499, 0.7166104419776768, 0.7020580248696195, 0.706736116228873, 0.8469160120540954, 0.7109848890773088, 0.7176467280382709, 0.7077279900297273, 0.7165364215447771, 0.7171433890945538, 0.7212589251637703, 0.71427139629805, 0.6967729659605897, 0.7039677520384287, 0.8515200829804492, 0.7227393338217619, 0.72484151411611, 0.7164179888521379, 0.7453451740292933, 0.7314589408173323, 0.7327172881766252, 0.7217030477611678, 0.7124060813889808, 0.7211701006442909, 0.8555764027033461, 0.8527488221665822, 0.732924545388744, 0.7246342569039912, 0.7317698266355106, 0.7631989024446717, 0.7396307966094458, 0.7342865213540962, 0.7197637124191989, 0.7287794011463675, 0.7823553904790828]","[0.03939777038750558, 0.15785282964143477, 0.14127257364139523, 0.11481075033399513, 0.005165406472980694, -0.002021496107369125, -0.1518586511549901, -0.11661044197767678, -0.06205802486961953, 0.003263883771126963, 0.033083987945904614, 0.16901511092269117, 0.12235327196172907, 0.11227200997027265, 0.03346357845522285, -0.027143389094553827, -0.1912589251637703, -0.08427139629805003, -0.016772965960589636, -0.003967752038428696, 0.02847991701955077, 0.1772606661782381, 0.10515848588388998, 0.08358201114786212, -0.015345174029293362, -0.061458940817332275, -0.17271728817662513, -0.09170304776116778, -0.022406081388980814, -0.06117010064429085, -0.005576402703346139, 0.0372511778334178, 0.13707545461125603, 0.10536574309600877, 0.0182301733644894, -0.003198902444671692, -0.13963079660944577, -0.13428652135409624, -0.07976371241919888, -0.038779401146367576, -0.14235539047908274]",C:\Users\einob\OneDrive - King's College London\AA - Individual Project Files\Visual Python Code\Residual Outputs\diagnostics_borough_simple\diag_Trust_MPS_Lambeth_Q1_1617-Q4_2526.png,"[0.8845480001402413, -4.702577318456563e-05]","[0.026146515564581096, 9.618807149555337e-06]","[1.6200584602708856e-30, 1.7769956105565893e-05]",Trust MPS,Q1_1617-Q4_2526
Lewisham,False,41,"[0.9162160916852828, -7.357623498991966e-05]","[3.1069654065502306e-22, 5.1804899939087526e-05]",0.3463914101680833,0.3296322155570085,0.003607251777155054,0.33987775891748423,-0.8622767605545087,"[0.002638011179720405, 0.03289392086697836, 0.022806097518294776, 0.03592854004047423, 0.0011784693181471641, 0.0008378650812522379, 0.006657763209484432, 0.019202379391574844, 0.005124545835558336, 0.0017165910670555037, 0.0032801035733414836, 0.03388020454164242, 0.0190179073165974, 0.048467771516158595, 0.0003888104970298608, 0.001165171527521549, 0.0038642440441197545, 0.03077362054469084, 0.007180511139027942, 0.004277935849843051, 3.481477823454246e-05, 0.03303634415248434, 0.023245410278809164, 0.03180769915412001, 0.005278258883785006, 0.0005577997704108219, 0.008045448946199192, 0.03783976928938444, 0.009047447945791407, 0.007450794035974505, 0.024279868754378785, 0.0018663822392570068, 0.01933296817310805, 0.031111765915516777, 0.002241154768295516, 0.00549291084864954, 0.0022298937598208488, 0.014602084046605141, 0.02164824920250945, 0.0076837960760307, 0.10390188412748345]","[0.1838448627048157, 0.024471211895996298, 0.02439776232447027, 0.031404975799017236, 0.025622849230431302, 0.026573677452171502, 0.027531594971049726, 0.042861954809166436, 0.03963311345398479, 0.037550013249301926, 0.173120863441466, 0.024571603182276847, 0.025051973638266077, 0.03899366292758533, 0.03557934371087801, 0.02568181176560305, 0.029108275727613618, 0.04105185715511026, 0.04248216410422747, 0.03405497176862457, 0.17758547455373064, 0.024721385756784058, 0.02645018740285618, 0.03205008404575468, 0.0262249123623364, 0.02770568870563589, 0.025609438113205193, 0.029538624293847265, 0.03553886344649508, 0.03151231920871106, 0.18991775582138626, 0.18029593192995597, 0.024951340608145946, 0.02603331526046978, 0.025534827435679877, 0.024665847793471547, 0.02579428467739321, 0.02924074230619629, 0.03218476478717737, 0.025997286979264334, 0.04485838119944693]","[0.8716619705546823, 0.7150860591528576, 0.7174851272137361, 0.6864196438539932, 0.7050736220416403, 0.7006182099285803, 0.697044088123598, 0.666419249917894, 0.6711929057533155, 0.6745467049812782, 0.8664231892788864, 0.713372439109373, 0.708672224132958, 0.6721965974930708, 0.6779739450682476, 0.7047553783192788, 0.69219699142917, 0.669038640555792, 0.6669578162172749, 0.6808381385695005, 0.868626415049081, 0.7255146611317784, 0.7011322959416256, 0.684975306960199, 0.7021115073950455, 0.6964565612515461, 0.7051470629006468, 0.6910219376850663, 0.678047385927254, 0.6861748409906383, 0.8745506443422707, 0.8699483505111977, 0.727619965756631, 0.7029927977031232, 0.7055632277683501, 0.724902653973391, 0.7041678514472269, 0.6918297871341376, 0.6846815435241731, 0.7031641597074717, 0.7733981012040062]","[-0.011661970554682322, 0.13491394084714237, 0.11251487278626382, 0.12358035614600682, 0.024926377958359724, -0.02061820992858021, -0.05704408812359796, -0.07641924991789406, -0.04119290575331547, -0.0245467049812782, 0.013576810721113608, 0.136627560890627, 0.101327775867042, 0.12780340250692923, 0.01202605493175235, -0.024755378319278765, -0.042196991429169994, -0.09903864055579203, -0.046957816217274906, -0.04083813856950047, 0.0013735849509189935, 0.13448533886822156, 0.10886770405837443, 0.11502469303980101, -0.05211150739504544, -0.016456561251546042, -0.06514706290064676, -0.1310219376850662, -0.058047385927254, -0.0561748409906383, -0.03455064434227073, -0.00994835051119769, 0.10238003424336894, 0.1270072022968768, 0.03443677223164987, -0.054902653973391, -0.034167851447226893, -0.08182978713413758, -0.09468154352417313, -0.06316415970747169, -0.17339810120400623]",C:\Users\einob\OneDrive - King's College London\AA - Individual Project Files\Visual Python Code\Residual Outputs\diagnostics_borough_simple\diag_Trust_MPS_Lewisham_Q1_1617-Q4_2526.png,"[0.9162160916852828, -7.357623498991966e-05]","[0.02457123527039722, 9.276592240442421e-06]","[4.0696399489264054e-32, 1.169016767241622e-09]",Trust MPS,Q1_1617-Q4_2526
Merton,False,41,"[0.8790114271752991, -2.912225653523412e-05]","[1.9981625547208823e-29, 0.053301512257550365]",0.0924259406081358,0.06915481088013942,0.02007579076658595,0.09490468151083029,-1.244880153208348,"[0.00034020346407702054, 0.026723550213491, 0.022096391589493204, 0.01884135995093784, 0.0028780150024178925, 0.005115319604629689, 0.027561444277355577, 0.013729081238669167, 0.019441875221020363, 0.0009225527989452502, 0.0005060343647943486, 0.024312748803617217, 0.02703987436029054, 0.048689260687480536, 0.0017307060931388047, 0.00860668644438133, 0.02092273509931415, 0.03202093193040808, 0.008735273082318848, 0.0062519440357677305, 0.006972119433648013, 0.03101041871747187, 0.01886734780416533, 0.023086017637622046, 0.0022899464432947323, 0.013888066354288284, 0.013483914520807841, 0.04647476572155107, 0.0005096063825750952, 1.9954976998277625e-05, 0.002400718154524926, 0.00013102116812897585, 0.028222554260566364, 0.028204195935581006, 0.005425776822192192, 0.0015241120479160691, 0.03371640111645544, 0.013684667851335812, 0.026438061134904264, 2.918648256235059e-05, 0.013461714634315256]","[0.18179927136689458, 0.027986614333597358, 0.02537368473937359, 0.027375544415913822, 0.024451423316662772, 0.02602749873490489, 0.03068610164447915, 0.030915157219781636, 0.02787826034220757, 0.030978337212911, 0.1769866921017752, 0.026571616116241596, 0.028176219897325293, 0.04090337456828665, 0.03669956069439572, 0.028503052648668564, 0.03418792301935246, 0.040769955397179466, 0.04113816031747683, 0.030810533698636615, 0.19111715241600696, 0.026167169042296854, 0.03330758112672079, 0.030644894880054882, 0.026770306142228577, 0.024874095412422532, 0.027193662542514648, 0.030978337212911, 0.028240504099747606, 0.025944388939606478, 0.1790254658620854, 0.18984518250673557, 0.025008144853159744, 0.028878195072177655, 0.029036380787392176, 0.02468873674405509, 0.025964963448209893, 0.025333325621604924, 0.027786704603882627, 0.02563359671533958, 0.05534223018478258]","[0.8673861810573802, 0.8198566532737585, 0.8228340154925502, 0.8204115253236242, 0.825283572590738, 0.8218866729683892, 0.8178401670437585, 0.817691298932819, 0.8199513875261746, 0.8176506985389264, 0.8667501082197293, 0.8212370666661074, 0.819694251698188, 0.812724517413289, 0.8145515351384567, 0.8194235824055706, 0.8157966138844969, 0.8127786512718125, 0.8126297831608729, 0.8177589662559733, 0.8685906594095278, 0.8217107379281878, 0.8162702851465774, 0.8178672339730203, 0.8210205312320135, 0.8238084249459731, 0.8205874603638256, 0.8176506985389264, 0.8196401178396645, 0.8219949406854362, 0.8670207775123467, 0.8684282578339574, 0.8235106887240938, 0.8191258461836913, 0.8190040450020135, 0.8278955312644963, 0.8219678737561744, 0.8229016828157046, 0.8200325883139598, 0.8224280115536241, 0.8444063581141599]","[0.0026138189426198055, 0.07014334672624156, 0.06716598450744982, 0.05958847467637585, 0.024716427409261943, -0.03188667296838921, -0.0678401670437585, -0.04769129893281898, -0.05995138752617457, 0.012349301461073603, 0.003249891780270686, 0.0687629333338926, 0.07030574830181202, 0.07727548258671102, 0.015448464861543276, -0.039423582405570534, -0.05579661388449686, -0.06277865127181248, -0.03262978316087284, 0.03224103374402665, 0.011409340590472161, 0.0782892620718122, 0.053729714853422594, 0.0621327660269797, -0.021020531232013417, -0.053808424945973043, -0.050587460363825554, -0.08765069853892637, -0.009640117839664453, -0.001994940685436264, -0.007020777512346754, 0.0015717421660426112, 0.07648931127590619, 0.07087415381630868, 0.030995954997986463, -0.01789553126449628, -0.08196787375617443, -0.05290168281570462, -0.07003258831395975, -0.0024280115536241542, -0.03440635811415982]",C:\Users\einob\OneDrive - King's College London\AA - Individual Project Files\Visual Python Code\Residual Outputs\diagnostics_borough_simple\diag_Trust_MPS_Merton_Q1_1617-Q4_2526.png,"[0.8790114271752991, -2.912225653523412e-05]","[0.008195754676448497, 7.178334649308267e-06]","[8.233827092082402e-50, 0.00023087890572617161]",Trust MPS,Q1_1617-Q4_2526
Newham,False,41,"[0.882027955357499, -2.944890616255164e-05]","[2.0628433284256014e-27, 0.007428565567665951]",0.16979668079699373,0.14850941620204494,0.15532990247264644,-0.09726292748567833,-0.6182392896199005,"[0.0009390650466555561, 0.03383215866269507, 0.0236828313779359, 0.031467127936197846, 0.0008695736981125246, 0.0006769898033755052, 0.04802161992805634, 0.025176605789525124, 0.0010666040449655823, 0.00428830728071406, 0.012064439235192362, 0.03302904874250434, 0.011472313373684003, 0.029131065754061367, 0.0012642489319795965, 0.00014307651248957013, 0.056566064712601984, 0.019018279223307878, 0.0002340567739508227, 0.0016447846043041732, 0.0024399766187596745, 0.038652408329700204, 0.01986342810252827, 0.010251806291186102, 4.0720270547457325e-05, 0.0013955201004167235, 0.03187213354029818, 0.027171702519668814, 0.0013674449466088631, 0.0001179899916735309, 0.008325616953113922, 0.0020614768063708065, 0.029090579195865832, 0.014023763267192901, 2.4327497779672664e-06, 0.0009476053535797477, 0.031795715076040634, 0.007193999668062745, 0.013304349143530134, 0.0006212085493586963, 0.022990126990050052]","[0.18966883727183576, 0.02461728726410408, 0.028584611518078305, 0.029045248866786555, 0.026620700411719024, 0.02439684194898513, 0.024739268916523678, 0.0302440637946337, 0.0389186577611497, 0.03888237711395817, 0.1763175868849981, 0.026528463876139236, 0.02752954795848854, 0.027917743366954215, 0.027552088805325545, 0.024720764722593908, 0.024966397264536644, 0.03413149132987818, 0.04291215757044041, 0.03924722465230237, 0.1758874378201052, 0.028762003422398475, 0.03015987419878892, 0.030931411075809958, 0.024835104268297683, 0.02683093609253607, 0.025664685300949404, 0.04119151072978867, 0.04242354064886411, 0.04270777343839461, 0.18751269777940005, 0.1794642881200918, 0.025141916931379474, 0.025995571669579512, 0.026463964210286007, 0.026559487163967343, 0.025955598480620026, 0.02465996878411811, 0.032214950972270985, 0.0333074447155318, 0.03578847287739092]","[0.8647714916397126, 0.7943110936009726, 0.7860058436833214, 0.7854269929314851, 0.804722017992695, 0.7963999897923819, 0.7937070754251434, 0.7840427846118766, 0.776685507664624, 0.7767106750886168, 0.8619695184351717, 0.7891014368344459, 0.7874655542749086, 0.7869034818057342, 0.7874319977095847, 0.7937909668384531, 0.7928178264440616, 0.7803347841435919, 0.7740848738520261, 0.776459000848688, 0.861877237880531, 0.7857793368673854, 0.7841350651665171, 0.783312929316083, 0.7933043966412573, 0.7885729209305954, 0.7908631565139477, 0.77516707308372, 0.7743868829399406, 0.7742107109719905, 0.8643268671491716, 0.8626406497416486, 0.7922473648335563, 0.7901333012181542, 0.7892188848130794, 0.8046129591553925, 0.7902171926314637, 0.7940845867850367, 0.7820461689751079, 0.7810478611567235, 0.8146715396112145]","[-0.004771491639712577, 0.09568890639902738, 0.0739941563166786, 0.0845730070685149, -0.014722017992695013, 0.01360001020761814, -0.11370707542514336, -0.07404278461187663, 0.013314492335376071, -0.026710675088616798, 0.018030481564828338, 0.09089856316555411, 0.05253444572509136, 0.08309651819426578, -0.0174319977095847, 0.006209033161546973, -0.12281782644406158, -0.060334784143591946, 0.005915126147973959, -0.01645900084868801, 0.00812276211946894, 0.09422066313261457, 0.06586493483348288, 0.046687070683916976, -0.0033043966412572567, -0.01857292093059537, -0.09086315651394772, -0.06516707308372005, -0.014386882939940615, -0.004210710971990439, -0.01432686714917164, 0.007359350258351438, 0.08775263516644372, 0.059866698781845806, 0.000781115186920589, 0.015387040844607403, -0.09021719263146377, -0.044084586785036683, -0.05204616897510794, -0.011047861156723515, -0.06467153961121452]",C:\Users\einob\OneDrive - King's College London\AA - Individual Project Files\Visual Python Code\Residual Outputs\diagnostics_borough_simple\diag_Trust_MPS_Newham_Q1_1617-Q4_2526.png,"[0.882027955357499, -2.944890616255164e-05]","[0.01047644131145798, 4.517302930861894e-06]","[9.967243906702938e-46, 9.863633015588767e-08]",Trust MPS,Q1_1617-Q4_2526
Redbridge,False,41,"[0.9342522256834589, -6.371427961430067e-05]","[2.846660731057805e-26, 0.0002437492034411312]",0.2949171293430468,0.276838081377484,0.699685194317044,-0.029121098079315146,-0.7906822396386484,"[0.009850086193108362, 0.04603898348759685, 0.012985457541453327, 0.015787465633067516, 0.004312896408311353, 0.001155522696477778, 0.010539983234862698, 0.03870480936692297, 0.00965738516015962, 0.0004149084899341236, 6.479905040516356e-05, 0.04914799513609512, 0.003297080154236075, 0.023148354567734886, 0.00857094417327143, 0.004366672203342253, 0.008215417255697893, 0.056186771190415784, 0.0046041078748473305, 0.00028499506026412395, 0.0026508381743773493, 0.02323567464834002, 0.012385229586171774, 0.024808563867558368, 0.005538469664543189, 0.006450393504052277, 0.010831660622049816, 0.06307935242535917, 9.023562437057737e-05, 0.0033591783421771998, 0.009177572024441631, 0.0004218050156587983, 0.026420375399166553, 0.003611810083652897, 0.02003337363734004, 0.0005327936486896972, 0.011660858969681038, 0.020695600458704288, 0.03852047927311403, 0.0006388911019229602, 0.05118484630449897]","[0.19054303045648027, 0.025891499080480714, 0.02620828815347674, 0.027857359074555298, 0.024724914331907613, 0.03178279973045431, 0.0300905206457153, 0.03428134146808502, 0.033224276031210656, 0.03298668326979003, 0.17279746791302167, 0.028686308422136236, 0.02557906328241969, 0.026639781845813157, 0.028321515654000956, 0.02980042440649021, 0.027172178500633096, 0.03468743998607058, 0.02904682895925817, 0.034370879558067696, 0.20114217360869915, 0.026675425454560333, 0.028434965117563146, 0.030011672563334472, 0.02556876182097176, 0.03220044734894474, 0.029232535707356677, 0.029647356628660672, 0.03011314952998486, 0.033781579546836624, 0.18902090465693305, 0.18641923254731607, 0.025845451919544505, 0.025932378700570927, 0.027572555017081, 0.024391404244195607, 0.027291885019617036, 0.027008825524807004, 0.03272497112661322, 0.026058312344759357, 0.046233410801582636]","[0.9076789394651564, 0.7852241437002899, 0.7841562836667878, 0.7797000216039041, 0.8008724003450708, 0.7722660729091394, 0.775141080691645, 0.7685696343316321, 0.77006874553251, 0.7704178536203857, 0.9015387442725193, 0.7778723380850254, 0.7863946825831672, 0.7828419943947853, 0.778652697340277, 0.7756750107083961, 0.7813839547336574, 0.768015168545006, 0.777133050369524, 0.7684464197123818, 0.9111905561137884, 0.78273931554541, 0.7784062681017765, 0.7752848310807703, 0.7864357541229173, 0.7716089282731381, 0.7767634065117732, 0.7759625114866466, 0.7751000091518949, 0.7692678505073836, 0.9071655452182804, 0.9062825071136538, 0.7853884298592902, 0.7850803933111646, 0.7803777020097804, 0.7961491732738115, 0.7810759181855318, 0.7818152059010333, 0.7708080332480115, 0.7846491421437888, 0.8363992822288909]","[-0.017678939465156418, 0.12477585629971011, 0.06584371633321218, 0.07029997839609592, 0.03912759965492918, 0.017733927090860635, -0.05514108069164503, -0.09856963433163202, -0.05006874553251006, -0.01041785362038572, -0.0015387442725193212, 0.1221276619149746, 0.0336053174168327, 0.0871580056052147, 0.05134730265972298, -0.03567501070839607, -0.05138395473365742, -0.11801516854500593, -0.03713305036952397, -0.008446419712381803, 0.008809443886211632, 0.08726068445459001, 0.06159373189822348, 0.0847151689192297, 0.04356424587708263, -0.04160892827313811, -0.05676340651177325, -0.13596251148664662, -0.005100009151894902, -0.029267850507383564, -0.017165545218280398, 0.003717492886346263, 0.09461157014070976, 0.034919606688835314, 0.07962229799021958, 0.013850826726188536, -0.06107591818553182, -0.0818152059010333, -0.10080803324801146, -0.014649142143788763, -0.09639928222889094]",C:\Users\einob\OneDrive - King's College London\AA - Individual Project Files\Visual Python Code\Residual Outputs\diagnostics_borough_simple\diag_Trust_MPS_Redbridge_Q1_1617-Q4_2526.png,"[0.9342522256834589, -6.371427961430067e-05]","[0.01388881939197151, 8.235592269059664e-06]","[5.947325306589594e-42, 2.1350027179593e-09]",Trust MPS,Q1_1617-Q4_2526
Richmond upon Thames,False,41,"[0.9033601886932159, -4.8683511221137825e-05]","[7.977252884061038e-23, 0.05236478941780844]",0.09312406698805042,0.0698708379364621,0.018550383627428186,-0.3554304603082406,-1.129765071717611,"[0.019540307069953154, 0.021891909069814988, 0.03081268145183808, 0.03073007803264684, 0.0019922192911720135, 0.005837357185764564, 0.013543075307415357, 0.02973464800985534, 0.02627917549035993, 0.0029579788631823993, 0.03323713271241757, 0.027267234617873087, 0.028575041067132254, 0.018659466541784575, 0.009584379912664249, 0.0008537284939803104, 0.011061501636943192, 0.06951431471762426, 0.003118825295848794, 0.0034983470447923475, 0.01879704837078932, 0.020262705837225246, 0.029752942606764577, 0.009594668377953457, 0.004203136007562981, 1.048727965281526e-05, 0.021075150629596487, 0.04566988044110669, 0.0051404244193454275, 0.008722720113635202, 0.01852247562914671, 0.0021253651147738516, 0.01288600749243654, 0.021278560827578726, 0.010065671039430183, 0.0008833144030957816, 0.004203984567963527, 0.029506336958447295, 0.029514834918373638, 0.004203984567963527, 0.04099638546544668]","[0.17451119097838735, 0.0429404763774985, 0.028890587283376797, 0.03585698240684285, 0.02500198994728179, 0.025911055586972542, 0.026967002168278034, 0.02667706622432212, 0.030309562970235238, 0.03548217326907663, 0.17292009812957249, 0.04266113797942395, 0.03427778826081389, 0.03006327617272815, 0.04474484292526143, 0.02469233886546466, 0.0247131320595535, 0.034513129412092135, 0.0326276285847056, 0.02780179743428756, 0.18177600883776587, 0.031495002880799365, 0.03514406920325202, 0.03758688554345912, 0.026457573132499572, 0.02484612168760513, 0.02484612168760513, 0.026223877546500268, 0.03174506551222695, 0.02446098346316494, 0.1843533670171195, 0.18718890384024436, 0.02518073683858351, 0.02879247836499114, 0.02831815208470637, 0.026295206472245383, 0.024707868887784715, 0.02564824615373035, 0.02573308137295726, 0.024707868887784715, 0.05292912354879963]","[0.886906150139999, 0.7981291330369603, 0.8098464029157663, 0.8030653446029253, 0.8170263470117155, 0.8146081019516215, 0.81261367303608, 0.8131122802649654, 0.8081760686990004, 0.8033645089402566, 0.8865571250797792, 0.7983036455670702, 0.8043617233980274, 0.8084503026748873, 0.7970321971334126, 0.8182728650839289, 0.8181731436381519, 0.8041622805064732, 0.8058326147232392, 0.8113172942409781, 0.8884767629109879, 0.806929550626787, 0.8036387429161436, 0.8017440354463792, 0.8135111660480737, 0.8175997453249337, 0.8175997453249337, 0.8139599125540705, 0.8066802470123442, 0.8197936171320293, 0.8890252308627618, 0.8896235595374242, 0.8164529486984974, 0.8099710547229877, 0.8105943137590943, 0.8286189650833001, 0.8181980739995961, 0.815206430626284, 0.8150069877347298, 0.8181980739995961, 0.8498596330338166]","[0.03309384986000108, 0.08187086696303969, 0.12015359708423379, 0.1069346553970747, 0.032973652988284474, 0.05539189804837852, -0.08261367303608003, -0.12311228026496546, -0.10817606869900043, -0.033364508940256554, 0.04344287492022081, 0.09169635443292978, 0.10563827660197267, 0.09154969732511276, 0.05296780286658742, 0.021727134916071034, -0.07817314363815187, -0.1641622805064732, -0.035832614723239176, -0.041317294240978075, 0.03152323708901217, 0.09307044937321307, 0.10636125708385646, 0.05825596455362081, 0.04648883395192627, 0.0024002546750662157, -0.10759974532493377, -0.1539599125540705, -0.04668024701234419, -0.06979361713202925, 0.03097476913723829, 0.010376440462575798, 0.08354705130150264, 0.10002894527701234, 0.0694056862409057, 0.021381034916699848, -0.04819807399959608, -0.125206430626284, -0.12500698773472985, -0.04819807399959608, -0.09985963303381662]",C:\Users\einob\OneDrive - King's College London\AA - Individual Project Files\Visual Python Code\Residual Outputs\diagnostics_borough_simple\diag_Trust_MPS_Richmond_upon_Thames_Q1_1617-Q4_2526.png,"[0.9033601886932159, -4.8683511221137825e-05]","[0.02382155400860339, 1.598868191231817e-05]","[2.1456286911522768e-32, 0.004157628241506691]",Trust MPS,Q1_1617-Q4_2526
Southwark,False,41,"[0.8708884834367466, -3.47207865067781e-05]","[3.0373356394380093e-21, 0.013830222884334472]",0.1455988066516437,0.12369108374527571,0.04081282271826355,-0.16818975034952202,-1.1336733654599889,"[0.010118626924218884, 0.011121722205764155, 0.02622088224115654, 0.01696248021745885, 0.015094017040684245, 0.00026268845240265317, 0.0014633090648077855, 0.021307036103378085, 0.016994719737006128, 0.017299559016838353, 0.00474274794227032, 0.01836956172956794, 0.0285781859087912, 0.03658166892741848, 0.01347693112975338, 2.5594472711688162e-05, 0.0007403964703074672, 0.03626219125373932, 0.013435180060514354, 0.013453097067576605, 0.00041807089767176574, 0.026343889397780155, 0.017970585073583716, 0.06190745369360994, 0.0026275824597687615, 3.5107127706295303e-09, 0.0152769720718517, 0.025076401314036448, 0.018035989681228853, 0.035835356020936786, 0.031663979701167085, 0.0002057844019381773, 0.014697597763684947, 0.010638760046907232, 0.027546902552714754, 6.993249008004139e-05, 0.0019212378304094028, 0.018329205576873793, 0.016919363003560978, 0.013382628641609048, 0.10854765929409183]","[0.17425131379506376, 0.02550030393799717, 0.02821091792664526, 0.043773489260773235, 0.02888049622901205, 0.024390652334384207, 0.025891602687427486, 0.03310340942114311, 0.031218649453569666, 0.0355098036099855, 0.16450311906214715, 0.02849306463964954, 0.032473534240552396, 0.05128022720191829, 0.030482235265970485, 0.024650468367804525, 0.02530103007667795, 0.032330851080470846, 0.03709655554054917, 0.038303112931608305, 0.17348093706431839, 0.02827895903863492, 0.03128467067741736, 0.05126389227276157, 0.024539404177060048, 0.024510535446454006, 0.024447447971985066, 0.02911486117554167, 0.04590994176832498, 0.031417666024729445, 0.18273752287153527, 0.16863537212341512, 0.024439459387921, 0.03516581247715707, 0.02660549318242964, 0.02975378327370111, 0.025085120297266922, 0.024541429088745473, 0.028582893343808244, 0.03140097212405171, 0.043158989149391265]","[0.8452686180205625, 0.7500123783233846, 0.7435566236898792, 0.7260177378499012, 0.7727429549525453, 0.7574161808401321, 0.7487821733320348, 0.7364124057125909, 0.7388389568423175, 0.7336698386217835, 0.8423680429492149, 0.7430487408952853, 0.7371911593309682, 0.720408454540719, 0.7398772950001541, 0.7539061464152716, 0.7507234142358161, 0.7373717398801573, 0.7320220411104342, 0.7308369812563816, 0.8450428923340764, 0.7434324745623118, 0.7387486665677231, 0.7204197408250433, 0.7603280421958041, 0.7600458850876963, 0.755847387319053, 0.7419878301688001, 0.7243247952012547, 0.7385680860185341, 0.8477177417189379, 0.8436095342248889, 0.7559715364466204, 0.7340422860044857, 0.746897363849875, 0.774153740493084, 0.7635333469439082, 0.7547751903082435, 0.742890732914745, 0.7385906585871828, 0.7886001844282011]","[0.024731381979437472, 0.07998762167661533, 0.1164433763101208, 0.07398226215009884, 0.08725704504745468, 0.012583819159867948, -0.02878217333203481, -0.09641240571259091, -0.08883895684231746, -0.08366983862178345, 0.01763195705078513, 0.0969512591047147, 0.11280884066903174, 0.09959154545928095, 0.08012270499984586, -0.0039061464152716496, -0.02072341423581614, -0.12737173988015726, -0.0720220411104342, -0.0708369812563816, -0.005042892334076399, 0.11656752543768822, 0.09125133343227687, 0.12958025917495664, 0.03967195780419597, -4.588508769631794e-05, -0.09584738731905296, -0.1119878301688001, -0.07432479520125468, -0.1285680860185341, 0.042282258281062135, -0.003609534224888966, 0.09402846355337957, 0.06595771399551431, 0.12310263615012496, 0.005846259506915974, -0.03353334694390819, -0.10477519030824345, -0.09289073291474492, -0.07859065858718273, -0.18860018442820115]",C:\Users\einob\OneDrive - King's College London\AA - Individual Project Files\Visual Python Code\Residual Outputs\diagnostics_borough_simple\diag_Trust_MPS_Southwark_Q1_1617-Q4_2526.png,"[0.8708884834367466, -3.47207865067781e-05]","[0.027565384820558706, 9.302899656386137e-06]","[2.1299105828705557e-29, 0.0006042295955132679]",Trust MPS,Q1_1617-Q4_2526
Sutton,False,41,"[0.8831108889875188, -2.9149704260182833e-05]","[1.3309345824926565e-29, 0.05582031392979153]",0.0906088050325472,0.06729108208466383,0.1434133748424728,-0.025960513199563544,-1.1503349155361335,"[0.0002601118630980266, 0.009184416841787474, 0.03688565114241069, 0.0027725906941898494, 0.017336364156698206, 0.013112353629466693, 0.015842820223317636, 0.0031539624556894495, 0.02239514997203874, 0.025388364981827446, 0.008284949812797723, 0.016115896226108303, 0.0310524863633863, 0.00033274652687588805, 0.019410965395115765, 0.008015671260061462, 0.017204092929430852, 0.0008986063629641375, 0.0542812631415892, 0.010877509064870053, 0.010459502903168563, 0.021595253810969675, 0.019090647283672896, 0.004720839071650781, 0.005406140436139138, 0.0028926539703639726, 0.0035490044073340013, 0.022585788182700843, 0.03913953842893866, 0.01059448638646992, 0.02707024124296102, 0.0030720627237518856, 0.034487825971205976, 0.0035254263939446685, 0.012428173443604609, 0.009626718314151968, 0.003239294544741703, 0.003257673146628414, 0.016177471578929126, 0.028730104777256932, 0.07358097934980083]","[0.17822835050810315, 0.026269929946384923, 0.024529652416767182, 0.03606341014676794, 0.02492266977922356, 0.03108090147969935, 0.028575917369932185, 0.028997682107608648, 0.029290104013393978, 0.03849879525788435, 0.18347139621808856, 0.02445156021633777, 0.02510772883761796, 0.03132156405332104, 0.02613453241902861, 0.030823210075081833, 0.036908841142773374, 0.03165659296423474, 0.035027665089834494, 0.0356377150854709, 0.1921515757182097, 0.024398046788156342, 0.02593050229578727, 0.032045850998504495, 0.0262242351665661, 0.036613974730834775, 0.025909763421003054, 0.029941371194128055, 0.030020661648274966, 0.03024160960547609, 0.18591269888547507, 0.17348234181152422, 0.025037486141870062, 0.02866211578247399, 0.03837311747098322, 0.02592898005072128, 0.028093291543134967, 0.02791795779647553, 0.030951423222853013, 0.02614562226575516, 0.049019154334238875]","[0.8723625447418768, 0.8266716531620846, 0.829980975193731, 0.8198861525257672, 0.828799074468143, 0.8226392859806665, 0.8244329941406765, 0.8240992809946281, 0.8238768055639293, 0.8187598706578539, 0.873057780462811, 0.8303981166262916, 0.8284097424644199, 0.822486334122061, 0.8268385097351088, 0.8228061425536907, 0.8194829158076254, 0.8222777634057807, 0.8204006269592585, 0.8200947232420475, 0.8741840623307243, 0.8309264957742015, 0.8271026993090637, 0.8220413832606631, 0.8267272720197593, 0.8196219629518122, 0.8271305087379011, 0.823404045273694, 0.8233484264160192, 0.8231954745574137, 0.8733775888944407, 0.8717229278786174, 0.833888199945381, 0.8243634705685832, 0.8188154895155286, 0.835334290244924, 0.8248362308588184, 0.8249891827174238, 0.8227227142671786, 0.82682460502069, 0.8476816766487145]","[-0.002362544741876804, 0.04332834683791542, 0.090019024806269, 0.020113847474232727, 0.061200925531856964, 0.047360714019333505, -0.05443299414067648, -0.024099280994628103, -0.06387680556392927, -0.05875987065785393, -0.01305778046281103, 0.05960188337370842, 0.08159025753558014, 0.007513665877939002, 0.06316149026489126, 0.03719385744630932, -0.04948291580762543, -0.012277763405780684, -0.09040062695925855, -0.040094723242047436, -0.014184062330724334, 0.0690735042257985, 0.06289730069093635, 0.02795861673933686, 0.033272727980240724, 0.020378037048187747, -0.027130508737901016, -0.06340404527369403, -0.08334842641601925, -0.04319547455741368, -0.02337758889444075, 0.008277072121382623, 0.08611180005461905, 0.02563652943141681, 0.04118451048447136, 0.044665709755076, -0.024836230858818364, -0.024989182717423786, -0.05272271426717856, -0.07682460502069, -0.08768167664871451]",C:\Users\einob\OneDrive - King's College London\AA - Individual Project Files\Visual Python Code\Residual Outputs\diagnostics_borough_simple\diag_Trust_MPS_Sutton_Q1_1617-Q4_2526.png,"[0.8831108889875188, -2.9149704260182833e-05]","[0.014465073562811698, 8.37910449199832e-06]","[2.5193725106329377e-40, 0.0012537967522640977]",Trust MPS,Q1_1617-Q4_2526
Tower Hamlets,False,41,"[0.8908027385693962, -3.25952700738322e-05]","[1.3738108917627913e-26, 0.0028521694028280507]",0.2063271454715968,0.18597655945804803,0.1186493244336651,0.16915471486409628,-1.0504476808293544,"[0.0005587996300276482, 0.049497811466364075, 0.0309706399138682, 0.010184220059499052, 0.006512305468451335, 0.0011746375829604987, 0.017728603490356837, 0.01695185421738354, 0.004241578078693029, 0.007078834980938874, 0.0016599135593277621, 0.03668116721926924, 0.026779566381829954, 0.011074954259158644, 0.018392213209989003, 0.0027884404416890552, 0.036646477878231304, 0.00377772483873643, 0.02355984290843257, 0.002289602931748317, 0.0010601350354233236, 0.029645744449795713, 0.02495362925626303, 0.007156867004778136, 0.007343088913648882, 0.0034898344024720017, 0.03652702931367034, 0.01030996654433378, 0.00753493663898674, 0.011449811431045292, 8.579388536209235e-06, 0.0025187376967426896, 0.027001380866071758, 0.0042386558593946085, 0.015007911596169864, 0.00015348998359788804, 0.020079308613382054, 0.012728582793102572, 0.012516104286733089, 0.0056556011176608295, 0.07732406307173033]","[0.17205944124421513, 0.02789966296211014, 0.029966453683543545, 0.03153054578035133, 0.026714247838332664, 0.02750639676959156, 0.02642320460951968, 0.030622765445549177, 0.03299797942885467, 0.03599619564106997, 0.16669136639741472, 0.026394412645461454, 0.03148549077643753, 0.028046699765485145, 0.03006257325114379, 0.027931370808476276, 0.025417950236345122, 0.03612311182007763, 0.04657890561017297, 0.048346967079376524, 0.17292261648866952, 0.024519990162440948, 0.02705869187032231, 0.03278135369848177, 0.024968516633931345, 0.025725691115396986, 0.02561863895420989, 0.04683419385732458, 0.032800932868427876, 0.03527146362829097, 0.193953352839344, 0.1884137387071684, 0.02449180336969116, 0.027893338504577352, 0.02494060898514256, 0.02498250735986357, 0.02443220164740049, 0.027164551148432577, 0.027905993123556405, 0.026660932593858162, 0.05186314064994074]","[0.8641219828033028, 0.7768843148358202, 0.7738485910498356, 0.7719158118919769, 0.7980188347576234, 0.7775565858472493, 0.779667936992519, 0.7730082522855491, 0.770287655536172, 0.7673464698611695, 0.8627354238422302, 0.7797309623998404, 0.7719683330647448, 0.7766427174410879, 0.7737225402351926, 0.7768317936630523, 0.7822309702235924, 0.7672309232810801, 0.7592372007858057, 0.7580922392194654, 0.8643425717289279, 0.786296108995828, 0.7783759161424286, 0.7705187486963507, 0.7838066054066295, 0.7813486145210917, 0.781642733088592, 0.7590691330329484, 0.7704977402272435, 0.7680187408725987, 0.8695316635983965, 0.8681976258100919, 0.7905188112863671, 0.7768948190703738, 0.7839221519867189, 0.7933234419121731, 0.7872624985747574, 0.7781763356859106, 0.7768738106012667, 0.7791637337339471, 0.8211386550100531]","[-0.004121982803302782, 0.1131156851641798, 0.08615140895016438, 0.04808418810802306, 0.041981165242376606, -0.017556585847249284, -0.06966793699251905, -0.06300825228554918, -0.030287655536171965, -0.03734646986116952, 0.007264576157769764, 0.1002690376001596, 0.0780316669352552, 0.053357282558912034, 0.06627745976480737, -0.026831793663052328, -0.1022309702235924, -0.02723092328108012, -0.059237200785805744, -0.018092239219465456, 0.005657428271072074, 0.09370389100417198, 0.08162408385757136, 0.03948125130364932, 0.04619339459337046, -0.03134861452109172, -0.10164273308859195, -0.039069133032948455, -0.040497740227243506, -0.04801874087259872, 0.00046833640160348633, -0.008197625810091869, 0.08948118871363286, 0.03310518092962622, 0.06607784801328109, 0.006676558087826967, -0.07726249857475742, -0.05817633568591063, -0.05687381060126673, -0.039163733733947104, -0.10113865501005315]",C:\Users\einob\OneDrive - King's College London\AA - Individual Project Files\Visual Python Code\Residual Outputs\diagnostics_borough_simple\diag_Trust_MPS_Tower_Hamlets_Q1_1617-Q4_2526.png,"[0.8908027385693962, -3.25952700738322e-05]","[0.014285412373897832, 5.007659019674593e-06]","[1.11241666249123e-40, 1.0184714308319867e-07]",Trust MPS,Q1_1617-Q4_2526
Waltham Forest,False,41,"[0.8738113561388459, -5.40204551898432e-05]","[2.0953895786237796e-21, 0.0058445067347385644]",0.17904118284608506,0.15799095676521546,0.03219790833153051,-0.5168825688734565,-0.5164895302068944,"[0.008670465093849966, 0.0564204249347104, 0.0018352506931393283, 0.01367142882635831, 0.0061895236288573695, 0.01173826716751321, 0.0028427250929367914, 0.04962012679629228, 0.03500992430976995, 9.948521761443705e-05, 0.0017532984726906634, 0.03438788763993163, 0.0015458319025496554, 0.012389154960925583, 0.019455513334348962, 0.004088999466805638, 0.011513705217994783, 0.05925396017123423, 0.018247057902815444, 1.9692438829115495e-05, 0.015335642541317522, 0.015554148462035396, 0.012533570411250961, 0.00849818896345178, 0.006140452680469519, 0.0020014704687251594, 0.018841958265291017, 0.05812821450259722, 0.006825848297337682, 0.0005835353291449509, 0.00038596270074109975, 0.014221868535111239, 0.009368029860668568, 0.008066627830696203, 0.006318613185329134, 0.005673156307218809, 0.00023871555358443515, 0.02939711370008798, 0.05670038805570554, 0.0024669368564989914, 0.022969267059382962]","[0.18081608213302186, 0.028447350728130393, 0.028164494758359235, 0.03148010280976048, 0.026404899279352533, 0.029506270811696697, 0.02547506391400453, 0.02721193116717182, 0.03758751688356657, 0.03281566438831046, 0.17966871392065065, 0.027324532020027683, 0.031824062456233065, 0.030173449118188467, 0.037109652974542766, 0.026325967835059298, 0.026529986627632327, 0.03084253804224528, 0.036303404632274563, 0.027229110987580404, 0.18752801630386476, 0.026911610509143105, 0.03428245800366336, 0.029277899633232463, 0.026347338169623185, 0.025422535045696224, 0.02565191597894647, 0.029575798914545065, 0.038859546732108806, 0.025715791712316464, 0.19192672323337803, 0.19265449111912508, 0.027101533271152334, 0.028729783370288968, 0.02989448258014741, 0.024398216867791866, 0.025216148289128767, 0.024410665370238168, 0.027787547351391176, 0.02660532717915769, 0.050461374877252316]","[0.8409052981332882, 0.7305458300108753, 0.7310890904024765, 0.7256176821727788, 0.7350665325552709, 0.728663820797114, 0.73793805176802, 0.7330875125572951, 0.7182448625724769, 0.7237938794295462, 0.840556059310116, 0.7328352845183373, 0.7251326282517062, 0.7275773000139116, 0.7187493186503923, 0.7352799562805428, 0.7347366958889415, 0.7265489857012379, 0.7196224157083227, 0.7330487082436092, 0.8429231224449497, 0.7337859902036394, 0.7219506745294707, 0.729051863933972, 0.735221749810014, 0.7381320733364489, 0.7373171827490472, 0.7285474078560565, 0.7169449180640026, 0.7371037590237752, 0.844223066953424, 0.8444364906786959, 0.7333397405962527, 0.7300219717761169, 0.7280235496212983, 0.7451750562704216, 0.7389469639238507, 0.7447676109767206, 0.7318457745193495, 0.7345426743205126, 0.7846584454457222]","[-0.02090529813328823, 0.15945416998912476, 0.028910909597523515, 0.07438231782722127, 0.054933467444729156, 0.07133617920288604, -0.03793805176802001, -0.15308751255729514, -0.1082448625724769, 0.006206120570453777, 0.009443940689883967, 0.12716471548166264, 0.024867371748293787, 0.07242269998608841, 0.08125068134960778, 0.04472004371945726, -0.0747366958889415, -0.15654898570123799, -0.07962241570832274, -0.003048708243609255, 0.027076877555050283, 0.08621400979636051, 0.06804932547052933, 0.060948136066028, 0.054778250189986055, 0.031867926663551094, -0.09731718274904722, -0.1585474078560566, -0.04694491806400258, -0.017103759023775256, -0.004223066953424004, 0.025563509321304134, 0.06666025940374731, 0.059978028223883095, 0.05197645037870169, 0.05482494372957847, 0.01105303607614927, -0.12476761097672062, -0.16184577451934956, -0.03454267432051261, -0.0746584454457222]",C:\Users\einob\OneDrive - King's College London\AA - Individual Project Files\Visual Python Code\Residual Outputs\diagnostics_borough_simple\diag_Trust_MPS_Waltham_Forest_Q1_1617-Q4_2526.png,"[0.8738113561388459, -5.40204551898432e-05]","[0.01789331336252913, 9.883998612826452e-06]","[1.3646150920559872e-36, 2.858523315284284e-06]",Trust MPS,Q1_1617-Q4_2526
Wandsworth,False,41,"[0.8906933956104953, -4.1826068184988636e-05]","[1.4686128513024592e-25, 0.011543958334197782]",0.15266588937291148,0.13093937371580677,0.13115803604489612,0.26928458434802904,-0.7042351370330566,"[0.0013434389340680566, 0.03603418322335246, 0.037327177693866585, 0.008136163429880291, 6.641062091026278e-05, 0.00029930114880207534, 0.011540669356529197, 0.04093707821371402, 0.010973223015475262, 0.0015336603284682676, 6.465013542784503e-05, 0.05213047003957567, 0.02816791348885664, 0.006101222498923853, 0.005188619247439001, 0.002282460403871839, 0.02032743543987885, 0.041318628829011876, 0.004149068433725289, 4.520460394625725e-05, 0.008374373989507087, 0.06709200724301508, 0.017269378764648707, 0.006809162614693716, 1.678183258598089e-05, 0.004508319785853436, 0.021449615935735047, 0.034403750787402626, 0.0002468981559400378, 0.0025342167690394846, 0.0011021297419373508, 0.008757561237971088, 0.0338760680655078, 0.010423434119063246, 0.0007944680071412672, 0.0011262462328228042, 0.0119415260952301, 0.021184745934434125, 0.025425729862009812, 0.0008592072136713634, 0.05187527153601739]","[0.1867290809495535, 0.026936289544118808, 0.030450543232171258, 0.028019748954314142, 0.025037633049642096, 0.02772075799337895, 0.02618471366035776, 0.034157645374198325, 0.029504067900427693, 0.035959619060701664, 0.1787721983061461, 0.02742685219651655, 0.029177149830244727, 0.029494002649147637, 0.04089551969272971, 0.031079994526552114, 0.025507079242331934, 0.03485149645360705, 0.03354140583304742, 0.040931722723619016, 0.18678582427068702, 0.029216201181783134, 0.025942915469012784, 0.030705305055079842, 0.026269199813243903, 0.030494472858810198, 0.024502734973182314, 0.036965106116336875, 0.02839371800235173, 0.02918689779533938, 0.18986468767392287, 0.18441114176451714, 0.026125556231491483, 0.026823869631550354, 0.025791433564210677, 0.024390300066906928, 0.02528416876870961, 0.02460603919560406, 0.02918689779533938, 0.026038679186934637, 0.04663732941217977]","[0.8733247206147442, 0.7910917071605963, 0.7861237552684293, 0.7893165264073541, 0.8048589363116402, 0.7897762854513593, 0.7925603818845017, 0.7823179720708309, 0.7872731528784421, 0.7807343575859241, 0.871511226607835, 0.7902488155799201, 0.7876945986687802, 0.7872859239629979, 0.7769413454728814, 0.78540857453331, 0.7941823096230756, 0.7816921889276016, 0.7828926708758372, 0.77691580330377, 0.8733374916993, 0.7876435143305575, 0.7930967674358411, 0.7858300203236481, 0.7923815867007219, 0.7860726709302064, 0.7983201410191221, 0.7799042370898037, 0.788767369771459, 0.7876818275842246, 0.8740271302653077, 0.8728011061479606, 0.7926880927300587, 0.7912960445134875, 0.7934543578034007, 0.8002868880406998, 0.7948208638508605, 0.7975794181148915, 0.7876818275842246, 0.7928796589983942, 0.8272977318760039]","[0.006675279385255806, 0.10890829283940373, 0.10387624473157075, 0.05068347359264591, -0.0048589363116401385, -0.009776285451359223, -0.06256038188450175, -0.10231797207083082, -0.057273152878442146, 0.019265642414075912, -0.0015112266078349812, 0.12975118442007993, 0.09230540133121978, 0.04271407603700206, 0.03305865452711865, -0.025408574533310024, -0.0841823096230756, -0.10169218892760157, -0.03289267087583725, 0.003084196696230057, 0.01666250830070004, 0.1423564856694426, 0.07690323256415887, 0.044169979676351834, -0.0023815867007218605, -0.036072670930206385, -0.08832014101912211, -0.08990423708980377, -0.008767369771458977, -0.02768182758422455, 0.005972869734692354, 0.017198893852039432, 0.10731190726994133, 0.05870395548651253, 0.016545642196599375, -0.02028688804069978, -0.0648208638508605, -0.08757941811489156, -0.0876818275842246, 0.017120341001605865, -0.09729773187600388]",C:\Users\einob\OneDrive - King's College London\AA - Individual Project Files\Visual Python Code\Residual Outputs\diagnostics_borough_simple\diag_Trust_MPS_Wandsworth_Q1_1617-Q4_2526.png,"[0.8906933956104953, -4.1826068184988636e-05]","[0.013899489359158483, 8.102909653149902e-06]","[3.8800582493217566e-41, 7.505946740509839e-06]",Trust MPS,Q1_1617-Q4_2526
Westminster,False,41,"[0.9261365007484915, -9.217578347826764e-06]","[3.579247753997292e-33, 0.0003984944298405054]",0.27787179080184066,0.2593556828736828,0.061172047620466956,-0.45241124289487694,0.21102558721764675,"[0.016808743442446605, 0.01612760957735975, 0.02228058098205308, 0.020130014670361927, 0.0002206212477713282, 0.0034597341446084597, 0.018586207806413912, 0.03749032637089982, 5.3748216425802147e-05, 0.009724074981643004, 0.00778237141963761, 0.023840732275975062, 0.020251079739128854, 0.021585715213026883, 9.002654691054438e-05, 0.0018742230039856139, 0.017103626641596023, 0.014396677608261058, 0.0007748982348104522, 0.005861612341578545, 0.006832675070104176, 0.01252532842284141, 0.03679749401320667, 0.04395775530637743, 0.005818666016085071, 0.00014417258486811393, 0.03895504856694258, 0.0013720616548795416, 0.00672183269121931, 0.020685580787189416, 0.0165786424832729, 0.00020803821038044824, 0.020755750376367888, 0.04014853370336297, 0.015637964783642877, 0.02098695747728509, 0.007676786312303326, 0.02852064744934283, 0.00299766108120383, 0.002269818107842653, 0.18254351903490976]","[0.1329862675262271, 0.024722420870892152, 0.02453017608939867, 0.04677610029508962, 0.062243079644606035, 0.03433406100895696, 0.024902520058560605, 0.03661462374044089, 0.037907398780142966, 0.03314143027187179, 0.12478337841136891, 0.024391057615614973, 0.024672169038600898, 0.04114642904977209, 0.027808975749889293, 0.02584589985813304, 0.026266814854322473, 0.03590003562411189, 0.033353666086313315, 0.032263248399909086, 0.12902353815859813, 0.024418221177151596, 0.030868626396393987, 0.049355539539852666, 0.03941051657429459, 0.025337194625122413, 0.04894905576365087, 0.08277491914670285, 0.06835932951320563, 0.03770318997718603, 0.1337849391973017, 0.1259952390065253, 0.025181421930840983, 0.04131136946708746, 0.031041375686176223, 0.07145561742733467, 0.024423668347998827, 0.034876898903798775, 0.04747469869532748, 0.035339568397941626, 0.038325319093285626]","[0.9152280973001782, 0.8466951612792272, 0.8452870430020762, 0.8097455961028344, 0.8855131910926087, 0.8646351297140826, 0.8377003544639651, 0.8183432413527462, 0.8170885718622078, 0.8220891970259361, 0.9124344267439076, 0.8424843460465932, 0.8389866163517472, 0.8141865845153873, 0.8555545721063017, 0.8510819912965051, 0.8331465360612559, 0.8190653532897466, 0.8218409710475922, 0.8231497989334056, 0.9138921902167273, 0.8438473323276816, 0.8249641051751193, 0.8078996974638769, 0.8696628340754484, 0.8359086142202826, 0.8081840290390708, 0.7894903562699711, 0.7965219212565132, 0.8172826394452768, 0.9154943760769471, 0.9128541543072891, 0.8488750366890474, 0.8140466753275933, 0.8247294187955941, 0.890441605062637, 0.8439556491182316, 0.8201394947960349, 0.8092356045473277, 0.8196475560389533, 0.8686699301620728]","[0.02477190269982177, 0.06330483872077286, 0.0747129569979238, 0.05025440389716562, 0.004486808907391282, -0.02463512971408266, -0.06770035446396505, -0.07834324135274617, 0.0029114281377921047, -0.042089197025936054, 0.017565573256092426, 0.07751565395340687, 0.07101338364825283, 0.055813415484612716, 0.004445427893698284, -0.02108199129650512, -0.06314653606125586, -0.049065353289746594, -0.011840971047592186, -0.03314979893340553, 0.016107809783272753, 0.05615266767231841, 0.08503589482488072, 0.0721003025361231, -0.029662834075448452, -0.00590861422028266, -0.06818402903907084, -0.009490356269971079, 0.02347807874348673, -0.057282639445276784, 0.02450562392305289, -0.0028541543072890807, 0.07112496331095264, 0.07595332467240667, 0.055270581204405866, -0.040441605062637054, -0.04395564911823158, -0.07013949479603487, -0.019235604547327645, -0.019647556038953295, -0.16866993016207288]",C:\Users\einob\OneDrive - King's College London\AA - Individual Project Files\Visual Python Code\Residual Outputs\diagnostics_borough_simple\diag_Trust_MPS_Westminster_Q1_1617-Q4_2526.png,"[0.9261365007484915, -9.217578347826764e-06]","[0.016927708660775396, 1.7098444401208385e-06]","[1.7275643187211127e-38, 3.6251376502067563e-06]",Trust MPS,Q1_1617-Q4_2526
Barking and Dagenham,False,45,"[0.8094498577495182, -2.9370595729658896e-05]","[9.116646168287691e-31, 0.005500680953079393]",0.16581214263328337,0.14641242502010388,0.002399075503032556,0.8268152077264895,-0.27145682655837167,"[0.0127995442510256, 5.874735778087309e-05, 0.05945179491529468, 0.035080606511060715, 0.006950493611311535, 0.0026048691619132078, 0.014217254738817325, 0.0018759730953355658, 0.01424516953334819, 0.024730750286081297, 0.002744628017915764, 0.012638782484832613, 1.042383691386028e-06, 0.08523063971914929, 0.023552397622412097, 0.01834263667732807, 0.0002628413590484473, 0.01418579638305198, 0.000683641171131499, 0.037660773499166564, 0.009693954197428556, 0.003266133713315422, 0.017475875584907936, 0.012589838859940451, 0.05033059332063228, 0.020007270346836845, 0.00611551883603136, 0.004389761014005534, 0.0020972702695051058, 0.0032050172616498907, 0.03078949608085759, 0.0057797552502133216, 0.0035393190366592533, 0.04333619475338067, 0.006487187115603501, 0.037489798829686165, 0.03318075797304643, 0.014344522497772006, 0.005999563176883932, 0.008256153016666703, 0.0021825617266962613, 0.00985882704140968, 0.01961382387673989, 0.014216759889829927, 0.002807606348622111]","[0.09954270255171377, 0.10731860900149216, 0.02585318508630831, 0.02326679922469195, 0.031711373730091176, 0.02347990223849891, 0.02686216720543999, 0.027973003933770963, 0.04285508176507581, 0.0284597114494931, 0.03807843209930685, 0.09918548816534094, 0.10230882303214332, 0.02726984941728944, 0.02333246049317665, 0.029762964420438305, 0.02903678319278463, 0.02766302740481546, 0.027058892341165437, 0.046849691156002016, 0.03299073889195181, 0.032946297050087864, 0.10895215428573797, 0.10933133177420162, 0.023541452019717926, 0.02403774392959583, 0.03019078373030714, 0.02509651997148984, 0.026443748498077624, 0.03351601712740766, 0.027537273074109855, 0.035908882294739486, 0.030538931061981682, 0.10673599628032937, 0.10291658627909236, 0.11085631235227435, 0.022752659103538207, 0.02646233868304878, 0.02997539863685479, 0.022544717571882242, 0.025931097429638054, 0.030178032333750125, 0.03360732073451789, 0.026871906461078014, 0.03226681251555105]","[0.7893343900502283, 0.7918974683227863, 0.72579420355514, 0.7310411334219995, 0.7188161894099561, 0.7304506860712531, 0.7243180851782741, 0.7228688053173513, 0.7101339295023906, 0.722278357966605, 0.7134619054793245, 0.7892136167284848, 0.7902603188502624, 0.7237678956014424, 0.7308532638103984, 0.7208022395897392, 0.7216073950680296, 0.723257963798525, 0.7240497000188441, 0.7076379475196902, 0.7176218754504919, 0.7176621332244064, 0.792420819383675, 0.7925415927054187, 0.7302896549755951, 0.7291087602741023, 0.7203459848187079, 0.7270421945464902, 0.7249085325290205, 0.7171522014214892, 0.7234189948941832, 0.715139312725763, 0.7199836648534772, 0.7917095987111852, 0.790461607719835, 0.793024685992393, 0.7327856369582955, 0.7248816940130774, 0.7205741122042235, 0.7337384042742725, 0.7256734302333965, 0.7203594040766794, 0.7170716858736601, 0.7243046659203026, 0.7559338569591459]","[-0.02933439005022831, -0.0018974683227862554, 0.13420579644485997, 0.10895886657800047, 0.041183810590043946, 0.029549313928746934, -0.06431808517827409, -0.02286880531735136, -0.050133929502390595, -0.08227835796660499, -0.023461905479324585, -0.02921361672848477, -0.00026031885026234214, 0.15623210439855761, 0.08914673618960156, 0.06919776041026082, 0.00839260493197036, -0.063257963798525, -0.014049700018844091, -0.07763794751969022, -0.0476218754504919, -0.02766213322440647, -0.032420819383675026, 0.027458407294581266, 0.12971034502440493, 0.08089123972589773, 0.03965401518129208, -0.03704219454649027, -0.02490853252902059, -0.02715220142148922, -0.09341899489418315, -0.03513931272576298, -0.029983664853477254, -0.05170959871118519, -0.020461607719834962, 0.046975314007607016, 0.10721436304170451, 0.06511830598692259, 0.03942588779577649, -0.053738404274272455, -0.02567343023339652, -0.05035940407667938, -0.06707168587366008, -0.0643046659203026, -0.025933856959145962]",C:\Users\einob\OneDrive - King's College London\AA - Individual Project Files\Visual Python Code\Residual Outputs\diagnostics_borough_simple\diag_Fair_treatment_Barking_and_Dagenham_Q1_1516-Q4_2526.png,"[0.8094498577495182, -2.9370595729658896e-05]","[0.015121780834507973, 6.7342255673742165e-06]","[5.457788622021473e-41, 7.934810087395525e-05]",Fair treatment,Q1_1516-Q4_2526
Barnet,False,45,"[0.8340393213930105, -4.823239902851081e-05]","[1.0338245588218338e-29, 0.0014009523166952488]",0.21339874340122167,0.19510569092218033,0.4553923190963105,-0.26045894822130505,-0.6780775183462255,"[0.00724014655303282, 0.004069329121724323, 0.0444111321430048, 0.009472183131360013, 0.016514267024722203, 0.010674310335799356, 1.1283206274506742e-09, 0.0008166546834436463, 0.005404582543393616, 0.050435176641479444, 0.015212322380069466, 0.014714480608763698, 0.029084110032589622, 0.02058950636257619, 0.010536198614926618, 0.024530221939810155, 0.01331922956235643, 0.00013689853725367134, 0.0007726756138704286, 0.008063435593218198, 0.07144373863259773, 0.0075484058281017, 0.0006282022493857815, 0.017295067953398725, 0.013658571174279288, 0.011457502476987924, 0.0638502687908011, 0.000525890321990371, 0.0003687061490720013, 0.00014980053634075705, 0.05239751104975229, 0.01117773150830786, 0.03077122297890438, 0.08217239434609874, 0.00861214496001798, 0.01772421552826134, 0.008114527051375088, 0.008672113860493486, 0.04483143166437889, 0.00061369296075528, 2.6025152160465544e-06, 0.0008119317986005399, 0.042912009422843976, 0.015349502207245092, 0.04038955796592864]","[0.10713071034479549, 0.10298249326840045, 0.02525870749809169, 0.028319704335051047, 0.03580402983643351, 0.022237031355111042, 0.03021926922806762, 0.025601117806629024, 0.027818821756749188, 0.027382757759405206, 0.030156295483036815, 0.10721884843534697, 0.10036862690426192, 0.024789587786714123, 0.02599889249762884, 0.03789968758569744, 0.028542083520838816, 0.025839551687938077, 0.025882113305320018, 0.028382834831584755, 0.031599220330871716, 0.03165787666423427, 0.10561024808663888, 0.10648576139448321, 0.0256422569760912, 0.030547066254975743, 0.04104735462597979, 0.026444956360295223, 0.02543905041263996, 0.02566587683669186, 0.04495143640143959, 0.030192249999170435, 0.029090372788633502, 0.11411222523003514, 0.10937763436684445, 0.10430555091367463, 0.023857464381996936, 0.03674790830560269, 0.03339580546979173, 0.022753542346128995, 0.02502456348263406, 0.025630477526817727, 0.02674485664341086, 0.02831970433505104, 0.02752337463876401]","[0.8136237008623266, 0.8118521998089967, 0.7284553809906934, 0.722806398610844, 0.7133542636199994, 0.741054098272068, 0.7200190717786814, 0.72771209383545, 0.7236116263623575, 0.7243425253983469, 0.7201057886134598, 0.8136608652200888, 0.8107124928376236, 0.7295455354850503, 0.7268944779646823, 0.7112235071083018, 0.7224595312717303, 0.7272165690652878, 0.7271298522305094, 0.7227072936568115, 0.7181980182483352, 0.7181236895328109, 0.8129795186611157, 0.8133511622387374, 0.7276253770006716, 0.7195730994855354, 0.7082751347258366, 0.7260273096168984, 0.7280589611745636, 0.7275758245236554, 0.7049427306464955, 0.7200562361364435, 0.7216295272817087, 0.8165101326485217, 0.8145651979256349, 0.8124220532946832, 0.7320603236936236, 0.712375602198929, 0.7160177092596214, 0.7363342248362729, 0.7289880701186178, 0.7276501532391797, 0.7254698442504659, 0.722806398610844, 0.7598964276574869]","[-0.02362370086232657, 0.01814780019100326, 0.13154461900930658, 0.05719360138915608, 0.0666457363800006, 0.06894590172793202, -1.907177868143428e-05, -0.017712093835450027, -0.04361162636235749, -0.1343425253983469, -0.07010578861345973, -0.03366086522008882, 0.0492875071623764, 0.09045446451494965, 0.06310552203531772, 0.07877649289169819, 0.06754046872826969, -0.007216569065287781, -0.017129852230509446, -0.05270729365681148, -0.14819801824833523, -0.048123689532810876, 0.007020481338884221, 0.0366488377612626, 0.0723746229993284, 0.06042690051446464, 0.12172486527416337, 0.01397269038310156, 0.0119410388254364, -0.007575824523655461, -0.10494273064649551, -0.06005623613644351, -0.10162952728170871, -0.07651013264852169, 0.025434802074365104, 0.03757794670531678, 0.05793967630637642, 0.04762439780107097, 0.11398229074037858, -0.016334224836272893, 0.001011929881382212, -0.017650153239179733, -0.12546984425046592, -0.07280639861084393, -0.11989642765748687]",C:\Users\einob\OneDrive - King's College London\AA - Individual Project Files\Visual Python Code\Residual Outputs\diagnostics_borough_simple\diag_Fair_treatment_Barnet_Q1_1516-Q4_2526.png,"[0.8340393213930105, -4.823239902851081e-05]","[0.01978343311174316, 1.1356789999596315e-05]","[1.3000141207496683e-36, 0.0001137782013021371]",Fair treatment,Q1_1516-Q4_2526
Bexley,False,45,"[0.819864002379378, -2.530776932951935e-05]","[1.7718247106901742e-33, 0.04719579148670894]",0.08849052550246961,0.0672926307467131,0.056765043691127184,-0.03784928966673513,-1.146553176470538,"[0.03391331881217593, 0.006902132779036352, 0.03129207885985395, 0.018216394026148386, 0.0004569907856588078, 0.019272239397518834, 0.005867466335201956, 0.03232444839643529, 0.009588853509757366, 0.00958221925393246, 0.009431990651245507, 0.05349228305082661, 0.007105014940262428, 0.02162664885097831, 0.01232827180982089, 0.008883186989014833, 0.023875575853735197, 0.0006307132545908005, 0.03276177347266257, 0.009728472789335162, 0.002903300238505579, 0.009376634330694127, 0.008120134266755712, 0.02817803843540793, 0.028705833757154995, 0.002270743433817473, 0.015260199452425795, 0.014800349438816486, 0.002802339412367683, 0.03844632821777185, 0.015095029605715862, 0.0011737189661883887, 0.024846013749928213, 0.02118771586297589, 0.007882602801574668, 0.08881090950950546, 0.018218812965125293, 0.0010822361518401905, 0.038003173038154946, 0.009789950835017944, 0.01380946268960818, 0.019605796967073017, 0.00965127028687078, 0.003068389440567571, 0.07141200420670316]","[0.10844675127702727, 0.10271115145474588, 0.022626269979226506, 0.02481538780641534, 0.03777470669976624, 0.022487260816237926, 0.0246957326947936, 0.028454268610328327, 0.03270355255632919, 0.0325822051007319, 0.0297339262643977, 0.10979838233532062, 0.09970450892341325, 0.02359107090582467, 0.02388147924685471, 0.03796589350470186, 0.03453306579347318, 0.027281930365485946, 0.02914259743945527, 0.035278876159966055, 0.03132639310679147, 0.028521479323142362, 0.10445492807558457, 0.09787193399040896, 0.02413984984859679, 0.028162824003007125, 0.039761616097565365, 0.026135444465264925, 0.030334191684494072, 0.026339887403925368, 0.036856828545281425, 0.02880770078306736, 0.027403446526773474, 0.11166768992836068, 0.10353227281040027, 0.10455235248753117, 0.02222903200417855, 0.030334191684494066, 0.033267281418730615, 0.02224077891890787, 0.028374091591513773, 0.030166818817249905, 0.03384577563385239, 0.028347481272893736, 0.03311669164348806]","[0.8117317385486064, 0.8105303813917879, 0.773791442014893, 0.7700641544257893, 0.7611412538336928, 0.7742535024598232, 0.7702079065642121, 0.7666757111629678, 0.7638417404340626, 0.763913616503274, 0.7657413222632201, 0.8120089748155644, 0.8098834967688856, 0.7717481080473128, 0.7712963156122699, 0.7610488417447068, 0.7628046714354415, 0.7676203680726029, 0.766162310668601, 0.7624042190498354, 0.7646837172448243, 0.7666243711135312, 0.810900029747732, 0.8094830443832793, 0.7709266672563257, 0.7669016073804893, 0.7602068649339451, 0.768657437071224, 0.7653306018677266, 0.7684623448833646, 0.7615930462687357, 0.7664087429058971, 0.7675176879737295, 0.812388891181396, 0.8107049375598726, 0.8109205657675067, 0.7759066520516846, 0.7653306018677266, 0.7635131641176678, 0.7757012918539379, 0.7667373192222919, 0.7654435499764873, 0.763184587801273, 0.7667578552420666, 0.7888443445097303]","[-0.041731738548606345, 0.019469618608212058, 0.09620855798510697, 0.06993584557421062, 0.008858746166307219, 0.07574649754017682, 0.039792093435787934, -0.0866757111629678, -0.04384174043406264, -0.04391361650327408, -0.04574132226322014, -0.052008974815564435, 0.020116503231114358, 0.07825189195268722, 0.058703684387730104, 0.03895115825529327, 0.06719532856455845, 0.012379631927397106, -0.08616231066860092, -0.04240421904983538, -0.02468371724482432, -0.04662437111353124, -0.020900029747731974, 0.04051695561672064, 0.08907333274367424, 0.023098392619510744, 0.04979313506605498, 0.061342562928775934, 0.024669398132273423, -0.09846234488336458, -0.05159304626873573, -0.01640874290589711, -0.0775176879737296, -0.032388891181395985, -0.02070493755987257, 0.0690794342324933, 0.07409334794831535, -0.015330601867726612, 0.08648683588233219, 0.05429870814606208, -0.05673731922229197, -0.06544354997648738, -0.04318458780127299, -0.02675785524206664, -0.11884434450973025]",C:\Users\einob\OneDrive - King's College London\AA - Individual Project Files\Visual Python Code\Residual Outputs\diagnostics_borough_simple\diag_Fair_treatment_Bexley_Q1_1516-Q4_2526.png,"[0.819864002379378, -2.530776932951935e-05]","[0.01859360348925506, 1.0025796963726412e-05]","[1.9691030895845623e-37, 0.015366798325976084]",Fair treatment,Q1_1516-Q4_2526
Brent,False,45,"[0.7074302868589383, -1.3586499552004473e-07]","[2.546698330547144e-28, 0.9897518327974117]",3.8816497560656416e-06,-0.023251842032807835,0.007100502733524583,0.9028390979937423,0.8279637415247021,"[0.007803329406993873, 0.020000160709777587, 0.004319270280212724, 0.006869829471087501, 0.0005431387642717591, 0.08307724669834697, 0.00013944963820826232, 0.0009318014940658181, 3.7538134947561655e-05, 0.02718847740052319, 0.019178994890981117, 0.0008697241123521915, 0.010670180614552079, 0.007242919865581319, 0.0037669276206419417, 0.02886642178171529, 0.037676587220126075, 2.739284007659923e-05, 2.8966923446559773e-05, 0.006114291111750264, 0.027000866952816335, 0.007491353423781002, 0.0046270628719886474, 0.00433881510624152, 0.005297849204297885, 0.0018014698534063094, 0.06856541580358791, 0.008107551024319601, 0.00014517761853784805, 0.0005237866769925721, 0.01794355071528061, 0.023068143936700387, 0.00852771419595265, 0.0822164843898844, 0.011322046040030767, 0.020745748052864787, 0.0005101091197406282, 0.0016849843176305849, 0.08708016220087891, 0.0001338545048604256, 0.0021331639789753274, 0.025346094996318014, 0.07037220692552279, 0.015277463558479788, 0.008084580502536565]","[0.10702087337444549, 0.10191476152757767, 0.026288697413397663, 0.030809958367506704, 0.027033404319753276, 0.02336122049295594, 0.023377006836544506, 0.026753078839550408, 0.03462383685074821, 0.0374471000012646, 0.03505316238135875, 0.11150382772826248, 0.10149422115692983, 0.027288908409341936, 0.028831270031306103, 0.027833705665298636, 0.029507105890168313, 0.026402439485681703, 0.027694898834130344, 0.03652957337507011, 0.03720648483476868, 0.044112928669854744, 0.1077282058679006, 0.10233641443888866, 0.031923857112460444, 0.028443028106783546, 0.027946002738479248, 0.024287864737553407, 0.024360525376680462, 0.02614142701605216, 0.03293129527685284, 0.03210838241150258, 0.031859683941751434, 0.1090417687220522, 0.10645171104338107, 0.10497013064686211, 0.02550964950579309, 0.026721756039436283, 0.024430059168123564, 0.022269177087825155, 0.02442130660212567, 0.024613317648402848, 0.031018559741836017, 0.028289569201999605, 0.03010784308134098]","[0.7073608782283197, 0.7073532416796745, 0.7070564158307618, 0.7070316270341124, 0.7070516179991523, 0.7070821641937333, 0.7070819642840829, 0.7070533772040758, 0.7070155942801504, 0.7070052789421898, 0.707013955021017, 0.7073673952829227, 0.7073526019687931, 0.7070500587038792, 0.7070413826250519, 0.7070468601494728, 0.7070379041971349, 0.7070556561740904, 0.7070476597880744, 0.7070085174785262, 0.7070061185627214, 0.7069842084650377, 0.7073619177585018, 0.7073538813905558, 0.7070266292928524, 0.707043461685416, 0.7070462204385916, 0.7070721287292833, 0.7070714490364719, 0.7070574153790139, 0.7070223512263338, 0.7070258296542508, 0.7070269091663629, 0.7073638368911456, 0.7073600386077881, 0.7073578396016337, 0.7070619333371129, 0.7070535771137262, 0.7070708093255906, 0.7071169884548328, 0.7070708892894507, 0.7070691700664573, 0.7070306674677904, 0.7070443013059476, 0.7071872766879131]","[0.02263912177168026, -0.037353241679674465, -0.0370564158307618, 0.042968372965887625, 0.012948382000847691, 0.17291783580626674, -0.00708196428408292, -0.017053377204075848, 0.002984405719849592, -0.07700527894218978, -0.06701395502101704, -0.00736739528292274, -0.027352601968793078, -0.04705005870387913, 0.032958617374948096, 0.09295313985052722, 0.1029620958028652, 0.002944343825909579, 0.002952340211925586, -0.03700851747852618, -0.07700611856272144, -0.03698420846503769, -0.01736191775850182, -0.017353881390555825, -0.03702662929285239, 0.022956538314583996, 0.14295377956140842, 0.05292787127071674, -0.007071449036471944, 0.012942584620986075, -0.06702235122633382, -0.07702582965425075, -0.047026909166362874, 0.07263616310885446, -0.027360038607788018, -0.037357839601633636, 0.012938066662887104, 0.0229464228862738, 0.17292919067440937, -0.007116988454832884, -0.027070889289450673, 0.09293082993354274, -0.13703066746779047, -0.06704430130594763, -0.047187276687913116]",C:\Users\einob\OneDrive - King's College London\AA - Individual Project Files\Visual Python Code\Residual Outputs\diagnostics_borough_simple\diag_Fair_treatment_Brent_Q1_1516-Q4_2526.png,"[0.7074302868589383, -1.3586499552004473e-07]","[0.016131380228858877, 7.533306681730476e-06]","[2.4765550414845293e-37, 0.9856941666667995]",Fair treatment,Q1_1516-Q4_2526
Bromley,False,45,"[0.8129386695480768, -4.834023545436934e-05]","[2.757334473033807e-26, 0.008250696105289175]",0.1513903688316588,0.13165526113006942,0.006715213438482366,0.17852396855815117,-1.3427927005710134,"[0.025147760942012848, 0.000360925920895105, 0.02817222539546002, 0.0022192516968127405, 0.04090527925533809, 0.022053908984520008, 2.2484425598871246e-06, 0.015001927756897222, 0.006181216576769948, 0.033011294884581495, 0.011671382033100345, 0.005052821313738147, 0.02002240386898836, 0.010126220165861597, 0.009919954437236216, 0.05262034432022909, 0.025002335765875565, 0.004331946928393429, 0.008905883266803276, 0.00851485180593308, 0.030321397034990153, 0.005824534315899914, 0.0022236281345071655, 0.012124839485287028, 0.011257088792227261, 0.01697141395805721, 0.03405055140152633, 0.01814656109169894, 0.015204789580988585, 0.003118718900000451, 0.023266525968309245, 0.03447256297956762, 0.004328357020333364, 0.04102377762362345, 0.00013765097136978895, 0.0026504044758895225, 0.005880989665954597, 0.031665128901272405, 0.03119570194700783, 0.0047170875391339415, 0.02681010599387895, 0.004736783373396856, 0.027577543653431243, 0.018836655548096593, 0.025556693589103965]","[0.10510274955038315, 0.10613290225465555, 0.02677589917286704, 0.02792820796342374, 0.03037612454120442, 0.02235617288996771, 0.02546008617818933, 0.027174388620754247, 0.030287506528700943, 0.03010080092299787, 0.0330668170727258, 0.10623983292026534, 0.09946514941388829, 0.024396676668984235, 0.026977295065506925, 0.03550930926392544, 0.0275356552552644, 0.028096685817854544, 0.027671003489390892, 0.03415608599934605, 0.03755329225285073, 0.034589965641914036, 0.10803203498112665, 0.10407895943998867, 0.025439121897902834, 0.02758058219555753, 0.040268356318161544, 0.025746116253909497, 0.032225544385780784, 0.025172782406836566, 0.030465226746345407, 0.03332452524159961, 0.028125003773823473, 0.11112218559799396, 0.11248438534014246, 0.10344670372011247, 0.02489246403895355, 0.02858735125351881, 0.02834437019039694, 0.022227633530745194, 0.026490008218468943, 0.025453090519250536, 0.029148787411504107, 0.029386250527905104, 0.031005908524915058]","[0.7932358241110417, 0.7936606438267844, 0.7085941579882243, 0.7066751447895242, 0.70315939541786, 0.7219100587334027, 0.7111137783712503, 0.7079056570696067, 0.7032765870635821, 0.7035256193107416, 0.6998633803819247, 0.7937045906939302, 0.7908626932851682, 0.7135601539757002, 0.7082425830510579, 0.6972119193974613, 0.7073050498852808, 0.7064114635866494, 0.7070853155495518, 0.6986475170575575, 0.6951757145530391, 0.6981787504746689, 0.7944370384796936, 0.7928110043952988, 0.7111577252383962, 0.7072318051067044, 0.6926707431257282, 0.7105278201426397, 0.7008448604148476, 0.7117290345112917, 0.7030422037721378, 0.6995704012676194, 0.7063675167195036, 0.7956821997154914, 0.7962242110769563, 0.792547323192424, 0.7123589396070481, 0.7056643668451708, 0.7060305907380524, 0.7252207227250532, 0.7091068714382587, 0.7111284273269657, 0.7048440253251158, 0.7045070993436646, 0.7469890709179412]","[-0.05323582411104166, 0.006339356173215682, 0.12140584201177562, 0.03332485521047579, 0.13684060458213998, 0.11808994126659722, -0.0011137783712503735, -0.08790565706960674, -0.05327658706358207, -0.12352561931074169, -0.06986338038192474, -0.02370459069393016, 0.04913730671483174, 0.07643984602429987, 0.07175741694894211, 0.14278808060253867, 0.1126949501147192, -0.04641146358664938, -0.06708531554955177, -0.05864751705755744, -0.10517571455303909, -0.04817875047466891, 0.01556296152030645, 0.037188995604701125, 0.07884227476160388, 0.09276819489329569, 0.10732925687427186, 0.09947217985736034, -0.08084486041484762, -0.04172903451129162, -0.1030422037721378, -0.11957040126761942, -0.046367516719503565, -0.06568219971549139, 0.0037757889230437547, 0.017452676807576006, 0.057641060392951915, 0.1243356331548292, 0.12396940926194755, 0.0547792772749468, -0.11910687143825871, -0.05112842732696565, -0.11484402532511584, -0.09450709934366464, -0.10698907091794119]",C:\Users\einob\OneDrive - King's College London\AA - Individual Project Files\Visual Python Code\Residual Outputs\diagnostics_borough_simple\diag_Fair_treatment_Bromley_Q1_1516-Q4_2526.png,"[0.8129386695480768, -4.834023545436934e-05]","[0.01860768671003815, 1.2351398180427997e-05]","[2.9049409350240604e-37, 0.00031914811353612397]",Fair treatment,Q1_1516-Q4_2526
Camden,False,45,"[0.729489328741061, -2.4397510190390627e-05]","[4.7149413398704485e-25, 0.0009742936042651753]",0.22571805434908165,0.20771149747347883,0.012942315112829257,0.22214214388672274,-1.2607229442629317,"[0.00883240504063499, 0.038802401412178604, 0.06712512828522627, 0.016033478624914374, 0.04063588499430608, 4.564984987642524e-05, 0.003749823904774326, 0.01577035060294071, 0.027215009772751902, 0.0030951862268803125, 0.014213194814119295, 0.0028341601416130282, 0.06445158951631136, 0.04839100526517963, 0.017833704613469316, 0.046063604957179365, 0.0001445656013080625, 0.0037922887159046927, 0.019320178526023125, 0.018062753259120327, 0.004809457294543177, 0.007436955314538611, 0.007269387615276119, 0.02992803110788787, 0.04211892781737615, 0.01895303276982977, 0.05387555654410995, 0.0006903291869151825, 0.005024571653455222, 0.030781708548461798, 0.010623208936437756, 0.003917653648062314, 0.011161414364933077, 0.006750192393284035, 0.012745381435317194, 0.022301235380838565, 0.01695901696197677, 0.03148756616675859, 0.011331950508180429, 0.004179642845969098, 0.015004510673631946, 0.02226749536815158, 0.007834848019640328, 0.010860630504446371, 0.04318710528816396]","[0.09250169676260972, 0.10255636680655404, 0.03878978286778595, 0.02807481488171662, 0.034066133943652675, 0.02758214237878247, 0.02281243911836603, 0.02381552934032466, 0.03504469301375337, 0.03575020773449029, 0.03287269415994985, 0.09931510528118248, 0.09205084711053071, 0.04858806647099725, 0.02684925400256029, 0.036527714568547226, 0.022257736885861027, 0.02224328385099959, 0.02345179574187889, 0.030895208248050633, 0.037619617808017564, 0.03663420890203874, 0.1004502404649314, 0.09386295039484224, 0.04515983148542717, 0.027581419457360805, 0.04334642176838463, 0.023075996541025892, 0.02238442721950871, 0.024882802423903203, 0.03493590202435948, 0.044008134654587194, 0.03055377688516252, 0.09978878893840822, 0.10101052458691617, 0.08840098222501065, 0.028774458014189618, 0.032351845456365956, 0.03315736787233996, 0.03235283933619605, 0.022242945335822006, 0.025507863888793274, 0.03380961787436946, 0.032933927103593635, 0.029127596169851715]","[0.7051192189599526, 0.7108663387034727, 0.5816432220461423, 0.5980138055579874, 0.5878779761921429, 0.6449544219681929, 0.6296171589758898, 0.6094848243591952, 0.5864963453851149, 0.58553268692307, 0.5896427483154056, 0.7090551252085451, 0.70485218107288, 0.5710894203353145, 0.6006725740857977, 0.5844993664035281, 0.6201315088133525, 0.620561091501252, 0.6110057792812177, 0.5928007615886126, 0.5830945149106677, 0.5843600422885337, 0.7096936940689362, 0.7059203326211706, 0.5745144714955942, 0.5990471260775294, 0.5764301780767676, 0.6311613345837447, 0.6180068160596875, 0.6058275663405914, 0.5866472798430254, 0.5757219471588793, 0.5933812787344228, 0.7093221630956178, 0.7100071733276737, 0.7026578262617177, 0.5966205644080431, 0.5904438619766236, 0.5892131656275061, 0.6535576860690987, 0.6205727018441682, 0.6040279631885801, 0.5882495071654614, 0.589549865572076, 0.6480543835268189]","[-0.035119218959952514, 0.06913366129652732, 0.15835677795385772, 0.0919861944420125, 0.1321220238078571, -0.004954421968192846, -0.04961715897588981, -0.09948482435919515, -0.10649634538511488, -0.03553268692306999, -0.07964274831540563, -0.01905512520854513, 0.0951478189271201, 0.11891057966468543, 0.0993274259142023, 0.1355006335964719, 0.009868491186647455, -0.0505610915012521, -0.11100577928121769, -0.09280076158861261, -0.043094514910667625, -0.05436004228853364, 0.03030630593106376, 0.06407966737882942, 0.11548552850440574, 0.10095287392247054, 0.1335698219232324, -0.021161334583744695, -0.058006816059687494, -0.13582756634059145, -0.06664727984302543, -0.03572194715887922, -0.0733812787344228, -0.029322163095617748, 0.03999282667232629, 0.05734217373828232, 0.09337943559195683, 0.11955613802337639, 0.07078683437249389, -0.04355768606909871, -0.10057270184416822, -0.1140279631885801, -0.0582495071654614, -0.06954986557207599, -0.14805438352681888]",C:\Users\einob\OneDrive - King's College London\AA - Individual Project Files\Visual Python Code\Residual Outputs\diagnostics_borough_simple\diag_Fair_treatment_Camden_Q1_1516-Q4_2526.png,"[0.729489328741061, -2.4397510190390627e-05]","[0.024198518677672743, 5.9406995073961376e-06]","[1.4902797574789044e-30, 0.0001762012532984137]",Fair treatment,Q1_1516-Q4_2526
Croydon,False,45,"[0.7383668887301308, -3.6429235543545795e-05]","[6.9349896676829595e-28, 0.003191220490547051]",0.18496808879348325,0.16601385830030846,0.09459659015390767,0.4302505260261534,-0.6503680094786914,"[0.03365570938807107, 0.023545296602215066, 0.01737264766528422, 0.004523782575280906, 0.04485724751903434, 0.0076892305488862455, 0.00024597725275348674, 0.014435217576675458, 0.010553925154462483, 0.01934113021620073, 0.006477828847725547, 0.013370028030304912, 0.015778309279982562, 0.02332404397594898, 0.004921866319175315, 0.07657283440026817, 0.0015561019054680743, 0.0002299677555396746, 0.014397413969147507, 0.009898378726727336, 0.0142582284082352, 0.00367262340286856, 0.011047768894163526, 0.03611027158358035, 0.009517911261815094, 0.011462808029123257, 0.07483057054401025, 0.0005498341872978126, 6.725178633957533e-05, 0.02412423303807358, 0.024884385915182303, 0.006299243064429346, 0.014819214309874321, 0.05134748744582945, 0.001077101749436491, 0.002302999894422733, 0.0038923768806380992, 0.03470416098532009, 0.03171814221780433, 0.0009673113561369537, 0.019029657918284863, 0.008046923432562863, 0.014371836472047953, 0.00699208907428439, 0.05923768764881008]","[0.10762955398121053, 0.10516972561685795, 0.023610506558907514, 0.023501068808070652, 0.025609344999664427, 0.024225080456204515, 0.028019651487540792, 0.03051094862204661, 0.028600840003965584, 0.03316685387854663, 0.03506119443425957, 0.11096523554956635, 0.09118803477474534, 0.02426746238016546, 0.023983699844738936, 0.0324618286438881, 0.035799304704581036, 0.02825677678069908, 0.03270591774082477, 0.03693995248886929, 0.040510286300350966, 0.035265785996962104, 0.10576274714777428, 0.1058370233614951, 0.023287269103761978, 0.024758634980325805, 0.03198227574833313, 0.024902965338909386, 0.03166341450747047, 0.027704534599183685, 0.03239261698139506, 0.03675353162796863, 0.02517561571279484, 0.10982089279798397, 0.11397528093504261, 0.10083741185319485, 0.022822429578484786, 0.02441728684352401, 0.031638466785561266, 0.022832966108934857, 0.026453763660888602, 0.024551693708378987, 0.03461869267136215, 0.03047200948297568, 0.02988942241158971]","[0.7191881598960905, 0.7182651194709229, 0.647442745030782, 0.6477690724538211, 0.642883484748893, 0.6458111079155866, 0.6389768793130821, 0.6357322523640078, 0.6381657225758136, 0.6327766582753395, 0.6308839592217127, 0.7204188804629809, 0.7127362005605749, 0.6457085478683458, 0.6464171445583734, 0.6335225495280002, 0.6301846861723432, 0.6386412282493849, 0.633261487589569, 0.6291404384186181, 0.6261102552046838, 0.6306881627678893, 0.7184888868467211, 0.7185168577686959, 0.648449698221874, 0.6445897109893546, 0.6340446734048628, 0.6442820308476319, 0.6343989717498767, 0.6394337377053368, 0.6335971386532663, 0.6293082639504668, 0.6437226124081363, 0.7199993166333591, 0.7215097464199972, 0.7166055114337526, 0.6502211899469434, 0.6453542495233319, 0.6344269426718514, 0.6501745717436521, 0.6413917022435714, 0.6450465693816092, 0.6313128466919927, 0.6357788705672991, 0.674621157549609]","[-0.04918815989609049, 0.041734880529077145, 0.08255725496921795, 0.042230927546178854, 0.127116515251107, 0.054188892084413354, -0.008976879313082109, -0.06573225236400781, -0.05816572257581365, -0.07277665827533941, -0.04088395922171273, -0.030418880462980913, 0.03726379943942515, 0.09429145213165424, 0.043582855441626545, 0.14647745047199978, 0.019815313827656778, -0.008641228249384847, -0.06326148758956907, -0.04914043841861815, -0.05611025520468382, -0.030688162767889327, -0.02848888684672113, 0.051483142231304124, 0.061550301778125927, 0.06541028901064538, 0.1459553265951372, -0.01428203084763191, -0.00439897174987669, -0.0894337377053368, -0.08359713865326623, -0.039308263950466826, -0.07372261240813638, -0.05999931663335911, 0.008490253580002771, 0.013394488566247365, 0.0397788100530565, 0.11464575047666814, 0.09557305732814858, 0.01982542825634792, -0.0813917022435714, -0.055046569381609234, -0.06131284669199277, -0.045778870567299124, -0.13462115754960902]",C:\Users\einob\OneDrive - King's College London\AA - Individual Project Files\Visual Python Code\Residual Outputs\diagnostics_borough_simple\diag_Fair_treatment_Croydon_Q1_1516-Q4_2526.png,"[0.7383668887301308, -3.6429235543545795e-05]","[0.019796899227336764, 8.961013223670046e-06]","[2.199278890920915e-34, 0.0002003919550334518]",Fair treatment,Q1_1516-Q4_2526
Ealing,False,45,"[0.756934499259155, -1.1812799114700754e-05]","[3.829415591547366e-26, 0.40205850246606223]",0.016384318710803147,-0.006490464574992139,0.535741023672492,-0.10476054381308861,-0.7983185951628098,"[0.0008030021342817307, 0.0012069466702277682, 1.3906632442631597e-05, 0.016832677851100427, 0.02073982263651083, 0.023441914698911343, 0.0006366139660718651, 0.007251418693655896, 0.00299438793096173, 0.05439387952873021, 0.020957604864939583, 6.719813071821437e-06, 0.01468439090955963, 0.0036550888619176405, 0.014580376791318121, 0.04333861754443633, 0.019312015996260232, 0.007329871357120943, 0.0006443938180310262, 0.0005393367154839241, 0.058919366142549015, 0.0034332219250196054, 0.016701935362882166, 0.0008383764177975859, 0.002235690506055938, 0.014571317445495611, 0.05774628641784409, 0.008102756466772625, 0.016819604533272314, 1.566399449053029e-05, 0.005791879336073374, 0.06890888642686469, 0.0016911517925949182, 0.05464285323556045, 0.04061843065662822, 0.008803247465472088, 0.002897467356417944, 0.02160520793189378, 0.03982940383536916, 2.1698573581275978e-06, 0.019332154497863293, 0.00956573845815647, 0.029852660040535703, 0.03676698502425379, 0.019154026300151963]","[0.10885430128989301, 0.1042497037938501, 0.025918184168509228, 0.024263047275921188, 0.028274832055779107, 0.0231944487105919, 0.02753354113415498, 0.026782414055008724, 0.030113360334163446, 0.03064826259879059, 0.035121274510064804, 0.10392171445884574, 0.09585773484120749, 0.024981748846037752, 0.02578581605323282, 0.03270739740625012, 0.0317427024660222, 0.027272279065283928, 0.026860154240284557, 0.04029821846959103, 0.03344374811924168, 0.03537202146783051, 0.1028874162817621, 0.10592714212147329, 0.02564467538312408, 0.025774419853841775, 0.03246427681285906, 0.02525412376068752, 0.026628904840021176, 0.026178135783958955, 0.03566945652273312, 0.03426791016232647, 0.03411115538494827, 0.11787851200172146, 0.10862950924924641, 0.10709196912492619, 0.022473387685516523, 0.02916764141652821, 0.026977996490425864, 0.022270720040932813, 0.0239205731415226, 0.02823772915885875, 0.03225268968934773, 0.033222223086427936, 0.029872526646255584]","[0.7513839010888653, 0.7508497565692897, 0.7274600185403997, 0.7285122188892024, 0.7263145037875747, 0.7294550161436342, 0.7266459308087572, 0.7270063174725673, 0.7255712062934663, 0.7253717065331429, 0.7239044179733445, 0.7508111437124528, 0.7498361690773238, 0.7280166872264634, 0.7275340265160035, 0.7246573686816621, 0.7249823602267051, 0.7267682048554069, 0.7269677046157305, 0.7224982664368711, 0.7244192560645017, 0.7238304099977406, 0.7506888696658031, 0.7510460385915434, 0.7276144699677468, 0.727540461992143, 0.7247378121334054, 0.7278461471087676, 0.7270835431862408, 0.7273184380653314, 0.7237435310698579, 0.7241618370189231, 0.7242101030899691, 0.7523910531046919, 0.7513581591843075, 0.7511811835904721, 0.7304879100640185, 0.7259412461714856, 0.7269097853304752, 0.7310864093449888, 0.7287792911489902, 0.7263305924779233, 0.7248086023709395, 0.724490046302036, 0.7374478775088512]","[0.008616098911134684, -0.01084975656928966, 0.0025399814596003267, 0.09148778111079758, 0.09368549621242528, 0.1105449838563658, -0.016645930808757203, -0.057006317472567236, 0.034428793706533733, -0.1453717065331429, -0.08390441797334447, -0.0008111437124528331, -0.03983616907732379, 0.04198331277353662, 0.08246597348399654, 0.1253426313183379, 0.0850176397732949, -0.0567682048554069, -0.016967704615730494, -0.01249826643687113, -0.1444192560645018, -0.033830409997740674, -0.040688869665803096, 0.008953961408456612, 0.032385530032253196, 0.0824595380078571, 0.14526218786659462, 0.06215385289123243, -0.08708354318624079, 0.0026815619346686193, -0.043743531069857844, -0.15416183701892316, -0.02421010308996918, 0.06760894689530805, -0.06135815918430754, 0.02881881640952788, 0.03951208993598154, 0.09405875382851436, 0.13309021466952475, -0.0010864093449888257, -0.0987792911489902, 0.06366940752207673, -0.10480860237093947, -0.11449004630203596, -0.08744787750885119]",C:\Users\einob\OneDrive - King's College London\AA - Individual Project Files\Visual Python Code\Residual Outputs\diagnostics_borough_simple\diag_Fair_treatment_Ealing_Q1_1516-Q4_2526.png,"[0.756934499259155, -1.1812799114700754e-05]","[0.018927573281615137, 1.0445126797678239e-05]","[1.1901280910733267e-35, 0.26434927638537575]",Fair treatment,Q1_1516-Q4_2526
Enfield,False,45,"[0.7344744855802351, -2.8633930291493184e-05]","[7.751224165847585e-44, 3.1956949451761936e-07]",0.4590119034082051,0.4464307848828145,0.4168839514392567,-0.44763707732236624,-0.20265783260650494,"[0.00012986758711507862, 0.007225062858717621, 0.003470893589070907, 0.018102891084828748, 0.0007256497757626169, 0.001154445345947286, 0.005920189538923226, 0.032359794847221054, 0.0012698536829435694, 0.0721414489745035, 0.0038684755699562663, 0.008815446760870763, 0.006033023205550667, 0.014881564948487488, 0.005821712869312115, 0.0022121462772180483, 0.04920366854316814, 0.0039565108224653926, 0.033342271380781344, 0.005413979315918642, 0.07280287467581345, 0.021222248419140083, 6.410538407647013e-09, 3.2149581569214024e-05, 0.0024253189104934784, 0.03301061740255531, 0.011343647494272139, 0.011875704312760468, 0.019305946047692216, 0.0005558854165529949, 0.018709854849774495, 0.006665670493906316, 0.009917020390867183, 0.011651704085205251, 0.0260262316138082, 0.07245639450849183, 0.0006209988018817048, 0.03623124817985508, 0.010020913988219339, 0.029846628901946667, 0.09615462003759122, 0.00015820068906667925, 0.010798945471026092, 0.00031497805345632584, 0.0049609724613294435]","[0.10851811500102647, 0.10477473573092781, 0.022889119080661654, 0.02684796243721546, 0.029302139979221868, 0.024039702315735833, 0.030719882558942407, 0.032550458394089925, 0.031099084244155986, 0.03210254992070855, 0.02813970319185118, 0.1067909225917564, 0.10171410445213067, 0.02236207916004949, 0.024527028524501737, 0.03238377036307029, 0.032758239344515924, 0.02769386008882944, 0.029901185910562185, 0.030114877318546982, 0.03462410165296803, 0.028297230185703733, 0.10435775849222012, 0.10642508937658615, 0.02313035376517091, 0.02766523446751976, 0.036306614389852866, 0.028987813133266246, 0.030533385637182803, 0.02736919815357677, 0.0317589386099437, 0.036479593263188184, 0.027586901119227895, 0.11109831548322564, 0.11049286917168943, 0.10698823816484983, 0.023124524535607094, 0.028711801396979233, 0.02896392975662508, 0.02308424546023237, 0.029901185910562185, 0.029909677259927447, 0.027622436802940614, 0.02868062319374838, 0.02867042000870502]","[0.721293561622474, 0.7201394715063567, 0.6640402790199018, 0.6564822903647275, 0.653592726389787, 0.6610292318748439, 0.6521522830869639, 0.6504601960746115, 0.6517878335766111, 0.6508593550621408, 0.6548856544146102, 0.720764242095533, 0.71917628351471, 0.6665480387459011, 0.660066043883197, 0.6506077113526114, 0.6502779713194351, 0.6554149739415512, 0.6529679558006107, 0.6527510215682579, 0.6487160448464944, 0.6547034296594338, 0.720009310966945, 0.7206514362947095, 0.6632679931527256, 0.6554496834187278, 0.6474057620830829, 0.6539311437922576, 0.6523345078421403, 0.6558141329290805, 0.651171740356729, 0.6472756015436711, 0.655545134480963, 0.7220745248589444, 0.721892300103768, 0.7208249836805919, 0.6632853478913138, 0.6542348517175516, 0.6539571759001399, 0.6634068310614314, 0.6529679558006107, 0.6529592784313166, 0.6555017476344924, 0.654269561194728, 0.6830523951433083]","[-0.001293561622474071, 0.009860528493643272, 0.015959720980098235, 0.03351770963527245, 0.006407273610212982, 0.008970768125156181, 0.017847716913036105, -0.04046019607461149, 0.008212166423388956, -0.060859355062140796, 0.015114345585389821, -0.010764242095533061, -0.009176283514710004, 0.03345196125409888, 0.019933956116803042, -0.010607711352611404, 0.049722028680564856, -0.015414973941551224, -0.042967955800610746, 0.017248978431742112, -0.0587160448464944, 0.0352965703405661, -9.310966945008659e-06, -0.0006514362947095398, -0.013267993152725532, 0.044550316581272176, 0.02259423791691717, 0.026068856207742463, -0.032334507842140314, -0.005814132929080507, -0.031171740356728983, -0.017275601543671137, 0.024454865519037083, -0.012074524858944446, 0.018107699896231955, -0.030824983680591944, 0.00671465210868627, 0.045765148282448376, -0.023957175900139904, 0.046593168938568574, -0.07296795580061077, -0.002959278431316603, -0.025501747634492422, -0.004269561194727989, 0.016947604856691667]",C:\Users\einob\OneDrive - King's College London\AA - Individual Project Files\Visual Python Code\Residual Outputs\diagnostics_borough_simple\diag_Fair_treatment_Enfield_Q1_1516-Q4_2526.png,"[0.7344744855802351, -2.8633930291493184e-05]","[0.006558144209750755, 3.4921256037287785e-06]","[1.1365521762241262e-54, 2.4771060002403513e-10]",Fair treatment,Q1_1516-Q4_2526
Greenwich,False,45,"[0.8542770037481323, -5.159275364784956e-05]","[5.0380447296934084e-29, 5.872026622373441e-05]",0.3159192667319968,0.3000104124699502,0.06811005802510008,0.08907667591258314,-1.1569681976770312,"[0.08462380106909381, 0.0089340462808125, 0.027310233346178076, 0.02791247540645902, 0.013365971212992971, 0.012583860966145497, 1.4806359354282426e-06, 0.037399186285034094, 0.014715959438308572, 0.020369357983736545, 0.0007443192788789665, 0.00213797141405475, 0.010128658015598006, 0.02885598405426061, 0.015582716788100723, 0.05567390509648532, 0.011358670290491289, 0.004402217866856387, 0.02618141502548512, 0.02515492742795298, 0.01519197510457148, 0.002175877471156555, 0.00012774599331041362, 0.02463697342991063, 0.013434997506739637, 0.006064289890695121, 0.061383989095456754, 3.877235702513033e-05, 0.009809623797948273, 0.031565262321941234, 0.02036766444416537, 0.005006988167841995, 0.0023046774712849024, 0.058441755687928365, 0.007341779491706019, 0.049545500349731576, 0.006476865697329883, 0.002325514934774682, 0.03503075200777053, 0.00025904075720592414, 0.02635888637384875, 0.017453474789925587, 0.03150847665912981, 0.0026015454598939318, 0.0005585107330572401]","[0.10750539096202608, 0.10136311092545006, 0.024606387499166413, 0.026786890123277646, 0.03197401433252702, 0.02363106055804947, 0.0285827451303178, 0.028735164202002242, 0.036830097866241626, 0.03166383718078062, 0.03738378146662528, 0.10527016121216631, 0.09694309158793153, 0.02514959638694631, 0.02755862946321621, 0.04093659565230921, 0.030150509899028153, 0.027428360765614456, 0.027017931768508203, 0.03623668931547856, 0.034460131678542866, 0.0370992148204052, 0.1105841527198842, 0.10481454361260127, 0.02405959334113201, 0.027706128821994917, 0.033690339293031765, 0.02347331590782034, 0.02691614923164977, 0.026722937321266297, 0.031674095654509335, 0.033712956121722676, 0.02816069146796416, 0.1133666596066511, 0.10756704788151128, 0.1074129473576243, 0.02229021026746635, 0.025081470372690512, 0.027382767906621103, 0.02243628891084289, 0.02630137134132113, 0.025792514604350922, 0.0271281959565132, 0.027239713389286182, 0.02917251611493359]","[0.8249884942153853, 0.8213653574480803, 0.7097084923433482, 0.703372464991657, 0.692824318048419, 0.7135279567187338, 0.699249585221965, 0.6989283218632877, 0.6853460209769864, 0.6933597569795479, 0.684578558509035, 0.8236855928163052, 0.8186703148280651, 0.707923695906252, 0.7015162766970771, 0.6799559357369561, 0.6961083434926758, 0.7018196920913834, 0.7028013301317863, 0.6861848753024216, 0.6888085260649528, 0.6849712137251962, 0.8267554426881104, 0.8234178733507407, 0.7117253123172668, 0.7011771653740289, 0.6900043396778073, 0.7142597232579432, 0.7030512016329797, 0.7035330966709956, 0.6933419090151769, 0.6899686437490653, 0.700159831404884, 0.828326063552755, 0.8250241901441272, 0.8249349503222724, 0.7234335769446172, 0.7081378714787037, 0.7019267798776092, 0.721273973255731, 0.7046218224976243, 0.7060139637185592, 0.7025336106662219, 0.7022658912006574, 0.7544176430926055]","[-0.08498849421538535, 0.02863464255191972, 0.11029150765665174, 0.1066275350083431, 0.06717568195158097, 0.07647204328126622, 0.0007504147780349468, -0.11892832186328772, -0.06534602097698639, -0.0833597569795479, -0.014578558509035, -0.013685592816305103, 0.03132968517193491, 0.11207630409374791, 0.07848372330292297, 0.12004406426304393, 0.0638916565073242, -0.041819692091383365, -0.10280133013178627, -0.08618487530242158, -0.0688085260649528, 0.02502878627480376, 0.003244557311889551, 0.046582126649259314, 0.07827468768273327, 0.048822834625971145, 0.13999566032219268, -0.004259723257943215, -0.06305120163297973, -0.11353309667099565, -0.08334190901517691, -0.03996864374906528, 0.029840168595115957, -0.06832606355275495, -0.025024190144127156, 0.06506504967772764, 0.05656642305538284, 0.03186212852129633, 0.11807322012239074, -0.011273973255730985, -0.1046218224976243, -0.08601396371855918, -0.11253361066622192, -0.03226589120065737, -0.014417643092605514]",C:\Users\einob\OneDrive - King's College London\AA - Individual Project Files\Visual Python Code\Residual Outputs\diagnostics_borough_simple\diag_Fair_treatment_Greenwich_Q1_1516-Q4_2526.png,"[0.8542770037481323, -5.159275364784956e-05]","[0.022480270999999104, 9.583032157630077e-06]","[1.0071281065771723e-34, 2.8560375375551953e-06]",Fair treatment,Q1_1516-Q4_2526
Hackney,False,45,"[0.7286954423175643, -4.6627098267227085e-05]","[2.6331432905141096e-30, 3.6101931552242846e-08]",0.5100893905749961,0.4986961205883681,0.0006014248004985181,1.3967442233084515,2.442782393429046,"[0.02512720292486694, 0.009666450835214805, 0.23400296440370874, 0.000354593423850949, 0.0004183850967581952, 0.00821496023978525, 0.00016619277369935833, 5.862085176645378e-05, 0.019345425619864683, 0.0015809649423735863, 0.011257352135065643, 0.06853015678628605, 0.10819620565074438, 0.055402769722538964, 0.00010750960251151911, 0.007783633833403652, 0.009155667566727161, 4.932830409652341e-05, 8.578808414512705e-05, 0.01203825928781759, 0.0016217296160784002, 0.010326037813029371, 0.12861187546618308, 0.20438122646151802, 0.008920534816162541, 0.0001275591994579523, 0.01985304346238902, 0.008593199778936324, 0.004612108104110441, 0.0002728612032378667, 0.006639333123974127, 0.0006083709317034045, 8.217735143175284e-05, 0.001897153464806974, 0.06641891445515892, 0.24346396908842532, 0.0033840001750359773, 0.0019423516614436068, 0.017577957061384764, 0.0012729214278442975, 0.0004182612552884432, 0.009871504685761888, 0.023626416068685138, 0.003967978855284369, 0.01101391144740073]","[0.10344406777236592, 0.0988527785725164, 0.034351858982833966, 0.026706533293371228, 0.03668132748553591, 0.02230463577901724, 0.025360746779542927, 0.028850858423937083, 0.02738595191318114, 0.03145718786921125, 0.029969540375796196, 0.10706258175099323, 0.09494185723091446, 0.029888475659545534, 0.028255877637603143, 0.049411961387832506, 0.04061524324954355, 0.028979282407135355, 0.02486949286525178, 0.030273186915151483, 0.03132455906007163, 0.036937840106144426, 0.10862975783156313, 0.10018777561155572, 0.02561397202609273, 0.0329124802023955, 0.036814878767981146, 0.025412691979490046, 0.02978372891753934, 0.024075400860711, 0.03235659678413015, 0.031001509457949536, 0.025053113609287952, 0.10930968811542967, 0.11645386688193642, 0.09093957829806039, 0.022326694606096757, 0.030347929422964933, 0.029831984034776236, 0.022420036038415688, 0.023632543516195675, 0.023337707347754144, 0.030067380813650152, 0.024308911384663554, 0.037255927973863366]","[0.6863948441889994, 0.6832101543256408, 0.5324141896657077, 0.5492372688874041, 0.5284738106822302, 0.5788710779549271, 0.553501514636647, 0.5436055856827079, 0.5473300534890086, 0.5378839394875213, 0.5410326441546838, 0.6888418375303371, 0.6804213016204398, 0.5412125701356645, 0.5450629861286517, 0.5110749683213955, 0.5224822755155726, 0.5432997115150408, 0.555282781848356, 0.5403669180250551, 0.5381538284589924, 0.5280599809259745, 0.6898854082200252, 0.6841457694267405, 0.5526378699279395, 0.535041108988026, 0.5282578995050533, 0.5533215886556663, 0.5414464739109394, 0.5585574347022049, 0.5361026722758123, 0.538819554588621, 0.5545990631206293, 0.690335223172477, 0.6949593208836812, 0.6774885081304542, 0.5713501719499334, 0.5402049846421725, 0.5413385183223509, 0.5808142785495187, 0.5606985538758753, 0.5623178877047017, 0.5408167329775069, 0.5575318566106149, 0.6231148766780836]","[-0.03639484418899941, -0.023210154325640775, 0.20758581033429224, -0.00923726888740406, -0.008473810682230187, -0.04887107795492707, 0.006498485363353068, -0.003605585682707857, -0.06733005348900867, -0.017883939487521316, 0.048967355845316196, -0.058841837530337116, 0.07957869837956022, 0.10878742986433554, 0.0049370138713483724, -0.031074968321395557, 0.03751772448442747, -0.0032997115150407152, 0.004717218151644054, -0.05036691802505511, -0.018153828458992383, 0.04194001907402545, -0.07988540822002521, 0.10585423057325949, 0.04736213007206047, 0.004958891011973998, -0.058257899505053334, 0.0466784113443337, -0.031446473910939354, -0.008557434702204825, -0.03610267227581232, 0.01118044541137908, -0.004599063120629299, 0.00966477682752298, -0.05495932088368116, 0.1225114918695458, -0.03135017194993339, -0.020204984642172463, -0.06133851832235093, 0.019185721450481252, -0.01069855387587526, -0.05231788770470169, -0.0708167329775069, 0.032468143389385085, -0.04311487667808367]",C:\Users\einob\OneDrive - King's College London\AA - Individual Project Files\Visual Python Code\Residual Outputs\diagnostics_borough_simple\diag_Fair_treatment_Hackney_Q1_1516-Q4_2526.png,"[0.7286954423175643, -4.6627098267227085e-05]","[0.032503511871659216, 8.89943689235183e-06]","[2.3783650805381593e-25, 4.606474407227385e-06]",Fair treatment,Q1_1516-Q4_2526
Hammersmith and Fulham,False,45,"[0.7841095630396019, -2.4529935017342925e-05]","[1.0129130720133696e-27, 0.013985187073708612]",0.13245537220582793,0.11227991574549834,0.11060968211159111,0.3246799503657895,-0.8506975294924581,"[0.016903152254720912, 0.018386806528168476, 0.04399040007891092, 0.028703824195603293, 0.007200335509978127, 0.008041332865204018, 0.00024128835509703455, 0.014376826441689717, 0.029972426529512028, 0.00792859321274622, 0.007522839919640153, 0.0012378178888256858, 0.01101877731507964, 0.05964903586120985, 0.01920051102418247, 0.009627766508612978, 0.011991931057215664, 0.0019735494171670897, 0.018209220283832116, 0.030178663194694633, 0.007619106264308427, 0.0015388758123831504, 0.010824687131327533, 0.0014400806353527585, 0.07183395866681576, 0.007280813681666078, 0.031830331625291246, 0.00028634116153528365, 0.0008862292495142218, 0.04257631097898555, 0.019434018051469305, 0.007561616823295619, 0.008045149797222163, 0.026897844060049657, 0.02783448450602354, 0.010476244764347432, 0.037087150065713156, 0.005830298726749615, 0.020552415116880978, 0.003955186620049457, 0.011813723197378048, 0.014355811889559214, 0.010849137421680567, 0.014309066231222082, 0.0254151072463481]","[0.10564332279923946, 0.10127947705530894, 0.028189076297428735, 0.02954493936497657, 0.04001474712056344, 0.022649446995907707, 0.025451837278143114, 0.024522862010733545, 0.03354137993277399, 0.0268614762458361, 0.03492447772356888, 0.1088151863687226, 0.09821305608338302, 0.028665090130246734, 0.03401785679798107, 0.045241930284051504, 0.02677950598280642, 0.02598349517641622, 0.02685233235838691, 0.0340616599626559, 0.03248140057523898, 0.030011900513694744, 0.10007560887952367, 0.10253064018114459, 0.032467800752721085, 0.03361294198939606, 0.03972924656109303, 0.022602099428540464, 0.025780379805103337, 0.023558000730937726, 0.034743474153302534, 0.033930494011641193, 0.025732470986355428, 0.10610949418708643, 0.10743736684649256, 0.1033319493007918, 0.025436589280811828, 0.030652854100476648, 0.02744601354539717, 0.022501351297888914, 0.02263689350632093, 0.024733635957806064, 0.03121694932184868, 0.026608856999396153, 0.03337843111785961]","[0.7693774323980882, 0.7678506479497859, 0.6963730286463691, 0.6947123157376893, 0.6851766093588186, 0.7158997981693935, 0.700444453841842, 0.7022123095188235, 0.69056053346599, 0.6981944557075016, 0.6893016059384425, 0.7704622529271451, 0.7667524345746912, 0.6957703505746707, 0.6901185695467446, 0.6815203623905157, 0.6983149913218413, 0.6995471331573133, 0.6982078485535393, 0.6900783910086313, 0.6915783897648582, 0.6941766018961797, 0.7674220768765782, 0.7682926118690313, 0.6915917826108959, 0.6904935692358013, 0.6853908948954225, 0.7078908762388252, 0.6998819543082568, 0.7044890933452392, 0.6894623200908954, 0.690198926622971, 0.6999623113844833, 0.7695381465505411, 0.7699935033158243, 0.7685738616358239, 0.7004712395339174, 0.6934667810561795, 0.6973640992531618, 0.7151096202531669, 0.7077167692403346, 0.7017837384456158, 0.6928641029844812, 0.6985694553965583, 0.7328417484071342]","[-0.03937743239808822, 0.042149352050214195, 0.13362697135363089, 0.10528768426231072, 0.04482339064118135, 0.0641002018306065, -0.010444453841842005, -0.08221230951882352, -0.10056053346599003, -0.05819445570750159, -0.04930160593844246, -0.010462252927145088, 0.03324756542530882, 0.15422964942532924, 0.07988143045325546, 0.04847963760948426, 0.07168500867815875, -0.029547133157313277, -0.08820784855353936, -0.10007839100863136, -0.05157838976485818, -0.02417660189617965, 0.03257792312342189, 0.011707388130968721, 0.15840821738910404, 0.049506430764198694, 0.09460910510457754, 0.01210912376117479, -0.01988195430825679, -0.14448909334523918, -0.07946232009089538, -0.050198926622970985, -0.05996231138448327, -0.04953814655054112, 0.05000649668417567, 0.03142613836417618, 0.12952876046608253, 0.046533218943820454, 0.09263590074683825, -0.04510962025316689, -0.07771676924033455, -0.08178373844561582, -0.0628641029844812, -0.07856945539655835, -0.09284174840713422]",C:\Users\einob\OneDrive - King's College London\AA - Individual Project Files\Visual Python Code\Residual Outputs\diagnostics_borough_simple\diag_Fair_treatment_Hammersmith_and_Fulham_Q1_1516-Q4_2526.png,"[0.7841095630396019, -2.4529935017342925e-05]","[0.017537044766152022, 6.8468923208228685e-06]","[1.0961788845397246e-37, 0.0008610156840229612]",Fair treatment,Q1_1516-Q4_2526
Haringey,False,45,"[0.7473302986831425, -4.33097074765973e-05]","[2.8635637785838626e-31, 7.165067665858449e-07]",0.43884422508501686,0.42579409078466834,0.5039839508856935,0.03263031006152996,-0.6127076576407178,"[0.002561953828022468, 3.970762344896538e-05, 0.09561041409629777, 0.0013500124532203404, 0.025299849052830583, 4.0561343558960256e-06, 0.019357148541162973, 0.01977057154721085, 0.0176854679174807, 0.03183617298149543, 0.0043697181867966995, 0.0042031766912232465, 0.031199830668276314, 0.0776775045542528, 0.0028154668491402962, 0.02214895631763866, 0.009703933994895815, 0.0070050052554080375, 0.019784892227183132, 0.02292202733051605, 0.012860859723394714, 0.0008749272786163681, 0.00944114572309453, 0.06401773876971477, 0.007423941994261589, 0.0029859737348884125, 0.008116443356609044, 0.012967577484327373, 0.0032126081961834085, 0.012393297754010584, 0.017128209929063717, 0.003592715390365747, 0.011174811403806268, 0.056646907841083304, 0.011662006184141522, 0.08969259072562825, 0.0001975518531488303, 0.012723947890471798, 0.0009041196280969891, 0.006038191850946333, 0.007968442023975935, 0.025060624571487687, 0.028415914849778096, 0.0009274253770244317, 0.10388658306905918]","[0.11381200049704931, 0.095387681261287, 0.032352712240588, 0.03889032526195088, 0.0381612076229844, 0.02271410601822353, 0.0276426154100849, 0.02530870019277153, 0.028422712420661876, 0.026538365876409096, 0.029648671961889986, 0.10545975453920951, 0.09393023557506902, 0.040999707114522506, 0.03672816258812183, 0.0410267006922211, 0.03150889139249415, 0.028920769327977006, 0.02529231200426318, 0.030360729120323178, 0.027708051672277342, 0.0312357705896278, 0.10158583307287308, 0.10097678227637988, 0.033513941687454404, 0.031776462218154444, 0.03951901061550808, 0.024537989473229178, 0.026085197427737825, 0.02321649337373625, 0.02949672911715555, 0.02536364254895017, 0.024122598202959283, 0.11393122911529184, 0.10497754709276307, 0.09704820044705899, 0.026435490278310853, 0.034128919942112014, 0.027470038160377852, 0.022222488853118443, 0.023605575853065303, 0.026308640734754266, 0.023279555151983485, 0.02369108468810634, 0.04465636628891262]","[0.7192043447969335, 0.7085014031374378, 0.5849340567807189, 0.5754603963225436, 0.5764110404515647, 0.6110603799127802, 0.5939323951743837, 0.5999476778528444, 0.5922277919085528, 0.5965712521532179, 0.5897528390898945, 0.714500295399881, 0.7075999302564696, 0.5728215393437093, 0.578345109541642, 0.5727887585116741, 0.5863600229742505, 0.5911951956994438, 0.5999968491008973, 0.588408824976451, 0.5937848814302252, 0.586835345038761, 0.7122384179894516, 0.7118778288370643, 0.583065549354712, 0.5859010913257575, 0.574657265937681, 0.6024226306715027, 0.5977513621064855, 0.6079462008694354, 0.5900478665782114, 0.5997837736926684, 0.6039305489451223, 0.7192699064610039, 0.7142216583275818, 0.7095176089305293, 0.5968334988094997, 0.582114905225691, 0.5943257651588062, 0.6186163616968958, 0.6060613030274109, 0.5971613071298517, 0.6076183925490832, 0.6056843234590059, 0.6683121030622721]","[0.010795655203066468, 0.0014985968625621515, 0.13506594321928111, 0.014539603677456325, 0.06358895954843535, -0.001060379912780185, 0.06606760482561636, -0.06994767785284439, -0.062227791908552765, -0.08657125215321793, 0.030247160910105486, -0.014500295399881069, 0.04240006974353039, 0.10717846065629077, 0.021654890458358, 0.057211241488325904, 0.04363997702574951, 0.03880480430055622, -0.06999684910089732, -0.06840882497645095, -0.053784881430225195, 0.013164654961238975, -0.022238417989451698, 0.05812217116293572, 0.036934450645288, 0.02409890867424247, 0.035342734062319026, 0.05757736932849733, -0.027751362106485544, -0.05794620086943536, -0.06004786657821137, -0.02978377369266849, -0.05393054894512228, 0.05073009353899616, -0.02422165832758183, 0.07048239106947074, -0.006833498809499683, 0.04788509477430902, -0.014325765158806236, 0.04138363830310421, -0.04606130302741085, -0.0771613071298517, -0.08761839254908321, -0.015684323459005944, -0.11831210306227202]",C:\Users\einob\OneDrive - King's College London\AA - Individual Project Files\Visual Python Code\Residual Outputs\diagnostics_borough_simple\diag_Fair_treatment_Haringey_Q1_1516-Q4_2526.png,"[0.7473302986831425, -4.33097074765973e-05]","[0.020785935447440933, 6.745235441088235e-06]","[1.0151730761882532e-33, 8.926469905575793e-08]",Fair treatment,Q1_1516-Q4_2526
Harrow,False,45,"[0.7874330088432201, -1.232541073689706e-05]","[1.5233851401216724e-32, 0.3756459870692788]",0.01829721597913747,-0.004533081323673249,0.042792593034808715,-0.08588562430965258,-1.152157803102401,"[0.041640162436495286, 0.05260632142375862, 0.004631493518890299, 0.0001173144713895977, 0.018550198491531507, 0.01413662226278645, 0.0008285743929205564, 0.016125161859954315, 0.03478752852699848, 0.023790173669512787, 0.03520780855798178, 0.08679215735036593, 0.03235034872396191, 0.0006807032212605506, 9.676194823877642e-05, 0.035702139624929914, 0.015895770315471614, 0.00013112972014471378, 0.00250432614332179, 0.008574979688715682, 0.030392227585386074, 0.04785683721495595, 0.013999175583263836, 0.022087195034025602, 0.0001591204100365009, 0.0013263398029409678, 0.060790696658100184, 0.009260656385393003, 0.012686308417484707, 0.0029740948337522986, 0.0012034261642224352, 0.045565324039866156, 0.027907737530395545, 0.045288142984746614, 0.0036980548751506842, 0.011460944286459034, 0.0006216191387355706, 0.007270706032613169, 0.041990727497866816, 0.0005256869725146382, 0.027712982408351634, 0.03542885268820882, 0.009135140314010075, 0.03178255005547225, 0.035006589014293064]","[0.10164451588642248, 0.10287454429674195, 0.02482942577504648, 0.024404322607425106, 0.03493378310082015, 0.022827948682878317, 0.02482942577504648, 0.024040124981620697, 0.029653646011247686, 0.02770829477786166, 0.03263788482675783, 0.10484141951035406, 0.09886135012238909, 0.023325563553036246, 0.025424213980659995, 0.03664203233649804, 0.03117698687744413, 0.02695764441770446, 0.02687078181485623, 0.02662703347781307, 0.03719101216200859, 0.035637714908159895, 0.10328665416542024, 0.10778316190236345, 0.022832415494042538, 0.030324031973757763, 0.03899319807728727, 0.028035055534016785, 0.02770829477786166, 0.028132141170538957, 0.028982383424055888, 0.043693786519773084, 0.03364082824436358, 0.1124554432805895, 0.1099695676022285, 0.11093816640363796, 0.022819064288641406, 0.03293580302641311, 0.03442828808949248, 0.02227050344888765, 0.024395868320847138, 0.025312444516066426, 0.03136655313601544, 0.028952626319011198, 0.02680405040189639]","[0.7826812683915195, 0.7827945174191668, 0.7653400110330295, 0.7655665090883241, 0.7621265698735379, 0.7667178742027382, 0.7653400110330295, 0.7657788510151627, 0.7635091517527318, 0.7641414588237625, 0.7626833775928037, 0.7829738283796084, 0.7824217393698278, 0.7662695968016343, 0.765052169754426, 0.7617443544052284, 0.7630703117705986, 0.7644151439739101, 0.7644481749403071, 0.7645425491300133, 0.7616263866680958, 0.7619661337510376, 0.7828322670950493, 0.7832380761107853, 0.7667131554932528, 0.7633109659543491, 0.7612536086187568, 0.7640282097961152, 0.7641414588237625, 0.7639951788297181, 0.7637167749700852, 0.7603664912355198, 0.7624332859900826, 0.7836486038360068, 0.7834315431996828, 0.7835164799704183, 0.7667273116217087, 0.7626078782410388, 0.7622445376106705, 0.7676380225523723, 0.7655712277978094, 0.7651040755587644, 0.7630184059662602, 0.7637262123890558, 0.7715262391682624]","[0.047318731608480435, -0.05279451741916685, 0.034659988966970534, -0.005566509088324123, 0.057873430126462067, 0.06328212579726178, 0.014659988966970516, -0.06577885101516279, 0.08649084824726816, -0.07414145882376255, -0.08268337759280364, 0.0670261716203916, -0.04242173936982785, 0.013730403198365715, 0.004947830245573992, 0.0782556455947716, 0.056929688229401365, 0.005584856026089935, -0.024448174940307155, 0.04545745086998676, -0.07162638666809584, -0.09196613375103757, 0.02716773290495078, -0.03323807611078533, -0.006713155493252798, 0.01668903404565092, 0.09874639138124319, 0.045971790203884866, -0.054141458823762534, 0.02600482117028191, 0.01628322502991486, -0.08036649123551975, -0.0724332859900827, 0.0463513961639932, -0.01343154319968276, -0.02351647997041828, 0.01327268837829132, 0.03739212175896123, 0.08775546238932952, 0.012361977447627681, -0.08557122779780935, 0.09489592444123562, -0.043018405966260276, -0.08372621238905575, -0.0915262391682623]",C:\Users\einob\OneDrive - King's College London\AA - Individual Project Files\Visual Python Code\Residual Outputs\diagnostics_borough_simple\diag_Fair_treatment_Harrow_Q1_1516-Q4_2526.png,"[0.7874330088432201, -1.232541073689706e-05]","[0.019816596274005463, 1.2803452758565203e-05]","[1.555980740504608e-35, 0.341099258290996]",Fair treatment,Q1_1516-Q4_2526
Havering,False,45,"[0.8310460785699938, -2.3391518969955277e-05]","[1.34788111720221e-34, 0.03340570164203181]",0.10097906237625076,0.08007159871058211,0.0063804643718704925,0.15048850438286843,-1.3570289678653409,"[0.05571274154881689, 1.1027176558255344e-06, 0.039188401766193794, 0.030371234577853335, 0.02010629826671992, 0.006027563983198301, 2.4855641684210818e-05, 0.03926279935251283, 0.024813820696050943, 0.016868368117291508, 0.0010028643120862711, 0.03862411120639994, 0.007711079547315583, 0.03614488785811089, 0.011926555084796078, 0.017256851152509002, 0.010832099521299295, 5.050757426984736e-06, 0.029948727463400958, 0.018240631661704095, 0.024712307678446743, 2.8589656109558526e-05, 3.3896565529637916e-09, 1.0200895856531543e-05, 0.03348037203327531, 0.013855305278587644, 0.026505797439698248, 0.008548026288049704, 0.010484291630287622, 0.02118781116598322, 0.026845886998521373, 0.015889541130360264, 0.0013748882720507204, 0.04207412098019173, 0.002437037654301359, 0.04968709795358132, 0.013693865934810007, 0.01687080807010262, 0.02256187286802354, 0.0016421470641617328, 0.034508214981910736, 0.01602693587262067, 0.01715206370920003, 0.0035963572232345386, 0.017260749334764066]","[0.10483804757611911, 0.09939856560679475, 0.027043774813406293, 0.02662791797725588, 0.028918559375851766, 0.024132807669548777, 0.023135158041513372, 0.03246846439957456, 0.03908977852973626, 0.03656023553678782, 0.033620871836251745, 0.10788310524017496, 0.09939856560679478, 0.025713256406177026, 0.026333003991780814, 0.026550833172536245, 0.02515200570370861, 0.025773822616627137, 0.03146135633938369, 0.045940229320703366, 0.03875063562571597, 0.03541431777986569, 0.09838922227152219, 0.10156034590681692, 0.028278393718735532, 0.028438294136468797, 0.028658634384502283, 0.02292043934790597, 0.025215483972660144, 0.027341857751612773, 0.046278257835270745, 0.03067975830214443, 0.027887757990356338, 0.11194153327801894, 0.10246645851037067, 0.10441948124404424, 0.02369525596803476, 0.026230812648210918, 0.0260754105370291, 0.022886611988149133, 0.02563615093180669, 0.03150344978773195, 0.0383408048785837, 0.026389286860046636, 0.030560984583668616]","[0.8214146126897175, 0.8202363425356892, 0.77772042781117, 0.7780953319510882, 0.7762029586734064, 0.7915740284100475, 0.7825227713177397, 0.7738285657872586, 0.7703205341923108, 0.7715612883696588, 0.7731501678197877, 0.8220573055010056, 0.8202363425356892, 0.7789879608556549, 0.7783720469115039, 0.7781667422634535, 0.7795949485107604, 0.7789254768323353, 0.7744534060204553, 0.7673659325181945, 0.7704812073951328, 0.7721593497357185, 0.8200131853095475, 0.8207094358551097, 0.7766939045709181, 0.7765689365242788, 0.7763993370324112, 0.7829869383481145, 0.779523538198395, 0.7774615654288457, 0.7672320381825095, 0.7749622044960585, 0.7770063246875165, 0.8228963766712984, 0.8209058142141143, 0.8213253497992608, 0.7815230269446248, 0.7784702360910062, 0.7786219830047826, 0.7893781613048131, 0.779068297457066, 0.7744266271533183, 0.7706775857541376, 0.7783184891772298, 0.7974028951568691]","[-0.051414612689717476, -0.00023634253568927122, 0.09227957218882998, 0.08190466804891183, 0.06379704132659358, 0.03842597158995242, -0.0025227713177397026, -0.08382856578725861, -0.06032053419231087, -0.051561288369658786, -0.013150167819787728, -0.042057305501005615, 0.019763657464310747, 0.09101203914434508, 0.051627953088496104, 0.061833257736546465, 0.05040505148923957, 0.0010745231676647649, -0.07445340602045536, -0.04736593251819454, -0.06048120739513285, -0.0021593497357185187, -1.3185309547525392e-05, -0.0007094358551097413, 0.08330609542908185, 0.05343106347572113, 0.07360066296758883, 0.04701306165188546, -0.049523538198395056, -0.06746156542884574, -0.05723203818250955, -0.05496220449605849, -0.017006324687516505, -0.04289637667129842, -0.010905814214114296, 0.048674650200739245, 0.05847697305537514, 0.061529763908993784, 0.0713780169952174, 0.020621838695186967, -0.08906829745706601, -0.05442662715331836, -0.05067758575413761, -0.02831848917722979, -0.05740289515686914]",C:\Users\einob\OneDrive - King's College London\AA - Individual Project Files\Visual Python Code\Residual Outputs\diagnostics_borough_simple\diag_Fair_treatment_Havering_Q1_1516-Q4_2526.png,"[0.8310460785699938, -2.3391518969955277e-05]","[0.014936071107990842, 8.394015530987669e-06]","[1.0582762918297693e-41, 0.007893535220145355]",Fair treatment,Q1_1516-Q4_2526
Hillingdon,False,45,"[0.736439788137443, 1.0422337332678991e-05]","[1.6684367299639146e-31, 0.28228186474372574]",0.0268325011307885,0.004200698831504424,0.04559101844275928,-0.7790939263153629,0.778932142083463,"[0.08728769246295637, 0.06996907814871706, 0.0037876978134848576, 0.0027514377535712673, 0.0001312315396435382, 0.008135153303767685, 0.00830832641405855, 0.001004386577543032, 0.021793601127469756, 0.018824672368295055, 0.024094933879566016, 0.015317872938022063, 0.08999618864158959, 0.003551077774369959, 0.002763891024772202, 0.0054096144044925324, 0.005620240253998913, 0.002747395836292294, 0.018705759410779933, 0.0027470992818745344, 0.024897312289162872, 0.056884323349977194, 2.909533348940819e-05, 0.0694818040946859, 0.0043516358475522736, 0.002747374718317645, 0.002798724707258114, 0.016791754404316832, 0.00012519535188761015, 0.026684291153810016, 0.00023959558835732694, 0.015064608462254025, 0.08893338340891391, 0.19016946374471516, 0.07327944136967757, 0.0016391828939513, 1.1818780129802964e-05, 0.0001365749849634679, 0.0027261738711067693, 0.008319816883005829, 0.005166636404198384, 0.031007037168986652, 0.004733319552522593, 0.008537378774764138, 0.12911662608796404]","[0.10370438850139739, 0.10334110231233651, 0.023888836788483286, 0.02383296459911651, 0.027381371412866548, 0.02299310061240152, 0.025029229742931727, 0.027993364233314166, 0.02400792275880829, 0.03670612276288236, 0.04370623029676675, 0.10431166917553387, 0.09781395760458919, 0.023240183920656958, 0.02355235797724102, 0.029071972269352132, 0.031743023659557605, 0.023945661552881886, 0.029080762451376585, 0.02395448837240758, 0.044729698893462407, 0.05371821098512858, 0.10568629413011606, 0.10249659099950471, 0.025582906934507856, 0.028580249092345984, 0.03180528486548401, 0.024701859578147634, 0.029536535784873905, 0.03178450858402059, 0.02313146354490906, 0.040865592368202815, 0.04053364815230435, 0.1074748693014136, 0.10909453995552928, 0.10887561961263788, 0.023250371964266582, 0.027051273163375918, 0.026562585262432728, 0.02226080151101121, 0.02557675465257153, 0.027929017508087316, 0.0267749700387596, 0.038212868183417376, 0.024484773928586785]","[0.7414583076615617, 0.7414991917310046, 0.7623977652279115, 0.7623534741526817, 0.7643874566074671, 0.7615596418043317, 0.7631779695531139, 0.7646532030588461, 0.7624897543841581, 0.7675014598967029, 0.7691845207554365, 0.7413901675458235, 0.7421328948073699, 0.7618253882557107, 0.7621183907533848, 0.7650892997995705, 0.7660398544141185, 0.7624420563031413, 0.7650927068053575, 0.7624488703147152, 0.7694059761315857, 0.7711673981234183, 0.7412368522854126, 0.7415945878930381, 0.7634982280970835, 0.7648951004697166, 0.76606029644884, 0.7629735492058993, 0.7652664641004899, 0.7660534824372661, 0.7617129570647426, 0.7685405966617105, 0.7684622355286116, 0.7410392459497718, 0.7408620816488525, 0.7408859306893608, 0.7618356092730714, 0.764237548352843, 0.7640058719593331, 0.7601763974548461, 0.7634948210912966, 0.7646259470125507, 0.7641080821329405, 0.7678932655621976, 0.7567251005927061]","[0.06854169233843832, -0.0614991917310046, -0.03239776522791149, 0.027646525847318304, 0.0056125433925329204, 0.04844035819566839, 0.046822030446886154, 0.015346796941153928, 0.07751024561584186, -0.05750145989670297, -0.059184520755436565, 0.028609832454176476, -0.07213289480736984, -0.031825388255710685, 0.027881609246615202, 0.03491070020042952, 0.03396014558588156, 0.02755794369685871, 0.0649072931946425, 0.027551129685284836, -0.059405976131585714, -0.08116739812341833, -0.001236852285412593, -0.061594587893038066, -0.03349822809708347, 0.025104899530283387, 0.02393970355116004, 0.06702645079410063, -0.00526646410048992, 0.07394651756273385, 0.008287042935257394, -0.04854059666171051, -0.11846223552861157, 0.0989607540502282, -0.06086208164885243, 0.009114069310639183, -0.0018356092730713591, 0.005762451647157052, 0.02599412804066692, 0.049823602545153944, 0.03650517890870342, 0.08537405298744927, -0.034108082132940476, -0.03789326556219763, -0.1867251005927062]",C:\Users\einob\OneDrive - King's College London\AA - Individual Project Files\Visual Python Code\Residual Outputs\diagnostics_borough_simple\diag_Fair_treatment_Hillingdon_Q1_1516-Q4_2526.png,"[0.736439788137443, 1.0422337332678991e-05]","[0.027082356034622602, 1.073949807417862e-05]","[1.0111071563790766e-28, 0.3372408176902304]",Fair treatment,Q1_1516-Q4_2526
Hounslow,False,45,"[0.7780149141799065, -1.4748266768788256e-05]","[4.434241274598634e-28, 0.21514033614396408]",0.03550345792076692,0.013073305779389366,0.12192260652649772,-0.00906829177494004,-0.8403676339324906,"[0.0014808367498284046, 4.08084448958927e-12, 0.0027298645376741563, 0.03369029860400364, 0.017178204232022126, 0.027045325572298325, 2.0275566442403102e-05, 0.0018937219397397638, 0.003675094334961912, 0.04534162144096051, 0.030699900839043292, 0.019398051805556777, 0.004902384253580283, 0.004497781062382075, 0.020736637308857372, 0.03901013910626447, 0.012243273046467338, 0.00016614248296372891, 0.0019452202849315665, 0.007308592503870866, 0.05498330702838113, 0.019789970909341585, 0.004232409928025755, 0.0012869707833466763, 0.010212279839895732, 0.040281195295689555, 0.035752217022329294, 0.0020189100079481635, 7.222957686466585e-06, 0.0035792180358175684, 0.014366175338202029, 0.04321881138607602, 0.03203835833249316, 0.0009415115579090856, 4.66662420175368e-07, 0.0011644286062708884, 0.011515785481938273, 0.02490126432859616, 0.03850023714048954, 8.279200618324938e-05, 0.0002073372178855758, 0.0019334866825439728, 0.05441230114535662, 0.015108984084402397, 0.02950620601474677]","[0.10986535604428471, 0.10506018986060628, 0.026364525072875084, 0.027044457859915137, 0.030876346291894834, 0.023270675026058948, 0.02660247395487498, 0.027685846238608945, 0.031945415059423075, 0.0294315975949694, 0.03626228031866924, 0.10518741810334424, 0.10181768629700871, 0.02589515956997934, 0.025335788865085078, 0.030142405231067794, 0.029821295614321664, 0.02525008912485524, 0.025485485102943635, 0.04955616319723307, 0.03713948400119019, 0.0389450457164988, 0.10039048860260846, 0.10191121288605177, 0.026609788256786823, 0.030876346291894834, 0.032330406596514434, 0.02341481765552793, 0.025195627965710947, 0.02580202789967972, 0.03782172731711892, 0.03411316811037751, 0.0294315975949694, 0.11598618571659135, 0.10627279989635813, 0.10420395280400879, 0.02393935618826431, 0.028745277971839005, 0.02633613431356093, 0.022246267670074767, 0.023976172784734733, 0.02587510210463093, 0.03048019533417328, 0.025619352387390045, 0.02943680950542473]","[0.7707631196440513, 0.7700005809102175, 0.7373700643536806, 0.7368992350683604, 0.73471397305932, 0.7403332182254238, 0.73720117993612, 0.7364847005888937, 0.7341970843873924, 0.7354662763739077, 0.7323547089230962, 0.7700210517487097, 0.7694734568190439, 0.7377180686080477, 0.7381633093452525, 0.7350875658618024, 0.7352564502793628, 0.7382349572799752, 0.7380404843142995, 0.7280148911627536, 0.7320169400879751, 0.7313516378369792, 0.7692380421763838, 0.769488809947913, 0.737196062226497, 0.73471397305932, 0.7340179645505859, 0.740133627550125, 0.7382810166665826, 0.7377897165427703, 0.7317610546068228, 0.7332298372686369, 0.7354662763739077, 0.7717047782146916, 0.7701950538758933, 0.7698624027503953, 0.7394939138472444, 0.735850104595636, 0.7373905351921727, 0.7437876722209794, 0.73945297217026, 0.7377334217369168, 0.7349135637346188, 0.7379330124122155, 0.751203233464772]","[-0.0107631196440513, -5.809102174847425e-07, 0.03262993564631944, 0.11310076493163956, 0.0752860269406801, 0.10966678177457623, 0.002798820063879992, -0.02648470058889374, -0.03419708438739244, -0.12546627637390773, -0.09235470892309616, -0.040021051748709735, 0.020526543180956147, 0.042281931391952354, 0.09183669065474742, 0.11491243413819763, 0.06474354972063723, -0.008234957279975252, -0.028040484314299507, -0.038014891162753695, -0.12201694008797515, -0.07135163783697918, -0.019238042176383807, 0.010511190052087005, 0.06280393777350302, 0.11528602694068002, 0.10598203544941409, 0.029866372449875, 0.0017189833334173565, -0.0377897165427703, -0.061761054606822796, -0.11322983726863689, -0.10546627637390771, 0.008295221785308393, -0.0001950538758932474, -0.009862402750395294, 0.07050608615275566, 0.09414989540436391, 0.1226094648078273, 0.006212327779020588, -0.009452972170259977, -0.02773342173691684, -0.13491356373461882, -0.07793301241221551, -0.101203233464772]",C:\Users\einob\OneDrive - King's College London\AA - Individual Project Files\Visual Python Code\Residual Outputs\diagnostics_borough_simple\diag_Fair_treatment_Hounslow_Q1_1516-Q4_2526.png,"[0.7780149141799065, -1.4748266768788256e-05]","[0.01154205257352123, 7.506753422093337e-06]","[3.0335253009990057e-45, 0.05593585427593161]",Fair treatment,Q1_1516-Q4_2526
Islington,False,45,"[0.7843526633194021, -4.9710732302174504e-05]","[3.9347170503531913e-25, 3.932355801959222e-06]",0.3939778744527169,0.37988433664929167,0.05656062201269396,0.7119269923119942,0.345238165836097,"[0.015325430280767242, 0.009212183930646028, 0.2709139498761463, 0.03501492190192785, 0.0001559635703593056, 5.690624209352759e-06, 0.007542822182688819, 0.015547052190580684, 0.023630722459973184, 0.0009624381168851952, 0.0017123033806204012, 0.004988470698283187, 0.022650995815320655, 0.2091603262389604, 0.021543432078357468, 0.0029449964458640736, 0.0008823337504191346, 0.0071737616679489686, 0.021540245333306743, 0.009948288830687362, 0.0013541353381712488, 0.007260294365890484, 0.013567245597181688, 0.03263065849152777, 0.0886110991003743, 0.012686676784105396, 0.0015929828317034942, 0.00037521613937528165, 0.011912291765150908, 0.020718450663794706, 0.00828455499489304, 0.001597611880831472, 0.004469488341395886, 0.00767901757127186, 0.025131177387354407, 0.015314594092388773, 0.016878304614412396, 0.004580736673304114, 0.00018292211234383722, 0.005303775645357577, 0.02347314464247867, 0.02172003306448577, 0.006804573596486393, 0.003547728683945189, 0.03848377377032422]","[0.09406724102377043, 0.09353737460486755, 0.06263225141482077, 0.030761575950074324, 0.030790497292218177, 0.02415224008976419, 0.02223920316245142, 0.023402090616200258, 0.02826127738177728, 0.02980734169858744, 0.0376609555087214, 0.10728115653441521, 0.09552743026274113, 0.06336896054341623, 0.03171130986536044, 0.0404161217409383, 0.026770931435558913, 0.023416455764684638, 0.024556737956538538, 0.026412711048187442, 0.03305550299308227, 0.032796686941486485, 0.09863587958687992, 0.09459906859835722, 0.04508296259444681, 0.03118078719269964, 0.04142806304369282, 0.022408583814702655, 0.023812135493215314, 0.025623850027411358, 0.024847291772655846, 0.03192573806447491, 0.02783959070072192, 0.09823301655976516, 0.11115471389770068, 0.09409518305567074, 0.026813209823353182, 0.028465482943711436, 0.029617897862325812, 0.02735719511449579, 0.02306817678875228, 0.024364451802676435, 0.023779059144869698, 0.030427772946936438, 0.03261383534082167]","[0.7269276545608592, 0.7264915733592555, 0.5203628748538701, 0.5681940971771329, 0.5681252422505639, 0.6282355931452978, 0.6070741790464262, 0.5937622265764202, 0.5746664602746185, 0.5705351646804788, 0.5541706437992473, 0.7373247484727776, 0.7281211399547217, 0.5195595673772317, 0.565990739526925, 0.5494885087925556, 0.5791879337859827, 0.5936704200076616, 0.5876111864695899, 0.5803814191798452, 0.5630529293266477, 0.5636037687391998, 0.7306228689533953, 0.7273637357624628, 0.5423046447871902, 0.5672071765629773, 0.5478589421970893, 0.6149006890331021, 0.5913293525043157, 0.5832044711691742, 0.5863258945069686, 0.565508755040942, 0.5758828973106709, 0.73030154596274, 0.7402166553886754, 0.7269506062030489, 0.5790502239328447, 0.5740926692198769, 0.5710171491664617, 0.6404458667901998, 0.5960803424375765, 0.5885063005149869, 0.591512965641833, 0.5689974046537712, 0.6537807709023954]","[0.04307234543914085, 0.03350842664074449, 0.22963712514612988, 0.12180590282286707, -0.00812524225056388, 0.0017644068547022496, -0.06707417904642621, -0.0937622265764202, -0.10466646027461857, -0.02053516468047878, -0.02417064379924727, 0.022675251527222384, 0.05187886004527831, 0.20044043262276823, 0.09400926047307501, 0.03051149120744434, 0.020812066214017322, -0.06367042000766154, -0.10761118646958989, -0.0703814191798452, -0.02305292932664771, -0.05360376873919981, 0.039377131046604674, 0.06263626423753721, 0.15769535521280975, 0.07279282343702276, 0.022141057802910646, -0.014900689033102155, -0.08132935250431572, -0.1032044711691742, -0.06632589450696857, -0.025508755040941966, -0.045882897310670856, 0.029698454037260014, 0.04978334461132461, 0.04304939379695116, 0.09094977606715537, 0.0459073307801231, 0.008982850833538225, -0.0504458667901998, -0.11608034243757648, -0.10850630051498689, -0.06151296564183295, -0.03899740465377122, -0.12378077090239537]",C:\Users\einob\OneDrive - King's College London\AA - Individual Project Files\Visual Python Code\Residual Outputs\diagnostics_borough_simple\diag_Fair_treatment_Islington_Q1_1516-Q4_2526.png,"[0.7843526633194021, -4.9710732302174504e-05]","[0.029126211274956022, 9.695004762605338e-06]","[1.5016020386509185e-28, 6.6612225567405846e-06]",Fair treatment,Q1_1516-Q4_2526
Kensington and Chelsea,False,45,"[0.7635005680872675, -1.4314091532251634e-06]","[1.7615137698908288e-26, 0.8576531387449581]",0.0007566225034989493,-0.02248159557781504,0.009526843372758727,0.054119787043102247,-1.340456164620464,"[0.009080989766120387, 0.006627801051545904, 0.020663825872353554, 0.016222318460806857, 0.03201633517817137, 0.009772072534517664, 0.005412779889887403, 0.02027059608581105, 0.006866584862079985, 0.003018415247866754, 0.0100842278969122, 0.014026528934847573, 0.03359757063187721, 0.026032073673752452, 0.029792245470323664, 0.0644837563130885, 0.004769807522469551, 0.02027059608581105, 0.01922807144856972, 0.004036125836201699, 0.003659977863184026, 0.02296538535162636, 0.001299933659236241, 0.06485874540779155, 0.012962472543297182, 0.03955311016806464, 0.05833171421086545, 0.00010768281697027872, 0.017676658510318913, 0.025722159431413517, 0.00010965585701916373, 0.014995839577703354, 0.017703055445868275, 0.00434238233234573, 0.00048512272111571493, 0.07882269314354695, 0.012027177336212062, 0.03242984512646724, 0.01309707361004563, 1.0484659723757212e-06, 0.031692850711443565, 0.00767708005123104, 0.0014943710761996865, 0.011563592031916061, 0.05601788006897321]","[0.10108389889883052, 0.10368770434036838, 0.026997942038165502, 0.02611235592790747, 0.033892886477198195, 0.027006499514997763, 0.022451946084250548, 0.02436674661187889, 0.02913793568429978, 0.03054997062911385, 0.030993075483818102, 0.09376854880059757, 0.08859906881505217, 0.03979890948641999, 0.03747691334808223, 0.06266317103294015, 0.024105308959969422, 0.02436674661187889, 0.02815245654044212, 0.041576164921309416, 0.037524946422197294, 0.04155814887153321, 0.09880889090987298, 0.10017713306836787, 0.026201732600347954, 0.030585470199227346, 0.0497339968193147, 0.022222226232479502, 0.025865937600947894, 0.025897280495887045, 0.03650113410724337, 0.03484927495372109, 0.02590513719268744, 0.10082947594504793, 0.10543461352039596, 0.09834358909467569, 0.02453176353092921, 0.029431836286064994, 0.026442227760728056, 0.02679388743944209, 0.023266778112901423, 0.02331333617461635, 0.028192423559955306, 0.026838174257973146, 0.033962334635920785]","[0.762551120760525, 0.7626220048406498, 0.7571569420997574, 0.7572607723016304, 0.7565569233370105, 0.759288456340131, 0.7579885820820671, 0.7575083673984044, 0.7569402963900801, 0.7568155004743673, 0.7567785608833163, 0.7623454570914303, 0.7621937052579236, 0.7561785421205695, 0.7563183135461677, 0.7551222694899768, 0.757553293928061, 0.7575083673984044, 0.7570351412860217, 0.7560777070206736, 0.7563153184441906, 0.7560787053879993, 0.7624882236190057, 0.7625261615773824, 0.7572497902610477, 0.7568125053723902, 0.7556653813151587, 0.7582231984036071, 0.7572917216887272, 0.7572877282194244, 0.7563802123203612, 0.7564900327261884, 0.7572867298520987, 0.7625441321892451, 0.7626689281049578, 0.7624752448437716, 0.7574814114806105, 0.7569133404722861, 0.7572208376086023, 0.7592644955243142, 0.757724014740756, 0.7577130327001733, 0.7570311478167189, 0.75717491271162, 0.7598924685721807]","[-0.03255112076052502, 0.027377995159350244, 0.10284305790024262, 0.09273922769836962, 0.11344307666298947, 0.07071154365986898, -0.05798858208206714, -0.10750836739840441, -0.056940296390080136, -0.036815500474367324, -0.06677856088331635, -0.04234545709143034, 0.06780629474207633, 0.09382145787943053, 0.10368168645383224, 0.11487773051002315, 0.05244670607193902, -0.10750836739840441, -0.09703514128602164, -0.03607770702067359, -0.03631531844419067, -0.08607870538799922, -0.0124882236190057, 0.08747383842261758, 0.08275020973895231, 0.13318749462760981, 0.1243346186848413, -0.00822319840360708, -0.09729172168872713, -0.11728772821942435, -0.006380212320361234, -0.07649003272618837, -0.09728672985209863, -0.022544132189245114, 0.007331071895042229, 0.09752475515622838, 0.08251858851938942, 0.12308665952771392, 0.08277916239139771, 0.000735504475685822, -0.13772401474075602, -0.06771303270017337, -0.027031147816718892, -0.07717491271161991, -0.14989246857218075]",C:\Users\einob\OneDrive - King's College London\AA - Individual Project Files\Visual Python Code\Residual Outputs\diagnostics_borough_simple\diag_Fair_treatment_Kensington_and_Chelsea_Q1_1516-Q4_2526.png,"[0.7635005680872675, -1.4314091532251634e-06]","[0.024687689963887986, 6.8213049438933284e-06]","[5.20712566201866e-31, 0.834780623855651]",Fair treatment,Q1_1516-Q4_2526
Kingston upon Thames,False,45,"[0.7184360312103173, 1.265761414073604e-05]","[2.1774790527151357e-27, 0.39379679112989163]",0.016963267470991195,-0.005898051890148581,0.016982722790510926,-0.40598579595425555,-1.0486332493579875,"[0.022888036397549633, 0.00013297454173041528, 0.010251871512214414, 0.007796133796633343, 0.03231351642400853, 0.013287113534677895, 0.007873522738193164, 0.0017757496721939763, 0.0628149519257453, 0.021600411194146543, 0.01183009798910985, 0.006380605980795064, 0.0030548519237097614, 0.010542178035703224, 0.024843680922318763, 0.01453921846389283, 0.012917950751275196, 0.0032503113747357187, 0.0028619939631419717, 0.04568348713899247, 0.040967354637068534, 0.009938004377384565, 0.0005259667720916639, 0.017262437223198895, 0.0031861610269229472, 0.03918822846195083, 0.024827222718089757, 0.005003739659187161, 0.008351573426325809, 0.023514039534333276, 0.045981739986594036, 0.017028765145887477, 0.007065645193562969, 0.0007932787719104592, 8.918282184053095e-05, 0.01672691991303451, 0.0031154764112002772, 0.037895362573588845, 0.041455073560611615, 0.004088200826693415, 0.0015968402743875853, 0.030069447384852697, 0.038941662076722866, 0.015168036013309877, 8.84858122902167e-05]","[0.10746057905763609, 0.1011709156289973, 0.02381338116543745, 0.02642495064295031, 0.038931522283470285, 0.022482833941094342, 0.026869313849441405, 0.02740449577650993, 0.03323084146998602, 0.024797581081170035, 0.027736057325066007, 0.1016410049631869, 0.09910586459787132, 0.02505819351021822, 0.0376017233807803, 0.0391481644079923, 0.0335080024074732, 0.02896767642686643, 0.024809706423271218, 0.0331059983199448, 0.030323342894793614, 0.030869245913859075, 0.10177557249773779, 0.10669586742002803, 0.02749075210811639, 0.038229522848129444, 0.037572141418973956, 0.022611228850355984, 0.029507273926310962, 0.026409493450106056, 0.029145235594115543, 0.02456105448406998, 0.03180305672884762, 0.1116210199465545, 0.10766973480147618, 0.10490206479429197, 0.025617093911332416, 0.036813005964238116, 0.03298186710382303, 0.024116168559874473, 0.025743393836380392, 0.027370192585364793, 0.025520455368274696, 0.027049993502163305, 0.030332414831417992]","[0.7226837801945525, 0.7233766754189312, 0.7436287977923502, 0.7452028749868629, 0.7492698686951732, 0.7421300352961396, 0.7454137561421087, 0.7456547631766752, 0.7477334488498115, 0.7443141615468988, 0.745797861103449, 0.7233239551301198, 0.7236101509836675, 0.7444723224133332, 0.7489384840226442, 0.7493225889839846, 0.7478162950179438, 0.7462949381122426, 0.744321693016729, 0.7476957915006605, 0.746792015121036, 0.7469803018667911, 0.7233088921904594, 0.7227666263626847, 0.7456924205258262, 0.7490966448890785, 0.7489309525528139, 0.7423559793910457, 0.746498287797658, 0.7451953435170328, 0.7463627213407144, 0.7441635321502947, 0.7472890921298295, 0.7222394234745704, 0.7226611857850619, 0.72296244457827, 0.7447886441462017, 0.7487351343372287, 0.7476581341515095, 0.7383643003810375, 0.7448564273746735, 0.7456397002370148, 0.7447359238573903, 0.7454966023102408, 0.7354270271472579]","[-0.042683780194552434, -0.003376675418931274, 0.0663712022076498, 0.05479712501313716, 0.09073013130482677, 0.07786996470386032, 0.05458624385789135, -0.025654763176675255, -0.13773344884981154, -0.09431416154689876, -0.06579786110344898, -0.023323955130119867, 0.016389849016332447, 0.06552767758666689, 0.08106151597735578, 0.060677411016015426, 0.062183704982056276, 0.03370506188775746, -0.03432169301672905, -0.11769579150066045, -0.11679201512103599, -0.05698030186679115, 0.006691107809540631, 0.03723337363731527, 0.034307579474173844, 0.10090335511092152, 0.08106904744718602, 0.04764402060895434, 0.05350171220234201, -0.09519534351703274, -0.12636272134071436, -0.0841635321502947, -0.04728909212982957, 0.007760576525429608, -0.0026611857850619147, 0.03703755542173004, 0.03521135585379831, 0.10126486566277126, 0.11234186584849049, 0.04163569961896252, 0.025143572625326516, -0.10563970023701474, -0.1247359238573903, -0.0754966023102408, -0.005427027147257957]",C:\Users\einob\OneDrive - King's College London\AA - Individual Project Files\Visual Python Code\Residual Outputs\diagnostics_borough_simple\diag_Fair_treatment_Kingston_upon_Thames_Q1_1516-Q4_2526.png,"[0.7184360312103173, 1.265761414073604e-05]","[0.012532814455399553, 1.0160353399903382e-05]","[2.985111433750191e-42, 0.21958872096230894]",Fair treatment,Q1_1516-Q4_2526
Lambeth,False,45,"[0.7035588796158788, -3.510827908740406e-05]","[7.835808805009697e-20, 0.017602176573237302]",0.12415773655592677,0.10378931182466922,0.25348986219879216,0.008653765034922316,-0.572117077381002,"[0.009210474185539405, 0.01445257087728047, 0.055875039323625995, 0.023289410043539675, 0.02209551307803609, 4.542639312249273e-05, 0.005453466009776979, 0.049416972774626235, 0.006628104848487988, 0.000567106207860282, 0.00020113355362809396, 0.0021805390470941454, 0.027900555808397228, 0.06086806050146439, 0.017257610377380682, 0.02785235184115312, 9.426630418809085e-05, 0.01664871779970623, 0.04828788411844354, 0.0032093175974838768, 9.260324863160694e-05, 0.0006391674169826974, 0.0047462600527021104, 0.036072472815850916, 0.04497908732089294, 0.013856155049474515, 0.021283061693536044, 0.004887596343931969, 0.021931829151793238, 0.032263382575944154, 0.0013348434730425006, 0.00034881201146501567, 0.0035035507236697893, 0.0008374695833202086, 0.0003857663958533616, 0.03609409473432801, 0.021663178224327215, 0.01670072837180884, 0.0010479864564751017, 0.002974826664706722, 0.04390698430215531, 0.011243778943556416, 0.0012573332686788153, 0.0016265858850967978, 0.026089836652639326]","[0.10569064561703952, 0.10128978995272163, 0.028451788761676696, 0.030057070767258266, 0.03191143057323051, 0.02238376400804172, 0.024848317141606794, 0.02489531545832791, 0.03114293722720917, 0.04051383549775092, 0.03713837483981393, 0.10451971755989986, 0.09558488983865525, 0.03437077763729413, 0.030602592448513398, 0.03646689170009229, 0.03118217920428399, 0.03086293733911225, 0.02885107271579005, 0.032424622383363355, 0.04474109078590642, 0.03909432762173831, 0.10354631729756063, 0.10274349958979855, 0.028192489287773733, 0.02731649133954884, 0.03124514550315348, 0.02241524298530235, 0.025012442204104285, 0.0246522015703342, 0.028649880527244535, 0.033508362144535696, 0.02889168320425648, 0.10925305722558812, 0.10932653460905797, 0.10471032452163131, 0.024595255144582526, 0.027399770691124255, 0.024921126594447552, 0.02352968244581677, 0.02311701905652675, 0.024237833178067412, 0.02955120958190311, 0.02586247227260343, 0.03029758994571109]","[0.6802715468458963, 0.6782158069810568, 0.5823144370498092, 0.579761340766057, 0.5771198255633869, 0.6067180586711294, 0.5896863644145831, 0.5895647884010711, 0.5781808525904009, 0.567316377928373, 0.5708089252256271, 0.6797299809675246, 0.6754637681297394, 0.5739809539418042, 0.5789545181309319, 0.5715494336715639, 0.5781255907660772, 0.5785787377255311, 0.5816512951579256, 0.5764345789417737, 0.563370683671665, 0.5687421329959229, 0.6792768340080707, 0.67890105360267, 0.5827565316443984, 0.5843259674551898, 0.5780371718471594, 0.5996334927928385, 0.5892663745497234, 0.5902058255632253, 0.5819828661038674, 0.5750419809688181, 0.5815849809687372, 0.6818962444810114, 0.6819294015756056, 0.6798183998864424, 0.5903605586713314, 0.5841712343470836, 0.5894984742118827, 0.6129626448197009, 0.5953672799550535, 0.5913773762388865, 0.580535006306588, 0.5872658965092076, 0.6272644049546593]","[-0.04027154684589629, 0.051784193018943214, 0.2076855629501908, 0.13023865923394295, 0.12288017443661303, -0.006718058671129401, -0.06968636441458309, -0.20956478840107107, -0.06818085259040085, -0.017316377928372928, -0.010808925225627042, -0.01972998096752454, 0.0745362318702606, 0.19601904605819587, 0.11104548186906804, 0.1284505663284361, -0.008125590766077218, -0.10857873772553117, -0.19165129515792556, -0.04643457894177372, 0.0066293163283349665, -0.018742132995922867, -0.029276834008070685, 0.08109894639733006, 0.18724346835560157, 0.10567403254481011, 0.12196282815284054, -0.06963349279283848, -0.1392663745497234, -0.17020582556322533, -0.03198286610386736, -0.015041980968818036, -0.051584980968737204, -0.011896244481011342, 0.008070598424394393, 0.08018160011355757, 0.13963944132866857, 0.11582876565291633, 0.030501525788117267, -0.05296264481970081, -0.20536727995505344, -0.10137737623888654, -0.03053500630658801, -0.03726589650920753, -0.1372644049546593]",C:\Users\einob\OneDrive - King's College London\AA - Individual Project Files\Visual Python Code\Residual Outputs\diagnostics_borough_simple\diag_Fair_treatment_Lambeth_Q1_1516-Q4_2526.png,"[0.7035588796158788, -3.510827908740406e-05]","[0.024885167439084418, 9.670969657510789e-06]","[2.067160480305942e-29, 0.0007481063930429996]",Fair treatment,Q1_1516-Q4_2526
Lewisham,False,45,"[0.7394111318377062, -4.793317540716676e-05]","[1.789054945316842e-25, 0.0003028192335326276]",0.2643589274028948,0.2472509954820319,0.0020736040389997797,0.6425785889164172,-0.7964880240242156,"[0.009791924089019508, 0.0011064497273851571, 0.03323001045017285, 0.022894450543406157, 0.06654977430245636, 7.176022200711864e-06, 0.0052203015007092415, 0.021166340943889434, 0.02028684616582133, 0.0012580100134780814, 0.005389285015483668, 0.004086763846224147, 0.0016176013275930965, 0.020484671354520746, 0.027007337926767957, 0.07083619901001022, 5.1415671977254156e-05, 0.00556952698161941, 0.009680911451345883, 0.015516227187072242, 0.002500051610535819, 0.0036374737715553188, 0.0010578472741713117, 0.0013211798678763158, 0.016429486006707312, 0.04920554807666792, 0.03267747861210298, 0.0034180867706271683, 0.013268628457957775, 0.013952706951041187, 0.02096109520455349, 0.01200795702818037, 0.00023672864700525115, 0.021011125274388576, 0.0006386987179898339, 0.009458829693153793, 0.01266463363813196, 0.035631909078540636, 0.004738152887969098, 0.0022133237761535326, 0.025996688694664764, 0.00965234680797398, 0.009096252514405507, 0.010575932243700927, 0.033003827383972215]","[0.10610273225606089, 0.10540022396216397, 0.023481486383713425, 0.023153900968609514, 0.031206475902438302, 0.02538041328489769, 0.02650124324917694, 0.027523173998134753, 0.040761225704828326, 0.03816968163939076, 0.03646559443490283, 0.10475885318679899, 0.0992668010871167, 0.02374563316940763, 0.02459914904381796, 0.037649605905949894, 0.03482363842082347, 0.02545483860751294, 0.029083745681252257, 0.03931505268334316, 0.04045908631344747, 0.03352854090764165, 0.10429396086174116, 0.10181765942653664, 0.022415809454065433, 0.02636324651883736, 0.03178179163175857, 0.0261066527107487, 0.02770162531764895, 0.02536336130107445, 0.029492346383384306, 0.03478955377156699, 0.03130273049285617, 0.11155649958077812, 0.10888266726608407, 0.10336811511167145, 0.022313587931558212, 0.025882734449175833, 0.025267605284680056, 0.02245264118977471, 0.025594516379699405, 0.029210164028583386, 0.03190098985905314, 0.025839966668006618, 0.02947067758928728]","[0.710767936450779, 0.7103851766015105, 0.608379676771451, 0.6099426128226307, 0.589704185792558, 0.6018568110068334, 0.5989542154832138, 0.596625759733497, 0.5766744025903756, 0.5797843263656823, 0.5819692471719233, 0.7100343134063476, 0.7069722346121995, 0.6072632938777511, 0.604201215083603, 0.5804382077748493, 0.5842020129593231, 0.6016494827551463, 0.5934679909770317, 0.5783808735850311, 0.5770252657855384, 0.586067967224507, 0.709779140173502, 0.7084075840469565, 0.6151736640959672, 0.5992891303513237, 0.5887632344964395, 0.5999270634334379, 0.5962429998842285, 0.6019046559879919, 0.5927024712784947, 0.5842498579404817, 0.5895447025220295, 0.7136864803014514, 0.7122670791937473, 0.7092687937078106, 0.6165452202225127, 0.6005012032073407, 0.6021757775478904, 0.6147749559196458, 0.6012667229058777, 0.593228766071239, 0.5885718545718053, 0.6006128414967107, 0.6463685918113512]","[-0.03076793645077891, -0.010385176601510504, 0.131620323228549, 0.11005738717736924, 0.160295814207442, -0.0018568110068334365, -0.04895421548321377, -0.09662575973349696, -0.07667440259037561, -0.01978432636568228, -0.041969247171923296, -0.020034313406347648, 0.013027765387800483, 0.10273670612224883, 0.11579878491639695, 0.14956179222515065, -0.004202012959323098, -0.05164948275514625, -0.06346799097703171, -0.06838087358503109, -0.02702526578553832, -0.036067967224507, 0.010220859826498008, 0.0115924159530435, 0.09482633590403278, 0.1507108696486763, 0.11123676550356043, -0.03992706343343788, -0.07624299988422845, -0.0819046559879919, -0.09270247127849474, -0.06424985794048166, -0.009544702522029547, -0.04368648030145139, 0.007732920806252652, 0.030731206292189395, 0.08345477977748728, 0.1294987967926593, 0.0478242224521096, -0.034774955919645856, -0.11126672290587769, -0.06322876607123895, -0.05857185457180525, -0.07061284149671065, -0.11636859181135117]",C:\Users\einob\OneDrive - King's College London\AA - Individual Project Files\Visual Python Code\Residual Outputs\diagnostics_borough_simple\diag_Fair_treatment_Lewisham_Q1_1516-Q4_2526.png,"[0.7394111318377062, -4.793317540716676e-05]","[0.014099086825231325, 7.302547292492161e-06]","[1.2993692692942054e-40, 5.5267524580677385e-08]",Fair treatment,Q1_1516-Q4_2526
Merton,False,45,"[0.7112285335943495, -8.587277427980026e-07]","[3.9017532243052356e-28, 0.9542287188420439]",7.750808220596817e-05,-0.023176503357742684,0.036832431072425176,0.10857804709525275,-1.0566578908485658,"[0.014682590645946599, 0.0017177725473234067, 0.016417356657847985, 0.01072825271393409, 0.03936322788608277, 0.017670310805701372, 0.001160966618089642, 0.06070729745983072, 0.001376775185072786, 0.02077439533609515, 0.005683587802181039, 0.013589490502086706, 0.0051347538482201865, 0.015479374017542874, 0.021559847256853854, 0.05803413818912208, 0.0018323415962537835, 0.016243537478054935, 0.014152897731825825, 0.011459287949271209, 0.016715815732010305, 0.0013725308750954057, 0.023749027232874743, 0.03714929485448935, 0.025038127065996164, 0.019546681656243285, 0.023498025731317675, 0.00034537364650622583, 0.028247590667580685, 0.0012175657977234729, 0.012913995593150977, 0.011791885847941403, 0.0026428266173561554, 0.013268726978161186, 0.023766137333178266, 0.05339242609554645, 0.014245513884781416, 0.04168091231715179, 0.028120952826734897, 0.00024730969604273297, 0.04330561184014238, 0.002563756901668303, 0.02070257879682085, 0.010570701808614875, 0.0016903985283728692]","[0.10931081760491433, 0.10432838078854828, 0.027985398599286324, 0.02505356917263212, 0.027360841938707612, 0.023414558875406506, 0.025874584801212235, 0.030556668658589303, 0.030765240343326068, 0.027876231952692322, 0.03082257088682841, 0.1029150288371704, 0.1015720806612237, 0.026497896200471823, 0.028174969930122706, 0.039201569553592636, 0.03576468736777029, 0.02849773901303619, 0.033644958625327556, 0.03909415469924779, 0.03939036570274869, 0.030670115491542103, 0.10268066312995662, 0.10967668158192596, 0.02603855194032207, 0.03288588533868009, 0.03051902346922634, 0.026716573650656217, 0.024317995370687906, 0.02717028902667175, 0.03082257088682841, 0.028238842060220124, 0.025775471373399278, 0.1112709540732846, 0.10273922260270606, 0.10894572052519882, 0.02453103754592728, 0.028862626852872268, 0.029014870878008803, 0.02243572075395195, 0.02580012191413653, 0.024998919455911817, 0.02778349134672999, 0.025392651391853115, 0.03460968512644666]","[0.7109188621325924, 0.7108857400561416, 0.7094842372549934, 0.7095720307106462, 0.7095005987626378, 0.7096442607809788, 0.7095440964293022, 0.7094247771418467, 0.7094203874690641, 0.7094870306831278, 0.709419190285578, 0.7108761625882521, 0.7108669841815248, 0.7095249414935233, 0.7094794485210487, 0.7092739320225888, 0.7093278052794666, 0.7094714672978075, 0.709364518906376, 0.709275528267237, 0.7092711385944543, 0.7094223827748745, 0.7108745663436039, 0.7109212564995647, 0.7095389086341953, 0.709378486047048, 0.7094255752641708, 0.7095185565149305, 0.7096007631143144, 0.7095057865577445, 0.709419190285578, 0.7094778522764005, 0.7095472889185986, 0.7109316320897782, 0.7108749654047659, 0.71091646776562, 0.7095919837687491, 0.7094626879522423, 0.7094590964017837, 0.709721279585256, 0.7095464907962745, 0.7095740260164565, 0.7094894250501002, 0.7095600588757844, 0.7102081342029668]","[-0.030918862132592317, -0.010885740056141624, 0.0705157627450066, 0.06042796928935379, 0.11049940123736213, 0.08035573921902128, -0.019544096429302216, -0.12942477714184675, -0.01942038746906416, -0.07948703068312779, -0.03941919028557794, -0.0308761625882521, 0.019133015818475152, 0.07047505850647673, 0.08052055147895132, 0.11072606797741114, 0.020672194720533388, -0.06947146729780751, -0.05936451890637595, -0.04927552826723702, -0.05927113859445432, -0.019422382774874514, -0.04087456634360387, 0.049078743500435285, 0.09046109136580471, 0.07062151395295202, 0.08057442473582921, 0.01048144348506952, -0.09960076311431443, -0.019505786557744598, -0.05941919028557796, -0.059477852276400456, -0.02954728891859859, 0.029068367910221826, -0.04087496540476587, 0.05908353223438001, 0.07040801623125093, 0.11053731204775763, 0.09054090359821632, -0.009721279585256037, -0.11954649079627455, -0.029574026016456423, -0.07948942505010015, -0.059560058875784416, -0.020208134202966854]",C:\Users\einob\OneDrive - King's College London\AA - Individual Project Files\Visual Python Code\Residual Outputs\diagnostics_borough_simple\diag_Fair_treatment_Merton_Q1_1516-Q4_2526.png,"[0.7112285335943495, -8.587277427980026e-07]","[0.01725558847040272, 1.1382783286595464e-05]","[3.354491775457916e-36, 0.9402137939052854]",Fair treatment,Q1_1516-Q4_2526
Newham,False,45,"[0.789098548137646, -1.7833911081674145e-05]","[2.3636272018419194e-26, 0.1275589338693383]",0.05316243608877913,0.03114295785828558,0.2068700266226065,-0.2529856520104803,-0.6451395334324981,"[0.003605686241978149, 0.004647078587775385, 0.0021517598206034073, 0.026756253549272888, 0.03829741883966379, 0.00577543987426775, 0.0002932122073381443, 0.03454857805270448, 0.03415693701060165, 0.009224192797053726, 0.0019317676306942714, 0.0014734378782115464, 8.657682218672256e-05, 0.015756010029179514, 0.016805676853391474, 0.03624559605709373, 0.007326381410655385, 6.016124437930323e-05, 0.05854026381582464, 0.016059541749622548, 0.017916425507462953, 0.0006991148827890458, 7.624133765942108e-05, 8.951254395117068e-05, 0.018011615581515452, 0.03430505717901806, 0.02982288234885125, 0.002269618118331193, 0.001063811953593876, 0.05343103035506984, 0.017571262056163186, 0.006289687753198473, 4.7528577538776266e-05, 0.03552783668155755, 0.0013571367786673477, 0.0005153550504523851, 0.02140576998560054, 0.022963031050855464, 0.012290359746879089, 0.0024739055212733806, 0.03078851992754063, 0.02955290009677283, 0.011895335031436558, 0.0008413617792024575, 0.001592710188517787]","[0.10943213294581153, 0.10893850402078864, 0.02384365094834385, 0.02857806643518025, 0.029024109128369467, 0.0223067380752345, 0.02314292232018659, 0.024082983104124187, 0.03015206230135707, 0.037598867058340146, 0.0375692285143857, 0.10442171159598558, 0.10127579382573543, 0.026449433165701645, 0.02752042518395391, 0.027916290384003534, 0.027543658642494404, 0.02404875769938267, 0.024465303748500956, 0.033599776238426665, 0.040815642111844186, 0.03786690058347107, 0.10217480371463879, 0.10102945721637643, 0.028750803598984017, 0.030074174620142793, 0.0307816260200204, 0.024251687240268376, 0.026782236574978916, 0.02543115324783677, 0.039439960333998395, 0.040426412849257826, 0.040652962896500645, 0.10964411707590663, 0.10769890846705585, 0.10307889658444434, 0.024729360370553094, 0.02583601426512894, 0.02637718918172034, 0.022297480166789178, 0.0257882554237353, 0.023931470562450177, 0.03193140212434814, 0.032888553372615044, 0.025410116060627763]","[0.7787549244174895, 0.7786482367465056, 0.7359782487182176, 0.7309486870861179, 0.7305981418814564, 0.7422829820368395, 0.7372432596741699, 0.7356124624177012, 0.7297598816094398, 0.7253044012545393, 0.7253196423503943, 0.7776575655159405, 0.7769513947413326, 0.7328233418762641, 0.731832670645699, 0.7314922861716074, 0.7318123491845593, 0.7356632660705508, 0.7350739436974966, 0.7275143601534922, 0.7237294880162051, 0.7251672313918458, 0.7771546093527305, 0.7768955107231982, 0.7308115172234243, 0.7298157656275742, 0.7293178898296492, 0.7353686048840237, 0.7325032788633123, 0.7338902185861035, 0.7243848551379636, 0.7239123811664633, 0.7238056934954794, 0.7788006477050541, 0.7783789773864033, 0.7773578239641284, 0.7347284788581201, 0.7334482268063128, 0.7328944669902534, 0.7422169372881351, 0.7334990304591624, 0.735841078855524, 0.7285507546716219, 0.727946191202713, 0.7483082952647891]","[-0.018754924417489494, 0.021351763253494416, 0.03402175128178242, 0.10905131291388204, 0.12940185811854354, 0.05771701796316053, 0.012756740325830074, -0.1356124624177012, -0.11975988160943984, -0.05530440125453928, -0.0253196423503943, 0.012342434484059583, 0.0030486052586674584, 0.08717665812373587, 0.08816732935430094, 0.12850771382839254, 0.05818765081544075, -0.005663266070550788, -0.17507394369749651, -0.07751436015349222, -0.07372948801620505, -0.015167231391845837, 0.002845390647269519, 0.0031044892768018473, 0.08918848277657565, 0.12018423437242576, 0.11068211017035079, 0.03463139511597635, -0.02250327886331238, -0.16389021858610353, -0.07438485513796356, -0.04391238116646323, -0.003805693495479434, -0.05880064770505411, 0.011621022613596765, -0.007357823964128429, 0.10527152114187988, 0.10655177319368714, 0.07710553300974665, 0.037783062711864934, -0.12349903045916244, -0.12584107885552398, -0.06855075467162186, -0.017946191202713013, -0.028308295264789174]",C:\Users\einob\OneDrive - King's College London\AA - Individual Project Files\Visual Python Code\Residual Outputs\diagnostics_borough_simple\diag_Fair_treatment_Newham_Q1_1516-Q4_2526.png,"[0.789098548137646, -1.7833911081674145e-05]","[0.011728131521826474, 6.485384480033331e-06]","[3.281983606371631e-45, 0.00868560303634531]",Fair treatment,Q1_1516-Q4_2526
Redbridge,False,45,"[0.8372542565791609, -4.020144176765853e-05]","[7.799276721824321e-33, 0.0008847653752417282]",0.2289634866319572,0.21103240492572362,0.028632922393534835,0.20694941924180546,-1.1626550513284508,"[0.0016914052319737824, 0.007528362448375833, 0.0335998039908296, 0.008200830798260984, 0.02513490077396763, 0.013903180166553624, 0.002790462097239718, 0.01886329500738607, 0.02524352023528184, 0.013353474750469677, 0.0008875530244359791, 0.006835273567029177, 0.011269589048413225, 0.05930166420517984, 0.011087694077503938, 0.017313198563568503, 0.014735203791535496, 0.018873112563284285, 0.014038734001258338, 0.03274207820771455, 0.0032209770108135843, 0.002452339752196929, 7.379724148020526e-06, 0.0030970777855166653, 0.02902844896050257, 0.026206082943885715, 0.022458412922443986, 0.011071388933496752, 0.04032888553050541, 0.009401670463563381, 0.03943239134150463, 4.2303500596922365e-05, 0.005177302812008699, 0.00015167994059853973, 0.007220015919579377, 2.704968589165765e-06, 0.021042214841528042, 0.016073003323731933, 0.024595665458935732, 4.301830075771739e-08, 0.024794755509967254, 0.024793793171345092, 0.018802615008399387, 0.006643662623972776, 0.005310810731496481]","[0.10722839650250145, 0.10784878242866489, 0.025725717042030305, 0.026098314445025764, 0.02785638096317224, 0.02242480503391376, 0.03151877602991996, 0.02999419467109585, 0.03367945024336989, 0.03277598772747663, 0.032570918079987354, 0.10781425736906775, 0.09783594219410481, 0.028672229332333935, 0.025338919618387613, 0.02658273785182868, 0.028317143650838046, 0.02972608157309445, 0.02715350921912881, 0.03402300596448113, 0.02901789933460735, 0.033755357369402175, 0.10483722673396739, 0.11385494700327833, 0.026621784331046512, 0.02842818993949845, 0.029921547419611512, 0.025325758521762255, 0.03188641048412213, 0.029194117742542977, 0.029583662269730616, 0.030015013684344255, 0.033254043847341916, 0.11414092176636316, 0.10698774446145251, 0.1055169372252135, 0.025670065182818686, 0.025774777910315655, 0.02756788937551, 0.02299522390499114, 0.027278585043100694, 0.026981034604189533, 0.032344103507512496, 0.02592400726743279, 0.02993720112942138]","[0.8202542270558036, 0.8204874591681668, 0.7432228432780914, 0.7425490616201535, 0.7397373189322202, 0.7530963360347974, 0.7350467620058061, 0.7368607895464082, 0.7327144408821747, 0.7336603266712031, 0.7338806014439905, 0.820474501828591, 0.8166132146350237, 0.7385841157099803, 0.743961411633908, 0.7417197918873069, 0.739076494613858, 0.7371976803753773, 0.74079982077743, 0.7323645927136301, 0.738117651485254, 0.7326366968447204, 0.8193472132855026, 0.8227031642356165, 0.7416550051894282, 0.7389210065389492, 0.7369514909234384, 0.7439873263130595, 0.7346321271393828, 0.7378844193728908, 0.7373790831294375, 0.7368348748672567, 0.7331549904277496, 0.8228068229522224, 0.8201635256787736, 0.8196063600770171, 0.7433265019946973, 0.7431321419010614, 0.7401649111382193, 0.7501161479323796, 0.7406054606837941, 0.7410719249085204, 0.7341267908959292, 0.742860037769971, 0.7755125335008095]","[0.009745772944196318, -0.020487459168166744, 0.09677715672190856, 0.047450938379846486, 0.08026268106777978, 0.06690366396520253, -0.025046762005806134, -0.06686078954640817, -0.07271444088217471, -0.05366032667120302, -0.013880601443990503, 0.019525498171408917, -0.02661321463502364, 0.1214158842900197, 0.05603858836609199, 0.0682802081126932, 0.060923505386141996, -0.06719768037537721, -0.06079982077742996, -0.08236459271363006, -0.028117651485254025, -0.022636696844720472, 0.000652786714497311, -0.01270316423561646, 0.08834499481057179, 0.08107899346105074, 0.07304850907656169, 0.05601267368694052, -0.09463212713938274, -0.047884419372890896, -0.09737908312943744, 0.0031651251327432517, -0.03315499042774961, -0.002806822952222454, -0.020163525678773553, 0.0003936399229828025, 0.07667349800530265, 0.06686785809893869, 0.0798350888617807, -0.00011614793237957333, -0.08060546068379404, -0.08107192490852033, -0.06412679089592921, -0.04286003776997105, -0.03551253350080952]",C:\Users\einob\OneDrive - King's College London\AA - Individual Project Files\Visual Python Code\Residual Outputs\diagnostics_borough_simple\diag_Fair_treatment_Redbridge_Q1_1516-Q4_2526.png,"[0.8372542565791609, -4.020144176765853e-05]","[0.007947306686558646, 6.585046704849605e-06]","[1.5614985406741688e-53, 2.5725679145044484e-07]",Fair treatment,Q1_1516-Q4_2526
Richmond upon Thames,False,45,"[0.7512383238134428, -1.7428953193614598e-05]","[3.7632840332729045e-26, 0.3611581145883804]",0.019427360397103022,-0.003376654477383001,0.009430721154302182,-0.2958322564065554,-1.2017830550516395,"[0.0018467693381693175, 0.00025720269435244126, 0.02412719627081475, 0.011628293118066084, 0.02455727347665619, 0.018631709905290936, 5.656232510050229e-07, 0.00015849492499027864, 0.02891545390345198, 0.037801982690075, 0.01544418777875694, 0.00016440266296135187, 0.00024260573486722028, 0.029816996705443903, 0.007722053967902949, 0.01994543512004187, 0.0457539908360019, 0.00015596647888302, 0.006775842955912298, 0.04872560695317596, 0.01870003596033412, 0.013118597087402274, 0.001847703672448528, 0.0054866326852701375, 0.016830669634056522, 0.014914313968722078, 0.03162918184443056, 0.010185296543664566, 0.0016108107334066196, 0.012034456177031005, 0.04460894825940352, 0.03325525020261927, 0.009102196364945622, 0.01900077518917894, 0.0024955535639721396, 0.018704118884895777, 0.018920666121640933, 0.0060493931804170824, 0.032471128165378886, 0.0011036793225484203, 0.0015706123926000548, 0.02788866752041091, 0.03285189915336523, 0.01863379036464246, 0.013514109170842116]","[0.10645833450932121, 0.10008282001245682, 0.04082579964548555, 0.028874946072815086, 0.03505821513210498, 0.024522944492732558, 0.02573657396404524, 0.026930220311369716, 0.026615476959742635, 0.030211100072908142, 0.03474296126160797, 0.10350508446671408, 0.09917401657981892, 0.04060369883454372, 0.03372042341893098, 0.029983347866466756, 0.04225240228585961, 0.023997394350400266, 0.02403693415785147, 0.033921446877643244, 0.03229167496612677, 0.027799508131763524, 0.10639062996859919, 0.10423845661851508, 0.03128784727710418, 0.03445742182739687, 0.03649747216823511, 0.026371521525543035, 0.024272739738977794, 0.024272739738977794, 0.026105400862114422, 0.03151136260034136, 0.023448375159616085, 0.11022400244534185, 0.10571508163981866, 0.10734097052303485, 0.024787548419115773, 0.028780132617172296, 0.02831627269195587, 0.02226168009529292, 0.024027008376576682, 0.02541245013062351, 0.025518749353519186, 0.024027008376576682, 0.033389803474841606]","[0.746204510684878, 0.7453476914289522, 0.7135650521544503, 0.7177598964282543, 0.7153322418697976, 0.7203303541960321, 0.7194646097395236, 0.7187505936929186, 0.7189290977045699, 0.7171619079892227, 0.7154393442767883, 0.7458118018592453, 0.7452227386207962, 0.7136275285585283, 0.7157963523000908, 0.7172600851956309, 0.7131723433288176, 0.7207766142251602, 0.7207409134228299, 0.7157249506954303, 0.7163229391344619, 0.7182864832626255, 0.7461955854842955, 0.7459099790656535, 0.7167156479600946, 0.7155375214831965, 0.7148592062389219, 0.7190719009138908, 0.720535633809431, 0.720535633809431, 0.719232554524377, 0.716626395954269, 0.7213210514606964, 0.746695396716919, 0.7461063334784699, 0.7463205382924514, 0.7201250745826331, 0.7178045224311671, 0.7180276524457312, 0.7244805724669232, 0.7207498386234125, 0.719678814553505, 0.7196074129488446, 0.7207498386234125, 0.7320848433632656]","[0.013795489315121978, -0.005347691428952195, 0.08643494784554973, 0.0722401035717457, 0.09466775813020245, 0.09966964580396787, 0.0005353902604763316, -0.00875059369291864, -0.11892909770456994, -0.12716190798922278, -0.07543934427678833, 0.004188198140754662, -0.005222738620796252, 0.09637247144147176, 0.05420364769990926, 0.09273991480436916, 0.11682765667118233, 0.009223385774839832, -0.060740913422829834, -0.13572495069543034, -0.08632293913446187, -0.07828648326262544, 0.013804414515704466, 0.024090020934346534, 0.08328435203990547, 0.07446247851680354, 0.1051407937610781, 0.0709280990861092, 0.029464366190569025, -0.08053563380943096, -0.149232554524377, -0.11662639595426905, -0.07132105146069634, 0.043304603283081056, -0.016106333478469903, 0.04367946170754866, 0.09987492541736687, 0.052195477568832915, 0.12197234755426878, 0.02551942753307679, 0.029250161376587536, -0.11967881455350504, -0.1296074129488446, -0.10074983862341247, -0.0720848433632656]",C:\Users\einob\OneDrive - King's College London\AA - Individual Project Files\Visual Python Code\Residual Outputs\diagnostics_borough_simple\diag_Fair_treatment_Richmond_upon_Thames_Q1_1516-Q4_2526.png,"[0.7512383238134428, -1.7428953193614598e-05]","[0.013204426436502421, 1.251426848289027e-05]","[4.1139704525779413e-42, 0.17086230494357488]",Fair treatment,Q1_1516-Q4_2526
Southwark,False,45,"[0.7250242894886494, -2.401071665552234e-05]","[2.6649375590929916e-21, 0.06287528079064987]",0.07817194834461161,0.05673408667820723,0.0022184541027386166,0.1825293804053388,-1.3867652055682338,"[0.0007408742829517679, 0.010602544805207998, 0.014680331065514652, 0.028679731874768768, 0.033225951234036405, 0.009680814668702225, 0.00502007929703998, 0.02167388882045797, 0.024437716784728516, 0.008430876493693092, 0.00633545700796344, 0.0006671987969921356, 0.0065324718927126275, 0.021564635020727276, 0.045177519413409334, 0.04079471441928654, 0.008659947127795586, 0.012769085882175393, 0.015429406471640903, 0.0282565514704808, 0.004378367790942075, 0.002737147886395175, 1.2397585600316948e-05, 0.0062430683973563085, 0.028786987319603188, 0.02482717936968175, 0.06997940410214064, 8.136781498271854e-05, 0.018299270050523914, 0.018123063492709836, 0.026743648176827402, 0.004224055871800808, 0.006299934157653525, 0.0006138962841116777, 6.155860063758706e-06, 0.03048013379354626, 0.017804762544726634, 0.024841690062416287, 0.026020947902827427, 0.0038418503692475383, 0.02167469200376854, 0.015337498990132342, 0.016122545631012442, 0.0044727805064683854, 0.019938638160783798]","[0.10534080024215475, 0.10032714895332648, 0.025218036666548187, 0.02821051431974378, 0.041520781868362874, 0.02284803343997921, 0.023049232392904274, 0.02570914943365654, 0.032718133002362274, 0.031046193396336692, 0.034782322229129935, 0.10733908760386494, 0.09474251256309646, 0.028489471947118972, 0.032165761034843234, 0.04737600219008106, 0.03037504527912533, 0.02390919253131315, 0.024951173312987237, 0.03203980725731157, 0.036111587503225046, 0.037108890512500034, 0.10395385808309282, 0.0998851145942292, 0.028278117531144384, 0.031105808499714137, 0.04736344333620275, 0.022566010030189015, 0.02260370032050812, 0.023396099897032514, 0.029092670883121265, 0.04320633674005578, 0.031225640817284867, 0.10766286823499803, 0.10520386226293703, 0.09710746934839026, 0.0233664422110046, 0.03449113401674192, 0.026533860374189873, 0.023120181082525355, 0.022275449469544368, 0.023668024187129037, 0.02857755392997739, 0.03121061787367487, 0.02872685859634056]","[0.70904768817156, 0.7073071986289557, 0.641433962128597, 0.6369695674273879, 0.624840774830047, 0.6571530022129244, 0.6465539672404732, 0.6405832295718981, 0.632029074689861, 0.633707125145735, 0.6301324874304313, 0.7097267132397509, 0.7053013429677482, 0.6366183475645305, 0.632567611812909, 0.6209617465669334, 0.6344251746431323, 0.6441266477438368, 0.6419256699365974, 0.6326924899863693, 0.6289929740976051, 0.6281734610842713, 0.7085715901352423, 0.7071511009121303, 0.6368837136831339, 0.6336446860590048, 0.6209695514527747, 0.6485676277875221, 0.6483725056414903, 0.6454690881085361, 0.6358846882954508, 0.6236700419538558, 0.6335198078855444, 0.7098359816415287, 0.7090008588565123, 0.7061598804102883, 0.64555494185279, 0.6303900486631933, 0.6392798136364052, 0.6581286129430837, 0.6507842153664442, 0.6447276239536149, 0.6365090791627527, 0.633535417657227, 0.6681188668199153]","[0.01095231182843992, 0.04269280137104425, 0.10856603787140295, 0.14303043257261217, 0.12515922516995304, 0.09284699778707561, -0.06655396724047324, -0.13058322957189805, -0.12202907468986102, -0.07370712514573496, -0.060132487430431314, 0.010273286760249078, 0.034698657032251834, 0.1233816524354695, 0.16743238818709105, 0.12903825343306663, 0.07557482535686766, -0.10412664774383673, -0.11192566993659736, -0.1326924899863693, -0.04899297409760517, -0.03817346108427133, 0.0014284098647576737, 0.0328488990878697, 0.14311628631686613, 0.1263553139409952, 0.16903044854722538, -0.00856762778752207, -0.12837250564149028, -0.12546908810853608, -0.13588468829545075, -0.04367004195385582, -0.06351980788554445, -0.009835981641528768, 0.0009991411434876474, 0.0738401195897117, 0.12444505814720996, 0.11960995133680674, 0.14072018636359485, -0.05812861294308369, -0.14078421536644414, -0.11472762395361491, -0.10650907916275265, -0.053535417657227025, -0.11811886681991524]",C:\Users\einob\OneDrive - King's College London\AA - Individual Project Files\Visual Python Code\Residual Outputs\diagnostics_borough_simple\diag_Fair_treatment_Southwark_Q1_1516-Q4_2526.png,"[0.7250242894886494, -2.401071665552234e-05]","[0.019288986800033044, 8.442376343769848e-06]","[1.5909863306342606e-34, 0.006791827599619871]",Fair treatment,Q1_1516-Q4_2526
Sutton,False,45,"[0.7581647721899923, 1.110425589029934e-06]","[4.419786171305278e-37, 0.9104971983016045]",0.000297260520836673,-0.022951640397283368,0.8799964094790685,-0.12656067444402574,-0.044886643835079454,"[0.0023381339002351777, 0.011182837570024685, 0.0006560319423490626, 0.015601054960172278, 0.014934653701727347, 0.0646821086976235, 0.0031859587312262063, 0.003195464441654443, 0.0032480905036919067, 0.07941608110192808, 0.016829888143538013, 0.0024471938867211035, 0.004405837704241912, 0.0006010999181114674, 0.016281868134883217, 0.007335180722352161, 0.044133871304639666, 0.0009067266889052138, 3.4004719199748737e-06, 0.0009340306511609435, 0.07668466714056993, 0.015637115771427536, 0.050917179529015845, 0.004701822780326077, 0.0024233225989874906, 0.010846317553591342, 0.021082116900099333, 0.010992212615349745, 0.000863924879234727, 0.0028320190850807925, 0.01316567562861987, 0.05223202566132009, 0.0033993584134959253, 7.557584771048993e-05, 0.02780557954646418, 0.05375589418859146, 0.00530704119505252, 0.0067473292031828905, 0.06410202055353424, 0.00236258867344983, 1.116129468715809e-06, 0.0069145239902147215, 0.041300080971190936, 0.025289401817415777, 0.0007729799171117182]","[0.10096035769590221, 0.10286638047591001, 0.02615257865881011, 0.023634752864218234, 0.035258464021127284, 0.02438922854165173, 0.030924768809132093, 0.028570804547137396, 0.028980703365970778, 0.02926109255201399, 0.037282869977073085, 0.10558529103863118, 0.10589017475399382, 0.023406866406838082, 0.02467297755407882, 0.031142634900913756, 0.025995444446429025, 0.030690168635073217, 0.03596646704699126, 0.03144406579116453, 0.034382329683303264, 0.03489960146963258, 0.10766947464766805, 0.11090682368554748, 0.02314697057877948, 0.025753204278467622, 0.03179174227757992, 0.026099844422675364, 0.03572021334084294, 0.025728172780429177, 0.029875840856098956, 0.029949855971361284, 0.030155234015872452, 0.10865917106779976, 0.10729980767215044, 0.10013364055713746, 0.022285238182259987, 0.028655142768538106, 0.037179471221174376, 0.02223142555662041, 0.028092617207584207, 0.027916133076365514, 0.03080706803609396, 0.02600841653229147, 0.031576468030665536]","[0.7585911683277191, 0.7585742184191387, 0.7603147621564931, 0.760188697211426, 0.7605732482623448, 0.7602337204060928, 0.7604683707030033, 0.7604000413840385, 0.7604127538154738, 0.760421228769764, 0.7606161527184391, 0.7585503826101975, 0.7585477341869817, 0.7601728066721318, 0.7602485515761007, 0.7604741972340779, 0.7603084059407754, 0.7604620144872857, 0.7605886091169959, 0.760482142503725, 0.7605536499305487, 0.7605653029926978, 0.7585323733323307, 0.7585048297308875, 0.7601526786556926, 0.7602983419325557, 0.7604911471426583, 0.7603126434179205, 0.7605833122705645, 0.7602972825632696, 0.7604392380476307, 0.7604413567862033, 0.7604471833172778, 0.7585238983780405, 0.7585355514401896, 0.7585985839127231, 0.760039855826704, 0.7604026898072541, 0.7606140339798666, 0.7599847686238176, 0.7603846805293875, 0.7603788539983128, 0.7604651925951446, 0.7603089356254186, 0.7595144086607102]","[-0.008591168327719112, -0.018574218419138755, 0.009685237843506944, 0.04981130278857404, 0.0394267517376552, 0.09976627959390716, 0.0195316292969967, -0.020400041384038503, -0.020412753815473805, -0.100421228769764, -0.0406161527184391, -0.008550382610197471, 0.01145226581301828, 0.009827193327868189, 0.049751448423899336, 0.029525802765922093, 0.07969159405922455, -0.010462014487285676, -0.0005886091169958751, -0.010482142503725034, -0.09055364993054871, -0.04056530299269778, -0.03853237333233073, 0.011495170269112509, 0.019847321344307445, 0.0397016580674443, 0.049508852857341745, 0.03968735658207956, 0.009416687729435491, -0.02029728256326957, -0.04043923804763072, -0.08044135678620323, -0.020447183317277795, 0.0014761016219595469, -0.0285355514401896, 0.04140141608727699, 0.029960144173296066, 0.029597310192745918, 0.07938596602013337, 0.02001523137618244, -0.0003846805293874489, -0.03037885399831286, -0.07046519259514461, -0.060308935625418614, -0.009514408660710183]",C:\Users\einob\OneDrive - King's College London\AA - Individual Project Files\Visual Python Code\Residual Outputs\diagnostics_borough_simple\diag_Fair_treatment_Sutton_Q1_1516-Q4_2526.png,"[0.7581647721899923, 1.110425589029934e-06]","[0.010451948513249298, 7.35300596566266e-06]","[1.3292079387462785e-46, 0.880668908076994]",Fair treatment,Q1_1516-Q4_2526
Tower Hamlets,False,45,"[0.7935072142496884, -2.549838429140021e-05]","[3.783020890351906e-30, 0.004894193302275045]",0.16994389283223355,0.15064026243298312,0.7689451377376766,-0.052137670911979295,-0.655423721009031,"[0.0208713323456022, 9.565828486401081e-05, 0.06262250053982846, 0.01692387368677824, 0.009422662057747812, 0.0022756067230076094, 0.006766981862137591, 0.024020741530264792, 0.031216738801217003, 0.00034215940327562836, 4.097972708650174e-05, 0.020886661350532194, 0.04528686044977699, 0.034211895415410434, 0.009394219249901983, 0.03142481581085692, 0.00023990584523843987, 0.010071513235341306, 0.05857055625851284, 0.0059231464595096706, 0.0023267667923224183, 0.009224634198512929, 0.0004593856826434095, 0.03085500238952795, 0.02760885594760609, 0.013678745176570648, 0.025914265883135397, 0.0026373238095591983, 0.007108837123003138, 0.05060616457955086, 0.014044967749137589, 0.0003524708963650121, 0.002170030627750316, 0.07580889830404308, 0.004538151908913002, 0.08466047145124282, 0.015362597023391461, 0.002231151718090887, 0.014560441251719734, 0.0008013367757197845, 0.024179695331749407, 0.030111163321806318, 0.010074003281101807, 0.0008474304673735254, 0.0003262234504660638]","[0.10834195391561907, 0.09729083161543303, 0.027899222422090697, 0.029878830724455616, 0.03129318881033974, 0.022308427581134275, 0.027500803400448755, 0.02634375976183763, 0.0304790485502685, 0.03257759897732124, 0.03511332301841524, 0.10836664337972865, 0.09427914752072258, 0.026311418600894046, 0.03125317165434631, 0.02804594460237639, 0.02996741965968855, 0.02793095931236047, 0.025131298616607095, 0.03521860423804156, 0.04354159271221648, 0.044901497435242195, 0.10552626783892555, 0.09777564789684623, 0.02364031044593059, 0.027034826846701974, 0.03239011866341708, 0.02449049805254804, 0.025524924048519554, 0.02539094132834047, 0.043738579054257376, 0.032407091556815565, 0.0345092703208188, 0.11253942301743973, 0.10963049819988495, 0.1065003290464365, 0.02265271112191393, 0.027892885659762036, 0.02444663941943084, 0.022312803736954982, 0.023363832609322472, 0.027146350584606915, 0.02790556272299446, 0.026607075042710208, 0.032598726275834426]","[0.776440143624809, 0.7726355920122336, 0.7043919610350438, 0.7020171977174751, 0.700505237681376, 0.7209249153428229, 0.7049178601780347, 0.7065695121739908, 0.7013598237887363, 0.6992315756944447, 0.6969307669438591, 0.7764483607989182, 0.7715509250298147, 0.7066188152186462, 0.7005463235519221, 0.7042029660305313, 0.7019185916281643, 0.7043508751644976, 0.7085745026566439, 0.6968403780286575, 0.6905871085315303, 0.6896914365536237, 0.7754951686022471, 0.7728081526685275, 0.7117545490369176, 0.705558799758555, 0.6994123535248478, 0.7098070787730291, 0.7078842600314683, 0.7081143409065268, 0.6904556337457826, 0.6993959191766294, 0.6974566660868501, 0.7778206288751603, 0.7768674366784892, 0.7758238555666165, 0.7150578530288297, 0.7044001782091529, 0.7098974676882306, 0.7172518385159952, 0.7125105290549671, 0.7054026734504796, 0.7043837438609345, 0.7061750878167475, 0.7390109155572473]","[-0.03644014362480896, -0.002635592012233623, 0.1356080389649562, 0.06798280228252496, 0.04949476231862404, 0.02907508465717712, -0.044917860178034674, -0.08656951217399078, -0.0913598237887363, -0.009231575694444771, 0.0030692330561408188, -0.03644836079891822, 0.058449074970185255, 0.10338118478135383, 0.049453676448077855, 0.0957970339694687, 0.008081408371835686, -0.05435087516449755, -0.13857450265664395, -0.03684037802865747, -0.02058710853153023, 0.04030856344637623, -0.00549516860224708, 0.047191847331472414, 0.09824545096308246, 0.06444120024144506, 0.08058764647515226, -0.029807078773029017, -0.047884260031468284, -0.12811434090652685, -0.05045563374578255, -0.009395919176629408, 0.022543333913149888, -0.06782062887516038, -0.016867436678489223, 0.0741761444333835, 0.0749421469711703, 0.025599821790847077, 0.07010253231176944, -0.01725183851599521, -0.09251052905496715, -0.09540267345047959, -0.054383743860934475, -0.01617508781674759, -0.009010915557247312]",C:\Users\einob\OneDrive - King's College London\AA - Individual Project Files\Visual Python Code\Residual Outputs\diagnostics_borough_simple\diag_Fair_treatment_Tower_Hamlets_Q1_1516-Q4_2526.png,"[0.7935072142496884, -2.549838429140021e-05]","[0.020588031907735338, 6.949176826568604e-06]","[5.577955910107369e-35, 0.0006664125365627157]",Fair treatment,Q1_1516-Q4_2526
Waltham Forest,False,45,"[0.795294984024637, -5.5462017955875995e-05]","[8.753451305747679e-28, 0.00011379149133043479]",0.29550670157239,0.27912313649267817,0.007436652267901034,-0.5665815004668782,-0.7801077508882419,"[0.0027824540241173446, 0.005413042270286928, 0.028740351134108486, 0.022849133858766996, 0.013700734236337532, 0.003527822053424222, 0.003273884434684511, 0.007601541543082815, 0.06017078078704663, 0.032997513344200764, 0.0011179663156199616, 0.00024160693434317927, 1.541141878314107e-05, 0.026279445216033096, 0.02363343879816847, 0.012371587118292164, 0.006882593093117769, 0.0034738861746542514, 0.027007424051554246, 0.039135173618661576, 0.047900973461274476, 0.009285168817907157, 0.0006069099255050621, 0.0005038856031654047, 0.016087025552889843, 0.03361720667906049, 0.005361567347720258, 0.0007361088011954878, 3.905191127323298e-05, 0.0450269865054967, 0.03251105938314074, 0.015364364263300977, 0.005021286150523987, 0.007683337473297906, 0.0003044423082657221, 0.0003337487537471645, 0.016404492020461243, 0.014659322728039836, 0.005743776400507907, 0.0048915688039069295, 0.0017322052837207363, 0.03958553457661817, 0.03867150914410114, 0.0046161584080817945, 0.0035779378611070617]","[0.10915827599699379, 0.10238992602854902, 0.028440883649148214, 0.028163009839547247, 0.03125171415651538, 0.026322041306298616, 0.02945262834786942, 0.02520455803825871, 0.027195482484126107, 0.036432702705995176, 0.03242443764600303, 0.11006132357459675, 0.1017425318893906, 0.027312858683913515, 0.031556621856947555, 0.03007143173369342, 0.036040934642952244, 0.026232881247962733, 0.026461762087814172, 0.030680483779589252, 0.03537581538522424, 0.027213451253432604, 0.10493252002653755, 0.10618181627306673, 0.026877585508187866, 0.03368236085676568, 0.029237783662623015, 0.02625710041923557, 0.025135451956699546, 0.02543114116255355, 0.02951771360721986, 0.037467496566410706, 0.025510944924583123, 0.10964684756890039, 0.10867107344160357, 0.10908323265011935, 0.0270794753008545, 0.028714848156031793, 0.02981420613144361, 0.02317531382102854, 0.02485405236702247, 0.023259620666311633, 0.027786554869788527, 0.026545044375898087, 0.031952059352292714]","[0.765176075467832, 0.7615108114635647, 0.6482063459403457, 0.6487641035062124, 0.6431466880214114, 0.6528476856848797, 0.6462741143728786, 0.655795832818747, 0.6508158545520795, 0.6355771210560769, 0.6412742161931445, 0.7656541533814321, 0.7611522530283646, 0.6505568956822128, 0.6426486901947447, 0.6451585992411452, 0.6360950387958103, 0.6530668047286131, 0.6525090471627464, 0.6441028438486116, 0.6369914348838104, 0.650776014725946, 0.7629052053782316, 0.7635824824224984, 0.6515329714224796, 0.6393818244518108, 0.6466725126342121, 0.6530070449894131, 0.6559950319494137, 0.6551583956006135, 0.6461545948944787, 0.63424248688061, 0.6549392765568801, 0.7654350343376987, 0.7649171165979652, 0.7651362356416986, 0.6510748134219462, 0.6476685082875455, 0.6456167572416786, 0.6632259603926148, 0.6568316682982138, 0.6628076422182148, 0.6495409801158125, 0.6523098480320797, 0.7037629834832884]","[0.014823924532168076, -0.021510811463564705, 0.10179365405965435, 0.0912358964937876, 0.06685331197858857, 0.03715231431512023, 0.03372588562712142, -0.055795832818747004, -0.15081585455207946, -0.09557712105607685, 0.018725783806855523, 0.004345846618567961, -0.001152253028364636, 0.09944310431778725, 0.0873513098052553, 0.0648414007588548, 0.04390496120418974, 0.03693319527138683, -0.10250904716274634, -0.11410284384861158, -0.11699143488381036, 0.059223985274053925, 0.00709479462176843, 0.006417517577501641, 0.07846702857752041, 0.10061817554818919, 0.04332748736578784, 0.016992955010586952, 0.004004968050586366, -0.1351583956006135, -0.10615459489447865, -0.06424248688061007, 0.04506072344311984, 0.024564965662301375, -0.004917116597965232, -0.005136235641698628, 0.07892518657805381, 0.07233149171245445, 0.044383242758321395, 0.04677403960738513, -0.026831668298213818, -0.13280764221821473, -0.11954098011581249, -0.04230984803207971, -0.03376298348328832]",C:\Users\einob\OneDrive - King's College London\AA - Individual Project Files\Visual Python Code\Residual Outputs\diagnostics_borough_simple\diag_Fair_treatment_Waltham_Forest_Q1_1516-Q4_2526.png,"[0.795294984024637, -5.5462017955875995e-05]","[0.008638811022944205, 7.486647532690556e-06]","[5.021746366775216e-51, 3.31643137983965e-09]",Fair treatment,Q1_1516-Q4_2526
Wandsworth,False,45,"[0.7222830182799368, -1.6429214961921657e-05]","[5.086536250157204e-22, 0.36916050740086653]",0.018795648028628875,-0.004023057831170407,0.0030137120740821345,0.21028725604650247,-1.3017366367486678,"[0.0001262525662336343, 0.0016040743911192549, 0.016400608719149036, 0.036113780909060506, 0.0283724252099766, 0.01464575901170042, 0.00410939789407896, 0.04195213859618163, 0.014637167678147654, 0.006011836300656606, 0.006657970698454116, 0.00012773924711161877, 0.00014341940525964528, 0.027581584176685985, 0.018298072387153974, 0.03024978488011202, 0.018295371626643384, 0.02047353540296114, 0.024259551400271376, 0.01833048197388529, 0.004459446233275364, 0.007113314324680018, 0.008327959085391702, 0.013314460150776563, 0.02990349296092175, 0.015452648109845405, 0.03646376466366977, 0.00037225741415730635, 0.010767381276800913, 0.02314172777773945, 0.02313202304819928, 0.00271431783691279, 0.005978069522669526, 9.650877885151664e-05, 0.008748910870421255, 0.027700643597514556, 0.02963052964429025, 0.0194945892677931, 0.025189139129749225, 0.0008744794364612369, 0.02404824908559527, 0.011587681832792084, 0.013187924885383806, 0.0026555011696238057, 0.01870836728519678]","[0.10759733311622835, 0.10604518219092839, 0.02690243626467271, 0.030328703086965232, 0.028019351981702068, 0.022294263934341037, 0.02771862084467857, 0.026068630423474595, 0.0335860713698074, 0.029452839595176243, 0.0351031838550735, 0.10740253555142289, 0.10153677261978103, 0.02741788236014111, 0.029144232266528403, 0.02944338897551363, 0.039123286781268425, 0.030898949276278335, 0.025242789150073407, 0.03417421946787872, 0.033059006382706, 0.03915220604687181, 0.10540265514203218, 0.10607737343496847, 0.029181280766643496, 0.02578448599021029, 0.030560565975632913, 0.026165767854119153, 0.030368792221829755, 0.023587452760113474, 0.035936406015256016, 0.028389055605643962, 0.029153485121329266, 0.11170621571027169, 0.10782487813874798, 0.10473066229609695, 0.025999988162674324, 0.026781533815134165, 0.025601112916925253, 0.023028123740515938, 0.02494500196275582, 0.023836104718181886, 0.029153485121329266, 0.025898183549960763, 0.030175503438115207]","[0.7157014197656986, 0.7154606295761532, 0.6831596289411073, 0.6812082251133339, 0.6824623406838823, 0.6885673752813122, 0.6826429333260413, 0.6837365221035595, 0.6797133193532401, 0.6816597067187313, 0.679091278030248, 0.7156713209920054, 0.7147482919320817, 0.6828285424304825, 0.6818252499740437, 0.6816647231810136, 0.6776013887324366, 0.6809273032255311, 0.6843736128133981, 0.6794675127014126, 0.6799390601559389, 0.6775913558078721, 0.7153603003305093, 0.7154656460384354, 0.681805184124915, 0.6839472135194117, 0.6810928464808435, 0.6836662916316089, 0.6811881592642051, 0.685998946592829, 0.6787652079819055, 0.682246632805748, 0.6818202335117616, 0.7163284775509727, 0.7157365350016739, 0.7152549546225833, 0.6837866867263815, 0.6832398923376224, 0.6840876744633131, 0.6867714817842868, 0.6846244359275079, 0.6857079917804617, 0.6818202335117616, 0.6838619336606144, 0.6973812995111267]","[0.004298580234301408, -0.01546062957615324, 0.10684037105889277, 0.14879177488666606, 0.1375376593161176, 0.11143262471868787, -0.05264293332604131, -0.1737365221035595, -0.08971331935324012, -0.06165970671873133, -0.05909127803024805, 0.004328679007994607, -0.004748291932081705, 0.13717145756951743, 0.10817475002595633, 0.13833527681898639, 0.09239861126756344, -0.11092730322553113, -0.1343736128133981, -0.09946751270141263, -0.04993906015593885, -0.05759135580787211, -0.0353603003305093, 0.04453435396156458, 0.13819481587508498, 0.10605278648058836, 0.1489071535191565, 0.016333708368391098, -0.08118815926420508, -0.13599894659282896, -0.10876520798190559, -0.04224663280574803, -0.06182023351176158, 0.0036715224490272425, -0.03573653500167384, 0.06474504537741677, 0.14621331327361842, 0.11676010766237765, 0.13591232553668686, -0.026771481784286788, -0.13462443592750784, -0.09570799178046174, -0.0918202335117616, -0.043861933660614416, -0.10738129951112674]",C:\Users\einob\OneDrive - King's College London\AA - Individual Project Files\Visual Python Code\Residual Outputs\diagnostics_borough_simple\diag_Fair_treatment_Wandsworth_Q1_1516-Q4_2526.png,"[0.7222830182799368, -1.6429214961921657e-05]","[0.016230552573410852, 1.0966171967743286e-05]","[1.3367489352805792e-37, 0.14139430371470177]",Fair treatment,Q1_1516-Q4_2526
Westminster,False,45,"[0.7844979475015758, -5.353921347591122e-06]","[2.344795255837014e-28, 0.0963170355964041]",0.06299041160142993,0.04119949094099806,0.1025389157400814,0.1213434602198396,-0.697172106437455,"[0.002158718066504295, 0.0031364339171003194, 0.018405099113065405, 0.015597461409637865, 0.07342777227622407, 0.0003419355046757294, 0.0014220580054758463, 0.037630539771316945, 0.006643783512015506, 0.000317914799618056, 0.01977370007212231, 0.0008668310727341468, 0.011522613848437616, 0.023341551335538044, 0.011690645878382148, 0.07126926777997065, 0.0008353709155678967, 0.0038201680880662024, 0.039266334508047764, 0.001204294811142964, 0.006539191109336966, 0.006502558721790068, 0.00038854284216149795, 0.024875766432936534, 0.01599693613118349, 0.01846844673524577, 0.07844618408118861, 0.003313729557937777, 0.00857693191259222, 0.060537465940255206, 0.0001311248198351722, 0.003881890695886984, 0.012900706647931894, 0.009845584059284575, 0.003114285244321645, 0.00680772024650798, 0.014816975990870843, 0.06297858022075832, 0.006186934236652415, 0.0018666104839570766, 0.03681320102982911, 0.0065892359562523305, 0.0008754030990227512, 0.01257498668071838, 0.04257797372134171]","[0.08660540476365225, 0.08671106353400285, 0.022310778554137385, 0.022441899843603258, 0.04514402276430242, 0.041754715449788864, 0.025765913071423813, 0.02415606662018485, 0.03623145798510556, 0.03739603616503786, 0.033031096345722606, 0.0883509317838169, 0.08137384781989548, 0.022877155915800307, 0.023745772075147352, 0.04026777421244423, 0.02282907223828736, 0.022277682765654644, 0.026001375500739617, 0.03558227636257004, 0.03323034742779095, 0.03220024949347797, 0.08536168693943887, 0.08413009928068813, 0.02263650820771014, 0.030855994952118517, 0.04734220732617688, 0.028439429211879558, 0.024809039190136425, 0.046997055090370304, 0.07477131832789735, 0.06311318570527141, 0.03721286410937902, 0.08765701749912713, 0.08723181248780763, 0.08216100959330949, 0.02222329066817913, 0.04041250969361665, 0.031024404288402623, 0.04740712037503997, 0.022619737249327046, 0.03464511051102254, 0.0457412844031272, 0.03507008734480979, 0.027852286852577603]","[0.7781304731320724, 0.7781619303953223, 0.7383553851911608, 0.7375374963466631, 0.7168936673389074, 0.7609023786255364, 0.7487756036426947, 0.7331308580530711, 0.7218875078798311, 0.7211587479478748, 0.7240633019212834, 0.7786468965370918, 0.7765392598993476, 0.7359095829734801, 0.7338779680552565, 0.7194731629254003, 0.7435012691711259, 0.7409034235144039, 0.7304858265014742, 0.7223069380564966, 0.7239191227980547, 0.724679339993261, 0.7777582288502818, 0.7773859845684912, 0.7367012574319363, 0.725733158312133, 0.7158214989498062, 0.7516958862477284, 0.7320901469272197, 0.7159866495818682, 0.7051286508834397, 0.7092128522287201, 0.7212714698078536, 0.7784424243259674, 0.7783165952729677, 0.7767830536895345, 0.7396215400369699, 0.7193918983286713, 0.7255968435047168, 0.7637649895812786, 0.7367641719584361, 0.7229308404442866, 0.7165974447766373, 0.7226451036364332, 0.7511191697548133]","[-0.01813047313207239, 0.021838069604677712, 0.11164461480883914, 0.10246250365333687, 0.15310633266109264, -0.010902378625536446, -0.028775603642694714, -0.15313085805307114, -0.051887507879831096, -0.011158747947874859, -0.09406330192128343, 0.011353103462908187, 0.04346074010065237, 0.1240904170265199, 0.08612203194474344, 0.1605268370745997, -0.023501269171125938, -0.05090342351440391, -0.15048582650147424, -0.02230693805649664, -0.053919122798054664, -0.05467933999326091, -0.0077582288502817676, 0.0626140154315088, 0.1032987425680637, 0.09426684168786692, 0.15417850105019382, -0.041695886247728464, -0.07209014692721971, -0.13598664958186824, 0.004871349116560286, -0.029212852228720054, -0.0712714698078536, -0.03844242432596745, 0.02168340472703234, 0.03321694631046557, 0.10037845996303008, 0.15060810167132865, 0.05440315649528327, -0.023764989581278595, -0.15676417195843617, -0.05293084044428653, -0.016597444776637382, -0.07264510363643317, -0.15111916975481332]",C:\Users\einob\OneDrive - King's College London\AA - Individual Project Files\Visual Python Code\Residual Outputs\diagnostics_borough_simple\diag_Fair_treatment_Westminster_Q1_1516-Q4_2526.png,"[0.7844979475015758, -5.353921347591122e-06]","[0.01613415732436853, 2.3402564160075697e-06]","[3.186657239447024e-39, 0.027131355511275868]",Fair treatment,Q1_1516-Q4_2526
