date,Quarter,Borough,metric,crime_count,perception_value,crime_bin,perc_bin,color
04/01/2021,Q1_2122,Barking and Dagenham,Good job,6451.0,0.47,low,low,#e8e8e8
04/01/2021,Q1_2122,Barking and Dagenham,Trust MPS,6451.0,0.8,low,med,#dfb0d6
04/01/2021,Q1_2122,Barking and Dagenham,Fair treatment,6451.0,0.66,low,low,#e8e8e8
04/01/2021,Q1_2122,Barking and Dagenham,Dealing issues,6451.0,0.68,low,med,#dfb0d6
04/01/2021,Q1_2122,Barking and Dagenham,Relied on to be there,6451.0,0.6,low,low,#e8e8e8
04/01/2021,Q1_2122,Barking and Dagenham,Listen to concerns,6451.0,0.62,low,low,#e8e8e8
04/01/2021,Q1_2122,Barking and Dagenham,Informed local,6451.0,0.39,low,low,#e8e8e8
04/01/2021,Q1_2122,Barking and Dagenham,Contact ward officer,6451.0,0.23,low,med,#dfb0d6
04/01/2022,Q1_2223,Barking and Dagenham,Good job,6561.0,0.47,low,low,#e8e8e8
04/01/2022,Q1_2223,Barking and Dagenham,Trust MPS,6561.0,0.75,low,med,#dfb0d6
04/01/2022,Q1_2223,Barking and Dagenham,Fair treatment,6561.0,0.7,low,high,#be64ac
04/01/2022,Q1_2223,Barking and Dagenham,Dealing issues,6561.0,0.66,low,high,#be64ac
04/01/2023,Q1_2324,Barking and Dagenham,Good job,7607.0,0.49,med,med,#a5add3
04/01/2023,Q1_2324,Barking and Dagenham,Trust MPS,7607.0,0.71,med,med,#a5add3
04/01/2023,Q1_2324,Barking and Dagenham,Fair treatment,7607.0,0.66,med,med,#a5add3
04/01/2023,Q1_2324,Barking and Dagenham,Dealing issues,7607.0,0.59,med,med,#a5add3
04/01/2024,Q1_2425,Barking and Dagenham,Good job,6658.0,0.43,low,low,#e8e8e8
04/01/2024,Q1_2425,Barking and Dagenham,Trust MPS,6658.0,0.74,low,med,#dfb0d6
04/01/2024,Q1_2425,Barking and Dagenham,Fair treatment,6658.0,0.64,low,med,#dfb0d6
04/01/2024,Q1_2425,Barking and Dagenham,Dealing issues,6658.0,0.57,low,med,#dfb0d6
04/01/2025,Q1_2526,Barking and Dagenham,Good job,7328.0,0.43,low,low,#e8e8e8
04/01/2025,Q1_2526,Barking and Dagenham,Trust MPS,7328.0,0.77,low,high,#be64ac
04/01/2025,Q1_2526,Barking and Dagenham,Fair treatment,7328.0,0.69,low,high,#be64ac
04/01/2025,Q1_2526,Barking and Dagenham,S&S used fairly,7328.0,0.57,low,low,#e8e8e8
07/01/2021,Q2_2122,Barking and Dagenham,Good job,6517.0,0.44,low,low,#e8e8e8
07/01/2021,Q2_2122,Barking and Dagenham,Trust MPS,6517.0,0.77,low,med,#dfb0d6
07/01/2021,Q2_2122,Barking and Dagenham,Fair treatment,6517.0,0.66,low,med,#dfb0d6
07/01/2021,Q2_2122,Barking and Dagenham,Dealing issues,6517.0,0.64,low,med,#dfb0d6
07/01/2021,Q2_2122,Barking and Dagenham,Relied on to be there,6517.0,0.57,low,low,#e8e8e8
07/01/2021,Q2_2122,Barking and Dagenham,Listen to concerns,6517.0,0.58,low,low,#e8e8e8
07/01/2021,Q2_2122,Barking and Dagenham,Informed local,6517.0,0.41,low,low,#e8e8e8
07/01/2021,Q2_2122,Barking and Dagenham,Contact ward officer,6517.0,0.22,low,low,#e8e8e8
07/01/2022,Q2_2223,Barking and Dagenham,Good job,6421.0,0.5,low,med,#dfb0d6
07/01/2022,Q2_2223,Barking and Dagenham,Trust MPS,6421.0,0.77,low,high,#be64ac
07/01/2022,Q2_2223,Barking and Dagenham,Fair treatment,6421.0,0.71,low,high,#be64ac
07/01/2022,Q2_2223,Barking and Dagenham,Dealing issues,6421.0,0.66,low,high,#be64ac
07/01/2023,Q2_2324,Barking and Dagenham,Good job,7802.0,0.47,low,med,#dfb0d6
07/01/2023,Q2_2324,Barking and Dagenham,Trust MPS,7802.0,0.69,low,med,#dfb0d6
07/01/2023,Q2_2324,Barking and Dagenham,Fair treatment,7802.0,0.63,low,med,#dfb0d6
07/01/2023,Q2_2324,Barking and Dagenham,Dealing issues,7802.0,0.56,low,med,#dfb0d6
07/01/2024,Q2_2425,Barking and Dagenham,Good job,6945.0,0.42,low,low,#e8e8e8
07/01/2024,Q2_2425,Barking and Dagenham,Trust MPS,6945.0,0.75,low,med,#dfb0d6
07/01/2024,Q2_2425,Barking and Dagenham,Fair treatment,6945.0,0.67,low,high,#be64ac
07/01/2024,Q2_2425,Barking and Dagenham,Dealing issues,6945.0,0.57,low,med,#dfb0d6
07/01/2025,Q2_2526,Barking and Dagenham,Good job,6996.0,0.46,low,med,#dfb0d6
07/01/2025,Q2_2526,Barking and Dagenham,Trust MPS,6996.0,0.77,low,med,#dfb0d6
07/01/2025,Q2_2526,Barking and Dagenham,Fair treatment,6996.0,0.69,low,med,#dfb0d6
07/01/2025,Q2_2526,Barking and Dagenham,S&S used fairly,6996.0,0.56,low,low,#e8e8e8
10/01/2021,Q3_2122,Barking and Dagenham,Good job,6428.0,0.5,low,med,#dfb0d6
10/01/2021,Q3_2122,Barking and Dagenham,Trust MPS,6428.0,0.78,low,med,#dfb0d6
10/01/2021,Q3_2122,Barking and Dagenham,Fair treatment,6428.0,0.7,low,high,#be64ac
10/01/2021,Q3_2122,Barking and Dagenham,Dealing issues,6428.0,0.7,low,high,#be64ac
10/01/2021,Q3_2122,Barking and Dagenham,Relied on to be there,6428.0,0.62,low,med,#dfb0d6
10/01/2021,Q3_2122,Barking and Dagenham,Listen to concerns,6428.0,0.61,low,med,#dfb0d6
10/01/2021,Q3_2122,Barking and Dagenham,Informed local,6428.0,0.45,low,high,#be64ac
10/01/2021,Q3_2122,Barking and Dagenham,Contact ward officer,6428.0,0.25,low,med,#dfb0d6
10/01/2022,Q3_2223,Barking and Dagenham,Good job,7058.0,0.46,low,low,#e8e8e8
10/01/2022,Q3_2223,Barking and Dagenham,Trust MPS,7058.0,0.73,low,med,#dfb0d6
10/01/2022,Q3_2223,Barking and Dagenham,Fair treatment,7058.0,0.69,low,high,#be64ac
10/01/2022,Q3_2223,Barking and Dagenham,Dealing issues,7058.0,0.61,low,med,#dfb0d6
10/01/2023,Q3_2324,Barking and Dagenham,Good job,6583.0,0.48,low,med,#dfb0d6
10/01/2023,Q3_2324,Barking and Dagenham,Trust MPS,6583.0,0.71,low,med,#dfb0d6
10/01/2023,Q3_2324,Barking and Dagenham,Fair treatment,6583.0,0.63,low,med,#dfb0d6
10/01/2023,Q3_2324,Barking and Dagenham,Dealing issues,6583.0,0.59,low,med,#dfb0d6
10/01/2024,Q3_2425,Barking and Dagenham,Good job,7243.0,0.43,low,low,#e8e8e8
10/01/2024,Q3_2425,Barking and Dagenham,Trust MPS,7243.0,0.75,low,med,#dfb0d6
10/01/2024,Q3_2425,Barking and Dagenham,Fair treatment,7243.0,0.68,low,high,#be64ac
10/01/2024,Q3_2425,Barking and Dagenham,Dealing issues,7243.0,0.54,low,med,#dfb0d6
10/01/2025,Q3_2526,Barking and Dagenham,Good job,6892.0,0.45,low,med,#dfb0d6
10/01/2025,Q3_2526,Barking and Dagenham,Trust MPS,6892.0,0.76,low,med,#dfb0d6
10/01/2025,Q3_2526,Barking and Dagenham,Fair treatment,6892.0,0.69,low,med,#dfb0d6
10/01/2025,Q3_2526,Barking and Dagenham,S&S used fairly,6892.0,0.57,low,med,#dfb0d6
01/01/2022,Q4_2122,Barking and Dagenham,Good job,6365.0,0.46,low,low,#e8e8e8
01/01/2022,Q4_2122,Barking and Dagenham,Trust MPS,6365.0,0.77,low,med,#dfb0d6
01/01/2022,Q4_2122,Barking and Dagenham,Fair treatment,6365.0,0.7,low,high,#be64ac
01/01/2022,Q4_2122,Barking and Dagenham,Dealing issues,6365.0,0.67,low,high,#be64ac
01/01/2022,Q4_2122,Barking and Dagenham,Relied on to be there,6365.0,0.62,low,high,#be64ac
01/01/2022,Q4_2122,Barking and Dagenham,Listen to concerns,6365.0,0.59,low,low,#e8e8e8
01/01/2022,Q4_2122,Barking and Dagenham,Informed local,6365.0,0.46,low,high,#be64ac
01/01/2022,Q4_2122,Barking and Dagenham,Contact ward officer,6365.0,0.26,low,med,#dfb0d6
01/01/2023,Q4_2223,Barking and Dagenham,Good job,6808.0,0.48,low,low,#e8e8e8
01/01/2023,Q4_2223,Barking and Dagenham,Trust MPS,6808.0,0.71,low,med,#dfb0d6
01/01/2023,Q4_2223,Barking and Dagenham,Fair treatment,6808.0,0.67,low,med,#dfb0d6
01/01/2023,Q4_2223,Barking and Dagenham,Dealing issues,6808.0,0.61,low,med,#dfb0d6
01/01/2024,Q4_2324,Barking and Dagenham,Good job,7095.0,0.48,low,med,#dfb0d6
01/01/2024,Q4_2324,Barking and Dagenham,Trust MPS,7095.0,0.74,low,high,#be64ac
01/01/2024,Q4_2324,Barking and Dagenham,Fair treatment,7095.0,0.65,low,high,#be64ac
01/01/2024,Q4_2324,Barking and Dagenham,Dealing issues,7095.0,0.57,low,med,#dfb0d6
01/01/2025,Q4_2425,Barking and Dagenham,Good job,6540.0,0.4,low,low,#e8e8e8
01/01/2025,Q4_2425,Barking and Dagenham,Trust MPS,6540.0,0.74,low,low,#e8e8e8
01/01/2025,Q4_2425,Barking and Dagenham,Fair treatment,6540.0,0.66,low,med,#dfb0d6
01/01/2025,Q4_2425,Barking and Dagenham,Dealing issues,6540.0,0.52,low,med,#dfb0d6
04/01/2021,Q1_2122,Barnet,Good job,9335.0,0.51,med,low,#ace4e4
04/01/2021,Q1_2122,Barnet,Trust MPS,9335.0,0.79,med,med,#a5add3
04/01/2021,Q1_2122,Barnet,Fair treatment,9335.0,0.72,med,high,#8c62aa
04/01/2021,Q1_2122,Barnet,Dealing issues,9335.0,0.63,med,low,#ace4e4
04/01/2021,Q1_2122,Barnet,Relied on to be there,9335.0,0.64,med,med,#a5add3
04/01/2021,Q1_2122,Barnet,Listen to concerns,9335.0,0.68,med,med,#a5add3
04/01/2021,Q1_2122,Barnet,Informed local,9335.0,0.4,med,low,#ace4e4
04/01/2021,Q1_2122,Barnet,Contact ward officer,9335.0,0.29,med,high,#8c62aa
04/01/2022,Q1_2223,Barnet,Good job,8733.0,0.49,med,med,#a5add3
04/01/2022,Q1_2223,Barnet,Trust MPS,8733.0,0.75,med,med,#a5add3
04/01/2022,Q1_2223,Barnet,Fair treatment,8733.0,0.71,med,high,#8c62aa
04/01/2022,Q1_2223,Barnet,Dealing issues,8733.0,0.58,med,low,#ace4e4
04/01/2023,Q1_2324,Barnet,Good job,9089.0,0.48,med,med,#a5add3
04/01/2023,Q1_2324,Barnet,Trust MPS,9089.0,0.73,med,med,#a5add3
04/01/2023,Q1_2324,Barnet,Fair treatment,9089.0,0.68,med,high,#8c62aa
04/01/2023,Q1_2324,Barnet,Dealing issues,9089.0,0.62,med,high,#8c62aa
04/01/2024,Q1_2425,Barnet,Good job,9034.0,0.47,med,med,#a5add3
04/01/2024,Q1_2425,Barnet,Trust MPS,9034.0,0.7,med,med,#a5add3
04/01/2024,Q1_2425,Barnet,Fair treatment,9034.0,0.59,med,med,#a5add3
04/01/2024,Q1_2425,Barnet,Dealing issues,9034.0,0.6,med,high,#8c62aa
04/01/2025,Q1_2526,Barnet,Good job,9368.0,0.49,med,high,#8c62aa
04/01/2025,Q1_2526,Barnet,Trust MPS,9368.0,0.76,med,med,#a5add3
04/01/2025,Q1_2526,Barnet,Fair treatment,9368.0,0.65,med,med,#a5add3
04/01/2025,Q1_2526,Barnet,S&S used fairly,9368.0,0.66,med,high,#8c62aa
07/01/2021,Q2_2122,Barnet,Good job,8768.0,0.49,med,low,#ace4e4
07/01/2021,Q2_2122,Barnet,Trust MPS,8768.0,0.77,med,med,#a5add3
07/01/2021,Q2_2122,Barnet,Fair treatment,8768.0,0.72,med,high,#8c62aa
07/01/2021,Q2_2122,Barnet,Dealing issues,8768.0,0.62,med,low,#ace4e4
07/01/2021,Q2_2122,Barnet,Relied on to be there,8768.0,0.62,med,med,#a5add3
07/01/2021,Q2_2122,Barnet,Listen to concerns,8768.0,0.63,med,med,#a5add3
07/01/2021,Q2_2122,Barnet,Informed local,8768.0,0.4,med,low,#ace4e4
07/01/2021,Q2_2122,Barnet,Contact ward officer,8768.0,0.29,med,high,#8c62aa
07/01/2022,Q2_2223,Barnet,Good job,8793.0,0.49,med,med,#a5add3
07/01/2022,Q2_2223,Barnet,Trust MPS,8793.0,0.74,med,med,#a5add3
07/01/2022,Q2_2223,Barnet,Fair treatment,8793.0,0.71,med,high,#8c62aa
07/01/2022,Q2_2223,Barnet,Dealing issues,8793.0,0.59,med,low,#ace4e4
07/01/2023,Q2_2324,Barnet,Good job,9122.0,0.47,med,med,#a5add3
07/01/2023,Q2_2324,Barnet,Trust MPS,9122.0,0.72,med,med,#a5add3
07/01/2023,Q2_2324,Barnet,Fair treatment,9122.0,0.67,med,med,#a5add3
07/01/2023,Q2_2324,Barnet,Dealing issues,9122.0,0.62,med,high,#8c62aa
07/01/2024,Q2_2425,Barnet,Good job,9490.0,0.44,med,med,#a5add3
07/01/2024,Q2_2425,Barnet,Trust MPS,9490.0,0.69,med,low,#ace4e4
07/01/2024,Q2_2425,Barnet,Fair treatment,9490.0,0.57,med,low,#ace4e4
07/01/2024,Q2_2425,Barnet,Dealing issues,9490.0,0.54,med,low,#ace4e4
07/01/2025,Q2_2526,Barnet,Good job,9526.0,0.47,med,med,#a5add3
07/01/2025,Q2_2526,Barnet,Trust MPS,9526.0,0.79,med,high,#8c62aa
07/01/2025,Q2_2526,Barnet,Fair treatment,9526.0,0.67,med,med,#a5add3
07/01/2025,Q2_2526,Barnet,S&S used fairly,9526.0,0.66,med,med,#a5add3
10/01/2021,Q3_2122,Barnet,Good job,8696.0,0.52,med,med,#a5add3
10/01/2021,Q3_2122,Barnet,Trust MPS,8696.0,0.78,med,med,#a5add3
10/01/2021,Q3_2122,Barnet,Fair treatment,8696.0,0.74,med,high,#8c62aa
10/01/2021,Q3_2122,Barnet,Dealing issues,8696.0,0.62,med,med,#a5add3
10/01/2021,Q3_2122,Barnet,Relied on to be there,8696.0,0.56,med,low,#ace4e4
10/01/2021,Q3_2122,Barnet,Listen to concerns,8696.0,0.61,med,med,#a5add3
10/01/2021,Q3_2122,Barnet,Informed local,8696.0,0.43,med,med,#a5add3
10/01/2021,Q3_2122,Barnet,Contact ward officer,8696.0,0.3,med,high,#8c62aa
10/01/2022,Q3_2223,Barnet,Good job,8721.0,0.49,med,med,#a5add3
10/01/2022,Q3_2223,Barnet,Trust MPS,8721.0,0.76,med,high,#8c62aa
10/01/2022,Q3_2223,Barnet,Fair treatment,8721.0,0.72,med,high,#8c62aa
10/01/2022,Q3_2223,Barnet,Dealing issues,8721.0,0.59,med,med,#a5add3
10/01/2023,Q3_2324,Barnet,Good job,10662.0,0.47,high,med,#5698b9
10/01/2023,Q3_2324,Barnet,Trust MPS,10662.0,0.7,high,med,#5698b9
10/01/2023,Q3_2324,Barnet,Fair treatment,10662.0,0.6,high,med,#5698b9
10/01/2023,Q3_2324,Barnet,Dealing issues,10662.0,0.62,high,high,#3b4994
10/01/2024,Q3_2425,Barnet,Good job,9391.0,0.46,med,med,#a5add3
10/01/2024,Q3_2425,Barnet,Trust MPS,9391.0,0.7,med,low,#ace4e4
10/01/2024,Q3_2425,Barnet,Fair treatment,9391.0,0.66,med,med,#a5add3
10/01/2024,Q3_2425,Barnet,Dealing issues,9391.0,0.54,med,med,#a5add3
10/01/2025,Q3_2526,Barnet,Good job,9281.0,0.45,med,med,#a5add3
10/01/2025,Q3_2526,Barnet,Trust MPS,9281.0,0.78,med,high,#8c62aa
10/01/2025,Q3_2526,Barnet,Fair treatment,9281.0,0.62,med,low,#ace4e4
10/01/2025,Q3_2526,Barnet,S&S used fairly,9281.0,0.62,med,med,#a5add3
01/01/2022,Q4_2122,Barnet,Good job,8630.0,0.51,med,med,#a5add3
01/01/2022,Q4_2122,Barnet,Trust MPS,8630.0,0.77,med,med,#a5add3
01/01/2022,Q4_2122,Barnet,Fair treatment,8630.0,0.73,med,high,#8c62aa
01/01/2022,Q4_2122,Barnet,Dealing issues,8630.0,0.59,med,low,#ace4e4
01/01/2022,Q4_2122,Barnet,Relied on to be there,8630.0,0.54,med,low,#ace4e4
01/01/2022,Q4_2122,Barnet,Listen to concerns,8630.0,0.63,med,high,#8c62aa
01/01/2022,Q4_2122,Barnet,Informed local,8630.0,0.4,med,med,#a5add3
01/01/2022,Q4_2122,Barnet,Contact ward officer,8630.0,0.29,med,high,#8c62aa
01/01/2023,Q4_2223,Barnet,Good job,8829.0,0.48,med,low,#ace4e4
01/01/2023,Q4_2223,Barnet,Trust MPS,8829.0,0.74,med,med,#a5add3
01/01/2023,Q4_2223,Barnet,Fair treatment,8829.0,0.71,med,high,#8c62aa
01/01/2023,Q4_2223,Barnet,Dealing issues,8829.0,0.62,med,high,#8c62aa
01/01/2024,Q4_2324,Barnet,Good job,8930.0,0.48,med,med,#a5add3
01/01/2024,Q4_2324,Barnet,Trust MPS,8930.0,0.69,med,med,#a5add3
01/01/2024,Q4_2324,Barnet,Fair treatment,8930.0,0.6,med,med,#a5add3
01/01/2024,Q4_2324,Barnet,Dealing issues,8930.0,0.62,med,high,#8c62aa
01/01/2025,Q4_2425,Barnet,Good job,9162.0,0.46,med,med,#a5add3
01/01/2025,Q4_2425,Barnet,Trust MPS,9162.0,0.74,med,low,#ace4e4
01/01/2025,Q4_2425,Barnet,Fair treatment,9162.0,0.65,med,med,#a5add3
01/01/2025,Q4_2425,Barnet,Dealing issues,9162.0,0.54,med,med,#a5add3
04/01/2021,Q1_2122,Bexley,Good job,4849.0,0.59,low,high,#be64ac
04/01/2021,Q1_2122,Bexley,Trust MPS,4849.0,0.86,low,high,#be64ac
04/01/2021,Q1_2122,Bexley,Fair treatment,4849.0,0.81,low,high,#be64ac
04/01/2021,Q1_2122,Bexley,Dealing issues,4849.0,0.77,low,high,#be64ac
04/01/2021,Q1_2122,Bexley,Relied on to be there,4849.0,0.66,low,high,#be64ac
04/01/2021,Q1_2122,Bexley,Listen to concerns,4849.0,0.79,low,high,#be64ac
04/01/2021,Q1_2122,Bexley,Informed local,4849.0,0.53,low,high,#be64ac
04/01/2021,Q1_2122,Bexley,Contact ward officer,4849.0,0.34,low,high,#be64ac
04/01/2022,Q1_2223,Bexley,Good job,5208.0,0.48,low,med,#dfb0d6
04/01/2022,Q1_2223,Bexley,Trust MPS,5208.0,0.77,low,high,#be64ac
04/01/2022,Q1_2223,Bexley,Fair treatment,5208.0,0.68,low,high,#be64ac
04/01/2022,Q1_2223,Bexley,Dealing issues,5208.0,0.63,low,med,#dfb0d6
04/01/2023,Q1_2324,Bexley,Good job,5494.0,0.54,low,high,#be64ac
04/01/2023,Q1_2324,Bexley,Trust MPS,5494.0,0.73,low,med,#dfb0d6
04/01/2023,Q1_2324,Bexley,Fair treatment,5494.0,0.72,low,high,#be64ac
04/01/2023,Q1_2324,Bexley,Dealing issues,5494.0,0.56,low,med,#dfb0d6
04/01/2024,Q1_2425,Bexley,Good job,5478.0,0.54,low,high,#be64ac
04/01/2024,Q1_2425,Bexley,Trust MPS,5478.0,0.76,low,high,#be64ac
04/01/2024,Q1_2425,Bexley,Fair treatment,5478.0,0.72,low,high,#be64ac
04/01/2024,Q1_2425,Bexley,Dealing issues,5478.0,0.6,low,high,#be64ac
04/01/2025,Q1_2526,Bexley,Good job,5324.0,0.45,low,med,#dfb0d6
04/01/2025,Q1_2526,Bexley,Trust MPS,5324.0,0.76,low,med,#dfb0d6
04/01/2025,Q1_2526,Bexley,Fair treatment,5324.0,0.72,low,high,#be64ac
04/01/2025,Q1_2526,Bexley,S&S used fairly,5324.0,0.66,low,high,#be64ac
07/01/2021,Q2_2122,Bexley,Good job,5116.0,0.58,low,high,#be64ac
07/01/2021,Q2_2122,Bexley,Trust MPS,5116.0,0.85,low,high,#be64ac
07/01/2021,Q2_2122,Bexley,Fair treatment,5116.0,0.78,low,high,#be64ac
07/01/2021,Q2_2122,Bexley,Dealing issues,5116.0,0.74,low,high,#be64ac
07/01/2021,Q2_2122,Bexley,Relied on to be there,5116.0,0.67,low,high,#be64ac
07/01/2021,Q2_2122,Bexley,Listen to concerns,5116.0,0.73,low,high,#be64ac
07/01/2021,Q2_2122,Bexley,Informed local,5116.0,0.49,low,high,#be64ac
07/01/2021,Q2_2122,Bexley,Contact ward officer,5116.0,0.34,low,high,#be64ac
07/01/2022,Q2_2223,Bexley,Good job,5269.0,0.5,low,med,#dfb0d6
07/01/2022,Q2_2223,Bexley,Trust MPS,5269.0,0.74,low,med,#dfb0d6
07/01/2022,Q2_2223,Bexley,Fair treatment,5269.0,0.68,low,med,#dfb0d6
07/01/2022,Q2_2223,Bexley,Dealing issues,5269.0,0.63,low,med,#dfb0d6
07/01/2023,Q2_2324,Bexley,Good job,5626.0,0.52,low,high,#be64ac
07/01/2023,Q2_2324,Bexley,Trust MPS,5626.0,0.75,low,high,#be64ac
07/01/2023,Q2_2324,Bexley,Fair treatment,5626.0,0.72,low,high,#be64ac
07/01/2023,Q2_2324,Bexley,Dealing issues,5626.0,0.57,low,med,#dfb0d6
07/01/2024,Q2_2425,Bexley,Good job,5407.0,0.52,low,high,#be64ac
07/01/2024,Q2_2425,Bexley,Trust MPS,5407.0,0.74,low,med,#dfb0d6
07/01/2024,Q2_2425,Bexley,Fair treatment,5407.0,0.74,low,high,#be64ac
07/01/2024,Q2_2425,Bexley,Dealing issues,5407.0,0.59,low,high,#be64ac
07/01/2025,Q2_2526,Bexley,Good job,5214.0,0.49,low,high,#be64ac
07/01/2025,Q2_2526,Bexley,Trust MPS,5214.0,0.78,low,high,#be64ac
07/01/2025,Q2_2526,Bexley,Fair treatment,5214.0,0.72,low,high,#be64ac
07/01/2025,Q2_2526,Bexley,S&S used fairly,5214.0,0.67,low,med,#dfb0d6
10/01/2021,Q3_2122,Bexley,Good job,5344.0,0.55,low,high,#be64ac
10/01/2021,Q3_2122,Bexley,Trust MPS,5344.0,0.85,low,high,#be64ac
10/01/2021,Q3_2122,Bexley,Fair treatment,5344.0,0.79,low,high,#be64ac
10/01/2021,Q3_2122,Bexley,Dealing issues,5344.0,0.7,low,high,#be64ac
10/01/2021,Q3_2122,Bexley,Relied on to be there,5344.0,0.63,low,high,#be64ac
10/01/2021,Q3_2122,Bexley,Listen to concerns,5344.0,0.68,low,high,#be64ac
10/01/2021,Q3_2122,Bexley,Informed local,5344.0,0.46,low,high,#be64ac
10/01/2021,Q3_2122,Bexley,Contact ward officer,5344.0,0.34,low,high,#be64ac
10/01/2022,Q3_2223,Bexley,Good job,5031.0,0.49,low,med,#dfb0d6
10/01/2022,Q3_2223,Bexley,Trust MPS,5031.0,0.73,low,med,#dfb0d6
10/01/2022,Q3_2223,Bexley,Fair treatment,5031.0,0.67,low,med,#dfb0d6
10/01/2022,Q3_2223,Bexley,Dealing issues,5031.0,0.61,low,med,#dfb0d6
10/01/2023,Q3_2324,Bexley,Good job,5702.0,0.54,low,high,#be64ac
10/01/2023,Q3_2324,Bexley,Trust MPS,5702.0,0.74,low,high,#be64ac
10/01/2023,Q3_2324,Bexley,Fair treatment,5702.0,0.71,low,high,#be64ac
10/01/2023,Q3_2324,Bexley,Dealing issues,5702.0,0.58,low,med,#dfb0d6
10/01/2024,Q3_2425,Bexley,Good job,5253.0,0.5,low,high,#be64ac
10/01/2024,Q3_2425,Bexley,Trust MPS,5253.0,0.75,low,med,#dfb0d6
10/01/2024,Q3_2425,Bexley,Fair treatment,5253.0,0.75,low,high,#be64ac
10/01/2024,Q3_2425,Bexley,Dealing issues,5253.0,0.6,low,high,#be64ac
10/01/2025,Q3_2526,Bexley,Good job,5135.0,0.48,low,high,#be64ac
10/01/2025,Q3_2526,Bexley,Trust MPS,5135.0,0.75,low,med,#dfb0d6
10/01/2025,Q3_2526,Bexley,Fair treatment,5135.0,0.69,low,med,#dfb0d6
10/01/2025,Q3_2526,Bexley,S&S used fairly,5135.0,0.65,low,med,#dfb0d6
01/01/2022,Q4_2122,Bexley,Good job,5194.0,0.51,low,med,#dfb0d6
01/01/2022,Q4_2122,Bexley,Trust MPS,5194.0,0.79,low,high,#be64ac
01/01/2022,Q4_2122,Bexley,Fair treatment,5194.0,0.71,low,high,#be64ac
01/01/2022,Q4_2122,Bexley,Dealing issues,5194.0,0.66,low,high,#be64ac
01/01/2022,Q4_2122,Bexley,Relied on to be there,5194.0,0.61,low,high,#be64ac
01/01/2022,Q4_2122,Bexley,Listen to concerns,5194.0,0.64,low,high,#be64ac
01/01/2022,Q4_2122,Bexley,Informed local,5194.0,0.43,low,high,#be64ac
01/01/2022,Q4_2122,Bexley,Contact ward officer,5194.0,0.33,low,high,#be64ac
01/01/2023,Q4_2223,Bexley,Good job,5341.0,0.51,low,med,#dfb0d6
01/01/2023,Q4_2223,Bexley,Trust MPS,5341.0,0.75,low,med,#dfb0d6
01/01/2023,Q4_2223,Bexley,Fair treatment,5341.0,0.7,low,high,#be64ac
01/01/2023,Q4_2223,Bexley,Dealing issues,5341.0,0.58,low,med,#dfb0d6
01/01/2024,Q4_2324,Bexley,Good job,5541.0,0.55,low,high,#be64ac
01/01/2024,Q4_2324,Bexley,Trust MPS,5541.0,0.76,low,high,#be64ac
01/01/2024,Q4_2324,Bexley,Fair treatment,5541.0,0.72,low,high,#be64ac
01/01/2024,Q4_2324,Bexley,Dealing issues,5541.0,0.6,low,high,#be64ac
01/01/2025,Q4_2425,Bexley,Good job,5214.0,0.49,low,high,#be64ac
01/01/2025,Q4_2425,Bexley,Trust MPS,5214.0,0.76,low,med,#dfb0d6
01/01/2025,Q4_2425,Bexley,Fair treatment,5214.0,0.74,low,high,#be64ac
01/01/2025,Q4_2425,Bexley,Dealing issues,5214.0,0.59,low,high,#be64ac
04/01/2021,Q1_2122,Brent,Good job,8848.0,0.53,med,med,#a5add3
04/01/2021,Q1_2122,Brent,Trust MPS,8848.0,0.8,med,med,#a5add3
04/01/2021,Q1_2122,Brent,Fair treatment,8848.0,0.7,med,med,#a5add3
04/01/2021,Q1_2122,Brent,Dealing issues,8848.0,0.69,med,high,#8c62aa
04/01/2021,Q1_2122,Brent,Relied on to be there,8848.0,0.64,med,med,#a5add3
04/01/2021,Q1_2122,Brent,Listen to concerns,8848.0,0.7,med,high,#8c62aa
04/01/2021,Q1_2122,Brent,Informed local,8848.0,0.45,med,med,#a5add3
04/01/2021,Q1_2122,Brent,Contact ward officer,8848.0,0.24,med,med,#a5add3
04/01/2022,Q1_2223,Brent,Good job,9594.0,0.56,high,high,#3b4994
04/01/2022,Q1_2223,Brent,Trust MPS,9594.0,0.76,high,high,#3b4994
04/01/2022,Q1_2223,Brent,Fair treatment,9594.0,0.69,high,high,#3b4994
04/01/2022,Q1_2223,Brent,Dealing issues,9594.0,0.64,high,high,#3b4994
04/01/2023,Q1_2324,Brent,Good job,10673.0,0.53,high,high,#3b4994
04/01/2023,Q1_2324,Brent,Trust MPS,10673.0,0.77,high,high,#3b4994
04/01/2023,Q1_2324,Brent,Fair treatment,10673.0,0.71,high,high,#3b4994
04/01/2023,Q1_2324,Brent,Dealing issues,10673.0,0.64,high,high,#3b4994
04/01/2024,Q1_2425,Brent,Good job,10986.0,0.48,high,med,#5698b9
04/01/2024,Q1_2425,Brent,Trust MPS,10986.0,0.74,high,med,#5698b9
04/01/2024,Q1_2425,Brent,Fair treatment,10986.0,0.63,high,med,#5698b9
04/01/2024,Q1_2425,Brent,Dealing issues,10986.0,0.62,high,high,#3b4994
04/01/2025,Q1_2526,Brent,Good job,10848.0,0.4,high,low,#5ac8c8
04/01/2025,Q1_2526,Brent,Trust MPS,10848.0,0.79,high,high,#3b4994
04/01/2025,Q1_2526,Brent,Fair treatment,10848.0,0.64,high,med,#5698b9
04/01/2025,Q1_2526,Brent,S&S used fairly,10848.0,0.67,high,high,#3b4994
07/01/2021,Q2_2122,Brent,Good job,9568.0,0.57,high,high,#3b4994
07/01/2021,Q2_2122,Brent,Trust MPS,9568.0,0.83,high,high,#3b4994
07/01/2021,Q2_2122,Brent,Fair treatment,9568.0,0.71,high,high,#3b4994
07/01/2021,Q2_2122,Brent,Dealing issues,9568.0,0.66,high,med,#5698b9
07/01/2021,Q2_2122,Brent,Relied on to be there,9568.0,0.65,high,high,#3b4994
07/01/2021,Q2_2122,Brent,Listen to concerns,9568.0,0.71,high,high,#3b4994
07/01/2021,Q2_2122,Brent,Informed local,9568.0,0.43,high,med,#5698b9
07/01/2021,Q2_2122,Brent,Contact ward officer,9568.0,0.21,high,low,#5ac8c8
07/01/2022,Q2_2223,Brent,Good job,9767.0,0.54,high,high,#3b4994
07/01/2022,Q2_2223,Brent,Trust MPS,9767.0,0.73,high,med,#5698b9
07/01/2022,Q2_2223,Brent,Fair treatment,9767.0,0.71,high,high,#3b4994
07/01/2022,Q2_2223,Brent,Dealing issues,9767.0,0.63,high,med,#5698b9
07/01/2023,Q2_2324,Brent,Good job,10768.0,0.51,high,high,#3b4994
07/01/2023,Q2_2324,Brent,Trust MPS,10768.0,0.75,high,high,#3b4994
07/01/2023,Q2_2324,Brent,Fair treatment,10768.0,0.67,high,med,#5698b9
07/01/2023,Q2_2324,Brent,Dealing issues,10768.0,0.64,high,high,#3b4994
07/01/2024,Q2_2425,Brent,Good job,10931.0,0.45,high,med,#5698b9
07/01/2024,Q2_2425,Brent,Trust MPS,10931.0,0.75,high,med,#5698b9
07/01/2024,Q2_2425,Brent,Fair treatment,10931.0,0.63,high,med,#5698b9
07/01/2024,Q2_2425,Brent,Dealing issues,10931.0,0.62,high,high,#3b4994
07/01/2025,Q2_2526,Brent,Good job,11570.0,0.44,high,low,#5ac8c8
07/01/2025,Q2_2526,Brent,Trust MPS,11570.0,0.78,high,high,#3b4994
07/01/2025,Q2_2526,Brent,Fair treatment,11570.0,0.67,high,med,#5698b9
07/01/2025,Q2_2526,Brent,S&S used fairly,11570.0,0.68,high,high,#3b4994
10/01/2021,Q3_2122,Brent,Good job,9182.0,0.58,med,high,#8c62aa
10/01/2021,Q3_2122,Brent,Trust MPS,9182.0,0.81,med,high,#8c62aa
10/01/2021,Q3_2122,Brent,Fair treatment,9182.0,0.7,med,high,#8c62aa
10/01/2021,Q3_2122,Brent,Dealing issues,9182.0,0.63,med,med,#a5add3
10/01/2021,Q3_2122,Brent,Relied on to be there,9182.0,0.65,med,high,#8c62aa
10/01/2021,Q3_2122,Brent,Listen to concerns,9182.0,0.68,med,high,#8c62aa
10/01/2021,Q3_2122,Brent,Informed local,9182.0,0.4,med,med,#a5add3
10/01/2021,Q3_2122,Brent,Contact ward officer,9182.0,0.21,med,low,#ace4e4
10/01/2022,Q3_2223,Brent,Good job,9503.0,0.53,high,high,#3b4994
10/01/2022,Q3_2223,Brent,Trust MPS,9503.0,0.73,high,med,#5698b9
10/01/2022,Q3_2223,Brent,Fair treatment,9503.0,0.72,high,high,#3b4994
10/01/2022,Q3_2223,Brent,Dealing issues,9503.0,0.65,high,high,#3b4994
10/01/2023,Q3_2324,Brent,Good job,10566.0,0.49,high,med,#5698b9
10/01/2023,Q3_2324,Brent,Trust MPS,10566.0,0.75,high,high,#3b4994
10/01/2023,Q3_2324,Brent,Fair treatment,10566.0,0.64,high,med,#5698b9
10/01/2023,Q3_2324,Brent,Dealing issues,10566.0,0.63,high,high,#3b4994
10/01/2024,Q3_2425,Brent,Good job,10605.0,0.43,high,low,#5ac8c8
10/01/2024,Q3_2425,Brent,Trust MPS,10605.0,0.75,high,med,#5698b9
10/01/2024,Q3_2425,Brent,Fair treatment,10605.0,0.63,high,med,#5698b9
10/01/2024,Q3_2425,Brent,Dealing issues,10605.0,0.6,high,high,#3b4994
10/01/2025,Q3_2526,Brent,Good job,10592.0,0.45,high,med,#5698b9
10/01/2025,Q3_2526,Brent,Trust MPS,10592.0,0.77,high,high,#3b4994
10/01/2025,Q3_2526,Brent,Fair treatment,10592.0,0.66,high,med,#5698b9
10/01/2025,Q3_2526,Brent,S&S used fairly,10592.0,0.68,high,high,#3b4994
01/01/2022,Q4_2122,Brent,Good job,9219.0,0.56,high,high,#3b4994
01/01/2022,Q4_2122,Brent,Trust MPS,9219.0,0.78,high,high,#3b4994
01/01/2022,Q4_2122,Brent,Fair treatment,9219.0,0.68,high,high,#3b4994
01/01/2022,Q4_2122,Brent,Dealing issues,9219.0,0.62,high,med,#5698b9
01/01/2022,Q4_2122,Brent,Relied on to be there,9219.0,0.61,high,high,#3b4994
01/01/2022,Q4_2122,Brent,Listen to concerns,9219.0,0.66,high,high,#3b4994
01/01/2022,Q4_2122,Brent,Informed local,9219.0,0.4,high,med,#5698b9
01/01/2022,Q4_2122,Brent,Contact ward officer,9219.0,0.2,high,low,#5ac8c8
01/01/2023,Q4_2223,Brent,Good job,9267.0,0.56,med,high,#8c62aa
01/01/2023,Q4_2223,Brent,Trust MPS,9267.0,0.78,med,high,#8c62aa
01/01/2023,Q4_2223,Brent,Fair treatment,9267.0,0.8,med,high,#8c62aa
01/01/2023,Q4_2223,Brent,Dealing issues,9267.0,0.71,med,high,#8c62aa
01/01/2024,Q4_2324,Brent,Good job,10397.0,0.46,high,med,#5698b9
01/01/2024,Q4_2324,Brent,Trust MPS,10397.0,0.73,high,med,#5698b9
01/01/2024,Q4_2324,Brent,Fair treatment,10397.0,0.57,high,low,#5ac8c8
01/01/2024,Q4_2324,Brent,Dealing issues,10397.0,0.57,high,med,#5698b9
01/01/2025,Q4_2425,Brent,Good job,10214.0,0.42,high,low,#5ac8c8
01/01/2025,Q4_2425,Brent,Trust MPS,10214.0,0.77,high,high,#3b4994
01/01/2025,Q4_2425,Brent,Fair treatment,10214.0,0.64,high,med,#5698b9
01/01/2025,Q4_2425,Brent,Dealing issues,10214.0,0.59,high,high,#3b4994
04/01/2021,Q1_2122,Bromley,Good job,7036.0,0.62,low,high,#be64ac
04/01/2021,Q1_2122,Bromley,Trust MPS,7036.0,0.84,low,high,#be64ac
04/01/2021,Q1_2122,Bromley,Fair treatment,7036.0,0.71,low,med,#dfb0d6
04/01/2021,Q1_2122,Bromley,Dealing issues,7036.0,0.67,low,med,#dfb0d6
04/01/2021,Q1_2122,Bromley,Relied on to be there,7036.0,0.64,low,med,#dfb0d6
04/01/2021,Q1_2122,Bromley,Listen to concerns,7036.0,0.71,low,high,#be64ac
04/01/2021,Q1_2122,Bromley,Informed local,7036.0,0.51,low,high,#be64ac
04/01/2021,Q1_2122,Bromley,Contact ward officer,7036.0,0.28,low,high,#be64ac
04/01/2022,Q1_2223,Bromley,Good job,7280.0,0.56,med,high,#8c62aa
04/01/2022,Q1_2223,Bromley,Trust MPS,7280.0,0.75,med,med,#a5add3
04/01/2022,Q1_2223,Bromley,Fair treatment,7280.0,0.62,med,med,#a5add3
04/01/2022,Q1_2223,Bromley,Dealing issues,7280.0,0.62,med,med,#a5add3
04/01/2023,Q1_2324,Bromley,Good job,7566.0,0.54,low,high,#be64ac
04/01/2023,Q1_2324,Bromley,Trust MPS,7566.0,0.68,low,med,#dfb0d6
04/01/2023,Q1_2324,Bromley,Fair treatment,7566.0,0.65,low,med,#dfb0d6
04/01/2023,Q1_2324,Bromley,Dealing issues,7566.0,0.56,low,med,#dfb0d6
04/01/2024,Q1_2425,Bromley,Good job,7541.0,0.48,low,med,#dfb0d6
04/01/2024,Q1_2425,Bromley,Trust MPS,7541.0,0.73,low,med,#dfb0d6
04/01/2024,Q1_2425,Bromley,Fair treatment,7541.0,0.58,low,low,#e8e8e8
04/01/2024,Q1_2425,Bromley,Dealing issues,7541.0,0.5,low,low,#e8e8e8
04/01/2025,Q1_2526,Bromley,Good job,7803.0,0.44,low,med,#dfb0d6
04/01/2025,Q1_2526,Bromley,Trust MPS,7803.0,0.69,low,low,#e8e8e8
04/01/2025,Q1_2526,Bromley,Fair treatment,7803.0,0.63,low,low,#e8e8e8
04/01/2025,Q1_2526,Bromley,S&S used fairly,7803.0,0.67,low,high,#be64ac
07/01/2021,Q2_2122,Bromley,Good job,7372.0,0.6,med,high,#8c62aa
07/01/2021,Q2_2122,Bromley,Trust MPS,7372.0,0.81,med,high,#8c62aa
07/01/2021,Q2_2122,Bromley,Fair treatment,7372.0,0.66,med,med,#a5add3
07/01/2021,Q2_2122,Bromley,Dealing issues,7372.0,0.65,med,med,#a5add3
07/01/2021,Q2_2122,Bromley,Relied on to be there,7372.0,0.63,med,med,#a5add3
07/01/2021,Q2_2122,Bromley,Listen to concerns,7372.0,0.69,med,high,#8c62aa
07/01/2021,Q2_2122,Bromley,Informed local,7372.0,0.47,med,high,#8c62aa
07/01/2021,Q2_2122,Bromley,Contact ward officer,7372.0,0.32,med,high,#8c62aa
07/01/2022,Q2_2223,Bromley,Good job,7261.0,0.56,low,high,#be64ac
07/01/2022,Q2_2223,Bromley,Trust MPS,7261.0,0.73,low,med,#dfb0d6
07/01/2022,Q2_2223,Bromley,Fair treatment,7261.0,0.64,low,med,#dfb0d6
07/01/2022,Q2_2223,Bromley,Dealing issues,7261.0,0.61,low,med,#dfb0d6
07/01/2023,Q2_2324,Bromley,Good job,7877.0,0.52,med,high,#8c62aa
07/01/2023,Q2_2324,Bromley,Trust MPS,7877.0,0.69,med,med,#a5add3
07/01/2023,Q2_2324,Bromley,Fair treatment,7877.0,0.64,med,med,#a5add3
07/01/2023,Q2_2324,Bromley,Dealing issues,7877.0,0.53,med,med,#a5add3
07/01/2024,Q2_2425,Bromley,Good job,8152.0,0.47,med,med,#a5add3
07/01/2024,Q2_2425,Bromley,Trust MPS,8152.0,0.72,med,med,#a5add3
07/01/2024,Q2_2425,Bromley,Fair treatment,8152.0,0.59,med,med,#a5add3
07/01/2024,Q2_2425,Bromley,Dealing issues,8152.0,0.5,med,low,#ace4e4
07/01/2025,Q2_2526,Bromley,Good job,7970.0,0.45,med,med,#a5add3
07/01/2025,Q2_2526,Bromley,Trust MPS,7970.0,0.7,med,low,#ace4e4
07/01/2025,Q2_2526,Bromley,Fair treatment,7970.0,0.65,med,low,#ace4e4
07/01/2025,Q2_2526,Bromley,S&S used fairly,7970.0,0.67,med,med,#a5add3
10/01/2021,Q3_2122,Bromley,Good job,7778.0,0.56,med,high,#8c62aa
10/01/2021,Q3_2122,Bromley,Trust MPS,7778.0,0.79,med,med,#a5add3
10/01/2021,Q3_2122,Bromley,Fair treatment,7778.0,0.62,med,low,#ace4e4
10/01/2021,Q3_2122,Bromley,Dealing issues,7778.0,0.66,med,high,#8c62aa
10/01/2021,Q3_2122,Bromley,Relied on to be there,7778.0,0.57,med,low,#ace4e4
10/01/2021,Q3_2122,Bromley,Listen to concerns,7778.0,0.66,med,med,#a5add3
10/01/2021,Q3_2122,Bromley,Informed local,7778.0,0.42,med,med,#a5add3
10/01/2021,Q3_2122,Bromley,Contact ward officer,7778.0,0.32,med,high,#8c62aa
10/01/2022,Q3_2223,Bromley,Good job,7011.0,0.55,low,high,#be64ac
10/01/2022,Q3_2223,Bromley,Trust MPS,7011.0,0.72,low,med,#dfb0d6
10/01/2022,Q3_2223,Bromley,Fair treatment,7011.0,0.67,low,med,#dfb0d6
10/01/2022,Q3_2223,Bromley,Dealing issues,7011.0,0.58,low,med,#dfb0d6
10/01/2023,Q3_2324,Bromley,Good job,7618.0,0.51,low,high,#be64ac
10/01/2023,Q3_2324,Bromley,Trust MPS,7618.0,0.68,low,med,#dfb0d6
10/01/2023,Q3_2324,Bromley,Fair treatment,7618.0,0.6,low,med,#dfb0d6
10/01/2023,Q3_2324,Bromley,Dealing issues,7618.0,0.52,low,low,#e8e8e8
10/01/2024,Q3_2425,Bromley,Good job,7849.0,0.46,low,med,#dfb0d6
10/01/2024,Q3_2425,Bromley,Trust MPS,7849.0,0.71,low,low,#e8e8e8
10/01/2024,Q3_2425,Bromley,Fair treatment,7849.0,0.58,low,low,#e8e8e8
10/01/2024,Q3_2425,Bromley,Dealing issues,7849.0,0.47,low,low,#e8e8e8
10/01/2025,Q3_2526,Bromley,Good job,7391.0,0.45,med,med,#a5add3
10/01/2025,Q3_2526,Bromley,Trust MPS,7391.0,0.71,med,med,#a5add3
10/01/2025,Q3_2526,Bromley,Fair treatment,7391.0,0.66,med,med,#a5add3
10/01/2025,Q3_2526,Bromley,S&S used fairly,7391.0,0.67,med,high,#8c62aa
01/01/2022,Q4_2122,Bromley,Good job,7175.0,0.58,med,high,#8c62aa
01/01/2022,Q4_2122,Bromley,Trust MPS,7175.0,0.75,med,med,#a5add3
01/01/2022,Q4_2122,Bromley,Fair treatment,7175.0,0.59,med,med,#a5add3
01/01/2022,Q4_2122,Bromley,Dealing issues,7175.0,0.65,med,high,#8c62aa
01/01/2022,Q4_2122,Bromley,Relied on to be there,7175.0,0.59,med,med,#a5add3
01/01/2022,Q4_2122,Bromley,Listen to concerns,7175.0,0.67,med,high,#8c62aa
01/01/2022,Q4_2122,Bromley,Informed local,7175.0,0.36,med,low,#ace4e4
01/01/2022,Q4_2122,Bromley,Contact ward officer,7175.0,0.32,med,high,#8c62aa
01/01/2023,Q4_2223,Bromley,Good job,7032.0,0.54,med,high,#8c62aa
01/01/2023,Q4_2223,Bromley,Trust MPS,7032.0,0.71,med,med,#a5add3
01/01/2023,Q4_2223,Bromley,Fair treatment,7032.0,0.66,med,med,#a5add3
01/01/2023,Q4_2223,Bromley,Dealing issues,7032.0,0.57,med,med,#a5add3
01/01/2024,Q4_2324,Bromley,Good job,7496.0,0.5,low,high,#be64ac
01/01/2024,Q4_2324,Bromley,Trust MPS,7496.0,0.69,low,med,#dfb0d6
01/01/2024,Q4_2324,Bromley,Fair treatment,7496.0,0.59,low,low,#e8e8e8
01/01/2024,Q4_2324,Bromley,Dealing issues,7496.0,0.5,low,low,#e8e8e8
01/01/2025,Q4_2425,Bromley,Good job,7487.0,0.43,med,low,#ace4e4
01/01/2025,Q4_2425,Bromley,Trust MPS,7487.0,0.7,med,low,#ace4e4
01/01/2025,Q4_2425,Bromley,Fair treatment,7487.0,0.61,med,low,#ace4e4
01/01/2025,Q4_2425,Bromley,Dealing issues,7487.0,0.47,med,low,#ace4e4
04/01/2021,Q1_2122,Camden,Good job,9353.0,0.53,high,med,#5698b9
04/01/2021,Q1_2122,Camden,Trust MPS,9353.0,0.77,high,low,#5ac8c8
04/01/2021,Q1_2122,Camden,Fair treatment,9353.0,0.58,high,low,#5ac8c8
04/01/2021,Q1_2122,Camden,Dealing issues,9353.0,0.59,high,low,#5ac8c8
04/01/2021,Q1_2122,Camden,Relied on to be there,9353.0,0.6,high,low,#5ac8c8
04/01/2021,Q1_2122,Camden,Listen to concerns,9353.0,0.64,high,low,#5ac8c8
04/01/2021,Q1_2122,Camden,Informed local,9353.0,0.38,high,low,#5ac8c8
04/01/2021,Q1_2122,Camden,Contact ward officer,9353.0,0.24,high,med,#5698b9
04/01/2022,Q1_2223,Camden,Good job,11563.0,0.45,high,low,#5ac8c8
04/01/2022,Q1_2223,Camden,Trust MPS,11563.0,0.68,high,low,#5ac8c8
04/01/2022,Q1_2223,Camden,Fair treatment,11563.0,0.51,high,low,#5ac8c8
04/01/2022,Q1_2223,Camden,Dealing issues,11563.0,0.59,high,med,#5698b9
04/01/2023,Q1_2324,Camden,Good job,13733.0,0.44,high,low,#5ac8c8
04/01/2023,Q1_2324,Camden,Trust MPS,13733.0,0.67,high,low,#5ac8c8
04/01/2023,Q1_2324,Camden,Fair treatment,13733.0,0.48,high,low,#5ac8c8
04/01/2023,Q1_2324,Camden,Dealing issues,13733.0,0.53,high,low,#5ac8c8
04/01/2024,Q1_2425,Camden,Good job,14400.0,0.46,high,med,#5698b9
04/01/2024,Q1_2425,Camden,Trust MPS,14400.0,0.65,high,low,#5ac8c8
04/01/2024,Q1_2425,Camden,Fair treatment,14400.0,0.55,high,low,#5ac8c8
04/01/2024,Q1_2425,Camden,Dealing issues,14400.0,0.56,high,med,#5698b9
04/01/2025,Q1_2526,Camden,Good job,13502.0,0.35,high,low,#5ac8c8
04/01/2025,Q1_2526,Camden,Trust MPS,13502.0,0.67,high,low,#5ac8c8
04/01/2025,Q1_2526,Camden,Fair treatment,13502.0,0.51,high,low,#5ac8c8
04/01/2025,Q1_2526,Camden,S&S used fairly,13502.0,0.5,high,low,#5ac8c8
07/01/2021,Q2_2122,Camden,Good job,10174.0,0.49,high,low,#5ac8c8
07/01/2021,Q2_2122,Camden,Trust MPS,10174.0,0.77,high,med,#5698b9
07/01/2021,Q2_2122,Camden,Fair treatment,10174.0,0.57,high,low,#5ac8c8
07/01/2021,Q2_2122,Camden,Dealing issues,10174.0,0.59,high,low,#5ac8c8
07/01/2021,Q2_2122,Camden,Relied on to be there,10174.0,0.6,high,low,#5ac8c8
07/01/2021,Q2_2122,Camden,Listen to concerns,10174.0,0.67,high,med,#5698b9
07/01/2021,Q2_2122,Camden,Informed local,10174.0,0.37,high,low,#5ac8c8
07/01/2021,Q2_2122,Camden,Contact ward officer,10174.0,0.25,high,med,#5698b9
07/01/2022,Q2_2223,Camden,Good job,11183.0,0.46,high,low,#5ac8c8
07/01/2022,Q2_2223,Camden,Trust MPS,11183.0,0.66,high,low,#5ac8c8
07/01/2022,Q2_2223,Camden,Fair treatment,11183.0,0.5,high,low,#5ac8c8
07/01/2022,Q2_2223,Camden,Dealing issues,11183.0,0.59,high,low,#5ac8c8
07/01/2023,Q2_2324,Camden,Good job,13100.0,0.47,high,med,#5698b9
07/01/2023,Q2_2324,Camden,Trust MPS,13100.0,0.67,high,low,#5ac8c8
07/01/2023,Q2_2324,Camden,Fair treatment,13100.0,0.5,high,low,#5ac8c8
07/01/2023,Q2_2324,Camden,Dealing issues,13100.0,0.53,high,med,#5698b9
07/01/2024,Q2_2425,Camden,Good job,14396.0,0.41,high,low,#5ac8c8
07/01/2024,Q2_2425,Camden,Trust MPS,14396.0,0.65,high,low,#5ac8c8
07/01/2024,Q2_2425,Camden,Fair treatment,14396.0,0.54,high,low,#5ac8c8
07/01/2024,Q2_2425,Camden,Dealing issues,14396.0,0.52,high,low,#5ac8c8
07/01/2025,Q2_2526,Camden,Good job,13815.0,0.38,high,low,#5ac8c8
07/01/2025,Q2_2526,Camden,Trust MPS,13815.0,0.67,high,low,#5ac8c8
07/01/2025,Q2_2526,Camden,Fair treatment,13815.0,0.53,high,low,#5ac8c8
07/01/2025,Q2_2526,Camden,S&S used fairly,13815.0,0.51,high,low,#5ac8c8
10/01/2021,Q3_2122,Camden,Good job,10566.0,0.49,high,med,#5698b9
10/01/2021,Q3_2122,Camden,Trust MPS,10566.0,0.73,high,low,#5ac8c8
10/01/2021,Q3_2122,Camden,Fair treatment,10566.0,0.56,high,low,#5ac8c8
10/01/2021,Q3_2122,Camden,Dealing issues,10566.0,0.59,high,low,#5ac8c8
10/01/2021,Q3_2122,Camden,Relied on to be there,10566.0,0.58,high,med,#5698b9
10/01/2021,Q3_2122,Camden,Listen to concerns,10566.0,0.66,high,med,#5698b9
10/01/2021,Q3_2122,Camden,Informed local,10566.0,0.37,high,low,#5ac8c8
10/01/2021,Q3_2122,Camden,Contact ward officer,10566.0,0.28,high,med,#5698b9
10/01/2022,Q3_2223,Camden,Good job,11948.0,0.41,high,low,#5ac8c8
10/01/2022,Q3_2223,Camden,Trust MPS,11948.0,0.68,high,low,#5ac8c8
10/01/2022,Q3_2223,Camden,Fair treatment,11948.0,0.47,high,low,#5ac8c8
10/01/2022,Q3_2223,Camden,Dealing issues,11948.0,0.57,high,med,#5698b9
10/01/2023,Q3_2324,Camden,Good job,13904.0,0.48,high,med,#5698b9
10/01/2023,Q3_2324,Camden,Trust MPS,13904.0,0.66,high,low,#5ac8c8
10/01/2023,Q3_2324,Camden,Fair treatment,13904.0,0.52,high,low,#5ac8c8
10/01/2023,Q3_2324,Camden,Dealing issues,13904.0,0.55,high,med,#5698b9
10/01/2024,Q3_2425,Camden,Good job,15457.0,0.39,high,low,#5ac8c8
10/01/2024,Q3_2425,Camden,Trust MPS,15457.0,0.64,high,low,#5ac8c8
10/01/2024,Q3_2425,Camden,Fair treatment,15457.0,0.54,high,low,#5ac8c8
10/01/2024,Q3_2425,Camden,Dealing issues,15457.0,0.48,high,low,#5ac8c8
10/01/2025,Q3_2526,Camden,Good job,13046.0,0.38,high,low,#5ac8c8
10/01/2025,Q3_2526,Camden,Trust MPS,13046.0,0.68,high,low,#5ac8c8
10/01/2025,Q3_2526,Camden,Fair treatment,13046.0,0.52,high,low,#5ac8c8
10/01/2025,Q3_2526,Camden,S&S used fairly,13046.0,0.49,high,low,#5ac8c8
01/01/2022,Q4_2122,Camden,Good job,10452.0,0.46,high,low,#5ac8c8
01/01/2022,Q4_2122,Camden,Trust MPS,10452.0,0.7,high,low,#5ac8c8
01/01/2022,Q4_2122,Camden,Fair treatment,10452.0,0.52,high,low,#5ac8c8
01/01/2022,Q4_2122,Camden,Dealing issues,10452.0,0.58,high,low,#5ac8c8
01/01/2022,Q4_2122,Camden,Relied on to be there,10452.0,0.55,high,med,#5698b9
01/01/2022,Q4_2122,Camden,Listen to concerns,10452.0,0.61,high,med,#5698b9
01/01/2022,Q4_2122,Camden,Informed local,10452.0,0.35,high,low,#5ac8c8
01/01/2022,Q4_2122,Camden,Contact ward officer,10452.0,0.26,high,med,#5698b9
01/01/2023,Q4_2223,Camden,Good job,12110.0,0.44,high,low,#5ac8c8
01/01/2023,Q4_2223,Camden,Trust MPS,12110.0,0.67,high,low,#5ac8c8
01/01/2023,Q4_2223,Camden,Fair treatment,12110.0,0.49,high,low,#5ac8c8
01/01/2023,Q4_2223,Camden,Dealing issues,12110.0,0.58,high,med,#5698b9
01/01/2024,Q4_2324,Camden,Good job,14211.0,0.48,high,med,#5698b9
01/01/2024,Q4_2324,Camden,Trust MPS,14211.0,0.67,high,low,#5ac8c8
01/01/2024,Q4_2324,Camden,Fair treatment,14211.0,0.53,high,low,#5ac8c8
01/01/2024,Q4_2324,Camden,Dealing issues,14211.0,0.56,high,med,#5698b9
01/01/2025,Q4_2425,Camden,Good job,14023.0,0.38,high,low,#5ac8c8
01/01/2025,Q4_2425,Camden,Trust MPS,14023.0,0.65,high,low,#5ac8c8
01/01/2025,Q4_2425,Camden,Fair treatment,14023.0,0.52,high,low,#5ac8c8
01/01/2025,Q4_2425,Camden,Dealing issues,14023.0,0.48,high,low,#5ac8c8
,,,,,,,,
04/01/2021,Q1_2122,Croydon,Good job,10774.0,0.5,high,low,#5ac8c8
04/01/2021,Q1_2122,Croydon,Trust MPS,10774.0,0.76,high,low,#5ac8c8
04/01/2021,Q1_2122,Croydon,Fair treatment,10774.0,0.63,high,low,#5ac8c8
04/01/2021,Q1_2122,Croydon,Dealing issues,10774.0,0.6,high,low,#5ac8c8
04/01/2021,Q1_2122,Croydon,Relied on to be there,10774.0,0.64,high,med,#5698b9
04/01/2021,Q1_2122,Croydon,Listen to concerns,10774.0,0.61,high,low,#5ac8c8
04/01/2021,Q1_2122,Croydon,Informed local,10774.0,0.46,high,high,#3b4994
04/01/2021,Q1_2122,Croydon,Contact ward officer,10774.0,0.26,high,med,#5698b9
04/01/2022,Q1_2223,Croydon,Good job,11189.0,0.38,high,low,#5ac8c8
04/01/2022,Q1_2223,Croydon,Trust MPS,11189.0,0.67,high,low,#5ac8c8
04/01/2022,Q1_2223,Croydon,Fair treatment,11189.0,0.57,high,low,#5ac8c8
04/01/2022,Q1_2223,Croydon,Dealing issues,11189.0,0.55,high,low,#5ac8c8
04/01/2023,Q1_2324,Croydon,Good job,10889.0,0.38,high,low,#5ac8c8
04/01/2023,Q1_2324,Croydon,Trust MPS,10889.0,0.64,high,low,#5ac8c8
04/01/2023,Q1_2324,Croydon,Fair treatment,10889.0,0.58,high,low,#5ac8c8
04/01/2023,Q1_2324,Croydon,Dealing issues,10889.0,0.51,high,low,#5ac8c8
04/01/2024,Q1_2425,Croydon,Good job,11471.0,0.42,high,low,#5ac8c8
04/01/2024,Q1_2425,Croydon,Trust MPS,11471.0,0.69,high,low,#5ac8c8
04/01/2024,Q1_2425,Croydon,Fair treatment,11471.0,0.56,high,low,#5ac8c8
04/01/2024,Q1_2425,Croydon,Dealing issues,11471.0,0.51,high,low,#5ac8c8
04/01/2025,Q1_2526,Croydon,Good job,11674.0,0.41,high,low,#5ac8c8
04/01/2025,Q1_2526,Croydon,Trust MPS,11674.0,0.67,high,low,#5ac8c8
04/01/2025,Q1_2526,Croydon,Fair treatment,11674.0,0.59,high,low,#5ac8c8
04/01/2025,Q1_2526,Croydon,S&S used fairly,11674.0,0.58,high,med,#5698b9
07/01/2021,Q2_2122,Croydon,Good job,10823.0,0.49,high,low,#5ac8c8
07/01/2021,Q2_2122,Croydon,Trust MPS,10823.0,0.75,high,low,#5ac8c8
07/01/2021,Q2_2122,Croydon,Fair treatment,10823.0,0.63,high,low,#5ac8c8
07/01/2021,Q2_2122,Croydon,Dealing issues,10823.0,0.58,high,low,#5ac8c8
07/01/2021,Q2_2122,Croydon,Relied on to be there,10823.0,0.61,high,med,#5698b9
07/01/2021,Q2_2122,Croydon,Listen to concerns,10823.0,0.59,high,low,#5ac8c8
07/01/2021,Q2_2122,Croydon,Informed local,10823.0,0.45,high,high,#3b4994
07/01/2021,Q2_2122,Croydon,Contact ward officer,10823.0,0.27,high,med,#5698b9
07/01/2022,Q2_2223,Croydon,Good job,11447.0,0.38,high,low,#5ac8c8
07/01/2022,Q2_2223,Croydon,Trust MPS,11447.0,0.67,high,low,#5ac8c8
07/01/2022,Q2_2223,Croydon,Fair treatment,11447.0,0.57,high,low,#5ac8c8
07/01/2022,Q2_2223,Croydon,Dealing issues,11447.0,0.56,high,low,#5ac8c8
07/01/2023,Q2_2324,Croydon,Good job,11925.0,0.38,high,low,#5ac8c8
07/01/2023,Q2_2324,Croydon,Trust MPS,11925.0,0.65,high,low,#5ac8c8
07/01/2023,Q2_2324,Croydon,Fair treatment,11925.0,0.58,high,low,#5ac8c8
07/01/2023,Q2_2324,Croydon,Dealing issues,11925.0,0.51,high,low,#5ac8c8
07/01/2024,Q2_2425,Croydon,Good job,12194.0,0.42,high,low,#5ac8c8
07/01/2024,Q2_2425,Croydon,Trust MPS,12194.0,0.68,high,low,#5ac8c8
07/01/2024,Q2_2425,Croydon,Fair treatment,12194.0,0.57,high,low,#5ac8c8
07/01/2024,Q2_2425,Croydon,Dealing issues,12194.0,0.47,high,low,#5ac8c8
07/01/2025,Q2_2526,Croydon,Good job,11704.0,0.44,high,low,#5ac8c8
07/01/2025,Q2_2526,Croydon,Trust MPS,11704.0,0.67,high,low,#5ac8c8
07/01/2025,Q2_2526,Croydon,Fair treatment,11704.0,0.6,high,low,#5ac8c8
07/01/2025,Q2_2526,Croydon,S&S used fairly,11704.0,0.59,high,med,#5698b9
10/01/2021,Q3_2122,Croydon,Good job,11309.0,0.43,high,low,#5ac8c8
10/01/2021,Q3_2122,Croydon,Trust MPS,11309.0,0.75,high,low,#5ac8c8
10/01/2021,Q3_2122,Croydon,Fair treatment,11309.0,0.63,high,med,#5698b9
10/01/2021,Q3_2122,Croydon,Dealing issues,11309.0,0.57,high,low,#5ac8c8
10/01/2021,Q3_2122,Croydon,Relied on to be there,11309.0,0.58,high,med,#5698b9
10/01/2021,Q3_2122,Croydon,Listen to concerns,11309.0,0.59,high,low,#5ac8c8
10/01/2021,Q3_2122,Croydon,Informed local,11309.0,0.41,high,med,#5698b9
10/01/2021,Q3_2122,Croydon,Contact ward officer,11309.0,0.29,high,med,#5698b9
10/01/2022,Q3_2223,Croydon,Good job,10788.0,0.38,high,low,#5ac8c8
10/01/2022,Q3_2223,Croydon,Trust MPS,10788.0,0.62,high,low,#5ac8c8
10/01/2022,Q3_2223,Croydon,Fair treatment,10788.0,0.55,high,low,#5ac8c8
10/01/2022,Q3_2223,Croydon,Dealing issues,10788.0,0.52,high,low,#5ac8c8
10/01/2023,Q3_2324,Croydon,Good job,11539.0,0.38,high,low,#5ac8c8
10/01/2023,Q3_2324,Croydon,Trust MPS,11539.0,0.65,high,low,#5ac8c8
10/01/2023,Q3_2324,Croydon,Fair treatment,11539.0,0.55,high,low,#5ac8c8
10/01/2023,Q3_2324,Croydon,Dealing issues,11539.0,0.52,high,low,#5ac8c8
10/01/2024,Q3_2425,Croydon,Good job,11869.0,0.44,high,med,#5698b9
10/01/2024,Q3_2425,Croydon,Trust MPS,11869.0,0.69,high,low,#5ac8c8
10/01/2024,Q3_2425,Croydon,Fair treatment,11869.0,0.59,high,low,#5ac8c8
10/01/2024,Q3_2425,Croydon,Dealing issues,11869.0,0.47,high,low,#5ac8c8
10/01/2025,Q3_2526,Croydon,Good job,10295.0,0.44,high,low,#5ac8c8
10/01/2025,Q3_2526,Croydon,Trust MPS,10295.0,0.65,high,low,#5ac8c8
10/01/2025,Q3_2526,Croydon,Fair treatment,10295.0,0.57,high,low,#5ac8c8
10/01/2025,Q3_2526,Croydon,S&S used fairly,10295.0,0.56,high,low,#5ac8c8
01/01/2022,Q4_2122,Croydon,Good job,10550.0,0.37,high,low,#5ac8c8
01/01/2022,Q4_2122,Croydon,Trust MPS,10550.0,0.65,high,low,#5ac8c8
01/01/2022,Q4_2122,Croydon,Fair treatment,10550.0,0.56,high,low,#5ac8c8
01/01/2022,Q4_2122,Croydon,Dealing issues,10550.0,0.53,high,low,#5ac8c8
01/01/2022,Q4_2122,Croydon,Relied on to be there,10550.0,0.51,high,low,#5ac8c8
01/01/2022,Q4_2122,Croydon,Listen to concerns,10550.0,0.56,high,low,#5ac8c8
01/01/2022,Q4_2122,Croydon,Informed local,10550.0,0.34,high,low,#5ac8c8
01/01/2022,Q4_2122,Croydon,Contact ward officer,10550.0,0.28,high,med,#5698b9
01/01/2023,Q4_2223,Croydon,Good job,10222.0,0.4,high,low,#5ac8c8
01/01/2023,Q4_2223,Croydon,Trust MPS,10222.0,0.66,high,low,#5ac8c8
01/01/2023,Q4_2223,Croydon,Fair treatment,10222.0,0.59,high,low,#5ac8c8
01/01/2023,Q4_2223,Croydon,Dealing issues,10222.0,0.53,high,low,#5ac8c8
01/01/2024,Q4_2324,Croydon,Good job,11727.0,0.41,high,low,#5ac8c8
01/01/2024,Q4_2324,Croydon,Trust MPS,11727.0,0.7,high,med,#5698b9
01/01/2024,Q4_2324,Croydon,Fair treatment,11727.0,0.57,high,low,#5ac8c8
01/01/2024,Q4_2324,Croydon,Dealing issues,11727.0,0.53,high,low,#5ac8c8
01/01/2025,Q4_2425,Croydon,Good job,11167.0,0.43,high,low,#5ac8c8
01/01/2025,Q4_2425,Croydon,Trust MPS,11167.0,0.66,high,low,#5ac8c8
01/01/2025,Q4_2425,Croydon,Fair treatment,11167.0,0.59,high,low,#5ac8c8
01/01/2025,Q4_2425,Croydon,Dealing issues,11167.0,0.47,high,low,#5ac8c8
04/01/2021,Q1_2122,Ealing,Good job,9548.0,0.53,high,med,#5698b9
04/01/2021,Q1_2122,Ealing,Trust MPS,9548.0,0.79,high,med,#5698b9
04/01/2021,Q1_2122,Ealing,Fair treatment,9548.0,0.71,high,med,#5698b9
04/01/2021,Q1_2122,Ealing,Dealing issues,9548.0,0.69,high,high,#3b4994
04/01/2021,Q1_2122,Ealing,Relied on to be there,9548.0,0.62,high,med,#5698b9
04/01/2021,Q1_2122,Ealing,Listen to concerns,9548.0,0.62,high,low,#5ac8c8
04/01/2021,Q1_2122,Ealing,Informed local,9548.0,0.39,high,low,#5ac8c8
04/01/2021,Q1_2122,Ealing,Contact ward officer,9548.0,0.2,high,low,#5ac8c8
04/01/2022,Q1_2223,Ealing,Good job,9443.0,0.48,high,med,#5698b9
04/01/2022,Q1_2223,Ealing,Trust MPS,9443.0,0.78,high,high,#3b4994
04/01/2022,Q1_2223,Ealing,Fair treatment,9443.0,0.67,high,med,#5698b9
04/01/2022,Q1_2223,Ealing,Dealing issues,9443.0,0.64,high,high,#3b4994
04/01/2023,Q1_2324,Ealing,Good job,9937.0,0.5,med,med,#a5add3
04/01/2023,Q1_2324,Ealing,Trust MPS,9937.0,0.79,med,high,#8c62aa
04/01/2023,Q1_2324,Ealing,Fair treatment,9937.0,0.76,med,high,#8c62aa
04/01/2023,Q1_2324,Ealing,Dealing issues,9937.0,0.69,med,high,#8c62aa
04/01/2024,Q1_2425,Ealing,Good job,9998.0,0.44,med,low,#ace4e4
04/01/2024,Q1_2425,Ealing,Trust MPS,9998.0,0.71,med,med,#a5add3
04/01/2024,Q1_2425,Ealing,Fair treatment,9998.0,0.58,med,low,#ace4e4
04/01/2024,Q1_2425,Ealing,Dealing issues,9998.0,0.57,med,med,#a5add3
04/01/2025,Q1_2526,Ealing,Good job,10557.0,0.38,high,low,#5ac8c8
04/01/2025,Q1_2526,Ealing,Trust MPS,10557.0,0.77,high,high,#3b4994
04/01/2025,Q1_2526,Ealing,Fair treatment,10557.0,0.64,high,med,#5698b9
04/01/2025,Q1_2526,Ealing,S&S used fairly,10557.0,0.61,high,med,#5698b9
07/01/2021,Q2_2122,Ealing,Good job,9481.0,0.49,high,low,#5ac8c8
07/01/2021,Q2_2122,Ealing,Trust MPS,9481.0,0.79,high,med,#5698b9
07/01/2021,Q2_2122,Ealing,Fair treatment,9481.0,0.67,high,med,#5698b9
07/01/2021,Q2_2122,Ealing,Dealing issues,9481.0,0.67,high,med,#5698b9
07/01/2021,Q2_2122,Ealing,Relied on to be there,9481.0,0.59,high,low,#5ac8c8
07/01/2021,Q2_2122,Ealing,Listen to concerns,9481.0,0.61,high,med,#5698b9
07/01/2021,Q2_2122,Ealing,Informed local,9481.0,0.36,high,low,#5ac8c8
07/01/2021,Q2_2122,Ealing,Contact ward officer,9481.0,0.21,high,low,#5ac8c8
07/01/2022,Q2_2223,Ealing,Good job,9408.0,0.5,med,med,#a5add3
07/01/2022,Q2_2223,Ealing,Trust MPS,9408.0,0.77,med,high,#8c62aa
07/01/2022,Q2_2223,Ealing,Fair treatment,9408.0,0.71,med,high,#8c62aa
07/01/2022,Q2_2223,Ealing,Dealing issues,9408.0,0.67,med,high,#8c62aa
07/01/2023,Q2_2324,Ealing,Good job,10835.0,0.48,high,med,#5698b9
07/01/2023,Q2_2324,Ealing,Trust MPS,10835.0,0.77,high,high,#3b4994
07/01/2023,Q2_2324,Ealing,Fair treatment,10835.0,0.71,high,high,#3b4994
07/01/2023,Q2_2324,Ealing,Dealing issues,10835.0,0.65,high,high,#3b4994
07/01/2024,Q2_2425,Ealing,Good job,10290.0,0.39,med,low,#ace4e4
07/01/2024,Q2_2425,Ealing,Trust MPS,10290.0,0.7,med,low,#ace4e4
07/01/2024,Q2_2425,Ealing,Fair treatment,10290.0,0.58,med,low,#ace4e4
07/01/2024,Q2_2425,Ealing,Dealing issues,10290.0,0.56,med,med,#a5add3
07/01/2025,Q2_2526,Ealing,Good job,10456.0,0.43,high,low,#5ac8c8
07/01/2025,Q2_2526,Ealing,Trust MPS,10456.0,0.78,high,high,#3b4994
07/01/2025,Q2_2526,Ealing,Fair treatment,10456.0,0.69,high,med,#5698b9
07/01/2025,Q2_2526,Ealing,S&S used fairly,10456.0,0.67,high,med,#5698b9
10/01/2021,Q3_2122,Ealing,Good job,9438.0,0.45,high,low,#5ac8c8
10/01/2021,Q3_2122,Ealing,Trust MPS,9438.0,0.78,high,med,#5698b9
10/01/2021,Q3_2122,Ealing,Fair treatment,9438.0,0.64,high,med,#5698b9
10/01/2021,Q3_2122,Ealing,Dealing issues,9438.0,0.64,high,med,#5698b9
10/01/2021,Q3_2122,Ealing,Relied on to be there,9438.0,0.58,high,med,#5698b9
10/01/2021,Q3_2122,Ealing,Listen to concerns,9438.0,0.61,high,med,#5698b9
10/01/2021,Q3_2122,Ealing,Informed local,9438.0,0.37,high,low,#5ac8c8
10/01/2021,Q3_2122,Ealing,Contact ward officer,9438.0,0.21,high,low,#5ac8c8
10/01/2022,Q3_2223,Ealing,Good job,9336.0,0.52,high,med,#5698b9
10/01/2022,Q3_2223,Ealing,Trust MPS,9336.0,0.76,high,high,#3b4994
10/01/2022,Q3_2223,Ealing,Fair treatment,9336.0,0.73,high,high,#3b4994
10/01/2022,Q3_2223,Ealing,Dealing issues,9336.0,0.67,high,high,#3b4994
10/01/2023,Q3_2324,Ealing,Good job,10507.0,0.48,high,med,#5698b9
10/01/2023,Q3_2324,Ealing,Trust MPS,10507.0,0.76,high,high,#3b4994
10/01/2023,Q3_2324,Ealing,Fair treatment,10507.0,0.68,high,high,#3b4994
10/01/2023,Q3_2324,Ealing,Dealing issues,10507.0,0.64,high,high,#3b4994
10/01/2024,Q3_2425,Ealing,Good job,10393.0,0.36,med,low,#ace4e4
10/01/2024,Q3_2425,Ealing,Trust MPS,10393.0,0.72,med,med,#a5add3
10/01/2024,Q3_2425,Ealing,Fair treatment,10393.0,0.57,med,low,#ace4e4
10/01/2024,Q3_2425,Ealing,Dealing issues,10393.0,0.52,med,med,#a5add3
10/01/2025,Q3_2526,Ealing,Good job,10403.0,0.45,high,med,#5698b9
10/01/2025,Q3_2526,Ealing,Trust MPS,10403.0,0.76,high,med,#5698b9
10/01/2025,Q3_2526,Ealing,Fair treatment,10403.0,0.7,high,high,#3b4994
10/01/2025,Q3_2526,Ealing,S&S used fairly,10403.0,0.67,high,high,#3b4994
01/01/2022,Q4_2122,Ealing,Good job,8915.0,0.44,med,low,#ace4e4
01/01/2022,Q4_2122,Ealing,Trust MPS,8915.0,0.76,med,med,#a5add3
01/01/2022,Q4_2122,Ealing,Fair treatment,8915.0,0.63,med,med,#a5add3
01/01/2022,Q4_2122,Ealing,Dealing issues,8915.0,0.62,med,med,#a5add3
01/01/2022,Q4_2122,Ealing,Relied on to be there,8915.0,0.57,med,med,#a5add3
01/01/2022,Q4_2122,Ealing,Listen to concerns,8915.0,0.62,med,med,#a5add3
01/01/2022,Q4_2122,Ealing,Informed local,8915.0,0.36,med,low,#ace4e4
01/01/2022,Q4_2122,Ealing,Contact ward officer,8915.0,0.23,med,low,#ace4e4
01/01/2023,Q4_2223,Ealing,Good job,9692.0,0.52,high,med,#5698b9
01/01/2023,Q4_2223,Ealing,Trust MPS,9692.0,0.78,high,high,#3b4994
01/01/2023,Q4_2223,Ealing,Fair treatment,9692.0,0.79,high,high,#3b4994
01/01/2023,Q4_2223,Ealing,Dealing issues,9692.0,0.72,high,high,#3b4994
01/01/2024,Q4_2324,Ealing,Good job,10199.0,0.47,high,med,#5698b9
01/01/2024,Q4_2324,Ealing,Trust MPS,10199.0,0.73,high,med,#5698b9
01/01/2024,Q4_2324,Ealing,Fair treatment,10199.0,0.62,high,med,#5698b9
01/01/2024,Q4_2324,Ealing,Dealing issues,10199.0,0.6,high,high,#3b4994
01/01/2025,Q4_2425,Ealing,Good job,10319.0,0.37,high,low,#5ac8c8
01/01/2025,Q4_2425,Ealing,Trust MPS,10319.0,0.76,high,med,#5698b9
01/01/2025,Q4_2425,Ealing,Fair treatment,10319.0,0.61,high,low,#5ac8c8
01/01/2025,Q4_2425,Ealing,Dealing issues,10319.0,0.55,high,med,#5698b9
04/01/2021,Q1_2122,Enfield,Good job,9720.0,0.52,high,low,#5ac8c8
04/01/2021,Q1_2122,Enfield,Trust MPS,9720.0,0.75,high,low,#5ac8c8
04/01/2021,Q1_2122,Enfield,Fair treatment,9720.0,0.67,high,med,#5698b9
04/01/2021,Q1_2122,Enfield,Dealing issues,9720.0,0.64,high,low,#5ac8c8
04/01/2021,Q1_2122,Enfield,Relied on to be there,9720.0,0.58,high,low,#5ac8c8
04/01/2021,Q1_2122,Enfield,Listen to concerns,9720.0,0.64,high,low,#5ac8c8
04/01/2021,Q1_2122,Enfield,Informed local,9720.0,0.42,high,med,#5698b9
04/01/2021,Q1_2122,Enfield,Contact ward officer,9720.0,0.18,high,low,#5ac8c8
04/01/2022,Q1_2223,Enfield,Good job,9899.0,0.45,high,low,#5ac8c8
04/01/2022,Q1_2223,Enfield,Trust MPS,9899.0,0.68,high,low,#5ac8c8
04/01/2022,Q1_2223,Enfield,Fair treatment,9899.0,0.61,high,med,#5698b9
04/01/2022,Q1_2223,Enfield,Dealing issues,9899.0,0.59,high,med,#5698b9
04/01/2023,Q1_2324,Enfield,Good job,9690.0,0.42,med,low,#ace4e4
04/01/2023,Q1_2324,Enfield,Trust MPS,9690.0,0.7,med,med,#a5add3
04/01/2023,Q1_2324,Enfield,Fair treatment,9690.0,0.66,med,med,#a5add3
04/01/2023,Q1_2324,Enfield,Dealing issues,9690.0,0.55,med,med,#a5add3
04/01/2024,Q1_2425,Enfield,Good job,9803.0,0.45,med,low,#ace4e4
04/01/2024,Q1_2425,Enfield,Trust MPS,9803.0,0.67,med,low,#ace4e4
04/01/2024,Q1_2425,Enfield,Fair treatment,9803.0,0.59,med,med,#a5add3
04/01/2024,Q1_2425,Enfield,Dealing issues,9803.0,0.58,med,med,#a5add3
04/01/2025,Q1_2526,Enfield,Good job,9546.0,0.55,med,high,#8c62aa
04/01/2025,Q1_2526,Enfield,Trust MPS,9546.0,0.81,med,high,#8c62aa
04/01/2025,Q1_2526,Enfield,Fair treatment,9546.0,0.67,med,med,#a5add3
04/01/2025,Q1_2526,Enfield,S&S used fairly,9546.0,0.64,med,med,#a5add3
07/01/2021,Q2_2122,Enfield,Good job,9297.0,0.5,med,med,#a5add3
07/01/2021,Q2_2122,Enfield,Trust MPS,9297.0,0.74,med,low,#ace4e4
07/01/2021,Q2_2122,Enfield,Fair treatment,9297.0,0.64,med,low,#ace4e4
07/01/2021,Q2_2122,Enfield,Dealing issues,9297.0,0.62,med,low,#ace4e4
07/01/2021,Q2_2122,Enfield,Relied on to be there,9297.0,0.58,med,low,#ace4e4
07/01/2021,Q2_2122,Enfield,Listen to concerns,9297.0,0.6,med,low,#ace4e4
07/01/2021,Q2_2122,Enfield,Informed local,9297.0,0.41,med,low,#ace4e4
07/01/2021,Q2_2122,Enfield,Contact ward officer,9297.0,0.19,med,low,#ace4e4
07/01/2022,Q2_2223,Enfield,Good job,9654.0,0.44,high,low,#5ac8c8
07/01/2022,Q2_2223,Enfield,Trust MPS,9654.0,0.67,high,low,#5ac8c8
07/01/2022,Q2_2223,Enfield,Fair treatment,9654.0,0.61,high,med,#5698b9
07/01/2022,Q2_2223,Enfield,Dealing issues,9654.0,0.58,high,low,#5ac8c8
07/01/2023,Q2_2324,Enfield,Good job,9603.0,0.42,med,low,#ace4e4
07/01/2023,Q2_2324,Enfield,Trust MPS,9603.0,0.69,med,med,#a5add3
07/01/2023,Q2_2324,Enfield,Fair treatment,9603.0,0.67,med,med,#a5add3
07/01/2023,Q2_2324,Enfield,Dealing issues,9603.0,0.55,med,med,#a5add3
07/01/2024,Q2_2425,Enfield,Good job,10041.0,0.49,med,med,#a5add3
07/01/2024,Q2_2425,Enfield,Trust MPS,10041.0,0.71,med,med,#a5add3
07/01/2024,Q2_2425,Enfield,Fair treatment,10041.0,0.59,med,med,#a5add3
07/01/2024,Q2_2425,Enfield,Dealing issues,10041.0,0.57,med,med,#a5add3
07/01/2025,Q2_2526,Enfield,Good job,9452.0,0.55,med,high,#8c62aa
07/01/2025,Q2_2526,Enfield,Trust MPS,9452.0,0.79,med,high,#8c62aa
07/01/2025,Q2_2526,Enfield,Fair treatment,9452.0,0.69,med,med,#a5add3
07/01/2025,Q2_2526,Enfield,S&S used fairly,9452.0,0.66,med,med,#a5add3
10/01/2021,Q3_2122,Enfield,Good job,9676.0,0.46,high,low,#5ac8c8
10/01/2021,Q3_2122,Enfield,Trust MPS,9676.0,0.73,high,low,#5ac8c8
10/01/2021,Q3_2122,Enfield,Fair treatment,9676.0,0.62,high,low,#5ac8c8
10/01/2021,Q3_2122,Enfield,Dealing issues,9676.0,0.59,high,low,#5ac8c8
10/01/2021,Q3_2122,Enfield,Relied on to be there,9676.0,0.55,high,low,#5ac8c8
10/01/2021,Q3_2122,Enfield,Listen to concerns,9676.0,0.56,high,low,#5ac8c8
10/01/2021,Q3_2122,Enfield,Informed local,9676.0,0.39,high,low,#5ac8c8
10/01/2021,Q3_2122,Enfield,Contact ward officer,9676.0,0.22,high,low,#5ac8c8
10/01/2022,Q3_2223,Enfield,Good job,9297.0,0.45,med,low,#ace4e4
10/01/2022,Q3_2223,Enfield,Trust MPS,9297.0,0.7,med,med,#a5add3
10/01/2022,Q3_2223,Enfield,Fair treatment,9297.0,0.65,med,med,#a5add3
10/01/2022,Q3_2223,Enfield,Dealing issues,9297.0,0.59,med,med,#a5add3
10/01/2023,Q3_2324,Enfield,Good job,9931.0,0.42,med,low,#ace4e4
10/01/2023,Q3_2324,Enfield,Trust MPS,9931.0,0.66,med,low,#ace4e4
10/01/2023,Q3_2324,Enfield,Fair treatment,9931.0,0.62,med,med,#a5add3
10/01/2023,Q3_2324,Enfield,Dealing issues,9931.0,0.54,med,low,#ace4e4
10/01/2024,Q3_2425,Enfield,Good job,10452.0,0.51,high,high,#3b4994
10/01/2024,Q3_2425,Enfield,Trust MPS,10452.0,0.76,high,med,#5698b9
10/01/2024,Q3_2425,Enfield,Fair treatment,10452.0,0.63,high,med,#5698b9
10/01/2024,Q3_2425,Enfield,Dealing issues,10452.0,0.63,high,high,#3b4994
10/01/2025,Q3_2526,Enfield,Good job,9417.0,0.55,med,high,#8c62aa
10/01/2025,Q3_2526,Enfield,Trust MPS,9417.0,0.74,med,med,#a5add3
10/01/2025,Q3_2526,Enfield,Fair treatment,9417.0,0.68,med,med,#a5add3
10/01/2025,Q3_2526,Enfield,S&S used fairly,9417.0,0.64,med,med,#a5add3
01/01/2022,Q4_2122,Enfield,Good job,9605.0,0.44,high,low,#5ac8c8
01/01/2022,Q4_2122,Enfield,Trust MPS,9605.0,0.7,high,low,#5ac8c8
01/01/2022,Q4_2122,Enfield,Fair treatment,9605.0,0.58,high,low,#5ac8c8
01/01/2022,Q4_2122,Enfield,Dealing issues,9605.0,0.59,high,low,#5ac8c8
01/01/2022,Q4_2122,Enfield,Relied on to be there,9605.0,0.53,high,low,#5ac8c8
01/01/2022,Q4_2122,Enfield,Listen to concerns,9605.0,0.54,high,low,#5ac8c8
01/01/2022,Q4_2122,Enfield,Informed local,9605.0,0.37,high,med,#5698b9
01/01/2022,Q4_2122,Enfield,Contact ward officer,9605.0,0.25,high,low,#5ac8c8
01/01/2023,Q4_2223,Enfield,Good job,9628.0,0.45,high,low,#5ac8c8
01/01/2023,Q4_2223,Enfield,Trust MPS,9628.0,0.7,high,med,#5698b9
01/01/2023,Q4_2223,Enfield,Fair treatment,9628.0,0.65,high,med,#5698b9
01/01/2023,Q4_2223,Enfield,Dealing issues,9628.0,0.56,high,low,#5ac8c8
01/01/2024,Q4_2324,Enfield,Good job,9337.0,0.45,med,low,#ace4e4
01/01/2024,Q4_2324,Enfield,Trust MPS,9337.0,0.67,med,low,#ace4e4
01/01/2024,Q4_2324,Enfield,Fair treatment,9337.0,0.63,med,med,#a5add3
01/01/2024,Q4_2324,Enfield,Dealing issues,9337.0,0.58,med,med,#a5add3
01/01/2025,Q4_2425,Enfield,Good job,9581.0,0.54,med,high,#8c62aa
01/01/2025,Q4_2425,Enfield,Trust MPS,9581.0,0.79,med,high,#8c62aa
01/01/2025,Q4_2425,Enfield,Fair treatment,9581.0,0.65,med,med,#a5add3
01/01/2025,Q4_2425,Enfield,Dealing issues,9581.0,0.65,med,high,#8c62aa
04/01/2021,Q1_2122,Greenwich,Good job,8752.0,0.55,med,med,#a5add3
04/01/2021,Q1_2122,Greenwich,Trust MPS,8752.0,0.75,med,low,#ace4e4
04/01/2021,Q1_2122,Greenwich,Fair treatment,8752.0,0.7,med,med,#a5add3
04/01/2021,Q1_2122,Greenwich,Dealing issues,8752.0,0.68,med,med,#a5add3
04/01/2021,Q1_2122,Greenwich,Relied on to be there,8752.0,0.61,med,low,#ace4e4
04/01/2021,Q1_2122,Greenwich,Listen to concerns,8752.0,0.66,med,med,#a5add3
04/01/2021,Q1_2122,Greenwich,Informed local,8752.0,0.42,med,med,#a5add3
04/01/2021,Q1_2122,Greenwich,Contact ward officer,8752.0,0.23,med,med,#a5add3
04/01/2022,Q1_2223,Greenwich,Good job,8849.0,0.45,med,low,#ace4e4
04/01/2022,Q1_2223,Greenwich,Trust MPS,8849.0,0.68,med,low,#ace4e4
04/01/2022,Q1_2223,Greenwich,Fair treatment,8849.0,0.58,med,low,#ace4e4
04/01/2022,Q1_2223,Greenwich,Dealing issues,8849.0,0.54,med,low,#ace4e4
04/01/2023,Q1_2324,Greenwich,Good job,9687.0,0.46,med,low,#ace4e4
04/01/2023,Q1_2324,Greenwich,Trust MPS,9687.0,0.68,med,med,#a5add3
04/01/2023,Q1_2324,Greenwich,Fair treatment,9687.0,0.62,med,med,#a5add3
04/01/2023,Q1_2324,Greenwich,Dealing issues,9687.0,0.55,med,med,#a5add3
04/01/2024,Q1_2425,Greenwich,Good job,9183.0,0.5,med,high,#8c62aa
04/01/2024,Q1_2425,Greenwich,Trust MPS,9183.0,0.69,med,low,#ace4e4
04/01/2024,Q1_2425,Greenwich,Fair treatment,9183.0,0.61,med,med,#a5add3
04/01/2024,Q1_2425,Greenwich,Dealing issues,9183.0,0.56,med,med,#a5add3
04/01/2025,Q1_2526,Greenwich,Good job,9733.0,0.47,med,med,#a5add3
04/01/2025,Q1_2526,Greenwich,Trust MPS,9733.0,0.74,med,med,#a5add3
04/01/2025,Q1_2526,Greenwich,Fair treatment,9733.0,0.67,med,med,#a5add3
04/01/2025,Q1_2526,Greenwich,S&S used fairly,9733.0,0.61,med,med,#a5add3
07/01/2021,Q2_2122,Greenwich,Good job,8601.0,0.55,med,med,#a5add3
07/01/2021,Q2_2122,Greenwich,Trust MPS,8601.0,0.74,med,low,#ace4e4
07/01/2021,Q2_2122,Greenwich,Fair treatment,8601.0,0.66,med,med,#a5add3
07/01/2021,Q2_2122,Greenwich,Dealing issues,8601.0,0.63,med,med,#a5add3
07/01/2021,Q2_2122,Greenwich,Relied on to be there,8601.0,0.58,med,low,#ace4e4
07/01/2021,Q2_2122,Greenwich,Listen to concerns,8601.0,0.63,med,med,#a5add3
07/01/2021,Q2_2122,Greenwich,Informed local,8601.0,0.42,med,med,#a5add3
07/01/2021,Q2_2122,Greenwich,Contact ward officer,8601.0,0.28,med,med,#a5add3
07/01/2022,Q2_2223,Greenwich,Good job,8617.0,0.45,med,low,#ace4e4
07/01/2022,Q2_2223,Greenwich,Trust MPS,8617.0,0.67,med,low,#ace4e4
07/01/2022,Q2_2223,Greenwich,Fair treatment,8617.0,0.6,med,med,#a5add3
07/01/2022,Q2_2223,Greenwich,Dealing issues,8617.0,0.54,med,low,#ace4e4
07/01/2023,Q2_2324,Greenwich,Good job,9613.0,0.45,med,low,#ace4e4
07/01/2023,Q2_2324,Greenwich,Trust MPS,9613.0,0.67,med,low,#ace4e4
07/01/2023,Q2_2324,Greenwich,Fair treatment,9613.0,0.6,med,med,#a5add3
07/01/2023,Q2_2324,Greenwich,Dealing issues,9613.0,0.52,med,low,#ace4e4
07/01/2024,Q2_2425,Greenwich,Good job,9453.0,0.5,med,high,#8c62aa
07/01/2024,Q2_2425,Greenwich,Trust MPS,9453.0,0.7,med,low,#ace4e4
07/01/2024,Q2_2425,Greenwich,Fair treatment,9453.0,0.62,med,med,#a5add3
07/01/2024,Q2_2425,Greenwich,Dealing issues,9453.0,0.57,med,med,#a5add3
07/01/2025,Q2_2526,Greenwich,Good job,9585.0,0.47,med,med,#a5add3
07/01/2025,Q2_2526,Greenwich,Trust MPS,9585.0,0.74,med,low,#ace4e4
07/01/2025,Q2_2526,Greenwich,Fair treatment,9585.0,0.71,med,high,#8c62aa
07/01/2025,Q2_2526,Greenwich,S&S used fairly,9585.0,0.6,med,med,#a5add3
10/01/2021,Q3_2122,Greenwich,Good job,8583.0,0.5,med,med,#a5add3
10/01/2021,Q3_2122,Greenwich,Trust MPS,8583.0,0.72,med,low,#ace4e4
10/01/2021,Q3_2122,Greenwich,Fair treatment,8583.0,0.64,med,med,#a5add3
10/01/2021,Q3_2122,Greenwich,Dealing issues,8583.0,0.6,med,low,#ace4e4
10/01/2021,Q3_2122,Greenwich,Relied on to be there,8583.0,0.52,med,low,#ace4e4
10/01/2021,Q3_2122,Greenwich,Listen to concerns,8583.0,0.6,med,low,#ace4e4
10/01/2021,Q3_2122,Greenwich,Informed local,8583.0,0.4,med,med,#a5add3
10/01/2021,Q3_2122,Greenwich,Contact ward officer,8583.0,0.32,med,high,#8c62aa
10/01/2022,Q3_2223,Greenwich,Good job,8645.0,0.48,med,med,#a5add3
10/01/2022,Q3_2223,Greenwich,Trust MPS,8645.0,0.68,med,low,#ace4e4
10/01/2022,Q3_2223,Greenwich,Fair treatment,8645.0,0.59,med,med,#a5add3
10/01/2022,Q3_2223,Greenwich,Dealing issues,8645.0,0.54,med,low,#ace4e4
10/01/2023,Q3_2324,Greenwich,Good job,9236.0,0.47,med,med,#a5add3
10/01/2023,Q3_2324,Greenwich,Trust MPS,9236.0,0.68,med,med,#a5add3
10/01/2023,Q3_2324,Greenwich,Fair treatment,9236.0,0.61,med,med,#a5add3
10/01/2023,Q3_2324,Greenwich,Dealing issues,9236.0,0.56,med,med,#a5add3
10/01/2024,Q3_2425,Greenwich,Good job,9471.0,0.48,med,med,#a5add3
10/01/2024,Q3_2425,Greenwich,Trust MPS,9471.0,0.73,med,med,#a5add3
10/01/2024,Q3_2425,Greenwich,Fair treatment,9471.0,0.65,med,med,#a5add3
10/01/2024,Q3_2425,Greenwich,Dealing issues,9471.0,0.56,med,med,#a5add3
10/01/2025,Q3_2526,Greenwich,Good job,8795.0,0.48,med,high,#8c62aa
10/01/2025,Q3_2526,Greenwich,Trust MPS,8795.0,0.7,med,low,#ace4e4
10/01/2025,Q3_2526,Greenwich,Fair treatment,8795.0,0.73,med,high,#8c62aa
10/01/2025,Q3_2526,Greenwich,S&S used fairly,8795.0,0.58,med,med,#a5add3
01/01/2022,Q4_2122,Greenwich,Good job,8487.0,0.45,med,low,#ace4e4
01/01/2022,Q4_2122,Greenwich,Trust MPS,8487.0,0.72,med,low,#ace4e4
01/01/2022,Q4_2122,Greenwich,Fair treatment,8487.0,0.6,med,med,#a5add3
01/01/2022,Q4_2122,Greenwich,Dealing issues,8487.0,0.56,med,low,#ace4e4
01/01/2022,Q4_2122,Greenwich,Relied on to be there,8487.0,0.5,med,low,#ace4e4
01/01/2022,Q4_2122,Greenwich,Listen to concerns,8487.0,0.6,med,med,#a5add3
01/01/2022,Q4_2122,Greenwich,Informed local,8487.0,0.35,med,low,#ace4e4
01/01/2022,Q4_2122,Greenwich,Contact ward officer,8487.0,0.34,med,high,#8c62aa
01/01/2023,Q4_2223,Greenwich,Good job,8454.0,0.5,med,med,#a5add3
01/01/2023,Q4_2223,Greenwich,Trust MPS,8454.0,0.68,med,low,#ace4e4
01/01/2023,Q4_2223,Greenwich,Fair treatment,8454.0,0.62,med,med,#a5add3
01/01/2023,Q4_2223,Greenwich,Dealing issues,8454.0,0.55,med,low,#ace4e4
01/01/2024,Q4_2324,Greenwich,Good job,8689.0,0.46,med,med,#a5add3
01/01/2024,Q4_2324,Greenwich,Trust MPS,8689.0,0.65,med,low,#ace4e4
01/01/2024,Q4_2324,Greenwich,Fair treatment,8689.0,0.59,med,low,#ace4e4
01/01/2024,Q4_2324,Greenwich,Dealing issues,8689.0,0.54,med,low,#ace4e4
01/01/2025,Q4_2425,Greenwich,Good job,8699.0,0.46,med,med,#a5add3
01/01/2025,Q4_2425,Greenwich,Trust MPS,8699.0,0.75,med,med,#a5add3
01/01/2025,Q4_2425,Greenwich,Fair treatment,8699.0,0.67,med,high,#8c62aa
01/01/2025,Q4_2425,Greenwich,Dealing issues,8699.0,0.57,med,high,#8c62aa
04/01/2021,Q1_2122,Hackney,Good job,10379.0,0.49,high,low,#5ac8c8
04/01/2021,Q1_2122,Hackney,Trust MPS,10379.0,0.69,high,low,#5ac8c8
04/01/2021,Q1_2122,Hackney,Fair treatment,10379.0,0.56,high,low,#5ac8c8
04/01/2021,Q1_2122,Hackney,Dealing issues,10379.0,0.57,high,low,#5ac8c8
04/01/2021,Q1_2122,Hackney,Relied on to be there,10379.0,0.61,high,low,#5ac8c8
04/01/2021,Q1_2122,Hackney,Listen to concerns,10379.0,0.59,high,low,#5ac8c8
04/01/2021,Q1_2122,Hackney,Informed local,10379.0,0.33,high,low,#5ac8c8
04/01/2021,Q1_2122,Hackney,Contact ward officer,10379.0,0.26,high,med,#5698b9
04/01/2022,Q1_2223,Hackney,Good job,11068.0,0.45,high,low,#5ac8c8
04/01/2022,Q1_2223,Hackney,Trust MPS,11068.0,0.67,high,low,#5ac8c8
04/01/2022,Q1_2223,Hackney,Fair treatment,11068.0,0.54,high,low,#5ac8c8
04/01/2022,Q1_2223,Hackney,Dealing issues,11068.0,0.58,high,low,#5ac8c8
04/01/2023,Q1_2324,Hackney,Good job,10940.0,0.4,high,low,#5ac8c8
04/01/2023,Q1_2324,Hackney,Trust MPS,10940.0,0.58,high,low,#5ac8c8
04/01/2023,Q1_2324,Hackney,Fair treatment,10940.0,0.48,high,low,#5ac8c8
04/01/2023,Q1_2324,Hackney,Dealing issues,10940.0,0.48,high,low,#5ac8c8
04/01/2024,Q1_2425,Hackney,Good job,11775.0,0.41,high,low,#5ac8c8
04/01/2024,Q1_2425,Hackney,Trust MPS,11775.0,0.65,high,low,#5ac8c8
04/01/2024,Q1_2425,Hackney,Fair treatment,11775.0,0.52,high,low,#5ac8c8
04/01/2024,Q1_2425,Hackney,Dealing issues,11775.0,0.51,high,low,#5ac8c8
04/01/2025,Q1_2526,Hackney,Good job,11530.0,0.41,high,low,#5ac8c8
04/01/2025,Q1_2526,Hackney,Trust MPS,11530.0,0.68,high,low,#5ac8c8
04/01/2025,Q1_2526,Hackney,Fair treatment,11530.0,0.59,high,low,#5ac8c8
04/01/2025,Q1_2526,Hackney,S&S used fairly,11530.0,0.42,high,low,#5ac8c8
07/01/2021,Q2_2122,Hackney,Good job,11025.0,0.48,high,low,#5ac8c8
07/01/2021,Q2_2122,Hackney,Trust MPS,11025.0,0.69,high,low,#5ac8c8
07/01/2021,Q2_2122,Hackney,Fair treatment,11025.0,0.54,high,low,#5ac8c8
07/01/2021,Q2_2122,Hackney,Dealing issues,11025.0,0.56,high,low,#5ac8c8
07/01/2021,Q2_2122,Hackney,Relied on to be there,11025.0,0.61,high,med,#5698b9
07/01/2021,Q2_2122,Hackney,Listen to concerns,11025.0,0.57,high,low,#5ac8c8
07/01/2021,Q2_2122,Hackney,Informed local,11025.0,0.32,high,low,#5ac8c8
07/01/2021,Q2_2122,Hackney,Contact ward officer,11025.0,0.25,high,med,#5698b9
07/01/2022,Q2_2223,Hackney,Good job,10321.0,0.47,high,low,#5ac8c8
07/01/2022,Q2_2223,Hackney,Trust MPS,10321.0,0.67,high,low,#5ac8c8
07/01/2022,Q2_2223,Hackney,Fair treatment,10321.0,0.56,high,low,#5ac8c8
07/01/2022,Q2_2223,Hackney,Dealing issues,10321.0,0.59,high,low,#5ac8c8
07/01/2023,Q2_2324,Hackney,Good job,11356.0,0.4,high,low,#5ac8c8
07/01/2023,Q2_2324,Hackney,Trust MPS,11356.0,0.59,high,low,#5ac8c8
07/01/2023,Q2_2324,Hackney,Fair treatment,11356.0,0.49,high,low,#5ac8c8
07/01/2023,Q2_2324,Hackney,Dealing issues,11356.0,0.48,high,low,#5ac8c8
07/01/2024,Q2_2425,Hackney,Good job,11562.0,0.37,high,low,#5ac8c8
07/01/2024,Q2_2425,Hackney,Trust MPS,11562.0,0.65,high,low,#5ac8c8
07/01/2024,Q2_2425,Hackney,Fair treatment,11562.0,0.52,high,low,#5ac8c8
07/01/2024,Q2_2425,Hackney,Dealing issues,11562.0,0.48,high,low,#5ac8c8
07/01/2025,Q2_2526,Hackney,Good job,12176.0,0.44,high,low,#5ac8c8
07/01/2025,Q2_2526,Hackney,Trust MPS,12176.0,0.65,high,low,#5ac8c8
07/01/2025,Q2_2526,Hackney,Fair treatment,12176.0,0.57,high,low,#5ac8c8
07/01/2025,Q2_2526,Hackney,S&S used fairly,12176.0,0.43,high,low,#5ac8c8
10/01/2021,Q3_2122,Hackney,Good job,11473.0,0.46,high,low,#5ac8c8
10/01/2021,Q3_2122,Hackney,Trust MPS,11473.0,0.67,high,low,#5ac8c8
10/01/2021,Q3_2122,Hackney,Fair treatment,11473.0,0.51,high,low,#5ac8c8
10/01/2021,Q3_2122,Hackney,Dealing issues,11473.0,0.56,high,low,#5ac8c8
10/01/2021,Q3_2122,Hackney,Relied on to be there,11473.0,0.57,high,low,#5ac8c8
10/01/2021,Q3_2122,Hackney,Listen to concerns,11473.0,0.58,high,low,#5ac8c8
10/01/2021,Q3_2122,Hackney,Informed local,11473.0,0.33,high,low,#5ac8c8
10/01/2021,Q3_2122,Hackney,Contact ward officer,11473.0,0.26,high,med,#5698b9
10/01/2022,Q3_2223,Hackney,Good job,10262.0,0.45,high,low,#5ac8c8
10/01/2022,Q3_2223,Hackney,Trust MPS,10262.0,0.65,high,low,#5ac8c8
10/01/2022,Q3_2223,Hackney,Fair treatment,10262.0,0.55,high,low,#5ac8c8
10/01/2022,Q3_2223,Hackney,Dealing issues,10262.0,0.56,high,low,#5ac8c8
10/01/2023,Q3_2324,Hackney,Good job,11663.0,0.41,high,low,#5ac8c8
10/01/2023,Q3_2324,Hackney,Trust MPS,11663.0,0.59,high,low,#5ac8c8
10/01/2023,Q3_2324,Hackney,Fair treatment,11663.0,0.5,high,low,#5ac8c8
10/01/2023,Q3_2324,Hackney,Dealing issues,11663.0,0.49,high,low,#5ac8c8
10/01/2024,Q3_2425,Hackney,Good job,11690.0,0.4,high,low,#5ac8c8
10/01/2024,Q3_2425,Hackney,Trust MPS,11690.0,0.68,high,low,#5ac8c8
10/01/2024,Q3_2425,Hackney,Fair treatment,11690.0,0.55,high,low,#5ac8c8
10/01/2024,Q3_2425,Hackney,Dealing issues,11690.0,0.48,high,low,#5ac8c8
10/01/2025,Q3_2526,Hackney,Good job,10619.0,0.41,high,low,#5ac8c8
10/01/2025,Q3_2526,Hackney,Trust MPS,10619.0,0.59,high,low,#5ac8c8
10/01/2025,Q3_2526,Hackney,Fair treatment,10619.0,0.55,high,low,#5ac8c8
10/01/2025,Q3_2526,Hackney,S&S used fairly,10619.0,0.41,high,low,#5ac8c8
01/01/2022,Q4_2122,Hackney,Good job,10088.0,0.46,high,low,#5ac8c8
01/01/2022,Q4_2122,Hackney,Trust MPS,10088.0,0.68,high,low,#5ac8c8
01/01/2022,Q4_2122,Hackney,Fair treatment,10088.0,0.55,high,low,#5ac8c8
01/01/2022,Q4_2122,Hackney,Dealing issues,10088.0,0.6,high,med,#5698b9
01/01/2022,Q4_2122,Hackney,Relied on to be there,10088.0,0.58,high,med,#5698b9
01/01/2022,Q4_2122,Hackney,Listen to concerns,10088.0,0.61,high,med,#5698b9
01/01/2022,Q4_2122,Hackney,Informed local,10088.0,0.37,high,med,#5698b9
01/01/2022,Q4_2122,Hackney,Contact ward officer,10088.0,0.27,high,med,#5698b9
01/01/2023,Q4_2223,Hackney,Good job,9984.0,0.42,high,low,#5ac8c8
01/01/2023,Q4_2223,Hackney,Trust MPS,9984.0,0.62,high,low,#5ac8c8
01/01/2023,Q4_2223,Hackney,Fair treatment,9984.0,0.51,high,low,#5ac8c8
01/01/2023,Q4_2223,Hackney,Dealing issues,9984.0,0.5,high,low,#5ac8c8
01/01/2024,Q4_2324,Hackney,Good job,11495.0,0.41,high,low,#5ac8c8
01/01/2024,Q4_2324,Hackney,Trust MPS,11495.0,0.59,high,low,#5ac8c8
01/01/2024,Q4_2324,Hackney,Fair treatment,11495.0,0.47,high,low,#5ac8c8
01/01/2024,Q4_2324,Hackney,Dealing issues,11495.0,0.47,high,low,#5ac8c8
01/01/2025,Q4_2425,Hackney,Good job,10421.0,0.41,high,low,#5ac8c8
01/01/2025,Q4_2425,Hackney,Trust MPS,10421.0,0.7,high,low,#5ac8c8
01/01/2025,Q4_2425,Hackney,Fair treatment,10421.0,0.59,high,low,#5ac8c8
01/01/2025,Q4_2425,Hackney,Dealing issues,10421.0,0.49,high,low,#5ac8c8
04/01/2021,Q1_2122,Hammersmith and Fulham,Good job,6403.0,0.6,low,high,#be64ac
04/01/2021,Q1_2122,Hammersmith and Fulham,Trust MPS,6403.0,0.81,low,high,#be64ac
04/01/2021,Q1_2122,Hammersmith and Fulham,Fair treatment,6403.0,0.69,low,med,#dfb0d6
04/01/2021,Q1_2122,Hammersmith and Fulham,Dealing issues,6403.0,0.68,low,med,#dfb0d6
04/01/2021,Q1_2122,Hammersmith and Fulham,Relied on to be there,6403.0,0.67,low,high,#be64ac
04/01/2021,Q1_2122,Hammersmith and Fulham,Listen to concerns,6403.0,0.7,low,high,#be64ac
04/01/2021,Q1_2122,Hammersmith and Fulham,Informed local,6403.0,0.44,low,med,#dfb0d6
04/01/2021,Q1_2122,Hammersmith and Fulham,Contact ward officer,6403.0,0.21,low,low,#e8e8e8
04/01/2022,Q1_2223,Hammersmith and Fulham,Good job,6281.0,0.55,low,high,#be64ac
04/01/2022,Q1_2223,Hammersmith and Fulham,Trust MPS,6281.0,0.75,low,med,#dfb0d6
04/01/2022,Q1_2223,Hammersmith and Fulham,Fair treatment,6281.0,0.62,low,med,#dfb0d6
04/01/2022,Q1_2223,Hammersmith and Fulham,Dealing issues,6281.0,0.64,low,high,#be64ac
04/01/2023,Q1_2324,Hammersmith and Fulham,Good job,7163.0,0.5,low,med,#dfb0d6
04/01/2023,Q1_2324,Hammersmith and Fulham,Trust MPS,7163.0,0.66,low,low,#e8e8e8
04/01/2023,Q1_2324,Hammersmith and Fulham,Fair treatment,7163.0,0.59,low,low,#e8e8e8
04/01/2023,Q1_2324,Hammersmith and Fulham,Dealing issues,7163.0,0.54,low,low,#e8e8e8
04/01/2024,Q1_2425,Hammersmith and Fulham,Good job,6566.0,0.51,low,high,#be64ac
04/01/2024,Q1_2425,Hammersmith and Fulham,Trust MPS,6566.0,0.74,low,med,#dfb0d6
04/01/2024,Q1_2425,Hammersmith and Fulham,Fair treatment,6566.0,0.64,low,med,#dfb0d6
04/01/2024,Q1_2425,Hammersmith and Fulham,Dealing issues,6566.0,0.65,low,high,#be64ac
04/01/2025,Q1_2526,Hammersmith and Fulham,Good job,7326.0,0.49,low,high,#be64ac
04/01/2025,Q1_2526,Hammersmith and Fulham,Trust MPS,7326.0,0.76,low,med,#dfb0d6
04/01/2025,Q1_2526,Hammersmith and Fulham,Fair treatment,7326.0,0.64,low,med,#dfb0d6
04/01/2025,Q1_2526,Hammersmith and Fulham,S&S used fairly,7326.0,0.6,low,med,#dfb0d6
07/01/2021,Q2_2122,Hammersmith and Fulham,Good job,6441.0,0.57,low,high,#be64ac
07/01/2021,Q2_2122,Hammersmith and Fulham,Trust MPS,6441.0,0.78,low,med,#dfb0d6
07/01/2021,Q2_2122,Hammersmith and Fulham,Fair treatment,6441.0,0.67,low,med,#dfb0d6
07/01/2021,Q2_2122,Hammersmith and Fulham,Dealing issues,6441.0,0.67,low,med,#dfb0d6
07/01/2021,Q2_2122,Hammersmith and Fulham,Relied on to be there,6441.0,0.64,low,high,#be64ac
07/01/2021,Q2_2122,Hammersmith and Fulham,Listen to concerns,6441.0,0.7,low,high,#be64ac
07/01/2021,Q2_2122,Hammersmith and Fulham,Informed local,6441.0,0.44,low,med,#dfb0d6
07/01/2021,Q2_2122,Hammersmith and Fulham,Contact ward officer,6441.0,0.23,low,low,#e8e8e8
07/01/2022,Q2_2223,Hammersmith and Fulham,Good job,6527.0,0.55,low,high,#be64ac
07/01/2022,Q2_2223,Hammersmith and Fulham,Trust MPS,6527.0,0.74,low,med,#dfb0d6
07/01/2022,Q2_2223,Hammersmith and Fulham,Fair treatment,6527.0,0.61,low,med,#dfb0d6
07/01/2022,Q2_2223,Hammersmith and Fulham,Dealing issues,6527.0,0.61,low,med,#dfb0d6
07/01/2023,Q2_2324,Hammersmith and Fulham,Good job,7159.0,0.48,low,med,#dfb0d6
07/01/2023,Q2_2324,Hammersmith and Fulham,Trust MPS,7159.0,0.7,low,med,#dfb0d6
07/01/2023,Q2_2324,Hammersmith and Fulham,Fair treatment,7159.0,0.59,low,med,#dfb0d6
07/01/2023,Q2_2324,Hammersmith and Fulham,Dealing issues,7159.0,0.57,low,med,#dfb0d6
07/01/2024,Q2_2425,Hammersmith and Fulham,Good job,7079.0,0.52,low,high,#be64ac
07/01/2024,Q2_2425,Hammersmith and Fulham,Trust MPS,7079.0,0.73,low,med,#dfb0d6
07/01/2024,Q2_2425,Hammersmith and Fulham,Fair treatment,7079.0,0.64,low,med,#dfb0d6
07/01/2024,Q2_2425,Hammersmith and Fulham,Dealing issues,7079.0,0.63,low,high,#be64ac
07/01/2025,Q2_2526,Hammersmith and Fulham,Good job,6841.0,0.49,low,high,#be64ac
07/01/2025,Q2_2526,Hammersmith and Fulham,Trust MPS,6841.0,0.77,low,med,#dfb0d6
07/01/2025,Q2_2526,Hammersmith and Fulham,Fair treatment,6841.0,0.67,low,med,#dfb0d6
07/01/2025,Q2_2526,Hammersmith and Fulham,S&S used fairly,6841.0,0.63,low,med,#dfb0d6
10/01/2021,Q3_2122,Hammersmith and Fulham,Good job,6462.0,0.55,low,high,#be64ac
10/01/2021,Q3_2122,Hammersmith and Fulham,Trust MPS,6462.0,0.79,low,med,#dfb0d6
10/01/2021,Q3_2122,Hammersmith and Fulham,Fair treatment,6462.0,0.68,low,med,#dfb0d6
10/01/2021,Q3_2122,Hammersmith and Fulham,Dealing issues,6462.0,0.66,low,high,#be64ac
10/01/2021,Q3_2122,Hammersmith and Fulham,Relied on to be there,6462.0,0.65,low,high,#be64ac
10/01/2021,Q3_2122,Hammersmith and Fulham,Listen to concerns,6462.0,0.69,low,high,#be64ac
10/01/2021,Q3_2122,Hammersmith and Fulham,Informed local,6462.0,0.44,low,high,#be64ac
10/01/2021,Q3_2122,Hammersmith and Fulham,Contact ward officer,6462.0,0.22,low,low,#e8e8e8
10/01/2022,Q3_2223,Hammersmith and Fulham,Good job,6079.0,0.5,low,med,#dfb0d6
10/01/2022,Q3_2223,Hammersmith and Fulham,Trust MPS,6079.0,0.69,low,med,#dfb0d6
10/01/2022,Q3_2223,Hammersmith and Fulham,Fair treatment,6079.0,0.56,low,low,#e8e8e8
10/01/2022,Q3_2223,Hammersmith and Fulham,Dealing issues,6079.0,0.56,low,low,#e8e8e8
10/01/2023,Q3_2324,Hammersmith and Fulham,Good job,7322.0,0.51,low,high,#be64ac
10/01/2023,Q3_2324,Hammersmith and Fulham,Trust MPS,7322.0,0.7,low,med,#dfb0d6
10/01/2023,Q3_2324,Hammersmith and Fulham,Fair treatment,7322.0,0.61,low,med,#dfb0d6
10/01/2023,Q3_2324,Hammersmith and Fulham,Dealing issues,7322.0,0.62,low,high,#be64ac
10/01/2024,Q3_2425,Hammersmith and Fulham,Good job,7288.0,0.51,low,high,#be64ac
10/01/2024,Q3_2425,Hammersmith and Fulham,Trust MPS,7288.0,0.74,low,med,#dfb0d6
10/01/2024,Q3_2425,Hammersmith and Fulham,Fair treatment,7288.0,0.64,low,med,#dfb0d6
10/01/2024,Q3_2425,Hammersmith and Fulham,Dealing issues,7288.0,0.58,low,high,#be64ac
10/01/2025,Q3_2526,Hammersmith and Fulham,Good job,6447.0,0.46,low,med,#dfb0d6
10/01/2025,Q3_2526,Hammersmith and Fulham,Trust MPS,6447.0,0.75,low,med,#dfb0d6
10/01/2025,Q3_2526,Hammersmith and Fulham,Fair treatment,6447.0,0.64,low,med,#dfb0d6
10/01/2025,Q3_2526,Hammersmith and Fulham,S&S used fairly,6447.0,0.59,low,med,#dfb0d6
01/01/2022,Q4_2122,Hammersmith and Fulham,Good job,5874.0,0.51,low,med,#dfb0d6
01/01/2022,Q4_2122,Hammersmith and Fulham,Trust MPS,5874.0,0.76,low,med,#dfb0d6
01/01/2022,Q4_2122,Hammersmith and Fulham,Fair treatment,5874.0,0.63,low,med,#dfb0d6
01/01/2022,Q4_2122,Hammersmith and Fulham,Dealing issues,5874.0,0.64,low,high,#be64ac
01/01/2022,Q4_2122,Hammersmith and Fulham,Relied on to be there,5874.0,0.65,low,high,#be64ac
01/01/2022,Q4_2122,Hammersmith and Fulham,Listen to concerns,5874.0,0.65,low,high,#be64ac
01/01/2022,Q4_2122,Hammersmith and Fulham,Informed local,5874.0,0.4,low,med,#dfb0d6
01/01/2022,Q4_2122,Hammersmith and Fulham,Contact ward officer,5874.0,0.22,low,low,#e8e8e8
01/01/2023,Q4_2223,Hammersmith and Fulham,Good job,6322.0,0.53,low,high,#be64ac
01/01/2023,Q4_2223,Hammersmith and Fulham,Trust MPS,6322.0,0.7,low,med,#dfb0d6
01/01/2023,Q4_2223,Hammersmith and Fulham,Fair treatment,6322.0,0.62,low,med,#dfb0d6
01/01/2023,Q4_2223,Hammersmith and Fulham,Dealing issues,6322.0,0.57,low,med,#dfb0d6
01/01/2024,Q4_2324,Hammersmith and Fulham,Good job,7057.0,0.54,low,high,#be64ac
01/01/2024,Q4_2324,Hammersmith and Fulham,Trust MPS,7057.0,0.73,low,med,#dfb0d6
01/01/2024,Q4_2324,Hammersmith and Fulham,Fair treatment,7057.0,0.63,low,med,#dfb0d6
01/01/2024,Q4_2324,Hammersmith and Fulham,Dealing issues,7057.0,0.64,low,high,#be64ac
01/01/2025,Q4_2425,Hammersmith and Fulham,Good job,6622.0,0.46,low,med,#dfb0d6
01/01/2025,Q4_2425,Hammersmith and Fulham,Trust MPS,6622.0,0.75,low,med,#dfb0d6
01/01/2025,Q4_2425,Hammersmith and Fulham,Fair treatment,6622.0,0.62,low,med,#dfb0d6
01/01/2025,Q4_2425,Hammersmith and Fulham,Dealing issues,6622.0,0.56,low,med,#dfb0d6
04/01/2021,Q1_2122,Haringey,Good job,9774.0,0.53,high,med,#5698b9
04/01/2021,Q1_2122,Haringey,Trust MPS,9774.0,0.75,high,low,#5ac8c8
04/01/2021,Q1_2122,Haringey,Fair treatment,9774.0,0.66,high,low,#5ac8c8
04/01/2021,Q1_2122,Haringey,Dealing issues,9774.0,0.64,high,low,#5ac8c8
04/01/2021,Q1_2122,Haringey,Relied on to be there,9774.0,0.61,high,low,#5ac8c8
04/01/2021,Q1_2122,Haringey,Listen to concerns,9774.0,0.67,high,med,#5698b9
04/01/2021,Q1_2122,Haringey,Informed local,9774.0,0.43,high,med,#5698b9
04/01/2021,Q1_2122,Haringey,Contact ward officer,9774.0,0.21,high,low,#5ac8c8
04/01/2022,Q1_2223,Haringey,Good job,9424.0,0.49,med,med,#a5add3
04/01/2022,Q1_2223,Haringey,Trust MPS,9424.0,0.68,med,low,#ace4e4
04/01/2022,Q1_2223,Haringey,Fair treatment,9424.0,0.53,med,low,#ace4e4
04/01/2022,Q1_2223,Haringey,Dealing issues,9424.0,0.57,med,low,#ace4e4
04/01/2023,Q1_2324,Haringey,Good job,10041.0,0.44,high,low,#5ac8c8
04/01/2023,Q1_2324,Haringey,Trust MPS,10041.0,0.62,high,low,#5ac8c8
04/01/2023,Q1_2324,Haringey,Fair treatment,10041.0,0.53,high,low,#5ac8c8
04/01/2023,Q1_2324,Haringey,Dealing issues,10041.0,0.53,high,low,#5ac8c8
04/01/2024,Q1_2425,Haringey,Good job,9722.0,0.41,med,low,#ace4e4
04/01/2024,Q1_2425,Haringey,Trust MPS,9722.0,0.58,med,low,#ace4e4
04/01/2024,Q1_2425,Haringey,Fair treatment,9722.0,0.51,med,low,#ace4e4
04/01/2024,Q1_2425,Haringey,Dealing issues,9722.0,0.51,med,low,#ace4e4
04/01/2025,Q1_2526,Haringey,Good job,10292.0,0.45,med,med,#a5add3
04/01/2025,Q1_2526,Haringey,Trust MPS,10292.0,0.74,med,med,#a5add3
04/01/2025,Q1_2526,Haringey,Fair treatment,10292.0,0.62,med,low,#ace4e4
04/01/2025,Q1_2526,Haringey,S&S used fairly,10292.0,0.47,med,low,#ace4e4
07/01/2021,Q2_2122,Haringey,Good job,9855.0,0.51,high,med,#5698b9
07/01/2021,Q2_2122,Haringey,Trust MPS,9855.0,0.73,high,low,#5ac8c8
07/01/2021,Q2_2122,Haringey,Fair treatment,9855.0,0.63,high,low,#5ac8c8
07/01/2021,Q2_2122,Haringey,Dealing issues,9855.0,0.62,high,low,#5ac8c8
07/01/2021,Q2_2122,Haringey,Relied on to be there,9855.0,0.6,high,low,#5ac8c8
07/01/2021,Q2_2122,Haringey,Listen to concerns,9855.0,0.65,high,med,#5698b9
07/01/2021,Q2_2122,Haringey,Informed local,9855.0,0.41,high,low,#5ac8c8
07/01/2021,Q2_2122,Haringey,Contact ward officer,9855.0,0.25,high,med,#5698b9
07/01/2022,Q2_2223,Haringey,Good job,9456.0,0.5,high,med,#5698b9
07/01/2022,Q2_2223,Haringey,Trust MPS,9456.0,0.67,high,low,#5ac8c8
07/01/2022,Q2_2223,Haringey,Fair treatment,9456.0,0.53,high,low,#5ac8c8
07/01/2022,Q2_2223,Haringey,Dealing issues,9456.0,0.57,high,low,#5ac8c8
07/01/2023,Q2_2324,Haringey,Good job,10222.0,0.41,med,low,#ace4e4
07/01/2023,Q2_2324,Haringey,Trust MPS,10222.0,0.59,med,low,#ace4e4
07/01/2023,Q2_2324,Haringey,Fair treatment,10222.0,0.52,med,low,#ace4e4
07/01/2023,Q2_2324,Haringey,Dealing issues,10222.0,0.51,med,low,#ace4e4
07/01/2024,Q2_2425,Haringey,Good job,9939.0,0.43,med,med,#a5add3
07/01/2024,Q2_2425,Haringey,Trust MPS,9939.0,0.64,med,low,#ace4e4
07/01/2024,Q2_2425,Haringey,Fair treatment,9939.0,0.54,med,low,#ace4e4
07/01/2024,Q2_2425,Haringey,Dealing issues,9939.0,0.52,med,low,#ace4e4
07/01/2025,Q2_2526,Haringey,Good job,10315.0,0.44,med,low,#ace4e4
07/01/2025,Q2_2526,Haringey,Trust MPS,10315.0,0.74,med,low,#ace4e4
07/01/2025,Q2_2526,Haringey,Fair treatment,10315.0,0.6,med,low,#ace4e4
07/01/2025,Q2_2526,Haringey,S&S used fairly,10315.0,0.48,med,low,#ace4e4
10/01/2021,Q3_2122,Haringey,Good job,9516.0,0.5,high,med,#5698b9
10/01/2021,Q3_2122,Haringey,Trust MPS,9516.0,0.7,high,low,#5ac8c8
10/01/2021,Q3_2122,Haringey,Fair treatment,9516.0,0.57,high,low,#5ac8c8
10/01/2021,Q3_2122,Haringey,Dealing issues,9516.0,0.56,high,low,#5ac8c8
10/01/2021,Q3_2122,Haringey,Relied on to be there,9516.0,0.52,high,low,#5ac8c8
10/01/2021,Q3_2122,Haringey,Listen to concerns,9516.0,0.59,high,low,#5ac8c8
10/01/2021,Q3_2122,Haringey,Informed local,9516.0,0.39,high,low,#5ac8c8
10/01/2021,Q3_2122,Haringey,Contact ward officer,9516.0,0.26,high,med,#5698b9
10/01/2022,Q3_2223,Haringey,Good job,8990.0,0.49,med,med,#a5add3
10/01/2022,Q3_2223,Haringey,Trust MPS,8990.0,0.67,med,low,#ace4e4
10/01/2022,Q3_2223,Haringey,Fair treatment,8990.0,0.55,med,low,#ace4e4
10/01/2022,Q3_2223,Haringey,Dealing issues,8990.0,0.59,med,med,#a5add3
10/01/2023,Q3_2324,Haringey,Good job,10237.0,0.4,med,low,#ace4e4
10/01/2023,Q3_2324,Haringey,Trust MPS,10237.0,0.59,med,low,#ace4e4
10/01/2023,Q3_2324,Haringey,Fair treatment,10237.0,0.53,med,low,#ace4e4
10/01/2023,Q3_2324,Haringey,Dealing issues,10237.0,0.51,med,low,#ace4e4
10/01/2024,Q3_2425,Haringey,Good job,9623.0,0.46,med,med,#a5add3
10/01/2024,Q3_2425,Haringey,Trust MPS,9623.0,0.68,med,low,#ace4e4
10/01/2024,Q3_2425,Haringey,Fair treatment,9623.0,0.57,med,low,#ace4e4
10/01/2024,Q3_2425,Haringey,Dealing issues,9623.0,0.54,med,med,#a5add3
10/01/2025,Q3_2526,Haringey,Good job,9207.0,0.41,med,low,#ace4e4
10/01/2025,Q3_2526,Haringey,Trust MPS,9207.0,0.69,med,low,#ace4e4
10/01/2025,Q3_2526,Haringey,Fair treatment,9207.0,0.55,med,low,#ace4e4
10/01/2025,Q3_2526,Haringey,S&S used fairly,9207.0,0.47,med,low,#ace4e4
01/01/2022,Q4_2122,Haringey,Good job,9032.0,0.49,high,med,#5698b9
01/01/2022,Q4_2122,Haringey,Trust MPS,9032.0,0.68,high,low,#5ac8c8
01/01/2022,Q4_2122,Haringey,Fair treatment,9032.0,0.56,high,low,#5ac8c8
01/01/2022,Q4_2122,Haringey,Dealing issues,9032.0,0.55,high,low,#5ac8c8
01/01/2022,Q4_2122,Haringey,Relied on to be there,9032.0,0.51,high,low,#5ac8c8
01/01/2022,Q4_2122,Haringey,Listen to concerns,9032.0,0.57,high,low,#5ac8c8
01/01/2022,Q4_2122,Haringey,Informed local,9032.0,0.36,high,low,#5ac8c8
01/01/2022,Q4_2122,Haringey,Contact ward officer,9032.0,0.24,high,low,#5ac8c8
01/01/2023,Q4_2223,Haringey,Good job,9672.0,0.46,high,low,#5ac8c8
01/01/2023,Q4_2223,Haringey,Trust MPS,9672.0,0.66,high,low,#5ac8c8
01/01/2023,Q4_2223,Haringey,Fair treatment,9672.0,0.52,high,low,#5ac8c8
01/01/2023,Q4_2223,Haringey,Dealing issues,9672.0,0.56,high,low,#5ac8c8
01/01/2024,Q4_2324,Haringey,Good job,9101.0,0.41,med,low,#ace4e4
01/01/2024,Q4_2324,Haringey,Trust MPS,9101.0,0.57,med,low,#ace4e4
01/01/2024,Q4_2324,Haringey,Fair treatment,9101.0,0.52,med,low,#ace4e4
01/01/2024,Q4_2324,Haringey,Dealing issues,9101.0,0.49,med,low,#ace4e4
01/01/2025,Q4_2425,Haringey,Good job,9170.0,0.44,med,med,#a5add3
01/01/2025,Q4_2425,Haringey,Trust MPS,9170.0,0.72,med,low,#ace4e4
01/01/2025,Q4_2425,Haringey,Fair treatment,9170.0,0.59,med,low,#ace4e4
01/01/2025,Q4_2425,Haringey,Dealing issues,9170.0,0.56,med,med,#a5add3
04/01/2021,Q1_2122,Harrow,Good job,4780.0,0.52,low,low,#e8e8e8
04/01/2021,Q1_2122,Harrow,Trust MPS,4780.0,0.83,low,high,#be64ac
04/01/2021,Q1_2122,Harrow,Fair treatment,4780.0,0.78,low,high,#be64ac
04/01/2021,Q1_2122,Harrow,Dealing issues,4780.0,0.71,low,high,#be64ac
04/01/2021,Q1_2122,Harrow,Relied on to be there,4780.0,0.63,low,med,#dfb0d6
04/01/2021,Q1_2122,Harrow,Listen to concerns,4780.0,0.67,low,med,#dfb0d6
04/01/2021,Q1_2122,Harrow,Informed local,4780.0,0.46,low,high,#be64ac
04/01/2021,Q1_2122,Harrow,Contact ward officer,4780.0,0.27,low,high,#be64ac
04/01/2022,Q1_2223,Harrow,Good job,4725.0,0.49,low,med,#dfb0d6
04/01/2022,Q1_2223,Harrow,Trust MPS,4725.0,0.77,low,high,#be64ac
04/01/2022,Q1_2223,Harrow,Fair treatment,4725.0,0.7,low,high,#be64ac
04/01/2022,Q1_2223,Harrow,Dealing issues,4725.0,0.58,low,low,#e8e8e8
04/01/2023,Q1_2324,Harrow,Good job,5175.0,0.63,low,high,#be64ac
04/01/2023,Q1_2324,Harrow,Trust MPS,5175.0,0.82,low,high,#be64ac
04/01/2023,Q1_2324,Harrow,Fair treatment,5175.0,0.85,low,high,#be64ac
04/01/2023,Q1_2324,Harrow,Dealing issues,5175.0,0.78,low,high,#be64ac
04/01/2024,Q1_2425,Harrow,Good job,5084.0,0.55,low,high,#be64ac
04/01/2024,Q1_2425,Harrow,Trust MPS,5084.0,0.78,low,high,#be64ac
04/01/2024,Q1_2425,Harrow,Fair treatment,5084.0,0.69,low,high,#be64ac
04/01/2024,Q1_2425,Harrow,Dealing issues,5084.0,0.67,low,high,#be64ac
04/01/2025,Q1_2526,Harrow,Good job,5583.0,0.48,low,high,#be64ac
04/01/2025,Q1_2526,Harrow,Trust MPS,5583.0,0.76,low,med,#dfb0d6
04/01/2025,Q1_2526,Harrow,Fair treatment,5583.0,0.68,low,high,#be64ac
04/01/2025,Q1_2526,Harrow,S&S used fairly,5583.0,0.76,low,high,#be64ac
07/01/2021,Q2_2122,Harrow,Good job,4982.0,0.51,low,med,#dfb0d6
07/01/2021,Q2_2122,Harrow,Trust MPS,4982.0,0.82,low,high,#be64ac
07/01/2021,Q2_2122,Harrow,Fair treatment,4982.0,0.77,low,high,#be64ac
07/01/2021,Q2_2122,Harrow,Dealing issues,4982.0,0.67,low,med,#dfb0d6
07/01/2021,Q2_2122,Harrow,Relied on to be there,4982.0,0.63,low,med,#dfb0d6
07/01/2021,Q2_2122,Harrow,Listen to concerns,4982.0,0.63,low,med,#dfb0d6
07/01/2021,Q2_2122,Harrow,Informed local,4982.0,0.43,low,med,#dfb0d6
07/01/2021,Q2_2122,Harrow,Contact ward officer,4982.0,0.28,low,med,#dfb0d6
07/01/2022,Q2_2223,Harrow,Good job,4965.0,0.53,low,med,#dfb0d6
07/01/2022,Q2_2223,Harrow,Trust MPS,4965.0,0.78,low,high,#be64ac
07/01/2022,Q2_2223,Harrow,Fair treatment,4965.0,0.74,low,high,#be64ac
07/01/2022,Q2_2223,Harrow,Dealing issues,4965.0,0.64,low,high,#be64ac
07/01/2023,Q2_2324,Harrow,Good job,4941.0,0.62,low,high,#be64ac
07/01/2023,Q2_2324,Harrow,Trust MPS,4941.0,0.82,low,high,#be64ac
07/01/2023,Q2_2324,Harrow,Fair treatment,4941.0,0.81,low,high,#be64ac
07/01/2023,Q2_2324,Harrow,Dealing issues,4941.0,0.76,low,high,#be64ac
07/01/2024,Q2_2425,Harrow,Good job,5599.0,0.52,low,high,#be64ac
07/01/2024,Q2_2425,Harrow,Trust MPS,5599.0,0.79,low,high,#be64ac
07/01/2024,Q2_2425,Harrow,Fair treatment,5599.0,0.69,low,high,#be64ac
07/01/2024,Q2_2425,Harrow,Dealing issues,5599.0,0.67,low,high,#be64ac
07/01/2025,Q2_2526,Harrow,Good job,5650.0,0.48,low,high,#be64ac
07/01/2025,Q2_2526,Harrow,Trust MPS,5650.0,0.75,low,med,#dfb0d6
07/01/2025,Q2_2526,Harrow,Fair treatment,5650.0,0.67,low,med,#dfb0d6
07/01/2025,Q2_2526,Harrow,S&S used fairly,5650.0,0.75,low,high,#be64ac
10/01/2021,Q3_2122,Harrow,Good job,5089.0,0.47,low,low,#e8e8e8
10/01/2021,Q3_2122,Harrow,Trust MPS,5089.0,0.81,low,high,#be64ac
10/01/2021,Q3_2122,Harrow,Fair treatment,5089.0,0.71,low,high,#be64ac
10/01/2021,Q3_2122,Harrow,Dealing issues,5089.0,0.63,low,med,#dfb0d6
10/01/2021,Q3_2122,Harrow,Relied on to be there,5089.0,0.62,low,med,#dfb0d6
10/01/2021,Q3_2122,Harrow,Listen to concerns,5089.0,0.61,low,med,#dfb0d6
10/01/2021,Q3_2122,Harrow,Informed local,5089.0,0.45,low,high,#be64ac
10/01/2021,Q3_2122,Harrow,Contact ward officer,5089.0,0.31,low,high,#be64ac
10/01/2022,Q3_2223,Harrow,Good job,5115.0,0.59,low,high,#be64ac
10/01/2022,Q3_2223,Harrow,Trust MPS,5115.0,0.79,low,high,#be64ac
10/01/2022,Q3_2223,Harrow,Fair treatment,5115.0,0.79,low,high,#be64ac
10/01/2022,Q3_2223,Harrow,Dealing issues,5115.0,0.68,low,high,#be64ac
10/01/2023,Q3_2324,Harrow,Good job,5146.0,0.61,low,high,#be64ac
10/01/2023,Q3_2324,Harrow,Trust MPS,5146.0,0.82,low,high,#be64ac
10/01/2023,Q3_2324,Harrow,Fair treatment,5146.0,0.78,low,high,#be64ac
10/01/2023,Q3_2324,Harrow,Dealing issues,5146.0,0.74,low,high,#be64ac
10/01/2024,Q3_2425,Harrow,Good job,6069.0,0.49,low,high,#be64ac
10/01/2024,Q3_2425,Harrow,Trust MPS,6069.0,0.77,low,high,#be64ac
10/01/2024,Q3_2425,Harrow,Fair treatment,6069.0,0.68,low,high,#be64ac
10/01/2024,Q3_2425,Harrow,Dealing issues,6069.0,0.64,low,high,#be64ac
10/01/2025,Q3_2526,Harrow,Good job,5470.0,0.51,low,high,#be64ac
10/01/2025,Q3_2526,Harrow,Trust MPS,5470.0,0.78,low,high,#be64ac
10/01/2025,Q3_2526,Harrow,Fair treatment,5470.0,0.69,low,med,#dfb0d6
10/01/2025,Q3_2526,Harrow,S&S used fairly,5470.0,0.75,low,high,#be64ac
01/01/2022,Q4_2122,Harrow,Good job,4744.0,0.48,low,med,#dfb0d6
01/01/2022,Q4_2122,Harrow,Trust MPS,4744.0,0.79,low,high,#be64ac
01/01/2022,Q4_2122,Harrow,Fair treatment,4744.0,0.68,low,high,#be64ac
01/01/2022,Q4_2122,Harrow,Dealing issues,4744.0,0.6,low,med,#dfb0d6
01/01/2022,Q4_2122,Harrow,Relied on to be there,4744.0,0.61,low,high,#be64ac
01/01/2022,Q4_2122,Harrow,Listen to concerns,4744.0,0.59,low,low,#e8e8e8
01/01/2022,Q4_2122,Harrow,Informed local,4744.0,0.42,low,high,#be64ac
01/01/2022,Q4_2122,Harrow,Contact ward officer,4744.0,0.3,low,high,#be64ac
01/01/2023,Q4_2223,Harrow,Good job,4853.0,0.63,low,high,#be64ac
01/01/2023,Q4_2223,Harrow,Trust MPS,4853.0,0.82,low,high,#be64ac
01/01/2023,Q4_2223,Harrow,Fair treatment,4853.0,0.86,low,high,#be64ac
01/01/2023,Q4_2223,Harrow,Dealing issues,4853.0,0.76,low,high,#be64ac
01/01/2024,Q4_2324,Harrow,Good job,5298.0,0.56,low,high,#be64ac
01/01/2024,Q4_2324,Harrow,Trust MPS,5298.0,0.78,low,high,#be64ac
01/01/2024,Q4_2324,Harrow,Fair treatment,5298.0,0.72,low,high,#be64ac
01/01/2024,Q4_2324,Harrow,Dealing issues,5298.0,0.69,low,high,#be64ac
01/01/2025,Q4_2425,Harrow,Good job,5269.0,0.49,low,high,#be64ac
01/01/2025,Q4_2425,Harrow,Trust MPS,5269.0,0.76,low,med,#dfb0d6
01/01/2025,Q4_2425,Harrow,Fair treatment,5269.0,0.68,low,high,#be64ac
01/01/2025,Q4_2425,Harrow,Dealing issues,5269.0,0.63,low,high,#be64ac
04/01/2021,Q1_2122,Havering,Good job,5494.0,0.57,low,med,#dfb0d6
04/01/2021,Q1_2122,Havering,Trust MPS,5494.0,0.82,low,high,#be64ac
04/01/2021,Q1_2122,Havering,Fair treatment,5494.0,0.78,low,high,#be64ac
04/01/2021,Q1_2122,Havering,Dealing issues,5494.0,0.69,low,high,#be64ac
04/01/2021,Q1_2122,Havering,Relied on to be there,5494.0,0.61,low,low,#e8e8e8
04/01/2021,Q1_2122,Havering,Listen to concerns,5494.0,0.72,low,high,#be64ac
04/01/2021,Q1_2122,Havering,Informed local,5494.0,0.45,low,med,#dfb0d6
04/01/2021,Q1_2122,Havering,Contact ward officer,5494.0,0.24,low,med,#dfb0d6
04/01/2022,Q1_2223,Havering,Good job,6470.0,0.53,low,high,#be64ac
04/01/2022,Q1_2223,Havering,Trust MPS,6470.0,0.79,low,high,#be64ac
04/01/2022,Q1_2223,Havering,Fair treatment,6470.0,0.69,low,high,#be64ac
04/01/2022,Q1_2223,Havering,Dealing issues,6470.0,0.63,low,med,#dfb0d6
04/01/2023,Q1_2324,Havering,Good job,6892.0,0.51,low,med,#dfb0d6
04/01/2023,Q1_2324,Havering,Trust MPS,6892.0,0.75,low,high,#be64ac
04/01/2023,Q1_2324,Havering,Fair treatment,6892.0,0.71,low,high,#be64ac
04/01/2023,Q1_2324,Havering,Dealing issues,6892.0,0.63,low,high,#be64ac
04/01/2024,Q1_2425,Havering,Good job,6714.0,0.46,low,med,#dfb0d6
04/01/2024,Q1_2425,Havering,Trust MPS,6714.0,0.74,low,med,#dfb0d6
04/01/2024,Q1_2425,Havering,Fair treatment,6714.0,0.72,low,high,#be64ac
04/01/2024,Q1_2425,Havering,Dealing issues,6714.0,0.55,low,low,#e8e8e8
04/01/2025,Q1_2526,Havering,Good job,6548.0,0.45,low,med,#dfb0d6
04/01/2025,Q1_2526,Havering,Trust MPS,6548.0,0.8,low,high,#be64ac
04/01/2025,Q1_2526,Havering,Fair treatment,6548.0,0.76,low,high,#be64ac
04/01/2025,Q1_2526,Havering,S&S used fairly,6548.0,0.75,low,high,#be64ac
07/01/2021,Q2_2122,Havering,Good job,5909.0,0.57,low,high,#be64ac
07/01/2021,Q2_2122,Havering,Trust MPS,5909.0,0.82,low,high,#be64ac
07/01/2021,Q2_2122,Havering,Fair treatment,5909.0,0.78,low,high,#be64ac
07/01/2021,Q2_2122,Havering,Dealing issues,5909.0,0.69,low,high,#be64ac
07/01/2021,Q2_2122,Havering,Relied on to be there,5909.0,0.64,low,high,#be64ac
07/01/2021,Q2_2122,Havering,Listen to concerns,5909.0,0.7,low,high,#be64ac
07/01/2021,Q2_2122,Havering,Informed local,5909.0,0.47,low,high,#be64ac
07/01/2021,Q2_2122,Havering,Contact ward officer,5909.0,0.25,low,med,#dfb0d6
07/01/2022,Q2_2223,Havering,Good job,6436.0,0.51,low,med,#dfb0d6
07/01/2022,Q2_2223,Havering,Trust MPS,6436.0,0.78,low,high,#be64ac
07/01/2022,Q2_2223,Havering,Fair treatment,6436.0,0.7,low,high,#be64ac
07/01/2022,Q2_2223,Havering,Dealing issues,6436.0,0.61,low,med,#dfb0d6
07/01/2023,Q2_2324,Havering,Good job,7198.0,0.53,low,high,#be64ac
07/01/2023,Q2_2324,Havering,Trust MPS,7198.0,0.74,low,med,#dfb0d6
07/01/2023,Q2_2324,Havering,Fair treatment,7198.0,0.72,low,high,#be64ac
07/01/2023,Q2_2324,Havering,Dealing issues,7198.0,0.62,low,high,#be64ac
07/01/2024,Q2_2425,Havering,Good job,6849.0,0.42,low,low,#e8e8e8
07/01/2024,Q2_2425,Havering,Trust MPS,6849.0,0.77,low,high,#be64ac
07/01/2024,Q2_2425,Havering,Fair treatment,6849.0,0.71,low,high,#be64ac
07/01/2024,Q2_2425,Havering,Dealing issues,6849.0,0.56,low,med,#dfb0d6
07/01/2025,Q2_2526,Havering,Good job,6674.0,0.49,low,high,#be64ac
07/01/2025,Q2_2526,Havering,Trust MPS,6674.0,0.79,low,high,#be64ac
07/01/2025,Q2_2526,Havering,Fair treatment,6674.0,0.77,low,high,#be64ac
07/01/2025,Q2_2526,Havering,S&S used fairly,6674.0,0.74,low,high,#be64ac
10/01/2021,Q3_2122,Havering,Good job,5836.0,0.53,low,med,#dfb0d6
10/01/2021,Q3_2122,Havering,Trust MPS,5836.0,0.8,low,high,#be64ac
10/01/2021,Q3_2122,Havering,Fair treatment,5836.0,0.73,low,high,#be64ac
10/01/2021,Q3_2122,Havering,Dealing issues,5836.0,0.66,low,high,#be64ac
10/01/2021,Q3_2122,Havering,Relied on to be there,5836.0,0.59,low,med,#dfb0d6
10/01/2021,Q3_2122,Havering,Listen to concerns,5836.0,0.66,low,med,#dfb0d6
10/01/2021,Q3_2122,Havering,Informed local,5836.0,0.43,low,med,#dfb0d6
10/01/2021,Q3_2122,Havering,Contact ward officer,5836.0,0.29,low,med,#dfb0d6
10/01/2022,Q3_2223,Havering,Good job,6058.0,0.54,low,high,#be64ac
10/01/2022,Q3_2223,Havering,Trust MPS,6058.0,0.76,low,high,#be64ac
10/01/2022,Q3_2223,Havering,Fair treatment,6058.0,0.71,low,high,#be64ac
10/01/2022,Q3_2223,Havering,Dealing issues,6058.0,0.63,low,high,#be64ac
10/01/2023,Q3_2324,Havering,Good job,7255.0,0.48,low,med,#dfb0d6
10/01/2023,Q3_2324,Havering,Trust MPS,7255.0,0.73,low,high,#be64ac
10/01/2023,Q3_2324,Havering,Fair treatment,7255.0,0.71,low,high,#be64ac
10/01/2023,Q3_2324,Havering,Dealing issues,7255.0,0.58,low,med,#dfb0d6
10/01/2024,Q3_2425,Havering,Good job,6362.0,0.44,low,med,#dfb0d6
10/01/2024,Q3_2425,Havering,Trust MPS,6362.0,0.79,low,high,#be64ac
10/01/2024,Q3_2425,Havering,Fair treatment,6362.0,0.72,low,high,#be64ac
10/01/2024,Q3_2425,Havering,Dealing issues,6362.0,0.59,low,high,#be64ac
10/01/2025,Q3_2526,Havering,Good job,6162.0,0.51,low,high,#be64ac
10/01/2025,Q3_2526,Havering,Trust MPS,6162.0,0.77,low,high,#be64ac
10/01/2025,Q3_2526,Havering,Fair treatment,6162.0,0.76,low,high,#be64ac
10/01/2025,Q3_2526,Havering,S&S used fairly,6162.0,0.7,low,high,#be64ac
01/01/2022,Q4_2122,Havering,Good job,5897.0,0.5,low,med,#dfb0d6
01/01/2022,Q4_2122,Havering,Trust MPS,5897.0,0.77,low,med,#dfb0d6
01/01/2022,Q4_2122,Havering,Fair treatment,5897.0,0.69,low,high,#be64ac
01/01/2022,Q4_2122,Havering,Dealing issues,5897.0,0.65,low,high,#be64ac
01/01/2022,Q4_2122,Havering,Relied on to be there,5897.0,0.58,low,med,#dfb0d6
01/01/2022,Q4_2122,Havering,Listen to concerns,5897.0,0.65,low,high,#be64ac
01/01/2022,Q4_2122,Havering,Informed local,5897.0,0.41,low,high,#be64ac
01/01/2022,Q4_2122,Havering,Contact ward officer,5897.0,0.3,low,high,#be64ac
01/01/2023,Q4_2223,Havering,Good job,6430.0,0.54,low,high,#be64ac
01/01/2023,Q4_2223,Havering,Trust MPS,6430.0,0.77,low,high,#be64ac
01/01/2023,Q4_2223,Havering,Fair treatment,6430.0,0.72,low,high,#be64ac
01/01/2023,Q4_2223,Havering,Dealing issues,6430.0,0.62,low,high,#be64ac
01/01/2024,Q4_2324,Havering,Good job,6859.0,0.48,low,med,#dfb0d6
01/01/2024,Q4_2324,Havering,Trust MPS,6859.0,0.74,low,high,#be64ac
01/01/2024,Q4_2324,Havering,Fair treatment,6859.0,0.72,low,high,#be64ac
01/01/2024,Q4_2324,Havering,Dealing issues,6859.0,0.58,low,med,#dfb0d6
01/01/2025,Q4_2425,Havering,Good job,6013.0,0.44,low,med,#dfb0d6
01/01/2025,Q4_2425,Havering,Trust MPS,6013.0,0.8,low,high,#be64ac
01/01/2025,Q4_2425,Havering,Fair treatment,6013.0,0.75,low,high,#be64ac
01/01/2025,Q4_2425,Havering,Dealing issues,6013.0,0.61,low,high,#be64ac
04/01/2021,Q1_2122,Hillingdon,Good job,7934.0,0.6,med,high,#8c62aa
04/01/2021,Q1_2122,Hillingdon,Trust MPS,7934.0,0.85,med,high,#8c62aa
04/01/2021,Q1_2122,Hillingdon,Fair treatment,7934.0,0.81,med,high,#8c62aa
04/01/2021,Q1_2122,Hillingdon,Dealing issues,7934.0,0.7,med,high,#8c62aa
04/01/2021,Q1_2122,Hillingdon,Relied on to be there,7934.0,0.67,med,high,#8c62aa
04/01/2021,Q1_2122,Hillingdon,Listen to concerns,7934.0,0.69,med,high,#8c62aa
04/01/2021,Q1_2122,Hillingdon,Informed local,7934.0,0.48,med,high,#8c62aa
04/01/2021,Q1_2122,Hillingdon,Contact ward officer,7934.0,0.27,med,high,#8c62aa
04/01/2022,Q1_2223,Hillingdon,Good job,8353.0,0.51,med,high,#8c62aa
04/01/2022,Q1_2223,Hillingdon,Trust MPS,8353.0,0.8,med,high,#8c62aa
04/01/2022,Q1_2223,Hillingdon,Fair treatment,8353.0,0.78,med,high,#8c62aa
04/01/2022,Q1_2223,Hillingdon,Dealing issues,8353.0,0.66,med,high,#8c62aa
04/01/2023,Q1_2324,Hillingdon,Good job,7709.0,0.61,med,high,#8c62aa
04/01/2023,Q1_2324,Hillingdon,Trust MPS,7709.0,0.84,med,high,#8c62aa
04/01/2023,Q1_2324,Hillingdon,Fair treatment,7709.0,0.84,med,high,#8c62aa
04/01/2023,Q1_2324,Hillingdon,Dealing issues,7709.0,0.78,med,high,#8c62aa
04/01/2024,Q1_2425,Hillingdon,Good job,9215.0,0.54,med,high,#8c62aa
04/01/2024,Q1_2425,Hillingdon,Trust MPS,9215.0,0.78,med,high,#8c62aa
04/01/2024,Q1_2425,Hillingdon,Fair treatment,9215.0,0.71,med,high,#8c62aa
04/01/2024,Q1_2425,Hillingdon,Dealing issues,9215.0,0.66,med,high,#8c62aa
04/01/2025,Q1_2526,Hillingdon,Good job,9802.0,0.52,med,high,#8c62aa
04/01/2025,Q1_2526,Hillingdon,Trust MPS,9802.0,0.77,med,high,#8c62aa
04/01/2025,Q1_2526,Hillingdon,Fair treatment,9802.0,0.71,med,high,#8c62aa
04/01/2025,Q1_2526,Hillingdon,S&S used fairly,9802.0,0.74,med,high,#8c62aa
07/01/2021,Q2_2122,Hillingdon,Good job,7697.0,0.58,med,high,#8c62aa
07/01/2021,Q2_2122,Hillingdon,Trust MPS,7697.0,0.86,med,high,#8c62aa
07/01/2021,Q2_2122,Hillingdon,Fair treatment,7697.0,0.79,med,high,#8c62aa
07/01/2021,Q2_2122,Hillingdon,Dealing issues,7697.0,0.68,med,high,#8c62aa
07/01/2021,Q2_2122,Hillingdon,Relied on to be there,7697.0,0.64,med,high,#8c62aa
07/01/2021,Q2_2122,Hillingdon,Listen to concerns,7697.0,0.69,med,high,#8c62aa
07/01/2021,Q2_2122,Hillingdon,Informed local,7697.0,0.47,med,high,#8c62aa
07/01/2021,Q2_2122,Hillingdon,Contact ward officer,7697.0,0.31,med,high,#8c62aa
07/01/2022,Q2_2223,Hillingdon,Good job,8454.0,0.58,med,high,#8c62aa
07/01/2022,Q2_2223,Hillingdon,Trust MPS,8454.0,0.8,med,high,#8c62aa
07/01/2022,Q2_2223,Hillingdon,Fair treatment,8454.0,0.83,med,high,#8c62aa
07/01/2022,Q2_2223,Hillingdon,Dealing issues,8454.0,0.72,med,high,#8c62aa
07/01/2023,Q2_2324,Hillingdon,Good job,7683.0,0.58,low,high,#be64ac
07/01/2023,Q2_2324,Hillingdon,Trust MPS,7683.0,0.81,low,high,#be64ac
07/01/2023,Q2_2324,Hillingdon,Fair treatment,7683.0,0.79,low,high,#be64ac
07/01/2023,Q2_2324,Hillingdon,Dealing issues,7683.0,0.73,low,high,#be64ac
07/01/2024,Q2_2425,Hillingdon,Good job,9786.0,0.56,med,high,#8c62aa
07/01/2024,Q2_2425,Hillingdon,Trust MPS,9786.0,0.78,med,high,#8c62aa
07/01/2024,Q2_2425,Hillingdon,Fair treatment,9786.0,0.71,med,high,#8c62aa
07/01/2024,Q2_2425,Hillingdon,Dealing issues,9786.0,0.66,med,high,#8c62aa
07/01/2025,Q2_2526,Hillingdon,Good job,10372.0,0.45,med,med,#a5add3
07/01/2025,Q2_2526,Hillingdon,Trust MPS,10372.0,0.75,med,med,#a5add3
07/01/2025,Q2_2526,Hillingdon,Fair treatment,10372.0,0.69,med,med,#a5add3
07/01/2025,Q2_2526,Hillingdon,S&S used fairly,10372.0,0.73,med,high,#8c62aa
10/01/2021,Q3_2122,Hillingdon,Good job,8599.0,0.57,med,high,#8c62aa
10/01/2021,Q3_2122,Hillingdon,Trust MPS,8599.0,0.82,med,high,#8c62aa
10/01/2021,Q3_2122,Hillingdon,Fair treatment,8599.0,0.76,med,high,#8c62aa
10/01/2021,Q3_2122,Hillingdon,Dealing issues,8599.0,0.65,med,med,#a5add3
10/01/2021,Q3_2122,Hillingdon,Relied on to be there,8599.0,0.62,med,med,#a5add3
10/01/2021,Q3_2122,Hillingdon,Listen to concerns,8599.0,0.66,med,med,#a5add3
10/01/2021,Q3_2122,Hillingdon,Informed local,8599.0,0.43,med,med,#a5add3
10/01/2021,Q3_2122,Hillingdon,Contact ward officer,8599.0,0.31,med,high,#8c62aa
10/01/2022,Q3_2223,Hillingdon,Good job,8755.0,0.59,med,high,#8c62aa
10/01/2022,Q3_2223,Hillingdon,Trust MPS,8755.0,0.83,med,high,#8c62aa
10/01/2022,Q3_2223,Hillingdon,Fair treatment,8755.0,0.84,med,high,#8c62aa
10/01/2022,Q3_2223,Hillingdon,Dealing issues,8755.0,0.74,med,high,#8c62aa
10/01/2023,Q3_2324,Hillingdon,Good job,7509.0,0.57,low,high,#be64ac
10/01/2023,Q3_2324,Hillingdon,Trust MPS,7509.0,0.79,low,high,#be64ac
10/01/2023,Q3_2324,Hillingdon,Fair treatment,7509.0,0.77,low,high,#be64ac
10/01/2023,Q3_2324,Hillingdon,Dealing issues,7509.0,0.71,low,high,#be64ac
10/01/2024,Q3_2425,Hillingdon,Good job,9593.0,0.56,med,high,#8c62aa
10/01/2024,Q3_2425,Hillingdon,Trust MPS,9593.0,0.78,med,high,#8c62aa
10/01/2024,Q3_2425,Hillingdon,Fair treatment,9593.0,0.72,med,high,#8c62aa
10/01/2024,Q3_2425,Hillingdon,Dealing issues,9593.0,0.66,med,high,#8c62aa
10/01/2025,Q3_2526,Hillingdon,Good job,9607.0,0.39,med,low,#ace4e4
10/01/2025,Q3_2526,Hillingdon,Trust MPS,9607.0,0.69,med,low,#ace4e4
10/01/2025,Q3_2526,Hillingdon,Fair treatment,9607.0,0.65,med,med,#a5add3
10/01/2025,Q3_2526,Hillingdon,S&S used fairly,9607.0,0.68,med,high,#8c62aa
01/01/2022,Q4_2122,Hillingdon,Good job,8053.0,0.52,med,high,#8c62aa
01/01/2022,Q4_2122,Hillingdon,Trust MPS,8053.0,0.82,med,high,#8c62aa
01/01/2022,Q4_2122,Hillingdon,Fair treatment,8053.0,0.8,med,high,#8c62aa
01/01/2022,Q4_2122,Hillingdon,Dealing issues,8053.0,0.65,med,high,#8c62aa
01/01/2022,Q4_2122,Hillingdon,Relied on to be there,8053.0,0.61,med,high,#8c62aa
01/01/2022,Q4_2122,Hillingdon,Listen to concerns,8053.0,0.66,med,high,#8c62aa
01/01/2022,Q4_2122,Hillingdon,Informed local,8053.0,0.43,med,high,#8c62aa
01/01/2022,Q4_2122,Hillingdon,Contact ward officer,8053.0,0.28,med,med,#a5add3
01/01/2023,Q4_2223,Hillingdon,Good job,8346.0,0.63,med,high,#8c62aa
01/01/2023,Q4_2223,Hillingdon,Trust MPS,8346.0,0.84,med,high,#8c62aa
01/01/2023,Q4_2223,Hillingdon,Fair treatment,8346.0,0.85,med,high,#8c62aa
01/01/2023,Q4_2223,Hillingdon,Dealing issues,8346.0,0.8,med,high,#8c62aa
01/01/2024,Q4_2324,Hillingdon,Good job,8208.0,0.53,med,high,#8c62aa
01/01/2024,Q4_2324,Hillingdon,Trust MPS,8208.0,0.78,med,high,#8c62aa
01/01/2024,Q4_2324,Hillingdon,Fair treatment,8208.0,0.73,med,high,#8c62aa
01/01/2024,Q4_2324,Hillingdon,Dealing issues,8208.0,0.68,med,high,#8c62aa
01/01/2025,Q4_2425,Hillingdon,Good job,9437.0,0.55,med,high,#8c62aa
01/01/2025,Q4_2425,Hillingdon,Trust MPS,9437.0,0.78,med,high,#8c62aa
01/01/2025,Q4_2425,Hillingdon,Fair treatment,9437.0,0.73,med,high,#8c62aa
01/01/2025,Q4_2425,Hillingdon,Dealing issues,9437.0,0.65,med,high,#8c62aa
04/01/2021,Q1_2122,Hounslow,Good job,8063.0,0.57,med,med,#a5add3
04/01/2021,Q1_2122,Hounslow,Trust MPS,8063.0,0.82,med,high,#8c62aa
04/01/2021,Q1_2122,Hounslow,Fair treatment,8063.0,0.74,med,high,#8c62aa
04/01/2021,Q1_2122,Hounslow,Dealing issues,8063.0,0.7,med,high,#8c62aa
04/01/2021,Q1_2122,Hounslow,Relied on to be there,8063.0,0.66,med,high,#8c62aa
04/01/2021,Q1_2122,Hounslow,Listen to concerns,8063.0,0.7,med,high,#8c62aa
04/01/2021,Q1_2122,Hounslow,Informed local,8063.0,0.49,med,high,#8c62aa
04/01/2021,Q1_2122,Hounslow,Contact ward officer,8063.0,0.25,med,med,#a5add3
04/01/2022,Q1_2223,Hounslow,Good job,8191.0,0.53,med,high,#8c62aa
04/01/2022,Q1_2223,Hounslow,Trust MPS,8191.0,0.78,med,high,#8c62aa
04/01/2022,Q1_2223,Hounslow,Fair treatment,8191.0,0.71,med,high,#8c62aa
04/01/2022,Q1_2223,Hounslow,Dealing issues,8191.0,0.65,med,high,#8c62aa
04/01/2023,Q1_2324,Hounslow,Good job,8658.0,0.5,med,med,#a5add3
04/01/2023,Q1_2324,Hounslow,Trust MPS,8658.0,0.75,med,high,#8c62aa
04/01/2023,Q1_2324,Hounslow,Fair treatment,8658.0,0.7,med,high,#8c62aa
04/01/2023,Q1_2324,Hounslow,Dealing issues,8658.0,0.62,med,high,#8c62aa
04/01/2024,Q1_2425,Hounslow,Good job,8424.0,0.46,med,med,#a5add3
04/01/2024,Q1_2425,Hounslow,Trust MPS,8424.0,0.76,med,high,#8c62aa
04/01/2024,Q1_2425,Hounslow,Fair treatment,8424.0,0.61,med,med,#a5add3
04/01/2024,Q1_2425,Hounslow,Dealing issues,8424.0,0.6,med,high,#8c62aa
04/01/2025,Q1_2526,Hounslow,Good job,9044.0,0.47,med,med,#a5add3
04/01/2025,Q1_2526,Hounslow,Trust MPS,9044.0,0.71,med,low,#ace4e4
04/01/2025,Q1_2526,Hounslow,Fair treatment,9044.0,0.64,med,med,#a5add3
04/01/2025,Q1_2526,Hounslow,S&S used fairly,9044.0,0.64,med,med,#a5add3
07/01/2021,Q2_2122,Hounslow,Good job,7853.0,0.56,med,high,#8c62aa
07/01/2021,Q2_2122,Hounslow,Trust MPS,7853.0,0.8,med,med,#a5add3
07/01/2021,Q2_2122,Hounslow,Fair treatment,7853.0,0.73,med,high,#8c62aa
07/01/2021,Q2_2122,Hounslow,Dealing issues,7853.0,0.68,med,high,#8c62aa
07/01/2021,Q2_2122,Hounslow,Relied on to be there,7853.0,0.64,med,high,#8c62aa
07/01/2021,Q2_2122,Hounslow,Listen to concerns,7853.0,0.68,med,high,#8c62aa
07/01/2021,Q2_2122,Hounslow,Informed local,7853.0,0.48,med,high,#8c62aa
07/01/2021,Q2_2122,Hounslow,Contact ward officer,7853.0,0.27,med,med,#a5add3
07/01/2022,Q2_2223,Hounslow,Good job,7901.0,0.55,med,high,#8c62aa
07/01/2022,Q2_2223,Hounslow,Trust MPS,7901.0,0.79,med,high,#8c62aa
07/01/2022,Q2_2223,Hounslow,Fair treatment,7901.0,0.71,med,high,#8c62aa
07/01/2022,Q2_2223,Hounslow,Dealing issues,7901.0,0.65,med,high,#8c62aa
07/01/2023,Q2_2324,Hounslow,Good job,9900.0,0.47,med,med,#a5add3
07/01/2023,Q2_2324,Hounslow,Trust MPS,9900.0,0.74,med,med,#a5add3
07/01/2023,Q2_2324,Hounslow,Fair treatment,9900.0,0.69,med,high,#8c62aa
07/01/2023,Q2_2324,Hounslow,Dealing issues,9900.0,0.62,med,high,#8c62aa
07/01/2024,Q2_2425,Hounslow,Good job,9177.0,0.48,med,med,#a5add3
07/01/2024,Q2_2425,Hounslow,Trust MPS,9177.0,0.77,med,high,#8c62aa
07/01/2024,Q2_2425,Hounslow,Fair treatment,9177.0,0.61,med,med,#a5add3
07/01/2024,Q2_2425,Hounslow,Dealing issues,9177.0,0.57,med,med,#a5add3
07/01/2025,Q2_2526,Hounslow,Good job,9344.0,0.44,med,low,#ace4e4
07/01/2025,Q2_2526,Hounslow,Trust MPS,9344.0,0.7,med,low,#ace4e4
07/01/2025,Q2_2526,Hounslow,Fair treatment,9344.0,0.66,med,med,#a5add3
07/01/2025,Q2_2526,Hounslow,S&S used fairly,9344.0,0.68,med,high,#8c62aa
10/01/2021,Q3_2122,Hounslow,Good job,7864.0,0.55,med,high,#8c62aa
10/01/2021,Q3_2122,Hounslow,Trust MPS,7864.0,0.82,med,high,#8c62aa
10/01/2021,Q3_2122,Hounslow,Fair treatment,7864.0,0.74,med,high,#8c62aa
10/01/2021,Q3_2122,Hounslow,Dealing issues,7864.0,0.67,med,high,#8c62aa
10/01/2021,Q3_2122,Hounslow,Relied on to be there,7864.0,0.59,med,med,#a5add3
10/01/2021,Q3_2122,Hounslow,Listen to concerns,7864.0,0.66,med,med,#a5add3
10/01/2021,Q3_2122,Hounslow,Informed local,7864.0,0.44,med,high,#8c62aa
10/01/2021,Q3_2122,Hounslow,Contact ward officer,7864.0,0.24,med,low,#ace4e4
10/01/2022,Q3_2223,Hounslow,Good job,7955.0,0.55,med,high,#8c62aa
10/01/2022,Q3_2223,Hounslow,Trust MPS,7955.0,0.75,med,high,#8c62aa
10/01/2022,Q3_2223,Hounslow,Fair treatment,7955.0,0.7,med,high,#8c62aa
10/01/2022,Q3_2223,Hounslow,Dealing issues,7955.0,0.64,med,high,#8c62aa
10/01/2023,Q3_2324,Hounslow,Good job,9185.0,0.46,med,low,#ace4e4
10/01/2023,Q3_2324,Hounslow,Trust MPS,9185.0,0.74,med,high,#8c62aa
10/01/2023,Q3_2324,Hounslow,Fair treatment,9185.0,0.67,med,high,#8c62aa
10/01/2023,Q3_2324,Hounslow,Dealing issues,9185.0,0.6,med,high,#8c62aa
10/01/2024,Q3_2425,Hounslow,Good job,8958.0,0.48,med,med,#a5add3
10/01/2024,Q3_2425,Hounslow,Trust MPS,8958.0,0.74,med,med,#a5add3
10/01/2024,Q3_2425,Hounslow,Fair treatment,8958.0,0.62,med,med,#a5add3
10/01/2024,Q3_2425,Hounslow,Dealing issues,8958.0,0.57,med,high,#8c62aa
10/01/2025,Q3_2526,Hounslow,Good job,8463.0,0.4,med,low,#ace4e4
10/01/2025,Q3_2526,Hounslow,Trust MPS,8463.0,0.69,med,low,#ace4e4
10/01/2025,Q3_2526,Hounslow,Fair treatment,8463.0,0.63,med,low,#ace4e4
10/01/2025,Q3_2526,Hounslow,S&S used fairly,8463.0,0.65,med,med,#a5add3
01/01/2022,Q4_2122,Hounslow,Good job,7611.0,0.55,med,high,#8c62aa
01/01/2022,Q4_2122,Hounslow,Trust MPS,7611.0,0.8,med,high,#8c62aa
01/01/2022,Q4_2122,Hounslow,Fair treatment,7611.0,0.73,med,high,#8c62aa
01/01/2022,Q4_2122,Hounslow,Dealing issues,7611.0,0.66,med,high,#8c62aa
01/01/2022,Q4_2122,Hounslow,Relied on to be there,7611.0,0.58,med,med,#a5add3
01/01/2022,Q4_2122,Hounslow,Listen to concerns,7611.0,0.62,med,med,#a5add3
01/01/2022,Q4_2122,Hounslow,Informed local,7611.0,0.41,med,high,#8c62aa
01/01/2022,Q4_2122,Hounslow,Contact ward officer,7611.0,0.24,med,low,#ace4e4
01/01/2023,Q4_2223,Hounslow,Good job,7977.0,0.52,med,med,#a5add3
01/01/2023,Q4_2223,Hounslow,Trust MPS,7977.0,0.76,med,high,#8c62aa
01/01/2023,Q4_2223,Hounslow,Fair treatment,7977.0,0.71,med,high,#8c62aa
01/01/2023,Q4_2223,Hounslow,Dealing issues,7977.0,0.64,med,high,#8c62aa
01/01/2024,Q4_2324,Hounslow,Good job,8561.0,0.44,med,low,#ace4e4
01/01/2024,Q4_2324,Hounslow,Trust MPS,8561.0,0.75,med,high,#8c62aa
01/01/2024,Q4_2324,Hounslow,Fair treatment,8561.0,0.6,med,med,#a5add3
01/01/2024,Q4_2324,Hounslow,Dealing issues,8561.0,0.59,med,med,#a5add3
01/01/2025,Q4_2425,Hounslow,Good job,8014.0,0.49,med,high,#8c62aa
01/01/2025,Q4_2425,Hounslow,Trust MPS,8014.0,0.74,med,low,#ace4e4
01/01/2025,Q4_2425,Hounslow,Fair treatment,8014.0,0.66,med,med,#a5add3
01/01/2025,Q4_2425,Hounslow,Dealing issues,8014.0,0.58,med,high,#8c62aa
04/01/2021,Q1_2122,Islington,Good job,8313.0,0.56,med,med,#a5add3
04/01/2021,Q1_2122,Islington,Trust MPS,8313.0,0.7,med,low,#ace4e4
04/01/2021,Q1_2122,Islington,Fair treatment,8313.0,0.54,med,low,#ace4e4
04/01/2021,Q1_2122,Islington,Dealing issues,8313.0,0.62,med,low,#ace4e4
04/01/2021,Q1_2122,Islington,Relied on to be there,8313.0,0.64,med,med,#a5add3
04/01/2021,Q1_2122,Islington,Listen to concerns,8313.0,0.65,med,med,#a5add3
04/01/2021,Q1_2122,Islington,Informed local,8313.0,0.41,med,low,#ace4e4
04/01/2021,Q1_2122,Islington,Contact ward officer,8313.0,0.2,med,low,#ace4e4
04/01/2022,Q1_2223,Islington,Good job,8949.0,0.49,med,med,#a5add3
04/01/2022,Q1_2223,Islington,Trust MPS,8949.0,0.63,med,low,#ace4e4
04/01/2022,Q1_2223,Islington,Fair treatment,8949.0,0.5,med,low,#ace4e4
04/01/2022,Q1_2223,Islington,Dealing issues,8949.0,0.57,med,low,#ace4e4
04/01/2023,Q1_2324,Islington,Good job,9820.0,0.43,med,low,#ace4e4
04/01/2023,Q1_2324,Islington,Trust MPS,9820.0,0.6,med,low,#ace4e4
04/01/2023,Q1_2324,Islington,Fair treatment,9820.0,0.47,med,low,#ace4e4
04/01/2023,Q1_2324,Islington,Dealing issues,9820.0,0.52,med,low,#ace4e4
04/01/2024,Q1_2425,Islington,Good job,10302.0,0.43,high,low,#5ac8c8
04/01/2024,Q1_2425,Islington,Trust MPS,10302.0,0.63,high,low,#5ac8c8
04/01/2024,Q1_2425,Islington,Fair treatment,10302.0,0.55,high,low,#5ac8c8
04/01/2024,Q1_2425,Islington,Dealing issues,10302.0,0.5,high,low,#5ac8c8
04/01/2025,Q1_2526,Islington,Good job,11011.0,0.37,high,low,#5ac8c8
04/01/2025,Q1_2526,Islington,Trust MPS,11011.0,0.65,high,low,#5ac8c8
04/01/2025,Q1_2526,Islington,Fair treatment,11011.0,0.53,high,low,#5ac8c8
04/01/2025,Q1_2526,Islington,S&S used fairly,11011.0,0.4,high,low,#5ac8c8
07/01/2021,Q2_2122,Islington,Good job,8998.0,0.55,med,med,#a5add3
07/01/2021,Q2_2122,Islington,Trust MPS,8998.0,0.66,med,low,#ace4e4
07/01/2021,Q2_2122,Islington,Fair treatment,8998.0,0.53,med,low,#ace4e4
07/01/2021,Q2_2122,Islington,Dealing issues,8998.0,0.63,med,med,#a5add3
07/01/2021,Q2_2122,Islington,Relied on to be there,8998.0,0.64,med,high,#8c62aa
07/01/2021,Q2_2122,Islington,Listen to concerns,8998.0,0.63,med,med,#a5add3
07/01/2021,Q2_2122,Islington,Informed local,8998.0,0.4,med,low,#ace4e4
07/01/2021,Q2_2122,Islington,Contact ward officer,8998.0,0.24,med,med,#a5add3
07/01/2022,Q2_2223,Islington,Good job,9185.0,0.47,med,low,#ace4e4
07/01/2022,Q2_2223,Islington,Trust MPS,9185.0,0.61,med,low,#ace4e4
07/01/2022,Q2_2223,Islington,Fair treatment,9185.0,0.48,med,low,#ace4e4
07/01/2022,Q2_2223,Islington,Dealing issues,9185.0,0.55,med,low,#ace4e4
07/01/2023,Q2_2324,Islington,Good job,9595.0,0.43,med,low,#ace4e4
07/01/2023,Q2_2324,Islington,Trust MPS,9595.0,0.62,med,low,#ace4e4
07/01/2023,Q2_2324,Islington,Fair treatment,9595.0,0.51,med,low,#ace4e4
07/01/2023,Q2_2324,Islington,Dealing issues,9595.0,0.5,med,low,#ace4e4
07/01/2024,Q2_2425,Islington,Good job,10406.0,0.42,high,low,#5ac8c8
07/01/2024,Q2_2425,Islington,Trust MPS,10406.0,0.65,high,low,#5ac8c8
07/01/2024,Q2_2425,Islington,Fair treatment,10406.0,0.54,high,low,#5ac8c8
07/01/2024,Q2_2425,Islington,Dealing issues,10406.0,0.49,high,low,#5ac8c8
07/01/2025,Q2_2526,Islington,Good job,10469.0,0.34,high,low,#5ac8c8
07/01/2025,Q2_2526,Islington,Trust MPS,10469.0,0.66,high,low,#5ac8c8
07/01/2025,Q2_2526,Islington,Fair treatment,10469.0,0.51,high,low,#5ac8c8
07/01/2025,Q2_2526,Islington,S&S used fairly,10469.0,0.39,high,low,#5ac8c8
10/01/2021,Q3_2122,Islington,Good job,9254.0,0.53,med,med,#a5add3
10/01/2021,Q3_2122,Islington,Trust MPS,9254.0,0.65,med,low,#ace4e4
10/01/2021,Q3_2122,Islington,Fair treatment,9254.0,0.51,med,low,#ace4e4
10/01/2021,Q3_2122,Islington,Dealing issues,9254.0,0.62,med,med,#a5add3
10/01/2021,Q3_2122,Islington,Relied on to be there,9254.0,0.62,med,med,#a5add3
10/01/2021,Q3_2122,Islington,Listen to concerns,9254.0,0.61,med,med,#a5add3
10/01/2021,Q3_2122,Islington,Informed local,9254.0,0.39,med,low,#ace4e4
10/01/2021,Q3_2122,Islington,Contact ward officer,9254.0,0.28,med,med,#a5add3
10/01/2022,Q3_2223,Islington,Good job,9549.0,0.45,high,low,#5ac8c8
10/01/2022,Q3_2223,Islington,Trust MPS,9549.0,0.61,high,low,#5ac8c8
10/01/2022,Q3_2223,Islington,Fair treatment,9549.0,0.48,high,low,#5ac8c8
10/01/2022,Q3_2223,Islington,Dealing issues,9549.0,0.53,high,low,#5ac8c8
10/01/2023,Q3_2324,Islington,Good job,9340.0,0.42,med,low,#ace4e4
10/01/2023,Q3_2324,Islington,Trust MPS,9340.0,0.61,med,low,#ace4e4
10/01/2023,Q3_2324,Islington,Fair treatment,9340.0,0.52,med,low,#ace4e4
10/01/2023,Q3_2324,Islington,Dealing issues,9340.0,0.52,med,low,#ace4e4
10/01/2024,Q3_2425,Islington,Good job,10474.0,0.4,high,low,#5ac8c8
10/01/2024,Q3_2425,Islington,Trust MPS,10474.0,0.65,high,low,#5ac8c8
10/01/2024,Q3_2425,Islington,Fair treatment,10474.0,0.54,high,low,#5ac8c8
10/01/2024,Q3_2425,Islington,Dealing issues,10474.0,0.45,high,low,#5ac8c8
10/01/2025,Q3_2526,Islington,Good job,9661.0,0.35,med,low,#ace4e4
10/01/2025,Q3_2526,Islington,Trust MPS,9661.0,0.64,med,low,#ace4e4
10/01/2025,Q3_2526,Islington,Fair treatment,9661.0,0.53,med,low,#ace4e4
10/01/2025,Q3_2526,Islington,S&S used fairly,9661.0,0.41,med,low,#ace4e4
01/01/2022,Q4_2122,Islington,Good job,8941.0,0.5,med,med,#a5add3
01/01/2022,Q4_2122,Islington,Trust MPS,8941.0,0.6,med,low,#ace4e4
01/01/2022,Q4_2122,Islington,Fair treatment,8941.0,0.48,med,low,#ace4e4
01/01/2022,Q4_2122,Islington,Dealing issues,8941.0,0.57,med,low,#ace4e4
01/01/2022,Q4_2122,Islington,Relied on to be there,8941.0,0.55,med,med,#a5add3
01/01/2022,Q4_2122,Islington,Listen to concerns,8941.0,0.55,med,low,#ace4e4
01/01/2022,Q4_2122,Islington,Informed local,8941.0,0.34,med,low,#ace4e4
01/01/2022,Q4_2122,Islington,Contact ward officer,8941.0,0.27,med,med,#a5add3
01/01/2023,Q4_2223,Islington,Good job,9191.0,0.46,med,low,#ace4e4
01/01/2023,Q4_2223,Islington,Trust MPS,9191.0,0.62,med,low,#ace4e4
01/01/2023,Q4_2223,Islington,Fair treatment,9191.0,0.48,med,low,#ace4e4
01/01/2023,Q4_2223,Islington,Dealing issues,9191.0,0.53,med,low,#ace4e4
01/01/2024,Q4_2324,Islington,Good job,9131.0,0.41,med,low,#ace4e4
01/01/2024,Q4_2324,Islington,Trust MPS,9131.0,0.62,med,low,#ace4e4
01/01/2024,Q4_2324,Islington,Fair treatment,9131.0,0.53,med,low,#ace4e4
01/01/2024,Q4_2324,Islington,Dealing issues,9131.0,0.53,med,low,#ace4e4
01/01/2025,Q4_2425,Islington,Good job,10220.0,0.39,high,low,#5ac8c8
01/01/2025,Q4_2425,Islington,Trust MPS,10220.0,0.65,high,low,#5ac8c8
01/01/2025,Q4_2425,Islington,Fair treatment,10220.0,0.53,high,low,#5ac8c8
01/01/2025,Q4_2425,Islington,Dealing issues,10220.0,0.42,high,low,#5ac8c8
04/01/2021,Q1_2122,Kensington and Chelsea,Good job,5673.0,0.62,low,high,#be64ac
04/01/2021,Q1_2122,Kensington and Chelsea,Trust MPS,5673.0,0.79,low,med,#dfb0d6
04/01/2021,Q1_2122,Kensington and Chelsea,Fair treatment,5673.0,0.7,low,med,#dfb0d6
04/01/2021,Q1_2122,Kensington and Chelsea,Dealing issues,5673.0,0.68,low,med,#dfb0d6
04/01/2021,Q1_2122,Kensington and Chelsea,Relied on to be there,5673.0,0.64,low,med,#dfb0d6
04/01/2021,Q1_2122,Kensington and Chelsea,Listen to concerns,5673.0,0.68,low,med,#dfb0d6
04/01/2021,Q1_2122,Kensington and Chelsea,Informed local,5673.0,0.41,low,low,#e8e8e8
04/01/2021,Q1_2122,Kensington and Chelsea,Contact ward officer,5673.0,0.3,low,high,#be64ac
04/01/2022,Q1_2223,Kensington and Chelsea,Good job,6309.0,0.56,low,high,#be64ac
04/01/2022,Q1_2223,Kensington and Chelsea,Trust MPS,6309.0,0.78,low,high,#be64ac
04/01/2022,Q1_2223,Kensington and Chelsea,Fair treatment,6309.0,0.65,low,med,#dfb0d6
04/01/2022,Q1_2223,Kensington and Chelsea,Dealing issues,6309.0,0.6,low,med,#dfb0d6
04/01/2023,Q1_2324,Kensington and Chelsea,Good job,6982.0,0.6,low,high,#be64ac
04/01/2023,Q1_2324,Kensington and Chelsea,Trust MPS,6982.0,0.78,low,high,#be64ac
04/01/2023,Q1_2324,Kensington and Chelsea,Fair treatment,6982.0,0.7,low,high,#be64ac
04/01/2023,Q1_2324,Kensington and Chelsea,Dealing issues,6982.0,0.64,low,high,#be64ac
04/01/2024,Q1_2425,Kensington and Chelsea,Good job,7157.0,0.57,low,high,#be64ac
04/01/2024,Q1_2425,Kensington and Chelsea,Trust MPS,7157.0,0.8,low,high,#be64ac
04/01/2024,Q1_2425,Kensington and Chelsea,Fair treatment,7157.0,0.72,low,high,#be64ac
04/01/2024,Q1_2425,Kensington and Chelsea,Dealing issues,7157.0,0.74,low,high,#be64ac
04/01/2025,Q1_2526,Kensington and Chelsea,Good job,7104.0,0.45,low,med,#dfb0d6
04/01/2025,Q1_2526,Kensington and Chelsea,Trust MPS,7104.0,0.74,low,med,#dfb0d6
04/01/2025,Q1_2526,Kensington and Chelsea,Fair treatment,7104.0,0.69,low,high,#be64ac
04/01/2025,Q1_2526,Kensington and Chelsea,S&S used fairly,7104.0,0.59,low,med,#dfb0d6
07/01/2021,Q2_2122,Kensington and Chelsea,Good job,6150.0,0.59,low,high,#be64ac
07/01/2021,Q2_2122,Kensington and Chelsea,Trust MPS,6150.0,0.8,low,med,#dfb0d6
07/01/2021,Q2_2122,Kensington and Chelsea,Fair treatment,6150.0,0.65,low,med,#dfb0d6
07/01/2021,Q2_2122,Kensington and Chelsea,Dealing issues,6150.0,0.63,low,med,#dfb0d6
07/01/2021,Q2_2122,Kensington and Chelsea,Relied on to be there,6150.0,0.61,low,med,#dfb0d6
07/01/2021,Q2_2122,Kensington and Chelsea,Listen to concerns,6150.0,0.64,low,med,#dfb0d6
07/01/2021,Q2_2122,Kensington and Chelsea,Informed local,6150.0,0.41,low,low,#e8e8e8
07/01/2021,Q2_2122,Kensington and Chelsea,Contact ward officer,6150.0,0.3,low,high,#be64ac
07/01/2022,Q2_2223,Kensington and Chelsea,Good job,6808.0,0.55,low,high,#be64ac
07/01/2022,Q2_2223,Kensington and Chelsea,Trust MPS,6808.0,0.77,low,high,#be64ac
07/01/2022,Q2_2223,Kensington and Chelsea,Fair treatment,6808.0,0.66,low,med,#dfb0d6
07/01/2022,Q2_2223,Kensington and Chelsea,Dealing issues,6808.0,0.6,low,med,#dfb0d6
07/01/2023,Q2_2324,Kensington and Chelsea,Good job,7823.0,0.6,med,high,#8c62aa
07/01/2023,Q2_2324,Kensington and Chelsea,Trust MPS,7823.0,0.78,med,high,#8c62aa
07/01/2023,Q2_2324,Kensington and Chelsea,Fair treatment,7823.0,0.72,med,high,#8c62aa
07/01/2023,Q2_2324,Kensington and Chelsea,Dealing issues,7823.0,0.69,med,high,#8c62aa
07/01/2024,Q2_2425,Kensington and Chelsea,Good job,7639.0,0.54,low,high,#be64ac
07/01/2024,Q2_2425,Kensington and Chelsea,Trust MPS,7639.0,0.79,low,high,#be64ac
07/01/2024,Q2_2425,Kensington and Chelsea,Fair treatment,7639.0,0.72,low,high,#be64ac
07/01/2024,Q2_2425,Kensington and Chelsea,Dealing issues,7639.0,0.71,low,high,#be64ac
07/01/2025,Q2_2526,Kensington and Chelsea,Good job,7857.0,0.47,low,med,#dfb0d6
07/01/2025,Q2_2526,Kensington and Chelsea,Trust MPS,7857.0,0.74,low,low,#e8e8e8
07/01/2025,Q2_2526,Kensington and Chelsea,Fair treatment,7857.0,0.67,low,med,#dfb0d6
07/01/2025,Q2_2526,Kensington and Chelsea,S&S used fairly,7857.0,0.6,low,med,#dfb0d6
10/01/2021,Q3_2122,Kensington and Chelsea,Good job,6604.0,0.56,low,high,#be64ac
10/01/2021,Q3_2122,Kensington and Chelsea,Trust MPS,6604.0,0.83,low,high,#be64ac
10/01/2021,Q3_2122,Kensington and Chelsea,Fair treatment,6604.0,0.66,low,med,#dfb0d6
10/01/2021,Q3_2122,Kensington and Chelsea,Dealing issues,6604.0,0.65,low,med,#dfb0d6
10/01/2021,Q3_2122,Kensington and Chelsea,Relied on to be there,6604.0,0.62,low,med,#dfb0d6
10/01/2021,Q3_2122,Kensington and Chelsea,Listen to concerns,6604.0,0.63,low,med,#dfb0d6
10/01/2021,Q3_2122,Kensington and Chelsea,Informed local,6604.0,0.39,low,low,#e8e8e8
10/01/2021,Q3_2122,Kensington and Chelsea,Contact ward officer,6604.0,0.26,low,med,#dfb0d6
10/01/2022,Q3_2223,Kensington and Chelsea,Good job,6564.0,0.55,low,high,#be64ac
10/01/2022,Q3_2223,Kensington and Chelsea,Trust MPS,6564.0,0.75,low,high,#be64ac
10/01/2022,Q3_2223,Kensington and Chelsea,Fair treatment,6564.0,0.64,low,med,#dfb0d6
10/01/2022,Q3_2223,Kensington and Chelsea,Dealing issues,6564.0,0.57,low,med,#dfb0d6
10/01/2023,Q3_2324,Kensington and Chelsea,Good job,7744.0,0.61,med,high,#8c62aa
10/01/2023,Q3_2324,Kensington and Chelsea,Trust MPS,7744.0,0.8,med,high,#8c62aa
10/01/2023,Q3_2324,Kensington and Chelsea,Fair treatment,7744.0,0.75,med,high,#8c62aa
10/01/2023,Q3_2324,Kensington and Chelsea,Dealing issues,7744.0,0.75,med,high,#8c62aa
10/01/2024,Q3_2425,Kensington and Chelsea,Good job,7536.0,0.51,low,high,#be64ac
10/01/2024,Q3_2425,Kensington and Chelsea,Trust MPS,7536.0,0.78,low,high,#be64ac
10/01/2024,Q3_2425,Kensington and Chelsea,Fair treatment,7536.0,0.68,low,high,#be64ac
10/01/2024,Q3_2425,Kensington and Chelsea,Dealing issues,7536.0,0.67,low,high,#be64ac
10/01/2025,Q3_2526,Kensington and Chelsea,Good job,6573.0,0.48,low,high,#be64ac
10/01/2025,Q3_2526,Kensington and Chelsea,Trust MPS,6573.0,0.73,low,med,#dfb0d6
10/01/2025,Q3_2526,Kensington and Chelsea,Fair treatment,6573.0,0.66,low,med,#dfb0d6
10/01/2025,Q3_2526,Kensington and Chelsea,S&S used fairly,6573.0,0.63,low,med,#dfb0d6
01/01/2022,Q4_2122,Kensington and Chelsea,Good job,6137.0,0.54,low,high,#be64ac
01/01/2022,Q4_2122,Kensington and Chelsea,Trust MPS,6137.0,0.78,low,high,#be64ac
01/01/2022,Q4_2122,Kensington and Chelsea,Fair treatment,6137.0,0.62,low,med,#dfb0d6
01/01/2022,Q4_2122,Kensington and Chelsea,Dealing issues,6137.0,0.6,low,med,#dfb0d6
01/01/2022,Q4_2122,Kensington and Chelsea,Relied on to be there,6137.0,0.61,low,high,#be64ac
01/01/2022,Q4_2122,Kensington and Chelsea,Listen to concerns,6137.0,0.59,low,low,#e8e8e8
01/01/2022,Q4_2122,Kensington and Chelsea,Informed local,6137.0,0.37,low,med,#dfb0d6
01/01/2022,Q4_2122,Kensington and Chelsea,Contact ward officer,6137.0,0.27,low,med,#dfb0d6
01/01/2023,Q4_2223,Kensington and Chelsea,Good job,6142.0,0.57,low,high,#be64ac
01/01/2023,Q4_2223,Kensington and Chelsea,Trust MPS,6142.0,0.78,low,high,#be64ac
01/01/2023,Q4_2223,Kensington and Chelsea,Fair treatment,6142.0,0.69,low,high,#be64ac
01/01/2023,Q4_2223,Kensington and Chelsea,Dealing issues,6142.0,0.63,low,high,#be64ac
01/01/2024,Q4_2324,Kensington and Chelsea,Good job,7135.0,0.59,low,high,#be64ac
01/01/2024,Q4_2324,Kensington and Chelsea,Trust MPS,7135.0,0.8,low,high,#be64ac
01/01/2024,Q4_2324,Kensington and Chelsea,Fair treatment,7135.0,0.73,low,high,#be64ac
01/01/2024,Q4_2324,Kensington and Chelsea,Dealing issues,7135.0,0.72,low,high,#be64ac
01/01/2025,Q4_2425,Kensington and Chelsea,Good job,6818.0,0.5,low,high,#be64ac
01/01/2025,Q4_2425,Kensington and Chelsea,Trust MPS,6818.0,0.76,low,med,#dfb0d6
01/01/2025,Q4_2425,Kensington and Chelsea,Fair treatment,6818.0,0.68,low,high,#be64ac
01/01/2025,Q4_2425,Kensington and Chelsea,Dealing issues,6818.0,0.65,low,high,#be64ac
04/01/2021,Q1_2122,Kingston upon Thames,Good job,3657.0,0.67,low,high,#be64ac
04/01/2021,Q1_2122,Kingston upon Thames,Trust MPS,3657.0,0.85,low,high,#be64ac
04/01/2021,Q1_2122,Kingston upon Thames,Fair treatment,3657.0,0.8,low,high,#be64ac
04/01/2021,Q1_2122,Kingston upon Thames,Dealing issues,3657.0,0.75,low,high,#be64ac
04/01/2021,Q1_2122,Kingston upon Thames,Relied on to be there,3657.0,0.64,low,med,#dfb0d6
04/01/2021,Q1_2122,Kingston upon Thames,Listen to concerns,3657.0,0.73,low,high,#be64ac
04/01/2021,Q1_2122,Kingston upon Thames,Informed local,3657.0,0.51,low,high,#be64ac
04/01/2021,Q1_2122,Kingston upon Thames,Contact ward officer,3657.0,0.32,low,high,#be64ac
04/01/2022,Q1_2223,Kingston upon Thames,Good job,3687.0,0.58,low,high,#be64ac
04/01/2022,Q1_2223,Kingston upon Thames,Trust MPS,3687.0,0.77,low,high,#be64ac
04/01/2022,Q1_2223,Kingston upon Thames,Fair treatment,3687.0,0.72,low,high,#be64ac
04/01/2022,Q1_2223,Kingston upon Thames,Dealing issues,3687.0,0.68,low,high,#be64ac
04/01/2023,Q1_2324,Kingston upon Thames,Good job,3986.0,0.47,low,med,#dfb0d6
04/01/2023,Q1_2324,Kingston upon Thames,Trust MPS,3986.0,0.76,low,high,#be64ac
04/01/2023,Q1_2324,Kingston upon Thames,Fair treatment,3986.0,0.61,low,med,#dfb0d6
04/01/2023,Q1_2324,Kingston upon Thames,Dealing issues,3986.0,0.57,low,med,#dfb0d6
04/01/2024,Q1_2425,Kingston upon Thames,Good job,3531.0,0.57,low,high,#be64ac
04/01/2024,Q1_2425,Kingston upon Thames,Trust MPS,3531.0,0.73,low,med,#dfb0d6
04/01/2024,Q1_2425,Kingston upon Thames,Fair treatment,3531.0,0.65,low,high,#be64ac
04/01/2024,Q1_2425,Kingston upon Thames,Dealing issues,3531.0,0.57,low,med,#dfb0d6
04/01/2025,Q1_2526,Kingston upon Thames,Good job,3698.0,0.52,low,high,#be64ac
04/01/2025,Q1_2526,Kingston upon Thames,Trust MPS,3698.0,0.81,low,high,#be64ac
04/01/2025,Q1_2526,Kingston upon Thames,Fair treatment,3698.0,0.68,low,high,#be64ac
04/01/2025,Q1_2526,Kingston upon Thames,S&S used fairly,3698.0,0.77,low,high,#be64ac
07/01/2021,Q2_2122,Kingston upon Thames,Good job,3790.0,0.67,low,high,#be64ac
07/01/2021,Q2_2122,Kingston upon Thames,Trust MPS,3790.0,0.86,low,high,#be64ac
07/01/2021,Q2_2122,Kingston upon Thames,Fair treatment,3790.0,0.78,low,high,#be64ac
07/01/2021,Q2_2122,Kingston upon Thames,Dealing issues,3790.0,0.71,low,high,#be64ac
07/01/2021,Q2_2122,Kingston upon Thames,Relied on to be there,3790.0,0.63,low,med,#dfb0d6
07/01/2021,Q2_2122,Kingston upon Thames,Listen to concerns,3790.0,0.69,low,high,#be64ac
07/01/2021,Q2_2122,Kingston upon Thames,Informed local,3790.0,0.52,low,high,#be64ac
07/01/2021,Q2_2122,Kingston upon Thames,Contact ward officer,3790.0,0.36,low,high,#be64ac
07/01/2022,Q2_2223,Kingston upon Thames,Good job,3461.0,0.58,low,high,#be64ac
07/01/2022,Q2_2223,Kingston upon Thames,Trust MPS,3461.0,0.78,low,high,#be64ac
07/01/2022,Q2_2223,Kingston upon Thames,Fair treatment,3461.0,0.71,low,high,#be64ac
07/01/2022,Q2_2223,Kingston upon Thames,Dealing issues,3461.0,0.67,low,high,#be64ac
07/01/2023,Q2_2324,Kingston upon Thames,Good job,3939.0,0.47,low,med,#dfb0d6
07/01/2023,Q2_2324,Kingston upon Thames,Trust MPS,3939.0,0.72,low,med,#dfb0d6
07/01/2023,Q2_2324,Kingston upon Thames,Fair treatment,3939.0,0.63,low,med,#dfb0d6
07/01/2023,Q2_2324,Kingston upon Thames,Dealing issues,3939.0,0.58,low,med,#dfb0d6
07/01/2024,Q2_2425,Kingston upon Thames,Good job,3827.0,0.55,low,high,#be64ac
07/01/2024,Q2_2425,Kingston upon Thames,Trust MPS,3827.0,0.75,low,med,#dfb0d6
07/01/2024,Q2_2425,Kingston upon Thames,Fair treatment,3827.0,0.63,low,med,#dfb0d6
07/01/2024,Q2_2425,Kingston upon Thames,Dealing issues,3827.0,0.55,low,med,#dfb0d6
07/01/2025,Q2_2526,Kingston upon Thames,Good job,3838.0,0.53,low,high,#be64ac
07/01/2025,Q2_2526,Kingston upon Thames,Trust MPS,3838.0,0.8,low,high,#be64ac
07/01/2025,Q2_2526,Kingston upon Thames,Fair treatment,3838.0,0.69,low,med,#dfb0d6
07/01/2025,Q2_2526,Kingston upon Thames,S&S used fairly,3838.0,0.76,low,high,#be64ac
10/01/2021,Q3_2122,Kingston upon Thames,Good job,3855.0,0.66,low,high,#be64ac
10/01/2021,Q3_2122,Kingston upon Thames,Trust MPS,3855.0,0.84,low,high,#be64ac
10/01/2021,Q3_2122,Kingston upon Thames,Fair treatment,3855.0,0.8,low,high,#be64ac
10/01/2021,Q3_2122,Kingston upon Thames,Dealing issues,3855.0,0.73,low,high,#be64ac
10/01/2021,Q3_2122,Kingston upon Thames,Relied on to be there,3855.0,0.64,low,high,#be64ac
10/01/2021,Q3_2122,Kingston upon Thames,Listen to concerns,3855.0,0.71,low,high,#be64ac
10/01/2021,Q3_2122,Kingston upon Thames,Informed local,3855.0,0.51,low,high,#be64ac
10/01/2021,Q3_2122,Kingston upon Thames,Contact ward officer,3855.0,0.36,low,high,#be64ac
10/01/2022,Q3_2223,Kingston upon Thames,Good job,3646.0,0.53,low,high,#be64ac
10/01/2022,Q3_2223,Kingston upon Thames,Trust MPS,3646.0,0.76,low,high,#be64ac
10/01/2022,Q3_2223,Kingston upon Thames,Fair treatment,3646.0,0.65,low,med,#dfb0d6
10/01/2022,Q3_2223,Kingston upon Thames,Dealing issues,3646.0,0.6,low,med,#dfb0d6
10/01/2023,Q3_2324,Kingston upon Thames,Good job,3828.0,0.51,low,high,#be64ac
10/01/2023,Q3_2324,Kingston upon Thames,Trust MPS,3828.0,0.72,low,med,#dfb0d6
10/01/2023,Q3_2324,Kingston upon Thames,Fair treatment,3828.0,0.62,low,med,#dfb0d6
10/01/2023,Q3_2324,Kingston upon Thames,Dealing issues,3828.0,0.6,low,high,#be64ac
10/01/2024,Q3_2425,Kingston upon Thames,Good job,3520.0,0.54,low,high,#be64ac
10/01/2024,Q3_2425,Kingston upon Thames,Trust MPS,3520.0,0.77,low,high,#be64ac
10/01/2024,Q3_2425,Kingston upon Thames,Fair treatment,3520.0,0.66,low,med,#dfb0d6
10/01/2024,Q3_2425,Kingston upon Thames,Dealing issues,3520.0,0.53,low,med,#dfb0d6
10/01/2025,Q3_2526,Kingston upon Thames,Good job,3916.0,0.53,low,high,#be64ac
10/01/2025,Q3_2526,Kingston upon Thames,Trust MPS,3916.0,0.78,low,high,#be64ac
10/01/2025,Q3_2526,Kingston upon Thames,Fair treatment,3916.0,0.7,low,high,#be64ac
10/01/2025,Q3_2526,Kingston upon Thames,S&S used fairly,3916.0,0.73,low,high,#be64ac
01/01/2022,Q4_2122,Kingston upon Thames,Good job,3651.0,0.62,low,high,#be64ac
01/01/2022,Q4_2122,Kingston upon Thames,Trust MPS,3651.0,0.79,low,high,#be64ac
01/01/2022,Q4_2122,Kingston upon Thames,Fair treatment,3651.0,0.77,low,high,#be64ac
01/01/2022,Q4_2122,Kingston upon Thames,Dealing issues,3651.0,0.71,low,high,#be64ac
01/01/2022,Q4_2122,Kingston upon Thames,Relied on to be there,3651.0,0.61,low,high,#be64ac
01/01/2022,Q4_2122,Kingston upon Thames,Listen to concerns,3651.0,0.7,low,high,#be64ac
01/01/2022,Q4_2122,Kingston upon Thames,Informed local,3651.0,0.5,low,high,#be64ac
01/01/2022,Q4_2122,Kingston upon Thames,Contact ward officer,3651.0,0.38,low,high,#be64ac
01/01/2023,Q4_2223,Kingston upon Thames,Good job,3709.0,0.51,low,med,#dfb0d6
01/01/2023,Q4_2223,Kingston upon Thames,Trust MPS,3709.0,0.78,low,high,#be64ac
01/01/2023,Q4_2223,Kingston upon Thames,Fair treatment,3709.0,0.64,low,med,#dfb0d6
01/01/2023,Q4_2223,Kingston upon Thames,Dealing issues,3709.0,0.59,low,med,#dfb0d6
01/01/2024,Q4_2324,Kingston upon Thames,Good job,3579.0,0.54,low,high,#be64ac
01/01/2024,Q4_2324,Kingston upon Thames,Trust MPS,3579.0,0.71,low,med,#dfb0d6
01/01/2024,Q4_2324,Kingston upon Thames,Fair treatment,3579.0,0.62,low,med,#dfb0d6
01/01/2024,Q4_2324,Kingston upon Thames,Dealing issues,3579.0,0.59,low,med,#dfb0d6
01/01/2025,Q4_2425,Kingston upon Thames,Good job,3659.0,0.54,low,high,#be64ac
01/01/2025,Q4_2425,Kingston upon Thames,Trust MPS,3659.0,0.8,low,high,#be64ac
01/01/2025,Q4_2425,Kingston upon Thames,Fair treatment,3659.0,0.67,low,high,#be64ac
01/01/2025,Q4_2425,Kingston upon Thames,Dealing issues,3659.0,0.54,low,med,#dfb0d6
04/01/2021,Q1_2122,Lambeth,Good job,10653.0,0.49,high,low,#5ac8c8
04/01/2021,Q1_2122,Lambeth,Trust MPS,10653.0,0.73,high,low,#5ac8c8
04/01/2021,Q1_2122,Lambeth,Fair treatment,10653.0,0.52,high,low,#5ac8c8
04/01/2021,Q1_2122,Lambeth,Dealing issues,10653.0,0.6,high,low,#5ac8c8
04/01/2021,Q1_2122,Lambeth,Relied on to be there,10653.0,0.64,high,med,#5698b9
04/01/2021,Q1_2122,Lambeth,Listen to concerns,10653.0,0.59,high,low,#5ac8c8
04/01/2021,Q1_2122,Lambeth,Informed local,10653.0,0.31,high,low,#5ac8c8
04/01/2021,Q1_2122,Lambeth,Contact ward officer,10653.0,0.17,high,low,#5ac8c8
04/01/2022,Q1_2223,Lambeth,Good job,10859.0,0.43,high,low,#5ac8c8
04/01/2022,Q1_2223,Lambeth,Trust MPS,10859.0,0.58,high,low,#5ac8c8
04/01/2022,Q1_2223,Lambeth,Fair treatment,10859.0,0.38,high,low,#5ac8c8
04/01/2022,Q1_2223,Lambeth,Dealing issues,10859.0,0.46,high,low,#5ac8c8
04/01/2023,Q1_2324,Lambeth,Good job,12312.0,0.44,high,low,#5ac8c8
04/01/2023,Q1_2324,Lambeth,Trust MPS,12312.0,0.6,high,low,#5ac8c8
04/01/2023,Q1_2324,Lambeth,Fair treatment,12312.0,0.51,high,low,#5ac8c8
04/01/2023,Q1_2324,Lambeth,Dealing issues,12312.0,0.46,high,low,#5ac8c8
04/01/2024,Q1_2425,Lambeth,Good job,13402.0,0.44,high,low,#5ac8c8
04/01/2024,Q1_2425,Lambeth,Trust MPS,13402.0,0.64,high,low,#5ac8c8
04/01/2024,Q1_2425,Lambeth,Fair treatment,13402.0,0.55,high,low,#5ac8c8
04/01/2024,Q1_2425,Lambeth,Dealing issues,13402.0,0.56,high,med,#5698b9
04/01/2025,Q1_2526,Lambeth,Good job,13324.0,0.44,high,med,#5698b9
04/01/2025,Q1_2526,Lambeth,Trust MPS,13324.0,0.71,high,low,#5ac8c8
04/01/2025,Q1_2526,Lambeth,Fair treatment,13324.0,0.56,high,low,#5ac8c8
04/01/2025,Q1_2526,Lambeth,S&S used fairly,13324.0,0.52,high,low,#5ac8c8
07/01/2021,Q2_2122,Lambeth,Good job,11912.0,0.48,high,low,#5ac8c8
07/01/2021,Q2_2122,Lambeth,Trust MPS,11912.0,0.69,high,low,#5ac8c8
07/01/2021,Q2_2122,Lambeth,Fair treatment,11912.0,0.47,high,low,#5ac8c8
07/01/2021,Q2_2122,Lambeth,Dealing issues,11912.0,0.56,high,low,#5ac8c8
07/01/2021,Q2_2122,Lambeth,Relied on to be there,11912.0,0.62,high,med,#5698b9
07/01/2021,Q2_2122,Lambeth,Listen to concerns,11912.0,0.53,high,low,#5ac8c8
07/01/2021,Q2_2122,Lambeth,Informed local,11912.0,0.3,high,low,#5ac8c8
07/01/2021,Q2_2122,Lambeth,Contact ward officer,11912.0,0.21,high,low,#5ac8c8
07/01/2022,Q2_2223,Lambeth,Good job,11636.0,0.42,high,low,#5ac8c8
07/01/2022,Q2_2223,Lambeth,Trust MPS,11636.0,0.53,high,low,#5ac8c8
07/01/2022,Q2_2223,Lambeth,Fair treatment,11636.0,0.39,high,low,#5ac8c8
07/01/2022,Q2_2223,Lambeth,Dealing issues,11636.0,0.43,high,low,#5ac8c8
07/01/2023,Q2_2324,Lambeth,Good job,12245.0,0.45,high,low,#5ac8c8
07/01/2023,Q2_2324,Lambeth,Trust MPS,12245.0,0.63,high,low,#5ac8c8
07/01/2023,Q2_2324,Lambeth,Fair treatment,12245.0,0.53,high,low,#5ac8c8
07/01/2023,Q2_2324,Lambeth,Dealing issues,12245.0,0.49,high,low,#5ac8c8
07/01/2024,Q2_2425,Lambeth,Good job,13793.0,0.44,high,med,#5698b9
07/01/2024,Q2_2425,Lambeth,Trust MPS,13793.0,0.68,high,low,#5ac8c8
07/01/2024,Q2_2425,Lambeth,Fair treatment,13793.0,0.57,high,low,#5ac8c8
07/01/2024,Q2_2425,Lambeth,Dealing issues,13793.0,0.56,high,med,#5698b9
07/01/2025,Q2_2526,Lambeth,Good job,13298.0,0.42,high,low,#5ac8c8
07/01/2025,Q2_2526,Lambeth,Trust MPS,13298.0,0.7,high,low,#5ac8c8
07/01/2025,Q2_2526,Lambeth,Fair treatment,13298.0,0.55,high,low,#5ac8c8
07/01/2025,Q2_2526,Lambeth,S&S used fairly,13298.0,0.54,high,low,#5ac8c8
10/01/2021,Q3_2122,Lambeth,Good job,10857.0,0.45,high,low,#5ac8c8
10/01/2021,Q3_2122,Lambeth,Trust MPS,10857.0,0.67,high,low,#5ac8c8
10/01/2021,Q3_2122,Lambeth,Fair treatment,10857.0,0.45,high,low,#5ac8c8
10/01/2021,Q3_2122,Lambeth,Dealing issues,10857.0,0.56,high,low,#5ac8c8
10/01/2021,Q3_2122,Lambeth,Relied on to be there,10857.0,0.57,high,low,#5ac8c8
10/01/2021,Q3_2122,Lambeth,Listen to concerns,10857.0,0.53,high,low,#5ac8c8
10/01/2021,Q3_2122,Lambeth,Informed local,10857.0,0.32,high,low,#5ac8c8
10/01/2021,Q3_2122,Lambeth,Contact ward officer,10857.0,0.22,high,low,#5ac8c8
10/01/2022,Q3_2223,Lambeth,Good job,10986.0,0.44,high,low,#5ac8c8
10/01/2022,Q3_2223,Lambeth,Trust MPS,10986.0,0.56,high,low,#5ac8c8
10/01/2022,Q3_2223,Lambeth,Fair treatment,10986.0,0.42,high,low,#5ac8c8
10/01/2022,Q3_2223,Lambeth,Dealing issues,10986.0,0.41,high,low,#5ac8c8
10/01/2023,Q3_2324,Lambeth,Good job,11913.0,0.46,high,low,#5ac8c8
10/01/2023,Q3_2324,Lambeth,Trust MPS,11913.0,0.63,high,low,#5ac8c8
10/01/2023,Q3_2324,Lambeth,Fair treatment,11913.0,0.55,high,low,#5ac8c8
10/01/2023,Q3_2324,Lambeth,Dealing issues,11913.0,0.55,high,med,#5698b9
10/01/2024,Q3_2425,Lambeth,Good job,12982.0,0.43,high,low,#5ac8c8
10/01/2024,Q3_2425,Lambeth,Trust MPS,12982.0,0.69,high,low,#5ac8c8
10/01/2024,Q3_2425,Lambeth,Fair treatment,12982.0,0.56,high,low,#5ac8c8
10/01/2024,Q3_2425,Lambeth,Dealing issues,12982.0,0.51,high,low,#5ac8c8
10/01/2025,Q3_2526,Lambeth,Good job,12196.0,0.36,high,low,#5ac8c8
10/01/2025,Q3_2526,Lambeth,Trust MPS,12196.0,0.66,high,low,#5ac8c8
10/01/2025,Q3_2526,Lambeth,Fair treatment,12196.0,0.53,high,low,#5ac8c8
10/01/2025,Q3_2526,Lambeth,S&S used fairly,12196.0,0.51,high,low,#5ac8c8
01/01/2022,Q4_2122,Lambeth,Good job,10318.0,0.4,high,low,#5ac8c8
01/01/2022,Q4_2122,Lambeth,Trust MPS,10318.0,0.6,high,low,#5ac8c8
01/01/2022,Q4_2122,Lambeth,Fair treatment,10318.0,0.39,high,low,#5ac8c8
01/01/2022,Q4_2122,Lambeth,Dealing issues,10318.0,0.46,high,low,#5ac8c8
01/01/2022,Q4_2122,Lambeth,Relied on to be there,10318.0,0.53,high,low,#5ac8c8
01/01/2022,Q4_2122,Lambeth,Listen to concerns,10318.0,0.45,high,low,#5ac8c8
01/01/2022,Q4_2122,Lambeth,Informed local,10318.0,0.31,high,low,#5ac8c8
01/01/2022,Q4_2122,Lambeth,Contact ward officer,10318.0,0.22,high,low,#5ac8c8
01/01/2023,Q4_2223,Lambeth,Good job,10858.0,0.48,high,low,#5ac8c8
01/01/2023,Q4_2223,Lambeth,Trust MPS,10858.0,0.6,high,low,#5ac8c8
01/01/2023,Q4_2223,Lambeth,Fair treatment,10858.0,0.49,high,low,#5ac8c8
01/01/2023,Q4_2223,Lambeth,Dealing issues,10858.0,0.47,high,low,#5ac8c8
01/01/2024,Q4_2324,Lambeth,Good job,12129.0,0.45,high,low,#5ac8c8
01/01/2024,Q4_2324,Lambeth,Trust MPS,12129.0,0.64,high,low,#5ac8c8
01/01/2024,Q4_2324,Lambeth,Fair treatment,12129.0,0.55,high,low,#5ac8c8
01/01/2024,Q4_2324,Lambeth,Dealing issues,12129.0,0.56,high,med,#5698b9
01/01/2025,Q4_2425,Lambeth,Good job,11595.0,0.43,high,low,#5ac8c8
01/01/2025,Q4_2425,Lambeth,Trust MPS,11595.0,0.69,high,low,#5ac8c8
01/01/2025,Q4_2425,Lambeth,Fair treatment,11595.0,0.55,high,low,#5ac8c8
01/01/2025,Q4_2425,Lambeth,Dealing issues,11595.0,0.49,high,low,#5ac8c8
04/01/2021,Q1_2122,Lewisham,Good job,8914.0,0.46,med,low,#ace4e4
04/01/2021,Q1_2122,Lewisham,Trust MPS,8914.0,0.67,med,low,#ace4e4
04/01/2021,Q1_2122,Lewisham,Fair treatment,8914.0,0.55,med,low,#ace4e4
04/01/2021,Q1_2122,Lewisham,Dealing issues,8914.0,0.58,med,low,#ace4e4
04/01/2021,Q1_2122,Lewisham,Relied on to be there,8914.0,0.6,med,low,#ace4e4
04/01/2021,Q1_2122,Lewisham,Listen to concerns,8914.0,0.55,med,low,#ace4e4
04/01/2021,Q1_2122,Lewisham,Informed local,8914.0,0.27,med,low,#ace4e4
04/01/2021,Q1_2122,Lewisham,Contact ward officer,8914.0,0.17,med,low,#ace4e4
04/01/2022,Q1_2223,Lewisham,Good job,9098.0,0.4,med,low,#ace4e4
04/01/2022,Q1_2223,Lewisham,Trust MPS,9098.0,0.64,med,low,#ace4e4
04/01/2022,Q1_2223,Lewisham,Fair treatment,9098.0,0.5,med,low,#ace4e4
04/01/2022,Q1_2223,Lewisham,Dealing issues,9098.0,0.51,med,low,#ace4e4
04/01/2023,Q1_2324,Lewisham,Good job,10441.0,0.41,high,low,#5ac8c8
04/01/2023,Q1_2324,Lewisham,Trust MPS,10441.0,0.59,high,low,#5ac8c8
04/01/2023,Q1_2324,Lewisham,Fair treatment,10441.0,0.5,high,low,#5ac8c8
04/01/2023,Q1_2324,Lewisham,Dealing issues,10441.0,0.46,high,low,#5ac8c8
04/01/2024,Q1_2425,Lewisham,Good job,10336.0,0.46,high,med,#5698b9
04/01/2024,Q1_2425,Lewisham,Trust MPS,10336.0,0.63,high,low,#5ac8c8
04/01/2024,Q1_2425,Lewisham,Fair treatment,10336.0,0.56,high,low,#5ac8c8
04/01/2024,Q1_2425,Lewisham,Dealing issues,10336.0,0.47,high,low,#5ac8c8
04/01/2025,Q1_2526,Lewisham,Good job,10151.0,0.38,med,low,#ace4e4
04/01/2025,Q1_2526,Lewisham,Trust MPS,10151.0,0.65,med,low,#ace4e4
04/01/2025,Q1_2526,Lewisham,Fair treatment,10151.0,0.54,med,low,#ace4e4
04/01/2025,Q1_2526,Lewisham,S&S used fairly,10151.0,0.42,med,low,#ace4e4
07/01/2021,Q2_2122,Lewisham,Good job,8733.0,0.43,med,low,#ace4e4
07/01/2021,Q2_2122,Lewisham,Trust MPS,8733.0,0.68,med,low,#ace4e4
07/01/2021,Q2_2122,Lewisham,Fair treatment,8733.0,0.55,med,low,#ace4e4
07/01/2021,Q2_2122,Lewisham,Dealing issues,8733.0,0.56,med,low,#ace4e4
07/01/2021,Q2_2122,Lewisham,Relied on to be there,8733.0,0.56,med,low,#ace4e4
07/01/2021,Q2_2122,Lewisham,Listen to concerns,8733.0,0.55,med,low,#ace4e4
07/01/2021,Q2_2122,Lewisham,Informed local,8733.0,0.27,med,low,#ace4e4
07/01/2021,Q2_2122,Lewisham,Contact ward officer,8733.0,0.2,med,low,#ace4e4
07/01/2022,Q2_2223,Lewisham,Good job,9264.0,0.43,med,low,#ace4e4
07/01/2022,Q2_2223,Lewisham,Trust MPS,9264.0,0.65,med,low,#ace4e4
07/01/2022,Q2_2223,Lewisham,Fair treatment,9264.0,0.53,med,low,#ace4e4
07/01/2022,Q2_2223,Lewisham,Dealing issues,9264.0,0.51,med,low,#ace4e4
07/01/2023,Q2_2324,Lewisham,Good job,10364.0,0.42,high,low,#5ac8c8
07/01/2023,Q2_2324,Lewisham,Trust MPS,10364.0,0.57,high,low,#5ac8c8
07/01/2023,Q2_2324,Lewisham,Fair treatment,10364.0,0.51,high,low,#5ac8c8
07/01/2023,Q2_2324,Lewisham,Dealing issues,10364.0,0.45,high,low,#5ac8c8
07/01/2024,Q2_2425,Lewisham,Good job,10602.0,0.41,high,low,#5ac8c8
07/01/2024,Q2_2425,Lewisham,Trust MPS,10602.0,0.62,high,low,#5ac8c8
07/01/2024,Q2_2425,Lewisham,Fair treatment,10602.0,0.55,high,low,#5ac8c8
07/01/2024,Q2_2425,Lewisham,Dealing issues,10602.0,0.48,high,low,#5ac8c8
07/01/2025,Q2_2526,Lewisham,Good job,9812.0,0.43,med,low,#ace4e4
07/01/2025,Q2_2526,Lewisham,Trust MPS,9812.0,0.64,med,low,#ace4e4
07/01/2025,Q2_2526,Lewisham,Fair treatment,9812.0,0.55,med,low,#ace4e4
07/01/2025,Q2_2526,Lewisham,S&S used fairly,9812.0,0.43,med,low,#ace4e4
10/01/2021,Q3_2122,Lewisham,Good job,9163.0,0.44,med,low,#ace4e4
10/01/2021,Q3_2122,Lewisham,Trust MPS,9163.0,0.68,med,low,#ace4e4
10/01/2021,Q3_2122,Lewisham,Fair treatment,9163.0,0.52,med,low,#ace4e4
10/01/2021,Q3_2122,Lewisham,Dealing issues,9163.0,0.56,med,low,#ace4e4
10/01/2021,Q3_2122,Lewisham,Relied on to be there,9163.0,0.55,med,low,#ace4e4
10/01/2021,Q3_2122,Lewisham,Listen to concerns,9163.0,0.57,med,low,#ace4e4
10/01/2021,Q3_2122,Lewisham,Informed local,9163.0,0.27,med,low,#ace4e4
10/01/2021,Q3_2122,Lewisham,Contact ward officer,9163.0,0.18,med,low,#ace4e4
10/01/2022,Q3_2223,Lewisham,Good job,8811.0,0.39,med,low,#ace4e4
10/01/2022,Q3_2223,Lewisham,Trust MPS,8811.0,0.64,med,low,#ace4e4
10/01/2022,Q3_2223,Lewisham,Fair treatment,8811.0,0.52,med,low,#ace4e4
10/01/2022,Q3_2223,Lewisham,Dealing issues,8811.0,0.47,med,low,#ace4e4
10/01/2023,Q3_2324,Lewisham,Good job,9498.0,0.45,med,low,#ace4e4
10/01/2023,Q3_2324,Lewisham,Trust MPS,9498.0,0.56,med,low,#ace4e4
10/01/2023,Q3_2324,Lewisham,Fair treatment,9498.0,0.5,med,low,#ace4e4
10/01/2023,Q3_2324,Lewisham,Dealing issues,9498.0,0.46,med,low,#ace4e4
10/01/2024,Q3_2425,Lewisham,Good job,10101.0,0.38,med,low,#ace4e4
10/01/2024,Q3_2425,Lewisham,Trust MPS,10101.0,0.62,med,low,#ace4e4
10/01/2024,Q3_2425,Lewisham,Fair treatment,10101.0,0.52,med,low,#ace4e4
10/01/2024,Q3_2425,Lewisham,Dealing issues,10101.0,0.44,med,low,#ace4e4
10/01/2025,Q3_2526,Lewisham,Good job,9689.0,0.46,high,med,#5698b9
10/01/2025,Q3_2526,Lewisham,Trust MPS,9689.0,0.63,high,low,#5ac8c8
10/01/2025,Q3_2526,Lewisham,Fair treatment,9689.0,0.58,high,low,#5ac8c8
10/01/2025,Q3_2526,Lewisham,S&S used fairly,9689.0,0.44,high,low,#5ac8c8
01/01/2022,Q4_2122,Lewisham,Good job,8803.0,0.4,med,low,#ace4e4
01/01/2022,Q4_2122,Lewisham,Trust MPS,8803.0,0.67,med,low,#ace4e4
01/01/2022,Q4_2122,Lewisham,Fair treatment,8803.0,0.49,med,low,#ace4e4
01/01/2022,Q4_2122,Lewisham,Dealing issues,8803.0,0.54,med,low,#ace4e4
01/01/2022,Q4_2122,Lewisham,Relied on to be there,8803.0,0.5,med,low,#ace4e4
01/01/2022,Q4_2122,Lewisham,Listen to concerns,8803.0,0.53,med,low,#ace4e4
01/01/2022,Q4_2122,Lewisham,Informed local,8803.0,0.26,med,low,#ace4e4
01/01/2022,Q4_2122,Lewisham,Contact ward officer,8803.0,0.21,med,low,#ace4e4
01/01/2023,Q4_2223,Lewisham,Good job,9358.0,0.42,med,low,#ace4e4
01/01/2023,Q4_2223,Lewisham,Trust MPS,9358.0,0.61,med,low,#ace4e4
01/01/2023,Q4_2223,Lewisham,Fair treatment,9358.0,0.53,med,low,#ace4e4
01/01/2023,Q4_2223,Lewisham,Dealing issues,9358.0,0.46,med,low,#ace4e4
01/01/2024,Q4_2324,Lewisham,Good job,9680.0,0.46,high,med,#5698b9
01/01/2024,Q4_2324,Lewisham,Trust MPS,9680.0,0.59,high,low,#5ac8c8
01/01/2024,Q4_2324,Lewisham,Fair treatment,9680.0,0.53,high,low,#5ac8c8
01/01/2024,Q4_2324,Lewisham,Dealing issues,9680.0,0.47,high,low,#5ac8c8
01/01/2025,Q4_2425,Lewisham,Good job,8933.0,0.38,med,low,#ace4e4
01/01/2025,Q4_2425,Lewisham,Trust MPS,8933.0,0.64,med,low,#ace4e4
01/01/2025,Q4_2425,Lewisham,Fair treatment,8933.0,0.53,med,low,#ace4e4
01/01/2025,Q4_2425,Lewisham,Dealing issues,8933.0,0.47,med,low,#ace4e4
04/01/2021,Q1_2122,Merton,Good job,4260.0,0.6,low,high,#be64ac
04/01/2021,Q1_2122,Merton,Trust MPS,4260.0,0.79,low,med,#dfb0d6
04/01/2021,Q1_2122,Merton,Fair treatment,4260.0,0.69,low,med,#dfb0d6
04/01/2021,Q1_2122,Merton,Dealing issues,4260.0,0.67,low,med,#dfb0d6
04/01/2021,Q1_2122,Merton,Relied on to be there,4260.0,0.63,low,med,#dfb0d6
04/01/2021,Q1_2122,Merton,Listen to concerns,4260.0,0.68,low,med,#dfb0d6
04/01/2021,Q1_2122,Merton,Informed local,4260.0,0.47,low,high,#be64ac
04/01/2021,Q1_2122,Merton,Contact ward officer,4260.0,0.3,low,high,#be64ac
04/01/2022,Q1_2223,Merton,Good job,4572.0,0.5,low,med,#dfb0d6
04/01/2022,Q1_2223,Merton,Trust MPS,4572.0,0.75,low,med,#dfb0d6
04/01/2022,Q1_2223,Merton,Fair treatment,4572.0,0.58,low,low,#e8e8e8
04/01/2022,Q1_2223,Merton,Dealing issues,4572.0,0.6,low,med,#dfb0d6
04/01/2023,Q1_2324,Merton,Good job,4594.0,0.54,low,high,#be64ac
04/01/2023,Q1_2324,Merton,Trust MPS,4594.0,0.77,low,high,#be64ac
04/01/2023,Q1_2324,Merton,Fair treatment,4594.0,0.69,low,high,#be64ac
04/01/2023,Q1_2324,Merton,Dealing issues,4594.0,0.61,low,high,#be64ac
04/01/2024,Q1_2425,Merton,Good job,4447.0,0.54,low,high,#be64ac
04/01/2024,Q1_2425,Merton,Trust MPS,4447.0,0.76,low,high,#be64ac
04/01/2024,Q1_2425,Merton,Fair treatment,4447.0,0.63,low,med,#dfb0d6
04/01/2024,Q1_2425,Merton,Dealing issues,4447.0,0.58,low,med,#dfb0d6
04/01/2025,Q1_2526,Merton,Good job,4580.0,0.55,low,high,#be64ac
04/01/2025,Q1_2526,Merton,Trust MPS,4580.0,0.83,low,high,#be64ac
04/01/2025,Q1_2526,Merton,Fair treatment,4580.0,0.67,low,med,#dfb0d6
04/01/2025,Q1_2526,Merton,S&S used fairly,4580.0,0.68,low,high,#be64ac
07/01/2021,Q2_2122,Merton,Good job,4451.0,0.55,low,med,#dfb0d6
07/01/2021,Q2_2122,Merton,Trust MPS,4451.0,0.78,low,med,#dfb0d6
07/01/2021,Q2_2122,Merton,Fair treatment,4451.0,0.64,low,low,#e8e8e8
07/01/2021,Q2_2122,Merton,Dealing issues,4451.0,0.62,low,low,#e8e8e8
07/01/2021,Q2_2122,Merton,Relied on to be there,4451.0,0.57,low,low,#e8e8e8
07/01/2021,Q2_2122,Merton,Listen to concerns,4451.0,0.6,low,low,#e8e8e8
07/01/2021,Q2_2122,Merton,Informed local,4451.0,0.48,low,high,#be64ac
07/01/2021,Q2_2122,Merton,Contact ward officer,4451.0,0.3,low,high,#be64ac
07/01/2022,Q2_2223,Merton,Good job,4736.0,0.52,low,med,#dfb0d6
07/01/2022,Q2_2223,Merton,Trust MPS,4736.0,0.76,low,high,#be64ac
07/01/2022,Q2_2223,Merton,Fair treatment,4736.0,0.65,low,med,#dfb0d6
07/01/2022,Q2_2223,Merton,Dealing issues,4736.0,0.64,low,high,#be64ac
07/01/2023,Q2_2324,Merton,Good job,4956.0,0.52,low,high,#be64ac
07/01/2023,Q2_2324,Merton,Trust MPS,4956.0,0.75,low,high,#be64ac
07/01/2023,Q2_2324,Merton,Fair treatment,4956.0,0.66,low,med,#dfb0d6
07/01/2023,Q2_2324,Merton,Dealing issues,4956.0,0.59,low,high,#be64ac
07/01/2024,Q2_2425,Merton,Good job,4971.0,0.57,low,high,#be64ac
07/01/2024,Q2_2425,Merton,Trust MPS,4971.0,0.78,low,high,#be64ac
07/01/2024,Q2_2425,Merton,Fair treatment,4971.0,0.65,low,med,#dfb0d6
07/01/2024,Q2_2425,Merton,Dealing issues,4971.0,0.58,low,high,#be64ac
07/01/2025,Q2_2526,Merton,Good job,4567.0,0.56,low,high,#be64ac
07/01/2025,Q2_2526,Merton,Trust MPS,4567.0,0.85,low,high,#be64ac
07/01/2025,Q2_2526,Merton,Fair treatment,4567.0,0.69,low,med,#dfb0d6
07/01/2025,Q2_2526,Merton,S&S used fairly,4567.0,0.71,low,high,#be64ac
10/01/2021,Q3_2122,Merton,Good job,4150.0,0.52,low,med,#dfb0d6
10/01/2021,Q3_2122,Merton,Trust MPS,4150.0,0.77,low,med,#dfb0d6
10/01/2021,Q3_2122,Merton,Fair treatment,4150.0,0.61,low,low,#e8e8e8
10/01/2021,Q3_2122,Merton,Dealing issues,4150.0,0.62,low,med,#dfb0d6
10/01/2021,Q3_2122,Merton,Relied on to be there,4150.0,0.57,low,low,#e8e8e8
10/01/2021,Q3_2122,Merton,Listen to concerns,4150.0,0.6,low,low,#e8e8e8
10/01/2021,Q3_2122,Merton,Informed local,4150.0,0.44,low,high,#be64ac
10/01/2021,Q3_2122,Merton,Contact ward officer,4150.0,0.29,low,med,#dfb0d6
10/01/2022,Q3_2223,Merton,Good job,4413.0,0.53,low,high,#be64ac
10/01/2022,Q3_2223,Merton,Trust MPS,4413.0,0.77,low,high,#be64ac
10/01/2022,Q3_2223,Merton,Fair treatment,4413.0,0.69,low,high,#be64ac
10/01/2022,Q3_2223,Merton,Dealing issues,4413.0,0.62,low,high,#be64ac
10/01/2023,Q3_2324,Merton,Good job,4650.0,0.51,low,high,#be64ac
10/01/2023,Q3_2324,Merton,Trust MPS,4650.0,0.73,low,high,#be64ac
10/01/2023,Q3_2324,Merton,Fair treatment,4650.0,0.65,low,high,#be64ac
10/01/2023,Q3_2324,Merton,Dealing issues,4650.0,0.59,low,med,#dfb0d6
10/01/2024,Q3_2425,Merton,Good job,4472.0,0.58,low,high,#be64ac
10/01/2024,Q3_2425,Merton,Trust MPS,4472.0,0.81,low,high,#be64ac
10/01/2024,Q3_2425,Merton,Fair treatment,4472.0,0.65,low,med,#dfb0d6
10/01/2024,Q3_2425,Merton,Dealing issues,4472.0,0.58,low,high,#be64ac
10/01/2025,Q3_2526,Merton,Good job,4280.0,0.54,low,high,#be64ac
10/01/2025,Q3_2526,Merton,Trust MPS,4280.0,0.82,low,high,#be64ac
10/01/2025,Q3_2526,Merton,Fair treatment,4280.0,0.68,low,med,#dfb0d6
10/01/2025,Q3_2526,Merton,S&S used fairly,4280.0,0.68,low,high,#be64ac
01/01/2022,Q4_2122,Merton,Good job,4287.0,0.49,low,med,#dfb0d6
01/01/2022,Q4_2122,Merton,Trust MPS,4287.0,0.74,low,med,#dfb0d6
01/01/2022,Q4_2122,Merton,Fair treatment,4287.0,0.59,low,med,#dfb0d6
01/01/2022,Q4_2122,Merton,Dealing issues,4287.0,0.59,low,low,#e8e8e8
01/01/2022,Q4_2122,Merton,Relied on to be there,4287.0,0.54,low,low,#e8e8e8
01/01/2022,Q4_2122,Merton,Listen to concerns,4287.0,0.61,low,med,#dfb0d6
01/01/2022,Q4_2122,Merton,Informed local,4287.0,0.4,low,med,#dfb0d6
01/01/2022,Q4_2122,Merton,Contact ward officer,4287.0,0.3,low,high,#be64ac
01/01/2023,Q4_2223,Merton,Good job,4210.0,0.54,low,high,#be64ac
01/01/2023,Q4_2223,Merton,Trust MPS,4210.0,0.77,low,high,#be64ac
01/01/2023,Q4_2223,Merton,Fair treatment,4210.0,0.68,low,high,#be64ac
01/01/2023,Q4_2223,Merton,Dealing issues,4210.0,0.63,low,high,#be64ac
01/01/2024,Q4_2324,Merton,Good job,4443.0,0.53,low,high,#be64ac
01/01/2024,Q4_2324,Merton,Trust MPS,4443.0,0.75,low,high,#be64ac
01/01/2024,Q4_2324,Merton,Fair treatment,4443.0,0.63,low,med,#dfb0d6
01/01/2024,Q4_2324,Merton,Dealing issues,4443.0,0.58,low,med,#dfb0d6
01/01/2025,Q4_2425,Merton,Good job,4240.0,0.56,low,high,#be64ac
01/01/2025,Q4_2425,Merton,Trust MPS,4240.0,0.82,low,high,#be64ac
01/01/2025,Q4_2425,Merton,Fair treatment,4240.0,0.65,low,med,#dfb0d6
01/01/2025,Q4_2425,Merton,Dealing issues,4240.0,0.58,low,high,#be64ac
04/01/2021,Q1_2122,Newham,Good job,10698.0,0.47,high,low,#5ac8c8
04/01/2021,Q1_2122,Newham,Trust MPS,10698.0,0.8,high,med,#5698b9
04/01/2021,Q1_2122,Newham,Fair treatment,10698.0,0.73,high,high,#3b4994
04/01/2021,Q1_2122,Newham,Dealing issues,10698.0,0.67,high,med,#5698b9
04/01/2021,Q1_2122,Newham,Relied on to be there,10698.0,0.67,high,high,#3b4994
04/01/2021,Q1_2122,Newham,Listen to concerns,10698.0,0.67,high,med,#5698b9
04/01/2021,Q1_2122,Newham,Informed local,10698.0,0.39,high,low,#5ac8c8
04/01/2021,Q1_2122,Newham,Contact ward officer,10698.0,0.18,high,low,#5ac8c8
04/01/2022,Q1_2223,Newham,Good job,10999.0,0.44,high,low,#5ac8c8
04/01/2022,Q1_2223,Newham,Trust MPS,10999.0,0.68,high,low,#5ac8c8
04/01/2022,Q1_2223,Newham,Fair treatment,10999.0,0.6,high,med,#5698b9
04/01/2022,Q1_2223,Newham,Dealing issues,10999.0,0.66,high,high,#3b4994
04/01/2023,Q1_2324,Newham,Good job,12394.0,0.46,high,low,#5ac8c8
04/01/2023,Q1_2324,Newham,Trust MPS,12394.0,0.71,high,med,#5698b9
04/01/2023,Q1_2324,Newham,Fair treatment,12394.0,0.61,high,med,#5698b9
04/01/2023,Q1_2324,Newham,Dealing issues,12394.0,0.54,high,low,#5ac8c8
04/01/2024,Q1_2425,Newham,Good job,13550.0,0.46,high,med,#5698b9
04/01/2024,Q1_2425,Newham,Trust MPS,13550.0,0.79,high,high,#3b4994
04/01/2024,Q1_2425,Newham,Fair treatment,13550.0,0.67,high,high,#3b4994
04/01/2024,Q1_2425,Newham,Dealing issues,13550.0,0.58,high,med,#5698b9
04/01/2025,Q1_2526,Newham,Good job,13381.0,0.43,high,low,#5ac8c8
04/01/2025,Q1_2526,Newham,Trust MPS,13381.0,0.75,high,med,#5698b9
04/01/2025,Q1_2526,Newham,Fair treatment,13381.0,0.7,high,high,#3b4994
04/01/2025,Q1_2526,Newham,S&S used fairly,13381.0,0.51,high,low,#5ac8c8
07/01/2021,Q2_2122,Newham,Good job,11015.0,0.45,high,low,#5ac8c8
07/01/2021,Q2_2122,Newham,Trust MPS,11015.0,0.8,high,med,#5698b9
07/01/2021,Q2_2122,Newham,Fair treatment,11015.0,0.71,high,high,#3b4994
07/01/2021,Q2_2122,Newham,Dealing issues,11015.0,0.65,high,med,#5698b9
07/01/2021,Q2_2122,Newham,Relied on to be there,11015.0,0.65,high,high,#3b4994
07/01/2021,Q2_2122,Newham,Listen to concerns,11015.0,0.66,high,med,#5698b9
07/01/2021,Q2_2122,Newham,Informed local,11015.0,0.37,high,low,#5ac8c8
07/01/2021,Q2_2122,Newham,Contact ward officer,11015.0,0.19,high,low,#5ac8c8
07/01/2022,Q2_2223,Newham,Good job,10917.0,0.45,high,low,#5ac8c8
07/01/2022,Q2_2223,Newham,Trust MPS,10917.0,0.67,high,low,#5ac8c8
07/01/2022,Q2_2223,Newham,Fair treatment,10917.0,0.56,high,low,#5ac8c8
07/01/2022,Q2_2223,Newham,Dealing issues,10917.0,0.65,high,high,#3b4994
07/01/2023,Q2_2324,Newham,Good job,12709.0,0.46,high,med,#5698b9
07/01/2023,Q2_2324,Newham,Trust MPS,12709.0,0.72,high,med,#5698b9
07/01/2023,Q2_2324,Newham,Fair treatment,12709.0,0.65,high,med,#5698b9
07/01/2023,Q2_2324,Newham,Dealing issues,12709.0,0.54,high,med,#5698b9
07/01/2024,Q2_2425,Newham,Good job,13544.0,0.45,high,med,#5698b9
07/01/2024,Q2_2425,Newham,Trust MPS,13544.0,0.78,high,high,#3b4994
07/01/2024,Q2_2425,Newham,Fair treatment,13544.0,0.65,high,med,#5698b9
07/01/2024,Q2_2425,Newham,Dealing issues,13544.0,0.56,high,med,#5698b9
07/01/2025,Q2_2526,Newham,Good job,13285.0,0.43,high,low,#5ac8c8
07/01/2025,Q2_2526,Newham,Trust MPS,13285.0,0.76,high,med,#5698b9
07/01/2025,Q2_2526,Newham,Fair treatment,13285.0,0.71,high,high,#3b4994
07/01/2025,Q2_2526,Newham,S&S used fairly,13285.0,0.54,high,low,#5ac8c8
10/01/2021,Q3_2122,Newham,Good job,11765.0,0.46,high,low,#5ac8c8
10/01/2021,Q3_2122,Newham,Trust MPS,11765.0,0.77,high,med,#5698b9
10/01/2021,Q3_2122,Newham,Fair treatment,11765.0,0.66,high,med,#5698b9
10/01/2021,Q3_2122,Newham,Dealing issues,11765.0,0.65,high,med,#5698b9
10/01/2021,Q3_2122,Newham,Relied on to be there,11765.0,0.58,high,med,#5698b9
10/01/2021,Q3_2122,Newham,Listen to concerns,11765.0,0.63,high,med,#5698b9
10/01/2021,Q3_2122,Newham,Informed local,11765.0,0.39,high,low,#5ac8c8
10/01/2021,Q3_2122,Newham,Contact ward officer,11765.0,0.18,high,low,#5ac8c8
10/01/2022,Q3_2223,Newham,Good job,11398.0,0.45,high,low,#5ac8c8
10/01/2022,Q3_2223,Newham,Trust MPS,11398.0,0.7,high,med,#5698b9
10/01/2022,Q3_2223,Newham,Fair treatment,11398.0,0.57,high,med,#5698b9
10/01/2022,Q3_2223,Newham,Dealing issues,11398.0,0.63,high,high,#3b4994
10/01/2023,Q3_2324,Newham,Good job,13807.0,0.46,high,low,#5ac8c8
10/01/2023,Q3_2324,Newham,Trust MPS,13807.0,0.71,high,med,#5698b9
10/01/2023,Q3_2324,Newham,Fair treatment,13807.0,0.65,high,high,#3b4994
10/01/2023,Q3_2324,Newham,Dealing issues,13807.0,0.53,high,low,#5ac8c8
10/01/2024,Q3_2425,Newham,Good job,13852.0,0.43,high,low,#5ac8c8
10/01/2024,Q3_2425,Newham,Trust MPS,13852.0,0.76,high,med,#5698b9
10/01/2024,Q3_2425,Newham,Fair treatment,13852.0,0.68,high,high,#3b4994
10/01/2024,Q3_2425,Newham,Dealing issues,13852.0,0.53,high,med,#5698b9
10/01/2025,Q3_2526,Newham,Good job,13895.0,0.47,high,med,#5698b9
10/01/2025,Q3_2526,Newham,Trust MPS,13895.0,0.77,high,high,#3b4994
10/01/2025,Q3_2526,Newham,Fair treatment,13895.0,0.72,high,high,#3b4994
10/01/2025,Q3_2526,Newham,S&S used fairly,13895.0,0.52,high,low,#5ac8c8
01/01/2022,Q4_2122,Newham,Good job,11665.0,0.41,high,low,#5ac8c8
01/01/2022,Q4_2122,Newham,Trust MPS,11665.0,0.7,high,low,#5ac8c8
01/01/2022,Q4_2122,Newham,Fair treatment,11665.0,0.61,high,med,#5698b9
01/01/2022,Q4_2122,Newham,Dealing issues,11665.0,0.63,high,med,#5698b9
01/01/2022,Q4_2122,Newham,Relied on to be there,11665.0,0.51,high,low,#5ac8c8
01/01/2022,Q4_2122,Newham,Listen to concerns,11665.0,0.58,high,low,#5ac8c8
01/01/2022,Q4_2122,Newham,Informed local,11665.0,0.36,high,low,#5ac8c8
01/01/2022,Q4_2122,Newham,Contact ward officer,11665.0,0.18,high,low,#5ac8c8
01/01/2023,Q4_2223,Newham,Good job,11174.0,0.49,high,med,#5698b9
01/01/2023,Q4_2223,Newham,Trust MPS,11174.0,0.75,high,med,#5698b9
01/01/2023,Q4_2223,Newham,Fair treatment,11174.0,0.61,high,med,#5698b9
01/01/2023,Q4_2223,Newham,Dealing issues,11174.0,0.61,high,med,#5698b9
01/01/2024,Q4_2324,Newham,Good job,12968.0,0.45,high,low,#5ac8c8
01/01/2024,Q4_2324,Newham,Trust MPS,12968.0,0.73,high,med,#5698b9
01/01/2024,Q4_2324,Newham,Fair treatment,12968.0,0.66,high,high,#3b4994
01/01/2024,Q4_2324,Newham,Dealing issues,12968.0,0.56,high,med,#5698b9
01/01/2025,Q4_2425,Newham,Good job,13067.0,0.43,high,low,#5ac8c8
01/01/2025,Q4_2425,Newham,Trust MPS,13067.0,0.77,high,high,#3b4994
01/01/2025,Q4_2425,Newham,Fair treatment,13067.0,0.71,high,high,#3b4994
01/01/2025,Q4_2425,Newham,Dealing issues,13067.0,0.5,high,low,#5ac8c8
04/01/2021,Q1_2122,Redbridge,Good job,8070.0,0.48,med,low,#ace4e4
04/01/2021,Q1_2122,Redbridge,Trust MPS,8070.0,0.79,med,med,#a5add3
04/01/2021,Q1_2122,Redbridge,Fair treatment,8070.0,0.71,med,med,#a5add3
04/01/2021,Q1_2122,Redbridge,Dealing issues,8070.0,0.66,med,med,#a5add3
04/01/2021,Q1_2122,Redbridge,Relied on to be there,8070.0,0.6,med,low,#ace4e4
04/01/2021,Q1_2122,Redbridge,Listen to concerns,8070.0,0.66,med,med,#a5add3
04/01/2021,Q1_2122,Redbridge,Informed local,8070.0,0.44,med,med,#a5add3
04/01/2021,Q1_2122,Redbridge,Contact ward officer,8070.0,0.3,med,high,#8c62aa
04/01/2022,Q1_2223,Redbridge,Good job,7938.0,0.46,med,low,#ace4e4
04/01/2022,Q1_2223,Redbridge,Trust MPS,7938.0,0.72,med,med,#a5add3
04/01/2022,Q1_2223,Redbridge,Fair treatment,7938.0,0.67,med,med,#a5add3
04/01/2022,Q1_2223,Redbridge,Dealing issues,7938.0,0.58,med,low,#ace4e4
04/01/2023,Q1_2324,Redbridge,Good job,8289.0,0.46,med,low,#ace4e4
04/01/2023,Q1_2324,Redbridge,Trust MPS,8289.0,0.67,med,low,#ace4e4
04/01/2023,Q1_2324,Redbridge,Fair treatment,8289.0,0.66,med,med,#a5add3
04/01/2023,Q1_2324,Redbridge,Dealing issues,8289.0,0.57,med,med,#a5add3
04/01/2024,Q1_2425,Redbridge,Good job,8186.0,0.45,med,low,#ace4e4
04/01/2024,Q1_2425,Redbridge,Trust MPS,8186.0,0.72,med,med,#a5add3
04/01/2024,Q1_2425,Redbridge,Fair treatment,8186.0,0.68,med,high,#8c62aa
04/01/2024,Q1_2425,Redbridge,Dealing issues,8186.0,0.45,med,low,#ace4e4
04/01/2025,Q1_2526,Redbridge,Good job,8258.0,0.43,med,low,#ace4e4
04/01/2025,Q1_2526,Redbridge,Trust MPS,8258.0,0.76,med,med,#a5add3
04/01/2025,Q1_2526,Redbridge,Fair treatment,8258.0,0.72,med,high,#8c62aa
04/01/2025,Q1_2526,Redbridge,S&S used fairly,8258.0,0.57,med,low,#ace4e4
07/01/2021,Q2_2122,Redbridge,Good job,7854.0,0.44,med,low,#ace4e4
07/01/2021,Q2_2122,Redbridge,Trust MPS,7854.0,0.74,med,low,#ace4e4
07/01/2021,Q2_2122,Redbridge,Fair treatment,7854.0,0.67,med,med,#a5add3
07/01/2021,Q2_2122,Redbridge,Dealing issues,7854.0,0.58,med,low,#ace4e4
07/01/2021,Q2_2122,Redbridge,Relied on to be there,7854.0,0.51,med,low,#ace4e4
07/01/2021,Q2_2122,Redbridge,Listen to concerns,7854.0,0.6,med,low,#ace4e4
07/01/2021,Q2_2122,Redbridge,Informed local,7854.0,0.44,med,med,#a5add3
07/01/2021,Q2_2122,Redbridge,Contact ward officer,7854.0,0.34,med,high,#8c62aa
07/01/2022,Q2_2223,Redbridge,Good job,7574.0,0.51,med,med,#a5add3
07/01/2022,Q2_2223,Redbridge,Trust MPS,7574.0,0.73,med,med,#a5add3
07/01/2022,Q2_2223,Redbridge,Fair treatment,7574.0,0.68,med,med,#a5add3
07/01/2022,Q2_2223,Redbridge,Dealing issues,7574.0,0.63,med,med,#a5add3
07/01/2023,Q2_2324,Redbridge,Good job,8310.0,0.46,med,med,#a5add3
07/01/2023,Q2_2324,Redbridge,Trust MPS,8310.0,0.65,med,low,#ace4e4
07/01/2023,Q2_2324,Redbridge,Fair treatment,8310.0,0.65,med,med,#a5add3
07/01/2023,Q2_2324,Redbridge,Dealing issues,8310.0,0.51,med,low,#ace4e4
07/01/2024,Q2_2425,Redbridge,Good job,7826.0,0.43,low,med,#dfb0d6
07/01/2024,Q2_2425,Redbridge,Trust MPS,7826.0,0.74,low,med,#dfb0d6
07/01/2024,Q2_2425,Redbridge,Fair treatment,7826.0,0.71,low,high,#be64ac
07/01/2024,Q2_2425,Redbridge,Dealing issues,7826.0,0.49,low,low,#e8e8e8
07/01/2025,Q2_2526,Redbridge,Good job,8259.0,0.44,med,low,#ace4e4
07/01/2025,Q2_2526,Redbridge,Trust MPS,8259.0,0.76,med,med,#a5add3
07/01/2025,Q2_2526,Redbridge,Fair treatment,8259.0,0.71,med,high,#8c62aa
07/01/2025,Q2_2526,Redbridge,S&S used fairly,8259.0,0.57,med,med,#a5add3
10/01/2021,Q3_2122,Redbridge,Good job,8120.0,0.47,med,low,#ace4e4
10/01/2021,Q3_2122,Redbridge,Trust MPS,8120.0,0.73,med,low,#ace4e4
10/01/2021,Q3_2122,Redbridge,Fair treatment,8120.0,0.64,med,med,#a5add3
10/01/2021,Q3_2122,Redbridge,Dealing issues,8120.0,0.58,med,low,#ace4e4
10/01/2021,Q3_2122,Redbridge,Relied on to be there,8120.0,0.55,med,low,#ace4e4
10/01/2021,Q3_2122,Redbridge,Listen to concerns,8120.0,0.58,med,low,#ace4e4
10/01/2021,Q3_2122,Redbridge,Informed local,8120.0,0.41,med,med,#a5add3
10/01/2021,Q3_2122,Redbridge,Contact ward officer,8120.0,0.35,med,high,#8c62aa
10/01/2022,Q3_2223,Redbridge,Good job,7896.0,0.46,med,low,#ace4e4
10/01/2022,Q3_2223,Redbridge,Trust MPS,7896.0,0.72,med,med,#a5add3
10/01/2022,Q3_2223,Redbridge,Fair treatment,7896.0,0.69,med,high,#8c62aa
10/01/2022,Q3_2223,Redbridge,Dealing issues,7896.0,0.62,med,high,#8c62aa
10/01/2023,Q3_2324,Redbridge,Good job,8030.0,0.44,med,low,#ace4e4
10/01/2023,Q3_2324,Redbridge,Trust MPS,8030.0,0.64,med,low,#ace4e4
10/01/2023,Q3_2324,Redbridge,Fair treatment,8030.0,0.64,med,med,#a5add3
10/01/2023,Q3_2324,Redbridge,Dealing issues,8030.0,0.47,med,low,#ace4e4
10/01/2024,Q3_2425,Redbridge,Good job,8046.0,0.45,med,med,#a5add3
10/01/2024,Q3_2425,Redbridge,Trust MPS,8046.0,0.77,med,high,#8c62aa
10/01/2024,Q3_2425,Redbridge,Fair treatment,8046.0,0.74,med,high,#8c62aa
10/01/2024,Q3_2425,Redbridge,Dealing issues,8046.0,0.51,med,low,#ace4e4
10/01/2025,Q3_2526,Redbridge,Good job,8361.0,0.45,med,med,#a5add3
10/01/2025,Q3_2526,Redbridge,Trust MPS,8361.0,0.74,med,med,#a5add3
10/01/2025,Q3_2526,Redbridge,Fair treatment,8361.0,0.7,med,high,#8c62aa
10/01/2025,Q3_2526,Redbridge,S&S used fairly,8361.0,0.56,med,low,#ace4e4
01/01/2022,Q4_2122,Redbridge,Good job,7680.0,0.46,med,low,#ace4e4
01/01/2022,Q4_2122,Redbridge,Trust MPS,7680.0,0.72,med,low,#ace4e4
01/01/2022,Q4_2122,Redbridge,Fair treatment,7680.0,0.66,med,med,#a5add3
01/01/2022,Q4_2122,Redbridge,Dealing issues,7680.0,0.6,med,med,#a5add3
01/01/2022,Q4_2122,Redbridge,Relied on to be there,7680.0,0.54,med,low,#ace4e4
01/01/2022,Q4_2122,Redbridge,Listen to concerns,7680.0,0.59,med,low,#ace4e4
01/01/2022,Q4_2122,Redbridge,Informed local,7680.0,0.42,med,high,#8c62aa
01/01/2022,Q4_2122,Redbridge,Contact ward officer,7680.0,0.35,med,high,#8c62aa
01/01/2023,Q4_2223,Redbridge,Good job,7649.0,0.48,med,low,#ace4e4
01/01/2023,Q4_2223,Redbridge,Trust MPS,7649.0,0.7,med,med,#a5add3
01/01/2023,Q4_2223,Redbridge,Fair treatment,7649.0,0.66,med,med,#a5add3
01/01/2023,Q4_2223,Redbridge,Dealing issues,7649.0,0.6,med,med,#a5add3
01/01/2024,Q4_2324,Redbridge,Good job,8248.0,0.44,med,low,#ace4e4
01/01/2024,Q4_2324,Redbridge,Trust MPS,8248.0,0.67,med,low,#ace4e4
01/01/2024,Q4_2324,Redbridge,Fair treatment,8248.0,0.67,med,high,#8c62aa
01/01/2024,Q4_2324,Redbridge,Dealing issues,8248.0,0.46,med,low,#ace4e4
01/01/2025,Q4_2425,Redbridge,Good job,7605.0,0.43,med,low,#ace4e4
01/01/2025,Q4_2425,Redbridge,Trust MPS,7605.0,0.77,med,high,#8c62aa
01/01/2025,Q4_2425,Redbridge,Fair treatment,7605.0,0.7,med,high,#8c62aa
01/01/2025,Q4_2425,Redbridge,Dealing issues,7605.0,0.51,med,low,#ace4e4
04/01/2021,Q1_2122,Richmond upon Thames,Good job,3587.0,0.63,low,high,#be64ac
04/01/2021,Q1_2122,Richmond upon Thames,Trust MPS,3587.0,0.87,low,high,#be64ac
04/01/2021,Q1_2122,Richmond upon Thames,Fair treatment,3587.0,0.72,low,high,#be64ac
04/01/2021,Q1_2122,Richmond upon Thames,Dealing issues,3587.0,0.73,low,high,#be64ac
04/01/2021,Q1_2122,Richmond upon Thames,Relied on to be there,3587.0,0.63,low,med,#dfb0d6
04/01/2021,Q1_2122,Richmond upon Thames,Listen to concerns,3587.0,0.8,low,high,#be64ac
04/01/2021,Q1_2122,Richmond upon Thames,Informed local,3587.0,0.57,low,high,#be64ac
04/01/2021,Q1_2122,Richmond upon Thames,Contact ward officer,3587.0,0.31,low,high,#be64ac
04/01/2022,Q1_2223,Richmond upon Thames,Good job,3679.0,0.64,low,high,#be64ac
04/01/2022,Q1_2223,Richmond upon Thames,Trust MPS,3679.0,0.73,low,med,#dfb0d6
04/01/2022,Q1_2223,Richmond upon Thames,Fair treatment,3679.0,0.71,low,high,#be64ac
04/01/2022,Q1_2223,Richmond upon Thames,Dealing issues,3679.0,0.66,low,high,#be64ac
04/01/2023,Q1_2324,Richmond upon Thames,Good job,3664.0,0.53,low,high,#be64ac
04/01/2023,Q1_2324,Richmond upon Thames,Trust MPS,3664.0,0.69,low,med,#dfb0d6
04/01/2023,Q1_2324,Richmond upon Thames,Fair treatment,3664.0,0.6,low,med,#dfb0d6
04/01/2023,Q1_2324,Richmond upon Thames,Dealing issues,3664.0,0.5,low,low,#e8e8e8
04/01/2024,Q1_2425,Richmond upon Thames,Good job,3857.0,0.49,low,med,#dfb0d6
04/01/2024,Q1_2425,Richmond upon Thames,Trust MPS,3857.0,0.7,low,med,#dfb0d6
04/01/2024,Q1_2425,Richmond upon Thames,Fair treatment,3857.0,0.59,low,med,#dfb0d6
04/01/2024,Q1_2425,Richmond upon Thames,Dealing issues,3857.0,0.54,low,low,#e8e8e8
04/01/2025,Q1_2526,Richmond upon Thames,Good job,4053.0,0.5,low,high,#be64ac
04/01/2025,Q1_2526,Richmond upon Thames,Trust MPS,4053.0,0.77,low,high,#be64ac
04/01/2025,Q1_2526,Richmond upon Thames,Fair treatment,4053.0,0.64,low,med,#dfb0d6
04/01/2025,Q1_2526,Richmond upon Thames,S&S used fairly,4053.0,0.71,low,high,#be64ac
07/01/2021,Q2_2122,Richmond upon Thames,Good job,3447.0,0.65,low,high,#be64ac
07/01/2021,Q2_2122,Richmond upon Thames,Trust MPS,3447.0,0.84,low,high,#be64ac
07/01/2021,Q2_2122,Richmond upon Thames,Fair treatment,3447.0,0.73,low,high,#be64ac
07/01/2021,Q2_2122,Richmond upon Thames,Dealing issues,3447.0,0.67,low,med,#dfb0d6
07/01/2021,Q2_2122,Richmond upon Thames,Relied on to be there,3447.0,0.62,low,med,#dfb0d6
07/01/2021,Q2_2122,Richmond upon Thames,Listen to concerns,3447.0,0.73,low,high,#be64ac
07/01/2021,Q2_2122,Richmond upon Thames,Informed local,3447.0,0.54,low,high,#be64ac
07/01/2021,Q2_2122,Richmond upon Thames,Contact ward officer,3447.0,0.34,low,high,#be64ac
07/01/2022,Q2_2223,Richmond upon Thames,Good job,3441.0,0.6,low,high,#be64ac
07/01/2022,Q2_2223,Richmond upon Thames,Trust MPS,3441.0,0.74,low,med,#dfb0d6
07/01/2022,Q2_2223,Richmond upon Thames,Fair treatment,3441.0,0.66,low,med,#dfb0d6
07/01/2022,Q2_2223,Richmond upon Thames,Dealing issues,3441.0,0.64,low,high,#be64ac
07/01/2023,Q2_2324,Richmond upon Thames,Good job,4018.0,0.49,low,med,#dfb0d6
07/01/2023,Q2_2324,Richmond upon Thames,Trust MPS,4018.0,0.64,low,low,#e8e8e8
07/01/2023,Q2_2324,Richmond upon Thames,Fair treatment,4018.0,0.58,low,low,#e8e8e8
07/01/2023,Q2_2324,Richmond upon Thames,Dealing issues,4018.0,0.49,low,low,#e8e8e8
07/01/2024,Q2_2425,Richmond upon Thames,Good job,3945.0,0.52,low,high,#be64ac
07/01/2024,Q2_2425,Richmond upon Thames,Trust MPS,3945.0,0.77,low,high,#be64ac
07/01/2024,Q2_2425,Richmond upon Thames,Fair treatment,3945.0,0.63,low,med,#dfb0d6
07/01/2024,Q2_2425,Richmond upon Thames,Dealing issues,3945.0,0.55,low,med,#dfb0d6
07/01/2025,Q2_2526,Richmond upon Thames,Good job,3735.0,0.5,low,high,#be64ac
07/01/2025,Q2_2526,Richmond upon Thames,Trust MPS,3735.0,0.77,low,med,#dfb0d6
07/01/2025,Q2_2526,Richmond upon Thames,Fair treatment,3735.0,0.64,low,low,#e8e8e8
07/01/2025,Q2_2526,Richmond upon Thames,S&S used fairly,3735.0,0.72,low,high,#be64ac
10/01/2021,Q3_2122,Richmond upon Thames,Good job,3485.0,0.7,low,high,#be64ac
10/01/2021,Q3_2122,Richmond upon Thames,Trust MPS,3485.0,0.82,low,high,#be64ac
10/01/2021,Q3_2122,Richmond upon Thames,Fair treatment,3485.0,0.75,low,high,#be64ac
10/01/2021,Q3_2122,Richmond upon Thames,Dealing issues,3485.0,0.7,low,high,#be64ac
10/01/2021,Q3_2122,Richmond upon Thames,Relied on to be there,3485.0,0.62,low,med,#dfb0d6
10/01/2021,Q3_2122,Richmond upon Thames,Listen to concerns,3485.0,0.72,low,high,#be64ac
10/01/2021,Q3_2122,Richmond upon Thames,Informed local,3485.0,0.55,low,high,#be64ac
10/01/2021,Q3_2122,Richmond upon Thames,Contact ward officer,3485.0,0.37,low,high,#be64ac
10/01/2022,Q3_2223,Richmond upon Thames,Good job,3470.0,0.54,low,high,#be64ac
10/01/2022,Q3_2223,Richmond upon Thames,Trust MPS,3470.0,0.71,low,med,#dfb0d6
10/01/2022,Q3_2223,Richmond upon Thames,Fair treatment,3470.0,0.64,low,med,#dfb0d6
10/01/2022,Q3_2223,Richmond upon Thames,Dealing issues,3470.0,0.56,low,low,#e8e8e8
10/01/2023,Q3_2324,Richmond upon Thames,Good job,3609.0,0.49,low,med,#dfb0d6
10/01/2023,Q3_2324,Richmond upon Thames,Trust MPS,3609.0,0.66,low,low,#e8e8e8
10/01/2023,Q3_2324,Richmond upon Thames,Fair treatment,3609.0,0.57,low,low,#e8e8e8
10/01/2023,Q3_2324,Richmond upon Thames,Dealing issues,3609.0,0.55,low,med,#dfb0d6
10/01/2024,Q3_2425,Richmond upon Thames,Good job,3931.0,0.5,low,high,#be64ac
10/01/2024,Q3_2425,Richmond upon Thames,Trust MPS,3931.0,0.76,low,med,#dfb0d6
10/01/2024,Q3_2425,Richmond upon Thames,Fair treatment,3931.0,0.6,low,med,#dfb0d6
10/01/2024,Q3_2425,Richmond upon Thames,Dealing issues,3931.0,0.5,low,low,#e8e8e8
10/01/2025,Q3_2526,Richmond upon Thames,Good job,3390.0,0.5,low,high,#be64ac
10/01/2025,Q3_2526,Richmond upon Thames,Trust MPS,3390.0,0.75,low,med,#dfb0d6
10/01/2025,Q3_2526,Richmond upon Thames,Fair treatment,3390.0,0.65,low,med,#dfb0d6
10/01/2025,Q3_2526,Richmond upon Thames,S&S used fairly,3390.0,0.73,low,high,#be64ac
01/01/2022,Q4_2122,Richmond upon Thames,Good job,3469.0,0.67,low,high,#be64ac
01/01/2022,Q4_2122,Richmond upon Thames,Trust MPS,3469.0,0.77,low,med,#dfb0d6
01/01/2022,Q4_2122,Richmond upon Thames,Fair treatment,3469.0,0.75,low,high,#be64ac
01/01/2022,Q4_2122,Richmond upon Thames,Dealing issues,3469.0,0.69,low,high,#be64ac
01/01/2022,Q4_2122,Richmond upon Thames,Relied on to be there,3469.0,0.61,low,high,#be64ac
01/01/2022,Q4_2122,Richmond upon Thames,Listen to concerns,3469.0,0.71,low,high,#be64ac
01/01/2022,Q4_2122,Richmond upon Thames,Informed local,3469.0,0.53,low,high,#be64ac
01/01/2022,Q4_2122,Richmond upon Thames,Contact ward officer,3469.0,0.38,low,high,#be64ac
01/01/2023,Q4_2223,Richmond upon Thames,Good job,3581.0,0.53,low,high,#be64ac
01/01/2023,Q4_2223,Richmond upon Thames,Trust MPS,3581.0,0.69,low,low,#e8e8e8
01/01/2023,Q4_2223,Richmond upon Thames,Fair treatment,3581.0,0.6,low,low,#e8e8e8
01/01/2023,Q4_2223,Richmond upon Thames,Dealing issues,3581.0,0.53,low,low,#e8e8e8
01/01/2024,Q4_2324,Richmond upon Thames,Good job,3602.0,0.5,low,high,#be64ac
01/01/2024,Q4_2324,Richmond upon Thames,Trust MPS,3602.0,0.69,low,med,#dfb0d6
01/01/2024,Q4_2324,Richmond upon Thames,Fair treatment,3602.0,0.59,low,low,#e8e8e8
01/01/2024,Q4_2324,Richmond upon Thames,Dealing issues,3602.0,0.55,low,med,#dfb0d6
01/01/2025,Q4_2425,Richmond upon Thames,Good job,3445.0,0.49,low,high,#be64ac
01/01/2025,Q4_2425,Richmond upon Thames,Trust MPS,3445.0,0.77,low,high,#be64ac
01/01/2025,Q4_2425,Richmond upon Thames,Fair treatment,3445.0,0.62,low,med,#dfb0d6
01/01/2025,Q4_2425,Richmond upon Thames,Dealing issues,3445.0,0.51,low,low,#e8e8e8
04/01/2021,Q1_2122,Southwark,Good job,10560.0,0.54,high,med,#5698b9
04/01/2021,Q1_2122,Southwark,Trust MPS,10560.0,0.77,high,low,#5ac8c8
04/01/2021,Q1_2122,Southwark,Fair treatment,10560.0,0.58,high,low,#5ac8c8
04/01/2021,Q1_2122,Southwark,Dealing issues,10560.0,0.62,high,low,#5ac8c8
04/01/2021,Q1_2122,Southwark,Relied on to be there,10560.0,0.59,high,low,#5ac8c8
04/01/2021,Q1_2122,Southwark,Listen to concerns,10560.0,0.62,high,low,#5ac8c8
04/01/2021,Q1_2122,Southwark,Informed local,10560.0,0.37,high,low,#5ac8c8
04/01/2021,Q1_2122,Southwark,Contact ward officer,10560.0,0.22,high,low,#5ac8c8
04/01/2022,Q1_2223,Southwark,Good job,11844.0,0.48,high,med,#5698b9
04/01/2022,Q1_2223,Southwark,Trust MPS,11844.0,0.72,high,med,#5698b9
04/01/2022,Q1_2223,Southwark,Fair treatment,11844.0,0.51,high,low,#5ac8c8
04/01/2022,Q1_2223,Southwark,Dealing issues,11844.0,0.56,high,low,#5ac8c8
04/01/2023,Q1_2324,Southwark,Good job,13239.0,0.47,high,med,#5698b9
04/01/2023,Q1_2324,Southwark,Trust MPS,13239.0,0.64,high,low,#5ac8c8
04/01/2023,Q1_2324,Southwark,Fair treatment,13239.0,0.51,high,low,#5ac8c8
04/01/2023,Q1_2324,Southwark,Dealing issues,13239.0,0.48,high,low,#5ac8c8
04/01/2024,Q1_2425,Southwark,Good job,13238.0,0.4,high,low,#5ac8c8
04/01/2024,Q1_2425,Southwark,Trust MPS,13238.0,0.65,high,low,#5ac8c8
04/01/2024,Q1_2425,Southwark,Fair treatment,13238.0,0.56,high,low,#5ac8c8
04/01/2024,Q1_2425,Southwark,Dealing issues,13238.0,0.56,high,med,#5698b9
04/01/2025,Q1_2526,Southwark,Good job,13850.0,0.44,high,med,#5698b9
04/01/2025,Q1_2526,Southwark,Trust MPS,13850.0,0.65,high,low,#5ac8c8
04/01/2025,Q1_2526,Southwark,Fair treatment,13850.0,0.57,high,low,#5ac8c8
04/01/2025,Q1_2526,Southwark,S&S used fairly,13850.0,0.47,high,low,#5ac8c8
07/01/2021,Q2_2122,Southwark,Good job,10990.0,0.48,high,low,#5ac8c8
07/01/2021,Q2_2122,Southwark,Trust MPS,10990.0,0.75,high,low,#5ac8c8
07/01/2021,Q2_2122,Southwark,Fair treatment,10990.0,0.54,high,low,#5ac8c8
07/01/2021,Q2_2122,Southwark,Dealing issues,10990.0,0.59,high,low,#5ac8c8
07/01/2021,Q2_2122,Southwark,Relied on to be there,10990.0,0.57,high,low,#5ac8c8
07/01/2021,Q2_2122,Southwark,Listen to concerns,10990.0,0.58,high,low,#5ac8c8
07/01/2021,Q2_2122,Southwark,Informed local,10990.0,0.36,high,low,#5ac8c8
07/01/2021,Q2_2122,Southwark,Contact ward officer,10990.0,0.24,high,med,#5698b9
07/01/2022,Q2_2223,Southwark,Good job,11485.0,0.54,high,high,#3b4994
07/01/2022,Q2_2223,Southwark,Trust MPS,11485.0,0.73,high,med,#5698b9
07/01/2022,Q2_2223,Southwark,Fair treatment,11485.0,0.53,high,low,#5ac8c8
07/01/2022,Q2_2223,Southwark,Dealing issues,11485.0,0.59,high,low,#5ac8c8
07/01/2023,Q2_2324,Southwark,Good job,13090.0,0.44,high,low,#5ac8c8
07/01/2023,Q2_2324,Southwark,Trust MPS,13090.0,0.61,high,low,#5ac8c8
07/01/2023,Q2_2324,Southwark,Fair treatment,13090.0,0.5,high,low,#5ac8c8
07/01/2023,Q2_2324,Southwark,Dealing issues,13090.0,0.48,high,low,#5ac8c8
07/01/2024,Q2_2425,Southwark,Good job,13780.0,0.41,high,low,#5ac8c8
07/01/2024,Q2_2425,Southwark,Trust MPS,13780.0,0.66,high,low,#5ac8c8
07/01/2024,Q2_2425,Southwark,Fair treatment,13780.0,0.58,high,low,#5ac8c8
07/01/2024,Q2_2425,Southwark,Dealing issues,13780.0,0.55,high,med,#5698b9
07/01/2025,Q2_2526,Southwark,Good job,13728.0,0.43,high,low,#5ac8c8
07/01/2025,Q2_2526,Southwark,Trust MPS,13728.0,0.66,high,low,#5ac8c8
07/01/2025,Q2_2526,Southwark,Fair treatment,13728.0,0.59,high,low,#5ac8c8
07/01/2025,Q2_2526,Southwark,S&S used fairly,13728.0,0.49,high,low,#5ac8c8
10/01/2021,Q3_2122,Southwark,Good job,10425.0,0.5,high,med,#5698b9
10/01/2021,Q3_2122,Southwark,Trust MPS,10425.0,0.76,high,med,#5698b9
10/01/2021,Q3_2122,Southwark,Fair treatment,10425.0,0.52,high,low,#5ac8c8
10/01/2021,Q3_2122,Southwark,Dealing issues,10425.0,0.61,high,low,#5ac8c8
10/01/2021,Q3_2122,Southwark,Relied on to be there,10425.0,0.54,high,low,#5ac8c8
10/01/2021,Q3_2122,Southwark,Listen to concerns,10425.0,0.61,high,med,#5698b9
10/01/2021,Q3_2122,Southwark,Informed local,10425.0,0.32,high,low,#5ac8c8
10/01/2021,Q3_2122,Southwark,Contact ward officer,10425.0,0.25,high,med,#5698b9
10/01/2022,Q3_2223,Southwark,Good job,11290.0,0.49,high,med,#5698b9
10/01/2022,Q3_2223,Southwark,Trust MPS,11290.0,0.66,high,low,#5ac8c8
10/01/2022,Q3_2223,Southwark,Fair treatment,11290.0,0.52,high,low,#5ac8c8
10/01/2022,Q3_2223,Southwark,Dealing issues,11290.0,0.52,high,low,#5ac8c8
10/01/2023,Q3_2324,Southwark,Good job,12860.0,0.42,high,low,#5ac8c8
10/01/2023,Q3_2324,Southwark,Trust MPS,12860.0,0.63,high,low,#5ac8c8
10/01/2023,Q3_2324,Southwark,Fair treatment,12860.0,0.5,high,low,#5ac8c8
10/01/2023,Q3_2324,Southwark,Dealing issues,12860.0,0.49,high,low,#5ac8c8
10/01/2024,Q3_2425,Southwark,Good job,14417.0,0.41,high,low,#5ac8c8
10/01/2024,Q3_2425,Southwark,Trust MPS,14417.0,0.65,high,low,#5ac8c8
10/01/2024,Q3_2425,Southwark,Fair treatment,14417.0,0.58,high,low,#5ac8c8
10/01/2024,Q3_2425,Southwark,Dealing issues,14417.0,0.53,high,med,#5698b9
10/01/2025,Q3_2526,Southwark,Good job,13305.0,0.42,high,low,#5ac8c8
10/01/2025,Q3_2526,Southwark,Trust MPS,13305.0,0.61,high,low,#5ac8c8
10/01/2025,Q3_2526,Southwark,Fair treatment,13305.0,0.57,high,low,#5ac8c8
10/01/2025,Q3_2526,Southwark,S&S used fairly,13305.0,0.43,high,low,#5ac8c8
01/01/2022,Q4_2122,Southwark,Good job,10139.0,0.48,high,med,#5698b9
01/01/2022,Q4_2122,Southwark,Trust MPS,10139.0,0.73,high,med,#5698b9
01/01/2022,Q4_2122,Southwark,Fair treatment,10139.0,0.51,high,low,#5ac8c8
01/01/2022,Q4_2122,Southwark,Dealing issues,10139.0,0.59,high,low,#5ac8c8
01/01/2022,Q4_2122,Southwark,Relied on to be there,10139.0,0.52,high,low,#5ac8c8
01/01/2022,Q4_2122,Southwark,Listen to concerns,10139.0,0.59,high,low,#5ac8c8
01/01/2022,Q4_2122,Southwark,Informed local,10139.0,0.3,high,low,#5ac8c8
01/01/2022,Q4_2122,Southwark,Contact ward officer,10139.0,0.27,high,med,#5698b9
01/01/2023,Q4_2223,Southwark,Good job,11409.0,0.5,high,med,#5698b9
01/01/2023,Q4_2223,Southwark,Trust MPS,11409.0,0.65,high,low,#5ac8c8
01/01/2023,Q4_2223,Southwark,Fair treatment,11409.0,0.53,high,low,#5ac8c8
01/01/2023,Q4_2223,Southwark,Dealing issues,11409.0,0.49,high,low,#5ac8c8
01/01/2024,Q4_2324,Southwark,Good job,12856.0,0.42,high,low,#5ac8c8
01/01/2024,Q4_2324,Southwark,Trust MPS,12856.0,0.65,high,low,#5ac8c8
01/01/2024,Q4_2324,Southwark,Fair treatment,12856.0,0.53,high,low,#5ac8c8
01/01/2024,Q4_2324,Southwark,Dealing issues,12856.0,0.54,high,low,#5ac8c8
01/01/2025,Q4_2425,Southwark,Good job,13151.0,0.43,high,low,#5ac8c8
01/01/2025,Q4_2425,Southwark,Trust MPS,13151.0,0.66,high,low,#5ac8c8
01/01/2025,Q4_2425,Southwark,Fair treatment,13151.0,0.58,high,low,#5ac8c8
01/01/2025,Q4_2425,Southwark,Dealing issues,13151.0,0.51,high,low,#5ac8c8
04/01/2021,Q1_2122,Sutton,Good job,4376.0,0.61,low,high,#be64ac
04/01/2021,Q1_2122,Sutton,Trust MPS,4376.0,0.86,low,high,#be64ac
04/01/2021,Q1_2122,Sutton,Fair treatment,4376.0,0.78,low,high,#be64ac
04/01/2021,Q1_2122,Sutton,Dealing issues,4376.0,0.78,low,high,#be64ac
04/01/2021,Q1_2122,Sutton,Relied on to be there,4376.0,0.72,low,high,#be64ac
04/01/2021,Q1_2122,Sutton,Listen to concerns,4376.0,0.76,low,high,#be64ac
04/01/2021,Q1_2122,Sutton,Informed local,4376.0,0.46,low,high,#be64ac
04/01/2021,Q1_2122,Sutton,Contact ward officer,4376.0,0.3,low,high,#be64ac
04/01/2022,Q1_2223,Sutton,Good job,4260.0,0.57,low,high,#be64ac
04/01/2022,Q1_2223,Sutton,Trust MPS,4260.0,0.77,low,high,#be64ac
04/01/2022,Q1_2223,Sutton,Fair treatment,4260.0,0.74,low,high,#be64ac
04/01/2022,Q1_2223,Sutton,Dealing issues,4260.0,0.69,low,high,#be64ac
04/01/2023,Q1_2324,Sutton,Good job,4275.0,0.51,low,med,#dfb0d6
04/01/2023,Q1_2324,Sutton,Trust MPS,4275.0,0.8,low,high,#be64ac
04/01/2023,Q1_2324,Sutton,Fair treatment,4275.0,0.74,low,high,#be64ac
04/01/2023,Q1_2324,Sutton,Dealing issues,4275.0,0.68,low,high,#be64ac
04/01/2024,Q1_2425,Sutton,Good job,4299.0,0.52,low,high,#be64ac
04/01/2024,Q1_2425,Sutton,Trust MPS,4299.0,0.76,low,high,#be64ac
04/01/2024,Q1_2425,Sutton,Fair treatment,4299.0,0.66,low,high,#be64ac
04/01/2024,Q1_2425,Sutton,Dealing issues,4299.0,0.62,low,high,#be64ac
04/01/2025,Q1_2526,Sutton,Good job,4657.0,0.47,low,med,#dfb0d6
04/01/2025,Q1_2526,Sutton,Trust MPS,4657.0,0.76,low,med,#dfb0d6
04/01/2025,Q1_2526,Sutton,Fair treatment,4657.0,0.72,low,high,#be64ac
04/01/2025,Q1_2526,Sutton,S&S used fairly,4657.0,0.7,low,high,#be64ac
07/01/2021,Q2_2122,Sutton,Good job,4374.0,0.63,low,high,#be64ac
07/01/2021,Q2_2122,Sutton,Trust MPS,4374.0,0.86,low,high,#be64ac
07/01/2021,Q2_2122,Sutton,Fair treatment,4374.0,0.75,low,high,#be64ac
07/01/2021,Q2_2122,Sutton,Dealing issues,4374.0,0.79,low,high,#be64ac
07/01/2021,Q2_2122,Sutton,Relied on to be there,4374.0,0.69,low,high,#be64ac
07/01/2021,Q2_2122,Sutton,Listen to concerns,4374.0,0.74,low,high,#be64ac
07/01/2021,Q2_2122,Sutton,Informed local,4374.0,0.44,low,med,#dfb0d6
07/01/2021,Q2_2122,Sutton,Contact ward officer,4374.0,0.34,low,high,#be64ac
07/01/2022,Q2_2223,Sutton,Good job,4613.0,0.56,low,high,#be64ac
07/01/2022,Q2_2223,Sutton,Trust MPS,4613.0,0.77,low,high,#be64ac
07/01/2022,Q2_2223,Sutton,Fair treatment,4613.0,0.76,low,high,#be64ac
07/01/2022,Q2_2223,Sutton,Dealing issues,4613.0,0.65,low,high,#be64ac
07/01/2023,Q2_2324,Sutton,Good job,4429.0,0.51,low,high,#be64ac
07/01/2023,Q2_2324,Sutton,Trust MPS,4429.0,0.81,low,high,#be64ac
07/01/2023,Q2_2324,Sutton,Fair treatment,4429.0,0.75,low,high,#be64ac
07/01/2023,Q2_2324,Sutton,Dealing issues,4429.0,0.71,low,high,#be64ac
07/01/2024,Q2_2425,Sutton,Good job,4529.0,0.48,low,med,#dfb0d6
07/01/2024,Q2_2425,Sutton,Trust MPS,4529.0,0.73,low,med,#dfb0d6
07/01/2024,Q2_2425,Sutton,Fair treatment,4529.0,0.67,low,high,#be64ac
07/01/2024,Q2_2425,Sutton,Dealing issues,4529.0,0.57,low,med,#dfb0d6
07/01/2025,Q2_2526,Sutton,Good job,4569.0,0.51,low,high,#be64ac
07/01/2025,Q2_2526,Sutton,Trust MPS,4569.0,0.78,low,high,#be64ac
07/01/2025,Q2_2526,Sutton,Fair treatment,4569.0,0.72,low,high,#be64ac
07/01/2025,Q2_2526,Sutton,S&S used fairly,4569.0,0.7,low,high,#be64ac
10/01/2021,Q3_2122,Sutton,Good job,4612.0,0.65,low,high,#be64ac
10/01/2021,Q3_2122,Sutton,Trust MPS,4612.0,0.84,low,high,#be64ac
10/01/2021,Q3_2122,Sutton,Fair treatment,4612.0,0.77,low,high,#be64ac
10/01/2021,Q3_2122,Sutton,Dealing issues,4612.0,0.77,low,high,#be64ac
10/01/2021,Q3_2122,Sutton,Relied on to be there,4612.0,0.68,low,high,#be64ac
10/01/2021,Q3_2122,Sutton,Listen to concerns,4612.0,0.73,low,high,#be64ac
10/01/2021,Q3_2122,Sutton,Informed local,4612.0,0.43,low,med,#dfb0d6
10/01/2021,Q3_2122,Sutton,Contact ward officer,4612.0,0.35,low,high,#be64ac
10/01/2022,Q3_2223,Sutton,Good job,4080.0,0.52,low,med,#dfb0d6
10/01/2022,Q3_2223,Sutton,Trust MPS,4080.0,0.8,low,high,#be64ac
10/01/2022,Q3_2223,Sutton,Fair treatment,4080.0,0.74,low,high,#be64ac
10/01/2022,Q3_2223,Sutton,Dealing issues,4080.0,0.66,low,high,#be64ac
10/01/2023,Q3_2324,Sutton,Good job,4376.0,0.52,low,high,#be64ac
10/01/2023,Q3_2324,Sutton,Trust MPS,4376.0,0.76,low,high,#be64ac
10/01/2023,Q3_2324,Sutton,Fair treatment,4376.0,0.72,low,high,#be64ac
10/01/2023,Q3_2324,Sutton,Dealing issues,4376.0,0.66,low,high,#be64ac
10/01/2024,Q3_2425,Sutton,Good job,4336.0,0.47,low,med,#dfb0d6
10/01/2024,Q3_2425,Sutton,Trust MPS,4336.0,0.74,low,med,#dfb0d6
10/01/2024,Q3_2425,Sutton,Fair treatment,4336.0,0.68,low,high,#be64ac
10/01/2024,Q3_2425,Sutton,Dealing issues,4336.0,0.56,low,med,#dfb0d6
10/01/2025,Q3_2526,Sutton,Good job,4349.0,0.51,low,high,#be64ac
10/01/2025,Q3_2526,Sutton,Trust MPS,4349.0,0.78,low,high,#be64ac
10/01/2025,Q3_2526,Sutton,Fair treatment,4349.0,0.74,low,high,#be64ac
10/01/2025,Q3_2526,Sutton,S&S used fairly,4349.0,0.68,low,high,#be64ac
01/01/2022,Q4_2122,Sutton,Good job,4257.0,0.61,low,high,#be64ac
01/01/2022,Q4_2122,Sutton,Trust MPS,4257.0,0.8,low,high,#be64ac
01/01/2022,Q4_2122,Sutton,Fair treatment,4257.0,0.76,low,high,#be64ac
01/01/2022,Q4_2122,Sutton,Dealing issues,4257.0,0.74,low,high,#be64ac
01/01/2022,Q4_2122,Sutton,Relied on to be there,4257.0,0.67,low,high,#be64ac
01/01/2022,Q4_2122,Sutton,Listen to concerns,4257.0,0.72,low,high,#be64ac
01/01/2022,Q4_2122,Sutton,Informed local,4257.0,0.43,low,high,#be64ac
01/01/2022,Q4_2122,Sutton,Contact ward officer,4257.0,0.37,low,high,#be64ac
01/01/2023,Q4_2223,Sutton,Good job,4260.0,0.52,low,med,#dfb0d6
01/01/2023,Q4_2223,Sutton,Trust MPS,4260.0,0.8,low,high,#be64ac
01/01/2023,Q4_2223,Sutton,Fair treatment,4260.0,0.73,low,high,#be64ac
01/01/2023,Q4_2223,Sutton,Dealing issues,4260.0,0.67,low,high,#be64ac
01/01/2024,Q4_2324,Sutton,Good job,4396.0,0.51,low,high,#be64ac
01/01/2024,Q4_2324,Sutton,Trust MPS,4396.0,0.77,low,high,#be64ac
01/01/2024,Q4_2324,Sutton,Fair treatment,4396.0,0.69,low,high,#be64ac
01/01/2024,Q4_2324,Sutton,Dealing issues,4396.0,0.63,low,high,#be64ac
01/01/2025,Q4_2425,Sutton,Good job,4100.0,0.49,low,high,#be64ac
01/01/2025,Q4_2425,Sutton,Trust MPS,4100.0,0.75,low,med,#dfb0d6
01/01/2025,Q4_2425,Sutton,Fair treatment,4100.0,0.7,low,high,#be64ac
01/01/2025,Q4_2425,Sutton,Dealing issues,4100.0,0.55,low,med,#dfb0d6
04/01/2021,Q1_2122,Tower Hamlets,Good job,11175.0,0.45,high,low,#5ac8c8
04/01/2021,Q1_2122,Tower Hamlets,Trust MPS,11175.0,0.76,high,low,#5ac8c8
04/01/2021,Q1_2122,Tower Hamlets,Fair treatment,11175.0,0.66,high,low,#5ac8c8
04/01/2021,Q1_2122,Tower Hamlets,Dealing issues,11175.0,0.61,high,low,#5ac8c8
04/01/2021,Q1_2122,Tower Hamlets,Relied on to be there,11175.0,0.62,high,med,#5698b9
04/01/2021,Q1_2122,Tower Hamlets,Listen to concerns,11175.0,0.61,high,low,#5ac8c8
04/01/2021,Q1_2122,Tower Hamlets,Informed local,11175.0,0.37,high,low,#5ac8c8
04/01/2021,Q1_2122,Tower Hamlets,Contact ward officer,11175.0,0.16,high,low,#5ac8c8
04/01/2022,Q1_2223,Tower Hamlets,Good job,11065.0,0.47,high,low,#5ac8c8
04/01/2022,Q1_2223,Tower Hamlets,Trust MPS,11065.0,0.71,high,med,#5698b9
04/01/2022,Q1_2223,Tower Hamlets,Fair treatment,11065.0,0.62,high,med,#5698b9
04/01/2022,Q1_2223,Tower Hamlets,Dealing issues,11065.0,0.58,high,low,#5ac8c8
04/01/2023,Q1_2324,Tower Hamlets,Good job,11664.0,0.44,high,low,#5ac8c8
04/01/2023,Q1_2324,Tower Hamlets,Trust MPS,11664.0,0.71,high,med,#5698b9
04/01/2023,Q1_2324,Tower Hamlets,Fair treatment,11664.0,0.61,high,med,#5698b9
04/01/2023,Q1_2324,Tower Hamlets,Dealing issues,11664.0,0.55,high,med,#5698b9
04/01/2024,Q1_2425,Tower Hamlets,Good job,12136.0,0.45,high,low,#5ac8c8
04/01/2024,Q1_2425,Tower Hamlets,Trust MPS,12136.0,0.74,high,med,#5698b9
04/01/2024,Q1_2425,Tower Hamlets,Fair treatment,12136.0,0.69,high,high,#3b4994
04/01/2024,Q1_2425,Tower Hamlets,Dealing issues,12136.0,0.55,high,low,#5ac8c8
04/01/2025,Q1_2526,Tower Hamlets,Good job,12312.0,0.41,high,low,#5ac8c8
04/01/2025,Q1_2526,Tower Hamlets,Trust MPS,12312.0,0.73,high,low,#5ac8c8
04/01/2025,Q1_2526,Tower Hamlets,Fair treatment,12312.0,0.7,high,high,#3b4994
04/01/2025,Q1_2526,Tower Hamlets,S&S used fairly,12312.0,0.53,high,low,#5ac8c8
07/01/2021,Q2_2122,Tower Hamlets,Good job,11245.0,0.45,high,low,#5ac8c8
07/01/2021,Q2_2122,Tower Hamlets,Trust MPS,11245.0,0.75,high,low,#5ac8c8
07/01/2021,Q2_2122,Tower Hamlets,Fair treatment,11245.0,0.65,high,med,#5698b9
07/01/2021,Q2_2122,Tower Hamlets,Dealing issues,11245.0,0.55,high,low,#5ac8c8
07/01/2021,Q2_2122,Tower Hamlets,Relied on to be there,11245.0,0.6,high,low,#5ac8c8
07/01/2021,Q2_2122,Tower Hamlets,Listen to concerns,11245.0,0.58,high,low,#5ac8c8
07/01/2021,Q2_2122,Tower Hamlets,Informed local,11245.0,0.34,high,low,#5ac8c8
07/01/2021,Q2_2122,Tower Hamlets,Contact ward officer,11245.0,0.19,high,low,#5ac8c8
07/01/2022,Q2_2223,Tower Hamlets,Good job,10622.0,0.46,high,low,#5ac8c8
07/01/2022,Q2_2223,Tower Hamlets,Trust MPS,10622.0,0.68,high,med,#5698b9
07/01/2022,Q2_2223,Tower Hamlets,Fair treatment,10622.0,0.57,high,low,#5ac8c8
07/01/2022,Q2_2223,Tower Hamlets,Dealing issues,10622.0,0.58,high,low,#5ac8c8
07/01/2023,Q2_2324,Tower Hamlets,Good job,12311.0,0.45,high,low,#5ac8c8
07/01/2023,Q2_2324,Tower Hamlets,Trust MPS,12311.0,0.74,high,med,#5698b9
07/01/2023,Q2_2324,Tower Hamlets,Fair treatment,12311.0,0.66,high,med,#5698b9
07/01/2023,Q2_2324,Tower Hamlets,Dealing issues,12311.0,0.56,high,med,#5698b9
07/01/2024,Q2_2425,Tower Hamlets,Good job,13298.0,0.4,high,low,#5ac8c8
07/01/2024,Q2_2425,Tower Hamlets,Trust MPS,13298.0,0.7,high,low,#5ac8c8
07/01/2024,Q2_2425,Tower Hamlets,Fair treatment,13298.0,0.67,high,high,#3b4994
07/01/2024,Q2_2425,Tower Hamlets,Dealing issues,13298.0,0.49,high,low,#5ac8c8
07/01/2025,Q2_2526,Tower Hamlets,Good job,13175.0,0.46,high,med,#5698b9
07/01/2025,Q2_2526,Tower Hamlets,Trust MPS,13175.0,0.74,high,low,#5ac8c8
07/01/2025,Q2_2526,Tower Hamlets,Fair treatment,13175.0,0.73,high,high,#3b4994
07/01/2025,Q2_2526,Tower Hamlets,S&S used fairly,13175.0,0.54,high,low,#5ac8c8
10/01/2021,Q3_2122,Tower Hamlets,Good job,10897.0,0.48,high,low,#5ac8c8
10/01/2021,Q3_2122,Tower Hamlets,Trust MPS,10897.0,0.75,high,low,#5ac8c8
10/01/2021,Q3_2122,Tower Hamlets,Fair treatment,10897.0,0.66,high,med,#5698b9
10/01/2021,Q3_2122,Tower Hamlets,Dealing issues,10897.0,0.58,high,low,#5ac8c8
10/01/2021,Q3_2122,Tower Hamlets,Relied on to be there,10897.0,0.62,high,med,#5698b9
10/01/2021,Q3_2122,Tower Hamlets,Listen to concerns,10897.0,0.57,high,low,#5ac8c8
10/01/2021,Q3_2122,Tower Hamlets,Informed local,10897.0,0.36,high,low,#5ac8c8
10/01/2021,Q3_2122,Tower Hamlets,Contact ward officer,10897.0,0.24,high,low,#5ac8c8
10/01/2022,Q3_2223,Tower Hamlets,Good job,10748.0,0.46,high,low,#5ac8c8
10/01/2022,Q3_2223,Tower Hamlets,Trust MPS,10748.0,0.68,high,low,#5ac8c8
10/01/2022,Q3_2223,Tower Hamlets,Fair treatment,10748.0,0.58,high,med,#5698b9
10/01/2022,Q3_2223,Tower Hamlets,Dealing issues,10748.0,0.55,high,low,#5ac8c8
10/01/2023,Q3_2324,Tower Hamlets,Good job,13458.0,0.42,high,low,#5ac8c8
10/01/2023,Q3_2324,Tower Hamlets,Trust MPS,13458.0,0.72,high,med,#5698b9
10/01/2023,Q3_2324,Tower Hamlets,Fair treatment,13458.0,0.64,high,med,#5698b9
10/01/2023,Q3_2324,Tower Hamlets,Dealing issues,13458.0,0.55,high,med,#5698b9
10/01/2024,Q3_2425,Tower Hamlets,Good job,12122.0,0.42,high,low,#5ac8c8
10/01/2024,Q3_2425,Tower Hamlets,Trust MPS,12122.0,0.73,high,med,#5698b9
10/01/2024,Q3_2425,Tower Hamlets,Fair treatment,12122.0,0.69,high,high,#3b4994
10/01/2024,Q3_2425,Tower Hamlets,Dealing issues,12122.0,0.5,high,low,#5ac8c8
10/01/2025,Q3_2526,Tower Hamlets,Good job,12327.0,0.44,high,low,#5ac8c8
10/01/2025,Q3_2526,Tower Hamlets,Trust MPS,12327.0,0.72,high,med,#5698b9
10/01/2025,Q3_2526,Tower Hamlets,Fair treatment,12327.0,0.72,high,high,#3b4994
10/01/2025,Q3_2526,Tower Hamlets,S&S used fairly,12327.0,0.52,high,low,#5ac8c8
01/01/2022,Q4_2122,Tower Hamlets,Good job,10259.0,0.45,high,low,#5ac8c8
01/01/2022,Q4_2122,Tower Hamlets,Trust MPS,10259.0,0.71,high,low,#5ac8c8
01/01/2022,Q4_2122,Tower Hamlets,Fair treatment,10259.0,0.62,high,med,#5698b9
01/01/2022,Q4_2122,Tower Hamlets,Dealing issues,10259.0,0.57,high,low,#5ac8c8
01/01/2022,Q4_2122,Tower Hamlets,Relied on to be there,10259.0,0.59,high,med,#5698b9
01/01/2022,Q4_2122,Tower Hamlets,Listen to concerns,10259.0,0.59,high,low,#5ac8c8
01/01/2022,Q4_2122,Tower Hamlets,Informed local,10259.0,0.37,high,med,#5698b9
01/01/2022,Q4_2122,Tower Hamlets,Contact ward officer,10259.0,0.25,high,low,#5ac8c8
01/01/2023,Q4_2223,Tower Hamlets,Good job,11377.0,0.47,high,low,#5ac8c8
01/01/2023,Q4_2223,Tower Hamlets,Trust MPS,11377.0,0.72,high,med,#5698b9
01/01/2023,Q4_2223,Tower Hamlets,Fair treatment,11377.0,0.61,high,med,#5698b9
01/01/2023,Q4_2223,Tower Hamlets,Dealing issues,11377.0,0.56,high,low,#5ac8c8
01/01/2024,Q4_2324,Tower Hamlets,Good job,11560.0,0.44,high,low,#5ac8c8
01/01/2024,Q4_2324,Tower Hamlets,Trust MPS,11560.0,0.72,high,med,#5698b9
01/01/2024,Q4_2324,Tower Hamlets,Fair treatment,11560.0,0.65,high,high,#3b4994
01/01/2024,Q4_2324,Tower Hamlets,Dealing issues,11560.0,0.54,high,low,#5ac8c8
01/01/2025,Q4_2425,Tower Hamlets,Good job,11150.0,0.4,high,low,#5ac8c8
01/01/2025,Q4_2425,Tower Hamlets,Trust MPS,11150.0,0.74,high,low,#5ac8c8
01/01/2025,Q4_2425,Tower Hamlets,Fair treatment,11150.0,0.69,high,high,#3b4994
01/01/2025,Q4_2425,Tower Hamlets,Dealing issues,11150.0,0.49,high,low,#5ac8c8
04/01/2021,Q1_2122,Waltham Forest,Good job,7638.0,0.54,med,med,#a5add3
04/01/2021,Q1_2122,Waltham Forest,Trust MPS,7638.0,0.8,med,med,#a5add3
04/01/2021,Q1_2122,Waltham Forest,Fair treatment,7638.0,0.68,med,med,#a5add3
04/01/2021,Q1_2122,Waltham Forest,Dealing issues,7638.0,0.67,med,med,#a5add3
04/01/2021,Q1_2122,Waltham Forest,Relied on to be there,7638.0,0.59,med,low,#ace4e4
04/01/2021,Q1_2122,Waltham Forest,Listen to concerns,7638.0,0.68,med,med,#a5add3
04/01/2021,Q1_2122,Waltham Forest,Informed local,7638.0,0.43,med,med,#a5add3
04/01/2021,Q1_2122,Waltham Forest,Contact ward officer,7638.0,0.23,med,med,#a5add3
04/01/2022,Q1_2223,Waltham Forest,Good job,7143.0,0.41,low,low,#e8e8e8
04/01/2022,Q1_2223,Waltham Forest,Trust MPS,7143.0,0.7,low,low,#e8e8e8
04/01/2022,Q1_2223,Waltham Forest,Fair treatment,7143.0,0.6,low,med,#dfb0d6
04/01/2022,Q1_2223,Waltham Forest,Dealing issues,7143.0,0.61,low,med,#dfb0d6
04/01/2023,Q1_2324,Waltham Forest,Good job,7411.0,0.38,low,low,#e8e8e8
04/01/2023,Q1_2324,Waltham Forest,Trust MPS,7411.0,0.58,low,low,#e8e8e8
04/01/2023,Q1_2324,Waltham Forest,Fair treatment,7411.0,0.5,low,low,#e8e8e8
04/01/2023,Q1_2324,Waltham Forest,Dealing issues,7411.0,0.42,low,low,#e8e8e8
04/01/2024,Q1_2425,Waltham Forest,Good job,8408.0,0.37,med,low,#ace4e4
04/01/2024,Q1_2425,Waltham Forest,Trust MPS,8408.0,0.61,med,low,#ace4e4
04/01/2024,Q1_2425,Waltham Forest,Fair treatment,8408.0,0.54,med,low,#ace4e4
04/01/2024,Q1_2425,Waltham Forest,Dealing issues,8408.0,0.43,med,low,#ace4e4
04/01/2025,Q1_2526,Waltham Forest,Good job,8139.0,0.41,med,low,#ace4e4
04/01/2025,Q1_2526,Waltham Forest,Trust MPS,8139.0,0.73,med,low,#ace4e4
04/01/2025,Q1_2526,Waltham Forest,Fair treatment,8139.0,0.66,med,med,#a5add3
04/01/2025,Q1_2526,Waltham Forest,S&S used fairly,8139.0,0.5,med,low,#ace4e4
07/01/2021,Q2_2122,Waltham Forest,Good job,7300.0,0.51,low,med,#dfb0d6
07/01/2021,Q2_2122,Waltham Forest,Trust MPS,7300.0,0.78,low,med,#dfb0d6
07/01/2021,Q2_2122,Waltham Forest,Fair treatment,7300.0,0.69,low,med,#dfb0d6
07/01/2021,Q2_2122,Waltham Forest,Dealing issues,7300.0,0.66,low,med,#dfb0d6
07/01/2021,Q2_2122,Waltham Forest,Relied on to be there,7300.0,0.56,low,low,#e8e8e8
07/01/2021,Q2_2122,Waltham Forest,Listen to concerns,7300.0,0.67,low,med,#dfb0d6
07/01/2021,Q2_2122,Waltham Forest,Informed local,7300.0,0.42,low,med,#dfb0d6
07/01/2021,Q2_2122,Waltham Forest,Contact ward officer,7300.0,0.23,low,low,#e8e8e8
07/01/2022,Q2_2223,Waltham Forest,Good job,7313.0,0.4,med,low,#ace4e4
07/01/2022,Q2_2223,Waltham Forest,Trust MPS,7313.0,0.66,med,low,#ace4e4
07/01/2022,Q2_2223,Waltham Forest,Fair treatment,7313.0,0.55,med,low,#ace4e4
07/01/2022,Q2_2223,Waltham Forest,Dealing issues,7313.0,0.55,med,low,#ace4e4
07/01/2023,Q2_2324,Waltham Forest,Good job,7761.0,0.37,low,low,#e8e8e8
07/01/2023,Q2_2324,Waltham Forest,Trust MPS,7761.0,0.57,low,low,#e8e8e8
07/01/2023,Q2_2324,Waltham Forest,Fair treatment,7761.0,0.53,low,low,#e8e8e8
07/01/2023,Q2_2324,Waltham Forest,Dealing issues,7761.0,0.42,low,low,#e8e8e8
07/01/2024,Q2_2425,Waltham Forest,Good job,8340.0,0.38,med,low,#ace4e4
07/01/2024,Q2_2425,Waltham Forest,Trust MPS,8340.0,0.64,med,low,#ace4e4
07/01/2024,Q2_2425,Waltham Forest,Fair treatment,8340.0,0.52,med,low,#ace4e4
07/01/2024,Q2_2425,Waltham Forest,Dealing issues,8340.0,0.43,med,low,#ace4e4
07/01/2025,Q2_2526,Waltham Forest,Good job,7536.0,0.42,low,low,#e8e8e8
07/01/2025,Q2_2526,Waltham Forest,Trust MPS,7536.0,0.73,low,low,#e8e8e8
07/01/2025,Q2_2526,Waltham Forest,Fair treatment,7536.0,0.71,low,high,#be64ac
07/01/2025,Q2_2526,Waltham Forest,S&S used fairly,7536.0,0.47,low,low,#e8e8e8
10/01/2021,Q3_2122,Waltham Forest,Good job,7182.0,0.48,low,low,#e8e8e8
10/01/2021,Q3_2122,Waltham Forest,Trust MPS,7182.0,0.77,low,med,#dfb0d6
10/01/2021,Q3_2122,Waltham Forest,Fair treatment,7182.0,0.66,low,med,#dfb0d6
10/01/2021,Q3_2122,Waltham Forest,Dealing issues,7182.0,0.64,low,med,#dfb0d6
10/01/2021,Q3_2122,Waltham Forest,Relied on to be there,7182.0,0.57,low,low,#e8e8e8
10/01/2021,Q3_2122,Waltham Forest,Listen to concerns,7182.0,0.66,low,med,#dfb0d6
10/01/2021,Q3_2122,Waltham Forest,Informed local,7182.0,0.42,low,med,#dfb0d6
10/01/2021,Q3_2122,Waltham Forest,Contact ward officer,7182.0,0.26,low,med,#dfb0d6
10/01/2022,Q3_2223,Waltham Forest,Good job,7174.0,0.38,med,low,#ace4e4
10/01/2022,Q3_2223,Waltham Forest,Trust MPS,7174.0,0.64,med,low,#ace4e4
10/01/2022,Q3_2223,Waltham Forest,Fair treatment,7174.0,0.52,med,low,#ace4e4
10/01/2022,Q3_2223,Waltham Forest,Dealing issues,7174.0,0.52,med,low,#ace4e4
10/01/2023,Q3_2324,Waltham Forest,Good job,7772.0,0.38,med,low,#ace4e4
10/01/2023,Q3_2324,Waltham Forest,Trust MPS,7772.0,0.57,med,low,#ace4e4
10/01/2023,Q3_2324,Waltham Forest,Fair treatment,7772.0,0.54,med,low,#ace4e4
10/01/2023,Q3_2324,Waltham Forest,Dealing issues,7772.0,0.39,med,low,#ace4e4
10/01/2024,Q3_2425,Waltham Forest,Good job,8512.0,0.39,med,low,#ace4e4
10/01/2024,Q3_2425,Waltham Forest,Trust MPS,8512.0,0.67,med,low,#ace4e4
10/01/2024,Q3_2425,Waltham Forest,Fair treatment,8512.0,0.57,med,low,#ace4e4
10/01/2024,Q3_2425,Waltham Forest,Dealing issues,8512.0,0.44,med,low,#ace4e4
10/01/2025,Q3_2526,Waltham Forest,Good job,7366.0,0.42,low,low,#e8e8e8
10/01/2025,Q3_2526,Waltham Forest,Trust MPS,7366.0,0.72,low,med,#dfb0d6
10/01/2025,Q3_2526,Waltham Forest,Fair treatment,7366.0,0.7,low,high,#be64ac
10/01/2025,Q3_2526,Waltham Forest,S&S used fairly,7366.0,0.48,low,low,#e8e8e8
01/01/2022,Q4_2122,Waltham Forest,Good job,7170.0,0.46,low,low,#e8e8e8
01/01/2022,Q4_2122,Waltham Forest,Trust MPS,7170.0,0.75,low,med,#dfb0d6
01/01/2022,Q4_2122,Waltham Forest,Fair treatment,7170.0,0.63,low,med,#dfb0d6
01/01/2022,Q4_2122,Waltham Forest,Dealing issues,7170.0,0.63,low,med,#dfb0d6
01/01/2022,Q4_2122,Waltham Forest,Relied on to be there,7170.0,0.61,low,high,#be64ac
01/01/2022,Q4_2122,Waltham Forest,Listen to concerns,7170.0,0.64,low,high,#be64ac
01/01/2022,Q4_2122,Waltham Forest,Informed local,7170.0,0.41,low,high,#be64ac
01/01/2022,Q4_2122,Waltham Forest,Contact ward officer,7170.0,0.27,low,med,#dfb0d6
01/01/2023,Q4_2223,Waltham Forest,Good job,6852.0,0.38,low,low,#e8e8e8
01/01/2023,Q4_2223,Waltham Forest,Trust MPS,6852.0,0.62,low,low,#e8e8e8
01/01/2023,Q4_2223,Waltham Forest,Fair treatment,6852.0,0.53,low,low,#e8e8e8
01/01/2023,Q4_2223,Waltham Forest,Dealing issues,6852.0,0.49,low,low,#e8e8e8
01/01/2024,Q4_2324,Waltham Forest,Good job,7802.0,0.36,med,low,#ace4e4
01/01/2024,Q4_2324,Waltham Forest,Trust MPS,7802.0,0.57,med,low,#ace4e4
01/01/2024,Q4_2324,Waltham Forest,Fair treatment,7802.0,0.53,med,low,#ace4e4
01/01/2024,Q4_2324,Waltham Forest,Dealing issues,7802.0,0.39,med,low,#ace4e4
01/01/2025,Q4_2425,Waltham Forest,Good job,7476.0,0.41,low,low,#e8e8e8
01/01/2025,Q4_2425,Waltham Forest,Trust MPS,7476.0,0.7,low,low,#e8e8e8
01/01/2025,Q4_2425,Waltham Forest,Fair treatment,7476.0,0.61,low,low,#e8e8e8
01/01/2025,Q4_2425,Waltham Forest,Dealing issues,7476.0,0.46,low,low,#e8e8e8
04/01/2021,Q1_2122,Wandsworth,Good job,8031.0,0.57,med,med,#a5add3
04/01/2021,Q1_2122,Wandsworth,Trust MPS,8031.0,0.78,med,med,#a5add3
04/01/2021,Q1_2122,Wandsworth,Fair treatment,8031.0,0.63,med,low,#ace4e4
04/01/2021,Q1_2122,Wandsworth,Dealing issues,8031.0,0.7,med,high,#8c62aa
04/01/2021,Q1_2122,Wandsworth,Relied on to be there,8031.0,0.68,med,high,#8c62aa
04/01/2021,Q1_2122,Wandsworth,Listen to concerns,8031.0,0.69,med,high,#8c62aa
04/01/2021,Q1_2122,Wandsworth,Informed local,8031.0,0.47,med,high,#8c62aa
04/01/2021,Q1_2122,Wandsworth,Contact ward officer,8031.0,0.22,med,low,#ace4e4
04/01/2022,Q1_2223,Wandsworth,Good job,7817.0,0.49,med,med,#a5add3
04/01/2022,Q1_2223,Wandsworth,Trust MPS,7817.0,0.73,med,med,#a5add3
04/01/2022,Q1_2223,Wandsworth,Fair treatment,7817.0,0.51,med,low,#ace4e4
04/01/2022,Q1_2223,Wandsworth,Dealing issues,7817.0,0.55,med,low,#ace4e4
04/01/2023,Q1_2324,Wandsworth,Good job,8667.0,0.51,med,med,#a5add3
04/01/2023,Q1_2324,Wandsworth,Trust MPS,8667.0,0.68,med,med,#a5add3
04/01/2023,Q1_2324,Wandsworth,Fair treatment,8667.0,0.59,med,low,#ace4e4
04/01/2023,Q1_2324,Wandsworth,Dealing issues,8667.0,0.56,med,med,#a5add3
04/01/2024,Q1_2425,Wandsworth,Good job,8282.0,0.51,med,high,#8c62aa
04/01/2024,Q1_2425,Wandsworth,Trust MPS,8282.0,0.73,med,med,#a5add3
04/01/2024,Q1_2425,Wandsworth,Fair treatment,8282.0,0.62,med,med,#a5add3
04/01/2024,Q1_2425,Wandsworth,Dealing issues,8282.0,0.6,med,high,#8c62aa
04/01/2025,Q1_2526,Wandsworth,Good job,8964.0,0.49,med,high,#8c62aa
04/01/2025,Q1_2526,Wandsworth,Trust MPS,8964.0,0.8,med,high,#8c62aa
04/01/2025,Q1_2526,Wandsworth,Fair treatment,8964.0,0.62,med,low,#ace4e4
04/01/2025,Q1_2526,Wandsworth,S&S used fairly,8964.0,0.65,med,med,#a5add3
07/01/2021,Q2_2122,Wandsworth,Good job,8376.0,0.55,med,med,#a5add3
07/01/2021,Q2_2122,Wandsworth,Trust MPS,8376.0,0.76,med,med,#a5add3
07/01/2021,Q2_2122,Wandsworth,Fair treatment,8376.0,0.57,med,low,#ace4e4
07/01/2021,Q2_2122,Wandsworth,Dealing issues,8376.0,0.68,med,high,#8c62aa
07/01/2021,Q2_2122,Wandsworth,Relied on to be there,8376.0,0.64,med,high,#8c62aa
07/01/2021,Q2_2122,Wandsworth,Listen to concerns,8376.0,0.68,med,high,#8c62aa
07/01/2021,Q2_2122,Wandsworth,Informed local,8376.0,0.46,med,high,#8c62aa
07/01/2021,Q2_2122,Wandsworth,Contact ward officer,8376.0,0.23,med,low,#ace4e4
07/01/2022,Q2_2223,Wandsworth,Good job,7677.0,0.52,med,med,#a5add3
07/01/2022,Q2_2223,Wandsworth,Trust MPS,7677.0,0.71,med,med,#a5add3
07/01/2022,Q2_2223,Wandsworth,Fair treatment,7677.0,0.55,med,low,#ace4e4
07/01/2022,Q2_2223,Wandsworth,Dealing issues,7677.0,0.55,med,low,#ace4e4
07/01/2023,Q2_2324,Wandsworth,Good job,8753.0,0.49,med,med,#a5add3
07/01/2023,Q2_2324,Wandsworth,Trust MPS,8753.0,0.68,med,med,#a5add3
07/01/2023,Q2_2324,Wandsworth,Fair treatment,8753.0,0.58,med,low,#ace4e4
07/01/2023,Q2_2324,Wandsworth,Dealing issues,8753.0,0.55,med,med,#a5add3
07/01/2024,Q2_2425,Wandsworth,Good job,8647.0,0.49,med,med,#a5add3
07/01/2024,Q2_2425,Wandsworth,Trust MPS,8647.0,0.75,med,med,#a5add3
07/01/2024,Q2_2425,Wandsworth,Fair treatment,8647.0,0.63,med,med,#a5add3
07/01/2024,Q2_2425,Wandsworth,Dealing issues,8647.0,0.57,med,med,#a5add3
07/01/2025,Q2_2526,Wandsworth,Good job,9165.0,0.48,med,high,#8c62aa
07/01/2025,Q2_2526,Wandsworth,Trust MPS,9165.0,0.78,med,high,#8c62aa
07/01/2025,Q2_2526,Wandsworth,Fair treatment,9165.0,0.62,med,low,#ace4e4
07/01/2025,Q2_2526,Wandsworth,S&S used fairly,9165.0,0.67,med,med,#a5add3
10/01/2021,Q3_2122,Wandsworth,Good job,8407.0,0.53,med,med,#a5add3
10/01/2021,Q3_2122,Wandsworth,Trust MPS,8407.0,0.75,med,low,#ace4e4
10/01/2021,Q3_2122,Wandsworth,Fair treatment,8407.0,0.6,med,low,#ace4e4
10/01/2021,Q3_2122,Wandsworth,Dealing issues,8407.0,0.62,med,med,#a5add3
10/01/2021,Q3_2122,Wandsworth,Relied on to be there,8407.0,0.62,med,med,#a5add3
10/01/2021,Q3_2122,Wandsworth,Listen to concerns,8407.0,0.62,med,med,#a5add3
10/01/2021,Q3_2122,Wandsworth,Informed local,8407.0,0.44,med,high,#8c62aa
10/01/2021,Q3_2122,Wandsworth,Contact ward officer,8407.0,0.23,med,low,#ace4e4
10/01/2022,Q3_2223,Wandsworth,Good job,7413.0,0.51,med,med,#a5add3
10/01/2022,Q3_2223,Wandsworth,Trust MPS,7413.0,0.71,med,med,#a5add3
10/01/2022,Q3_2223,Wandsworth,Fair treatment,7413.0,0.55,med,low,#ace4e4
10/01/2022,Q3_2223,Wandsworth,Dealing issues,7413.0,0.54,med,low,#ace4e4
10/01/2023,Q3_2324,Wandsworth,Good job,8938.0,0.49,med,med,#a5add3
10/01/2023,Q3_2324,Wandsworth,Trust MPS,8938.0,0.69,med,med,#a5add3
10/01/2023,Q3_2324,Wandsworth,Fair treatment,8938.0,0.57,med,low,#ace4e4
10/01/2023,Q3_2324,Wandsworth,Dealing issues,8938.0,0.56,med,med,#a5add3
10/01/2024,Q3_2425,Wandsworth,Good job,8340.0,0.5,med,high,#8c62aa
10/01/2024,Q3_2425,Wandsworth,Trust MPS,8340.0,0.78,med,high,#8c62aa
10/01/2024,Q3_2425,Wandsworth,Fair treatment,8340.0,0.64,med,med,#a5add3
10/01/2024,Q3_2425,Wandsworth,Dealing issues,8340.0,0.54,med,med,#a5add3
10/01/2025,Q3_2526,Wandsworth,Good job,8320.0,0.47,med,med,#a5add3
10/01/2025,Q3_2526,Wandsworth,Trust MPS,8320.0,0.76,med,med,#a5add3
10/01/2025,Q3_2526,Wandsworth,Fair treatment,8320.0,0.62,med,low,#ace4e4
10/01/2025,Q3_2526,Wandsworth,S&S used fairly,8320.0,0.68,med,high,#8c62aa
01/01/2022,Q4_2122,Wandsworth,Good job,7652.0,0.52,med,high,#8c62aa
01/01/2022,Q4_2122,Wandsworth,Trust MPS,7652.0,0.73,med,med,#a5add3
01/01/2022,Q4_2122,Wandsworth,Fair treatment,7652.0,0.55,med,low,#ace4e4
01/01/2022,Q4_2122,Wandsworth,Dealing issues,7652.0,0.56,med,low,#ace4e4
01/01/2022,Q4_2122,Wandsworth,Relied on to be there,7652.0,0.56,med,med,#a5add3
01/01/2022,Q4_2122,Wandsworth,Listen to concerns,7652.0,0.6,med,med,#a5add3
01/01/2022,Q4_2122,Wandsworth,Informed local,7652.0,0.4,med,med,#a5add3
01/01/2022,Q4_2122,Wandsworth,Contact ward officer,7652.0,0.2,med,low,#ace4e4
01/01/2023,Q4_2223,Wandsworth,Good job,7449.0,0.51,med,med,#a5add3
01/01/2023,Q4_2223,Wandsworth,Trust MPS,7449.0,0.71,med,med,#a5add3
01/01/2023,Q4_2223,Wandsworth,Fair treatment,7449.0,0.59,med,low,#ace4e4
01/01/2023,Q4_2223,Wandsworth,Dealing issues,7449.0,0.58,med,med,#a5add3
01/01/2024,Q4_2324,Wandsworth,Good job,8322.0,0.48,med,med,#a5add3
01/01/2024,Q4_2324,Wandsworth,Trust MPS,8322.0,0.7,med,med,#a5add3
01/01/2024,Q4_2324,Wandsworth,Fair treatment,8322.0,0.59,med,low,#ace4e4
01/01/2024,Q4_2324,Wandsworth,Dealing issues,8322.0,0.59,med,med,#a5add3
01/01/2025,Q4_2425,Wandsworth,Good job,7911.0,0.53,med,high,#8c62aa
01/01/2025,Q4_2425,Wandsworth,Trust MPS,7911.0,0.81,med,high,#8c62aa
01/01/2025,Q4_2425,Wandsworth,Fair treatment,7911.0,0.64,med,med,#a5add3
01/01/2025,Q4_2425,Wandsworth,Dealing issues,7911.0,0.53,med,med,#a5add3
04/01/2021,Q1_2122,Westminster,Good job,15050.0,0.52,high,low,#5ac8c8
04/01/2021,Q1_2122,Westminster,Trust MPS,15050.0,0.84,high,high,#3b4994
04/01/2021,Q1_2122,Westminster,Fair treatment,15050.0,0.72,high,high,#3b4994
04/01/2021,Q1_2122,Westminster,Dealing issues,15050.0,0.66,high,med,#5698b9
04/01/2021,Q1_2122,Westminster,Relied on to be there,15050.0,0.65,high,high,#3b4994
04/01/2021,Q1_2122,Westminster,Listen to concerns,15050.0,0.64,high,low,#5ac8c8
04/01/2021,Q1_2122,Westminster,Informed local,15050.0,0.42,high,med,#5698b9
04/01/2021,Q1_2122,Westminster,Contact ward officer,15050.0,0.22,high,low,#5ac8c8
04/01/2022,Q1_2223,Westminster,Good job,22633.0,0.51,high,high,#3b4994
04/01/2022,Q1_2223,Westminster,Trust MPS,22633.0,0.77,high,high,#3b4994
04/01/2022,Q1_2223,Westminster,Fair treatment,22633.0,0.58,high,low,#5ac8c8
04/01/2022,Q1_2223,Westminster,Dealing issues,22633.0,0.59,high,med,#5698b9
04/01/2023,Q1_2324,Westminster,Good job,28235.0,0.59,high,high,#3b4994
04/01/2023,Q1_2324,Westminster,Trust MPS,28235.0,0.74,high,high,#3b4994
04/01/2023,Q1_2324,Westminster,Fair treatment,28235.0,0.67,high,med,#5698b9
04/01/2023,Q1_2324,Westminster,Dealing issues,28235.0,0.65,high,high,#3b4994
04/01/2024,Q1_2425,Westminster,Good job,29504.0,0.59,high,high,#3b4994
04/01/2024,Q1_2425,Westminster,Trust MPS,29504.0,0.82,high,high,#3b4994
04/01/2024,Q1_2425,Westminster,Fair treatment,29504.0,0.71,high,high,#3b4994
04/01/2024,Q1_2425,Westminster,Dealing issues,29504.0,0.67,high,high,#3b4994
04/01/2025,Q1_2526,Westminster,Good job,27476.0,0.46,high,med,#5698b9
04/01/2025,Q1_2526,Westminster,Trust MPS,27476.0,0.78,high,high,#3b4994
04/01/2025,Q1_2526,Westminster,Fair treatment,27476.0,0.63,high,low,#5ac8c8
04/01/2025,Q1_2526,Westminster,S&S used fairly,27476.0,0.59,high,med,#5698b9
07/01/2021,Q2_2122,Westminster,Good job,18307.0,0.52,high,med,#5698b9
07/01/2021,Q2_2122,Westminster,Trust MPS,18307.0,0.83,high,high,#3b4994
07/01/2021,Q2_2122,Westminster,Fair treatment,18307.0,0.69,high,med,#5698b9
07/01/2021,Q2_2122,Westminster,Dealing issues,18307.0,0.68,high,high,#3b4994
07/01/2021,Q2_2122,Westminster,Relied on to be there,18307.0,0.64,high,high,#3b4994
07/01/2021,Q2_2122,Westminster,Listen to concerns,18307.0,0.59,high,low,#5ac8c8
07/01/2021,Q2_2122,Westminster,Informed local,18307.0,0.43,high,med,#5698b9
07/01/2021,Q2_2122,Westminster,Contact ward officer,18307.0,0.23,high,low,#5ac8c8
07/01/2022,Q2_2223,Westminster,Good job,23101.0,0.53,high,med,#5698b9
07/01/2022,Q2_2223,Westminster,Trust MPS,23101.0,0.77,high,high,#3b4994
07/01/2022,Q2_2223,Westminster,Fair treatment,23101.0,0.58,high,med,#5698b9
07/01/2022,Q2_2223,Westminster,Dealing issues,23101.0,0.59,high,low,#5ac8c8
07/01/2023,Q2_2324,Westminster,Good job,27269.0,0.61,high,high,#3b4994
07/01/2023,Q2_2324,Westminster,Trust MPS,27269.0,0.77,high,high,#3b4994
07/01/2023,Q2_2324,Westminster,Fair treatment,27269.0,0.7,high,high,#3b4994
07/01/2023,Q2_2324,Westminster,Dealing issues,27269.0,0.66,high,high,#3b4994
07/01/2024,Q2_2425,Westminster,Good job,27237.0,0.56,high,high,#3b4994
07/01/2024,Q2_2425,Westminster,Trust MPS,27237.0,0.81,high,high,#3b4994
07/01/2024,Q2_2425,Westminster,Fair treatment,27237.0,0.67,high,high,#3b4994
07/01/2024,Q2_2425,Westminster,Dealing issues,27237.0,0.65,high,high,#3b4994
07/01/2025,Q2_2526,Westminster,Good job,26574.0,0.47,high,med,#5698b9
07/01/2025,Q2_2526,Westminster,Trust MPS,26574.0,0.79,high,high,#3b4994
07/01/2025,Q2_2526,Westminster,Fair treatment,26574.0,0.67,high,med,#5698b9
07/01/2025,Q2_2526,Westminster,S&S used fairly,26574.0,0.62,high,med,#5698b9
10/01/2021,Q3_2122,Westminster,Good job,23268.0,0.48,high,low,#5ac8c8
10/01/2021,Q3_2122,Westminster,Trust MPS,23268.0,0.83,high,high,#3b4994
10/01/2021,Q3_2122,Westminster,Fair treatment,23268.0,0.66,high,med,#5698b9
10/01/2021,Q3_2122,Westminster,Dealing issues,23268.0,0.67,high,high,#3b4994
10/01/2021,Q3_2122,Westminster,Relied on to be there,23268.0,0.59,high,med,#5698b9
10/01/2021,Q3_2122,Westminster,Listen to concerns,23268.0,0.6,high,low,#5ac8c8
10/01/2021,Q3_2122,Westminster,Informed local,23268.0,0.38,high,low,#5ac8c8
10/01/2021,Q3_2122,Westminster,Contact ward officer,23268.0,0.22,high,low,#5ac8c8
10/01/2022,Q3_2223,Westminster,Good job,31453.0,0.56,high,high,#3b4994
10/01/2022,Q3_2223,Westminster,Trust MPS,31453.0,0.74,high,high,#3b4994
10/01/2022,Q3_2223,Westminster,Fair treatment,31453.0,0.58,high,med,#5698b9
10/01/2022,Q3_2223,Westminster,Dealing issues,31453.0,0.58,high,med,#5698b9
10/01/2023,Q3_2324,Westminster,Good job,37710.0,0.6,high,high,#3b4994
10/01/2023,Q3_2324,Westminster,Trust MPS,37710.0,0.78,high,high,#3b4994
10/01/2023,Q3_2324,Westminster,Fair treatment,37710.0,0.71,high,high,#3b4994
10/01/2023,Q3_2324,Westminster,Dealing issues,37710.0,0.67,high,high,#3b4994
10/01/2024,Q3_2425,Westminster,Good job,37408.0,0.54,high,high,#3b4994
10/01/2024,Q3_2425,Westminster,Trust MPS,37408.0,0.82,high,high,#3b4994
10/01/2024,Q3_2425,Westminster,Fair treatment,37408.0,0.68,high,high,#3b4994
10/01/2024,Q3_2425,Westminster,Dealing issues,37408.0,0.62,high,high,#3b4994
10/01/2025,Q3_2526,Westminster,Good job,29500.0,0.45,high,med,#5698b9
10/01/2025,Q3_2526,Westminster,Trust MPS,29500.0,0.76,high,med,#5698b9
10/01/2025,Q3_2526,Westminster,Fair treatment,29500.0,0.65,high,med,#5698b9
10/01/2025,Q3_2526,Westminster,S&S used fairly,29500.0,0.61,high,med,#5698b9
01/01/2022,Q4_2122,Westminster,Good job,21405.0,0.51,high,med,#5698b9
01/01/2022,Q4_2122,Westminster,Trust MPS,21405.0,0.8,high,high,#3b4994
01/01/2022,Q4_2122,Westminster,Fair treatment,21405.0,0.58,high,low,#5ac8c8
01/01/2022,Q4_2122,Westminster,Dealing issues,21405.0,0.6,high,med,#5698b9
01/01/2022,Q4_2122,Westminster,Relied on to be there,21405.0,0.58,high,med,#5698b9
01/01/2022,Q4_2122,Westminster,Listen to concerns,21405.0,0.57,high,low,#5ac8c8
01/01/2022,Q4_2122,Westminster,Informed local,21405.0,0.36,high,low,#5ac8c8
01/01/2022,Q4_2122,Westminster,Contact ward officer,21405.0,0.21,high,low,#5ac8c8
01/01/2023,Q4_2223,Westminster,Good job,28611.0,0.56,high,high,#3b4994
01/01/2023,Q4_2223,Westminster,Trust MPS,28611.0,0.75,high,med,#5698b9
01/01/2023,Q4_2223,Westminster,Fair treatment,28611.0,0.67,high,med,#5698b9
01/01/2023,Q4_2223,Westminster,Dealing issues,28611.0,0.65,high,high,#3b4994
01/01/2024,Q4_2324,Westminster,Good job,33375.0,0.6,high,high,#3b4994
01/01/2024,Q4_2324,Westminster,Trust MPS,33375.0,0.79,high,high,#3b4994
01/01/2024,Q4_2324,Westminster,Fair treatment,33375.0,0.7,high,high,#3b4994
01/01/2024,Q4_2324,Westminster,Dealing issues,33375.0,0.66,high,high,#3b4994
01/01/2025,Q4_2425,Westminster,Good job,30329.0,0.48,high,med,#5698b9
01/01/2025,Q4_2425,Westminster,Trust MPS,30329.0,0.8,high,high,#3b4994
01/01/2025,Q4_2425,Westminster,Fair treatment,30329.0,0.65,high,med,#5698b9
01/01/2025,Q4_2425,Westminster,Dealing issues,30329.0,0.59,high,high,#3b4994
