borough,skipped,n_obs,params,pvalues,rsquared,rsquared_adj,dw,shapiro_p,skew,kurtosis,cooks_d,leverage,predicted,residuals,hc3_params,hc3_bse,hc3_pvalues,metric,bp.lm_stat,bp.lm_pvalue,bp.f_stat,bp.f_pvalue
Barking and Dagenham,False,45,"[0.7267654279943377, -3.2914684886409356e-05]","[1.4975295962810173e-27, 3.996628288768407e-08]",0.5078138517558064,0.4963676622617553,0.908701218163432,0.08989587049313039,0.23439167861563137,-0.8566824129745858,"[0.05834444663218348, 0.018537074939324678, 0.07147737515600366, 0.007868459562978661, 0.015187295518945572, 0.015261960369405457, 0.006818856977437969, 0.0061010355294400095, 0.00022852209791031591, 0.02168783748002123, 0.016179169589872873, 0.057579679723881186, 0.10822233406923336, 0.0536084808250828, 0.0080231861028596, 0.012164979106281861, 0.01993814595395732, 0.017367643932339426, 0.0008939320309540685, 0.0002672995133806491, 0.02451464998466963, 0.006381966530253312, 0.008963061328202545, 0.08040688548559587, 0.011724139326728323, 0.0170082599321159, 0.0058595476146299065, 7.94088519377209e-05, 0.0010979745842781767, 0.006115261363496739, 0.0038901790902599624, 0.017295111464971438, 0.011161223002021069, 0.1793503111675886, 4.884506825428877e-07, 0.041989534205069415, 0.006548046496664607, 0.0145734813331362, 0.012484312249754007, 0.004158749796100075, 0.010728106541054841, 0.0026757310419088464, 0.0015319979008542057, 0.04124808529960621, 0.0400886015802662]","[0.09954270255171384, 0.10731860900149218, 0.025853185086308305, 0.02326679922469195, 0.03171137373009117, 0.023479902238498905, 0.026862167205439977, 0.027973003933770956, 0.04285508176507577, 0.028459711449493094, 0.038078432099306836, 0.09918548816534097, 0.10230882303214331, 0.027269849417289427, 0.023332460493176645, 0.02976296442043831, 0.029036783192784632, 0.027663027404815455, 0.02705889234116543, 0.04684969115600199, 0.0329907388919518, 0.03294629705008787, 0.108952154285738, 0.10933133177420162, 0.02354145201971792, 0.024037743929595824, 0.03019078373030713, 0.025096519971489834, 0.02644374849807761, 0.033516017127407656, 0.027537273074109848, 0.03590888229473947, 0.030538931061981675, 0.10673599628032937, 0.10291658627909236, 0.11085631235227436, 0.0227526591035382, 0.026462338683048762, 0.02997539863685477, 0.022544717571882242, 0.025931097429638048, 0.03017803233375011, 0.03360732073451787, 0.02687190646107801, 0.032266812515551066]","[0.6774263153496101, 0.6837130201629144, 0.5215752824124618, 0.5344449242030479, 0.504459646271529, 0.5329966780680458, 0.5179546670749569, 0.5143998811072246, 0.4831638451500221, 0.5129516349722225, 0.4913266870018516, 0.6771300831856324, 0.6796974286067724, 0.516605164994614, 0.5339841186146381, 0.5093310196347176, 0.5113059007279022, 0.5153544069689304, 0.5172963733772287, 0.47704171376114995, 0.5015302393166385, 0.5016289833712977, 0.6849966928734843, 0.685292925037462, 0.5326017018494089, 0.5297052095794049, 0.5082119203485796, 0.5246363481068979, 0.5194029132099588, 0.5003782253456142, 0.5157493831875674, 0.49544102261265277, 0.5073232238566465, 0.6832522145745046, 0.6801911488800685, 0.6864778536933727, 0.5387238332382811, 0.519337083840186, 0.5087714699916486, 0.5410607758652162, 0.5212790502484841, 0.5082448350334661, 0.5001807372362957, 0.5179217523900703, 0.5955016646673372]","[-0.06742631534961008, 0.03628697983708562, 0.1584247175875383, 0.05555507579695207, 0.065540353728471, 0.07700332193195414, -0.04795466707495688, -0.04439988110722459, 0.006836154849977905, -0.08295163497222252, -0.06132668700185162, -0.0671300831856324, 0.09030257139322762, 0.13339483500538607, 0.05601588138536184, 0.06066898036528234, 0.0786940992720978, -0.07535440696893042, -0.01729637337722867, -0.007041713761149981, -0.08153023931663855, -0.04162898337129767, -0.024996692873484272, 0.07470707496253803, 0.06739829815059106, 0.08029479042059506, 0.041788079651420396, 0.005363651893102173, -0.019402913209958794, -0.04037822534561414, -0.035749383187567374, -0.06544102261265278, -0.05732322385664651, -0.11325221457450463, -0.0001911488800684369, 0.05352214630662733, 0.05127616676171887, 0.07066291615981402, 0.06122853000835138, -0.04106077586521617, -0.06127905024848407, -0.028244835033466087, -0.020180737236295765, -0.1179217523900703, -0.10550166466733724]","[0.7267654279943377, -3.2914684886409356e-05]","[0.030872670950414873, 5.145486644998059e-06]","[3.401620867125065e-26, 9.673344958096915e-08]",Good job,0.15454440382515477,0.6942298484299503,0.148184677268581,0.7021737462043223
Barnet,False,45,"[0.6795782048114278, -1.4898332854314056e-05]","[4.412725905975069e-24, 0.0007059438087839172]",0.2365254395179125,0.21877021718111977,0.5690614506027275,0.01122288659174429,0.5611405001802244,-0.7416115626073596,"[0.00025344736694708677, 0.0028542217407265093, 0.044027476835010314, 0.04117204029431349, 0.016760829059044125, 0.000877633008653757, 0.0025796851901790036, 0.007825863946831019, 0.01000368268314323, 0.013304841652268109, 0.0067507313303977745, 0.00024916721357544147, 0.0006790151141997302, 0.0424037057281434, 0.04654995472776763, 0.007227876201565925, 0.00687533646198972, 0.007750712151444049, 0.00773767960926593, 0.013128087205102392, 0.025819628718599642, 0.012672946175132071, 0.0020438086736318493, 0.0002858015582431634, 0.05838353959102971, 0.028941476440728284, 0.017476578536234088, 0.0008236655649831547, 0.0021067303123527025, 0.007805078679200181, 0.011085358865601318, 0.016653769526354275, 0.02095777307211014, 0.0037920590941126603, 0.0020138734050012003, 0.013144608169173056, 0.02890418719315507, 0.017777555790496412, 0.018480050044738523, 0.004924872699084331, 0.0037519077863600596, 0.010558689056681886, 0.010249337431804197, 0.016833434614326945, 0.043736555396634395]","[0.1071307103447956, 0.10298249326840048, 0.025258707498091712, 0.02831970433505106, 0.035804029836433535, 0.022237031355111063, 0.030219269228067648, 0.02560111780662905, 0.027818821756749205, 0.027382757759405237, 0.03015629548303683, 0.10721884843534704, 0.10036862690426196, 0.024789587786714144, 0.025998892497628857, 0.03789968758569745, 0.028542083520838837, 0.025839551687938084, 0.025882113305320035, 0.02838283483158477, 0.031599220330871744, 0.03165787666423428, 0.10561024808663892, 0.10648576139448324, 0.025642256976091217, 0.030547066254975767, 0.04104735462597981, 0.02644495636029523, 0.02543905041263997, 0.02566587683669187, 0.044951436401439594, 0.030192249999170452, 0.029090372788633523, 0.11411222523003522, 0.10937763436684449, 0.10430555091367467, 0.02385746438199695, 0.0367479083056027, 0.03339580546979176, 0.022753542346129002, 0.025024563482634085, 0.025630477526817744, 0.026744856643410878, 0.02831970433505106, 0.027523374638764014]","[0.6550257522675182, 0.6528952906693514, 0.5525997138941091, 0.5458060741125419, 0.5344386461447003, 0.5677513184069465, 0.5424539492203213, 0.5517058139228503, 0.5467744657480723, 0.5476534673864768, 0.5425582375503015, 0.6550704472660812, 0.6515246440467545, 0.5539107671852888, 0.5507225239544655, 0.5318761328937582, 0.5453889207926211, 0.5511098806086777, 0.5510055922786975, 0.5456868874497074, 0.5402638942907371, 0.5401745042936112, 0.654251038959094, 0.6546979889447233, 0.5516015255928701, 0.5419176092375659, 0.5283303296744315, 0.5496796406546636, 0.5521229672427711, 0.5515419322614529, 0.524322678136621, 0.5424986442188842, 0.5443907324913821, 0.6584970638225734, 0.6561580255644461, 0.6535806139806498, 0.5569351287547145, 0.5332616778492095, 0.5376417877083778, 0.5620750535894529, 0.5532403422068446, 0.5516313222585787, 0.5490092156762194, 0.5458060741125419, 0.5904116826783582]","[0.004974247732481785, 0.01710470933064867, 0.14740028610589084, 0.13419392588745815, 0.07556135385529972, 0.022248681593053488, -0.0324539492203213, -0.06170581392285035, -0.06677446574807233, -0.07765346738647683, -0.052558237550301534, 0.004929552733918818, 0.008475355953245556, 0.1460892328147112, 0.14927747604553443, 0.048123867106241724, 0.05461107920737884, -0.061109880608677725, -0.06100559227869751, -0.07568688744970742, -0.10026389429073707, -0.07017450429361127, -0.014251038959093965, 0.005302011055276723, 0.16839847440712985, 0.10808239076243409, 0.07166967032556848, -0.019679640654663544, -0.03212296724277108, -0.06154193226145288, -0.05432267813662106, -0.08249864421888414, -0.09439073249138213, -0.018497063822573434, 0.013841974435553905, 0.03641938601935013, 0.12306487124528553, 0.07673832215079046, 0.08235821229162221, -0.05207505358945286, -0.043240342206844584, -0.07163132225857871, -0.06900921567621943, -0.08580607411254187, -0.14041168267835819]","[0.6795782048114278, -1.4898332854314056e-05]","[0.011575961690044267, 2.2481196901573404e-06]","[1.0856859139385215e-42, 4.47394975910265e-08]",Good job,5.63375524502111,0.01761785031488243,6.153786754203134,0.017103972281506223
Bexley,False,45,"[0.7577044203460365, -3.506550655944018e-05]","[2.881363085800495e-27, 3.4398281969079535e-06]",0.3976216867017388,0.3836128887180583,0.7420004694916079,0.6361402320717888,0.2395948646046896,-0.04044417079537066,"[5.166761476092305e-08, 0.0021315388934907585, 0.012499339770660544, 0.07221294254770366, 0.01801039224862763, 0.0001271111970716909, 7.5738649989968035e-06, 0.023149681007733975, 0.00202511252814297, 0.002054793692085643, 0.03968115926349769, 8.9144365239668e-06, 0.0004165594623087992, 0.012085837940564054, 0.05216955630626554, 0.02360143438534042, 2.495973308126198e-05, 1.2056903068209957e-06, 0.014207772912021915, 0.005426707107143704, 0.006741852039045659, 0.018551598813855638, 9.163598307688765e-05, 0.00315177392476578, 0.016865531661569743, 0.05085649272978759, 0.01564339407736529, 0.00011779640290373713, 0.0012376745904244051, 0.01963984836289282, 0.001157093693989591, 0.01435450297094069, 0.023598287570208595, 0.012191392251851802, 0.012083861340305535, 0.000556620295185434, 0.020292354259575606, 0.026061817967327438, 0.008874191999504497, 0.0005521013330670731, 0.010985567936758023, 0.01021196427360737, 0.0006034991650777667, 0.0186279892560553, 0.09739650093599912]","[0.10844675127702733, 0.10271115145474585, 0.022626269979226503, 0.02481538780641533, 0.03777470669976625, 0.022487260816237926, 0.024695732694793596, 0.02845426861032834, 0.03270355255632918, 0.0325822051007319, 0.029733926264397702, 0.1097983823353206, 0.09970450892341323, 0.023591070905824674, 0.023881479246854718, 0.03796589350470188, 0.03453306579347318, 0.027281930365485953, 0.029142597439455256, 0.03527887615996604, 0.03132639310679148, 0.02852147932314237, 0.10445492807558454, 0.09787193399040896, 0.02413984984859679, 0.028162824003007125, 0.039761616097565365, 0.026135444465264925, 0.030334191684494072, 0.02633988740392537, 0.036856828545281425, 0.028807700783067366, 0.027403446526773477, 0.11166768992836065, 0.10353227281040027, 0.10455235248753114, 0.02222903200417855, 0.030334191684494072, 0.033267281418730615, 0.02224077891890787, 0.028374091591513783, 0.030166818817249905, 0.033845775633852396, 0.02834748127289373, 0.033116691643488044]","[0.7299325391509599, 0.7258298748835054, 0.6003654924138284, 0.5876367135327516, 0.5571647883325981, 0.6019434402090031, 0.5881276306245837, 0.5760650963681364, 0.5663870165577308, 0.5666324751036469, 0.5728741352712273, 0.7308793078280648, 0.7236207479702607, 0.5933874566084998, 0.5918445743198845, 0.5568491987735631, 0.5628454003952275, 0.5792911229716049, 0.5743118210401643, 0.5614778456394092, 0.5692623880956049, 0.5758897688353392, 0.7270922331196452, 0.7222531932144425, 0.5905822160837446, 0.576836537512444, 0.553973827235689, 0.5828327391341083, 0.5714715150088496, 0.5821664945094789, 0.5587076706212135, 0.575153393197591, 0.5789404679060104, 0.732176731570764, 0.7264259884950158, 0.727162364132764, 0.607588986765073, 0.5714715150088496, 0.5652649203478288, 0.6068876766338842, 0.576275489407493, 0.5718572355810035, 0.5641428241379267, 0.5763456204206119, 0.6517715250299677]","[6.746084904007965e-05, 0.014170125116494625, 0.07963450758617163, 0.18236328646724842, 0.07283521166740192, 0.008056559790996842, 0.0018723693754162385, -0.09606509636813643, -0.02638701655773079, -0.026632475103646858, -0.12287413527122731, -0.0008793078280647793, 0.006379252029739324, 0.07661254339150025, 0.15815542568011554, 0.08315080122643692, -0.0028454003952274043, 0.0007088770283950607, -0.07431182104016432, -0.04147784563940915, -0.0492623880956049, -0.08588976883533916, 0.0029077668803547674, 0.017746806785557512, 0.08941778391625543, 0.14316346248755596, 0.066026172764311, 0.0071672608658917, -0.021471515008849584, -0.09216649450947889, -0.01870767062121348, -0.07515339319759096, -0.09894046790601041, -0.03217673157076406, 0.03357401150498418, -0.007162364132764054, 0.10241101323492696, 0.09852848499115041, 0.05473507965217117, -0.01688767663388424, -0.06627548940749295, -0.061857235581003533, -0.014142824137926668, -0.08634562042061189, -0.18177152502996774]","[0.7577044203460365, -3.506550655944018e-05]","[0.014487215905594496, 3.760335378848353e-06]","[1.4578455924042526e-40, 6.8883778062682775e-12]",Good job,1.8058187683293854,0.1790106229900903,1.7977006352242002,0.18703117092208446
Brent,False,45,"[0.6350760831961596, -1.0378787545275885e-05]","[3.018909052043036e-27, 0.0010520903129120143]",0.22312420858236726,0.2050573297121897,1.1691977385167192,0.11040722874193365,0.13176741368982872,0.15954684446455003,"[0.00014464634591829445, 0.0003815892792327751, 0.03591620946014443, 0.03956808829121715, 0.002550741370960966, 0.00932693099949579, 0.0006557786636106264, 0.0018232222034019533, 3.063000088801365e-05, 0.010081681976565834, 0.07563559370240203, 0.0013471187089555891, 0.00040569951642455945, 0.04638328910081267, 0.02192283844031141, 0.0008862870287909209, 0.005279383249658649, 0.0035913578975108303, 6.587743934576426e-05, 0.001191407755761248, 0.02809861672203274, 0.03779772930290383, 0.012587757838516985, 0.0034453336466761584, 0.08281825890767815, 0.00010697796788174463, 0.0007877191381917693, 0.0024731482928732726, 0.004621049060853894, 0.0002355877041718161, 0.006733461751829167, 0.04276444696005987, 0.027345102246823943, 0.005437490162435289, 0.002875928543464573, 0.0006416131368041165, 0.06609343752303928, 0.0010500835707688437, 0.0025498280710414215, 4.0759488293461594e-05, 0.0010608937381778438, 0.001122702304829421, 0.02094326616608571, 0.04925180808528335, 0.05933276802129814]","[0.10702087337444544, 0.10191476152757767, 0.02628869741339766, 0.030809958367506704, 0.027033404319753276, 0.023361220492955942, 0.0233770068365445, 0.026753078839550404, 0.034623836850748206, 0.03744710000126458, 0.03505316238135872, 0.11150382772826248, 0.10149422115692978, 0.02728890840934193, 0.0288312700313061, 0.02783370566529863, 0.029507105890168306, 0.026402439485681696, 0.02769489883413034, 0.03652957337507009, 0.03720648483476868, 0.04411292866985471, 0.10772820586790056, 0.10233641443888865, 0.03192385711246045, 0.02844302810678354, 0.027946002738479237, 0.024287864737553407, 0.024360525376680462, 0.02614142701605215, 0.032931295276852846, 0.03210838241150257, 0.03185968394175141, 0.10904176872205221, 0.10645171104338108, 0.10497013064686213, 0.02550964950579308, 0.02672175603943628, 0.024430059168123564, 0.02226917708782516, 0.024421306602125666, 0.02461331764840284, 0.03101855974183601, 0.02828956920199959, 0.030107843081340995]","[0.6170585080175607, 0.6150761595964129, 0.5380240408602848, 0.5315891925822137, 0.5367785863548517, 0.5447079800394424, 0.5446560861017161, 0.5372352530068438, 0.5274272987765581, 0.5247495715898769, 0.5270017684872018, 0.6187502503874406, 0.6149100989956886, 0.5363738136405859, 0.5341216167432611, 0.5355435106369639, 0.533218662226822, 0.5378268438969246, 0.5357510863878694, 0.5255902533810443, 0.5249675261283278, 0.5192799505535166, 0.6173283564937379, 0.6152422201971374, 0.5302918441390543, 0.5346613136956154, 0.5353774500362395, 0.5421029043655782, 0.5419264649773086, 0.5382835105489167, 0.5291813138717097, 0.5300842683881487, 0.5303644956518712, 0.617826538295911, 0.6168405534791098, 0.6162697201641197, 0.5394563135415329, 0.5372871469445702, 0.5417604043765841, 0.5537479039913777, 0.5417811619516747, 0.5413348740872278, 0.5313401016811271, 0.5348792682340662, 0.5719938124959728]","[0.002941491982439315, 0.004923840403587065, 0.10197595913971524, 0.0984108074177863, -0.02677858635485164, 0.05529201996055755, -0.014656086101716093, 0.022764746993156226, 0.0025727012234418867, -0.04474957158987691, -0.1270017684872018, -0.008750250387440595, 0.005089901004311392, 0.11362618635941413, 0.0758783832567389, -0.015543510636963909, 0.036781337773177936, 0.03217315610307536, 0.004248913612130645, -0.01559025338104425, -0.07496752612832774, -0.07927995055351661, -0.027328356493737882, 0.014757779802862636, 0.13970815586094576, 0.00533868630438461, 0.014622549963760556, 0.027897095634421776, 0.038073535022691396, -0.008283510548916628, -0.039181313871709755, -0.10008426838814871, -0.08036449565187115, -0.017826538295911076, 0.013159446520890183, -0.006269720164119752, 0.14054368645846715, -0.01728714694457023, 0.028239595623415825, -0.003747903991377699, 0.01821883804832536, 0.01866512591277225, -0.07134010168112709, -0.11487926823406619, -0.1219938124959728]","[0.6350760831961596, -1.0378787545275885e-05]","[0.010723912366835626, 1.906149918528624e-06]","[7.493334151103208e-43, 2.331570755252933e-06]",Good job,4.408137534938904,0.035767871945242315,4.669653041062736,0.036314433724085625
Bromley,False,45,"[0.7342336782477851, -2.102254564116769e-05]","[2.039774699475138e-25, 0.00013802154822544052]",0.28945280520981764,0.27292845184260406,0.5749038554103505,0.22166987746313244,-0.35672423750925497,-0.6480060016622349,"[0.011401177853138546, 0.002733415388824419, 0.015495735464147673, 0.03645154574692046, 0.01301680966020776, 0.005577784276243949, 0.0020442804644329737, 0.001188943707433121, 0.0032803728868227213, 0.02267064039171097, 0.046168869779392836, 0.005444822480661264, 0.0014487892762591976, 0.011805701438764289, 0.019691853531311396, 0.042483317089457975, 0.007181673970916847, 0.0007749391889627621, 0.001093535945391745, 0.0069214243614922075, 0.027563503593307562, 0.039759060775796135, 0.0006007399443732564, 0.00021029694789445044, 0.013445608235352386, 0.020770863651988308, 0.025588837651082344, 0.01391894205195679, 0.00046102133853820793, 0.0030186935262035697, 0.01075167652472344, 0.033260309485681455, 0.03847926658829245, 0.004444190734804306, 0.0011240630625432484, 0.002162151051061422, 0.03322200873200317, 0.014431156150076578, 0.010773958886735754, 0.0002365266789462567, 5.722425611978295e-05, 0.004653430710760201, 0.014508425777330547, 0.05165290307219913, 0.08898048496958444]","[0.10510274955038318, 0.10613290225465555, 0.026775899172867056, 0.027928207963423747, 0.030376124541204426, 0.022356172889967718, 0.02546008617818935, 0.027174388620754268, 0.030287506528700964, 0.030100800922997877, 0.033066817072725824, 0.10623983292026531, 0.09946514941388823, 0.024396676668984246, 0.026977295065506942, 0.03550930926392545, 0.027535655255264416, 0.028096685817854575, 0.027671003489390906, 0.03415608599934608, 0.037553292252850756, 0.03458996564191406, 0.1080320349811266, 0.10407895943998863, 0.02543912189790284, 0.02758058219555754, 0.04026835631816156, 0.02574611625390951, 0.03222554438578081, 0.025172782406836583, 0.030465226746345428, 0.03332452524159964, 0.02812500377382348, 0.11112218559799393, 0.11248438534014242, 0.10344670372011244, 0.02489246403895356, 0.02858735125351884, 0.028344370190396956, 0.022227633530745198, 0.026490008218468957, 0.025453090519250553, 0.029148787411504135, 0.029386250527905125, 0.031005908524915048]","[0.7059583543604145, 0.7065680081840084, 0.5844900856457476, 0.5817361321667547, 0.5766907212128745, 0.603599579633569, 0.5881059634960285, 0.5835020260006127, 0.5768589015780038, 0.5772162848539036, 0.5719606484436117, 0.7066310758209319, 0.7025527019665454, 0.5916167286181034, 0.5839855445503597, 0.5681555676825604, 0.5826401016293249, 0.5813577263452137, 0.5823247634447073, 0.5702157771553947, 0.565233433838438, 0.5695430556948774, 0.7076822031029902, 0.7053487005368206, 0.5881690311329519, 0.5825349889011191, 0.5616385785337983, 0.5872650616703817, 0.5733691590015699, 0.5889889104129575, 0.576522540847745, 0.5715401975307883, 0.5812946587082901, 0.7094691194824896, 0.7102469536712127, 0.7049702947152796, 0.5898928798755277, 0.5802855765175141, 0.5808111401585433, 0.608350674948473, 0.5852258747431884, 0.5881269860416696, 0.5791083139616087, 0.5786247954118618, 0.6395901777712482]","[0.03404164563958545, -0.016568008184008498, 0.08550991435425248, 0.12826386783324528, 0.07330927878712556, 0.056400420366431, 0.03189403650397149, -0.023502026000612686, -0.036858901578003755, -0.09721628485390366, -0.13196064844361172, 0.023368924179068107, -0.012552701966545454, 0.0783832713818966, 0.09601445544964038, 0.12184443231743958, 0.05735989837067512, 0.018642273654786323, -0.02232476344470724, -0.050215777155394714, -0.09523343383843808, -0.11954305569487739, -0.0076822031029902815, 0.004651299463179326, 0.0818309688670481, 0.09746501109888095, 0.08836142146620174, 0.08273493832961831, -0.013369159001569875, -0.03898891041295749, -0.066522540847745, -0.11154019753078831, -0.1312946587082901, 0.020530880517510397, -0.010246953671212755, -0.014970294715279664, 0.13010712012447223, 0.07971442348248592, 0.06918885984145673, 0.011649325051527049, -0.0052258747431884744, -0.04812698604166954, -0.07910831396160867, -0.14862479541186185, -0.18959017777124815]","[0.7342336782477851, -2.102254564116769e-05]","[0.015148623987889614, 3.1934935313475795e-06]","[3.646044168790385e-39, 5.1855234267925414e-08]",Good job,5.122885963352863,0.02361231620290029,5.5240731869846895,0.02341420770374547
Camden,False,45,"[0.6939774495567281, -1.6439681983166076e-05]","[2.1223850673169528e-24, 7.977557220407565e-06]",0.3743756429131513,0.3598262392599687,0.7738739612632466,0.9609197694815114,-0.10854731019492198,-0.37815010035242036,"[0.0030901079432497027, 0.0041676146560994266, 0.08428105791947516, 0.01648685477784554, 0.01784828650336909, 6.22954718994528e-05, 0.0007939306370328001, 0.00894723268982835, 0.006517638610390917, 0.0022803422576851205, 0.04887714057186886, 0.0017876579264020193, 0.02704010289818595, 0.09004720081628209, 0.017926983758158377, 0.006765510837085009, 0.003932614423984481, 0.003757649628316468, 0.007037261104689701, 0.0019888523457014234, 0.015593870646501556, 0.03032329581009448, 0.009396203695002287, 0.0028070616754356675, 0.05089308831243774, 0.015671126893795892, 0.04658284692255227, 4.350655575485818e-05, 0.0032525041506663143, 0.020250248588669112, 0.0003363405670395586, 0.023383368551852125, 0.03120171366547475, 0.00016848394080147628, 0.00921536876308233, 0.008034203210931627, 0.008196596019898729, 0.01946685999848085, 0.030433612998209254, 0.004868936312206831, 0.00966110956916644, 0.010215791086729566, 0.0004626280404054218, 0.030841416940500445, 0.09645352411898565]","[0.09250169676260969, 0.10255636680655401, 0.03878978286778596, 0.028074814881716634, 0.03406613394365268, 0.02758214237878248, 0.022812439118366036, 0.023815529340324666, 0.03504469301375338, 0.03575020773449031, 0.03287269415994986, 0.09931510528118245, 0.0920508471105307, 0.04858806647099726, 0.0268492540025603, 0.036527714568547254, 0.022257736885861037, 0.022243283850999596, 0.023451795741878896, 0.030895208248050643, 0.037619617808017564, 0.03663420890203875, 0.10045024046493138, 0.09386295039484223, 0.045159831485427196, 0.027581419457360822, 0.04334642176838465, 0.0230759965410259, 0.022384427219508722, 0.024882802423903214, 0.03493590202435948, 0.04400813465458721, 0.03055377688516253, 0.0997887889384082, 0.10101052458691614, 0.08840098222501064, 0.02877445801418963, 0.03235184545636598, 0.033157367872339985, 0.03235283933619605, 0.02224294533582201, 0.02550786388879329, 0.03380961787436947, 0.03293392710359365, 0.02912759616985172]","[0.6594705570740625, 0.6676081996557297, 0.4846345391830913, 0.5078144907793555, 0.49346264840805154, 0.574280125037296, 0.5525633051375336, 0.5240568965787236, 0.4915063262520547, 0.4901418326474519, 0.49596148006949275, 0.6650436092663559, 0.6590924443884497, 0.46969086826039336, 0.5115791779535005, 0.4886787009509502, 0.5391320849572869, 0.539740353190664, 0.5262104949185183, 0.500433073568914, 0.48668949943098705, 0.4884814247671522, 0.66594779177543, 0.660604895130901, 0.47454057444542735, 0.5092776224758573, 0.47725312197264974, 0.5547497828412946, 0.5361236231543675, 0.5188783967540262, 0.49172004211783593, 0.4762503013716766, 0.5012550576680722, 0.6654217219519687, 0.6663916631889755, 0.6559853444936313, 0.5058417289413756, 0.4970958181263312, 0.4953532118361156, 0.586461929386822, 0.5397567928726472, 0.5163302460466355, 0.4939887182315128, 0.49582996261362744, 0.5786695201268013]","[0.020529442925937502, 0.02239180034427024, 0.17536546081690874, 0.0921855092206445, 0.08653735159194842, 0.005719874962703986, -0.022563305137533574, -0.07405689657872355, -0.0515063262520547, -0.030141832647451905, -0.14596148006949278, 0.014956390733644187, 0.06090755561155026, 0.16030913173960665, 0.09842082204649949, 0.05132129904904986, 0.05086791504271304, -0.049740353190664055, -0.06621049491851833, -0.030433073568914004, -0.07668949943098707, -0.10848142476715217, 0.03405220822457, 0.01939510486909901, 0.12545942555457262, 0.0907223775241427, 0.12274687802735024, 0.005250217158705439, -0.046123623154367466, -0.10887839675402627, -0.01172004211783595, -0.08625030137167661, -0.12125505766807221, 0.004578278048031348, 0.033608336811024486, 0.03401465550636862, 0.06415827105862437, 0.09290418187366878, 0.1146467881638844, -0.04646192938682192, -0.0797567928726472, -0.07633024604663546, -0.01398871823151282, -0.11582996261362744, -0.2186695201268013]","[0.6939774495567281, -1.6439681983166076e-05]","[0.019754652751457047, 2.5821792351990034e-06]","[2.6637074237496618e-33, 1.0704181233498282e-07]",Good job,5.507249892152577,0.018937801603234626,5.996334636505981,0.018488374912775503
Croydon,False,45,"[0.6372603771555101, -1.527886273155286e-05]","[9.757205352232233e-26, 4.536305981745568e-06]",0.3900649465294299,0.3758804104022073,0.7361007691957527,0.16408951020590468,0.21188782841051282,-0.9697575084713415,"[0.000496428256905849, 0.0034879094144995067, 0.027685436178982597, 0.017551692826689367, 0.010212818340285108, 0.005420016392917595, 0.0021011712487749522, 0.027813506233976357, 0.028347281416730884, 0.007495450904026345, 0.01062970839930031, 0.004830284087552777, 0.00032974400756769043, 0.05754419856710401, 0.014656983122849085, 0.03347960803454091, 0.0037478772591827444, 0.0008441984035685972, 0.027288896824908003, 0.02634997257716881, 0.0052706542842216085, 0.001771256610176932, 0.017184948256467002, 0.017782400121602683, 0.038019612379111674, 0.012400632496742833, 0.02582001123022879, 0.0008096590060897765, 0.004961803086027136, 0.02864599996632269, 0.027360594749631352, 0.0014710421390355867, 0.0050867536113249345, 0.0489042522293637, 0.001684124305574665, 0.0018123462742123467, 0.024380284868078757, 0.01565226881585412, 0.010261920593206627, 0.003585771153577802, 0.03538408767011468, 0.019819712717275204, 0.010776216345053262, 0.00536531256680157, 0.029537670302981146]","[0.10762955398121045, 0.10516972561685801, 0.023610506558907497, 0.023501068808070638, 0.025609344999664406, 0.024225080456204504, 0.028019651487540778, 0.030510948622046598, 0.02860084000396558, 0.03316685387854663, 0.03506119443425956, 0.11096523554956636, 0.09118803477474532, 0.024267462380165448, 0.023983699844738922, 0.03246182864388808, 0.03579930470458102, 0.028256776780699065, 0.032705917740824764, 0.03693995248886929, 0.04051028630035099, 0.035265785996962104, 0.10576274714777435, 0.10583702336149513, 0.023287269103761953, 0.024758634980325794, 0.03198227574833312, 0.02490296533890938, 0.03166341450747047, 0.027704534599183664, 0.03239261698139505, 0.03675353162796863, 0.025175615712794825, 0.10982089279798396, 0.11397528093504264, 0.10083741185319482, 0.02282242957848477, 0.024417286843523997, 0.03163846678556126, 0.02283296610893484, 0.026453763660888592, 0.02455169370837898, 0.034618692671362146, 0.030472009482975668, 0.0298894224115897]","[0.6058317565167058, 0.6043191491062821, 0.4882609077974066, 0.488795667993011, 0.4807895439216773, 0.4855871068193849, 0.4743877004371566, 0.46907065620657623, 0.47305843937951153, 0.464227256720674, 0.4611256475861687, 0.6078485663972708, 0.5952587835064713, 0.4854190393293378, 0.4865802328969358, 0.46544956573919816, 0.45997973288130223, 0.4738376613788207, 0.4650217575827147, 0.45826850025536836, 0.4533028698676137, 0.46080479146880615, 0.6046858418118394, 0.6047316784000341, 0.48991102497241434, 0.4835855758015514, 0.46630518205216515, 0.4830813733314102, 0.46688577883596416, 0.47513636471100273, 0.46557179664105064, 0.45854351978453634, 0.48216464156751704, 0.6071610175743509, 0.6096361933368625, 0.6015995115400657, 0.49281400889140936, 0.48483844254553876, 0.46693161542415884, 0.49273761457775156, 0.47834492588462885, 0.4843342400753975, 0.46182847527182014, 0.469147050520234, 0.5327987926598832]","[-0.005831756516705866, 0.015680850893717846, 0.10173909220259336, 0.08120433200698896, 0.05921045607832276, 0.04441289318061514, 0.025612299562843388, -0.08907065620657623, -0.09305843937951153, -0.04422725672067401, -0.05112564758616872, -0.017848566397270837, -0.005258783506471354, 0.14458096067066223, 0.07341976710306425, 0.0945504342608019, 0.030020267118697763, 0.016162338621179273, -0.08502175758271469, -0.07826850025536836, -0.033302869867613716, -0.02080479146880615, -0.034685841811839424, 0.03526832159996596, 0.12008897502758564, 0.06641442419844862, 0.0836948179478349, 0.016918626668589787, -0.03688577883596417, -0.09513636471100273, -0.08557179664105063, -0.018543519784536333, -0.042164641567517036, -0.05716101757435088, 0.01036380666313752, -0.011599511540065777, 0.09718599110859061, 0.07516155745446129, 0.053068384575841177, 0.03726238542224847, -0.10834492588462885, -0.08433424007539747, -0.05182847527182016, -0.039147050520233984, -0.09279879265988317]","[0.6372603771555101, -1.527886273155286e-05]","[0.014226320784816941, 1.822371427946461e-06]","[1.013960012508722e-37, 1.3641424552196222e-10]",Good job,4.483884591580823,0.034215867023129946,4.758774021013634,0.034663359519368976
Ealing,False,45,"[0.6928650484773918, -1.662025442484205e-05]","[5.305608992523385e-21, 0.0010242600496562248]",0.22403011740693202,0.20598430618383734,0.8136625144030644,0.18162815631927048,0.37265536645000974,-0.32419199114898767,"[0.0014159811993153394, 0.002295455916351855, 0.019956440220169538, 0.0543404908783435, 0.006544584728212631, 0.0019025200466353401, 6.149281657656945e-05, 0.004923814222781994, 0.0015636876091855358, 0.01349537994245996, 0.0391391024314736, 0.006474058696174963, 8.677152918025547e-05, 0.028914214898031667, 0.04975088768440587, 0.0034463170012665654, 0.009041836563885136, 0.00327109335889979, 0.0021086175343743097, 0.002747003350330143, 0.03340629257527223, 0.01645034205797947, 2.3999611640547417e-06, 0.0010530058049358672, 0.05460842779878483, 0.023153587154327065, 0.0019877592963776854, 0.008159467057638035, 0.011331027787911119, 0.0005599874567703949, 0.0033747844615897335, 0.050408957269218936, 0.010219337815732392, 0.0006858215948134221, 0.008132183838474248, 0.0003233000135909613, 0.04070385960850659, 0.02180003982946334, 0.0015163800316536208, 4.975780403657037e-07, 0.014857559551124524, 0.00033532554165823934, 0.0057217938044287295, 0.04393950405364187, 0.054026132327315124]","[0.10885430128989308, 0.10424970379385005, 0.025918184168509207, 0.024263047275921167, 0.02827483205577909, 0.02319444871059189, 0.027533541134154974, 0.026782414055008707, 0.030113360334163432, 0.03064826259879056, 0.035121274510064776, 0.10392171445884567, 0.09585773484120744, 0.024981748846037752, 0.025785816053232807, 0.0327073974062501, 0.03174270246602218, 0.027272279065283917, 0.02686015424028454, 0.04029821846959101, 0.03344374811924167, 0.0353720214678305, 0.10288741628176203, 0.10592714212147322, 0.02564467538312407, 0.025774419853841754, 0.032464276812859044, 0.025254123760687506, 0.026628904840021166, 0.026178135783958938, 0.03566945652273311, 0.03426791016232644, 0.034111155384948265, 0.11787851200172142, 0.10862950924924629, 0.10709196912492608, 0.022473387685516516, 0.02916764141652821, 0.02697799649042586, 0.0222707200409328, 0.023920573141522586, 0.028237729158858728, 0.032252689689347726, 0.033222223086427916, 0.029872526646255577]","[0.6641951095945393, 0.6614361473600155, 0.5406235179458386, 0.546058341142762, 0.5347067073705949, 0.5509280756892407, 0.5364185935763536, 0.5382800620719359, 0.5308674285984564, 0.5298369728241161, 0.5222581368063881, 0.6612367043069174, 0.6562007672161903, 0.5434988219613364, 0.54100578379761, 0.5261472763418013, 0.5278259220387103, 0.5370501632444976, 0.5380806190188379, 0.5149950856227322, 0.524917377514363, 0.5218758709546167, 0.6606051346387735, 0.6624499828799308, 0.541421290158231, 0.5410390243064597, 0.5265627827024223, 0.5426179484768197, 0.5386789481781321, 0.5398922267511456, 0.521427124085146, 0.5235877571603755, 0.5238370609767482, 0.6693972492295148, 0.6640621475591405, 0.6631480335657742, 0.556263177359615, 0.5327787578573132, 0.5377814544391907, 0.5593545446826356, 0.5474378222600239, 0.5347898086427191, 0.5269284282997688, 0.5252830231117094, 0.5922127876805484]","[-0.01419510959453929, 0.0185638526399845, 0.1193764820541614, 0.20394165885723803, 0.06529329262940509, 0.03907192431075923, -0.0064185935763535484, -0.05828006207193592, -0.03086742859845637, -0.08983697282411612, -0.1422581368063881, -0.031236704306917384, 0.0037992327838097806, 0.14650117803866358, 0.18899421620239, 0.0438527236581987, 0.07217407796128972, -0.04705016324449762, -0.03808061901883786, -0.034995085622732236, -0.13491737751436295, -0.09187587095461675, -0.0006051346387734302, -0.012449982879930821, 0.19857870984176895, 0.12896097569354037, 0.03343721729757776, 0.07738205152318034, -0.0886789481781321, -0.019892226751145548, -0.04142712408514604, -0.16358775716037555, -0.07383706097674819, -0.009397249229514792, -0.0340621475591405, 0.006851966434225809, 0.18373682264038504, 0.11722124214268681, 0.032218545560809275, 0.000645455317364485, -0.10743782226002391, -0.01478980864271906, -0.05692842829976885, -0.15528302311170938, -0.18221278768054844]","[0.6928650484773918, -1.662025442484205e-05]","[0.015203076181770062, 2.597921365458849e-06]","[4.901476287637168e-38, 9.650251676057585e-08]",Good job,3.6684954355187642,0.05545021819619155,3.8165875012173474,0.05727300625978717
Enfield,False,45,"[0.6123976701648233, -1.306254862651615e-05]","[5.205934178445045e-33, 3.254249745017305e-07]",0.4585660132219278,0.4459745251573215,1.8810127350420154,0.17407573636141732,0.48649459322570177,-0.4216595181329681,"[0.0018946085779306347, 0.031088527837308772, 0.0775041723967997, 0.008699356474184617, 0.01996809931328372, 2.1306996174857934e-05, 0.008137078832362806, 0.01123853635460676, 0.03826778955155373, 0.011447152276509354, 0.02458710172711853, 0.00010367455033389186, 0.0027699526698948137, 0.04729765921422582, 9.631388877406035e-07, 0.011315734313685438, 0.005197270906573715, 0.00032096266704772646, 0.01965074954394237, 0.03857723442445561, 0.00041750327394091016, 0.024969668145610763, 0.003675283145237687, 0.015553857718542747, 0.03394905794778164, 8.654891314446473e-05, 0.009606488936035329, 0.018368155275147343, 0.006722050021861251, 0.014014517834596217, 0.03807168505327106, 0.008198751597456677, 0.023251235709463643, 0.009317429415589098, 0.01923840856168168, 0.004717031225977545, 0.01215932409387255, 0.0005366061400421785, 0.013048663833462601, 0.00012729012260437206, 0.01965074954394237, 0.012534225610064375, 0.013850586212568548, 0.01778516722878241, 0.015414440919047367]","[0.1085181150010265, 0.10477473573092783, 0.022889119080661657, 0.02684796243721546, 0.02930213997922187, 0.024039702315735826, 0.0307198825589424, 0.03255045839408992, 0.031099084244155986, 0.032102549920708545, 0.028139703191851176, 0.10679092259175646, 0.10171410445213067, 0.022362079160049494, 0.02452702852450173, 0.032383770363070274, 0.032758239344515924, 0.027693860088829427, 0.029901185910562185, 0.03011487731854697, 0.03462410165296801, 0.028297230185703723, 0.10435775849222012, 0.1064250893765862, 0.023130353765170912, 0.027665234467519763, 0.036306614389852845, 0.028987813133266243, 0.03053338563718279, 0.027369198153576763, 0.03175893860994368, 0.03647959326318815, 0.027586901119227895, 0.11109831548322567, 0.11049286917168946, 0.10698823816484986, 0.023124524535607094, 0.028711801396979233, 0.02896392975662506, 0.02308424546023237, 0.029901185910562185, 0.02990967725992743, 0.027622436802940614, 0.02868062319374836, 0.028670420008705035]","[0.5925556588011452, 0.5908183398338186, 0.5063689629633917, 0.4949914831096961, 0.49064165441706625, 0.5018362585899906, 0.4884732713450646, 0.4859260743628939, 0.4879246443027509, 0.48652695159971365, 0.4925879741624172, 0.5917588433349278, 0.5893683969362753, 0.5101440395164548, 0.5003863156924473, 0.4861481376895447, 0.4856517608417371, 0.49338478962863463, 0.48970115091595706, 0.48937458720029414, 0.48330050208896413, 0.4923136606412603, 0.5906224016044208, 0.5915890302027831, 0.5052063961356318, 0.4934370398231407, 0.4813280572463602, 0.49115109381350036, 0.4887475848662214, 0.49398566686545436, 0.48699720335026825, 0.4811321190169625, 0.49358072785803236, 0.5937312881775317, 0.5934569746563748, 0.5918502811753134, 0.5052325212328848, 0.4916082830154284, 0.49119028145937993, 0.505415396913656, 0.48970115091595706, 0.4896880883673306, 0.4935154151148998, 0.4916605332099345, 0.5349890070040886]","[0.0074443411988547314, -0.030818339833818542, 0.11363103703660826, 0.03500851689030393, -0.05064165441706625, -0.0018362585899905914, 0.03152672865493544, -0.03592607436289391, -0.06792464430275091, -0.03652695159971364, 0.05741202583758287, -0.0017588433349278176, -0.009368396936275336, 0.08985596048354516, -0.00038631569244729214, -0.03614813768954467, 0.024348239158262897, 0.006615210371365365, -0.04970115091595706, -0.06937458720029416, 0.006699497911035857, 0.057686339358739736, -0.01062240160442085, -0.021589030202783133, 0.07479360386436817, -0.0034370398231406973, -0.031328057246360175, 0.048848906186499674, -0.028747584866221365, -0.043985666865454354, -0.06699720335026826, 0.028867880983037497, 0.05641927214196768, 0.01626871182246825, -0.023456974656374863, -0.011850281175313393, 0.04476747876711529, 0.008391716984571584, -0.04119028145937992, 0.004584603086344008, -0.04970115091595706, -0.039688088367330565, -0.043515415114899814, 0.04833946679006551, 0.04501099299591138]","[0.6123976701648233, -1.306254862651615e-05]","[0.008535196133526988, 1.3178661407914093e-06]","[2.1186012382941094e-46, 1.1284707100147982e-12]",Good job,3.220687874005483,0.07271306820181105,3.3147883853279,0.07562289093549816
Greenwich,False,45,"[0.7610009130006344, -2.5072603588596245e-05]","[4.877993999596172e-26, 4.6729970947618817e-07]",0.449607261249931,0.4368074301162085,0.7553767103049012,0.002036740294645387,0.7910971191156799,-0.3952281331173828,"[0.009361130477415183, 0.002129714931490139, 0.06672220103412989, 0.04374153178727807, 0.01954702282137994, 0.00034006963213795805, 0.00010832773219421213, 0.02039705339865154, 0.012529845251709448, 0.0032087635477740534, 0.008688543036063917, 3.985036574384376e-05, 8.902442783845585e-06, 0.06276817008856068, 0.046755857662511675, 0.010054200520275516, 0.0011201442657761285, 2.266198075385492e-05, 0.021417808353230487, 0.017014286066919758, 0.0023447560865178054, 0.008798954039488563, 0.01137519417065861, 0.018252321822910342, 0.0328362139978389, 0.04099017322684789, 0.001096964023322934, 0.00039200063060763776, 0.005215628361789409, 0.010522528698925107, 0.011077925014232746, 0.007074783091811953, 0.00965125293584754, 0.0003338528033969898, 0.05135608819842104, 0.051722738421836965, 0.012440706841584832, 0.026821527150656874, 2.0525544798757628e-05, 0.0003662714576647884, 0.02191748258451306, 0.0058777513544556, 0.01720501336984835, 0.01713203941376421, 0.02443105231870124]","[0.10750539096202602, 0.10136311092544999, 0.024606387499166424, 0.026786890123277646, 0.031974014332527015, 0.02363106055804947, 0.0285827451303178, 0.028735164202002256, 0.03683009786624164, 0.03166383718078062, 0.037383781466625285, 0.10527016121216624, 0.09694309158793149, 0.025149596386946308, 0.02755862946321621, 0.040936595652309206, 0.030150509899028156, 0.02742836076561446, 0.027017931768508214, 0.036236689315478576, 0.03446013167854288, 0.03709921482040519, 0.1105841527198841, 0.1048145436126012, 0.024059593341132016, 0.027706128821994913, 0.03369033929303178, 0.02347331590782034, 0.026916149231649776, 0.0267229373212663, 0.03167409565450935, 0.03371295612172269, 0.028160691467964145, 0.11336665960665104, 0.10756704788151124, 0.10741294735762423, 0.022290210267466345, 0.02508147037269052, 0.027382767906621114, 0.02243628891084289, 0.026301371341321135, 0.02579251460435092, 0.027128195956513213, 0.027239713389286192, 0.029172516114933572]","[0.719856770511748, 0.714767031983263, 0.5579128239330049, 0.5490120496590531, 0.5341941409381928, 0.5632783611009644, 0.5432202782300874, 0.5427689713654927, 0.523688720034571, 0.5349463190458507, 0.5226105980802613, 0.7180264704497805, 0.7109810688413849, 0.5554055635741453, 0.5464044988858392, 0.5161167937508149, 0.5388074999984945, 0.5468307331468453, 0.548209726344218, 0.524867132403235, 0.5285528051307586, 0.5231621953592105, 0.722338958267019, 0.7176503813959515, 0.5607460281385163, 0.5459281194176558, 0.5302326695711946, 0.5643063378480969, 0.5485607427944584, 0.5492377030913506, 0.5349212464422621, 0.5301825243640175, 0.5444989810131059, 0.7245453473828155, 0.7199069157189252, 0.7197815527009822, 0.5771936560926354, 0.5557064348172084, 0.5469811687683769, 0.5741598710584153, 0.550767131910255, 0.5527227949901654, 0.5478336372903891, 0.5474575482365602, 0.6207196959224385]","[-0.029856770511748065, -0.014767031983263013, 0.1820871760669951, 0.1409879503409468, 0.08580585906180715, -0.013278361100964364, 0.0067797217699125945, -0.09276897136549273, -0.06368872003457099, -0.03494631904585066, -0.05261059808026136, 0.001973529550219455, -0.0009810688413849356, 0.1745944364258547, 0.14359550111416075, 0.05388320624918508, 0.02119250000150552, 0.003169266853154773, -0.09820972634421804, -0.074867132403235, -0.02855280513075864, -0.05316219535921052, -0.03233895826701905, 0.04234961860404851, 0.12925397186148369, 0.1340718805823442, 0.019767330428805407, -0.014306337848096873, -0.048560742794458434, -0.06923770309135058, -0.06492124644226216, -0.05018252436401749, -0.06449898101310592, 0.0054546526171844745, -0.06990691571892516, 0.07021844729901783, 0.08280634390736463, 0.11429356518279166, 0.0030188312316231647, -0.014159871058415208, -0.10076713191025494, -0.05272279499016541, -0.08783363729038912, -0.08745754823656021, -0.10071969592243846]","[0.7610009130006344, -2.5072603588596245e-05]","[0.01895139678614849, 2.8409182399624954e-06]","[1.0022608102372622e-35, 3.3199961765091934e-11]",Good job,2.406761179094295,0.1208120906929842,2.4297455081124073,0.1263826727905744
Hackney,False,45,"[0.6917894639879428, -2.2396648997576465e-05]","[6.235732676678634e-29, 3.2075330646217625e-10]",0.6052657393289512,0.5960858728017175,0.7871177132510756,0.07582645698940046,0.8351160986205614,1.5186655347493394,"[0.001504560027053049, 0.003750452916901839, 0.21172014444248877, 0.020245984789391443, 0.0003065844553720844, 0.0067063931422422915, 0.0009921741847305281, 0.0005565100147178128, 0.01768450050339843, 0.009208889885470889, 0.010363675769142088, 0.001150158797434766, 0.03788432257729762, 0.03732012895677329, 0.03927531140061453, 0.0027942839521678635, 0.007529476848269726, 0.0015521250949928611, 0.00012887838593354285, 0.01484162091337227, 0.033481746939806524, 2.3321414071537958e-05, 0.0008143089601391664, 0.049926885947087406, 0.022621138838510437, 0.030977503391550153, 0.0017436090540131671, 0.0020682231146882013, 7.404994080948053e-06, 0.003188790937277811, 0.00856307349966189, 0.014216510305200563, 0.015639942521392877, 0.03744062911828721, 0.0020054769844505384, 0.04161108407357242, 0.009567190249781294, 0.008298493358186604, 0.006607021546587059, 0.0001954546224903091, 0.0017852901664970307, 0.014343634341111916, 0.010283937677353364, 0.01689983311899402, 0.08158830538078599]","[0.10344406777236585, 0.09885277857251654, 0.034351858982833966, 0.02670653329337123, 0.03668132748553592, 0.02230463577901725, 0.025360746779542927, 0.028850858423937073, 0.02738595191318114, 0.03145718786921124, 0.02996954037579621, 0.10706258175099329, 0.09494185723091453, 0.029888475659545534, 0.028255877637603136, 0.04941196138783249, 0.040615243249543555, 0.02897928240713535, 0.02486949286525179, 0.030273186915151486, 0.03132455906007164, 0.036937840106144426, 0.10862975783156323, 0.10018777561155576, 0.02561397202609273, 0.03291248020239548, 0.03681487876798117, 0.02541269197949005, 0.02978372891753934, 0.024075400860711, 0.03235659678413015, 0.031001509457949522, 0.025053113609287955, 0.10930968811542974, 0.11645386688193651, 0.09093957829806046, 0.022326694606096757, 0.030347929422964944, 0.029831984034776222, 0.022420036038415702, 0.02363254351619568, 0.02333770734775415, 0.030067380813650166, 0.02430891138466356, 0.037255927973863394]","[0.6391349421946406, 0.6351707353220696, 0.44746442007338116, 0.46840528688611516, 0.4425595539429119, 0.5052925677851237, 0.4737132926985408, 0.46139513574987373, 0.46603124209237207, 0.45427300136864446, 0.45819241494322027, 0.642180886458311, 0.6316992547274451, 0.4584163814331961, 0.4632092643186774, 0.4209019943622555, 0.435101469826719, 0.4610143927169149, 0.47593056094930086, 0.45736373893030996, 0.4546089511036081, 0.4420444310159677, 0.6434798921001704, 0.6363353610699435, 0.4726382535466571, 0.45073433082702735, 0.442290794154941, 0.473489326208565, 0.45870753787016455, 0.48000675106685975, 0.4520557331178844, 0.45543762711651836, 0.475079488287393, 0.6440398083251098, 0.649795747117487, 0.6280486009408403, 0.49593076850413664, 0.45716216908933177, 0.4585731579761791, 0.5077114058768619, 0.48267195229757137, 0.48468765070735326, 0.45792365515524935, 0.4787301420739979, 0.5603659276701641]","[-0.009134942194640616, 0.014829264677930443, 0.20253557992661886, 0.07159471311388488, 0.0074404460570881015, -0.04529256778512364, 0.016286707301459202, -0.01139513574987372, -0.06603124209237204, -0.04427300136864448, -0.048192414943220296, 0.007819113541689071, 0.0483007452725549, 0.09158361856680397, 0.09679073568132263, 0.019098005637744497, 0.034898530173280984, 0.01898560728308507, -0.005930560949300889, -0.05736373893030994, -0.08460895110360811, -0.002044431015967685, 0.006520107899829597, 0.05366463893005646, 0.07736174645334293, 0.07926566917297267, 0.01770920584505903, -0.023489326208564976, 0.00129246212983547, -0.030006751066859738, -0.04205573311788441, -0.05543762711651834, -0.06507948828739302, -0.044039808325109786, -0.009795747117486986, 0.0519513990591598, 0.0540692314958634, 0.04283783091066823, -0.03857315797617911, -0.007711405876861921, -0.02267195229757135, -0.06468765070735327, -0.04792365515524938, -0.06873014207399791, -0.12036592767016413]","[0.6917894639879428, -2.2396648997576465e-05]","[0.01820251162481495, 2.224376346597935e-06]","[1.0027334352802422e-34, 7.009145566706488e-13]",Good job,0.9836326344427321,0.3213036098139301,0.9609198989495497,0.332438561806801
Hammersmith and Fulham,False,45,"[0.7851375833113285, -2.9095361775093215e-05]","[9.786266834760679e-24, 6.711909369699078e-05]",0.31183642309728277,0.29583261898326607,0.5162694653717852,0.5057505745478692,0.23676390434796285,-0.6199055571437881,"[0.007525611958914274, 0.05293475575287729, 0.04769928829397603, 0.0271279823312356, 0.02244252577020175, 5.95315764642234e-05, 1.588036521334787e-05, 0.004379577996926618, 0.012504287191752544, 0.011528828017548915, 0.015476317671296681, 0.00014468673940679126, 0.03301289834600923, 0.04927959046085422, 0.03658825012065398, 0.024606164199620403, 0.0006625150456684265, 0.0014042583995270998, 0.0034647580152992077, 0.019275459300023307, 0.007404237934453054, 0.0164778664085862, 7.97735458514881e-06, 0.016009468097620105, 0.07628605634808887, 0.0218866768341068, 0.010747371707566013, 0.00013395463115907424, 0.003835361741644802, 0.01613516256057263, 0.009354563930716753, 0.009545001613724052, 0.02850589198471915, 0.013031944451872148, 0.008835887230261416, 0.005461439505951858, 0.02986036268258959, 0.0175405679304184, 0.0008185759076012899, 3.353988723191204e-05, 0.014661565715449928, 0.00785536602075817, 0.0037992040906505873, 0.028287594452197272, 0.08472586851515507]","[0.10564332279923955, 0.10127947705530896, 0.028189076297428735, 0.02954493936497658, 0.04001474712056344, 0.0226494469959077, 0.025451837278143118, 0.02452286201073355, 0.03354137993277399, 0.02686147624583611, 0.034924477723568895, 0.10881518636872257, 0.09821305608338299, 0.028665090130246748, 0.034017856797981055, 0.04524193028405151, 0.02677950598280643, 0.025983495176416214, 0.026852332358386903, 0.0340616599626559, 0.032481400575238975, 0.030011900513694754, 0.10007560887952366, 0.10253064018114454, 0.0324678007527211, 0.03361294198939606, 0.039729246561093036, 0.02260209942854046, 0.025780379805103337, 0.02355800073093772, 0.034743474153302534, 0.0339304940116412, 0.025732470986355425, 0.10610949418708643, 0.10743736684649252, 0.10333194930079177, 0.02543658928081182, 0.030652854100476638, 0.02744601354539717, 0.02250135129788891, 0.022636893506320928, 0.02473363595780606, 0.03121694932184868, 0.026608856999396135, 0.0333784311178596]","[0.753132685358726, 0.7498158141163653, 0.5945338683226928, 0.5909260434625814, 0.570210145878715, 0.6369549057907788, 0.6033788583023212, 0.6072194460566336, 0.5819064813123025, 0.5984908375241056, 0.5791715173054437, 0.7554894096625085, 0.7474299944508077, 0.5932245770428137, 0.5809463343737243, 0.5622671121141145, 0.5987526957800814, 0.60142946906339, 0.5985199328858807, 0.5808590482883991, 0.5841177288072095, 0.5897622289915776, 0.7488847625395624, 0.7507759610549435, 0.5841468241689847, 0.5817610045034269, 0.5706756716671164, 0.619555879449273, 0.6021568531077673, 0.6121656575583994, 0.5795206616467448, 0.581120906544375, 0.6023314252784179, 0.7534818297000271, 0.7544710720003803, 0.7513869636522205, 0.6034370490258714, 0.5882201748174977, 0.5966869250940499, 0.6352382794460483, 0.6191776397461969, 0.6062883944798305, 0.5869108835376184, 0.5993055076538082, 0.6737605384362717]","[-0.033132685358726044, 0.09018418588363464, 0.17546613167730718, 0.1290739565374186, 0.09978985412128505, -0.0069549057907788425, -0.003378858302321208, -0.05721944605663354, -0.08190648131230249, -0.08849083752410558, -0.0891715173054437, 0.00451059033749146, 0.07257000554919224, 0.1767754229571863, 0.13905366562627564, 0.09773288788588552, 0.021247304219918606, -0.03142946906339006, -0.048519932885880634, -0.10085904828839909, -0.06411772880720945, -0.0997622289915776, 0.0011152374604376236, 0.04922403894505656, 0.20585317583101537, 0.10823899549657301, 0.0693243283328836, 0.010444120550726965, -0.0521568531077673, -0.11216565755839936, -0.06952066164674475, -0.07112090654437497, -0.14233142527841786, -0.04348182970002712, 0.03552892799961971, 0.028613036347779564, 0.14656295097412864, 0.10177982518250228, 0.023313074905950137, -0.005238279446048266, -0.10917763974619688, -0.07628839447983049, -0.04691088353761841, -0.13930550765380817, -0.21376053843627169]","[0.7851375833113285, -2.9095361775093215e-05]","[0.025412436749970808, 5.0089829705040385e-06]","[5.423591207389278e-31, 6.936290008858953e-07]",Good job,3.0041809418425496,0.08304994281061434,3.076015265241914,0.08658049932743189
Haringey,False,45,"[0.6055933759807526, -1.2721811124646003e-05]","[3.8272123802228262e-28, 3.0735868960904795e-05]",0.3353906014791602,0.3199345689554197,1.2124298413051926,0.9305734531037918,0.2307745369815474,-0.035746620929913764,"[0.004459879602671262, 0.004006332794868327, 0.08145126543647965, 0.01563381162882977, 0.004910887146242897, 0.0015185248109976424, 0.008976026982537633, 6.220740642464959e-06, 0.009997612887414353, 0.02809419955248956, 0.005668183578937031, 0.0021892846413130514, 0.011846364349969217, 0.14167081590658506, 0.0015587315284306387, 0.018034481947635385, 2.3234749710465366e-06, 0.003264176098124444, 0.00033213931993760436, 0.02738143289753432, 0.015156021032174585, 0.00909941573903907, 0.030083099397376703, 0.1362314724323394, 0.030138687799080348, 0.0048590691422962, 0.0004947129884050103, 0.00019833133410156078, 0.0004931657628085736, 0.00021690632053874203, 0.03548820426611617, 0.004188234879289162, 0.029239149417541407, 0.10328124468596496, 0.019028799328192812, 0.05588383203258583, 0.01698231254603406, 0.0009500036326856434, 0.003398143217565673, 0.007415020043065975, 0.00014213814952303427, 0.003801107050304837, 0.03011423802967456, 0.012506633508532372, 0.10378645256544874]","[0.11381200049704947, 0.09538768126128697, 0.032352712240588014, 0.038890325261950895, 0.0381612076229844, 0.02271410601822354, 0.02764261541008491, 0.02530870019277153, 0.02842271242066189, 0.026538365876409096, 0.029648671961889993, 0.10545975453920947, 0.09393023557506897, 0.040999707114522506, 0.036728162588121845, 0.041026700692221106, 0.031508891392494166, 0.028920769327977013, 0.025292312004263188, 0.030360729120323175, 0.027708051672277356, 0.031235770589627815, 0.10158583307287306, 0.10097678227637984, 0.033513941687454404, 0.03177646221815443, 0.03951901061550808, 0.02453798947322918, 0.026085197427737832, 0.023216493373736262, 0.029496729117155555, 0.025363642548950172, 0.024122598202959294, 0.1139312291152918, 0.10497754709276302, 0.09704820044705895, 0.026435490278310863, 0.03412891994211205, 0.02747003816037786, 0.02222248885311845, 0.023605575853065313, 0.026308640734754286, 0.023279555151983496, 0.023691084688106347, 0.0446563662889126]","[0.58376274809086, 0.5754554054264662, 0.47954567135775994, 0.4721924645277146, 0.47293032957294406, 0.4998242382904457, 0.48652994566519064, 0.4911988503479357, 0.4852068773082274, 0.48857815725625864, 0.48328588382840587, 0.5801115882980866, 0.5747557058146107, 0.4701442529366466, 0.4744315032856523, 0.4701188093143973, 0.4806524689256042, 0.48440540320737474, 0.4912370157813096, 0.4822426953161849, 0.4864154493650688, 0.4810214014482189, 0.5783559783628854, 0.5780760985181432, 0.47809538488955033, 0.4802962582141141, 0.471569095782607, 0.49311984382775725, 0.48949412765723316, 0.497407094176763, 0.48351487642864954, 0.49107163223668926, 0.4942902504512247, 0.5838136353353586, 0.5798953175089676, 0.5762441577161943, 0.488781706234253, 0.47735751984432084, 0.4868352691321821, 0.5056889932189075, 0.49594408589742867, 0.48903614245674587, 0.49715265795427005, 0.4956514842415618, 0.5442615245488343]","[-0.013762748090860089, 0.014544594573533742, 0.12045432864224004, 0.047807535472285445, 0.027069670427055936, -0.019824238290445717, 0.04347005433480938, -0.0011988503479357093, -0.04520687730822742, -0.07857815725625866, -0.03328588382840586, -0.010111588298086671, 0.025244294185389315, 0.1398557470633534, 0.01556849671434768, 0.049881190685602705, -0.0006524689256042215, 0.025594596792625268, 0.008762984218690373, -0.07224269531618494, -0.056415449365068815, -0.04102140144821892, -0.0383559783628854, 0.0819239014818568, 0.07190461511044971, 0.029703741785885918, 0.00843090421739301, 0.006880156172242746, 0.010505872342766842, -0.007407094176762996, -0.08351487642864952, -0.03107163223668924, -0.08429025045122474, 0.06618636466464145, -0.029895317508967567, 0.0537558422838057, 0.061218293765747056, 0.012642480155679148, -0.026835269132182094, 0.044311006781092566, -0.005944085897428675, -0.02903614245674585, -0.08715265795427007, -0.0556514842415618, -0.11426152454883426]","[0.6055933759807526, -1.2721811124646003e-05]","[0.022646172150654023, 2.737105395362031e-06]","[1.9957946870030773e-28, 3.1781367813510565e-05]",Good job,0.2444863134911368,0.6209844749097968,0.2348964544068666,0.6303765100312166
Harrow,False,45,"[0.642515624870446, -1.696067470939961e-05]","[9.118962964738017e-30, 0.0015659125329743795]",0.2095947889905494,0.19121327245544584,2.041222050612753,0.23046992921729825,0.05622184416766363,-0.8667273804204774,"[0.06097347712141726, 0.09010920249506413, 0.04851308219286325, 0.0088531797163878, 0.004934825959958606, 1.4657176507408946e-05, 0.007888973074828455, 0.0228908532971475, 0.027647020117003502, 0.00036889518512589616, 0.030685638994662298, 0.00578365435734678, 0.000598105863226024, 0.007542465351598561, 0.01460665729233874, 2.119897415148664e-07, 0.0033898965139943847, 0.011473561388476205, 0.004125071503555318, 0.01632070389486236, 0.005776981073195782, 0.031392950976502985, 0.02703827423146541, 0.0001445618351034721, 0.003971335247469703, 0.015398345481244063, 0.0009210062541670258, 0.004821422778184803, 0.037580716388153565, 0.004875505587662531, 0.013896936879106694, 0.023697787172990658, 0.01065944402545093, 0.34036011495838414, 0.07628734723628022, 5.566426241135001e-05, 0.010470273228795936, 0.012496989893352378, 0.0019499460418325688, 0.0064821008754936136, 0.02936423401297706, 0.019882345275776245, 0.00014920169076622204, 0.022617726585266208, 0.04183171077395068]","[0.10164451588642255, 0.10287454429674184, 0.024829425775046474, 0.024404322607425102, 0.03493378310082015, 0.022827948682878307, 0.024829425775046474, 0.024040124981620694, 0.029653646011247693, 0.02770829477786167, 0.03263788482675784, 0.10484141951035394, 0.09886135012238897, 0.02332556355303624, 0.025424213980659995, 0.03664203233649806, 0.03117698687744414, 0.026957644417704457, 0.026870781814856227, 0.026627033477813068, 0.037191012162008596, 0.0356377149081599, 0.10328665416542016, 0.10778316190236337, 0.02283241549404253, 0.03032403197375777, 0.03899319807728727, 0.02803505553401679, 0.02770829477786167, 0.028132141170538954, 0.02898238342405588, 0.043693786519773105, 0.03364082824436358, 0.11245544328058941, 0.1099695676022284, 0.11093816640363785, 0.0228190642886414, 0.03293580302641311, 0.03442828808949248, 0.02227050344888764, 0.024395868320847138, 0.025312444516066415, 0.03136655313601544, 0.028952626319011195, 0.02680405040189636]","[0.6254362254380806, 0.6258432816311061, 0.563105745881037, 0.5639198582670882, 0.5515555264039359, 0.5680582628961817, 0.563105745881037, 0.5646830886290112, 0.5565250040937899, 0.5587977345048495, 0.553556886019645, 0.6264877872700634, 0.6245033883290636, 0.5664469987987888, 0.5620711447237636, 0.5501817117524745, 0.5549476613458157, 0.5597814536379947, 0.5599001783609605, 0.5602393918551485, 0.5497576948847396, 0.5509788634638163, 0.6259789670287814, 0.6274375850537898, 0.5680413022214723, 0.5558126557559951, 0.5484178015826969, 0.558390678311824, 0.5587977345048495, 0.5582719535888582, 0.5572712737810035, 0.5452291947373298, 0.5526579702600468, 0.6289131637535075, 0.6281329727168752, 0.6284382648616443, 0.5680921842456005, 0.5532855152242946, 0.5519795432716709, 0.5713655944645146, 0.5639368189417976, 0.5622577121455671, 0.5547610939240124, 0.5573051951304223, 0.5853411904250599]","[0.05456377456191941, -0.06584328163110609, 0.10689425411896303, 0.04608014173291175, 0.028444473596064057, 0.0019417371038182862, -0.043105745881036994, -0.07468308862901119, 0.0734749959062101, -0.008797734504849442, -0.07355688601964505, -0.016487787270063392, 0.005496611670936402, 0.043553001201211194, 0.05792885527623637, -0.00018171175247450044, 0.025052338654184214, -0.04978145363799469, -0.029900178360960483, 0.05976060814485151, -0.02975769488473956, -0.07097886346381632, -0.03597896702878145, 0.002562414946210234, 0.03195869777852767, 0.05418734424400484, 0.011582198417303124, 0.031609321688175984, -0.08879773450484951, 0.0317280464111418, 0.05272872621899649, -0.05522919473732979, -0.04265797026004681, 0.12108683624649252, -0.05813297271687523, 0.0015617351383556688, 0.05190781575439951, 0.04671448477570539, 0.018020456728329082, -0.0413655944645146, -0.08393681894179761, 0.06774228785443293, 0.005238906075987648, -0.06730519513042232, -0.09534119042505995]","[0.642515624870446, -1.696067470939961e-05]","[0.025051334105254685, 5.426293917232668e-06]","[1.0835845642511337e-27, 0.003175748440903862]",Good job,0.3073956261084865,0.5792827477060443,0.295753897268662,0.5893654519239578
Havering,False,45,"[0.7609697319859825, -3.298507739686333e-05]","[6.835213117832151e-29, 8.025913945698962e-08]",0.49193624608975706,0.48012080995230955,0.9791497724293582,0.36570351982584537,0.3388753285009215,-0.11684210737085543,"[0.0031467637655354657, 1.3088729763140856e-05, 0.08013705121155569, 0.02563069547899507, 0.003132041270193629, 0.0005713915555910731, 0.00033536261159700787, 0.001346099416494081, 0.0030398763274815574, 0.026382464566123837, 0.034467863108613425, 0.004345024308090488, 0.0010039323772590072, 0.04756317675772583, 0.015332886670502617, 0.0033785071227203593, 0.02139459659815364, 7.338512056390766e-06, 0.005971984387775533, 9.693601262042668e-05, 0.05854791440287073, 0.011024207159786876, 4.93215155263485e-07, 0.006635733999273785, 0.05958838220241736, 0.007763538402566186, 0.01148082987240573, 0.007827696788284148, 0.0044439884619758355, 0.0015494044826456345, 0.010551929506347415, 0.042946426083474355, 0.007891250565547797, 0.001700661729881971, 0.00015834029952709158, 0.0003245359411690933, 0.03764748778682768, 0.000498554177071422, 0.007779539271414005, 0.0012900987669505848, 0.01303528922638011, 0.0004711923243459694, 0.01413033358802178, 0.04503746394861866, 0.04499765348892853]","[0.10483804757611918, 0.09939856560679478, 0.02704377481340629, 0.026627917977255885, 0.028918559375851756, 0.024132807669548784, 0.023135158041513372, 0.03246846439957458, 0.03908977852973626, 0.036560235536787826, 0.03362087183625174, 0.107883105240175, 0.09939856560679483, 0.025713256406177033, 0.026333003991780818, 0.026550833172536252, 0.025152005703708607, 0.025773822616627137, 0.03146135633938369, 0.04594022932070337, 0.03875063562571599, 0.03541431777986569, 0.09838922227152226, 0.10156034590681699, 0.028278393718735514, 0.028438294136468804, 0.02865863438450227, 0.02292043934790597, 0.025215483972660137, 0.027341857751612776, 0.04627825783527076, 0.03067975830214443, 0.02788775799035633, 0.111941533278019, 0.1024664585103707, 0.10441948124404428, 0.023695255968034762, 0.026230812648210915, 0.0260754105370291, 0.022886611988149133, 0.02563615093180669, 0.03150344978773195, 0.03834080487858371, 0.02638928686004664, 0.03056098458366861]","[0.725378833474767, 0.721024803258381, 0.563916879617121, 0.5653022528677892, 0.5583094164596543, 0.6151097197370529, 0.5816628512566334, 0.5495353858720886, 0.5365722504551212, 0.5411571762132853, 0.547028519989927, 0.7277537590473411, 0.721024803258381, 0.5686007606074756, 0.566324790267092, 0.5655661334869642, 0.5708437458704623, 0.5683698650656975, 0.551844341289869, 0.5256541898367595, 0.5371659818482648, 0.5433671763988751, 0.7202001763234595, 0.7227730123604148, 0.5601235957164816, 0.5596618046329256, 0.5590350881623852, 0.5833780752812703, 0.5705798652512873, 0.5629603123726119, 0.5251594136758065, 0.5537244907014902, 0.561278073425372, 0.7308543563226463, 0.7234986840631458, 0.7250489827007983, 0.5779685225881848, 0.5666876261184575, 0.5672483724342041, 0.6069953906974245, 0.5688976263040473, 0.5517453860576784, 0.5378916535509958, 0.5661268798027108, 0.6366489752772047]","[-0.015378833474766984, -0.0010248032583810573, 0.16608312038287898, 0.0946977471322108, 0.03169058354034571, 0.014890280262947142, -0.011662851256633466, -0.019535385872088584, -0.026572250455121238, -0.08115717621328528, -0.09702851998992695, -0.01775375904734111, 0.008975196741618952, 0.1313992393925244, 0.07367520973290798, 0.034433866513035816, 0.08915625412953776, 0.0016301349343024185, -0.041844341289869025, 0.004345810163240538, -0.11716598184826482, -0.053367176398875116, -0.00020017632345947778, -0.022773012360414846, 0.13987640428351833, 0.0503381953670744, 0.060964911837614766, 0.05662192471872973, -0.04057986525128732, -0.02296031237261187, -0.04515941367580656, -0.11372449070149021, -0.05127807342537194, -0.010854356322646308, -0.003498684063145796, 0.0049510172992016654, 0.12203147741181519, 0.013312373881542494, 0.05275162756579588, 0.02300460930257553, -0.06889762630404728, -0.011745386057678386, -0.05789165355099579, -0.1261268798027108, -0.11664897527720464]","[0.7609697319859825, -3.298507739686333e-05]","[0.009978669233655322, 2.9572951227638894e-06]","[1.571522429379982e-47, 2.8333074873279163e-14]",Good job,4.355723580764359,0.036884787030702096,4.608179317573633,0.03750303406271005
Hillingdon,False,45,"[0.6243206175864713, -7.313634359744387e-06]","[1.7934245647027946e-27, 0.03347680055576627]",0.10090212908686325,0.07999287627492979,2.0822158653989518,0.0006738776723360668,-1.2389466865305188,3.7650551978538713,"[0.011483425607717354, 0.01829426239991423, 0.021120977882838208, 0.011950776484537077, 0.00217766213766238, 4.831142986439839e-07, 0.0036623403046622317, 0.010884913948495643, 0.005544783604323113, 0.0015652181221723642, 0.007035808110401984, 0.00439507940463472, 0.04146905476780611, 0.052475364093257496, 0.002979538679033477, 0.0006443804195467597, 0.0005001879393297321, 0.0004223755269486224, 0.0011584837618383043, 0.00042361471062752585, 0.00025893244260444156, 0.07591930480457622, 0.0042882103758760575, 0.030266308137970464, 0.04433223958002914, 0.00017610039599215448, 0.0003701945328197423, 0.0005272991884784578, 0.000227875431590936, 0.0036877029990756956, 1.4282067140044202e-08, 0.00011889889260091683, 0.1534682576222209, 0.07370487092512962, 0.003841710618408372, 0.010699798116905126, 0.015266033591055167, 0.002334839106273538, 0.0022534088154560535, 0.0039728187917664705, 0.007323031114821594, 0.016459919820628492, 0.004383921059979702, 0.00024292019922283076, 0.17420244132122234]","[0.10370438850139745, 0.10334110231233658, 0.023888836788483303, 0.023832964599116525, 0.027381371412866555, 0.022993100612401535, 0.025029229742931737, 0.02799336423331418, 0.024007922758808302, 0.036706122762882376, 0.043706230296766735, 0.10431166917553389, 0.09781395760458922, 0.02324018392065697, 0.023552357977241027, 0.029071972269352132, 0.03174302365955761, 0.0239456615528819, 0.029080762451376595, 0.023954488372407594, 0.0447296988934624, 0.05371821098512857, 0.1056862941301161, 0.10249659099950473, 0.025582906934507866, 0.028580249092345977, 0.031805284865484, 0.024701859578147644, 0.02953653578487391, 0.031784508584020606, 0.023131463544909067, 0.04086559236820281, 0.040533648152304355, 0.1074748693014136, 0.10909453995552928, 0.10887561961263788, 0.023250371964266596, 0.027051273163375935, 0.02656258526243273, 0.022260801511011216, 0.025576754652571535, 0.027929017508087337, 0.026774970038759602, 0.038212868183417376, 0.0244847739285868]","[0.6135476341745678, 0.6134598705622508, 0.5685980373995788, 0.5686931146462555, 0.5643268749334881, 0.5703971914520759, 0.5669232151311974, 0.563756411453428, 0.5684005692718657, 0.5576422131286817, 0.554029277754968, 0.6136939068617627, 0.6120995345713384, 0.5698267279720158, 0.5691977554170778, 0.5628202662553807, 0.560779762269012, 0.5685029601529021, 0.5628129526210209, 0.5684883328841827, 0.5535538915215846, 0.5497727425575968, 0.6140230204079512, 0.613255088800178, 0.5662357335013813, 0.5632371434138862, 0.5607358804628536, 0.567362033192782, 0.562439957268674, 0.5607505077315731, 0.5700680779058874, 0.5554115546489596, 0.5555797682392338, 0.6144472112008164, 0.6148275201875231, 0.6147763247470048, 0.5698047870689367, 0.5646486748453168, 0.5651460019817794, 0.5733665270021321, 0.5662430471357411, 0.563814920528306, 0.5649265929509871, 0.556801145177311, 0.5807752386085532]","[0.0264523658254322, -0.03345987056225086, 0.08140196260042121, 0.06130688535374451, -0.024326874933488063, -0.0003971914520759512, 0.03307678486880261, -0.05375641145342802, 0.04159943072813432, -0.01764221312868164, -0.034029277754968, 0.016306093138237276, -0.05209953457133831, 0.13017327202798412, 0.030802244582922134, -0.012820266255380686, -0.010779762269012005, 0.011497039847097823, 0.017187047378979026, 0.011511667115817303, 0.006446108478415424, -0.09977274255759677, 0.0159769795920488, -0.04325508880017803, 0.1137642664986187, 0.006762856586113752, 0.009264119537146343, 0.01263796680721796, 0.007560042731325933, 0.02924949226842688, -6.807790588747586e-05, 0.0045884453510404155, -0.16557976823923382, 0.06555278879918369, -0.014827520187523091, -0.024776324747004863, 0.07019521293106334, 0.02535132515468319, -0.02514600198177941, 0.0366334729978679, -0.04624304713574112, 0.06618507947169405, -0.0349265929509871, -0.006801145177311008, -0.2307752386085532]","[0.6243206175864713, -7.313634359744387e-06]","[0.019338575735708925, 2.633785406408515e-06]","[8.848263236118639e-32, 0.0080982835643488]",Good job,0.09760651157528888,0.7547210423930181,0.09347118653751255,0.7612850465075162
Hounslow,False,45,"[0.6777872006493556, -1.475766598095124e-05]","[1.205063940067148e-22, 0.004049557688822708]",0.1766194754538427,0.15747109116207159,0.937043163732878,0.04757648221518493,0.525236218385396,0.9306015252554496,"[0.0025511301931080022, 0.001825460942251294, 0.08650432838707825, 0.018744376165787034, 0.0029197909678414743, 0.002632749220047169, 0.00017796402472259354, 0.0014863367381436124, 0.005825620577693207, 0.01825217515571929, 0.014614785994168822, 0.0018429271441982673, 8.124828678251987e-05, 0.07658243311364746, 0.01308075099257982, 0.0005299963523671026, 0.002581461220706597, 1.62433616925576e-05, 0.0002715491203800825, 0.014338048071912097, 0.01098349883577613, 0.02902726781762786, 0.004049092228299593, 0.0023036653210735405, 0.07251788787818136, 0.01261790324403022, 0.001886879817085754, 3.3304158774886455e-06, 0.00029886472313902693, 0.0002442281963432051, 0.01880428873220591, 0.011130785491735335, 0.048551827184748486, 0.003993899353330714, 0.0054748197689824096, 0.017537886333552535, 0.03814812565029477, 0.01072241522206438, 0.0006726234677278082, 0.00012416341017866845, 0.00044742714396596347, 0.003052972854988365, 0.026986544909592385, 0.00908893009558251, 0.0894326966152666]","[0.10986535604428468, 0.10506018986060635, 0.026364525072875084, 0.02704445785991514, 0.030876346291894827, 0.023270675026058944, 0.026602473954874965, 0.027685846238608935, 0.03194541505942309, 0.029431597594969397, 0.036262280318669224, 0.10518741810334431, 0.1018176862970088, 0.025895159569979335, 0.025335788865085078, 0.03014240523106778, 0.029821295614321657, 0.025250089124855237, 0.02548548510294364, 0.04955616319723308, 0.03713948400119017, 0.03894504571649882, 0.10039048860260853, 0.10191121288605184, 0.026609788256786823, 0.030876346291894827, 0.03233040659651442, 0.023414817655527928, 0.025195627965710947, 0.025802027899679725, 0.037821727317118914, 0.0341131681103775, 0.029431597594969397, 0.11598618571659147, 0.10627279989635822, 0.10420395280400886, 0.02393935618826431, 0.028745277971838998, 0.026336134313560935, 0.022246267670074774, 0.023976172784734736, 0.02587510210463093, 0.03048019533417328, 0.025619352387390045, 0.029436809505424755]","[0.6568755879543478, 0.654676695723186, 0.5605818174286409, 0.5592241121583933, 0.5529225887845272, 0.5691265060316116, 0.5600948144512694, 0.5580287412139363, 0.5514320645204511, 0.555091965683727, 0.5461193047673086, 0.6547357263871098, 0.653156656127148, 0.5615853387153456, 0.5628692556556882, 0.5539998984011366, 0.554486901378508, 0.5630758629794216, 0.5625150716721454, 0.533604804015462, 0.5451452988125658, 0.5432268022350422, 0.6524778034920242, 0.6532009291250909, 0.5600800567852885, 0.5529225887845272, 0.5509155462111178, 0.5685509570583546, 0.5632086819732501, 0.5617919460390789, 0.5444074155135183, 0.5486428656500513, 0.555091965683727, 0.6595909984948427, 0.6552374870304621, 0.6542782387417003, 0.5667062488107356, 0.5561987906322984, 0.5606408480925646, 0.5790879305687537, 0.566588187482888, 0.5616296117132884, 0.5534981377577842, 0.5622051606865455, 0.600471788575152]","[-0.016875587954347737, -0.014676695723185973, 0.21941818257135914, 0.10077588784160674, 0.03707741121547281, 0.04087349396838835, 0.009905185548730544, -0.02802874121393628, -0.051432064520451126, -0.09509196568372696, -0.07611930476730866, -0.014735726387109738, -0.0031566561271479943, 0.20841466128465447, 0.08713074434431178, 0.016000101598863337, 0.03551309862149199, -0.0030758629794215286, -0.012515071672145384, -0.06360480401546198, -0.06514529881256581, -0.10322680223504216, -0.022477803492024218, 0.016799070874909172, 0.19991994321471152, 0.07707741121547285, 0.029084453788882136, 0.0014490429416453843, -0.013208681973250092, -0.011791946039078849, -0.08440741551351832, -0.06864286565005129, -0.15509196568372696, 0.020409001505157343, -0.025237487030462136, 0.04572176125829963, 0.15329375118926436, 0.07380120936770163, 0.019359151907435312, -0.009087930568753788, -0.01658818748288793, -0.041629611713288384, -0.11349813775778422, -0.07220516068654548, -0.21047178857515203]","[0.6777872006493556, -1.475766598095124e-05]","[0.01650925687093973, 2.8775422292349332e-06]","[3.958442218003816e-36, 6.636978333515231e-06]",Good job,1.6374090976240196,0.20068132119957488,1.6237173502004683,0.20941803993466493
Islington,False,45,"[0.7259995725926478, -2.616106169567398e-05]","[2.0282675697713047e-24, 1.6036898453700628e-07]",0.4756880941804458,0.4634947940451073,1.0188487252068192,0.057498624084067224,-0.07886792222938527,1.1497648330295194,"[0.003358629824905672, 0.03167631185854819, 0.20963266395507338, 0.009243683146802137, 0.0010626461354659848, 0.0006398535472910246, 0.0023428502920668716, 0.0006684003807696086, 0.007525882813460753, 0.006701398851045005, 0.0275996119565116, 0.023616970174203476, 0.0029599951927934917, 0.21443288754396317, 0.004818243899833592, 0.005910618132564752, 0.0050108091267811565, 0.003249493076394281, 0.002013751507873568, 0.008700232239979887, 0.0079087412389365, 0.049013407882558445, 0.02868345741726752, 0.0032110046333224196, 0.0749066914804141, 0.0003407257201605609, 0.006624239311480008, 0.00250492699579048, 0.0011156559910230237, 0.004561490850679617, 0.013037808459880684, 0.015455847720074708, 0.043667700587224176, 0.006133578204394611, 0.012820509354803172, 0.0009918582770947965, 0.013338427586855675, 0.00043577300258274855, 0.0007176583532141979, 0.0007277883894225033, 0.0002431973537020063, 0.0036244230722204387, 0.01787444483859673, 0.020536820741510448, 0.13923119389386346]","[0.09406724102377041, 0.09353737460486757, 0.06263225141482076, 0.030761575950074317, 0.030790497292218166, 0.024152240089764174, 0.02223920316245142, 0.023402090616200258, 0.028261277381777295, 0.02980734169858744, 0.037660955508721394, 0.1072811565344152, 0.0955274302627411, 0.06336896054341623, 0.03171130986536044, 0.04041612174093831, 0.026770931435558917, 0.02341645576468463, 0.024556737956538545, 0.02641271104818743, 0.03305550299308224, 0.03279668694148649, 0.09863587958687989, 0.09459906859835723, 0.0450829625944468, 0.03118078719269962, 0.04142806304369283, 0.022408583814702652, 0.023812135493215307, 0.025623850027411355, 0.024847291772655846, 0.03192573806447491, 0.027839590700721898, 0.09823301655976514, 0.11115471389770071, 0.09409518305567074, 0.026813209823353175, 0.028465482943711436, 0.02961789786232579, 0.027357195114495775, 0.023068176788752275, 0.024364451802676428, 0.023779059144869694, 0.030427772946936455, 0.03261383534082168]","[0.6605445962300716, 0.6600475360578537, 0.4250950409690057, 0.4796146935427903, 0.4795362103577032, 0.5480520309386734, 0.523931532055262, 0.5087581162717711, 0.48699211294097033, 0.482283121835749, 0.46363028484673346, 0.6723955571782119, 0.6619049714382466, 0.4241794038096571, 0.47710323162000556, 0.458293428260816, 0.4921458420950181, 0.5086534720249883, 0.5017469517373304, 0.4935062173031931, 0.4737546157229593, 0.47438248120365545, 0.664756527163075, 0.6610416564022893, 0.45010501595007, 0.4784897678898763, 0.45643599288042314, 0.5328524540934868, 0.5059850437320297, 0.49672402789176107, 0.5002819322823727, 0.4765538493243964, 0.48837864921084106, 0.6643902722993356, 0.6756918509518668, 0.6605707572917672, 0.49198887572484407, 0.48633808639857845, 0.48283250413135814, 0.5619697157607719, 0.5114003835030342, 0.5027672331434617, 0.5061943322255951, 0.48053033070213885, 0.5771692926059585]","[0.019455403769928492, 0.05995246394214626, 0.1949049590309943, 0.06038530645720974, 0.02046378964229678, -0.018052030938673358, 0.03606846794473806, -0.018758116271771152, -0.05699211294097034, -0.052283121835749014, -0.09363028484673347, 0.04760444282178811, 0.01809502856175349, 0.19582059619034292, 0.042896768379994454, 0.04170657173918402, 0.04785415790498193, 0.041346527975011704, -0.03174695173733044, -0.06350621730319311, -0.05375461572295931, -0.13438248120365542, 0.05524347283692499, 0.01895834359771076, 0.13989498404992995, 0.011510232110123697, 0.043564007119576864, 0.037147545906513146, 0.024014956267970344, -0.046724027891761055, -0.08028193228237274, -0.07655384932439635, -0.1383786492108411, 0.025609727700664386, 0.034308149048133174, -0.010570757291767152, 0.07801112427515589, 0.01366191360142155, 0.017167495868641858, 0.018030284239228034, -0.011400383503034184, -0.0427672331434617, -0.09619433222559509, -0.09053033070213884, -0.22716929260595853]","[0.7259995725926478, -2.616106169567398e-05]","[0.02888229031039671, 4.2555175965542146e-06]","[2.443600623393264e-27, 2.2303229143501588e-07]",Good job,3.0819792662740157,0.07916413410820335,3.1615306765463966,0.0824643093119306
Kensington and Chelsea,False,45,"[0.7789444071595952, -1.997569845482736e-05]","[5.153506253813888e-21, 0.013971219134504496]",0.13249137028812097,0.11231675099249583,0.6651245403834563,0.21398227727758706,-0.054933800391399334,-0.6744535114161745,"[0.00173628155322317, 0.015316194818862193, 0.013701522617887766, 0.02309837602715295, 0.04060489928247362, 2.1446291490993633e-05, 0.0019201570964216094, 0.008669136761065148, 0.002426224447498004, 0.006342889875209412, 0.04307826639762539, 0.00768819355111422, 0.008203591522805174, 0.028193869977299526, 0.03790437405313723, 0.09718975090808803, 0.0014014254918373235, 0.004213036969721517, 0.010202815437992022, 0.0014462159468519094, 0.012666784766617964, 0.0401992170130974, 0.011056624710508452, 0.0018038384472925972, 0.020364418229696202, 0.038395678508231786, 0.05354462126907465, 9.019441006723247e-06, 0.008440602413186239, 0.01031440298000608, 0.0009514928186387582, 0.021381215233081934, 0.0287335960638775, 0.0004140729738335002, 0.010345495981484027, 0.001942808444795119, 0.020422333619091102, 0.036059554897462015, 0.0021003876056765827, 1.712299721204354e-05, 0.012811753633937745, 0.007319069276897634, 0.003648156452735714, 0.022712752346561935, 0.10329118177552313]","[0.10108389889883043, 0.10368770434036845, 0.026997942038165506, 0.026112355927907466, 0.033892886477198195, 0.02700649951499777, 0.022451946084250548, 0.024366746611878893, 0.02913793568429978, 0.03054997062911385, 0.030993075483818102, 0.09376854880059758, 0.08859906881505222, 0.03979890948641997, 0.03747691334808222, 0.06266317103294018, 0.024105308959969412, 0.024366746611878893, 0.028152456540442117, 0.041576164921309444, 0.03752494642219729, 0.04155814887153321, 0.09880889090987302, 0.1001771330683679, 0.02620173260034796, 0.03058547019922734, 0.0497339968193147, 0.0222222262324795, 0.025865937600947898, 0.02589728049588704, 0.03650113410724337, 0.03484927495372109, 0.02590513719268743, 0.10082947594504797, 0.10543461352039601, 0.09834358909467573, 0.02453176353092921, 0.02943183628606498, 0.026442227760728052, 0.026793887439442086, 0.02326677811290142, 0.023313336174616353, 0.028192423559955302, 0.026838174257973135, 0.0339623346359208]","[0.7599475179290545, 0.7613657925193471, 0.6520188191776222, 0.6540962918169242, 0.640013424406271, 0.6946669353786786, 0.6686585759904934, 0.6590502650337214, 0.6476840926129246, 0.6451871303060712, 0.6444480294632426, 0.75583252404736, 0.7527962178822262, 0.6324426346918914, 0.6352392324755672, 0.611308345726684, 0.6599491714641886, 0.6590502650337214, 0.6495817839661333, 0.6304250891479538, 0.6351793053802027, 0.6304450648464086, 0.7586890489264003, 0.7594481254676837, 0.6538765591339212, 0.6451272032107067, 0.6221751256861101, 0.6733528651273778, 0.6547155384690239, 0.6546356356752046, 0.6364777257797665, 0.6386750526097975, 0.6546156599767498, 0.7598076880398706, 0.762304650346724, 0.7584293648464875, 0.6585109211754411, 0.6471447487546443, 0.6532972638787311, 0.6941875186157628, 0.6633650158999641, 0.6631452832169611, 0.6495018811723139, 0.6523783817498091, 0.7067522329438491]","[0.020052482070945565, 0.058634207480652845, 0.11798118082237785, 0.15590370818307586, 0.179986575593729, -0.004666935378678683, -0.04865857599049339, -0.09905026503372139, -0.04768409261292461, -0.07518713030607127, -0.19444802946324263, 0.044167475952640034, 0.047203782117773874, 0.13755736530810858, 0.1647607675244328, 0.19869165427331603, 0.04005082853581132, -0.06905026503372147, -0.09958178396613326, -0.030425089147953832, -0.0951793053802027, -0.16044506484640864, 0.05131095107359973, 0.020551874532316328, 0.14612344086607887, 0.18487279678929325, 0.16782487431388993, -0.0033528651273777577, -0.09471553846902381, -0.10463563567520451, -0.02647772577976648, -0.1286750526097975, -0.17461565997674977, -0.009807688039870643, 0.04769534965327604, 0.02157063515351254, 0.15148907882455898, 0.18285525124535562, 0.04670273612126885, -0.004187518615762831, -0.12336501589996407, -0.09314528321696114, -0.05950188117231392, -0.1523783817498091, -0.28675223294384916]","[0.7789444071595952, -1.997569845482736e-05]","[0.027438245625955433, 6.12517834405388e-06]","[1.746712616879101e-29, 0.0021748085623156345]",Good job,5.8348583611723654,0.015711674542892923,6.406179041662777,0.015111555665337168
Kingston upon Thames,False,45,"[0.7663816361529662, -3.8729673512964565e-05]","[4.538563111352539e-25, 0.0007414602285568116]",0.23488630479544892,0.21709296304650583,0.5873268779038443,0.1415366314183995,0.04111429213281947,-0.9820071464542361,"[0.0017863307433485384, 0.01194923546675329, 0.027766083339104602, 0.025685533197912096, 0.01020971166288417, 0.0018538682518801448, 0.0031881104122726423, 0.003910040100738169, 0.0473048193891619, 0.006547390932577321, 0.0205299223385491, 0.0035618763808618636, 0.006989648062717313, 0.04097730812690501, 0.04330072496817563, 0.013944809842286727, 0.001371504627071948, 0.004230220930315384, 0.004637925324353695, 0.04724023657160802, 0.010061132745863476, 0.016530743324949727, 1.384517497416535e-05, 0.005614300083508583, 0.04306822639803187, 0.03809217071995871, 0.012608298551920655, 0.00026534244180385496, 0.0028232595344484324, 0.017031567075648447, 0.02463847615150745, 0.014315401198544318, 0.016464194092623508, 8.943237505517365e-05, 0.00018352757954223617, 0.026554721758683585, 0.02819035359172613, 0.03546038190697155, 0.002537981419963521, 0.00030667353831862154, 0.00018798914397553877, 0.02459872491636642, 0.013985902099971902, 0.013621640459750192, 0.051103259176270364]","[0.10746057905763601, 0.10117091562899735, 0.023813381165437457, 0.02642495064295031, 0.0389315222834703, 0.022482833941094352, 0.026869313849441405, 0.02740449577650993, 0.03323084146998602, 0.024797581081170042, 0.027736057325066014, 0.10164100496318698, 0.09910586459787143, 0.02505819351021821, 0.037601723380780314, 0.039148164407992285, 0.03350800240747321, 0.028967676426866415, 0.024809706423271214, 0.033105998319944804, 0.030323342894793617, 0.030869245913859072, 0.10177557249773786, 0.10669586742002811, 0.02749075210811639, 0.03822952284812946, 0.037572141418973956, 0.02261122885035599, 0.029507273926310976, 0.02640949345010606, 0.029145235594115547, 0.02456105448406998, 0.03180305672884762, 0.11162101994655454, 0.10766973480147628, 0.10490206479429201, 0.02561709391133242, 0.036813005964238116, 0.032981867103823025, 0.024116168559874487, 0.025743393836380395, 0.027370192585364793, 0.025520455368274693, 0.0270499935021633, 0.030332414831418016]","[0.7445381002916541, 0.7409749703284614, 0.6368308782520997, 0.6287363764878902, 0.6078223527908893, 0.6445380832811797, 0.6276519456295271, 0.6264125960771123, 0.615723206187534, 0.6333064779624199, 0.6256767322803659, 0.7412460780430522, 0.7397743504495595, 0.6324931548186477, 0.6095264584254597, 0.6075512450762985, 0.6152971797788914, 0.6231205738285103, 0.633267748288907, 0.6159168545550988, 0.6205644153766545, 0.6195961735388305, 0.7413235373900781, 0.7441120738830116, 0.6262189477095474, 0.6087131352816875, 0.6095651880989726, 0.6433761930757907, 0.6220748726436602, 0.6287751061614031, 0.6227720067668936, 0.6340810714326792, 0.6180082569247989, 0.746823151028919, 0.744654289312193, 0.7431051023716745, 0.6308665085311032, 0.6105721596103098, 0.6161105029226637, 0.6639029200376619, 0.6305179414694865, 0.6264900554241382, 0.6311376162456939, 0.6272259192208844, 0.6790074927077181]","[-0.014538100291654144, 0.03902502967153865, 0.1331691217479003, 0.12126362351210984, 0.06217764720911079, 0.035461916718820374, 0.042348054370472954, -0.046412596077112345, -0.14572320618753398, -0.06330647796241995, -0.10567673228036589, -0.02124607804305223, 0.030225649550440492, 0.15750684518135238, 0.13047354157454027, 0.07244875492370151, 0.02470282022110859, 0.04687942617148977, -0.05326774828890701, -0.14591685455509884, -0.07056441537665448, -0.08959617353883043, -0.0013235373900780667, 0.025887926116988424, 0.15378105229045258, 0.12128686471831251, 0.0704348119010274, -0.013376193075790743, 0.037925127356339794, -0.09877510616140306, -0.11277200676689358, -0.09408107143267919, -0.08800825692479886, 0.0031768489710809478, -0.004654289312193027, 0.05689489762832556, 0.12913349146889685, 0.11942784038969023, 0.03388949707733635, -0.013902920037661914, -0.01051794146948648, -0.11649005542413815, -0.09113761624569383, -0.08722591922088441, -0.15900749270771808]","[0.7663816361529662, -3.8729673512964565e-05]","[0.016364550445173775, 7.004679010803694e-06]","[1.5549678610155743e-38, 1.7622072852302965e-06]",Good job,7.694702507012712,0.005538313774765507,8.869308919564158,0.004750853851829236
Lambeth,False,45,"[0.699959712051981, -1.7615040133553063e-05]","[6.004967340174981e-23, 2.0798293383860354e-05]",0.3468984570149296,0.33171004903853263,0.693879657147275,0.27575884425080754,-0.17011570297404224,0.30879013681551326,"[0.015377969160111764, 0.020219605035059603, 0.050941725698509494, 0.019192650008666337, 0.026862470085863333, 0.0003071516374755821, 0.0013428529307071356, 0.01293490536464306, 0.007605568604574191, 0.0051149634233012935, 0.005945197180107656, 0.006486515635393189, 0.00898039763632264, 0.0648255409700852, 0.012764305996015465, 0.03611663924866125, 0.003361789598061004, 0.0008985299232082313, 0.014231370595354155, 0.004922825639574655, 0.004147801035828208, 0.011372120310474326, 0.0036916885364598243, 0.028487171940937667, 0.04405221376721722, 0.008986776750272476, 0.02114534310282189, 2.7819316418397257e-05, 0.007668169474537635, 0.010330535301132388, 0.00410760556132082, 0.009646892780684608, 0.04114941330204154, 0.0001819674123084659, 0.010406226797980209, 0.0005138883734579356, 0.02377726767755831, 0.018478928676052175, 0.0007916578853610495, 0.00037920444634319527, 0.024973883354676967, 0.0027349331821428006, 0.0057760970799719934, 0.012369663746070627, 0.1363431613209414]","[0.10569064561703939, 0.10128978995272175, 0.0284517887616767, 0.03005707076725827, 0.031911430573230495, 0.022383764008041738, 0.0248483171416068, 0.024895315458327915, 0.031142937227209164, 0.040513835497750894, 0.03713837483981392, 0.10451971755989992, 0.09558488983865535, 0.034370777637294125, 0.030602592448513398, 0.03646689170009229, 0.031182179204283973, 0.03086293733911224, 0.028851072715790058, 0.03242462238336335, 0.04474109078590644, 0.0390943276217383, 0.10354631729756072, 0.10274349958979863, 0.028192489287773733, 0.027316491339548846, 0.031245145503153493, 0.02241524298530236, 0.02501244220410429, 0.024652201570334202, 0.028649880527244535, 0.033508362144535696, 0.02889168320425648, 0.1092530572255882, 0.10932653460905813, 0.10471032452163141, 0.024595255144582533, 0.027399770691124255, 0.02492112659444756, 0.02352968244581679, 0.02311701905652676, 0.02423783317806742, 0.02955120958190311, 0.025862472272603444, 0.030297589945711138]","[0.6628448224905847, 0.6595684250257439, 0.5067227217869039, 0.5026536475160532, 0.498443652924134, 0.5456167304017892, 0.5184719535559839, 0.5182781881145148, 0.5001346967769551, 0.48281911232567243, 0.48838546500787516, 0.6619816855240407, 0.6551822800324891, 0.49344098152620497, 0.5013677495863038, 0.4895656726968233, 0.5000466215762873, 0.500768838221763, 0.5056658193788908, 0.49735152043585373, 0.476530542997994, 0.48509145250290076, 0.6612594688785649, 0.6606605575140242, 0.507427323392246, 0.5099286590912107, 0.49990570125521894, 0.5343254896761815, 0.5178025820309088, 0.5192998604422608, 0.5061942705828973, 0.495132025379026, 0.5055601291380895, 0.665434233390217, 0.6654870785106177, 0.6621226058451091, 0.5195464710041305, 0.5096820485293408, 0.5181724978737134, 0.5555692280772466, 0.5275260841846301, 0.5211670546964174, 0.503886700325402, 0.5146142597667357, 0.5783630900100643]","[-0.042844822490584744, 0.0504315749742561, 0.16327727821309612, 0.09734635248394674, 0.11155634707586598, 0.014383269598210902, -0.028471953555983864, -0.08827818811451477, -0.0601346967769551, -0.042819112325672426, -0.04838546500787516, 0.02801831447595926, 0.03481771996751082, 0.16655901847379506, 0.07863225041369615, 0.12043432730317671, 0.039953378423712715, -0.02076883822176301, -0.08566581937889078, -0.04735152043585372, -0.03653054299799402, -0.06509145250290077, -0.02125946887856489, 0.05933944248597578, 0.15257267660775398, 0.0700713409087893, 0.10009429874478104, -0.004325489676181515, -0.06780258203090878, -0.07929986044226084, -0.04619427058289732, -0.06513202537902602, -0.14556012913808947, 0.0045657666097830285, 0.03451292148938223, 0.007877394154890971, 0.12045352899586947, 0.10031795147065914, 0.02182750212628659, -0.015569228077246589, -0.12752608418463007, -0.04116705469641746, -0.05388670032540194, -0.0846142597667357, -0.25836309001006424]","[0.699959712051981, -1.7615040133553063e-05]","[0.02258648278043275, 2.551079442601874e-06]","[4.783075162091525e-31, 1.7669129462256156e-08]",Good job,1.098147579982074,0.29467299274077163,1.0755889179222438,0.3054836029414235
Lewisham,False,45,"[0.6918989275371525, -2.071478931467259e-05]","[5.1695180872800715e-22, 6.010415721526585e-05]",0.31520936481099326,0.29928400120194654,0.5737063958215609,0.002185420397721793,0.39977944891004785,-1.184498043470851,"[0.009453480837423365, 0.001944956700230722, 0.027853026238840464, 0.022878712731297254, 0.03995986865599243, 0.009312583502062302, 0.004046434156974059, 0.019500576263033025, 0.013031221097266144, 0.001472460027499011, 0.02679663798718471, 0.014791631280588453, 0.006615044522553254, 0.028775669667817236, 0.02734361201568256, 0.03731947873207612, 0.014042731209046299, 0.010910741900035947, 0.009548187468505262, 0.009917721621628904, 0.013094082270228739, 0.008352902239832302, 0.008582338547976538, 0.0025190936441686304, 0.026983959425746905, 0.04215961828513603, 0.01407155837845644, 0.000604661566078265, 0.007535920349236128, 0.024006114756269483, 0.004881869482157766, 0.026900973766741502, 0.002736375831742877, 0.012380627002753173, 9.142410017617267e-05, 0.0003999255952675625, 0.03011355371138246, 0.019000491358012715, 0.006924710420472897, 0.0012517244432881226, 0.020166170561642754, 0.012333929442205993, 0.0026058653622769872, 0.027897490396481074, 0.027114186155699695]","[0.10610273225606098, 0.10540022396216392, 0.023481486383713418, 0.023153900968609507, 0.031206475902438306, 0.025380413284897683, 0.026501243249176937, 0.02752317399813475, 0.04076122570482834, 0.0381696816393908, 0.03646559443490283, 0.10475885318679892, 0.09926680108711666, 0.023745633169407632, 0.02459914904381796, 0.0376496059059499, 0.03482363842082348, 0.025454838607512933, 0.029083745681252254, 0.03931505268334316, 0.04045908631344746, 0.033528540907641666, 0.10429396086174107, 0.1018176594265366, 0.02241580945406542, 0.026363246518837348, 0.03178179163175857, 0.026106652710748697, 0.027701625317648956, 0.025363361301074448, 0.029492346383384306, 0.034789553771567, 0.03130273049285619, 0.1115564995807781, 0.10888266726608399, 0.10336811511167139, 0.022313587931558194, 0.025882734449175833, 0.02526760528468005, 0.0224526411897747, 0.0255945163796994, 0.02921016402858339, 0.03190098985905314, 0.025839966668006618, 0.02947067758928725]","[0.6546951659280006, 0.6541980109844484, 0.5217062185278025, 0.5237362678806404, 0.4974492002403209, 0.5132338696981015, 0.509463778042831, 0.5064394188028889, 0.48052521737023346, 0.48456460128659457, 0.48740252742270473, 0.6537422856195256, 0.6497650460711085, 0.5202561832757755, 0.5162789437273583, 0.4854139076484961, 0.4903025979267589, 0.5129645774370107, 0.5023378905185837, 0.4827416998269034, 0.48098094273515624, 0.4927262282765756, 0.6534108489904908, 0.651629377109429, 0.530530718775853, 0.5098987886184392, 0.4962270276707552, 0.510727380191026, 0.5059422638593367, 0.5132960140660454, 0.5013435806314794, 0.4903647422947029, 0.4972420523471742, 0.6584859723725857, 0.6566423561235798, 0.6527479757324214, 0.5323121906569149, 0.5114731126063543, 0.513648165484395, 0.5300128490429863, 0.5124674224934586, 0.5020271686788635, 0.4959784501989792, 0.5116181161315569, 0.5710488466753526]","[-0.03469516592800059, 0.015801989015551632, 0.1382937814721975, 0.1262637321193596, 0.1425507997596791, 0.0767661303018985, -0.04946377804283103, -0.10643941880288887, -0.07052521737023348, -0.024564601286594545, -0.10740252742270473, -0.043742285619525645, 0.030234953928891528, 0.13974381672422453, 0.13372105627264175, 0.12458609235150386, 0.07969740207324105, -0.08296457743701074, -0.07233789051858369, -0.06274169982690342, -0.07098094273515626, -0.06272622827657559, -0.03341084899049085, 0.01837062289057101, 0.13946928122414703, 0.16010121138156086, 0.08377297232924474, 0.01927261980897399, -0.06594226385933671, -0.1232960140660454, -0.051343580631479424, -0.11036474229470289, -0.037242052347174204, -0.038485972372585664, 0.0033576438764202354, 0.0072520242675786495, 0.14768780934308512, 0.10852688739364569, 0.066351834515605, -0.03001284904298629, -0.11246742249345854, -0.08202716867886356, -0.03597845019897916, -0.13161811613155694, -0.1210488466753526]","[0.6918989275371525, -2.071478931467259e-05]","[0.016504550661763255, 2.7216227452833996e-06]","[1.6469474130708308e-36, 1.6961034821868879e-09]",Good job,6.83532830828084,0.008937226580517326,7.7013401197382665,0.008134668001530704
Merton,False,45,"[0.672296727795706, -1.5302228387390594e-05]","[6.40839705524171e-25, 0.05810833954931277]",0.08100182536962675,0.059629774796827295,0.8943114003103654,0.09163930144034312,0.4973155577260048,-0.6147578383198691,"[0.0010895732013926677, 0.004872399298440147, 0.007608781916812096, 0.04531394132312569, 0.007259634074101877, 0.0099166717487725, 0.0001395783538781493, 0.029809224226859936, 0.01119123239463979, 0.010914995660939848, 0.00792058438090943, 0.00138654827364179, 2.6638535119888232e-05, 0.02085851913220733, 0.03387507578308019, 0.019322662727967278, 0.012172295921047885, 0.007850799210152807, 0.020286093808689152, 0.0218691335684764, 0.002730246834918144, 0.00521203510750698, 0.0038538043635684715, 0.005019193988681853, 0.05502328956705955, 0.03577525832321493, 0.0037985299432799977, 0.0026915866609095794, 0.017788569121671986, 0.014383555717086903, 0.024420875071417228, 0.0016325445891056283, 0.010770258244538596, 0.01855439602640209, 0.00497258428233813, 0.019238914413063305, 0.07236921497921013, 0.015004144779190097, 0.011399853543698032, 4.09853958456944e-05, 0.03251727939430055, 0.010746806690397898, 0.014485346056335358, 0.005380003368550453, 0.027787402694293643]","[0.10931081760491415, 0.1043283807885483, 0.027985398599286313, 0.02505356917263211, 0.027360841938707598, 0.0234145588754065, 0.025874584801212217, 0.03055666865858927, 0.030765240343326044, 0.02787623195269232, 0.030822570886828396, 0.10291502883717045, 0.10157208066122375, 0.026497896200471813, 0.028174969930122706, 0.039201569553592594, 0.03576468736777026, 0.028497739013036167, 0.03364495862532753, 0.03909415469924776, 0.039390365702748675, 0.030670115491542083, 0.10268066312995668, 0.109676681581926, 0.026038551940322053, 0.03288588533868006, 0.030519023469226327, 0.026716573650656193, 0.0243179953706879, 0.027170289026671745, 0.030822570886828396, 0.028238842060220107, 0.025775471373399264, 0.1112709540732847, 0.10273922260270613, 0.10894572052519888, 0.024531037545927274, 0.028862626852872254, 0.029014870878008792, 0.02243572075395195, 0.02580012191413652, 0.024998919455911803, 0.027783491346729968, 0.025392651391853108, 0.034609685126446674]","[0.660422198567091, 0.6591521136109375, 0.6054106875144217, 0.6087771777596477, 0.6060380788783047, 0.6115468810977653, 0.6077060217725303, 0.6031306554847006, 0.6029623309724392, 0.6055178031131335, 0.6029164242872771, 0.6587848601296401, 0.6584329088767301, 0.6069715148099356, 0.6052270607737731, 0.597346413154267, 0.5994122139865646, 0.6049210162060252, 0.6008200189982046, 0.5974076220678165, 0.5972392975555552, 0.6030388421143762, 0.6587236512160906, 0.6605140119374153, 0.6075070928034942, 0.6013555969917632, 0.6031612599414753, 0.6067266791557373, 0.6098789382035398, 0.6062370078473408, 0.6029164242872771, 0.6051658518602235, 0.6078284395996295, 0.6609118698754874, 0.658738953444478, 0.6603303851967666, 0.6095422891790172, 0.6045843671815027, 0.6044466471260161, 0.6145002111765318, 0.6077978351428547, 0.6088536889015846, 0.6056096164834578, 0.608318110908026, 0.6331689298091483]","[0.009577801432909094, 0.020847886389062542, 0.0545893124855783, 0.14122282224035232, 0.05396192112169529, 0.06845311890223471, -0.007706021772530325, -0.10313065548470057, -0.0629623309724392, -0.06551780311313349, -0.05291642428727705, 0.011215139870359936, 0.0015670911232699147, 0.09302848519006435, 0.11477293922622689, 0.07265358684573309, 0.060587786013435396, -0.054921016206025186, -0.08082001899820457, -0.07740762206781648, -0.02723929755555521, -0.04303884211437614, -0.018723651216090542, -0.02051401193741531, 0.15249290719650577, 0.10864440300823675, 0.03683874005852472, 0.03327332084426271, -0.08987893820353976, -0.07623700784734078, -0.09291642428727709, -0.025165851860223576, -0.06782843959962948, 0.03908813012451251, 0.02126104655552208, -0.04033038519676657, 0.18045771082098283, 0.07541563281849739, 0.0655533528739839, -0.004500211176531765, -0.11779783514285469, -0.06885368890158461, -0.07560961648345776, -0.04831811090802596, -0.09316892980914826]","[0.672296727795706, -1.5302228387390594e-05]","[0.013188155656649388, 4.734574307684339e-06]","[4.3172787158890216e-40, 0.0023612560945398178]",Good job,5.006665713203179,0.02524989436004058,5.383062690494659,0.025146225024126653
Newham,False,45,"[0.717866676905838, -1.7889450684647148e-05]","[8.137966184595795e-25, 1.9272151695465957e-06]",0.4131637685768409,0.3995164143576977,0.7714787609415945,0.0007765406540430924,0.9560932148110673,0.03379719106651269,"[0.010249387140219725, 0.0008223832710499117, 0.05381187359171978, 0.0490970148001586, 0.010735974610982737, 1.5941740358451648e-05, 0.007762275192458113, 0.015226719962651195, 0.005763197092763899, 0.0033675282695494703, 0.012203347280225749, 0.022143391965402263, 0.05285862258087293, 0.06815282312823562, 0.01922926216315401, 0.009372429227235041, 0.00042004734204103086, 0.012051206610562474, 0.011639799348483216, 0.004546070279560568, 0.0047329760563639325, 0.012099778995868225, 0.00032130552716675304, 0.028519256390014777, 0.09847736420220274, 0.006218992083952922, 0.009659376398695081, 0.002861439522986097, 0.007289823896831743, 0.010856377944657356, 0.0028885731210701467, 0.011221946342814634, 0.0010694448123576333, 0.05327949753715894, 0.0010407879165833772, 0.01819598505997069, 0.04607712476691131, 0.002968254488153308, 0.0052357006625438915, 0.006907840441288088, 0.025646307212688353, 0.0030698501895278668, 0.0076483274634518835, 0.013898297808584578, 0.017847627127907398]","[0.10943213294581161, 0.10893850402078872, 0.023843650948343863, 0.02857806643518025, 0.02902410912836946, 0.022306738075234506, 0.023142922320186592, 0.024082983104124187, 0.030152062301357065, 0.037598867058340146, 0.03756922851438569, 0.10442171159598565, 0.10127579382573554, 0.02644943316570164, 0.027520425183953912, 0.027916290384003534, 0.02754365864249441, 0.024048757699382674, 0.02446530374850096, 0.03359977623842667, 0.040815642111844186, 0.03786690058347107, 0.10217480371463888, 0.10102945721637653, 0.028750803598984024, 0.030074174620142793, 0.03078162602002041, 0.024251687240268376, 0.02678223657497892, 0.025431153247836766, 0.03943996033399842, 0.04042641284925781, 0.04065296289650064, 0.1096441170759067, 0.10769890846705593, 0.10307889658444438, 0.024729360370553097, 0.025836014265128934, 0.026377189181720342, 0.022297480166789188, 0.025788255423735296, 0.023931470562450177, 0.031931402124348154, 0.032888553372615044, 0.02541011606062778]","[0.6814437553118965, 0.6810680768475189, 0.5308145805471675, 0.5131040243693668, 0.5118696522721261, 0.5530153888468146, 0.5352690537676446, 0.5295265400978728, 0.5089178929091593, 0.49322884465872385, 0.49328251301077775, 0.6775796339640127, 0.6750930003188467, 0.5197052316720016, 0.5162167887884954, 0.5150181955926241, 0.5161452309857568, 0.5297054346047194, 0.5276302583253003, 0.5010107557065453, 0.4876831149464832, 0.4927458294902384, 0.6758085783462326, 0.6748962163613156, 0.5126210092008814, 0.5091146768666905, 0.507361510699595, 0.5286678464650099, 0.5185781962788688, 0.5234620163157775, 0.4899908540848027, 0.48832713517113047, 0.4879514567067529, 0.6816047603680583, 0.6801199359612325, 0.6765241563736185, 0.5264137756787443, 0.5219056341062132, 0.5199556839815866, 0.5527828259879142, 0.5220845286130597, 0.530331565378682, 0.5046602036462133, 0.5025313590147403, 0.5742322773588061]","[-0.03144375531189647, 0.008931923152481036, 0.1691854194528325, 0.14689597563063328, 0.06813034772787385, -0.003015388846814515, -0.06526905376764458, -0.08952654009787281, -0.04891789290915932, -0.03322884465872383, -0.06328251301077775, -0.04757963396401266, 0.07490699968115333, 0.1802947683279984, 0.09378321121150457, 0.06498180440737589, 0.013854769014243207, -0.0797054346047194, -0.0776302583253003, -0.04101075570654528, -0.03768311494648319, -0.06274582949023838, -0.005808578346232607, 0.0551037836386844, 0.2073789907991186, 0.05088532313330951, 0.06263848930040494, -0.03866784646500987, -0.05857819627886879, -0.07346201631577748, -0.029990854084802676, -0.05832713517113047, -0.01795145670675291, -0.0716047603680583, -0.010119935961232507, 0.04347584362638146, 0.1535862243212558, 0.0380943658937869, 0.050044316018413304, -0.06278282598791418, -0.11208452861305968, -0.04033156537868199, -0.05466020364621332, -0.07253135901474034, -0.09423227735880613]","[0.717866676905838, -1.7889450684647148e-05]","[0.021191593796075832, 2.3283084809991694e-06]","[1.2065338041406315e-32, 1.3370420051786498e-09]",Good job,1.5912891503157174,0.20714204687196808,1.576306509090293,0.21607341837077867
Redbridge,False,45,"[0.7150464702012804, -2.6995658285537268e-05]","[3.791817353944326e-26, 3.932556806666327e-07]",0.4538958261892244,0.4411957291238575,0.8576412200607808,0.011655747478398084,0.7991996205415911,0.14227523273446163,"[0.018032514736676095, 0.010329768264218575, 0.05985851235691176, 0.024561438610626266, 0.011675319248183613, 0.00018882369787421435, 0.0014014452588765713, 0.0057283879365415714, 0.004270605182671202, 0.007243304683602808, 0.014420034217394665, 8.76897079116662e-08, 0.008019491725551272, 0.10430093170257002, 0.005538424116802276, 0.01310981311457631, 0.0010758281714253587, 0.011949067785608418, 4.097990503734606e-05, 0.004149917229443515, 0.01618944071976786, 0.01005563137748212, 5.711304204840356e-05, 0.015394441311631977, 0.05697094545330526, 0.020739552682610976, 0.014831833019470254, 0.003775098475073134, 0.002834119301240815, 0.006095869289124116, 0.01202366715799914, 0.008487208711509986, 0.007044860529173191, 0.0895819281103634, 0.00484081630233603, 0.011326815150478694, 0.05237739707333601, 0.0022346958847696457, 0.01124750574509404, 0.011108261778967132, 0.00709224771015987, 0.0029216937727998345, 0.01068052703454544, 0.018216887365493626, 0.05820831709075003]","[0.10722839650250142, 0.10784878242866486, 0.025725717042030315, 0.02609831444502577, 0.027856380963172254, 0.022424805033913767, 0.03151877602991996, 0.02999419467109586, 0.03367945024336991, 0.03277598772747664, 0.03257091807998736, 0.10781425736906777, 0.09783594219410482, 0.028672229332333942, 0.025338919618387627, 0.02658273785182869, 0.028317143650838063, 0.029726081573094462, 0.027153509219128805, 0.03402300596448114, 0.029017899334607355, 0.033755357369402175, 0.10483722673396742, 0.11385494700327833, 0.026621784331046502, 0.028428189939498444, 0.029921547419611526, 0.02532575852176226, 0.03188641048412214, 0.029194117742542984, 0.029583662269730623, 0.030015013684344276, 0.03325404384734193, 0.11414092176636319, 0.10698774446145248, 0.1055169372252135, 0.025670065182818697, 0.02577477791031567, 0.027567889375510003, 0.022995223904991147, 0.02727858504310069, 0.026981034604189536, 0.03234410350751251, 0.025924007267432797, 0.029937201129421383]","[0.6796281665306555, 0.6801140883797951, 0.5191389780231365, 0.5177352037922885, 0.511877145944327, 0.5397096696367158, 0.5021047176449625, 0.5058841098049377, 0.49724549915356575, 0.49921618220840996, 0.4996751083992641, 0.6800870927215097, 0.6720423865524195, 0.5094745323569141, 0.5206777305454121, 0.5160074816620142, 0.5105003673717645, 0.5065859969203617, 0.514090789923741, 0.4965166163798562, 0.5085026886586348, 0.4970835252038525, 0.6777384704506679, 0.6847303459466221, 0.5158725033705864, 0.5101764194723382, 0.5060730794129364, 0.5207317218619831, 0.5012408565798252, 0.5080167668094951, 0.5069639361363592, 0.5058301184883666, 0.498163351535274, 0.6849463112129064, 0.6794391969226568, 0.6782783836163787, 0.5193549432894208, 0.5189500084151377, 0.5127680026677497, 0.5335006682310424, 0.513685855049458, 0.5146576987477373, 0.5001880259066893, 0.5183830995911414, 0.5864121584706954]","[-0.039628166530655484, 0.02988591162020482, 0.16086102197686358, 0.10226479620771145, 0.06812285405567298, -0.009709669636715823, -0.02210471764496247, -0.04588410980493768, -0.03724549915356573, -0.04921618220840995, -0.06967510839926411, -8.709272150964065e-05, 0.02795761344758041, 0.20052546764308588, 0.04932226945458784, 0.07399251833798581, -0.020500367371764527, -0.06658599692036166, -0.004090789923741012, -0.036516616379856204, -0.0785026886586348, -0.057083525203852514, 0.0022615295493321197, 0.0352696540533779, 0.1541274966294136, 0.08982358052766182, 0.07392692058706352, -0.04073172186198315, -0.031240856579825227, -0.048016766809495126, -0.06696393613635915, -0.055830118488366554, -0.04816335153527401, -0.08494631121290641, 0.020560803077343204, 0.031721616383621254, 0.15064505671057926, 0.031049991584862324, 0.06723199733225027, -0.07350066823104234, -0.05368585504945794, -0.034657698747737276, -0.06018802590668931, -0.08838309959114138, -0.14641215847069539]","[0.7150464702012804, -2.6995658285537268e-05]","[0.01925848717451593, 3.1894104761224545e-06]","[2.6558357934679946e-34, 1.0539988897262075e-10]",Good job,1.4841234987405838,0.2231304754697585,1.466529358405506,0.2325079950435432
Richmond upon Thames,False,45,"[0.7758996822024871, -4.183616245994714e-05]","[1.5048950425190316e-23, 0.0008197371076901821]",0.2315265277186005,0.2136550516190331,0.7959118674853941,0.07534197036671328,0.0786592032165939,-0.7896174853932707,"[0.00210307397000188, 0.010830259330678025, 0.07297433344659571, 0.026476223967638567, 0.003410556802091795, 0.00197222864155774, 1.2596854297845623e-05, 0.00038454542291271426, 0.012622731458324286, 0.02575594230206374, 0.02194569239006033, 0.0005899581546054599, 0.011013162683014931, 0.05716437194996043, 0.04670280113673071, 0.0008766365225113389, 0.006402480033485348, 0.0003618535879341982, 0.0013796325731135642, 0.026113254428840563, 0.01477633929417617, 0.021847993759068398, 0.005163080852592494, 0.00286464003925987, 0.06446348187441182, 0.023121679233900853, 0.005908684488970591, 0.00032043091950473404, 0.005940893629415496, 0.010865213499938232, 0.025594426036295935, 0.02185972277360767, 0.02279374290167221, 0.03986185943121924, 0.002194771601013319, 5.503254538820834e-05, 0.03358259250379553, 0.010037802793010347, 0.0005905759474999284, 0.0004917149093301963, 0.0017405357981708375, 0.012933708565784982, 0.022049171845861314, 0.025976334643633664, 0.0623522833862067]","[0.10645833450932106, 0.10008282001245677, 0.04082579964548553, 0.028874946072815086, 0.03505821513210497, 0.024522944492732564, 0.02573657396404525, 0.026930220311369716, 0.026615476959742645, 0.030211100072908136, 0.03474296126160798, 0.10350508446671405, 0.09917401657981888, 0.04060369883454372, 0.033720423418930986, 0.029983347866466756, 0.04225240228585961, 0.02399739435040027, 0.024036934157851464, 0.033921446877643244, 0.03229167496612677, 0.027799508131763524, 0.10639062996859917, 0.10423845661851505, 0.031287847277104174, 0.034457421827396875, 0.036497472168235116, 0.02637152152554303, 0.024272739738977797, 0.024272739738977797, 0.026105400862114422, 0.03151136260034136, 0.023448375159616078, 0.1102240024453418, 0.10571508163981863, 0.1073409705230348, 0.024787548419115773, 0.028780132617172303, 0.028316272691955864, 0.022261680095292915, 0.024027008376576675, 0.02541245013062351, 0.025518749353519186, 0.024027008376576675, 0.033389803474841606]","[0.7523040865750769, 0.7482878149789219, 0.5993092404590502, 0.6189722368152253, 0.6075928006261198, 0.6310210516036902, 0.6269629438450752, 0.6236160508482795, 0.6244527740974785, 0.6161692139304089, 0.6080948345756391, 0.7504632954268392, 0.7477021087044827, 0.5996020935962698, 0.609768281074037, 0.6166294117174683, 0.5974684493108126, 0.6331128597266875, 0.6329455150768477, 0.6094335917743574, 0.6122366146591739, 0.6214405704003623, 0.752262250412617, 0.7509234932138986, 0.6140774058074115, 0.6085550323626985, 0.6053754840157426, 0.6251221526968376, 0.6319832833402689, 0.6319832833402689, 0.6258752036211166, 0.613659044182812, 0.6356648656367443, 0.7546050755103739, 0.7518438887880174, 0.7528479566870562, 0.6300588198671113, 0.6191814176275251, 0.6202273216890237, 0.6504748671475655, 0.6329873512393076, 0.627967011744114, 0.6276323224444345, 0.6329873512393076, 0.6861192775634405]","[0.01769591342492316, 0.041712185021078096, 0.18069075954094982, 0.13102776318477471, 0.04240719937388027, 0.03897894839630989, 0.0030370561549247777, 0.01638394915172048, -0.09445277409747843, -0.12616921393040892, -0.10809483457563906, 0.009536704573160804, 0.04229789129551731, 0.1603979064037302, 0.160231718925963, 0.02337058828253169, 0.05253155068918747, 0.016887140273312506, -0.03294551507684773, -0.11943359177435742, -0.09223661465917388, -0.12144057040036227, 0.027737749587383065, -0.020923493213898636, 0.1959225941925885, 0.1114449676373015, 0.05462451598425744, -0.015122152696837587, 0.06801671665973108, -0.09198328334026884, -0.1358752036211166, -0.11365904418281203, -0.1356648656367443, 0.07539492448962604, 0.018156111211982573, -0.0028479566870561746, 0.15994118013288872, 0.08081858237247486, 0.019772678310976288, -0.020474867147565523, 0.037012648760692435, -0.09796701174411393, -0.12763232244443445, -0.14298735123930761, -0.1861192775634405]","[0.7758996822024871, -4.183616245994714e-05]","[0.020877164472385336, 8.305681464387979e-06]","[2.5503099783911245e-34, 8.964951401627103e-06]",Good job,6.256904279152615,0.012371019330231306,6.944382708653561,0.01164557374182122
Southwark,False,45,"[0.7385681276405481, -1.692813024885032e-05]","[1.3296396778796102e-20, 0.00033685199287455443]",0.260901778595925,0.24371344786559768,0.5797602465561306,0.09199671362042955,0.3178398310713255,-0.7819485015096408,"[0.0010584395152750034, 0.00202998420725816, 0.04093974992580818, 0.04127893180607561, 0.018292070857760037, 0.000815037557135724, 0.0008073339057736226, 0.006398158846160794, 0.006493495743941839, 0.027111346265404925, 0.013339264302999051, 0.0011942239084566564, 0.009383560350892809, 0.04677781066674771, 0.028739534377874142, 0.035041580378965625, 0.0045030947558589605, 0.0071979908615458785, 0.00036636050842438775, 0.013724491059865215, 0.023353519034819973, 0.016128649604041978, 0.0039535165253078075, 1.992775447518242e-07, 0.05621325174508875, 0.026826534056634953, 0.02972859951204168, 5.169804475669392e-05, 0.005138768472120052, 0.00588707242235435, 0.020100131484301623, 0.0231753081995582, 0.019930234087921845, 0.00010742587028576649, 7.940345753589887e-05, 0.013555245295258943, 0.03436631565122822, 0.01154590384911176, 0.006966740017181516, 0.0019018274873514548, 0.009208068369829037, 0.004277939968404944, 0.020152182631380095, 0.01675125693450761, 0.06410192261477578]","[0.10534080024215477, 0.10032714895332645, 0.025218036666548187, 0.028210514319743783, 0.04152078186836286, 0.022848033439979192, 0.023049232392904274, 0.02570914943365654, 0.032718133002362274, 0.031046193396336703, 0.034782322229129956, 0.10733908760386486, 0.09474251256309638, 0.028489471947118983, 0.032165761034843254, 0.04737600219008108, 0.030375045279125344, 0.02390919253131315, 0.024951173312987233, 0.032039807257311585, 0.036111587503225046, 0.037108890512500055, 0.10395385808309271, 0.09988511459422914, 0.02827811753114438, 0.03110580849971415, 0.047363443336202744, 0.02256601003018901, 0.022603700320508114, 0.02339609989703251, 0.029092670883121258, 0.0432063367400558, 0.03122564081728487, 0.10766286823499795, 0.10520386226293695, 0.09710746934839018, 0.023366442211004607, 0.03449113401674192, 0.02653386037418987, 0.023120181082525334, 0.022275449469544358, 0.023668024187129037, 0.0285775539299774, 0.03121061787367487, 0.02872685859634054]","[0.7039162450211516, 0.7001412719756579, 0.5572678526753612, 0.5475849621730188, 0.5212786477663054, 0.5913611069965458, 0.568372706118607, 0.5554226864782366, 0.5368694557254965, 0.5405090037289993, 0.5327559200750259, 0.7053889923528015, 0.6957907425017034, 0.5468231963118205, 0.5380374967126672, 0.5128653670326269, 0.5420663917118936, 0.5631080576112145, 0.5583343248810387, 0.5383083467966489, 0.5302844130586938, 0.5285069593825645, 0.7028836290759717, 0.6998027093706809, 0.5473987527402815, 0.5403735786870085, 0.5128822951628756, 0.5727401637228104, 0.5723169604665891, 0.5660196960140168, 0.5452319520684286, 0.5187394282289779, 0.540102728603027, 0.7056259861762854, 0.7038146762396584, 0.6976528368290769, 0.5662059054467542, 0.533314548373238, 0.5525956887266785, 0.593477123277652, 0.5775477527134839, 0.5644115236403761, 0.5465862024883367, 0.5401365848635247, 0.6151451299961804]","[-0.01391624502115163, 0.019858728024342076, 0.19273214732463884, 0.1824150378269812, 0.0987213522336946, 0.028638893003454235, -0.028372706118606983, -0.07542268647823658, -0.06686945572549652, -0.14050900372899933, -0.09275592007502592, 0.01461100764719847, 0.04420925749829663, 0.19317680368817947, 0.14196250328733284, 0.12713463296737315, 0.05793360828810634, -0.08310805761121454, -0.0183343248810387, -0.09830834679664885, -0.1202844130586938, -0.09850695938256454, 0.0271163709240283, 0.00019729062931905794, 0.21260124725971852, 0.13962642131299152, 0.11711770483712436, 0.007259836277189513, -0.07231696046658909, -0.07601969601401681, -0.12523195206842858, -0.10873942822897792, -0.12010272860302701, 0.0043740138237146065, -0.0038146762396584766, 0.05234716317092314, 0.1837940945532458, 0.086685451626762, 0.07740431127332148, -0.04347712327765196, -0.09754775271348393, -0.06441152364037606, -0.12658620248833669, -0.11013658486352468, -0.22514512999618042]","[0.7385681276405481, -1.692813024885032e-05]","[0.01968425761759951, 2.8146132891027446e-06]","[1.7135079843942076e-34, 3.484615966078944e-07]",Good job,6.722510061191036,0.009520354603609128,7.55190408496804,0.008725891445178019
Sutton,False,45,"[0.756551228910494, -3.748736675970226e-05]","[3.533227691148356e-26, 7.957458124086278e-05]",0.30660684835307495,0.2904814262217511,0.8345651032988967,0.20156457465741973,0.0464905387835282,-0.9979678625630259,"[0.0001236646688259281, 0.010118871119087297, 0.006421122074839634, 0.04583217644252801, 0.00828806629391519, 0.015584386694529485, 0.0006735169171544703, 0.001832812275224892, 0.017700825181951804, 0.013810296848715787, 0.03871686019379215, 0.004274622746473905, 0.00864876427534863, 0.02059278452622727, 0.02402952725934858, 0.008086050336060932, 0.00876015753172106, 0.0031930875691586055, 0.0018225525623552473, 0.017196215039049022, 0.03207588705070999, 0.016579387646960247, 0.0038576483973628856, 0.029100185293223658, 0.03286377788286921, 0.02228769549986009, 0.008617895387750547, 0.002605314406340757, 0.012077076194524559, 0.01496385867580875, 0.013653918711271973, 0.037703826640423925, 0.017448346604482495, 0.0012767790540024644, 0.003930506372352884, 0.019573014119731377, 0.037496195976897746, 0.00874313986884881, 0.01780731519481954, 8.90637015931266e-06, 0.0002496347702892173, 0.014184502217506417, 0.017318316119669774, 0.027206819036569675, 0.057829782186900824]","[0.10096035769590211, 0.10286638047591007, 0.0261525786588101, 0.023634752864218227, 0.035258464021127256, 0.02438922854165171, 0.030924768809132086, 0.02857080454713737, 0.02898070336597077, 0.029261092552013986, 0.037282869977073085, 0.10558529103863126, 0.10589017475399388, 0.023406866406838076, 0.024672977554078802, 0.031142634900913728, 0.02599544444642901, 0.0306901686350732, 0.035966467046991246, 0.03144406579116452, 0.03438232968330325, 0.03489960146963257, 0.10766947464766809, 0.11090682368554752, 0.02314697057877946, 0.025753204278467612, 0.031791742277579894, 0.026099844422675354, 0.035720213340842924, 0.02572817278042917, 0.029875840856098946, 0.029949855971361267, 0.03015523401587244, 0.10865917106779985, 0.10729980767215051, 0.10013364055713753, 0.02228523818225998, 0.028655142768538096, 0.03717947122117435, 0.0222314255566204, 0.028092617207584204, 0.027916133076365503, 0.03080706803609396, 0.026008416532291453, 0.03157646803066554]","[0.7263738986689336, 0.7275734944052441, 0.6043900072328625, 0.6133120005216717, 0.5860961722541278, 0.6101255743470969, 0.5935186708725488, 0.5983545411845504, 0.5974548443823176, 0.5968550465141623, 0.5830596955465919, 0.7292604259094307, 0.7294478627432293, 0.6144366215244628, 0.6090759280778253, 0.5931063098381921, 0.6048398556339789, 0.5939685192736652, 0.5850090386180964, 0.5925439993367966, 0.5874832048242368, 0.5866584827555233, 0.7305349963792606, 0.7324843394507651, 0.6158611414613314, 0.6055521156024133, 0.5919067141018817, 0.6045399566999013, 0.5853839122856934, 0.6056270903359326, 0.5955804760443325, 0.5954305265772937, 0.595018165542937, 0.7311347942474159, 0.7303100721787024, 0.7258490755342978, 0.623845950581148, 0.5981671043507519, 0.5832096450136307, 0.627744636724157, 0.5994416748205817, 0.5998540358549385, 0.593743595073107, 0.6048023682672192, 0.6610334184067727]","[0.0036261013310663337, 0.032426505594755906, 0.05560999276713752, 0.15668799947832834, 0.05390382774587221, 0.08987442565290304, 0.01648132912745115, -0.028354541184550497, -0.08745484438231754, -0.0768550465141623, -0.1130596955465919, 0.020739574090569257, -0.029447862743229303, 0.1055633784755372, 0.11092407192217468, 0.0568936901618079, 0.06516014436602113, 0.036031480726334775, -0.025009038618096335, -0.08254399933679657, -0.10748320482423679, -0.07665848275552334, 0.01946500362073944, -0.05248433945076503, 0.13413885853866858, 0.10444788439758668, 0.05809328589811835, 0.035460043300098665, 0.0646160877143066, -0.08562709033593263, -0.07558047604433249, -0.1254305265772937, -0.08501816554293695, -0.011134794247415924, 0.019689927821297637, -0.045849075534297734, 0.14615404941885202, 0.0618328956492481, 0.07679035498636932, 0.00225536327584297, 0.010558325179418238, -0.07985403585493844, -0.08374359507310702, -0.11480236826721923, -0.15103341840677265]","[0.756551228910494, -3.748736675970226e-05]","[0.016993289335057577, 5.39138610482176e-06]","[1.3127580259045493e-37, 1.5041154938920512e-08]",Good job,3.9321062642180498,0.047372576491281834,4.11709863790892,0.048671688269770294
Tower Hamlets,False,45,"[0.6947768866335629, -1.8077158835668356e-05]","[3.1658775532827144e-26, 4.0997681904140157e-07]",0.4528635599050156,0.4401394566469927,0.7027309380039667,0.00896529835952379,0.6309136344111944,-0.5371924504387944,"[0.04300364673485129, 0.030083653957830258, 0.0934693412123137, 0.03469060012914217, 0.015663110473927218, 0.0005127959757584341, 0.006972532894624396, 0.003008409106894079, 0.008467152636791158, 0.00468553183997996, 0.019003641963773226, 0.009751310968298503, 0.05986163539904169, 0.057287834299334095, 0.020396959317272305, 0.014699130083903838, 0.0008569123275512563, 0.006737858867343897, 0.005853433409119337, 0.0037604312479544177, 0.021430411482586436, 0.0001936524054124961, 0.0003372748651548669, 0.019226802949854863, 0.03163930042279718, 0.017043517509152263, 0.022535353883369268, 0.006359468398563415, 0.001806771172508577, 0.005669759543656231, 0.01064952595140056, 0.015303223629051932, 0.006741035149462417, 0.13841270938579686, 0.0018644966335151858, 0.02502551333429965, 0.026555499262953954, 0.0027775648387217077, 0.008661544597431136, 0.010102351050187778, 0.010465237972330888, 0.0026478095104627954, 0.009807904102310845, 0.02851090429127457, 0.0369229916032765]","[0.10834195391561907, 0.097290831615433, 0.02789922242209069, 0.029878830724455623, 0.03129318881033972, 0.022308427581134268, 0.027500803400448748, 0.026343759761837622, 0.03047904855026847, 0.032577598977321216, 0.035113323018415236, 0.10836664337972862, 0.09427914752072254, 0.026311418600894036, 0.03125317165434628, 0.02804594460237639, 0.029967419659688542, 0.02793095931236046, 0.02513129861660708, 0.035218604238041545, 0.04354159271221644, 0.04490149743524218, 0.10552626783892549, 0.09777564789684617, 0.023640310445930575, 0.027034826846701967, 0.03239011866341708, 0.02449049805254802, 0.025524924048519543, 0.02539094132834046, 0.043738579054257355, 0.03240709155681554, 0.03450927032081879, 0.11253942301743966, 0.10963049819988488, 0.10650032904643646, 0.022652711121913922, 0.027892885659762025, 0.024446639419430833, 0.02231280373695498, 0.02336383260932246, 0.027146350584606897, 0.027905562722994447, 0.02660707504271019, 0.032598726275834405]","[0.6572306277318797, 0.6488609031909652, 0.4987300990607395, 0.4935058001572314, 0.4901796029314684, 0.5351013426381043, 0.4998870372262223, 0.5035205461521917, 0.4920596274503779, 0.4873776433119398, 0.48231603883795265, 0.6572487048907153, 0.646474718224657, 0.5036290091052057, 0.49026998872564675, 0.49831432440751916, 0.4932888742512034, 0.4986397132665612, 0.5079313729080948, 0.4821171900907603, 0.4683604722168167, 0.46639006190372884, 0.6551517544657778, 0.6492405235265143, 0.5149272333774984, 0.5012970556154044, 0.4877753408063245, 0.510642946733445, 0.5064128915658985, 0.5069190520132973, 0.468071237675446, 0.48773918648865316, 0.48347297700343544, 0.6602675904162719, 0.6581706399913344, 0.6558748408192046, 0.5221942512294371, 0.49874817621957523, 0.5108417954806374, 0.5270208526385605, 0.5165903319903798, 0.5009535895975268, 0.4987120219019039, 0.5026528425280796, 0.5748891692354103]","[-0.0572306277318797, 0.05113909680903472, 0.18126990093926054, 0.10649419984276859, 0.06982039706853166, -0.015101342638104254, -0.049887037226222286, -0.03352054615219169, -0.0520596274503779, -0.03737764331193977, -0.07231603883795268, -0.027248704890715292, 0.07352528177534301, 0.14637099089479433, 0.0797300112743532, 0.07168567559248079, 0.01671112574879663, -0.04863971326656119, -0.04793137290809474, -0.032117190090760306, -0.06836047221681668, -0.0063900619037288164, -0.005151754465777758, 0.040759476473485656, 0.11507276662250165, 0.07870294438459557, 0.08222465919367544, -0.05064294673344499, -0.026412891565898544, -0.046919052013297324, -0.04807123767544602, -0.06773918648865318, -0.04347297700343544, -0.10026759041627187, 0.011829360008665635, 0.044125159180795404, 0.10780574877056293, 0.03125182378042479, 0.0591582045193626, -0.06702085263856045, -0.06659033199037984, -0.03095358959752681, -0.05871202190190389, -0.1026528425280796, -0.10488916923541036]","[0.6947768866335629, -1.8077158835668356e-05]","[0.025188175883146334, 2.6514605585072023e-06]","[5.654835417481281e-29, 2.3635980238568204e-08]",Good job,0.6168102980273898,0.43223507471271283,0.5975875774876768,0.44372879219984934
Waltham Forest,False,45,"[0.7426807157592129, -3.6853013728304844e-05]","[8.72010248855206e-26, 2.4254677278129154e-09]",0.5669311023685133,0.5568597326561531,0.7804147682632413,0.49556757468787466,0.18481384259786657,-0.5735380833554791,"[0.008391112105218085, 0.009486650757443458, 0.09076420238585788, 0.011713583867740346, 0.013231814600149728, 0.0010136189406384434, 0.01399240810439849, 0.012390149383200984, 0.02194678188056943, 0.019626536905244886, 0.006623716510801528, 5.4249890905478285e-05, 0.017348198284403902, 0.05101209216028083, 0.010073873404516697, 0.01136405688063339, 0.01680632804780614, 0.0021530913375691955, 0.014448154414097884, 0.02368849608687487, 0.015551807328949794, 0.007384932683532099, 0.008159119885879773, 0.0028521175847986955, 0.020732887045298153, 0.04057851586173996, 0.00015522219799322926, 0.011572773877583483, 5.478321092910545e-05, 0.024038401975256272, 0.019802788014251234, 0.010165736265911468, 0.008953847252618548, 0.0035304089319455677, 0.0020987341025907862, 0.00011191466839817554, 0.02127876619738354, 0.004177610372163806, 0.0015612749633566252, 0.007749673150196495, 0.0015424554189693792, 0.028288170471471766, 0.031523557639508794, 0.01092039658840044, 0.058803667687659024]","[0.10915827599699386, 0.10238992602854899, 0.02844088364914823, 0.02816300983954725, 0.031251714156515384, 0.02632204130629863, 0.029452628347869422, 0.025204558038258718, 0.027195482484126107, 0.036432702705995176, 0.03242443764600303, 0.1100613235745967, 0.10174253188939059, 0.02731285868391353, 0.03155662185694755, 0.03007143173369342, 0.03604093464295226, 0.026232881247962733, 0.026461762087814172, 0.030680483779589256, 0.03537581538522423, 0.027213451253432608, 0.10493252002653754, 0.10618181627306664, 0.026877585508187876, 0.03368236085676568, 0.02923778366262302, 0.026257100419235572, 0.02513545195669955, 0.02543114116255356, 0.02951771360721988, 0.037467496566410706, 0.02551094492458311, 0.10964684756890032, 0.1086710734416035, 0.1090832326501193, 0.027079475300854503, 0.028714848156031782, 0.02981420613144363, 0.023175313821028533, 0.02485405236702247, 0.02325962066631164, 0.027786554869788527, 0.02654504437589809, 0.031952059352292714]","[0.686958959002016, 0.6801780044760078, 0.47055806238940995, 0.47158994677380245, 0.4611973969024205, 0.479144814588105, 0.4669833200577644, 0.4845990606198941, 0.47538580718781787, 0.44719325168566465, 0.45773321361195984, 0.6878434313314953, 0.6795146502288985, 0.4749067180093499, 0.4602760715592129, 0.46491955128897927, 0.4481514300426006, 0.47955019773911634, 0.4785183133547238, 0.46296634156137917, 0.4498098156603743, 0.47531210116036127, 0.6827577154369893, 0.6840107179037516, 0.4767125156820369, 0.4542321773077709, 0.4677203803323305, 0.4794396386979314, 0.48496759075717716, 0.48341976418058835, 0.46676220197539453, 0.44472409976586824, 0.483014381029577, 0.6874380481804839, 0.686479869823548, 0.6868852529745594, 0.4758648963662858, 0.4695630310187457, 0.46576717060473033, 0.4983452347405518, 0.4865154173337659, 0.49757132145225735, 0.47302721430920636, 0.4781497832174407, 0.5733411176776522]","[-0.026958959002015948, 0.029821995523992118, 0.18944193761059008, 0.06841005322619759, 0.06880260309757952, 0.020855185411895016, 0.07301667994223565, -0.07459906061989413, -0.09538580718781786, -0.07719325168566465, -0.04773321361195987, 0.002156568668504666, 0.04048534977110152, 0.14509328199065008, 0.05972392844078711, 0.06508044871102076, 0.07184856995739941, 0.030449802260883674, -0.07851831335472376, -0.09296634156137917, -0.06980981566037431, -0.05531210116036128, 0.0272422845630107, 0.01598928209624839, 0.09328748431796308, 0.11576782269222907, -0.007720380332330468, 0.07056036130206866, -0.004967590757177176, -0.10341976418058835, -0.08676220197539453, -0.05472409976586823, -0.06301438102957702, -0.01743804818048389, 0.013520130176451928, 0.0031147470254405674, 0.09413510363371413, 0.04043696898125432, 0.02423282939526966, 0.06165476525944824, -0.02651541733376589, -0.11757132145225735, -0.11302721430920637, -0.06814978321744075, -0.14334111767765217]","[0.7426807157592129, -3.6853013728304844e-05]","[0.01483011085160462, 3.023704541455152e-06]","[9.157113573126508e-40, 1.5336588002387245e-15]",Good job,4.443875938778766,0.03502664140463192,4.711659947558923,0.03552580253712684
Wandsworth,False,45,"[0.7262453722500471, -1.86452182913657e-05]","[4.9290479303805263e-23, 0.0009082502026740962]",0.22808243798827665,0.21013086677870163,0.5825741033441547,0.0034121569094443063,0.533159266139141,-0.2841751825931804,"[0.0010591897675124562, 0.0063504017859774345, 0.0356966746064886, 0.05668944924764345, 0.014100897764587833, 0.0005769584769448364, 0.00013146806057007677, 0.013415049727851819, 0.006836165633630274, 0.007518542026972964, 0.012203526290153149, 0.007635187156955065, 0.007164243993008166, 0.04210946437202073, 0.05919403364250565, 0.0035305273067314665, 0.0021287753698368953, 0.0009433724404807649, 0.00640534085288005, 0.012299809371105669, 0.012416778656374252, 0.015377525265321192, 0.006924937544367764, 0.011455792652098909, 0.05932183282367203, 0.03744847676397198, 0.0024934505092076642, 0.0002518571812489139, 0.0034519239248003266, 0.009253188826432442, 0.012117340356474644, 0.010182788231249854, 0.019569945053293354, 0.00013526339987166076, 2.8003145428635266e-05, 0.02645294187136399, 0.038067257994186456, 0.026516393519713917, 0.000897636657449553, 2.467545302263001e-05, 0.006507704176415478, 0.009108521058803496, 0.016047032042358012, 0.004401633067385904, 0.08272414495685777]","[0.10759733311622846, 0.10604518219092844, 0.026902436264672695, 0.030328703086965232, 0.028019351981702075, 0.022294263934341033, 0.027718620844678566, 0.02606863042347458, 0.0335860713698074, 0.029452839595176236, 0.03510318385507349, 0.10740253555142296, 0.10153677261978106, 0.027417882360141102, 0.02914423226652839, 0.029443388975513615, 0.039123286781268404, 0.03089894927627832, 0.025242789150073407, 0.034174219467878714, 0.03305900638270599, 0.03915220604687181, 0.10540265514203223, 0.10607737343496847, 0.029181280766643475, 0.025784485990210288, 0.030560565975632906, 0.02616576785411915, 0.030368792221829755, 0.023587452760113474, 0.03593640601525602, 0.028389055605643955, 0.029153485121329266, 0.11170621571027173, 0.10782487813874805, 0.10473066229609698, 0.02599998816267432, 0.026781533815134165, 0.02560111291692525, 0.023028123740515934, 0.024945001962755817, 0.023836104718181886, 0.029153485121329266, 0.025898183549960763, 0.030175503438115214]","[0.7017828458517753, 0.7008878753737898, 0.5808313147956861, 0.5735783248803448, 0.5782396294531862, 0.6009308601137783, 0.5789108573116754, 0.5829755148991931, 0.5680220498295179, 0.5752563945265677, 0.5657100427613885, 0.7016709745420272, 0.6982402543764159, 0.5796007303884559, 0.5758716867301827, 0.575275039744859, 0.5601724129288528, 0.5725341926560283, 0.5853434576221965, 0.5671084341332409, 0.5688610846526293, 0.5601351224922702, 0.7005149710079625, 0.7009065205920811, 0.5757971058570173, 0.5837586140674305, 0.5731494848596433, 0.582714481843114, 0.5735037440071793, 0.591384508348599, 0.5644981035724497, 0.5774378850666575, 0.5758530415118914, 0.704113498138196, 0.7019133623798149, 0.7001234214238438, 0.5831619670821068, 0.581129638288348, 0.5842806801795887, 0.5942558719654694, 0.5862757185367649, 0.5903030856876998, 0.5758530415118914, 0.5834416453564772, 0.6336905086517078]","[-0.011782845851775359, 0.029112124626210156, 0.14916868520431392, 0.17642167511965523, 0.09176037054681385, -0.020930860113778316, -0.008910857311675402, -0.09297551489919309, -0.05802204982951786, -0.06525639452656773, -0.07571004276138849, -0.031670974542027164, 0.03175974562358408, 0.16039926961154405, 0.18412831326981727, 0.044724960255140944, 0.029827587071147188, -0.022534192656028296, -0.06534345762219651, -0.07710843413324087, -0.07886108465262931, -0.08013512249227017, -0.03051497100796241, 0.03909347940791885, 0.18420289414298274, 0.15624138593256953, 0.03685051514035664, -0.012714481843114078, -0.04350374400717927, -0.081384508348599, -0.07449810357244968, -0.0774378850666575, -0.10585304151189145, -0.004113498138196059, -0.0019133623798149868, 0.05987657857615625, 0.15683803291789322, 0.128870361711652, -0.02428068017958862, -0.004255871965469393, -0.06627571853676484, -0.08030308568769984, -0.09585304151189145, -0.05344164535647722, -0.21369050865170786]","[0.7262453722500471, -1.86452182913657e-05]","[0.01890304794699072, 3.2960946303407396e-06]","[6.373324896500454e-35, 1.1517887433821697e-06]",Good job,2.804828470049767,0.0939808955527895,2.8583276199394643,0.09813947648397345
Westminster,False,45,"[0.7576272504885695, -6.725814600729274e-06]","[2.933223001395113e-24, 0.0009002550735684237]",0.22837988094215023,0.21043522701057227,1.0952068497224268,0.23652915493522958,-0.24605577853297975,-0.790432587628866,"[7.31200928737749e-06, 0.010401897960031058, 0.03593793883350765, 0.006822079453823242, 0.028105448201493344, 9.666878595072252e-05, 0.02447576927981018, 0.014401491041740034, 8.059275858013862e-05, 4.473154545334081e-05, 0.030382201666787467, 0.010099416374753261, 0.011371343999651624, 0.028286905410227558, 0.005502725806211483, 0.03584594366451034, 0.0010647110482693714, 0.015599264384374775, 0.009195948222993128, 0.0002306121512236538, 0.0026790759950559096, 0.02617811308182706, 0.015369646518909168, 0.007002033974729344, 0.013261422156816216, 0.02107957623572118, 0.06272307006909732, 0.011136839648596809, 0.022623818960647517, 0.001045133974180374, 0.007823639719181747, 0.0018214884948535893, 0.035914361054563124, 0.00027875229605857973, 0.027113665553034065, 0.011230123612265441, 0.009352072493681076, 0.02648061319916327, 0.024915596826630155, 0.06725865050858411, 0.015693976057504187, 0.002474804061537859, 0.0005846009838825119, 0.022542560780214358, 0.07918030902478299]","[0.08660540476365229, 0.08671106353400285, 0.02231077855413739, 0.022441899843603254, 0.04514402276430242, 0.04175471544978884, 0.02576591307142381, 0.02415606662018485, 0.03623145798510557, 0.037396036165037866, 0.033031096345722606, 0.08835093178381685, 0.08137384781989544, 0.022877155915800307, 0.023745772075147345, 0.04026777421244423, 0.02282907223828736, 0.022277682765654637, 0.026001375500739624, 0.035582276362570026, 0.033230347427790956, 0.03220024949347798, 0.08536168693943885, 0.0841300992806881, 0.022636508207710137, 0.030855994952118517, 0.047342207326176895, 0.028439429211879547, 0.024809039190136422, 0.04699705509037029, 0.07477131832789735, 0.06311318570527143, 0.037212864109379004, 0.0876570174991271, 0.0872318124878076, 0.08216100959330945, 0.022223290668179126, 0.04041250969361665, 0.031024404288402623, 0.04740712037503994, 0.022619737249327046, 0.03464511051102254, 0.045741284403127205, 0.035070087344809805, 0.02785228685257759]","[0.7412902468233981, 0.7413709565986069, 0.6392394618865328, 0.6371410077311053, 0.5841752177503623, 0.6970881932674053, 0.6659745749244317, 0.6258349133872794, 0.5969878945647515, 0.5951181181057488, 0.6025703206833568, 0.7426152322997418, 0.7372076773607554, 0.6329642768640524, 0.6277517705484872, 0.5907934193174799, 0.6524422359477644, 0.6457769536784417, 0.6190485664551435, 0.5980640249008682, 0.6022004008803167, 0.6041508871145282, 0.7403351811500946, 0.7393801154767909, 0.6349954728734727, 0.6068546645840214, 0.581424359578664, 0.6734671323896441, 0.6231647649907899, 0.5818480858985099, 0.5539897618222893, 0.5644685809702255, 0.5954073281335801, 0.7420906187608849, 0.7417677796600499, 0.7378331781186233, 0.6424880303386851, 0.5905849190648572, 0.6065049222247835, 0.7044327828114016, 0.6351568924238902, 0.5996647687758417, 0.5834152007004798, 0.5989316549843623, 0.6719874531774837]","[-0.0012902468233980668, 0.04862904340139318, 0.19076053811346716, 0.0828589922688947, 0.11582478224963766, -0.007088193267405396, -0.14597457492443167, -0.11583491338727936, -0.006987894564751573, -0.0051181181057488034, -0.1425703206833568, 0.047384767700258235, 0.052792322639244604, 0.1670357231359476, 0.07224822945151277, 0.13920658068252012, -0.03244223594776441, -0.12577695367844166, -0.08904856645514347, 0.011935975099131801, -0.042200400880316624, -0.13415088711452827, 0.05966481884990549, 0.04061988452320908, 0.11500452712652731, 0.12314533541597861, 0.168575640421336, -0.0934671323896441, -0.1431647649907899, -0.02184808589850984, 0.04601023817771066, -0.024468580970225418, -0.1454073281335801, 0.00790938123911511, 0.07823222033995003, 0.05216682188137678, 0.09751196966131492, 0.11941508093514275, 0.13349507777521652, -0.17443278281140162, -0.12515689242389016, -0.039664768775841686, 0.01658479929952017, -0.11893165498436231, -0.25198745317748367]","[0.7576272504885695, -6.725814600729274e-06]","[0.026312553909780132, 1.390046075555536e-06]","[9.794973351136527e-30, 1.714548431482615e-05]",Good job,0.6912226710165109,0.40574881610394653,0.6708055749998706,0.41728719459847047
Barking and Dagenham,False,41,"[0.8936551645168047, -1.5865600531639514e-05]","[2.652676927603706e-29, 0.0017142363476900465]",0.22532091236713503,0.20545734601757448,0.9509697433057532,0.26411252484334613,0.32592883900834624,-0.7100234793512614,"[0.02578861046383122, 0.06522485595186804, 0.007002147270111549, 0.006842611635330715, 0.016434771985048596, 0.0014696496360134842, 0.009035066868949847, 0.03898547969734785, 0.01381343088754466, 0.0007893632318534948, 0.005521470929747164, 0.05983430317076809, 0.0017064058403931446, 0.014830877627825008, 0.01998745709978172, 0.0024784031905448747, 0.002637177826519819, 0.06926878685954826, 0.007867657309195315, 0.00146145578372119, 0.0020272597969468544, 0.03727517619226516, 0.004568311656461465, 0.015391096073404035, 0.009180924688520619, 0.0009409716687240529, 0.019370571005047153, 0.035012179542611634, 0.0073302001429883116, 0.004535815817988722, 0.07860047919905462, 0.012807732534026273, 0.0149157185167747, 0.00661955697083671, 0.02155536509625227, 0.00015843766289124736, 0.002981016974500293, 0.03531759359912238, 0.012904992389111532, 0.014289480242387133, 0.049009708442006666]","[0.18324626684214773, 0.02602709432759643, 0.024421721307077957, 0.031924927723929866, 0.02448110167868898, 0.026916478633085387, 0.027976704915775225, 0.04526063138227114, 0.028461772481975865, 0.039362968472218526, 0.174697129223519, 0.02729715221870838, 0.0244372789551408, 0.029808997694617867, 0.02905031824619796, 0.02767381685818468, 0.027098836958555934, 0.050325078241927564, 0.033364889142760534, 0.033314301794817425, 0.1866746777550078, 0.024502634095957064, 0.024730437864394182, 0.030264302230874826, 0.025425118312868016, 0.02653765811709431, 0.033965639206142276, 0.02755239187935593, 0.036760703659929894, 0.030638949901408332, 0.17573550400836743, 0.18927000590674536, 0.02442595246659296, 0.026554210010149407, 0.030034354403721944, 0.02454161946502128, 0.026092641846681856, 0.03025064879832815, 0.03407057893655299, 0.026925445630253512, 0.04989905840535597]","[0.8729029590214202, 0.794749010802564, 0.800952460610435, 0.7864988985261114, 0.8002543741870429, 0.7930037947440837, 0.7912903098866666, 0.7762338549821407, 0.7905922234632744, 0.7801685239139873, 0.8709673557565603, 0.7923533051222864, 0.8007303422029921, 0.7888470074047941, 0.7897989434366924, 0.7917504123020841, 0.7926864827334509, 0.7732828532832557, 0.7850868600787955, 0.7851344568803904, 0.8736645078469389, 0.8000639869806632, 0.798667814133879, 0.7883075769867184, 0.7962245116520065, 0.7937018811674758, 0.7845315640601881, 0.7919407995084637, 0.7821517239804422, 0.787879205772364, 0.8712053397645348, 0.874235669466078, 0.8030149886795481, 0.7936701499664125, 0.7885772921957562, 0.8041414463172946, 0.7946062203977793, 0.78832344258725, 0.7844363704569983, 0.792987929143552, 0.8303831495966263]","[-0.022902959021420255, 0.11525098919743604, 0.039047539389564956, 0.03350110147388852, 0.05974562581295706, 0.016996205255916386, -0.0412903098866666, -0.06623385498214074, -0.05059222346327441, -0.01016852391398726, -0.01096735575656027, 0.10764669487771361, 0.019269657797007844, 0.05115299259520589, 0.06020105656330754, -0.021750412302084077, -0.022686482733450863, -0.0832828532832558, -0.03508686007879547, -0.01513445688039039, 0.006335492153061062, 0.08993601301933685, 0.031332185866120965, 0.051692423013281585, 0.043775488347993496, -0.013701881167475727, -0.05453156406018811, -0.08194079950846378, -0.03215172398044219, -0.027879205772364024, -0.04120533976453489, 0.01576433053392201, 0.05698501132045186, 0.03632985003358746, 0.06142270780424375, 0.005858553682705492, -0.024606220397779266, -0.07832344258724999, -0.04443637045699833, -0.05298792914355199, -0.07038314959662628]","[0.8936551645168047, -1.5865600531639514e-05]","[0.017917794943120388, 3.293117990596087e-06]","[6.071854616502322e-37, 2.221757930568191e-05]",Trust MPS,2.2576048645145455,0.13295955938015283,2.272616068473848,0.13973595695250843
Barnet,False,41,"[0.8800062033808097, -8.661266074093534e-06]","[1.2538971907753691e-24, 0.060428972637840764]",0.0874902526852046,0.06409256685662024,0.57125174702988,0.06241200517750579,0.08779694812847119,-1.2008439062000227,"[0.0008400845795753989, 0.019237444712907045, 0.006975023368012182, 0.04407033889680613, 0.011507431150280143, 0.00034802757118049786, 0.008581383321081782, 0.015898855636538062, 0.03149830694051167, 0.005340313403081965, 0.00036494037790646, 0.018619757073451676, 0.011825062890297871, 0.03998856240844665, 0.018762628931429787, 0.0034826378950476157, 0.011906505488965635, 0.020691907897759466, 0.04118957406629689, 0.00027903821398099965, 0.006081675802636154, 0.005465317669548054, 0.033313305933053525, 0.05624250153446764, 0.0035959217925779713, 0.0018490509192276145, 0.005763573857665251, 0.043869925673027575, 0.03305459071574566, 0.0014439191109943477, 0.00039425243427604014, 0.017794931096547492, 0.0044960311257154885, 0.03778848262957053, 0.04692848922431793, 0.0003579627494953636, 0.0036334275703233956, 0.01193739974491142, 0.037526655943110984, 0.011842679603056015, 0.01053182868092892]","[0.18194841045535518, 0.025516522547251105, 0.028324071815607168, 0.03682524705561441, 0.025380904143992702, 0.030335960383746027, 0.025788774899205266, 0.0278199430718461, 0.027392266687123055, 0.0302671280066239, 0.1773125227320801, 0.025170478282045165, 0.026122259195266232, 0.03939927553051108, 0.028551883532182493, 0.025986633710518334, 0.02602260438576313, 0.028388506587752084, 0.031874014122014065, 0.0319405458129642, 0.1881510044213151, 0.025822455560381957, 0.030696285719262414, 0.04336004755760784, 0.026514884899943254, 0.025658059779117684, 0.025841881582159703, 0.04839443094191686, 0.030306411721820796, 0.029123032888886815, 0.19326235771183115, 0.18429231326217935, 0.02461378493836363, 0.037977460153535786, 0.033947962570095074, 0.024440805593915503, 0.025339519919376177, 0.025812791621223116, 0.026788449322240008, 0.028324071815607168, 0.0409640350617591]","[0.8644938758421081, 0.8061862326313105, 0.8022366953015239, 0.7956281492869905, 0.8149947402286637, 0.8002879104348528, 0.8056665566668649, 0.80279967759634, 0.8033106922947114, 0.8003485392973715, 0.8636970393632916, 0.8069484240458308, 0.8050949131059747, 0.7941384115222464, 0.8019941798514493, 0.8053201060239011, 0.8052594771613825, 0.8021674051729311, 0.7990147043219611, 0.7989627367255165, 0.8655418890370735, 0.8056059278043463, 0.7999761048561854, 0.7920770301966121, 0.8044886244807882, 0.8059090721169395, 0.8055712827400499, 0.789747149622681, 0.8003138942330751, 0.801413875024485, 0.8663906931123346, 0.8648922940815165, 0.8087066610588718, 0.7949439092671371, 0.7974903214929205, 0.811694797854434, 0.8065586670724966, 0.8056232503364944, 0.804098867507454, 0.8022366953015239, 0.8281685259273599]","[0.005506124157891867, 0.0838137673686895, 0.04776330469847612, 0.10437185071300947, 0.06500525977133631, -0.010287910434852776, -0.05566655666686493, -0.07279967759633998, -0.10331069229471146, -0.04034853929737148, -0.0036970393632915766, 0.08305157595416923, 0.0649050868940253, 0.09586158847775361, 0.07800582014855073, -0.03532010602390112, -0.06525947716138247, -0.08216740517293109, -0.10901470432196114, -0.008962736725516507, 0.014458110962926485, 0.04439407219565372, 0.1000238951438146, 0.10792296980338789, 0.035511375519211796, -0.02590907211693949, -0.045571282740049845, -0.08974714962268104, -0.10031389423307513, -0.021413875024484996, 0.0036093068876653644, 0.025107705918483547, 0.04129333894112819, 0.09505609073286292, 0.11250967850707949, -0.011694797854433947, -0.03655866707249655, -0.06562325033649441, -0.11409886750745402, -0.06223669530152387, -0.04816852592735987]","[0.8800062033808097, -8.661266074093534e-06]","[0.014677814618378115, 2.6644152435276695e-06]","[5.0707856069473036e-40, 0.002375351500464114]",Trust MPS,10.633775810046554,0.0011104076499360673,13.657188789675848,0.0006724075214626283
Bexley,False,53,"[0.9288586844044279, -2.4785450085095466e-05]","[4.746846306255561e-34, 0.0002625574201101765]",0.2317935552994983,0.21673068383478267,0.576212040699853,0.0017073510056835192,0.29484023820668864,-1.1023647810251096,"[0.001333032326715995, 0.033775593620383876, 0.017337930490639312, 0.011564773171474007, 0.01375474209661855, 0.009730163252314069, 0.002706950761616612, 0.013855709333549304, 0.013855709333549304, 0.003892279591278114, 0.003892279591278114, 0.004463063791706214, 0.004463063791706214, 0.0008740550890864253, 0.02456776745926809, 0.015936188267236407, 0.007737234917069796, 0.04348620275404459, 0.006250386352742608, 0.010488540356321666, 0.006084503032232292, 0.006084503032232292, 0.010058541401390564, 0.010058541401390564, 0.0012098915228583981, 0.0012098915228583981, 0.0011954291036084695, 0.0255951847868673, 0.01373192525812483, 0.018821567284786903, 0.019407804792876675, 0.008707463969618884, 0.015201661324386433, 0.009291306465942485, 0.009291306465942485, 0.007331482067626293, 0.007331482067626293, 0.007748613494311112, 0.007748613494311112, 0.0015335985336210427, 0.005530264377483359, 0.01721668690718447, 0.005720346309958107, 0.02656651852231182, 0.009533318258559798, 0.0003278197242453484, 0.007007514596133444, 0.0036701393142171464, 0.0036701393142171464, 0.004803824034741766, 0.004803824034741766, 0.09388822403455557, 0.09388822403455557]","[0.1722876154100284, 0.019438525817852277, 0.01904821885107332, 0.02942679096332783, 0.019680918159657473, 0.01901164243255641, 0.02110992495342575, 0.02460162834125671, 0.02460162834125671, 0.024493173287098904, 0.024493173287098904, 0.022083282233690552, 0.022083282233690552, 0.16725633561004483, 0.01887969649579505, 0.0188691168959336, 0.0296177782208673, 0.026281742926633125, 0.02030377475593271, 0.0216230746240761, 0.026988194989633566, 0.026988194989633566, 0.023396140915102375, 0.023396140915102375, 0.021158862381512426, 0.021158862381512426, 0.16418376871823986, 0.018890893358606345, 0.020900876972747263, 0.03143673410447818, 0.019624741449364987, 0.022566501828749152, 0.019736017251654102, 0.028517717352679474, 0.028517717352679474, 0.02137016907406394, 0.02137016907406394, 0.020382734968678217, 0.020382734968678217, 0.1736596332424522, 0.1753629111383952, 0.02089860390592192, 0.022566501828749152, 0.025110610290749503, 0.02071754010729817, 0.021051897451155398, 0.02243024561817871, 0.025641233128365342, 0.025641233128365342, 0.021032724019837072, 0.021032724019837072, 0.049347822616109385, 0.049347822616109385]","[0.9063287102770761, 0.8176463698726045, 0.8086492514917148, 0.7871106953677669, 0.8187617151264338, 0.8089962477929062, 0.8004700529636334, 0.7936292687401469, 0.7936292687401469, 0.7938027668907427, 0.7938027668907427, 0.7982145770058897, 0.7982145770058897, 0.9047672269217151, 0.8127140653056705, 0.8116235055019263, 0.786887626317001, 0.7911259382815523, 0.8027503143714622, 0.7992307804593786, 0.7901593057282337, 0.7901593057282337, 0.7956616756471249, 0.7956616756471249, 0.8003461257132078, 0.8003461257132078, 0.9038005943683963, 0.8107312292988629, 0.8010153328655054, 0.7848552194100232, 0.8052536448300568, 0.7972231590024859, 0.80478272127844, 0.7882012551715111, 0.7882012551715111, 0.7998256312614209, 0.7998256312614209, 0.8025024598706112, 0.8025024598706112, 0.9067500629285227, 0.9072705573803097, 0.8227521725901342, 0.7972231590024859, 0.792836134337424, 0.8222564635884323, 0.8006187656641439, 0.7974957989534219, 0.792042999934701, 0.792042999934701, 0.8006683365643141, 0.8006683365643141, 0.8539818396973544, 0.8539818396973544]","[-0.006328710277076044, 0.11235363012739552, 0.08135074850828516, 0.05288930463223307, 0.0712382848735662, 0.06100375220709375, -0.030470052963633365, -0.06362926874014696, -0.06362926874014696, -0.033802766890742686, -0.033802766890742686, -0.038214577005889705, -0.038214577005889705, 0.005232773078284958, 0.09728593469432956, 0.07837649449807371, 0.04311237368299892, 0.10887406171844771, 0.04724968562853782, -0.059230780459378574, -0.040159305728233674, -0.040159305728233674, -0.055661675647124875, -0.055661675647124875, -0.02034612571320782, -0.02034612571320782, 0.006199405631603705, 0.09926877070113715, 0.06898466713449458, 0.06514478058997675, 0.08474635516994322, 0.05277684099751412, -0.07478272127843999, -0.04820125517151108, -0.04820125517151108, -0.04982563126142092, -0.04982563126142092, -0.052502459870611196, -0.052502459870611196, -0.006750062928522649, 0.012729442619690334, 0.0772478274098658, 0.04277684099751411, 0.08716386566257606, 0.05774353641156771, -0.010618765664143881, -0.04749579895342193, -0.032042999934700944, -0.032042999934700944, -0.04066833656431412, -0.04066833656431412, -0.11398183969735443, -0.11398183969735443]","[0.9288586844044279, -2.4785450085095466e-05]","[0.020163574878350424, 4.0040743772472456e-06]","[3.1516180997258466e-43, 1.0321062105940291e-07]",Trust MPS,0.18064776686371642,0.6708171499685303,0.17442538994769693,0.6779615182967407
Brent,False,41,"[0.8721436748101102, -8.106249446083542e-06]","[6.047140377639947e-32, 0.003733915459059439]",0.19615004919557533,0.175538511995462,1.3148939347501,0.30704951788161905,0.5352299496498655,0.11755101254522593,"[0.0029019564469301186, 0.028621184756319494, 0.0006318168659708256, 0.008702072913131196, 0.030522369332351095, 1.5099040437668102e-05, 0.009166596906057133, 0.0031534208494784525, 0.02256737113464015, 5.042028420617183e-05, 0.03778185160731392, 0.00018704943687085026, 0.010463474158689345, 0.05477688571630292, 0.0024161452151173273, 0.008107376472982377, 0.031005759104895763, 0.013877139468867835, 0.013833379673092524, 3.836403068899604e-05, 0.012223368335465716, 0.0008219676206302695, 0.005286254484772498, 0.06880085735882044, 0.0007272992369081666, 0.0007479508748497641, 0.031113993321371318, 0.014118590841816969, 0.014183327731098903, 0.003614662395959927, 0.056570084062807995, 0.0004610693116875234, 0.0034933941575462637, 0.0014533170985168687, 0.08162912307885348, 0.010560112491743325, 0.0024728597039512107, 0.002396719481894715, 0.03155218548866986, 0.0043400853149587765, 0.08953251732245483]","[0.1804494164661038, 0.02637345812843426, 0.0309907695876906, 0.02705678042533198, 0.024431228516524895, 0.02443510675415088, 0.026794505360268988, 0.035412495336929084, 0.03885346750654043, 0.03592812496471009, 0.17970181504200744, 0.027300599936177575, 0.028851993577862854, 0.02783411819687821, 0.029566703562195446, 0.026474923102850736, 0.027696531613927752, 0.03772289894562931, 0.038555939770232736, 0.047332471810314296, 0.1811988128844515, 0.032248161264692765, 0.0284501508691214, 0.027946206831770713, 0.024842388144977287, 0.024886208254006087, 0.026243808016110114, 0.0334115177145849, 0.03245951089263674, 0.03217485150021197, 0.18850353651551008, 0.1858756173041195, 0.025712459704394917, 0.02676556030839853, 0.024929301797383736, 0.02643058763414447, 0.024923816940713443, 0.025047922169406357, 0.031223690613768913, 0.028293242701952985, 0.04666929933288196]","[0.8565229321275073, 0.796342136239783, 0.7913162615832112, 0.795369386306253, 0.8015625608830609, 0.8015220296358304, 0.7957260612818807, 0.7880656555553317, 0.7859742431982422, 0.7877332993280424, 0.8563932321363699, 0.7950532425778558, 0.7932941864480556, 0.7944047426221691, 0.7925889427462464, 0.7961881175003075, 0.7945668676110907, 0.7866308494033749, 0.78614447443661, 0.7817022497401561, 0.8566526321186446, 0.7903029804024508, 0.793715711419252, 0.7942750426310318, 0.7995278922720939, 0.7993900860315104, 0.7965447924759351, 0.7894356117117198, 0.7901408554135292, 0.7903597241485734, 0.8579009945333415, 0.8574551508138069, 0.7974607986633426, 0.7957665925291111, 0.7992603860403731, 0.8086231041505996, 0.7992765985392652, 0.7989280298130836, 0.7911217115965052, 0.7938859426576197, 0.8228738906768145]","[-0.006522932127507319, 0.06365786376021698, 0.008683738416788822, 0.03463061369374698, 0.06843743911693911, -0.0015220296358303687, -0.03572606128188072, -0.018065655555331683, -0.04597424319824217, 0.0022667006719576666, 0.02360676786363014, -0.005053242577855777, 0.036705813551944355, 0.08559525737783091, 0.017411057253753692, 0.03381188249969247, -0.06456686761109076, -0.03663084940337491, -0.03614447443660995, -0.001702249740156092, 0.013347367881355376, 0.009697019597549206, 0.02628428858074794, 0.09572495736896824, 0.010472107727906188, 0.010609913968489648, -0.06654479247593514, -0.03943561171171983, -0.040140855413529186, -0.020359724148573344, -0.027900994533341494, 0.002544849186193132, 0.022539201336657322, 0.01423340747088897, 0.11073961395962695, -0.03862310415059955, -0.01927659853926522, -0.018928029813083613, -0.06112171159650526, -0.023885942657619674, -0.0828738906768145]","[0.8721436748101102, -8.106249446083542e-06]","[0.014746136356071861, 1.684171283491288e-06]","[8.576187017673667e-40, 2.2540890132749432e-05]",Trust MPS,0.4640494968030239,0.49573749169912873,0.44646616523499694,0.5079533635668046
Bromley,False,41,"[0.9078277061909358, -1.5751667664531984e-05]","[5.370200758689437e-23, 0.01688798486791551]",0.1377611008131373,0.11565241109039737,0.4947868721752084,0.0022982025954384863,-0.09263658633347821,-1.4880224318443456,"[0.0062538713949218, 0.028149449508621117, 0.009913039737368352, 0.020067877924161467, 0.016103626246531257, 0.003568086638836353, 0.004399927542405977, 0.029686058704437933, 0.008836062017792091, 0.02527452228437245, 0.000680326566083553, 0.006939327653911809, 0.015570502215691125, 0.033891410919581734, 0.020293579027572946, 0.0006317840249438539, 0.00911289963057661, 0.025596397709784533, 0.011993741348113401, 0.020566599080023642, 0.011792102852377891, 0.010535649654604146, 0.01633369013177639, 0.03610772014846111, 0.017677306934037327, 1.9336642930512038e-05, 0.012711466471572652, 0.029751120186848293, 0.015881091914264345, 0.015676473126252824, 0.002263339028221968, 0.000346200600157394, 0.00998644783422153, 0.017640025434624923, 0.021525017827485872, 0.006622861724441876, 0.004542137914180615, 0.016043591921038654, 0.024284233171163423, 0.019761694964946844, 0.08744785609942694]","[0.1863554028739591, 0.026820152245793837, 0.02792870475209757, 0.030498486393612342, 0.02484904298927097, 0.025680039984355117, 0.027193984973493332, 0.030401595000666255, 0.030198272774535476, 0.03354081859643421, 0.17461665397994977, 0.024915676929163574, 0.027007705000375123, 0.03643292302898367, 0.027541929004458992, 0.0280972556750157, 0.027674309051645276, 0.03481780748565662, 0.038923112212342084, 0.03533241090591531, 0.18274407359260392, 0.025663331461933753, 0.027585753100515635, 0.04230738439515272, 0.025913229253360814, 0.032570816094169175, 0.025456033398914456, 0.030596152407585717, 0.033840901586774594, 0.02812572875428893, 0.1974984141752572, 0.18163159499165377, 0.025248812384709232, 0.02859611264980724, 0.028347641294662128, 0.02591130465664307, 0.02655913462782116, 0.025674458373427776, 0.029180139117986635, 0.029431003119254513, 0.04829169670575326]","[0.8870985115444117, 0.7956285774164744, 0.7935651089524207, 0.789784708712933, 0.8099468433235341, 0.7983378642547739, 0.7948882490362414, 0.7899107220542494, 0.7901785004045464, 0.7862405834884134, 0.884089943020486, 0.8009683927547508, 0.7952505373925257, 0.7833895316411331, 0.7942424306619956, 0.7932815789344592, 0.7940061556470277, 0.7849331950722572, 0.7812000498357632, 0.7844291417069922, 0.8861849148198688, 0.7983851192577676, 0.794163672323673, 0.7785065146651282, 0.7977077975481927, 0.787295945221937, 0.7989994342966843, 0.7896586953716168, 0.7859255501351228, 0.7932343239314656, 0.8898550533857048, 0.8859013848019073, 0.7996767560062592, 0.792478243883568, 0.7928720355751814, 0.8135067202157182, 0.7961798857847331, 0.7983536159224385, 0.7915961504943543, 0.79123386213807, 0.8369136983652128]","[-0.017098511544411665, 0.11437142258352562, 0.06643489104757927, 0.09021529128706696, 0.09005315667646596, 0.04166213574522604, -0.044888249036241445, -0.10991072205424934, -0.06017850040454642, -0.09624058348841347, 0.005910056979513967, 0.05903160724524914, 0.08474946260747429, 0.1066104683588669, 0.09575756933800439, 0.01671842106554089, -0.06400615564702772, -0.09493319507225728, -0.061200049835763215, -0.08442914170699223, 0.0238150851801312, 0.07161488074223243, 0.08583632767632698, 0.10149348533487179, 0.09229220245180736, 0.002704054778063014, -0.07899943429668432, -0.10965869537161677, -0.07592555013512281, -0.08323432393146568, -0.009855053385704804, 0.0040986151980927366, 0.07032324399374079, 0.08752175611643198, 0.09712796442481864, 0.05649327978428176, -0.04617988578473309, -0.08835361592243851, -0.10159615049435433, -0.09123386213807005, -0.14691369836521284]","[0.9078277061909358, -1.5751667664531984e-05]","[0.020523910674962512, 3.6423542786643635e-06]","[6.057877574278435e-35, 0.00010254382606301782]",Trust MPS,6.84492769977467,0.008889329692522843,7.815886845288599,0.007995736780170178
Camden,False,41,"[0.8559799319459238, -9.36981376012157e-06]","[1.0063519755777947e-22, 0.02096994631322718]",0.12924157424087224,0.10691443511884335,0.5161491864937628,0.0015789020723730976,0.41629522880865333,-1.2249101950697825,"[0.01395314317893985, 0.06031292870917166, 0.03954812398942953, 0.011683555330400155, 0.0004334474120862242, 5.881400240093928e-05, 0.010990938733014497, 0.012907954455274519, 0.0214078304492856, 0.01283510035783997, 0.04137955303838882, 0.07873436182144082, 0.026819405507059163, 0.01789382771628432, 0.00010653793186348518, 6.657445576241033e-06, 0.017561901360973294, 0.012795050186879205, 0.021803022030552774, 0.01296760022803895, 0.0270946024160249, 0.07912519907310789, 0.019502642710635443, 0.03213751590199461, 0.002805893546941475, 0.002280221107802019, 0.010473586800474279, 0.01681227944692238, 0.029076150232046523, 0.009652980694247481, 1.0723526919063436e-06, 0.02812419994928511, 0.04123249538848016, 0.021819681485367653, 0.0054087627124480685, 0.0022271913013926533, 0.008305241194811358, 0.013211659731553416, 0.012864329270650007, 0.020828723027400974, 0.04542892716196687]","[0.16867539581345037, 0.03994010004139735, 0.02808452440202357, 0.03446149944886935, 0.039395926519507976, 0.028310729972559037, 0.024645998599278088, 0.03557334506138623, 0.0363832883605571, 0.033125976983977096, 0.15138750423109326, 0.051915069762043624, 0.026930354349879736, 0.03728323991179876, 0.025044444155129842, 0.02513305885799439, 0.024491322957678308, 0.030973095180385546, 0.038558987421000945, 0.03740707236935309, 0.15437740051707144, 0.04765657901489128, 0.027610355037340627, 0.04543068677103598, 0.029102101771312637, 0.024688895435118957, 0.025306637308152753, 0.03544905112818028, 0.04624055538803881, 0.030610430552941582, 0.16613817751945772, 0.14535435696402754, 0.028775393600432398, 0.032551056963882594, 0.033442327189253954, 0.04875398224892602, 0.025135531940445432, 0.02578142117174837, 0.03417244557600209, 0.033193900265420226, 0.04250777923695553]","[0.8409507506746888, 0.7366647235245357, 0.7498761609263072, 0.741696313513721, 0.7877583179584786, 0.7753807939813581, 0.7591335369213073, 0.7405813056762666, 0.7398036111341765, 0.7431205252052595, 0.8360971871469458, 0.7281475628165852, 0.752021848277375, 0.7389696977095257, 0.7677256561393387, 0.7680723392484632, 0.7603609825238832, 0.7456691145480125, 0.737835950244551, 0.7388572599444042, 0.836959210012877, 0.7309116578758211, 0.7507100743509579, 0.7324576771462412, 0.7766269792114542, 0.7660109802212365, 0.756182045586869, 0.7407031132551481, 0.7318861185068737, 0.7461376052360187, 0.8402573844564398, 0.8343262923462829, 0.7487517832750925, 0.7437670423547079, 0.742773842096135, 0.7947013499547287, 0.7680817090622234, 0.7547297244540501, 0.7419961475540449, 0.7430455666951785, 0.7902600582324311]","[0.029049249325311166, 0.1433352764754643, 0.14012383907369286, 0.06830368648627905, 0.012241682041521429, -0.005380793981358045, -0.0791335369213072, -0.07058130567626653, -0.08980361113417645, -0.07312052520525947, 0.053902812853054205, 0.14185243718341478, 0.11797815172262505, 0.08103030229047425, -0.007725656139338732, 0.0019276607515368305, -0.10036098252388315, -0.0756691145480125, -0.08783595024455093, -0.06885725994440417, 0.04304078998712302, 0.14908834212417887, 0.09928992564904204, 0.09754232285375875, -0.03662697921145419, -0.0360109802212365, -0.07618204558686892, -0.08070311325514812, -0.09188611850687367, -0.06613760523601864, -0.0002573844564398575, 0.045673707653717144, 0.1412482167249075, 0.09623295764529205, 0.047226157903865085, -0.024701349954728724, -0.06808170906222344, -0.08472972445405003, -0.07199614755404482, -0.0930455666951785, -0.12026005823243102]","[0.8559799319459238, -9.36981376012157e-06]","[0.026849883974150755, 3.1493966847405356e-06]","[1.5168438314152915e-29, 0.00500655861970457]",Trust MPS,10.196513180907019,0.0014070645272705456,12.909707799991292,0.0009046626908590574
Croydon,False,41,"[0.8506550851598189, -1.1074715249112871e-05]","[2.9055889858340095e-24, 0.004926311547767184]",0.18559328296699007,0.1647110594533232,0.8551991461859965,0.21642790152965158,0.01395425390496875,-1.113724895173823,"[0.008444269046596245, 0.021020902896927204, 0.012332990551158211, 0.011452553935943285, 0.009807345891921093, 0.00238223958703116, 0.012044364852716781, 0.02723788196419728, 0.004790001117135768, 0.01160954818661228, 0.0025510319828231133, 0.0334360819965015, 0.006544500327562729, 0.048739491635449265, 0.006080874454291275, 0.0010143665071269288, 0.011813434508896497, 0.022224066687228487, 0.006936757711490652, 0.011592717536549979, 0.00025867055768946504, 0.025369882716050007, 0.00469725665071253, 0.0473479727176686, 0.00035027196076183926, 0.0019022581984497779, 0.040133988319234835, 0.021770298090585578, 0.004250576670835026, 0.022320108757021805, 0.00381919118832002, 0.0007611811512163027, 0.015047552479211943, 0.010036728455584398, 0.0249818325914938, 0.005337143361893719, 0.021869685339447654, 0.017925711738153004, 0.002246540249016429, 0.016495949216618348, 0.08468259157496266]","[0.18586238809885158, 0.02450926898271051, 0.02447138900235995, 0.025795052909636594, 0.024807174650255535, 0.028020076715805208, 0.030656147439727253, 0.02861205111994642, 0.033679805511924954, 0.03592776117544143, 0.16100473182068525, 0.024831941041788597, 0.0246754133281493, 0.03286075711118523, 0.036819847080950124, 0.028259610782173903, 0.03314312515634227, 0.03821386665246223, 0.042678346917902336, 0.03617419705106799, 0.18704361243483486, 0.024415659994567723, 0.025148533753431353, 0.03230990975889256, 0.025250504112710938, 0.031946666949303745, 0.027706341556704282, 0.032780930857753916, 0.0379848320987217, 0.025452379927119892, 0.201416879415742, 0.17818279539721313, 0.024418150208193806, 0.024922995292551427, 0.03191835304754373, 0.024415353578749945, 0.026522350836787095, 0.02500898651701556, 0.035397048979039614, 0.030613209257956922, 0.046141553475799464]","[0.8267779990827315, 0.7426544620504703, 0.7430420770841891, 0.7372389262936541, 0.7407163868818755, 0.7325986206042757, 0.7287446196975844, 0.7316351203776029, 0.7252339349636157, 0.7229857677680458, 0.8202106929400076, 0.7405945650141352, 0.7414362433730678, 0.7261199121835447, 0.7221551641243622, 0.7321999308553077, 0.7258098201565695, 0.7209147960164617, 0.7173155135604999, 0.7227531987478144, 0.8270770163944576, 0.7438505312973744, 0.7392655991842416, 0.726740096237495, 0.7389001335810209, 0.7271609354169613, 0.7331412816514822, 0.7262085099055375, 0.7211141408909456, 0.7382356506660741, 0.8306319999894228, 0.8248066997683895, 0.7459547271947058, 0.7401737258346689, 0.7271941595627086, 0.7458993536184603, 0.735466971853796, 0.7398082602314482, 0.7234952046695049, 0.72879999327383, 0.7749372570016342]","[-0.016777999082731476, 0.0873455379495297, 0.06695792291581093, 0.06276107370634598, 0.05928361311812458, 0.02740137939572429, -0.05874461969758438, -0.09163512037760291, -0.03523393496361571, -0.052985767768045755, -0.010210692940007537, 0.10940543498586475, 0.04856375662693224, 0.11388008781645531, 0.037844835875637806, 0.017800069144692343, -0.055809820156569434, -0.07091479601646167, -0.03731551356049989, -0.05275319874781437, 0.0029229836055423286, 0.09614946870262553, 0.04073440081575841, 0.11325990376250494, 0.011099866418979087, 0.02283906458303875, -0.11314128165148218, -0.07620850990553751, -0.031114140890945663, -0.08823565066607408, -0.01063199998942288, 0.005193300231610465, 0.07404527280529416, 0.05982627416533115, 0.08280584043729144, 0.044100646381539765, -0.08546697185379593, -0.07980826023144816, -0.023495204669504943, -0.06879999327383002, -0.12493725700163416]","[0.8506550851598189, -1.1074715249112871e-05]","[0.016915161450907785, 1.946022529928225e-06]","[4.419040620201435e-37, 1.3914820407161708e-06]",Trust MPS,2.5127688092501264,0.1129273650118392,2.54624665191057,0.1186293009336441
Ealing,False,41,"[0.9015161239379373, -9.921628201905002e-06]","[5.579073720471593e-28, 0.007388630787326116]",0.17000507504347118,0.14872315389073976,0.7689857711306753,0.36780858124129295,-0.12439575505419817,-0.6905369050084076,"[0.006692705842719417, 0.025759122982054215, 0.005072332134485488, 0.017640412716349967, 0.020459486562953155, 0.000286148212854036, 0.003604165300558189, 0.0010493337050151471, 0.04332591424109846, 0.005077020641326065, 5.019719168911961e-06, 0.009005552930563758, 0.01423724746625771, 0.03212173568701715, 0.03018672352750525, 0.0014696596092487089, 0.006470509398899476, 0.0044187323379161455, 0.05562446056824822, 0.002199675423782415, 0.011660716577459939, 0.009684182279517594, 0.006227014019014625, 0.06074144394559593, 0.00928388341311788, 0.0036427547245233187, 0.010398092933082519, 0.00902550929507791, 0.036203571126614854, 0.009170501197815643, 0.025849531058824635, 0.029426619716246525, 0.003479257834464338, 0.018926783512668344, 0.02790921309257903, 0.0002638564645233893, 0.011541171110164627, 0.003282533975541053, 0.027246002426600816, 0.009256493747251791, 0.13018504165596806]","[0.18400307241165031, 0.026055069992272372, 0.024831005784810792, 0.028279874060647154, 0.02440077990790191, 0.02754056237948271, 0.026825007466937813, 0.030221043416461965, 0.0308087064701806, 0.03599759219042441, 0.16912079656986012, 0.025309718817210627, 0.025943317965820053, 0.03314426156122545, 0.03203684664690985, 0.02728746673957752, 0.02689727090100135, 0.04240218684650611, 0.03400315233981121, 0.03629973701565986, 0.18696919607543733, 0.025826251535559265, 0.025933783863456995, 0.03286317728279929, 0.02551472662919539, 0.026683650876681335, 0.026279673583171556, 0.03665938232619599, 0.03497688872533575, 0.03479073558253622, 0.1917420546898111, 0.18902731856059313, 0.024652637918723082, 0.029205711900593637, 0.02700764747576575, 0.025144596956290857, 0.024645176972606424, 0.028242187185571203, 0.0326196171771803, 0.033743608749928045, 0.04606450644821553]","[0.882754325008135, 0.8106340096084875, 0.8138783820305104, 0.8071019099686093, 0.8167854190936686, 0.8081238376734056, 0.809235060032019, 0.8048100138539693, 0.8041948729054512, 0.7996706104453825, 0.8796290121245349, 0.8123504512874171, 0.8108622070571313, 0.8019922714446283, 0.8029943558930207, 0.808500859545078, 0.809116000493596, 0.79533485892115, 0.8012580709576873, 0.7994424129967387, 0.8833595443284512, 0.811110247762179, 0.8108820503135351, 0.802240312149676, 0.8118246049927161, 0.8094731791088646, 0.8101974579676037, 0.7991745290352872, 0.8004643407015349, 0.8006131651245635, 0.8843219422640359, 0.8837762527129311, 0.8199702617464801, 0.8059510010971883, 0.8089374111859617, 0.8218156845920345, 0.8147018771712686, 0.8071515181096188, 0.8024585879701178, 0.8014763467781292, 0.8414307435472006]","[-0.012754325008135003, 0.07936599039151249, 0.03612161796948954, 0.06289809003139069, 0.07321458090633137, -0.00812383767340552, -0.029235060032018922, -0.014810013853969295, -0.09419487290545125, -0.02967061044538244, 0.0003709878754650786, 0.04764954871258287, 0.059137792942868694, 0.07800772855537175, 0.0770056441069793, -0.018500859545077963, -0.03911600049359598, -0.02533485892114995, -0.10125807095768735, -0.019442412996738656, 0.016640455671548815, 0.048889752237820994, 0.03911794968646487, 0.10775968785032408, 0.04817539500728385, -0.0294731791088646, -0.050197457967603665, -0.039174529035287176, -0.08046434070153496, -0.04061316512456348, -0.024321942264035945, 0.026223747287068888, 0.030029738253519844, 0.06404899890281168, 0.08106258881403827, 0.008184315407965492, -0.05470187717126862, -0.0271515181096188, -0.07245858797011784, -0.04147634677812917, -0.13143074354720063]","[0.9015161239379373, -9.921628201905002e-06]","[0.019419573731947186, 2.3672744721756483e-06]","[9.518823690242483e-36, 0.00015397793476245106]",Trust MPS,1.5097947064661856,0.21917041501530776,1.491053113411457,0.22938399295890483
Enfield,False,41,"[0.826506895242782, -8.615255865661344e-06]","[7.867465465468619e-31, 0.003812508316270604]",0.19535957690108574,0.1747277711806008,1.4068434102940457,0.08016164277943949,-0.24309804162342702,-1.0439494723516038,"[0.06897586160205994, 0.024702078369341303, 0.03421304902056898, 0.0014197745733431555, 0.004340778086968673, 0.0002150731014025666, 0.03359093248247703, 0.015758184117571766, 0.044814907157545346, 0.027887767037125793, 0.00011023376442249161, 0.031476653907358626, 0.008795811483135978, 0.0023554041967572457, 0.011696386606566819, 0.00045061441817602935, 0.043604045447362155, 0.02359070494035436, 0.00895689002188997, 0.01308560017429919, 0.020081399531466777, 0.011987949087739208, 0.012337474208755979, 0.003843553405876251, 0.004056525529463367, 0.0017487223136644799, 0.01624709615398747, 0.057522750028476025, 0.003917168461524811, 0.0004634039847341988, 0.13868020779869739, 0.019833934047594388, 0.007168817829559365, 0.02909302970203697, 0.000317467075681856, 0.001212052332771687, 0.015859532022009723, 0.01585868572613207, 0.042688920581778526, 0.013547128603855681, 0.00734930417305809]","[0.1840536874232881, 0.024401866646671943, 0.02688673983934708, 0.029342309222574046, 0.024709032758426418, 0.03087745991831308, 0.032945142483065015, 0.031298676419804355, 0.032431643756559485, 0.028140620125096164, 0.1786640898494251, 0.024836251682054916, 0.024998194177357214, 0.03275351993187225, 0.033184849292947925, 0.02769675675674813, 0.02998274294769076, 0.0302142219769268, 0.03537533996039004, 0.028299891893461424, 0.1869560925034397, 0.024394424422435876, 0.027668627297807058, 0.037400603761200524, 0.02901166361095235, 0.03067181971424942, 0.027380522904239108, 0.03204086035337556, 0.03761113919891754, 0.027591890883377844, 0.19409920622161536, 0.18794589174927925, 0.024393938269535263, 0.028724656175427098, 0.028986702480438352, 0.02439137634999194, 0.02998274294769076, 0.029991911985564383, 0.027626658417634984, 0.028692441127075603, 0.04334379256373172]","[0.8122744925527094, 0.7565768633812089, 0.7490729755222179, 0.7462040953189526, 0.7535873695958244, 0.7447739628452528, 0.7430939879514489, 0.7444121220988951, 0.7434902897212693, 0.7474877684429362, 0.8113181991516211, 0.759066672326385, 0.7526310761947359, 0.7432404473011651, 0.74291306757827, 0.7480132990507414, 0.745583796896625, 0.7453684154999834, 0.741362321522451, 0.7473068480697572, 0.8127827926487835, 0.755810105609165, 0.7480477600742041, 0.7400614178867361, 0.7465400902977134, 0.7449548832184317, 0.7484096008205618, 0.7438004389324331, 0.7399321890487511, 0.7481425278887264, 0.8140147742375731, 0.8129550977660966, 0.7558273361208964, 0.7468416242530116, 0.7465659360653104, 0.7559479497030156, 0.745583796896625, 0.7455751816407593, 0.7480994516093981, 0.7468760852764742, 0.7754528889828729]","[-0.03227449255270942, 0.06342313661879107, 0.0709270244777821, 0.01379590468104741, 0.02641263040417563, 0.005226037154747232, -0.06309398795144883, -0.04441212209889511, -0.07349028972126925, 0.06251223155706387, -0.0013181991516210134, 0.07093332767361493, 0.03736892380526413, 0.01675955269883489, 0.03708693242173, -0.00801329905074144, -0.07558379689662498, -0.0553684154999835, -0.031362321522451, 0.04269315193024281, 0.017217207351216457, 0.044189894390835094, 0.04195223992579589, 0.019938582113263936, 0.02345990970228662, -0.014954883218431747, -0.04840960082056189, -0.08380043893243305, 0.020067810951248877, -0.00814252788872638, -0.04401477423757305, 0.017044902233903314, 0.03417266387910367, 0.06315837574698846, -0.006565936065310418, 0.01405205029698442, -0.04558379689662506, -0.045575181640759355, -0.07809945160939802, 0.043123914723525836, -0.0254528889828729]","[0.826506895242782, -8.615255865661344e-06]","[0.0177549880344108, 2.203180035797624e-06]","[8.56817119609656e-36, 0.00035766607302328845]",Trust MPS,2.372687262276523,0.12347433936053043,2.395579621525541,0.129756018921401
Greenwich,False,41,"[0.9324067111083137, -1.9805427124449373e-05]","[1.011982506812897e-24, 0.00023765700437482437]",0.2957856527957069,0.2777288746622636,0.6957011165756937,0.37927083853448074,0.22987933579024242,-0.9058997537478093,"[0.016860775695332557, 0.05428947024493864, 0.02939951264808676, 0.010454222857172622, 0.004644293043135084, 0.0003069203338075929, 0.018358528482245347, 0.016342917498447143, 0.013073834274402958, 6.628457078804293e-05, 0.00019780218910195815, 0.042557710496043795, 0.031451756842628034, 0.022434882433943395, 0.012057357686774819, 0.0014720766383259885, 0.023902214529788107, 0.021847030985942966, 0.008474868060506147, 8.03386416262827e-05, 0.02677637791226765, 0.032757139671559264, 0.01655164565562168, 0.008611695336940423, 0.0004064975324514188, 0.0053235212055512526, 0.019262647990316555, 0.017487792630129007, 0.0013963510621597744, 0.010569415105642415, 0.04378684221626475, 0.044150251543637754, 0.017004369582093847, 0.00897443710558977, 0.005927694580519283, 0.001505084457285921, 0.005621328808888417, 0.019864319778843245, 0.035074342540834545, 0.0005102390208145555, 0.07983975872524489]","[0.1799174047915697, 0.02504131027566598, 0.0268249375652962, 0.0323128266809596, 0.02451463146916562, 0.02859533745557842, 0.028753480853753878, 0.03810991655681188, 0.03195843917328463, 0.03879433542414236, 0.17202648736717044, 0.02542887011003876, 0.02756250236306957, 0.04326911562099524, 0.030266895744318546, 0.027435276404003082, 0.027041501702580552, 0.037380885788356216, 0.035229191361653034, 0.038442086450406324, 0.18606484330808132, 0.024711791794988447, 0.027707777311258862, 0.034313075790278515, 0.02446082257562225, 0.026945619702801363, 0.026765691143770993, 0.031970121453295225, 0.03433983691000934, 0.02816311660763331, 0.19095899425139123, 0.19068518247029528, 0.025071304576563133, 0.02537760594443208, 0.027390994775844398, 0.024713378885141964, 0.026383367223642998, 0.02594333420046871, 0.02714619197030832, 0.027252909362531233, 0.04472860658282162]","[0.8958855034908291, 0.7719827514002738, 0.7649518247710942, 0.7532468173405447, 0.776221112804906, 0.7603767711053465, 0.7600202734171064, 0.7449483433754005, 0.7538409801542783, 0.7440967100090491, 0.8928948839950372, 0.7700022086878289, 0.7628920603501516, 0.7389671043838167, 0.7568910159314434, 0.7632287526112672, 0.7643180511031119, 0.7458791984502495, 0.7487905962375436, 0.744532429405787, 0.8981631276101408, 0.7742207646653366, 0.762515757234787, 0.7501175598548817, 0.7770331353170083, 0.7645953270828543, 0.7651300736152143, 0.7538211747271537, 0.7500779490006328, 0.7613868478886934, 0.8999456160513413, 0.899846588915719, 0.7872131248589754, 0.7702398738133223, 0.7633475851740139, 0.7848166681769171, 0.7663382046698057, 0.7678830279855128, 0.7640209696962452, 0.7637238882893784, 0.8215953463470195]","[-0.025885503490829076, 0.1480172485997262, 0.10504817522890575, 0.05675318265945539, 0.04377888719509393, -0.010376771105346516, -0.08002027341710638, -0.06494834337540045, -0.0638409801542783, -0.004096710009049098, -0.002894883995037234, 0.12999779131217115, 0.10710793964984844, 0.07103289561618331, 0.06310898406855658, -0.023228752611267223, -0.09431805110311187, -0.07587919845024949, -0.04879059623754367, -0.00453242940578702, 0.031836872389859217, 0.11577923533466339, 0.07748424276521293, 0.049882440145118334, 0.012966864682991686, -0.0445953270828543, -0.0851300736152143, -0.07382117472715366, -0.020077949000632866, -0.06138684788869342, -0.03994561605134128, 0.04015341108428094, 0.08278687514102456, 0.0597601261866777, 0.046652414825986144, -0.02481666817691708, -0.04633820466980576, -0.08788302798551273, -0.1140209696962452, -0.013723888289378428, -0.13159534634701953]","[0.9324067111083137, -1.9805427124449373e-05]","[0.025482073687214595, 3.2424594915764665e-06]","[8.330983806785954e-32, 3.6644614854624965e-07]",Trust MPS,0.8909087387958889,0.3452311670991438,0.8662734487491995,0.35771492270323896
Hackney,False,41,"[0.8584146760154991, -1.5492067734437135e-05]","[1.1491256930489979e-22, 0.000983456396850884]",0.24567212449191778,0.22633038409427475,0.6881806846307985,0.565097187004602,-0.28516033632965476,-0.4733211622050919,"[0.037743013062518316, 0.049195671189468125, 0.034242084681893985, 0.010707309104914069, 0.0010713307085335848, 0.0007484566609175674, 0.002322333728192047, 0.03892526806034709, 0.005916473207418956, 0.0008138108973928932, 0.023590640754373147, 0.030385701571321932, 0.04526341711086709, 0.018893572349401727, 0.010119299902096321, 0.00021342673171165647, 0.0036514966849239302, 0.032808848083859456, 0.005949085641572375, 0.004714996355874521, 0.036966780055303045, 0.013092943416377727, 0.031027988067808467, 0.01519956032988927, 0.00038480700751198526, 0.002108288736949142, 0.008964745445117526, 0.033084346171000534, 0.0006656085013995343, 0.03373025724769424, 0.0025346701473346112, 0.04216281985067087, 0.007673764296523695, 0.015905621731895327, 0.0014989363140713804, 0.00020593271439045834, 0.002642027851437993, 0.020900703947396883, 0.03279023957432252, 0.0002865133905850805, 0.1951188686286074]","[0.17291765820369856, 0.0350336901502109, 0.02675827850723985, 0.03783079780051897, 0.02663201003054186, 0.025604546533962172, 0.02886697636522139, 0.027397843850987612, 0.031691226920510074, 0.030051962101994432, 0.1660348503369425, 0.029964576417475956, 0.02825741683245671, 0.05407871424342976, 0.04270856975511328, 0.02900056994273862, 0.025235644162776096, 0.030381198530088534, 0.0315425629302076, 0.03814347210769766, 0.1752633069940971, 0.025807385686912092, 0.0333500395140123, 0.03799348366490489, 0.025645513391089652, 0.0298519910766056, 0.024731248561314517, 0.03271076085869783, 0.03118239647525311, 0.025369366124330092, 0.20370721096416175, 0.1589729408542901, 0.024918348196037773, 0.030462689903733953, 0.02990381081902018, 0.0272678168466595, 0.024523170030130974, 0.024429719049414822, 0.030157722036918154, 0.02486500674225138, 0.060753506486351874]","[0.8192507287828421, 0.6894117091005244, 0.7038967924322231, 0.6860189462666827, 0.7294122279908412, 0.7075684124852848, 0.6990477752313443, 0.7022546332523728, 0.6941212976917933, 0.6968324095453198, 0.8168494582840043, 0.6969873302226641, 0.7003026327178338, 0.6710381167674819, 0.6808600877111152, 0.6987844100798589, 0.7091021271909941, 0.6962592030391457, 0.6943536787078098, 0.6856626287087907, 0.8200563163050328, 0.7068247932340318, 0.6916735509897523, 0.6858330414538695, 0.7074134918079404, 0.6971887271032119, 0.7119216835186616, 0.692587582986084, 0.694926885213984, 0.7085134286170854, 0.8293670490134295, 0.8143242512432911, 0.7229365436778464, 0.6961197744295358, 0.6970957746968053, 0.7310853713061604, 0.7137652395790596, 0.715159525675159, 0.6966465047325066, 0.7110386356577987, 0.7675072225498221]","[0.04074927121715788, 0.12058829089947565, 0.11610320756777681, 0.0539810537333173, 0.020587772009158845, -0.017568412485284846, -0.029047775231344275, -0.12225463325237285, -0.04412129769179329, -0.016832409545319726, 0.03315054171599563, 0.10301266977733592, 0.1296973672821662, 0.05896188323251805, 0.04913991228888481, -0.008784410079858973, -0.03910212719099404, -0.10625920303914571, -0.04435367870780982, -0.03566262870879067, 0.03994368369496715, 0.07317520676596823, 0.09832644901024779, 0.06416695854613053, 0.012586508192059531, -0.02718872710321185, -0.06192168351866156, -0.10258758298608406, -0.014926885213983998, -0.11851342861708547, -0.009367049013429551, 0.04567574875670888, 0.057063456322153594, 0.07388022557046425, 0.022904225303194692, 0.008914628693839632, -0.033765239579059525, -0.09515952567515895, -0.10664650473250659, -0.011038635657798723, -0.1775072225498221]","[0.8584146760154991, -1.5492067734437135e-05]","[0.033820497336855306, 3.575103494504585e-06]","[7.371831624273215e-26, 9.983825578765615e-05]",Trust MPS,0.29258228827658117,0.5885704716124549,0.2803103189594,0.599498939969042
Hammersmith and Fulham,False,41,"[0.9248998063172249, -1.9661550573833036e-05]","[7.464881251290433e-26, 0.00210604931946281]",0.21768017779875992,0.19762069517821534,0.5113116557304036,0.0985164638580606,0.031075569958702802,-1.1283274943573656,"[0.021445087517383343, 0.03855073122399232, 0.029029004486079316, 0.022438848091446355, 0.0018881295306546993, 0.00016923205149500198, 0.007828164587501836, 0.05908074169133214, 0.009771224305244665, 0.0025235164246041135, 0.04028510588371016, 0.027180277464787263, 0.03925415175167137, 0.02298615971988951, 0.004753420060223728, 0.001181537583319475, 0.009774524533754653, 0.02791143930501343, 0.012180242556640825, 0.0016653913272493236, 0.008728656501884095, 0.042945196930066376, 0.03116937134413134, 0.022034063302143803, 0.00012540875051783785, 0.00034458552277496016, 0.03569821045148382, 0.02801029459968028, 0.00814571172624495, 0.007174267083494265, 0.0069657210119245085, 0.0016444087663416544, 0.025799786093136472, 0.01992891741819952, 0.005207629279086813, 0.003274367564174211, 0.007126883971944153, 0.028520131466656537, 0.012374079054044822, 0.006819350085806195, 0.05780033475509306]","[0.17479872067493937, 0.02818981500797808, 0.029586284337948403, 0.04182640310697429, 0.028129283129473864, 0.02568903192350662, 0.025011353048584612, 0.0340316823893608, 0.02690899422604069, 0.03564898651540864, 0.16948992892844764, 0.028671384400970057, 0.034585182170626075, 0.048426802979401204, 0.026833489737567995, 0.026127569572187922, 0.026900548098445907, 0.03463626632237987, 0.03281570987662388, 0.030083285104459956, 0.17696210167728404, 0.03280025636067049, 0.03411455304281541, 0.04147236219673255, 0.024506580287795968, 0.02595648899793182, 0.024502713665287036, 0.035435543140526646, 0.0344833968620288, 0.025916748864801352, 0.18543196025254893, 0.17834684157189207, 0.025676920012197315, 0.030776770044399132, 0.027460357435428375, 0.02754631073084383, 0.024484161592498447, 0.025152942841760697, 0.03139685592994562, 0.026677864582130697, 0.052507548359155096]","[0.9010306839205916, 0.7960969885080447, 0.7936589562368894, 0.7796599322283203, 0.8247635292446932, 0.8020740998824899, 0.8046694245582359, 0.7875638755590011, 0.798770959386086, 0.7857156898050608, 0.8994184367735373, 0.7952122187322221, 0.7869150443900647, 0.7742923289216639, 0.7989479133412505, 0.8007567759940432, 0.7987906209366598, 0.7868560597383432, 0.7890581534026124, 0.792872494213936, 0.901679515089528, 0.7890778149531863, 0.787465567806132, 0.7799745170375016, 0.8130059220015411, 0.801248314758389, 0.8080118881557875, 0.7859516284119469, 0.7870330136935076, 0.801366284061832, 0.9041765320124049, 0.9020924076515786, 0.8021134229836376, 0.7918304320335229, 0.7975519432505083, 0.8236034977608371, 0.8127503218440812, 0.8040402549398732, 0.7909456622577005, 0.7993214828021533, 0.849635390720592]","[0.028969316079408447, 0.11390301149195536, 0.09634104376311059, 0.07034006777167967, 0.025236470755306772, 0.007925900117510154, -0.05466942455823587, -0.12756387555900106, -0.05877095938608601, -0.025715689805060782, 0.04058156322646267, 0.09478778126777787, 0.10308495560993536, 0.06570767107833608, 0.04105208665874949, -0.02075677599404313, -0.058790620936659765, -0.0868560597383432, -0.059058153402612446, -0.022872494213936, 0.018320484910472, 0.11092218504681373, 0.09253443219386803, 0.07002548296249833, 0.006994077998458859, -0.011248314758388944, -0.11801188815578756, -0.08595162841194692, -0.04703301369350765, -0.05136628406183197, 0.015823467987595152, 0.007907592348421422, 0.09788657701636239, 0.07816956796647712, 0.0424480567494917, -0.03360349776083704, -0.05275032184408124, -0.10404025493987323, -0.060945662257700484, -0.049321482802153316, -0.09963539072059202]","[0.9248998063172249, -1.9661550573833036e-05]","[0.020664859217684704, 4.038535631133517e-06]","[3.858739981317891e-35, 1.8949938425554086e-05]",Trust MPS,5.3223859201695465,0.021053165860094293,5.818019400685183,0.02066733509864633
Haringey,False,41,"[0.8577504974786537, -1.4923460145905268e-05]","[1.5438149828558886e-23, 0.0017543319480198183]",0.2244653961020011,0.2045798934379499,0.8837987394927959,0.034804626327712494,-0.5583417346753831,-0.47892181945686074,"[0.01840741533849901, 0.05864905767797201, 0.010385608387044812, 0.014287986393335592, 0.00335686918519013, 0.0029492062942309836, 0.005055265366972297, 0.027784275777663337, 0.054850543006496784, 0.002067998165612151, 0.034899661431647154, 0.05787288719371327, 0.005295214017385062, 0.02375202795623795, 0.01588996306256538, 0.000631105520088401, 0.007651585843410524, 0.04863337966856667, 0.017632093201818837, 0.0026748516090554834, 0.07792369194506094, 0.018656617511448217, 0.0028964606569030346, 0.006954872472917333, 0.014329332121517992, 0.0012711453220651384, 0.009395958359841037, 0.048195121523614035, 0.005029588099774449, 0.0035620174347211304, 0.0016035980048677066, 0.07953386647210751, 0.0023733646111959755, 0.003951536447093925, 0.007646136906688526, 0.004180852644161707, 0.006153002718711034, 0.01026420239286403, 0.06545211995888266, 0.0001969144958811333, 0.08054382457520971]","[0.16865634498315496, 0.03274047593808545, 0.04064797843523551, 0.03973667158410176, 0.024458285838516218, 0.027646766279600322, 0.025554942072894347, 0.028430901449296456, 0.026599536109128956, 0.02971982569255003, 0.16605678571545315, 0.043315380309231336, 0.037963763976048726, 0.043349789259576055, 0.031776257650927266, 0.028947006834381377, 0.02554217892223052, 0.030494409151364376, 0.027711284061945243, 0.03146799306597775, 0.17860291365309477, 0.0340934482292788, 0.03208012721784308, 0.041438357451849206, 0.02499983291556737, 0.0261967452405298, 0.024403396468107064, 0.02955682690115588, 0.02559799375517054, 0.02474895472527764, 0.1857025329050229, 0.17161509509610498, 0.0265065267912936, 0.034820773929634244, 0.027477812818554243, 0.025763852400148977, 0.02450719490873488, 0.02639307783358153, 0.02441402599553875, 0.024540353870101707, 0.0757235795637104]","[0.8223968203930041, 0.7098888543530243, 0.701263094388691, 0.7021286550771536, 0.7336768498255973, 0.7180818339731263, 0.7235587438466735, 0.7165297941179521, 0.720484511056617, 0.7142763516359205, 0.8215760300849794, 0.6988604173052003, 0.7038896233743704, 0.6988305703849085, 0.7111871953857181, 0.7155896161287602, 0.7236035142271113, 0.7130526279039562, 0.7179475228318132, 0.7116199757299493, 0.8254710531830607, 0.7081875798963911, 0.7107693385016327, 0.7005318448415417, 0.7258121863287053, 0.7215590001871223, 0.7308413923978754, 0.7145449739185468, 0.7234095092452145, 0.7271851446621285, 0.8276051079839251, 0.8233220749220502, 0.7207232864189516, 0.7073220192079286, 0.7184399970166281, 0.7405565649528596, 0.7291251944810963, 0.7210217556218697, 0.7305429231949572, 0.7287819548977403, 0.7858044961152444]","[0.027603179606995876, 0.13011114564697568, 0.048736905611308945, 0.0578713449228464, 0.036323150174402685, 0.031918166026873696, -0.043558743846673464, -0.09652979411795215, -0.14048451105661708, 0.025723648364079477, 0.03842396991502062, 0.11113958269479973, 0.03611037662562955, 0.07116942961509154, 0.06881280461428196, 0.014410383871239829, -0.05360351422711129, -0.12305262790395621, -0.07794752283181317, 0.028380024270050708, 0.05452894681693932, 0.07181242010360889, 0.029230661498367283, 0.03946815515845825, 0.07418781367129479, -0.021559000187122312, -0.06084139239787534, -0.1245449739185468, -0.04340950924521447, -0.03718514466212852, -0.007605107983925108, 0.056677925077949776, 0.02927671358104844, 0.032677980792071404, 0.05156000298337193, 0.03944343504714043, -0.0491251944810962, -0.06102175562186962, -0.16054292319495722, -0.008781954897740363, -0.09580449611524444]","[0.8577504974786537, -1.4923460145905268e-05]","[0.031241828986880327, 3.698336525999116e-06]","[4.038607811128206e-27, 0.00024647625473274816]",Trust MPS,1.0202611987345356,0.3124570600896883,0.9952587971732186,0.324610316866337
Harrow,False,41,"[0.8655407749956795, -1.0282122618714596e-05]","[2.9303367052015694e-36, 0.011947379917040386]",0.1513242834957591,0.12956336768795818,1.318484013766023,0.1413746713069457,0.17199151804774016,-0.674314180724044,"[0.003310222768146019, 0.044252478597407684, 4.951842449020473e-05, 0.0015050314090406614, 0.03876079348549822, 0.00179282047195612, 0.025858850388924062, 0.0005829404938729519, 0.015096621963115123, 0.04000180187556903, 0.002262311040402561, 0.017981459649560296, 0.0005276440412800725, 0.04408426306795588, 0.03214769674496643, 0.00025847021568406773, 0.015205811804873346, 0.0002255979715791897, 0.006583726292525073, 0.060341994157994544, 0.0049128453702458365, 0.0010073552288156744, 0.003989660965191288, 0.07097216611849247, 0.00818448128709615, 0.0002859981374534922, 0.007588504125474881, 0.00049293317549344, 0.02908386260914032, 0.015036550897831118, 0.0012478495197739978, 0.06614973353365848, 1.951123690751279e-06, 0.012378960870505617, 0.0564568505670342, 6.511660266496313e-05, 0.008686347162542263, 0.00011116206428412439, 0.014980543701950498, 0.037955215537045506, 0.046356317449172804]","[0.17803737506713743, 0.025217586594192747, 0.024933311673678685, 0.03567373539564908, 0.024410045680371705, 0.025217586594192744, 0.024720948970059775, 0.029704151084147996, 0.027714313734581615, 0.03300243521035355, 0.17107360859342852, 0.02443064057892171, 0.02566487661355981, 0.0377159702188925, 0.03135828922066367, 0.026997117101077214, 0.026916445622802293, 0.026692942140920793, 0.038380574994938244, 0.036510295031153384, 0.18653377151148695, 0.024409046307910083, 0.03042346826799723, 0.040587023722207315, 0.028036546506268314, 0.027714313734581615, 0.02813333858497724, 0.028999537644921997, 0.046487243001691755, 0.034157685478017646, 0.19031125773084287, 0.1919834063451758, 0.024412122052584362, 0.03334353078225056, 0.03507770139191492, 0.025099409143925812, 0.024928023235698156, 0.02557710192274585, 0.031568740904507536, 0.028968700046425086, 0.038875781563146576]","[0.8554334484614831, 0.8173998768948577, 0.8178934187805561, 0.8103977513915132, 0.8204022566995224, 0.8173998768948577, 0.8183561142983982, 0.8134104133187965, 0.8147882177497042, 0.8116110418605215, 0.8546211607746046, 0.8194254550507445, 0.8167726674151161, 0.8095648994593972, 0.812454175915256, 0.8153845808615897, 0.8154565557199207, 0.815662198172295, 0.8093078463939294, 0.8100481592224769, 0.8563999679876422, 0.8203919745769037, 0.8129785641688105, 0.8084955587070509, 0.8145414468068551, 0.8147882177497042, 0.8144694719485241, 0.81386282671402, 0.8065625196547326, 0.8110660893617295, 0.8568215350150096, 0.8570066132221463, 0.8204228209447598, 0.811446527898622, 0.810654804456981, 0.8224072706101717, 0.8179037009031748, 0.816885770763922, 0.8123410725664502, 0.8138833909592573, 0.8308797396479926]","[-0.005433448461483081, 0.06260012310514229, 0.0021065812194438482, 0.009602248608486796, 0.059597743300477624, 0.012600123105142247, -0.048356114298398145, 0.006589586681203463, -0.0347882177497042, -0.051611041860521456, -0.004621160774604616, 0.0405745449492555, -0.006772667415116063, 0.05043510054060274, 0.04754582408474395, 0.004615419138410237, -0.03545655571992068, 0.004337801827704935, -0.01930784639392935, -0.06004815922247686, -0.006399967987642197, 0.009608025423096245, 0.017021435831189424, 0.061504441292949075, 0.02545855319314483, -0.004788217749704171, -0.024469471948524113, 0.006137173285979958, -0.03656251965473256, -0.0310660893617295, 0.0031784649849904145, 0.022993386777853675, -0.00042282094475987186, 0.02855347210137793, 0.05934519554301898, -0.0024072706101717634, -0.027903700903174733, 0.003114229236077959, -0.032341072566450135, -0.053883390959257316, -0.05087973964799253]","[0.8655407749956795, -1.0282122618714596e-05]","[0.010016284061308604, 2.6221164901757853e-06]","[3.628184448081871e-46, 0.0003462419342098922]",Trust MPS,3.8589417507299046,0.0494815288012995,4.052085087840057,0.0510566216209872
Havering,False,41,"[0.938221698060777, -2.1408842178690147e-05]","[3.0435965359418757e-34, 2.671343417974222e-06]",0.43563074127725276,0.4211597346433362,1.0700939111527952,0.6093318855373819,0.3113610661145722,0.0019036585500682435,"[0.0003651387631259326, 0.07833327781861626, 0.02683007336261641, 0.0014992670893290555, 0.0003985997213940478, 2.4003312486680202e-05, 0.0011679978530545572, 0.02211023277497343, 0.03455867202331918, 4.080894420566103e-06, 0.00036513876312593423, 0.04418064862129851, 0.017789832562398113, 0.002680740258927877, 0.004683067130020296, 0.00034698222330465067, 0.004709873189662812, 0.031174641555327284, 0.0063593693785795515, 0.0005252753394926229, 0.039223652020611885, 0.05569407451900741, 0.004180831664444378, 0.015372188675448121, 0.0051666304594923185, 0.0015885166002778627, 0.01969364282375909, 0.04629926616129693, 0.0016995206334917412, 0.012128770606708156, 0.0026915421016681564, 0.0017907390284491681, 0.035407739328111296, 0.00047507186571368485, 0.010717729335609409, 2.491822140010113e-05, 0.014236309729938699, 0.009806212979064668, 0.03396817637868701, 0.001064931529388763, 0.13549893568534513]","[0.1722451193872831, 0.02707740185220551, 0.026693286120463827, 0.028934643315167607, 0.03255280784857402, 0.0243967440909814, 0.032814078079932356, 0.040719427873694224, 0.03762706134920985, 0.03414064145831182, 0.1722451193872836, 0.025897906869161783, 0.02642876571245108, 0.026623478459031798, 0.025452931748452402, 0.025948119508893627, 0.031678020867540874, 0.049388979214858485, 0.04030069736139939, 0.03625233775102275, 0.17600278644848338, 0.028280684721989108, 0.028442329270155872, 0.028666966487564637, 0.024395147354954176, 0.025501253074830983, 0.02735990601149918, 0.04982541937208289, 0.030813703357102644, 0.027890967517438085, 0.17757642139016383, 0.18096549667858192, 0.024554347668740817, 0.026338781244217672, 0.02620370945419004, 0.02898842629759828, 0.025834556367281873, 0.031725022020760545, 0.03979630155182479, 0.026478704245831597, 0.04694150120878879]","[0.9122955901823833, 0.810325274885282, 0.811224446256787, 0.8066857717149047, 0.8435517979466092, 0.8218432319774174, 0.8009910196953732, 0.792577344719148, 0.7955531737819859, 0.7993639476897927, 0.9122955901823833, 0.8133653304746561, 0.8118881203643264, 0.8113957169942166, 0.814821131742807, 0.8132154685794053, 0.8024896386478815, 0.7854910179580015, 0.7929627038783644, 0.7969875662079582, 0.9134302588178539, 0.8078632580347327, 0.8075635342442311, 0.8071567662428359, 0.8229564917707093, 0.8146498610053775, 0.8097044184621001, 0.7851698853253212, 0.8037099426520669, 0.8086125675109869, 0.9139012533457851, 0.9149074689281834, 0.819445441653404, 0.8121236176282921, 0.8124875679453298, 0.8382852227706514, 0.8135580100542643, 0.8024254121213454, 0.7934336984062955, 0.8117596673112544, 0.8575317718892939]","[-0.0022955901823832336, 0.09967472511471798, 0.05877555374321297, 0.013314228285095209, 0.006448202053390806, -0.0018432319774174255, -0.010991019695373194, -0.04257734471914798, -0.055553173781985876, 0.0006360523102073579, -0.0022955901823832336, 0.07663466952534392, 0.04811187963567354, 0.018604283005783318, 0.025178868257192955, 0.006784531420594653, -0.02248963864788145, -0.04549101795800148, -0.02296270387836441, -0.006987566207958151, -0.023430258817853877, 0.08213674196526732, 0.022436465755768853, 0.042843233757164034, 0.02704350822929069, -0.014649861005377462, -0.04970441846210005, -0.05516988532532119, -0.01370994265206682, -0.03861256751098685, 0.006098746654214948, -0.004907468928183389, 0.07055455834659596, 0.007876382371707846, 0.03751243205467014, 0.0017147772293485408, -0.043558010054264296, -0.03242541212134542, -0.05343369840629553, -0.01175966731125433, -0.09753177188929385]","[0.938221698060777, -2.1408842178690147e-05]","[0.013334132433875613, 2.556580823172104e-06]","[1.0429571237347644e-42, 3.0216516209277155e-10]",Trust MPS,0.9510071471168915,0.32946306912568823,0.9260976642734416,0.34180811832242275
Hillingdon,False,41,"[0.8603412488548801, -5.6979012944286045e-06]","[4.95162102526568e-31, 0.08119017454262975]",0.07593363327978375,0.052239623876701335,1.046855467444765,2.4638886465756173e-06,-2.363528253915718,7.614834807282653,"[0.00020470809315217578, 0.010522165451084137, 0.006168579272032089, 0.0017052869631323099, 0.005627155671767694, 0.006908280768977258, 0.001123007019111182, 0.003067339567583722, 0.007202685933352273, 0.014167792237862032, 0.006271017834427401, 0.009960411726393479, 0.002880177783891925, 0.015291386690322612, 0.000627335347525116, 0.010571151097034109, 0.001042934984985711, 0.0002660079085250615, 0.007332159306810934, 0.040228926137573416, 0.007864100371536219, 0.017941942147099047, 0.00034837930904490285, 0.018129361187988784, 0.0033442032578223668, 0.00042578109815690927, 0.0027548645103821576, 0.0044232696997241775, 0.0072844714497847015, 0.13836129968756822, 0.01050023291852506, 0.018256122997735606, 0.00579842900832568, 9.296172657411289e-05, 0.007871354276112059, 0.004992529044913889, 0.0001431765181272312, 0.00464745839443154, 0.007198878883642183, 0.007234795309186467, 0.3335610399821775]","[0.1785332582934418, 0.02464436599737104, 0.024617510066470845, 0.027397473012200104, 0.024390440584215956, 0.025363286291279902, 0.027994247720987974, 0.02470493474554113, 0.03778013090390198, 0.04647733966048931, 0.168959077000465, 0.024412822167648833, 0.024500066803815685, 0.029090542809438753, 0.0319838620222755, 0.024672721348076375, 0.02909967987858906, 0.02467721679432144, 0.047782896862777424, 0.05950190989674256, 0.17707235814813344, 0.025793079430248084, 0.028584395790580718, 0.03205366976292224, 0.025129940301341615, 0.02957743508372586, 0.03203036502681384, 0.024396765348591025, 0.04289414300000698, 0.04247972329609536, 0.18846833980610425, 0.18809084880598642, 0.02441476098302539, 0.027084644139532817, 0.026634967079621437, 0.025145663435114467, 0.025788094600558177, 0.02793055581271718, 0.026828296803090224, 0.039611435023983205, 0.033406735461756897]","[0.8518798654326536, 0.8169289388926285, 0.8170030116094561, 0.8136013645366822, 0.8183306226110579, 0.8156241194962044, 0.8131569282357168, 0.8167750955576789, 0.8083934827535745, 0.8055787195141267, 0.8508200557918899, 0.8178861863100926, 0.8173961667987717, 0.81242759687003, 0.8108378824088843, 0.8168548661758009, 0.8124218989687355, 0.8168434703732121, 0.8052083559299889, 0.8022625409607693, 0.8517203241964095, 0.8150885167745281, 0.8127523772438123, 0.8108036950011178, 0.8159659935738701, 0.8121313060027197, 0.8108150908037066, 0.8180742170528087, 0.8066556228587738, 0.8067866745885456, 0.8529453729747117, 0.8529054876656508, 0.8178690926062092, 0.8138520721936371, 0.8142395294816582, 0.820643970536596, 0.8150942146758225, 0.8132025114460723, 0.8140685924428254, 0.8077382241047152, 0.8264159445478522]","[-0.0018798654326536157, 0.04307106110737147, 0.03299698839054388, 0.016398635463317768, 0.031669377388942044, 0.034375880503795586, -0.013156928235716792, 0.02322490444232106, -0.02839348275357445, -0.03557871951412672, -0.010820055791889938, 0.04211381368990741, 0.022603833201228274, 0.04757240312997002, 0.009162117591115626, 0.043145133824199045, -0.012421898968735468, -0.0068434703732120905, -0.025208355929988824, -0.05226254096076932, -0.01172032419640956, 0.0549114832254719, 0.007247622756187622, 0.04919630499888217, 0.02403400642612985, 0.007868693997280296, 0.019184909196293343, -0.02807421705280866, -0.026655622858773764, -0.11678667458854564, -0.012945372974711766, 0.01709451233434922, 0.032130907393790764, -0.003852072193637035, 0.03576047051834175, 0.029356029463403988, 0.004905785324177403, 0.026797488553927717, -0.03406859244282534, -0.02773822410471516, -0.20641594454785217]","[0.8603412488548801, -5.6979012944286045e-06]","[0.01838833483866225, 2.2090310336523333e-06]","[7.054636669400034e-36, 0.013783196534984797]",Trust MPS,0.0067347646681501505,0.9345945385268122,0.006407292040536317,0.9366103648967109
Hounslow,False,41,"[0.9194646840817087, -1.417275989990925e-05]","[8.570942943865929e-28, 0.0017267867072722546]",0.2250510675097156,0.20518058206124679,0.6274547229495324,0.2142445200017427,-0.28679487714758417,-0.6553488707267294,"[0.00028549666629146763, 0.03332977229901801, 0.007770098805794073, 0.022627163146963367, 0.014885808645736196, 0.0007134998420259279, 0.0024137637744206506, 0.010991201932349606, 0.0074772362164869845, 0.038289264344153404, 0.007371351841981585, 0.019683408629036055, 0.013771074686488357, 0.027958446536368822, 0.006642688776772637, 0.0003202659530532227, 0.0013133863457565284, 0.01408593035463972, 0.002792629539212618, 0.04958865064464618, 0.007336945283697169, 0.01568178594926337, 0.03729773230050519, 0.018740861528951536, 0.0022917405787331287, 0.0004132164651052351, 0.012715190556170484, 0.01547450972112639, 0.015811929368996554, 0.05376000187562426, 0.030126599618406507, 0.00036675838119167264, 0.007963089320798828, 0.01903588812321022, 0.020494813599860162, 8.324265444387179e-05, 0.0005741750777614422, 0.008677982576865008, 0.01127202434172174, 0.017567652567362868, 0.14347412331338624]","[0.18474981073577648, 0.026447008735162907, 0.027071834563824476, 0.031055220005876627, 0.024413948333401284, 0.02666161292769199, 0.027690456990138907, 0.03225812550254466, 0.02948267557487088, 0.03735702247689324, 0.17903391411378533, 0.026038368980340877, 0.025581473320298035, 0.030247888332187466, 0.029900030521569414, 0.025514862369413974, 0.025700121930343076, 0.054375567180670326, 0.03842926829742671, 0.04066582931780049, 0.17919892995791548, 0.026668282297640046, 0.031055220005876627, 0.03269824370580032, 0.02444793618667853, 0.025473052985255307, 0.025959849385621445, 0.03926992965111855, 0.034777051561813474, 0.02948267557487088, 0.18688478128040875, 0.18324143748363622, 0.024657088033646083, 0.02876175227492149, 0.02642171961943031, 0.02618176061307548, 0.024675675228469755, 0.02602138202890816, 0.03061742353269388, 0.02580855919665482, 0.045022209185547855]","[0.8972701420784508, 0.8069046249566294, 0.8056007310458377, 0.7995489625685765, 0.8151106529386769, 0.8064369238799324, 0.8044527374939451, 0.7981175138186857, 0.8016323582738631, 0.7930153202547183, 0.8958103478087601, 0.8078683726298233, 0.8091014027411153, 0.8005835740412699, 0.8010512751179669, 0.809299821379714, 0.8087612565035175, 0.7809968198595953, 0.7920799181013243, 0.7902374593143361, 0.8958528660884598, 0.8064227511200325, 0.7995489625685765, 0.7976214672221889, 0.8145579153025804, 0.8094273762188132, 0.808066791268422, 0.7913712801063288, 0.7954388621976028, 0.8016323582738631, 0.8978087069546473, 0.8968874775611533, 0.8127863203150918, 0.8026953152663564, 0.806961315996229, 0.8246772658711156, 0.8126729382358925, 0.807910890909523, 0.800101700204673, 0.8084636285456195, 0.8452135949660842]","[0.002729857921549228, 0.09309537504337062, 0.04439926895416224, 0.07045103743142345, 0.0648893470613231, 0.013563076120067574, -0.024452737493945054, -0.048117513818685675, -0.041632358273863135, -0.08301532025471836, 0.01418965219123991, 0.07213162737017675, 0.06089859725888469, 0.07941642595873011, 0.03894872488203305, -0.009299821379713968, -0.018761256503517454, -0.04099681985959536, -0.02207991810132426, -0.09023745931433613, 0.01414713391154021, 0.06357724887996752, 0.09045103743142346, 0.062378532777811135, 0.025442084697419598, 0.01057262378118673, -0.05806679126842196, -0.051371280106328854, -0.055438862197602856, -0.1116323582738632, -0.027808706954647322, 0.003112522438846743, 0.047213679684908194, 0.0673046847336436, 0.073038684003771, -0.00467726587111561, -0.01267293823589244, -0.04791089090952294, -0.05010170020467297, -0.06846362854561949, -0.14521359496608421]","[0.9194646840817087, -1.417275989990925e-05]","[0.019175800584220467, 2.7385774933837236e-06]","[2.753762878933036e-36, 7.1944572369005584e-06]",Trust MPS,1.4615530509369719,0.2266831757006478,1.4416491639131694,0.2371147488426579
Islington,False,41,"[0.8170146719228113, -1.0477489504399219e-05]","[8.320991614678993e-18, 0.10875326638503832]",0.06461877954350326,0.040634645685644455,0.4877343615476819,0.00232687052956529,0.2395174250135344,-1.3766641661139936,"[0.05294551303881684, 0.09650989804164076, 0.033256138333066516, 0.013947805811822672, 0.0010148202291253843, 0.001742099730845174, 0.01297786386259984, 0.02222322763226729, 0.012786877307902445, 0.008101218349487169, 0.02678977872741833, 0.1257844333083468, 0.030202498918548, 0.014844204256031278, 0.001921313109329105, 0.006353326946844653, 0.018283705550150284, 0.015252965574648619, 0.007845461723788211, 0.005645945556385331, 0.038866934039510075, 0.07093688323285056, 0.02937356578967221, 0.006180759140529575, 0.0013200093048476322, 0.008135206034874876, 0.018250441928196928, 0.018253170118357805, 0.007789424096857895, 0.009963550757855521, 0.09685497214594234, 0.026817338592480276, 0.02678141929242922, 0.018072876933330553, 0.002589224824847503, 0.00016124816938942128, 0.022219976832968984, 0.015333327649441075, 0.01551130159772216, 0.007726407234524071, 0.03820351541910964]","[0.15539867539834462, 0.07017665756464274, 0.030844121919081598, 0.030875069390713432, 0.03203273303383453, 0.02519089837851278, 0.024469419592320477, 0.02826556735305351, 0.02983595091194892, 0.03867477065502963, 0.15871536478055945, 0.07114222355416878, 0.03187115587190801, 0.041972974522981606, 0.026852288248190893, 0.02447405027377354, 0.025070630650404796, 0.026532486374019226, 0.03335844313196476, 0.03306931240107189, 0.15716864806807243, 0.047698914947885376, 0.03129477554923707, 0.04320117200629827, 0.02690659985880122, 0.024636595136589376, 0.025864549791977654, 0.02527087091320366, 0.032105923537945516, 0.02785395977173842, 0.18462959209147148, 0.15632875952343162, 0.026890619554438274, 0.028467740911316937, 0.0296390084349648, 0.03916151667981853, 0.02439610611958484, 0.024946413783914136, 0.024620754049560024, 0.030488537479054233, 0.04960614778417133]","[0.7906009208822209, 0.6965025876432115, 0.7183376757703794, 0.7183062433018663, 0.7457467883138879, 0.7360865429908318, 0.7300095990782802, 0.72129232781062, 0.7194063796998282, 0.7119359296831915, 0.7913448226370332, 0.6961358755105576, 0.7173318367779571, 0.7097985218242941, 0.7233563932429867, 0.7299676891202626, 0.7272016318911012, 0.7239012226972155, 0.715990718121394, 0.7162421778694996, 0.790999065483388, 0.7065190676094172, 0.7178871437216903, 0.7090546200694817, 0.7396593669118319, 0.7288989851908139, 0.7251899539062565, 0.7266148924788548, 0.7171118094983647, 0.7218476347543532, 0.7968664596058516, 0.7908104706723088, 0.7232935283059603, 0.72103039057301, 0.7196264069794206, 0.7513208127302282, 0.7310678255182245, 0.7276102539817728, 0.7289828051068491, 0.7187043879030335, 0.7574082341322841]","[0.0693990791177791, 0.1534974123567885, 0.14166232422962055, 0.09169375669813373, 0.024253211686112164, -0.036086542990831805, -0.10000959907828022, -0.12129232781062005, -0.08940637969982823, -0.061935929683191504, 0.04865517736296676, 0.17386412448944244, 0.1326681632220429, 0.08020147817570589, 0.03664360675701328, -0.06996768912026252, -0.11720163189110122, -0.10390122269721547, -0.06599071812139401, -0.05624217786949959, 0.059000934516611925, 0.1634809323905828, 0.1321128562783097, 0.050945379930518286, 0.030340633088168145, -0.07889898519081384, -0.11518995390625653, -0.11661489247885481, -0.0671118094983647, -0.0818476347543532, 0.08313354039414844, 0.04918952932769116, 0.1367064716940397, 0.10896960942698997, 0.04037359302057941, 0.008679187269771793, -0.1310678255182245, -0.10761025398177282, -0.1089828051068491, -0.06870438790303346, -0.11740823413228407]","[0.8170146719228113, -1.0477489504399219e-05]","[0.04763893101564048, 6.160877182021143e-06]","[9.207078624078648e-20, 0.09697112946741725]",Trust MPS,7.572428401629166,0.005926787815334069,8.834764044838087,0.005043561969240285
Kensington and Chelsea,False,41,"[0.8936606924824025, -9.79365016113355e-06]","[2.2348267268725642e-26, 0.0909678455656176]",0.07151383463401362,0.047706497060526876,0.7633398877083932,0.011420387057731017,-0.07014447221780586,-0.9531707419042355,"[0.03010663393332322, 0.022164344830692993, 0.02099453668170976, 0.025909971409004272, 0.0012760584895401448, 0.006284211487683223, 0.007812526211119705, 0.00742886700992118, 0.0025388429184483355, 0.02517895924295422, 0.030412417492314707, 0.042654538388997125, 0.030933120318982724, 0.06270673744553781, 0.0005553330647739274, 0.0031557966625535066, 0.010691734325080788, 0.007803741903260624, 0.004526557818323541, 0.030563188788587374, 0.03025095949427678, 0.026202427208818824, 0.027252696739817214, 0.06275750252748488, 0.01016105771099149, 2.0600851040156447e-05, 0.01860321696183426, 0.0022537162390352766, 0.007569263940881558, 0.028689299876035128, 0.03001933744999222, 0.04925196492688888, 0.018996966885723356, 0.02024656606869457, 0.006367629595321563, 0.007163979156098114, 0.00824202717986406, 0.008215222193995916, 0.0026909826012155346, 0.014406146935759666, 0.16170521175144864]","[0.1712213357396436, 0.027062875663095887, 0.02627686075920969, 0.03427936499391521, 0.03829489219341859, 0.024599924110623582, 0.024953489531289452, 0.02914256878043814, 0.030610366928002217, 0.03108266653729798, 0.14626347539145285, 0.04117442740852322, 0.038416254598755376, 0.07001810654274031, 0.0247965793135025, 0.024953489531289452, 0.028158953328461446, 0.04331788122019402, 0.03847276425978304, 0.04329602775144625, 0.1654345927567684, 0.02635354024779005, 0.03064801771406174, 0.05342252317038418, 0.025489163599587947, 0.026068981640890134, 0.026095123106848184, 0.037273823768213636, 0.035366344654501544, 0.02610169003102673, 0.17409684850394594, 0.16240770314605693, 0.02505990529145896, 0.029442912851273928, 0.026563016646994685, 0.03784886289781611, 0.024433443446361554, 0.024445694757005254, 0.02819807131615126, 0.026917064361513, 0.051940371508266754]","[0.8850422803406051, 0.83143183935856, 0.8324503789753178, 0.8255458556117187, 0.8523412824525801, 0.8395899499427842, 0.834879204215279, 0.829306617273594, 0.8280824110034523, 0.8277200459474904, 0.8808408044214787, 0.821834062200649, 0.8232051732232077, 0.8114723803301698, 0.83531991847253, 0.834879204215279, 0.8302370140389017, 0.8208449035343746, 0.8231757922727244, 0.8208546971845357, 0.8841020899251362, 0.8323426488235454, 0.8280530300529689, 0.8168001260178265, 0.8418914577306505, 0.832753982130313, 0.8327148075296684, 0.8238123795331981, 0.8248896810509228, 0.8327050138795073, 0.8855025818981783, 0.8836026137669184, 0.8346147756609283, 0.8290421887192434, 0.8320586329688725, 0.8521062348487128, 0.8369946326500838, 0.8368869024983113, 0.8301978394382571, 0.8316081250614604, 0.8582664408000659]","[0.03495771965939498, 0.08856816064144002, 0.08754962102468222, 0.08445414438828136, 0.017658717547419878, -0.049589949942784206, -0.05487920421527892, -0.04930661727359398, -0.028082411003452212, -0.08772004594749039, 0.03915919557852132, 0.09816593779935101, 0.08679482677679229, 0.08852761966983025, 0.014680081527470024, -0.0348792042152789, -0.06023701403890169, -0.04084490353437453, -0.03317579227272438, -0.08085469718453575, 0.03589791007486387, 0.09765735117645469, 0.09194696994703111, 0.10319987398217356, -0.06189145773065052, -0.002753982130313082, -0.08271480752966842, -0.023812379533198036, -0.044889681050922725, -0.10270501387950737, 0.03449741810182172, 0.04639738623308165, 0.0853852243390717, 0.08095781128075663, 0.0479413670311275, -0.04210623484871279, -0.056994632650083754, -0.0568869024983113, -0.030197839438257046, -0.07160812506146041, -0.16826644080006592]","[0.8936606924824025, -9.79365016113355e-06]","[0.02926073256772105, 5.028565089223056e-06]","[7.591751493097834e-29, 0.058687271201272255]",Trust MPS,0.9813868328534934,0.3218566591587335,0.9564071178935194,0.3341214638345046
Kingston upon Thames,False,41,"[0.9026116397123574, -2.2138999738625757e-05]","[1.9229981650054732e-28, 0.017072475776919283]",0.1373340882972628,0.11521444953565418,0.6692761413818868,0.052206705887541935,-0.37397477199053014,-0.990566115255,"[0.005197268188737144, 0.030770350715548248, 0.01251280300140248, 0.004917800199449937, 0.011977329154808578, 0.002880872649596744, 0.011411292498669984, 0.016378753218100957, 0.035158871506849175, 0.00061949007863784, 0.005645190199116396, 0.026777316665536573, 0.026925076974510315, 0.00919280639357787, 0.0149804380778226, 0.0067483359949074, 0.008166463548019141, 0.04767637200776431, 0.022085884145825754, 0.0016445233940177758, 0.016005803389630664, 0.018856373538124287, 0.036754721319341044, 0.008203417259426945, 0.0028112966787019926, 0.0017639599662119846, 0.016268777167457976, 0.04449106301567418, 0.012167229629242332, 0.006954756780486188, 1.4719811816043193e-06, 0.016523979846443704, 0.011646452935937756, 0.012580019987936984, 0.027315858528763757, 0.0012594537840401908, 0.0047476415011968864, 0.0074909853308209725, 0.051296221334841664, 0.0021658590299921876, 0.07659136354325688]","[0.1751643637628594, 0.024607056720525326, 0.0265107537287423, 0.040514906942671555, 0.024618286731699888, 0.02691486099917656, 0.02741982743422532, 0.03368472396433102, 0.02519472813078187, 0.027741418202098717, 0.17157773970167667, 0.025383178314398607, 0.03888358852182732, 0.040782454274810025, 0.03400532853812166, 0.028984542141919527, 0.02520325268285608, 0.03354079167738103, 0.030423366435522126, 0.031019479667127058, 0.18473965248734003, 0.02750288415198929, 0.039651322535026796, 0.03884752395210661, 0.02450270478520107, 0.02954949821513663, 0.026496972762207006, 0.029169221776826532, 0.025033671679356044, 0.03205789108290652, 0.18642451686379302, 0.18163398048740514, 0.025819516598999687, 0.03792561438275093, 0.03339798255591416, 0.03249742956730617, 0.02592332831912084, 0.027386919233455008, 0.025741290040698805, 0.02708325418669248, 0.046440175763015935]","[0.8880884558838189, 0.8285566855866542, 0.8239296346412814, 0.8119745747824235, 0.8329623465346407, 0.8233097426485999, 0.8226012946569639, 0.8164909307291032, 0.8265420366104392, 0.8221806536619299, 0.8874021468919214, 0.8260771176159281, 0.812948690770923, 0.8118196017842532, 0.8162474017319783, 0.8207194796791807, 0.8265198976107007, 0.8166016257277963, 0.8192583056964314, 0.8187048307029657, 0.8898817148626476, 0.8224905996582708, 0.812483771776412, 0.8129708297706617, 0.832298176542482, 0.8201217266862377, 0.82395177364102, 0.8205202286815331, 0.8269848166052118, 0.8177971317136821, 0.8901916608589883, 0.8893061008694433, 0.8251472796269058, 0.813546443763866, 0.8167123207264895, 0.8440318464039536, 0.8249480286292582, 0.8226455726564411, 0.8253022526250762, 0.823066213651475, 0.8526660563020176]","[0.011911544116181116, 0.09144331441334586, 0.056070365358718566, 0.02802542521757645, 0.05703765346535927, 0.02669025735140007, -0.05260129465696384, -0.05649093072910316, -0.09654203661043925, -0.012180653661929886, 0.012597853108078594, 0.08392288238407197, 0.06705130922907698, 0.038180398215746814, 0.0537525982680217, 0.0392805203208193, -0.04651989761070063, -0.09660162572779629, -0.06925830569643143, -0.01870483070296569, 0.020118285137352476, 0.06750940034172925, 0.07751622822358806, 0.03702917022933827, 0.027701823457518038, 0.01987827331376224, -0.06395177364102, -0.1005202286815331, -0.05698481660521182, -0.03779713171368204, -0.0001916608589882518, 0.020693899130556748, 0.05485272037309419, 0.04645355623613401, 0.07328767927351054, 0.01596815359604642, -0.034948028629258165, -0.04264557265644109, -0.11530225262507621, -0.023066213651474987, -0.10266605630201764]","[0.9026116397123574, -2.2138999738625757e-05]","[0.015302048893542187, 5.174580861077253e-06]","[9.505748472625123e-40, 0.00011808023512679143]",Trust MPS,2.7384761861645495,0.09795813719169694,2.7913308361701517,0.10278284161730616
Lambeth,False,41,"[0.8845480001402418, -1.4804086579915748e-05]","[3.6333901594370575e-19, 0.007660208487587175]",0.1686090247099351,0.14729130739480534,0.6458999249247209,0.34160538252821726,-0.00821889563742517,-0.8435939329303555,"[0.01967247047831454, 0.03686586688393575, 0.03138123111494351, 0.022226244265343875, 3.739289033947171e-05, 5.325253318449714e-06, 0.030094062017212965, 0.02227711672607993, 0.008758950750917125, 2.1666069660875005e-05, 0.01277813505677899, 0.052717354119614104, 0.02403030166119518, 0.025050196623854822, 0.0018372591739928624, 0.0011943400205597842, 0.05494436945149626, 0.012205549977809779, 0.0007286337445083168, 3.419172425724082e-05, 0.010492006432291458, 0.04603613783637633, 0.015680703220517938, 0.011488947144763959, 0.00030026339330041605, 0.004946631296638018, 0.038654280672922335, 0.012535423738169071, 0.0008979550912414312, 0.005628938341751923, 0.0004401465486507816, 0.01844671832973475, 0.024308040429188632, 0.015791104296742575, 0.0004340295196499485, 1.654097191503937e-05, 0.02452494309056803, 0.023109370798270794, 0.009813573888125114, 0.002024549794149678, 0.050747233340619896]","[0.17553552310716813, 0.028454533851329226, 0.030135728434408156, 0.03218066882059446, 0.027032263867483114, 0.025229283078518436, 0.025262846563933197, 0.031321931843198786, 0.042486549481895695, 0.03832424503069278, 0.1656069696706092, 0.035014627047810026, 0.030727374313626477, 0.03751152560881398, 0.031365420188139564, 0.031012830282712265, 0.028863301937796085, 0.03276191359828062, 0.047842377630633155, 0.04072176955088215, 0.1780601375067563, 0.028192901260045658, 0.027334397793147478, 0.03143528440617023, 0.024713198343749576, 0.025348020247618286, 0.025093289815344054, 0.028656470014631424, 0.03400758118498108, 0.028905255813612505, 0.1894677061672161, 0.1814725968296505, 0.025055103949828267, 0.027414164979095032, 0.02528143134600617, 0.030929659880278237, 0.02439490894124478, 0.024830692401141254, 0.02959562263397271, 0.026021396923785908, 0.04639849565319913]","[0.850602229612495, 0.722147170358566, 0.7187274263586055, 0.7151892496660057, 0.75483459352702, 0.7320214961073699, 0.7318586511549908, 0.7166104419776775, 0.7020580248696204, 0.7067361162288738, 0.846916012054096, 0.7109848890773096, 0.7176467280382717, 0.7077279900297281, 0.716536421544778, 0.7171433890945546, 0.7212589251637711, 0.7142713962980509, 0.6967729659605905, 0.7039677520384295, 0.8515200829804498, 0.7227393338217627, 0.7248415141161108, 0.7164179888521387, 0.745345174029294, 0.7314589408173331, 0.732717288176626, 0.7217030477611686, 0.7124060813889814, 0.7211701006442917, 0.8555764027033467, 0.8527488221665828, 0.7329245453887447, 0.7246342569039919, 0.7317698266355113, 0.7631989024446724, 0.7396307966094465, 0.734286521354097, 0.7197637124191996, 0.7287794011463683, 0.7823553904790834]","[0.03939777038750503, 0.157852829641434, 0.14127257364139445, 0.11481075033399424, 0.0051654064729800275, -0.0020214961073699023, -0.15185865115499086, -0.11661044197767756, -0.06205802486962042, 0.003263883771126186, 0.03308398794590406, 0.1690151109226904, 0.1223532719617283, 0.11227200997027187, 0.033463578455221965, -0.027143389094554604, -0.19125892516377108, -0.08427139629805092, -0.016772965960590414, -0.003967752038429584, 0.028479917019550216, 0.17726066617823732, 0.10515848588388921, 0.08358201114786135, -0.015345174029294029, -0.06145894081733305, -0.1727172881766259, -0.09170304776116855, -0.02240608138898148, -0.061170100644291625, -0.0055764027033466945, 0.03725117783341725, 0.13707545461125525, 0.1053657430960081, 0.018230173364488733, -0.003198902444672358, -0.13963079660944655, -0.13428652135409702, -0.07976371241919955, -0.03877940114636835, -0.1423553904790834]","[0.8845480001402418, -1.4804086579915748e-05]","[0.026146515564580933, 3.028076822440543e-06]","[1.6200584602704863e-30, 1.7769956105564704e-05]",Trust MPS,2.817254692977529,0.09325578018637223,2.877554564048489,0.09779170673688671
Lewisham,False,41,"[0.9162160916852828, -2.448028633549481e-05]","[3.1069654065501385e-22, 5.18048999390868e-05]",0.34639141016808317,0.3296322155570084,0.6668200930667065,0.003607251777155054,0.3398777589174842,-0.8622767605545083,"[0.002638011179720405, 0.03289392086697838, 0.02280609751829485, 0.035928540040474286, 0.0011784693181471852, 0.0008378650812522197, 0.006657763209484382, 0.019202379391574723, 0.005124545835558283, 0.0017165910670554872, 0.003280103573341478, 0.03388020454164247, 0.019017907316597485, 0.048467771516158734, 0.00038881049702987506, 0.0011651715275215375, 0.0038642440441197124, 0.030773620544690697, 0.007180511139027868, 0.004277935849843007, 3.481477823454802e-05, 0.03303634415248443, 0.02324541027880925, 0.03180769915412008, 0.0052782588837849585, 0.000557799770410807, 0.008045448946199133, 0.037839769289384366, 0.009047447945791336, 0.007450794035974449, 0.02427986875437874, 0.0018663822392570035, 0.01933296817310813, 0.03111176591551682, 0.0022411547682955283, 0.005492910848649513, 0.0022298937598208336, 0.014602084046605093, 0.021648249202509347, 0.007683796076030643, 0.1039018841274832]","[0.18384486270481576, 0.024471211895996287, 0.02439776232447026, 0.03140497579901724, 0.025622849230431316, 0.02657367745217151, 0.027531594971049733, 0.04286195480916643, 0.03963311345398482, 0.03755001324930192, 0.17312086344146585, 0.02457160318227685, 0.025051973638266084, 0.038993662927585326, 0.03557934371087801, 0.02568181176560304, 0.029108275727613615, 0.04105185715511027, 0.04248216410422745, 0.0340549717686246, 0.1775854745537305, 0.024721385756784054, 0.026450187402856176, 0.032050084045754684, 0.026224912362336397, 0.027705688705635896, 0.02560943811320519, 0.029538624293847265, 0.03553886344649509, 0.031512319208711066, 0.1899177558213861, 0.1802959319299558, 0.02495134060814594, 0.02603331526046978, 0.02553482743567987, 0.024665847793471543, 0.02579428467739321, 0.02924074230619628, 0.032184764787177376, 0.025997286979264334, 0.04485838119944689]","[0.8716619705546823, 0.7150860591528575, 0.7174851272137359, 0.6864196438539931, 0.70507362204164, 0.70061820992858, 0.6970440881235977, 0.6664192499178938, 0.6711929057533152, 0.6745467049812781, 0.8664231892788864, 0.7133724391093729, 0.7086722241329578, 0.6721965974930706, 0.6779739450682474, 0.7047553783192787, 0.6921969914291698, 0.6690386405557918, 0.6669578162172747, 0.6808381385695003, 0.8686264150490809, 0.7255146611317782, 0.7011322959416254, 0.6849753069601989, 0.7021115073950452, 0.6964565612515459, 0.7051470629006465, 0.6910219376850661, 0.6780473859272538, 0.6861748409906381, 0.8745506443422707, 0.8699483505111977, 0.7276199657566308, 0.7029927977031231, 0.70556322776835, 0.7249026539733909, 0.7041678514472268, 0.6918297871341375, 0.6846815435241729, 0.7031641597074715, 0.7733981012040061]","[-0.011661970554682322, 0.13491394084714248, 0.11251487278626404, 0.12358035614600693, 0.024926377958359947, -0.02061820992857999, -0.057044088123597736, -0.07641924991789384, -0.041192905753315245, -0.02454670498127809, 0.013576810721113608, 0.1366275608906271, 0.10132777586704222, 0.12780340250692945, 0.012026054931752572, -0.024755378319278654, -0.04219699142916977, -0.09903864055579181, -0.046957816217274684, -0.04083813856950025, 0.0013735849509191045, 0.13448533886822178, 0.10886770405837465, 0.11502469303980112, -0.05211150739504522, -0.01645656125154582, -0.06514706290064654, -0.1310219376850661, -0.05804738592725378, -0.056174840990638075, -0.03455064434227073, -0.00994835051119769, 0.10238003424336917, 0.1270072022968769, 0.03443677223164998, -0.05490265397339089, -0.03416785144722678, -0.08182978713413747, -0.0946815435241729, -0.06316415970747147, -0.17339810120400612]","[0.9162160916852828, -2.448028633549481e-05]","[0.024571235270397195, 3.0865079504920633e-06]","[4.069639948926245e-32, 1.1690167672415634e-09]",Trust MPS,1.095424089056817,0.2952725231864134,1.0705924946692673,0.30718520591504817
Merton,False,41,"[0.8790114271752993, -1.3533464630871711e-05]","[1.9981625547208428e-29, 0.05330151225755191]",0.09242594060813591,0.06915481088013953,0.7003103163450092,0.020075790766586988,0.09490468151082715,-1.2448801532083478,"[0.0003402034640769341, 0.0267235502134905, 0.022096391589492784, 0.018841359950937428, 0.0028780150024177394, 0.005115319604629871, 0.027561444277356108, 0.01372908123866955, 0.019441875221020814, 0.0009225527989451512, 0.0005060343647942792, 0.02431274880361683, 0.027039874360290036, 0.04868926068747971, 0.0017307060931386563, 0.008606686444381622, 0.02092273509931465, 0.03202093193040875, 0.008735273082319263, 0.006251944035767472, 0.006972119433647603, 0.03101041871747135, 0.018867347804164856, 0.023086017637621577, 0.0022899464432948537, 0.013888066354288577, 0.01348391452080815, 0.04647476572155181, 0.0005096063825751658, 1.9954976998288738e-05, 0.002400718154525077, 0.0001310211681289203, 0.02822255426056588, 0.028204195935580482, 0.005425776822191967, 0.0015241120479161643, 0.03371640111645601, 0.013684667851336102, 0.02643806113490477, 2.918648256236397e-05, 0.013461714634315688]","[0.18179927136689467, 0.027986614333597372, 0.0253736847393736, 0.027375544415913833, 0.024451423316662786, 0.026027498734904904, 0.030686101644479147, 0.030915157219781636, 0.027878260342207587, 0.030978337212911024, 0.17698669210177517, 0.026571616116241602, 0.028176219897325303, 0.04090337456828665, 0.036699560694395734, 0.028503052648668575, 0.03418792301935246, 0.04076995539717946, 0.04113816031747684, 0.030810533698636625, 0.19111715241600688, 0.026167169042296864, 0.03330758112672079, 0.030644894880054906, 0.026770306142228587, 0.024874095412422546, 0.027193662542514672, 0.030978337212911024, 0.028240504099747613, 0.025944388939606492, 0.17902546586208534, 0.18984518250673552, 0.025008144853159758, 0.028878195072177662, 0.029036380787392208, 0.0246887367440551, 0.025964963448209904, 0.025333325621604938, 0.02778670460388264, 0.025633596715339605, 0.05534223018478258]","[0.8673861810573805, 0.8198566532737591, 0.8228340154925509, 0.8204115253236248, 0.8252835725907387, 0.8218866729683898, 0.8178401670437592, 0.8176912989328197, 0.8199513875261752, 0.817650698538927, 0.8667501082197295, 0.821237066666108, 0.8196942516981887, 0.8127245174132897, 0.8145515351384573, 0.8194235824055712, 0.8157966138844975, 0.8127786512718131, 0.8126297831608736, 0.817758966255974, 0.8685906594095282, 0.8217107379281885, 0.8162702851465781, 0.817867233973021, 0.821020531232014, 0.8238084249459736, 0.8205874603638261, 0.817650698538927, 0.8196401178396652, 0.8219949406854368, 0.867020777512347, 0.8684282578339577, 0.8235106887240945, 0.819125846183692, 0.8190040450020142, 0.8278955312644969, 0.8219678737561751, 0.8229016828157052, 0.8200325883139604, 0.8224280115536247, 0.8444063581141604]","[0.0026138189426194725, 0.0701433467262409, 0.06716598450744915, 0.05958847467637518, 0.024716427409261277, -0.03188667296838976, -0.06784016704375917, -0.04769129893281965, -0.05995138752617524, 0.012349301461072937, 0.003249891780270464, 0.06876293333389205, 0.07030574830181135, 0.07727548258671035, 0.01544846486154261, -0.0394235824055712, -0.055796613884497526, -0.06277865127181315, -0.032629783160873616, 0.03224103374402598, 0.011409340590471828, 0.07828926207181153, 0.05372971485342193, 0.062132766026979036, -0.021020531232013973, -0.0538084249459736, -0.05058746036382611, -0.08765069853892704, -0.009640117839665119, -0.001994940685436819, -0.007020777512346976, 0.0015717421660422781, 0.07648931127590552, 0.07087415381630802, 0.030995954997985797, -0.017895531264496833, -0.08196787375617509, -0.052901682815705175, -0.07003258831396042, -0.0024280115536247093, -0.034406358114160374]","[0.8790114271752993, -1.3533464630871711e-05]","[0.008195754676448487, 3.3358588805588914e-06]","[8.233827092081913e-50, 0.0002308789057261904]",Trust MPS,8.26671930247004,0.004037840429582451,9.849365719723288,0.0032308997075852827
Newham,False,41,"[0.8820279553574987, -8.389141330960844e-06]","[2.0628433284256628e-27, 0.007428565567665867]",0.1697966807969934,0.1485094162020446,1.0550927598445659,0.15532990247264333,-0.09726292748567776,-0.6182392896198996,"[0.0009390650466554243, 0.03383215866269543, 0.023682831377936243, 0.03146712793619824, 0.0008695736981124583, 0.0006769898033755597, 0.04802161992805591, 0.02517660578952472, 0.001066604044965689, 0.004288307280713883, 0.012064439235192806, 0.03302904874250463, 0.011472313373684243, 0.029131065754061734, 0.0012642489319795145, 0.0001430765124895956, 0.05656606471260143, 0.019018279223307528, 0.00023405677395086668, 0.00164478460430404, 0.0024399766187598736, 0.038652408329700655, 0.0198634281025286, 0.010251806291186341, 4.0720270547443596e-05, 0.0013955201004166404, 0.03187213354029784, 0.02717170251966835, 0.0013674449466087575, 0.00011798999167349979, 0.008325616953113532, 0.0020614768063710555, 0.029090579195866183, 0.014023763267193148, 2.4327497779707235e-06, 0.0009476053535798156, 0.031795715076040204, 0.007193999668062557, 0.013304349143529844, 0.0006212085493586337, 0.022990126990049726]","[0.1896688372718357, 0.024617287264104063, 0.02858461151807829, 0.02904524886678654, 0.02662070041171901, 0.02439684194898511, 0.024739268916523664, 0.030244063794633683, 0.0389186577611497, 0.03888237711395818, 0.17631758688499813, 0.02652846387613922, 0.02752954795848854, 0.027917743366954205, 0.02755208880532553, 0.024720764722593897, 0.02496639726453663, 0.03413149132987819, 0.04291215757044041, 0.03924722465230237, 0.1758874378201052, 0.028762003422398475, 0.030159874198788912, 0.030931411075809954, 0.02483510426829766, 0.026830936092536072, 0.02566468530094939, 0.04119151072978868, 0.04242354064886412, 0.042707773438394624, 0.18751269777940008, 0.17946428812009182, 0.025141916931379463, 0.025995571669579498, 0.026463964210286003, 0.026559487163967326, 0.02595559848062001, 0.02465996878411809, 0.03221495097227098, 0.033307444715531806, 0.03578847287739091]","[0.8647714916397122, 0.7943110936009721, 0.7860058436833208, 0.7854269929314845, 0.8047220179926945, 0.7963999897923814, 0.793707075425143, 0.784042784611876, 0.7766855076646233, 0.7767106750886162, 0.8619695184351713, 0.7891014368344454, 0.787465554274908, 0.7869034818057337, 0.7874319977095842, 0.7937909668384525, 0.7928178264440611, 0.7803347841435914, 0.7740848738520255, 0.7764590008486874, 0.8618772378805307, 0.7857793368673849, 0.7841350651665165, 0.7833129293160824, 0.7933043966412567, 0.7885729209305948, 0.7908631565139472, 0.7751670730837195, 0.7743868829399401, 0.7742107109719899, 0.8643268671491713, 0.8626406497416481, 0.7922473648335557, 0.7901333012181536, 0.7892188848130789, 0.804612959155392, 0.7902171926314632, 0.7940845867850361, 0.7820461689751074, 0.781047861156723, 0.8146715396112141]","[-0.004771491639712244, 0.09568890639902794, 0.07399415631667916, 0.08457300706851545, -0.014722017992694458, 0.013600010207618696, -0.11370707542514291, -0.07404278461187608, 0.013314492335376737, -0.026710675088616243, 0.01803048156482867, 0.09089856316555456, 0.052534445725091916, 0.08309651819426633, -0.017431997709584146, 0.006209033161547528, -0.12281782644406103, -0.06033478414359139, 0.005915126147974514, -0.016459000848687344, 0.008122762119469273, 0.09422066313261512, 0.06586493483348344, 0.04668707068391753, -0.0033043966412567016, -0.018572920930594816, -0.09086315651394727, -0.0651670730837195, -0.01438688293994006, -0.004210710971989884, -0.014326867149171307, 0.007359350258351882, 0.08775263516644427, 0.05986669878184636, 0.0007811151869211441, 0.015387040844607958, -0.09021719263146322, -0.04408458678503613, -0.05204616897510739, -0.01104786115672296, -0.06467153961121408]","[0.8820279553574987, -8.389141330960844e-06]","[0.010476441311457991, 1.2868489074801152e-06]","[9.967243906703525e-46, 9.863633015588469e-08]",Trust MPS,2.108167931845668,0.14651463418793684,2.1140312752019663,0.15395519909460378
Redbridge,False,41,"[0.9342522256834596, -2.0535769875040525e-05]","[2.846660731057749e-26, 0.0002437492034411295]",0.2949171293430466,0.2768380813774838,0.9079327578943119,0.6996851943170541,-0.02912109807931469,-0.7906822396386488,"[0.009850086193109118, 0.04603898348759646, 0.012985457541453114, 0.015787465633067314, 0.00431289640831123, 0.0011555226964777053, 0.010539983234862918, 0.038704809366923415, 0.009657385160159836, 0.00041490848993416775, 6.479905040521964e-05, 0.049147995136094684, 0.0032970801542359673, 0.023148354567734647, 0.008570944173271249, 0.004366672203342393, 0.008215417255698033, 0.05618677119041633, 0.00460410787484747, 0.00028499506026416136, 0.0026508381743769486, 0.023235674648339723, 0.012385229586171553, 0.024808563867558052, 0.005538469664543053, 0.006450393504052453, 0.010831660622050036, 0.06307935242535971, 9.023562437059706e-05, 0.0033591783421773056, 0.009177572024442342, 0.00042180501565867236, 0.02642037539916627, 0.003611810083652783, 0.020033373637339816, 0.0005327936486896633, 0.01166085896968121, 0.020695600458704513, 0.03852047927311445, 0.0006388911019230087, 0.051184846304499564]","[0.19054303045648044, 0.025891499080480725, 0.026208288153476752, 0.0278573590745553, 0.02472491433190762, 0.03178279973045431, 0.030090520645715317, 0.03428134146808503, 0.03322427603121067, 0.03298668326979003, 0.17279746791302167, 0.028686308422136247, 0.025579063282419705, 0.026639781845813153, 0.02832151565400097, 0.02980042440649023, 0.027172178500633092, 0.03468743998607059, 0.02904682895925818, 0.0343708795580677, 0.20114217360869915, 0.026675425454560333, 0.028434965117563153, 0.030011672563334483, 0.02556876182097178, 0.03220044734894477, 0.029232535707356698, 0.029647356628660672, 0.030113149529984878, 0.033781579546836644, 0.18902090465693305, 0.1864192325473161, 0.02584545191954452, 0.025932378700570937, 0.027572555017081002, 0.02439140424419562, 0.027291885019617036, 0.027008825524807017, 0.032724971126613225, 0.026058312344759364, 0.04623341080158263]","[0.9076789394651571, 0.7852241437002905, 0.7841562836667884, 0.7797000216039045, 0.8008724003450713, 0.77226607290914, 0.7751410806916456, 0.7685696343316326, 0.7700687455325106, 0.7704178536203863, 0.90153874427252, 0.777872338085026, 0.7863946825831678, 0.7828419943947857, 0.7786526973402775, 0.7756750107083966, 0.7813839547336578, 0.7680151685450065, 0.7771330503695245, 0.7684464197123824, 0.9111905561137891, 0.7827393155454105, 0.778406268101777, 0.7752848310807708, 0.7864357541229179, 0.7716089282731387, 0.7767634065117738, 0.7759625114866472, 0.7751000091518955, 0.769267850507384, 0.9071655452182811, 0.9062825071136543, 0.7853884298592908, 0.7850803933111652, 0.7803777020097808, 0.796149173273812, 0.7810759181855322, 0.7818152059010337, 0.7708080332480121, 0.7846491421437893, 0.8363992822288915]","[-0.017678939465157084, 0.12477585629970955, 0.06584371633321162, 0.07029997839609547, 0.039127599654928624, 0.01773392709086008, -0.05514108069164558, -0.09856963433163257, -0.05006874553251062, -0.010417853620386275, -0.0015387442725199874, 0.12212766191497404, 0.03360531741683215, 0.08715800560521425, 0.05134730265972243, -0.035675010708396626, -0.051383954733657866, -0.11801516854500649, -0.03713305036952452, -0.008446419712382358, 0.008809443886210966, 0.08726068445458945, 0.061593731898222925, 0.08471516891922914, 0.043564245877082075, -0.04160892827313867, -0.056763406511773806, -0.13596251148664718, -0.005100009151895457, -0.029267850507384008, -0.017165545218281064, 0.003717492886345708, 0.0946115701407092, 0.03491960668883476, 0.07962229799021914, 0.013850826726188092, -0.06107591818553226, -0.08181520590103375, -0.10080803324801202, -0.014649142143789318, -0.09639928222889149]","[0.9342522256834596, -2.0535769875040525e-05]","[0.01388881939197165, 2.6544163827305205e-06]","[5.94732530659182e-42, 2.1350027179595517e-09]",Trust MPS,3.783604789708927,0.05175704303899789,3.964934969248301,0.05349533459178799
Richmond upon Thames,False,41,"[0.9033601886932157, -2.493036144426805e-05]","[7.977252884061117e-23, 0.05236478941780868]",0.0931240669880502,0.06987083793646187,0.5723651802728584,0.018550383627428186,-0.355430460308241,-1.1297650717176118,"[0.019540307069953407, 0.02189190906981504, 0.030812681451838127, 0.030730078032646803, 0.001992219291172027, 0.005837357185764587, 0.01354307530741535, 0.02973464800985528, 0.026279175490359876, 0.002957978863182399, 0.033237132712417905, 0.027267234617873146, 0.028575041067132295, 0.018659466541784613, 0.009584379912664287, 0.0008537284939803189, 0.011061501636943154, 0.0695143147176241, 0.0031188252958487725, 0.003498347044792327, 0.018797048370789573, 0.02026270583722528, 0.02975294260676463, 0.009594668377953489, 0.004203136007562999, 1.0487279652817194e-05, 0.021075150629596386, 0.0456698804411066, 0.005140424419345428, 0.00872272011363517, 0.018522475629146957, 0.0021253651147739422, 0.012886007492436569, 0.021278560827578764, 0.010065671039430178, 0.0008833144030957903, 0.004203984567963508, 0.029506336958447225, 0.02951483491837358, 0.004203984567963508, 0.04099638546544646]","[0.17451119097838738, 0.042940476377498496, 0.028890587283376797, 0.03585698240684282, 0.025001989947281793, 0.025911055586972542, 0.026967002168278034, 0.02667706622432212, 0.030309562970235238, 0.03548217326907663, 0.17292009812957243, 0.04266113797942395, 0.034277788260813874, 0.03006327617272815, 0.04474484292526143, 0.02469233886546466, 0.024713132059553496, 0.034513129412092114, 0.03262762858470559, 0.02780179743428756, 0.18177600883776582, 0.03149500288079936, 0.03514406920325202, 0.03758688554345912, 0.026457573132499565, 0.024846121687605124, 0.024846121687605124, 0.026223877546500268, 0.03174506551222696, 0.024460983463164932, 0.1843533670171194, 0.18718890384024434, 0.02518073683858351, 0.028792478364991138, 0.028318152084706366, 0.02629520647224538, 0.024707868887784715, 0.025648246153730347, 0.02573308137295726, 0.024707868887784715, 0.05292912354879962]","[0.8869061501399987, 0.7981291330369602, 0.8098464029157662, 0.8030653446029253, 0.8170263470117154, 0.8146081019516214, 0.81261367303608, 0.8131122802649653, 0.8081760686990003, 0.8033645089402566, 0.886557125079779, 0.7983036455670701, 0.8043617233980273, 0.8084503026748872, 0.7970321971334124, 0.8182728650839288, 0.8181731436381517, 0.8041622805064731, 0.8058326147232391, 0.811317294240978, 0.8884767629109876, 0.8069295506267868, 0.8036387429161435, 0.8017440354463791, 0.8135111660480736, 0.8175997453249335, 0.8175997453249335, 0.8139599125540704, 0.8066802470123442, 0.8197936171320291, 0.8890252308627615, 0.889623559537424, 0.8164529486984973, 0.8099710547229876, 0.8105943137590943, 0.8286189650833, 0.818198073999596, 0.8152064306262838, 0.8150069877347297, 0.818198073999596, 0.8498596330338164]","[0.0330938498600013, 0.0818708669630398, 0.1201535970842339, 0.1069346553970747, 0.032973652988284585, 0.05539189804837863, -0.08261367303608003, -0.12311228026496535, -0.10817606869900032, -0.033364508940256554, 0.04344287492022103, 0.0916963544329299, 0.10563827660197278, 0.09154969732511287, 0.05296780286658753, 0.021727134916071145, -0.07817314363815175, -0.16416228050647308, -0.035832614723239065, -0.041317294240977964, 0.03152323708901239, 0.09307044937321318, 0.10636125708385658, 0.05825596455362092, 0.04648883395192638, 0.0024002546750664377, -0.10759974532493355, -0.15395991255407038, -0.04668024701234419, -0.06979361713202914, 0.03097476913723851, 0.01037644046257602, 0.08354705130150275, 0.10002894527701245, 0.0694056862409057, 0.02138103491669996, -0.04819807399959597, -0.1252064306262839, -0.12500698773472974, -0.04819807399959597, -0.0998596330338164]","[0.9033601886932157, -2.493036144426805e-05]","[0.023821554008603467, 8.187651405851251e-06]","[2.1456286911525727e-32, 0.004157628241506807]",Trust MPS,5.001304942427474,0.025328215297884236,5.418276758163808,0.025207597991342517
Southwark,False,41,"[0.8708884834367463, -1.1286284324310134e-05]","[3.037335639438039e-21, 0.01383022288433482]",0.1455988066516435,0.12369108374527549,0.5970361154505063,0.04081282271825963,-0.1681897503495236,-1.1336733654599898,"[0.010118626924219075, 0.011121722205764123, 0.026220882241156433, 0.016962480217458723, 0.015094017040684212, 0.0002626884524026485, 0.0014633090648078087, 0.021307036103378134, 0.016994719737006204, 0.017299559016838453, 0.00474274794227044, 0.0183695617295679, 0.028578185908791083, 0.036581668927418313, 0.013476931129753345, 2.5594472711689612e-05, 0.000740396470307483, 0.03626219125373936, 0.013435180060514428, 0.013453097067576681, 0.00041807089767171055, 0.026343889397780058, 0.017970585073583675, 0.06190745369360971, 0.0026275824597687468, 3.51071277064652e-09, 0.015276972071851734, 0.02507640131403655, 0.018035989681228968, 0.035835356020936904, 0.03166397970116759, 0.00020578440193815196, 0.014697597763684917, 0.01063876004690716, 0.027546902552714702, 6.993249008003873e-05, 0.0019212378304094154, 0.018329205576873835, 0.016919363003561026, 0.013382628641609077, 0.10854765929409191]","[0.17425131379506387, 0.025500303937997175, 0.028210917926645256, 0.043773489260773187, 0.02888049622901206, 0.024390652334384214, 0.025891602687427497, 0.03310340942114311, 0.031218649453569655, 0.03550980360998551, 0.16450311906214715, 0.028493064639649533, 0.03247353424055238, 0.05128022720191828, 0.03048223526597049, 0.024650468367804525, 0.02530103007667795, 0.03233085108047083, 0.03709655554054914, 0.03830311293160828, 0.17348093706431839, 0.028278959038634928, 0.03128467067741736, 0.051263892272761534, 0.024539404177060048, 0.024510535446454013, 0.024447447971985073, 0.029114861175541667, 0.045909941768325004, 0.03141766602472943, 0.1827375228715353, 0.16863537212341512, 0.024439459387921005, 0.03516581247715706, 0.026605493182429638, 0.029753783273701116, 0.025085120297266925, 0.024541429088745476, 0.028582893343808244, 0.0314009721240517, 0.0431589891493913]","[0.8452686180205623, 0.7500123783233847, 0.7435566236898794, 0.7260177378499014, 0.7727429549525454, 0.7574161808401322, 0.748782173332035, 0.736412405712591, 0.7388389568423177, 0.7336698386217837, 0.8423680429492146, 0.7430487408952854, 0.7371911593309685, 0.7204084545407192, 0.7398772950001542, 0.7539061464152718, 0.7507234142358163, 0.7373717398801574, 0.7320220411104345, 0.7308369812563819, 0.845042892334076, 0.743432474562312, 0.7387486665677232, 0.7204197408250436, 0.7603280421958042, 0.7600458850876964, 0.7558473873190531, 0.7419878301688003, 0.7243247952012549, 0.7385680860185343, 0.8477177417189375, 0.8436095342248887, 0.7559715364466205, 0.734042286004486, 0.7468973638498752, 0.7741537404930842, 0.7635333469439083, 0.7547751903082436, 0.7428907329147451, 0.7385906585871829, 0.7886001844282011]","[0.024731381979437694, 0.07998762167661522, 0.11644337631012058, 0.07398226215009862, 0.08725704504745457, 0.012583819159867837, -0.028782173332035033, -0.09641240571259102, -0.08883895684231768, -0.08366983862178368, 0.017631957050785352, 0.09695125910471458, 0.11280884066903152, 0.09959154545928073, 0.08012270499984575, -0.0039061464152717607, -0.020723414235816362, -0.12737173988015738, -0.07202204111043442, -0.07083698125638183, -0.005042892334076066, 0.116567525437688, 0.09125133343227676, 0.1295802591749564, 0.039671957804195856, -4.588508769642896e-05, -0.09584738731905307, -0.11198783016880032, -0.0743247952012549, -0.1285680860185343, 0.04228225828106247, -0.003609534224888744, 0.09402846355337946, 0.06595771399551409, 0.12310263615012484, 0.005846259506915863, -0.033533346943908304, -0.10477519030824356, -0.09289073291474503, -0.07859065858718284, -0.18860018442820115]","[0.8708884834367463, -1.1286284324310134e-05]","[0.027565384820558772, 3.0239859497999747e-06]","[2.1299105828707864e-29, 0.0006042295955133028]",Trust MPS,4.164785990939295,0.041272626713512284,4.40954825474012,0.04225751991720643
Sutton,False,41,"[0.8831108889875188, -1.3904714418683037e-05]","[1.3309345824926697e-29, 0.055820313929790755]",0.09060880503254698,0.06729108208466361,0.8228104334610633,0.14341337484245686,-0.025960513199562992,-1.150334915536134,"[0.00026011186309802647, 0.00918441684178756, 0.03688565114241077, 0.0027725906941899075, 0.017336364156698324, 0.013112353629466807, 0.01584282022331755, 0.0031539624556893887, 0.02239514997203857, 0.025388364981827238, 0.008284949812797584, 0.01611589622610841, 0.031052486363386443, 0.0003327465268759072, 0.019410965395115883, 0.00801567126006155, 0.017204092929430686, 0.0008986063629641043, 0.054281263141588904, 0.01087750906486992, 0.010459502903168402, 0.0215952538109698, 0.019090647283672955, 0.0047208390716508486, 0.005406140436139208, 0.002892653970364032, 0.00354900440733394, 0.02258578818270067, 0.039139538428938525, 0.010594486386469856, 0.027070241242960775, 0.0030720627237518856, 0.03448782597120614, 0.0035254263939447283, 0.012428173443604727, 0.009626718314152013, 0.003239294544741643, 0.003257673146628383, 0.016177471578928983, 0.02873010477725683, 0.07358097934980062]","[0.17822835050810315, 0.02626992994638491, 0.02452965241676718, 0.03606341014676791, 0.02492266977922355, 0.031080901479699333, 0.028575917369932168, 0.028997682107608627, 0.029290104013393964, 0.038498795257884334, 0.1834713962180886, 0.024451560216337764, 0.025107728837617947, 0.03132156405332101, 0.026134532419028595, 0.03082321007508182, 0.03690884114277336, 0.03165659296423472, 0.03502766508983448, 0.035637715085470874, 0.1921515757182098, 0.02439804678815633, 0.02593050229578726, 0.03204585099850446, 0.02622423516656609, 0.03661397473083475, 0.02590976342100304, 0.02994137119412804, 0.030020661648274948, 0.03024160960547606, 0.18591269888547515, 0.17348234181152428, 0.02503748614187006, 0.02866211578247399, 0.03837311747098318, 0.02592898005072128, 0.028093291543134957, 0.02791795779647552, 0.030951423222853013, 0.02614562226575515, 0.04901915433423888]","[0.8723625447418768, 0.8266716531620844, 0.8299809751937309, 0.819886152525767, 0.8287990744681428, 0.8226392859806663, 0.8244329941406764, 0.8240992809946279, 0.8238768055639291, 0.8187598706578537, 0.8730577804628109, 0.8303981166262914, 0.8284097424644197, 0.8224863341220607, 0.8268385097351085, 0.8228061425536904, 0.8194829158076252, 0.8222777634057805, 0.8204006269592583, 0.8200947232420472, 0.8741840623307242, 0.8309264957742013, 0.8271026993090635, 0.8220413832606629, 0.826727272019759, 0.819621962951812, 0.8271305087379008, 0.8234040452736938, 0.8233484264160191, 0.8231954745574136, 0.8733775888944406, 0.8717229278786174, 0.8338881999453808, 0.824363470568583, 0.8188154895155284, 0.8353342902449239, 0.8248362308588182, 0.8249891827174237, 0.8227227142671784, 0.8268246050206899, 0.8476816766487144]","[-0.002362544741876804, 0.04332834683791564, 0.09001902480626911, 0.02011384747423295, 0.06120092553185719, 0.04736071401933373, -0.05443299414067637, -0.02409928099462788, -0.06387680556392905, -0.05875987065785371, -0.01305778046281092, 0.05960188337370864, 0.08159025753558036, 0.007513665877939224, 0.06316149026489148, 0.03719385744630954, -0.049482915807625205, -0.012277763405780462, -0.09040062695925832, -0.040094723242047214, -0.014184062330724223, 0.06907350422579872, 0.06289730069093646, 0.027958616739337083, 0.033272727980240946, 0.02037803704818797, -0.027130508737900794, -0.06340404527369381, -0.08334842641601914, -0.04319547455741357, -0.023377588894440637, 0.008277072121382623, 0.08611180005461927, 0.025636529431417032, 0.04118451048447158, 0.04466570975507611, -0.024836230858818142, -0.024989182717423675, -0.05272271426717834, -0.07682460502068988, -0.0876816766487144]","[0.8831108889875188, -1.3904714418683037e-05]","[0.014465073562811664, 3.996920655029979e-06]","[2.519372510632689e-40, 0.0012537967522640234]",Trust MPS,1.927521334720019,0.16502987861512297,1.923945821253468,0.17329905999677148
Tower Hamlets,False,41,"[0.8908027385693966, -1.0504234553580132e-05]","[1.3738108917627643e-26, 0.0028521694028279215]",0.2063271454715968,0.18597655945804803,0.7695632491953819,0.11864932443366732,0.16915471486409803,-1.050447680829352,"[0.0005587996300277383, 0.04949781146636414, 0.03097063991386834, 0.010184220059499139, 0.006512305468451333, 0.0011746375829604831, 0.017728603490356726, 0.016951854217383464, 0.0042415780786929655, 0.0070788349809388215, 0.0016599135593276604, 0.03668116721926928, 0.026779566381830096, 0.01107495425915873, 0.018392213209989055, 0.0027884404416890296, 0.03664647787823121, 0.0037777248387363665, 0.02355984290843237, 0.0022896029317482605, 0.0010601350354231987, 0.029645744449795775, 0.02495362925626309, 0.007156867004778214, 0.00734308891364891, 0.0034898344024719757, 0.036527029313670224, 0.010309966544333663, 0.007534936638986692, 0.01144981143104518, 8.579388536197033e-06, 0.002518737696742895, 0.027001380866071744, 0.0042386558593946345, 0.015007911596169897, 0.00015348998359789303, 0.020079308613381985, 0.012728582793102518, 0.012516104286732986, 0.005655601117660797, 0.07732406307173051]","[0.17205944124421507, 0.02789966296211012, 0.029966453683543535, 0.031530545780351305, 0.026714247838332653, 0.027506396769591542, 0.026423204609519677, 0.03062276544554915, 0.03299797942885466, 0.035996195641069935, 0.16669136639741472, 0.026394412645461433, 0.031485490776437516, 0.02804669976548513, 0.030062573251143764, 0.02793137080847626, 0.025417950236345105, 0.03612311182007761, 0.04657890561017293, 0.04834696707937653, 0.17292261648866952, 0.024519990162440938, 0.0270586918703223, 0.032781353698481765, 0.024968516633931327, 0.02572569111539697, 0.02561863895420987, 0.046834193857324596, 0.03280093286842785, 0.03527146362829095, 0.193953352839344, 0.18841373870716843, 0.024491803369691145, 0.027893338504577342, 0.024940608985142543, 0.024982507359863557, 0.024432201647400478, 0.027164551148432563, 0.02790599312355639, 0.026660932593858152, 0.051863140649940756]","[0.8641219828033031, 0.7768843148358201, 0.7738485910498354, 0.7719158118919767, 0.7980188347576234, 0.7775565858472492, 0.7796679369925188, 0.773008252285549, 0.7702876555361717, 0.7673464698611694, 0.8627354238422305, 0.7797309623998403, 0.7719683330647445, 0.7766427174410877, 0.7737225402351925, 0.7768317936630522, 0.7822309702235923, 0.7672309232810799, 0.7592372007858055, 0.7580922392194652, 0.8643425717289283, 0.7862961089958279, 0.7783759161424285, 0.7705187486963505, 0.7838066054066294, 0.7813486145210916, 0.7816427330885919, 0.7590691330329482, 0.7704977402272434, 0.7680187408725985, 0.8695316635983968, 0.8681976258100922, 0.7905188112863671, 0.7768948190703737, 0.7839221519867188, 0.793323441912173, 0.7872624985747573, 0.7781763356859105, 0.7768738106012665, 0.779163733733947, 0.8211386550100532]","[-0.004121982803303115, 0.11311568516417991, 0.0861514089501646, 0.048084188108023285, 0.041981165242376606, -0.017556585847249173, -0.06966793699251883, -0.06300825228554907, -0.030287655536171743, -0.03734646986116941, 0.007264576157769542, 0.1002690376001597, 0.07803166693525543, 0.053357282558912256, 0.06627745976480748, -0.026831793663052217, -0.10223097022359229, -0.0272309232810799, -0.05923720078580552, -0.018092239219465234, 0.0056574282710717405, 0.09370389100417209, 0.08162408385757147, 0.039481251303649545, 0.046193394593370574, -0.03134861452109161, -0.10164273308859184, -0.03906913303294823, -0.040497740227243395, -0.0480187408725985, 0.00046833640160315326, -0.008197625810092202, 0.08948118871363286, 0.03310518092962633, 0.0660778480132812, 0.006676558087827078, -0.07726249857475731, -0.05817633568591052, -0.056873810601266506, -0.03916373373394699, -0.10113865501005326]","[0.8908027385693966, -1.0504234553580132e-05]","[0.01428541237389784, 1.6137809193746143e-06]","[1.11241666249123e-40, 1.0184714308318663e-07]",Trust MPS,2.1337113228196345,0.14409150829304565,2.1410519095645943,0.15141698314878657
Waltham Forest,False,41,"[0.8738113561388458, -1.940215684289954e-05]","[2.0953895786237582e-21, 0.005844506734738667]",0.17904118284608506,0.15799095676521546,0.8869286747767349,0.03219790833152782,-0.5168825688734585,-0.5164895302068939,"[0.008670465093849973, 0.056420424934710216, 0.0018352506931393008, 0.01367142882635819, 0.006189523628857324, 0.011738267167513108, 0.002842725092936843, 0.04962012679629252, 0.03500992430977021, 9.948521761442638e-05, 0.0017532984726907023, 0.03438788763993147, 0.0015458319025496133, 0.012389154960925512, 0.019455513334348827, 0.004088999466805598, 0.011513705217994894, 0.05925396017123453, 0.018247057902815597, 1.9692438829119812e-05, 0.015335642541317498, 0.015554148462035282, 0.012533570411250841, 0.00849818896345173, 0.006140452680469449, 0.002001470468725118, 0.018841958265291118, 0.058128214502597496, 0.00682584829733779, 0.0005835353291449738, 0.0003859627007410994, 0.014221868535111218, 0.009368029860668477, 0.008066627830696118, 0.006318613185329085, 0.005673156307218765, 0.00023871555358442092, 0.029397113700088146, 0.0567003880557058, 0.0024669368564990257, 0.022969267059383097]","[0.18081608213302192, 0.028447350728130417, 0.028164494758359256, 0.03148010280976049, 0.026404899279352544, 0.029506270811696714, 0.025475063914004545, 0.02721193116717183, 0.0375875168835666, 0.03281566438831046, 0.17966871392065048, 0.0273245320200277, 0.031824062456233065, 0.030173449118188474, 0.037109652974542794, 0.02632596783505931, 0.026529986627632337, 0.0308425380422453, 0.036303404632274563, 0.027229110987580418, 0.18752801630386456, 0.02691161050914312, 0.03428245800366338, 0.029277899633232497, 0.0263473381696232, 0.025422535045696238, 0.02565191597894649, 0.029575798914545086, 0.03885954673210884, 0.02571579171231647, 0.1919267232333779, 0.1926544911191249, 0.027101533271152348, 0.028729783370288985, 0.029894482580147444, 0.02439821686779188, 0.025216148289128774, 0.024410665370238182, 0.02778754735139119, 0.0266053271791577, 0.0504613748772523]","[0.8409052981332882, 0.7305458300108756, 0.7310890904024767, 0.7256176821727791, 0.7350665325552711, 0.7286638207971143, 0.7379380517680203, 0.7330875125572954, 0.7182448625724772, 0.7237938794295465, 0.8405560593101159, 0.7328352845183377, 0.7251326282517065, 0.7275773000139119, 0.7187493186503926, 0.735279956280543, 0.7347366958889419, 0.7265489857012383, 0.7196224157083231, 0.7330487082436096, 0.8429231224449497, 0.7337859902036398, 0.721950674529471, 0.7290518639339723, 0.7352217498100143, 0.7381320733364493, 0.7373171827490475, 0.7285474078560569, 0.716944918064003, 0.7371037590237756, 0.844223066953424, 0.8444364906786959, 0.7333397405962531, 0.7300219717761173, 0.7280235496212986, 0.7451750562704218, 0.7389469639238511, 0.744767610976721, 0.7318457745193498, 0.7345426743205128, 0.7846584454457224]","[-0.02090529813328823, 0.15945416998912443, 0.028910909597523293, 0.07438231782722093, 0.054933467444728934, 0.07133617920288571, -0.03793805176802034, -0.15308751255729547, -0.10824486257247723, 0.006206120570453444, 0.009443940689884078, 0.1271647154816623, 0.024867371748293454, 0.07242269998608819, 0.08125068134960745, 0.04472004371945704, -0.07473669588894183, -0.15654898570123832, -0.07962241570832307, -0.003048708243609588, 0.027076877555050283, 0.08621400979636018, 0.068049325470529, 0.06094813606602778, 0.05477825018998572, 0.03186792666355076, -0.09731718274904744, -0.15854740785605692, -0.046944918064002916, -0.01710375902377559, -0.004223066953424004, 0.025563509321304134, 0.06666025940374698, 0.05997802822388276, 0.051976450378701466, 0.054824943729578246, 0.011053036076148937, -0.12476761097672096, -0.1618457745193499, -0.034542674320512834, -0.07465844544572242]","[0.8738113561388458, -1.940215684289954e-05]","[0.017893313362529136, 3.5499680750027662e-06]","[1.364615092056014e-36, 2.8585233152844385e-06]",Trust MPS,3.488120212985461,0.06181073441207837,3.6264961681159127,0.0642620815538781
Wandsworth,False,41,"[0.8906933956104955, -1.2771084555699252e-05]","[1.46861285130243e-25, 0.011543958334198218]",0.1526658893729118,0.1309393737158071,0.7626523576199897,0.13115803604489612,0.26928458434802754,-0.7042351370330566,"[0.0013434389340679248, 0.036034183223352, 0.037327177693866086, 0.008136163429880054, 6.641062091028105e-05, 0.00029930114880212316, 0.011540669356529495, 0.04093707821371469, 0.010973223015475618, 0.0015336603284681275, 6.465013542787349e-05, 0.052130470039575084, 0.02816791348885612, 0.006101222498923637, 0.005188619247438729, 0.0022824604038720014, 0.020327435439879252, 0.04131862882901255, 0.004149068433725516, 4.520460394623125e-05, 0.008374373989506755, 0.06709200724301444, 0.017269378764648385, 0.006809162614693451, 1.6781832585991857e-05, 0.004508319785853662, 0.021449615935735435, 0.03440375078740327, 0.00024689815594008187, 0.0025342167690396303, 0.001102129741937228, 0.008757561237970753, 0.03387606806550734, 0.01042343411906299, 0.0007944680071411932, 0.0011262462328228912, 0.011941526095230401, 0.021184745934434524, 0.025425729862010294, 0.0008592072136712867, 0.05187527153601802]","[0.1867290809495537, 0.026936289544118825, 0.03045054323217129, 0.02801974895431417, 0.025037633049642107, 0.027720757993378975, 0.026184713660357774, 0.03415764537419835, 0.029504067900427713, 0.03595961906070169, 0.178772198306146, 0.02742685219651657, 0.02917714983024474, 0.029494002649147647, 0.04089551969272975, 0.03107999452655214, 0.025507079242331955, 0.03485149645360708, 0.03354140583304743, 0.040931722723619036, 0.18678582427068696, 0.029216201181783155, 0.0259429154690128, 0.030705305055079873, 0.026269199813243917, 0.030494472858810222, 0.024502734973182325, 0.03696510611633691, 0.02839371800235175, 0.029186897795339402, 0.18986468767392287, 0.18441114176451706, 0.026125556231491497, 0.02682386963155038, 0.025791433564210695, 0.024390300066906945, 0.02528416876870963, 0.024606039195604078, 0.029186897795339405, 0.026038679186934657, 0.04663732941217978]","[0.8733247206147445, 0.7910917071605971, 0.78612375526843, 0.7893165264073548, 0.8048589363116408, 0.78977628545136, 0.7925603818845025, 0.7823179720708316, 0.787273152878443, 0.780734357585925, 0.8715112266078353, 0.7902488155799209, 0.7876945986687811, 0.7872859239629987, 0.7769413454728823, 0.7854085745333109, 0.7941823096230763, 0.7816921889276024, 0.7828926708758381, 0.7769158033037709, 0.8733374916993003, 0.7876435143305582, 0.7930967674358419, 0.785830020323649, 0.7923815867007227, 0.7860726709302073, 0.7983201410191229, 0.7799042370898045, 0.7887673697714598, 0.7876818275842253, 0.874027130265308, 0.8728011061479609, 0.7926880927300595, 0.7912960445134882, 0.7934543578034015, 0.8002868880407006, 0.7948208638508613, 0.7975794181148923, 0.7876818275842253, 0.792879658998395, 0.8272977318760044]","[0.006675279385255473, 0.10890829283940295, 0.10387624473156998, 0.050683473592645134, -0.004858936311640805, -0.00977628545136, -0.06256038188450253, -0.1023179720708316, -0.057273152878443034, 0.019265642414075024, -0.0015112266078353143, 0.12975118442007916, 0.0923054013312189, 0.04271407603700128, 0.03305865452711776, -0.025408574533310913, -0.08418230962307638, -0.10169218892760234, -0.03289267087583814, 0.003084196696229169, 0.016662508300699708, 0.1423564856694418, 0.0769032325641581, 0.044169979676350946, -0.0023815867007226377, -0.03607267093020727, -0.08832014101912289, -0.08990423708980455, -0.008767369771459754, -0.027681827584225327, 0.005972869734692021, 0.0171988938520391, 0.10731190726994055, 0.05870395548651175, 0.016545642196598598, -0.020286888040700557, -0.06482086385086128, -0.08757941811489234, -0.08768182758422538, 0.01712034100160509, -0.09729773187600443]","[0.8906933956104955, -1.2771084555699252e-05]","[0.013899489359158454, 2.4741255589668258e-06]","[3.8800582493213727e-41, 7.5059467405104205e-06]",Trust MPS,3.1690899193979343,0.07504425184221053,3.267024414511585,0.07840370760195914
Westminster,False,41,"[0.9261365007484914, -4.513199606252937e-06]","[3.5792477539973275e-33, 0.00039849442984051393]",0.27787179080184055,0.2593556828736827,0.8668902722883014,0.06117204762046573,-0.4524112428948756,0.2110255872176401,"[0.01680874344244674, 0.016127609577359755, 0.022280580982053086, 0.02013001467036192, 0.0002206212477713283, 0.0034597341446084605, 0.01858620780641392, 0.037490326370899954, 5.374821642579804e-05, 0.009724074981643058, 0.007782371419637719, 0.023840732275975062, 0.020251079739128857, 0.02158571521302689, 9.002654691054441e-05, 0.001874223003985614, 0.017103626641596033, 0.014396677608261124, 0.0007748982348104522, 0.005861612341578583, 0.006832675070104273, 0.012525328422841413, 0.03679749401320667, 0.04395775530637731, 0.005818666016085072, 0.00014417258486811935, 0.0389550485669427, 0.0013720616548795737, 0.006721832691219246, 0.020685580787189413, 0.016578642483273058, 0.00020803821038043214, 0.020755750376367912, 0.040148533703362854, 0.015637964783642874, 0.02098695747728498, 0.007676786312303364, 0.02852064744934293, 0.0029976610812039012, 0.0022698181078426543, 0.1825435190349096]","[0.13298626752622705, 0.024722420870892155, 0.024530176089398677, 0.04677610029508961, 0.062243079644606056, 0.034334061008956966, 0.024902520058560612, 0.036614623740440916, 0.03790739878014296, 0.03314143027187179, 0.12478337841136897, 0.024391057615614973, 0.0246721690386009, 0.0411464290497721, 0.0278089757498893, 0.025845899858133042, 0.026266814854322487, 0.0359000356241119, 0.033353666086313315, 0.032263248399909086, 0.12902353815859816, 0.024418221177151603, 0.03086862639639399, 0.04935553953985269, 0.0394105165742946, 0.02533719462512242, 0.04894905576365086, 0.08277491914670286, 0.06835932951320564, 0.037703189977186025, 0.13378493919730172, 0.12599523900652532, 0.025181421930841004, 0.04131136946708746, 0.031041375686176216, 0.0714556174273347, 0.024423668347998827, 0.034876898903798775, 0.0474746986953275, 0.03533956839794165, 0.03832531909328564]","[0.9152280973001781, 0.8466951612792272, 0.8452870430020762, 0.8097455961028344, 0.8855131910926087, 0.8646351297140826, 0.8377003544639651, 0.8183432413527463, 0.817088571862208, 0.8220891970259362, 0.9124344267439075, 0.8424843460465932, 0.8389866163517472, 0.8141865845153873, 0.8555545721063017, 0.8510819912965051, 0.8331465360612559, 0.8190653532897467, 0.8218409710475922, 0.8231497989334057, 0.9138921902167272, 0.8438473323276816, 0.8249641051751193, 0.807899697463877, 0.8696628340754484, 0.8359086142202827, 0.8081840290390709, 0.7894903562699712, 0.7965219212565133, 0.8172826394452768, 0.915494376076947, 0.912854154307289, 0.8488750366890474, 0.8140466753275934, 0.8247294187955941, 0.8904416050626369, 0.8439556491182317, 0.820139494796035, 0.8092356045473279, 0.8196475560389533, 0.8686699301620727]","[0.02477190269982188, 0.06330483872077286, 0.0747129569979238, 0.05025440389716562, 0.004486808907391282, -0.02463512971408266, -0.06770035446396505, -0.07834324135274628, 0.0029114281377919937, -0.042089197025936165, 0.017565573256092537, 0.07751565395340687, 0.07101338364825283, 0.055813415484612716, 0.004445427893698284, -0.02108199129650512, -0.06314653606125586, -0.049065353289746705, -0.011840971047592186, -0.03314979893340564, 0.016107809783272864, 0.05615266767231841, 0.08503589482488072, 0.07210030253612298, -0.029662834075448452, -0.005908614220282771, -0.06818402903907095, -0.00949035626997119, 0.02347807874348662, -0.057282639445276784, 0.024505623923053, -0.0028541543072889697, 0.07112496331095264, 0.07595332467240656, 0.055270581204405866, -0.04044160506263694, -0.04395564911823169, -0.07013949479603498, -0.019235604547327867, -0.019647556038953295, -0.16866993016207277]","[0.9261365007484914, -4.513199606252937e-06]","[0.016927708660775406, 8.371905247462932e-07]","[1.7275643187211466e-38, 3.625137650206895e-06]",Trust MPS,0.15756090127492495,0.6914121358704606,0.15045318755005427,0.7002117623103333
Barking and Dagenham,False,45,"[0.8094498577495183, -1.3419257971507564e-05]","[9.11664616828778e-31, 0.005500680953079388]",0.16581214263328337,0.14641242502010388,0.8067114941171505,0.002399075503032556,0.8268152077264892,-0.27145682655837167,"[0.01279954425102571, 5.874735778087999e-05, 0.059451794915294565, 0.035080606511060645, 0.006950493611311497, 0.0026048691619131874, 0.014217254738817367, 0.0018759730953355838, 0.01424516953334824, 0.02473075028608136, 0.00274462801791579, 0.012638782484832717, 1.0423836913869174e-06, 0.08523063971914908, 0.023552397622412034, 0.018342636677328022, 0.0002628413590484403, 0.014185796383052073, 0.0006836411711315096, 0.03766077349916666, 0.009693954197428599, 0.003266133713315448, 0.01747587558490806, 0.012589838859940349, 0.05033059332063218, 0.020007270346836782, 0.006115518836031321, 0.004389761014005558, 0.0020972702695051236, 0.0032050172616499154, 0.03078949608085766, 0.0057797552502133545, 0.003539319036659278, 0.04333619475338086, 0.006487187115603571, 0.037489798829686, 0.033180757973046364, 0.014344522497771949, 0.005999563176883861, 0.008256153016666738, 0.0021825617266962786, 0.009858827041409718, 0.01961382387673996, 0.014216759889829974, 0.0028076063486221366]","[0.09954270255171384, 0.10731860900149218, 0.025853185086308305, 0.02326679922469195, 0.03171137373009117, 0.023479902238498905, 0.026862167205439977, 0.027973003933770956, 0.04285508176507577, 0.028459711449493094, 0.038078432099306836, 0.09918548816534097, 0.10230882303214331, 0.027269849417289427, 0.023332460493176645, 0.02976296442043831, 0.029036783192784632, 0.027663027404815455, 0.02705889234116543, 0.04684969115600199, 0.0329907388919518, 0.03294629705008787, 0.108952154285738, 0.10933133177420162, 0.02354145201971792, 0.024037743929595824, 0.03019078373030713, 0.025096519971489834, 0.02644374849807761, 0.033516017127407656, 0.027537273074109848, 0.03590888229473947, 0.030538931061981675, 0.10673599628032937, 0.10291658627909236, 0.11085631235227436, 0.0227526591035382, 0.026462338683048762, 0.02997539863685477, 0.022544717571882242, 0.025931097429638048, 0.03017803233375011, 0.03360732073451787, 0.02687190646107801, 0.032266812515551066]","[0.7893343900502284, 0.7918974683227864, 0.7257942035551401, 0.7310411334219996, 0.7188161894099562, 0.7304506860712532, 0.7243180851782742, 0.7228688053173514, 0.7101339295023907, 0.7222783579666051, 0.7134619054793246, 0.7892136167284849, 0.7902603188502625, 0.7237678956014425, 0.7308532638103985, 0.7208022395897393, 0.7216073950680297, 0.7232579637985252, 0.7240497000188442, 0.7076379475196903, 0.717621875450492, 0.7176621332244065, 0.7924208193836751, 0.7925415927054188, 0.7302896549755952, 0.7291087602741024, 0.720345984818708, 0.7270421945464903, 0.7249085325290207, 0.7171522014214893, 0.7234189948941833, 0.7151393127257631, 0.7199836648534773, 0.7917095987111853, 0.7904616077198351, 0.7930246859923931, 0.7327856369582956, 0.7248816940130776, 0.7205741122042237, 0.7337384042742726, 0.7256734302333966, 0.7203594040766795, 0.7170716858736602, 0.7243046659203027, 0.755933856959146]","[-0.02933439005022842, -0.0018974683227863665, 0.13420579644485986, 0.10895886657800036, 0.041183810590043834, 0.029549313928746823, -0.0643180851782742, -0.02286880531735147, -0.050133929502390706, -0.0822783579666051, -0.023461905479324696, -0.02921361672848488, -0.00026031885026245316, 0.1562321043985575, 0.08914673618960145, 0.06919776041026071, 0.008392604931970249, -0.06325796379852522, -0.014049700018844202, -0.07763794751969033, -0.04762187545049201, -0.027662133224406582, -0.03242081938367514, 0.027458407294581155, 0.12971034502440482, 0.08089123972589762, 0.03965401518129197, -0.03704219454649038, -0.0249085325290207, -0.02715220142148933, -0.09341899489418326, -0.035139312725763094, -0.029983664853477365, -0.0517095987111853, -0.020461607719835073, 0.046975314007606905, 0.1072143630417044, 0.06511830598692248, 0.03942588779577627, -0.053738404274272566, -0.025673430233396632, -0.05035940407667949, -0.06707168587366019, -0.0643046659203027, -0.025933856959146073]","[0.8094498577495183, -1.3419257971507564e-05]","[0.015121780834507992, 3.0768293213631076e-06]","[5.457788622021798e-41, 7.934810087395588e-05]",Fair treatment,2.4741000740436774,0.11573566889803545,2.5016825832989302,0.12105328567331394
Barnet,False,45,"[0.8340393213930108, -1.2388119254055741e-05]","[1.0338245588218338e-29, 0.0014009523166952642]",0.21339874340122145,0.19510569092218,0.7188575837638672,0.45539231909631017,-0.26045894822130516,-0.6780775183462251,"[0.0072401465530330346, 0.004069329121724175, 0.04441113214300461, 0.009472183131359873, 0.016514267024721994, 0.010674310335799226, 1.1283206275032213e-09, 0.0008166546834436886, 0.005404582543393729, 0.05043517664147984, 0.015212322380069665, 0.014714480608763996, 0.029084110032589244, 0.020589506362576063, 0.010536198614926474, 0.024530221939809943, 0.013319229562356268, 0.0001368985372536882, 0.0007726756138704696, 0.008063435593218303, 0.07144373863259822, 0.007548405828101805, 0.0006282022493857223, 0.017295067953398417, 0.01365857117427917, 0.011457502476987765, 0.06385026879080079, 0.0005258903219903378, 0.00036870614907197384, 0.00014980053634077025, 0.05239751104975274, 0.01117773150830803, 0.0307712229789046, 0.08217239434609952, 0.008612144960017755, 0.017724215528261034, 0.008114527051374998, 0.008672113860493364, 0.0448314316643786, 0.0006136929607553053, 2.6025152160442738e-06, 0.0008119317986005815, 0.042912009422844295, 0.015349502207245295, 0.040389557965928864]","[0.1071307103447956, 0.10298249326840048, 0.025258707498091712, 0.02831970433505106, 0.035804029836433535, 0.022237031355111063, 0.030219269228067648, 0.02560111780662905, 0.027818821756749205, 0.027382757759405237, 0.03015629548303683, 0.10721884843534704, 0.10036862690426196, 0.024789587786714144, 0.025998892497628857, 0.03789968758569745, 0.028542083520838837, 0.025839551687938084, 0.025882113305320035, 0.02838283483158477, 0.031599220330871744, 0.03165787666423428, 0.10561024808663892, 0.10648576139448324, 0.025642256976091217, 0.030547066254975767, 0.04104735462597981, 0.02644495636029523, 0.02543905041263997, 0.02566587683669187, 0.044951436401439594, 0.030192249999170452, 0.029090372788633523, 0.11411222523003522, 0.10937763436684449, 0.10430555091367467, 0.02385746438199695, 0.0367479083056027, 0.03339580546979176, 0.022753542346129002, 0.025024563482634085, 0.025630477526817744, 0.026744856643410878, 0.02831970433505106, 0.027523374638764014]","[0.8136237008623269, 0.811852199808997, 0.7284553809906937, 0.7228063986108444, 0.7133542636199999, 0.7410540982720685, 0.7200190717786819, 0.7277120938354504, 0.723611626362358, 0.7243425253983473, 0.7201057886134602, 0.8136608652200892, 0.8107124928376239, 0.7295455354850506, 0.7268944779646828, 0.7112235071083022, 0.7224595312717308, 0.7272165690652882, 0.7271298522305099, 0.7227072936568119, 0.7181980182483356, 0.7181236895328112, 0.8129795186611161, 0.8133511622387377, 0.727625377000672, 0.7195730994855358, 0.7082751347258369, 0.7260273096168989, 0.728058961174564, 0.7275758245236558, 0.7049427306464959, 0.720056236136444, 0.721629527281709, 0.816510132648522, 0.8145651979256352, 0.8124220532946835, 0.732060323693624, 0.7123756021989294, 0.7160177092596218, 0.7363342248362732, 0.7289880701186182, 0.7276501532391801, 0.7254698442504663, 0.7228063986108444, 0.7598964276574872]","[-0.023623700862326902, 0.018147800191002927, 0.13154461900930625, 0.057193601389155635, 0.06664573638000015, 0.06894590172793158, -1.907177868187837e-05, -0.01771209383545047, -0.043611626362357936, -0.13434252539834735, -0.07010578861346017, -0.03366086522008915, 0.049287507162376065, 0.09045446451494932, 0.06310552203531727, 0.07877649289169786, 0.06754046872826924, -0.007216569065288225, -0.01712985223050989, -0.052707293656811816, -0.14819801824833567, -0.04812368953281121, 0.007020481338883888, 0.036648837761262265, 0.07237462299932806, 0.0604269005144642, 0.12172486527416304, 0.013972690383101116, 0.011941038825435957, -0.007575824523655794, -0.10494273064649595, -0.06005623613644395, -0.10162952728170904, -0.07651013264852202, 0.02543480207436477, 0.037577946705316445, 0.05793967630637609, 0.04762439780107064, 0.11398229074037813, -0.016334224836273226, 0.0010119298813817679, -0.017650153239180177, -0.12546984425046637, -0.07280639861084437, -0.1198964276574872]","[0.8340393213930108, -1.2388119254055741e-05]","[0.019783433111743163, 2.916903817599943e-06]","[1.3000141207496426e-36, 0.00011377820130213853]",Fair treatment,4.269486018609418,0.0388026657718699,4.507379869649688,0.039544606239792855
Bexley,False,45,"[0.8198640023793777, -1.026800988733776e-05]","[1.771824710690192e-33, 0.04719579148671087]",0.0884905255024695,0.06729263074671299,0.9974183331169102,0.056765043691125026,-0.03784928966673698,-1.1465531764705392,"[0.03391331881217575, 0.006902132779036506, 0.03129207885985379, 0.018216394026148264, 0.0004569907856587733, 0.019272239397518716, 0.005867466335201888, 0.032324448396435564, 0.009588853509757508, 0.009582219253932555, 0.00943199065124564, 0.05349228305082636, 0.007105014940262584, 0.021626648850978186, 0.0123282718098208, 0.008883186989014732, 0.023875575853734943, 0.0006307132545907665, 0.0327617734726628, 0.009728472789335309, 0.0029033002385056568, 0.009376634330694219, 0.008120134266755622, 0.02817803843540808, 0.028705833757154853, 0.002270743433817428, 0.015260199452425653, 0.014800349438816321, 0.0028023394123676323, 0.03844632821777211, 0.01509502960571599, 0.0011737189661884205, 0.024846013749928415, 0.0211877158629756, 0.007882602801574587, 0.08881090950950567, 0.018218812965125234, 0.001082236151840222, 0.03800317303815464, 0.009789950835017902, 0.013809462689608287, 0.019605796967073142, 0.00965127028687093, 0.00306838944056762, 0.07141200420670327]","[0.10844675127702733, 0.10271115145474585, 0.022626269979226503, 0.02481538780641533, 0.03777470669976625, 0.022487260816237926, 0.024695732694793596, 0.02845426861032834, 0.03270355255632918, 0.0325822051007319, 0.029733926264397702, 0.1097983823353206, 0.09970450892341323, 0.023591070905824674, 0.023881479246854718, 0.03796589350470188, 0.03453306579347318, 0.027281930365485953, 0.029142597439455256, 0.03527887615996604, 0.03132639310679148, 0.02852147932314237, 0.10445492807558454, 0.09787193399040896, 0.02413984984859679, 0.028162824003007125, 0.039761616097565365, 0.026135444465264925, 0.030334191684494072, 0.02633988740392537, 0.036856828545281425, 0.028807700783067366, 0.027403446526773477, 0.11166768992836065, 0.10353227281040027, 0.10455235248753114, 0.02222903200417855, 0.030334191684494072, 0.033267281418730615, 0.02224077891890787, 0.028374091591513783, 0.030166818817249905, 0.033845775633852396, 0.02834748127289373, 0.033116691643488044]","[0.8117317385486063, 0.8105303813917877, 0.7737914420148932, 0.7700641544257896, 0.7611412538336931, 0.7742535024598234, 0.7702079065642123, 0.7666757111629682, 0.7638417404340629, 0.7639136165032743, 0.7657413222632204, 0.8120089748155643, 0.8098834967688854, 0.771748108047313, 0.7712963156122701, 0.761048841744707, 0.7628046714354418, 0.7676203680726033, 0.7661623106686013, 0.7624042190498357, 0.7646837172448246, 0.7666243711135314, 0.8109000297477319, 0.8094830443832792, 0.770926667256326, 0.7669016073804895, 0.7602068649339453, 0.7686574370712244, 0.7653306018677268, 0.768462344883365, 0.7615930462687359, 0.7664087429058973, 0.7675176879737299, 0.8123888911813958, 0.8107049375598725, 0.8109205657675066, 0.7759066520516847, 0.7653306018677268, 0.7635131641176681, 0.775701291853938, 0.7667373192222922, 0.7654435499764876, 0.7631845878012733, 0.7667578552420669, 0.7888443445097304]","[-0.041731738548606234, 0.01946961860821228, 0.09620855798510675, 0.0699358455742104, 0.008858746166306886, 0.0757464975401766, 0.03979209343578771, -0.08667571116296813, -0.04384174043406297, -0.0439136165032743, -0.045741322263220474, -0.052008974815564324, 0.02011650323111458, 0.078251891952687, 0.05870368438772988, 0.03895115825529305, 0.06719532856455812, 0.012379631927396773, -0.08616231066860125, -0.04240421904983571, -0.024683717244824654, -0.04662437111353146, -0.020900029747731863, 0.04051695561672075, 0.08907333274367402, 0.02309839261951052, 0.04979313506605476, 0.0613425629287756, 0.0246693981322732, -0.09846234488336492, -0.051593046268735954, -0.016408742905897333, -0.07751768797372993, -0.03238889118139576, -0.02070493755987246, 0.06907943423249341, 0.07409334794831524, -0.015330601867726834, 0.08648683588233186, 0.05429870814606197, -0.05673731922229219, -0.0654435499764876, -0.04318458780127332, -0.026757855242066864, -0.11884434450973036]","[0.8198640023793777, -1.026800988733776e-05]","[0.01859360348925506, 4.067722485201733e-06]","[1.9691030895845815e-37, 0.015366798325976962]",Fair treatment,0.7345762928446525,0.3914038437081353,0.713576826944822,0.4029345870228081
Brent,False,45,"[0.7074302868589378, -3.998193007977348e-08]","[2.5466983305472195e-28, 0.989751832797424]",3.881649755954619e-06,-0.023251842032807835,1.5741752251252645,0.007100502733525096,0.9028390979937396,0.8279637415247008,"[0.007803329406994095, 0.020000160709777108, 0.004319270280212723, 0.006869829471087501, 0.0005431387642717591, 0.083077246698347, 0.0001394496382082623, 0.000931801494065818, 3.753813494756165e-05, 0.02718847740052318, 0.019178994890981158, 0.0008697241123521127, 0.010670180614551812, 0.007242919865581317, 0.0037669276206419413, 0.02886642178171528, 0.03767658722012598, 2.7392840076599225e-05, 2.896692344655977e-05, 0.006114291111750298, 0.027000866952816414, 0.0074913534237810425, 0.00462706287198847, 0.0043388151062413, 0.005297849204297886, 0.001801469853406309, 0.06856541580358788, 0.008107551024319601, 0.00014517761853784805, 0.0005237866769925719, 0.017943550715280688, 0.023068143936700453, 0.008527714195952685, 0.08221648438988519, 0.011322046040030407, 0.020745748052864294, 0.0005101091197406281, 0.0016849843176305846, 0.08708016220087891, 0.00013385450486042146, 0.002133163978975327, 0.025346094996318007, 0.07037220692552294, 0.01527746355847978, 0.00808458050253649]","[0.10702087337444544, 0.10191476152757767, 0.02628869741339766, 0.030809958367506704, 0.027033404319753276, 0.023361220492955942, 0.0233770068365445, 0.026753078839550404, 0.034623836850748206, 0.03744710000126458, 0.03505316238135872, 0.11150382772826248, 0.10149422115692978, 0.02728890840934193, 0.0288312700313061, 0.02783370566529863, 0.029507105890168306, 0.026402439485681696, 0.02769489883413034, 0.03652957337507009, 0.03720648483476868, 0.04411292866985471, 0.10772820586790056, 0.10233641443888865, 0.03192385711246045, 0.02844302810678354, 0.027946002738479237, 0.024287864737553407, 0.024360525376680462, 0.02614142701605215, 0.032931295276852846, 0.03210838241150257, 0.03185968394175141, 0.10904176872205221, 0.10645171104338108, 0.10497013064686213, 0.02550964950579308, 0.02672175603943628, 0.024430059168123564, 0.02226917708782516, 0.024421306602125666, 0.02461331764840284, 0.03101855974183601, 0.02828956920199959, 0.030107843081340995]","[0.7073608782283194, 0.7073532416796741, 0.7070564158307618, 0.7070316270341124, 0.7070516179991523, 0.7070821641937333, 0.7070819642840829, 0.7070533772040758, 0.7070155942801504, 0.7070052789421898, 0.7070139550210172, 0.7073673952829224, 0.7073526019687928, 0.7070500587038792, 0.7070413826250519, 0.7070468601494728, 0.707037904197135, 0.7070556561740904, 0.7070476597880744, 0.7070085174785263, 0.7070061185627216, 0.7069842084650378, 0.7073619177585014, 0.7073538813905553, 0.7070266292928524, 0.707043461685416, 0.7070462204385916, 0.7070721287292833, 0.7070714490364719, 0.7070574153790139, 0.707022351226334, 0.7070258296542509, 0.707026909166363, 0.7073638368911452, 0.7073600386077876, 0.7073578396016332, 0.7070619333371129, 0.7070535771137262, 0.7070708093255906, 0.7071169884548327, 0.7070708892894507, 0.7070691700664573, 0.7070306674677905, 0.7070443013059476, 0.7071872766879129]","[0.022639121771680593, -0.03735324167967402, -0.0370564158307618, 0.042968372965887625, 0.012948382000847691, 0.17291783580626674, -0.00708196428408292, -0.017053377204075848, 0.002984405719849592, -0.07700527894218978, -0.06701395502101715, -0.0073673952829224065, -0.027352601968792745, -0.04705005870387913, 0.032958617374948096, 0.09295313985052722, 0.10296209580286508, 0.002944343825909579, 0.002952340211925586, -0.03700851747852629, -0.07700611856272155, -0.036984208465037804, -0.01736191775850149, -0.01735388139055538, -0.03702662929285239, 0.022956538314583996, 0.14295377956140842, 0.05292787127071674, -0.007071449036471944, 0.012942584620986075, -0.06702235122633393, -0.07702582965425087, -0.047026909166362985, 0.07263616310885479, -0.027360038607787573, -0.03735783960163319, 0.012938066662887104, 0.0229464228862738, 0.17292919067440937, -0.007116988454832773, -0.027070889289450673, 0.09293082993354274, -0.13703066746779058, -0.06704430130594763, -0.047187276687912894]","[0.7074302868589378, -3.998193007977348e-08]","[0.01613138022885883, 2.2168781581004027e-06]","[2.4765550414842854e-37, 0.9856941666668165]",Fair treatment,1.7135374309127287,0.19052704943612123,1.702197526805226,0.19894053740953907
Bromley,False,45,"[0.8129386695480766, -1.4648955715267736e-05]","[2.7573344730337793e-26, 0.008250696105289406]",0.15139036883165913,0.13165526113006976,0.6844324373005791,0.006715213438482599,0.17852396855814892,-1.3427927005710147,"[0.02514776094201266, 0.0003609259208951177, 0.028172225395459997, 0.002219251696812712, 0.04090527925533798, 0.02205390898451998, 2.2484425598880237e-06, 0.015001927756897317, 0.0061812165767700065, 0.033011294884581634, 0.011671382033100426, 0.0050528213137381, 0.020022403868988445, 0.010126220165861576, 0.009919954437236195, 0.05262034432022896, 0.02500233576587548, 0.004331946928393477, 0.00890588326680331, 0.008514851805933154, 0.030321397034990306, 0.005824534315899975, 0.0022236281345071967, 0.012124839485287099, 0.011257088792227202, 0.01697141395805714, 0.03405055140152614, 0.018146561091698914, 0.015204789580988693, 0.0031187189000004703, 0.023266525968309384, 0.03447256297956779, 0.004328357020333407, 0.04102377762362318, 0.0001376509713698051, 0.0026504044758895555, 0.005880989665954555, 0.03166512890127235, 0.031195701947007756, 0.004717087539133925, 0.026810105993879074, 0.004736783373396882, 0.027577543653431347, 0.018836655548096697, 0.025556693589103962]","[0.10510274955038318, 0.10613290225465555, 0.026775899172867056, 0.027928207963423747, 0.030376124541204426, 0.022356172889967718, 0.02546008617818935, 0.027174388620754268, 0.030287506528700964, 0.030100800922997877, 0.033066817072725824, 0.10623983292026531, 0.09946514941388823, 0.024396676668984246, 0.026977295065506942, 0.03550930926392545, 0.027535655255264416, 0.028096685817854575, 0.027671003489390906, 0.03415608599934608, 0.037553292252850756, 0.03458996564191406, 0.1080320349811266, 0.10407895943998863, 0.02543912189790284, 0.02758058219555754, 0.04026835631816156, 0.02574611625390951, 0.03222554438578081, 0.025172782406836583, 0.030465226746345428, 0.03332452524159964, 0.02812500377382348, 0.11112218559799393, 0.11248438534014242, 0.10344670372011244, 0.02489246403895356, 0.02858735125351884, 0.028344370190396956, 0.022227633530745198, 0.026490008218468957, 0.025453090519250553, 0.029148787411504135, 0.029386250527905125, 0.031005908524915048]","[0.7932358241110414, 0.7936606438267843, 0.7085941579882244, 0.7066751447895244, 0.7031593954178602, 0.7219100587334029, 0.7111137783712506, 0.707905657069607, 0.7032765870635823, 0.7035256193107419, 0.699863380381925, 0.7937045906939301, 0.7908626932851681, 0.7135601539757003, 0.708242583051058, 0.6972119193974615, 0.707305049885281, 0.7064114635866496, 0.7070853155495519, 0.6986475170575577, 0.6951757145530393, 0.6981787504746692, 0.7944370384796935, 0.7928110043952987, 0.7111577252383964, 0.7072318051067046, 0.6926707431257285, 0.7105278201426398, 0.7008448604148478, 0.7117290345112918, 0.703042203772138, 0.6995704012676196, 0.7063675167195038, 0.7956821997154911, 0.7962242110769561, 0.7925473231924239, 0.7123589396070483, 0.705664366845171, 0.7060305907380526, 0.7252207227250533, 0.7091068714382589, 0.7111284273269658, 0.7048440253251159, 0.7045070993436648, 0.7469890709179412]","[-0.05323582411104144, 0.006339356173215793, 0.12140584201177551, 0.03332485521047557, 0.13684060458213976, 0.11808994126659711, -0.0011137783712505955, -0.08790565706960696, -0.05327658706358229, -0.12352561931074191, -0.06986338038192497, -0.02370459069393005, 0.04913730671483185, 0.07643984602429976, 0.071757416948942, 0.14278808060253845, 0.11269495011471897, -0.046411463586649604, -0.06708531554955188, -0.05864751705755766, -0.10517571455303931, -0.04817875047466913, 0.015562961520306562, 0.037188995604701236, 0.07884227476160366, 0.09276819489329546, 0.10732925687427153, 0.09947217985736023, -0.08084486041484784, -0.04172903451129173, -0.10304220377213802, -0.11957040126761964, -0.04636751671950379, -0.06568219971549116, 0.0037757889230439767, 0.017452676807576117, 0.05764106039295169, 0.12433563315482898, 0.12396940926194733, 0.05477927727494669, -0.11910687143825893, -0.051128427326965764, -0.11484402532511595, -0.09450709934366486, -0.10698907091794119]","[0.8129386695480766, -1.4648955715267736e-05]","[0.018607686710038127, 3.7429500139179544e-06]","[2.9049409350239176e-37, 0.00031914811353613866]",Fair treatment,11.526376365209222,0.0006861563047958904,14.806708383637908,0.000389799998154401
Camden,False,45,"[0.729489328741061, -1.1610342916202164e-05]","[4.714941339870401e-25, 0.0009742936042651904]",0.225718054349082,0.20771149747347917,0.55808617296316,0.012942315112829257,0.2221421438867214,-1.2607229442629342,"[0.008832405040635045, 0.038802401412178625, 0.0671251282852261, 0.016033478624914315, 0.040635884994305906, 4.564984987642939e-05, 0.0037498239047743637, 0.01577035060294079, 0.02721500977275205, 0.003095186226880374, 0.014213194814119387, 0.002834160141613062, 0.06445158951631137, 0.048391005265179414, 0.017833704613469205, 0.046063604957179205, 0.00014456560130805615, 0.003792288715904729, 0.01932017852602322, 0.018062753259120483, 0.00480945729454323, 0.007436955314538711, 0.007269387615276066, 0.029928031107887894, 0.04211892781737598, 0.018953032769829712, 0.05387555654410974, 0.0006903291869151976, 0.005024571653455266, 0.03078170854846198, 0.010623208936437867, 0.003917653648062367, 0.011161414364933158, 0.0067501923932840385, 0.012745381435317199, 0.0223012353808385, 0.016959016961976672, 0.03148756616675846, 0.01133195050818034, 0.004179642845969121, 0.015004510673632024, 0.02226749536815175, 0.007834848019640394, 0.010860630504446488, 0.04318710528816406]","[0.09250169676260969, 0.10255636680655401, 0.03878978286778596, 0.028074814881716634, 0.03406613394365268, 0.02758214237878248, 0.022812439118366036, 0.023815529340324666, 0.03504469301375338, 0.03575020773449031, 0.03287269415994986, 0.09931510528118245, 0.0920508471105307, 0.04858806647099726, 0.0268492540025603, 0.036527714568547254, 0.022257736885861037, 0.022243283850999596, 0.023451795741878896, 0.030895208248050643, 0.037619617808017564, 0.03663420890203875, 0.10045024046493138, 0.09386295039484223, 0.045159831485427196, 0.027581419457360822, 0.04334642176838465, 0.0230759965410259, 0.022384427219508722, 0.024882802423903214, 0.03493590202435948, 0.04400813465458721, 0.03055377688516253, 0.0997887889384082, 0.10101052458691614, 0.08840098222501064, 0.02877445801418963, 0.03235184545636598, 0.033157367872339985, 0.03235283933619605, 0.02224294533582201, 0.02550786388879329, 0.03380961787436947, 0.03293392710359365, 0.02912759616985172]","[0.7051192189599527, 0.7108663387034727, 0.5816432220461426, 0.5980138055579877, 0.5878779761921432, 0.6449544219681931, 0.62961715897589, 0.6094848243591954, 0.5864963453851151, 0.5855326869230704, 0.5896427483154059, 0.7090551252085452, 0.70485218107288, 0.5710894203353148, 0.600672574085798, 0.5844993664035284, 0.6201315088133528, 0.6205610915012523, 0.6110057792812179, 0.592800761588613, 0.5830945149106679, 0.584360042288534, 0.7096936940689363, 0.7059203326211706, 0.5745144714955945, 0.5990471260775296, 0.5764301780767679, 0.6311613345837449, 0.6180068160596878, 0.6058275663405918, 0.5866472798430258, 0.5757219471588795, 0.593381278734423, 0.7093221630956178, 0.7100071733276737, 0.7026578262617178, 0.5966205644080435, 0.5904438619766239, 0.5892131656275065, 0.6535576860690988, 0.6205727018441685, 0.6040279631885804, 0.5882495071654616, 0.5895498655720763, 0.648054383526819]","[-0.035119218959952625, 0.06913366129652732, 0.15835677795385739, 0.09198619444201228, 0.13212202380785676, -0.004954421968193068, -0.04961715897589003, -0.09948482435919537, -0.1064963453851151, -0.03553268692307032, -0.07964274831540585, -0.019055125208545243, 0.0951478189271201, 0.1189105796646851, 0.09932742591420196, 0.13550063359647158, 0.009868491186647232, -0.05056109150125232, -0.11100577928121791, -0.09280076158861295, -0.04309451491066785, -0.05436004228853397, 0.03030630593106365, 0.06407966737882942, 0.11548552850440541, 0.10095287392247032, 0.13356982192323208, -0.021161334583744917, -0.058006816059687716, -0.1358275663405918, -0.06664727984302576, -0.03572194715887944, -0.07338127873442302, -0.029322163095617748, 0.03999282667232629, 0.05734217373828221, 0.0933794355919565, 0.11955613802337606, 0.07078683437249356, -0.04355768606909882, -0.10057270184416844, -0.11402796318858044, -0.05824950716546162, -0.06954986557207632, -0.148054383526819]","[0.729489328741061, -1.1610342916202164e-05]","[0.024198518677672733, 2.8270736605798793e-06]","[1.4902797574788755e-30, 0.00017620125329841768]",Fair treatment,7.768151795445274,0.005317542943254929,8.971634321480806,0.0045360325141845384
Croydon,False,45,"[0.7383668887301306, -9.323640658259737e-06]","[6.934989667683097e-28, 0.0031912204905470126]",0.18496808879348292,0.16601385830030813,0.7660138151621821,0.09459659015389868,0.43025052602615393,-0.650368009478691,"[0.03365570938807071, 0.023545296602215455, 0.017372647665284385, 0.004523782575280974, 0.0448572475190346, 0.007689230548886365, 0.0002459772527534683, 0.014435217576675301, 0.010553925154462315, 0.019341130216200493, 0.0064778288477254364, 0.013370028030304612, 0.015778309279982836, 0.02332404397594918, 0.0049218663191753845, 0.07657283440026856, 0.0015561019054681428, 0.00022996775553965073, 0.014397413969147297, 0.0098983787267272, 0.01425822840823498, 0.0036726234028684516, 0.01104776889416336, 0.036110271583580815, 0.009517911261815181, 0.011462808029123405, 0.07483057054401065, 0.0005498341872977866, 6.725178633956171e-05, 0.024124233038073366, 0.024884385915182092, 0.006299243064429238, 0.014819214309874179, 0.05134748744582905, 0.001077101749436547, 0.0023029998944228075, 0.0038923768806381803, 0.03470416098532033, 0.031718142217804536, 0.000967311356136996, 0.01902965791828464, 0.008046923432562757, 0.014371836472047737, 0.006992089074284247, 0.059237687648809746]","[0.10762955398121045, 0.10516972561685801, 0.023610506558907497, 0.023501068808070638, 0.025609344999664406, 0.024225080456204504, 0.028019651487540778, 0.030510948622046598, 0.02860084000396558, 0.03316685387854663, 0.03506119443425956, 0.11096523554956636, 0.09118803477474532, 0.024267462380165448, 0.023983699844738922, 0.03246182864388808, 0.03579930470458102, 0.028256776780699065, 0.032705917740824764, 0.03693995248886929, 0.04051028630035099, 0.035265785996962104, 0.10576274714777435, 0.10583702336149513, 0.023287269103761953, 0.024758634980325794, 0.03198227574833312, 0.02490296533890938, 0.03166341450747047, 0.027704534599183664, 0.03239261698139505, 0.03675353162796863, 0.025175615712794825, 0.10982089279798396, 0.11397528093504264, 0.10083741185319482, 0.02282242957848477, 0.024417286843523997, 0.03163846678556126, 0.02283296610893484, 0.026453763660888592, 0.02455169370837898, 0.034618692671362146, 0.030472009482975668, 0.0298894224115897]","[0.7191881598960903, 0.7182651194709225, 0.6474427450307816, 0.6477690724538208, 0.6428834847488926, 0.6458111079155862, 0.6389768793130818, 0.6357322523640074, 0.6381657225758132, 0.632776658275339, 0.6308839592217124, 0.7204188804629805, 0.7127362005605745, 0.6457085478683453, 0.6464171445583731, 0.6335225495279998, 0.6301846861723428, 0.6386412282493844, 0.6332614875895686, 0.6291404384186178, 0.6261102552046833, 0.6306881627678889, 0.7184888868467209, 0.7185168577686956, 0.6484496982218737, 0.6445897109893541, 0.6340446734048624, 0.6442820308476316, 0.6343989717498763, 0.6394337377053365, 0.633597138653266, 0.6293082639504665, 0.643722612408136, 0.7199993166333589, 0.721509746419997, 0.7166055114337524, 0.650221189946943, 0.6453542495233314, 0.6344269426718511, 0.6501745717436517, 0.641391702243571, 0.6450465693816089, 0.6313128466919923, 0.6357788705672986, 0.6746211575496087]","[-0.04918815989609027, 0.04173488052907748, 0.0825572549692184, 0.04223092754617919, 0.12711651525110745, 0.0541888920844138, -0.008976879313081776, -0.06573225236400748, -0.058165722575813206, -0.07277665827533897, -0.040883959221712396, -0.03041888046298058, 0.03726379943942548, 0.09429145213165468, 0.04358285544162688, 0.14647745047200023, 0.01981531382765722, -0.008641228249384403, -0.06326148758956862, -0.049140438418617816, -0.05611025520468338, -0.030688162767888882, -0.028488886846720907, 0.05148314223130446, 0.06155030177812626, 0.06541028901064583, 0.14595532659513766, -0.014282030847631577, -0.004398971749876246, -0.08943373770533647, -0.0835971386532659, -0.03930826395046649, -0.07372261240813605, -0.05999931663335889, 0.008490253580002993, 0.013394488566247587, 0.039778810053056946, 0.11464575047666858, 0.09557305732814891, 0.019825428256348365, -0.08139170224357095, -0.0550465693816089, -0.06131284669199233, -0.04577887056729868, -0.13462115754960868]","[0.7383668887301306, -9.323640658259737e-06]","[0.019796899227336757, 2.293467485243882e-06]","[2.199278890920915e-34, 0.00020039195503344633]",Fair treatment,2.278231047377216,0.13120144195867203,2.2930683218164383,0.13726938276266984
Ealing,False,45,"[0.7569344992591548, -3.217738069733154e-06]","[3.829415591547366e-26, 0.4020585024660577]",0.016384318710802592,-0.006490464574992805,1.253561758938838,0.535741023672473,-0.10476054381308703,-0.7983185951628107,"[0.0008030021342817718, 0.0012069466702277175, 1.390663244263765e-05, 0.01683267785110061, 0.020739822636511047, 0.023441914698911555, 0.0006366139660718221, 0.0072514186936557465, 0.0029943879309618227, 0.05439387952872972, 0.02095760486493927, 6.719813071817746e-06, 0.014684390909559367, 0.003655088861917716, 0.014580376791318305, 0.04333861754443666, 0.01931201599626045, 0.0073298713571208225, 0.0006443938180309832, 0.0005393367154838756, 0.05891936614254858, 0.0034332219250194904, 0.01670193536288186, 0.0008383764177976263, 0.0022356905060560124, 0.014571317445495785, 0.05774628641784445, 0.008102756466772757, 0.016819604533272116, 1.5663994490536747e-05, 0.005791879336073219, 0.06890888642686419, 0.001691151792594839, 0.05464285323556092, 0.04061843065662784, 0.00880324746547221, 0.0028974673564180066, 0.02160520793189401, 0.03982940383536946, 2.1698573581258207e-06, 0.01933215449786305, 0.009565738458156623, 0.029852660040535432, 0.03676698502425339, 0.01915402630015175]","[0.10885430128989308, 0.10424970379385005, 0.025918184168509207, 0.024263047275921167, 0.02827483205577909, 0.02319444871059189, 0.027533541134154974, 0.026782414055008707, 0.030113360334163432, 0.03064826259879056, 0.035121274510064776, 0.10392171445884567, 0.09585773484120744, 0.024981748846037752, 0.025785816053232807, 0.0327073974062501, 0.03174270246602218, 0.027272279065283917, 0.02686015424028454, 0.04029821846959101, 0.03344374811924167, 0.0353720214678305, 0.10288741628176203, 0.10592714212147322, 0.02564467538312407, 0.025774419853841754, 0.032464276812859044, 0.025254123760687506, 0.026628904840021166, 0.026178135783958938, 0.03566945652273311, 0.03426791016232644, 0.034111155384948265, 0.11787851200172142, 0.10862950924924629, 0.10709196912492608, 0.022473387685516516, 0.02916764141652821, 0.02697799649042586, 0.0222707200409328, 0.023920573141522586, 0.028237729158858728, 0.032252689689347726, 0.033222223086427916, 0.029872526646255577]","[0.7513839010888651, 0.7508497565692894, 0.7274600185403991, 0.7285122188892018, 0.7263145037875741, 0.7294550161436336, 0.7266459308087566, 0.7270063174725667, 0.7255712062934657, 0.7253717065331423, 0.7239044179733439, 0.7508111437124526, 0.7498361690773234, 0.728016687226463, 0.727534026516003, 0.7246573686816615, 0.7249823602267046, 0.7267682048554065, 0.7269677046157299, 0.7224982664368705, 0.7244192560645013, 0.7238304099977401, 0.7506888696658027, 0.7510460385915432, 0.7276144699677463, 0.7275404619921424, 0.7247378121334048, 0.727846147108767, 0.7270835431862404, 0.7273184380653308, 0.7237435310698573, 0.7241618370189227, 0.7242101030899686, 0.7523910531046916, 0.7513581591843073, 0.7511811835904719, 0.730487910064018, 0.725941246171485, 0.7269097853304747, 0.7310864093449884, 0.7287792911489896, 0.7263305924779228, 0.724808602370939, 0.7244900463020354, 0.7374478775088508]","[0.008616098911134906, -0.010849756569289437, 0.002539981459600882, 0.09148778111079814, 0.09368549621242583, 0.11054498385636635, -0.016645930808756648, -0.05700631747256668, 0.03442879370653429, -0.14537170653314235, -0.08390441797334391, -0.0008111437124526111, -0.03983616907732346, 0.04198331277353706, 0.08246597348399709, 0.12534263131833845, 0.08501763977329546, -0.05676820485540646, -0.01696770461572994, -0.012498266436870575, -0.14441925606450134, -0.03383040999774012, -0.04068886966580276, 0.008953961408456834, 0.03238553003225375, 0.08245953800785766, 0.14526218786659517, 0.062153852891232986, -0.08708354318624034, 0.0026815619346691744, -0.04374353106985729, -0.15416183701892272, -0.024210103089968626, 0.06760894689530839, -0.061358159184307315, 0.028818816409528103, 0.03951208993598199, 0.09405875382851492, 0.1330902146695253, -0.0010864093449883816, -0.09877929114898965, 0.06366940752207728, -0.10480860237093903, -0.11449004630203541, -0.08744787750885075]","[0.7569344992591548, -3.217738069733154e-06]","[0.018927573281615106, 2.8451920509045453e-06]","[1.190128091073268e-35, 0.2643492763853703]",Fair treatment,6.504082637106766,0.010762707770228221,7.265070494596767,0.009992902601410681
Enfield,False,45,"[0.7344744855802352, -8.677369294115221e-06]","[7.751224165847585e-44, 3.1956949451761936e-07]",0.45901190340820497,0.4464307848828144,2.5917802267573795,0.41688395143922885,-0.4476370773223661,-0.20265783260650316,"[0.00012986758711510093, 0.007225062858717459, 0.003470893589070859, 0.01810289108482863, 0.0007256497757625663, 0.0011544453459472572, 0.005920189538923076, 0.032359794847221394, 0.0012698536829435006, 0.07214144897450375, 0.003868475569956152, 0.00881544676087095, 0.00603302320555081, 0.014881564948487292, 0.005821712869311984, 0.002212146277218139, 0.04920366854316792, 0.0039565108224655044, 0.03334227138078168, 0.005413979315918571, 0.07280287467581366, 0.021222248419139937, 6.410538407799887e-09, 3.214958156922499e-05, 0.002425318910493519, 0.03301061740255513, 0.011343647494271908, 0.011875704312760362, 0.019305946047692465, 0.0005558854165530372, 0.018709854849774606, 0.00666567049390648, 0.009917020390866999, 0.011651704085205465, 0.026026231613807873, 0.07245639450849234, 0.0006209988018816841, 0.03623124817985472, 0.010020913988219424, 0.02984662890194651, 0.09615462003759177, 0.00015820068906670286, 0.010798945471026186, 0.00031497805345635815, 0.00496097246132938]","[0.1085181150010265, 0.10477473573092783, 0.022889119080661657, 0.02684796243721546, 0.02930213997922187, 0.024039702315735826, 0.0307198825589424, 0.03255045839408992, 0.031099084244155986, 0.032102549920708545, 0.028139703191851176, 0.10679092259175646, 0.10171410445213067, 0.022362079160049494, 0.02452702852450173, 0.032383770363070274, 0.032758239344515924, 0.027693860088829427, 0.029901185910562185, 0.03011487731854697, 0.03462410165296801, 0.028297230185703723, 0.10435775849222012, 0.1064250893765862, 0.023130353765170912, 0.027665234467519763, 0.036306614389852845, 0.028987813133266243, 0.03053338563718279, 0.027369198153576763, 0.03175893860994368, 0.03647959326318815, 0.027586901119227895, 0.11109831548322567, 0.11049286917168946, 0.10698823816484986, 0.023124524535607094, 0.028711801396979233, 0.02896392975662506, 0.02308424546023237, 0.029901185910562185, 0.02990967725992743, 0.027622436802940614, 0.02868062319374836, 0.028670420008705035]","[0.7212935616224742, 0.7201394715063568, 0.6640402790199019, 0.6564822903647276, 0.6535927263897873, 0.661029231874844, 0.6521522830869642, 0.6504601960746117, 0.6517878335766113, 0.6508593550621409, 0.6548856544146104, 0.7207642420955331, 0.7191762835147101, 0.6665480387459013, 0.6600660438831972, 0.6506077113526116, 0.6502779713194352, 0.6554149739415515, 0.652967955800611, 0.652751021568258, 0.6487160448464945, 0.654703429659434, 0.7200093109669451, 0.7206514362947096, 0.6632679931527257, 0.6554496834187279, 0.6474057620830831, 0.6539311437922577, 0.6523345078421405, 0.6558141329290808, 0.6511717403567291, 0.6472756015436714, 0.6555451344809632, 0.7220745248589445, 0.7218923001037681, 0.720824983680592, 0.6632853478913139, 0.6542348517175518, 0.65395717590014, 0.6634068310614315, 0.652967955800611, 0.6529592784313168, 0.6555017476344925, 0.6542695611947282, 0.6830523951433084]","[-0.001293561622474182, 0.009860528493643161, 0.015959720980098124, 0.03351770963527234, 0.00640727361021276, 0.00897076812515607, 0.017847716913035883, -0.04046019607461171, 0.008212166423388734, -0.06085935506214091, 0.0151143455853896, -0.010764242095533172, -0.009176283514710115, 0.03345196125409866, 0.01993395611680282, -0.010607711352611626, 0.049722028680564745, -0.015414973941551446, -0.04296795580061097, 0.017248978431742, -0.05871604484649451, 0.03529657034056599, -9.31096694511968e-06, -0.0006514362947096508, -0.013267993152725643, 0.044550316581272065, 0.02259423791691695, 0.026068856207742352, -0.032334507842140536, -0.005814132929080729, -0.031171740356729094, -0.01727560154367136, 0.02445486551903686, -0.012074524858944558, 0.018107699896231844, -0.030824983680592055, 0.006714652108686159, 0.045765148282448154, -0.023957175900140015, 0.04659316893856846, -0.072967955800611, -0.0029592784313168252, -0.025501747634492533, -0.004269561194728211, 0.016947604856691556]","[0.7344744855802352, -8.677369294115221e-06]","[0.006558144209750768, 1.058271190036118e-06]","[1.1365521762242159e-54, 2.4771060002404754e-10]",Fair treatment,4.816512103770635,0.028188329911209883,5.154107602530232,0.028260004288869
Greenwich,False,45,"[0.8542770037481323, -1.7847964370961e-05]","[5.038044729693309e-29, 5.872026622373441e-05]",0.31591926673199655,0.30001041246994997,0.7916218205440675,0.06811005802509598,0.08907667591258261,-1.1569681976770314,"[0.08462380106909374, 0.008934046280812492, 0.027310233346178082, 0.02791247540645894, 0.013365971212992963, 0.012583860966145492, 1.480635935427804e-06, 0.037399186285034164, 0.014715959438308576, 0.020369357983736593, 0.0007443192788789778, 0.0021379714140547477, 0.010128658015597992, 0.028855984054260538, 0.015582716788100717, 0.05567390509648519, 0.011358670290491245, 0.00440221786685641, 0.026181415025485176, 0.025154927427952976, 0.015191975104571528, 0.002175877471156553, 0.00012774599331041349, 0.02463697342991049, 0.01343499750673963, 0.006064289890695118, 0.06138398909545677, 3.8772357025132325e-05, 0.009809623797948273, 0.03156526232194129, 0.020367664444165424, 0.005006988167841995, 0.0023046774712849006, 0.05844175568792848, 0.007341779491706015, 0.04954550034973154, 0.0064768656973298805, 0.002325514934774681, 0.035030752007770526, 0.000259040757205924, 0.02635888637384874, 0.017453474789925625, 0.03150847665912981, 0.0026015454598939313, 0.0005585107330572396]","[0.10750539096202602, 0.10136311092544999, 0.024606387499166424, 0.026786890123277646, 0.031974014332527015, 0.02363106055804947, 0.0285827451303178, 0.028735164202002256, 0.03683009786624164, 0.03166383718078062, 0.037383781466625285, 0.10527016121216624, 0.09694309158793149, 0.025149596386946308, 0.02755862946321621, 0.040936595652309206, 0.030150509899028156, 0.02742836076561446, 0.027017931768508214, 0.036236689315478576, 0.03446013167854288, 0.03709921482040519, 0.1105841527198841, 0.1048145436126012, 0.024059593341132016, 0.027706128821994913, 0.03369033929303178, 0.02347331590782034, 0.026916149231649776, 0.0267229373212663, 0.03167409565450935, 0.03371295612172269, 0.028160691467964145, 0.11336665960665104, 0.10756704788151124, 0.10741294735762423, 0.022290210267466345, 0.02508147037269052, 0.027382767906621114, 0.02243628891084289, 0.026301371341321135, 0.02579251460435092, 0.027128195956513213, 0.027239713389286192, 0.029172516114933572]","[0.8249884942153853, 0.8213653574480803, 0.7097084923433482, 0.7033724649916571, 0.692824318048419, 0.7135279567187338, 0.6992495852219651, 0.6989283218632878, 0.6853460209769864, 0.693359756979548, 0.6845785585090352, 0.8236855928163052, 0.8186703148280651, 0.7079236959062521, 0.7015162766970771, 0.6799559357369562, 0.6961083434926759, 0.7018196920913835, 0.7028013301317864, 0.6861848753024216, 0.6888085260649529, 0.6849712137251962, 0.8267554426881104, 0.8234178733507408, 0.7117253123172668, 0.7011771653740289, 0.6900043396778073, 0.7142597232579433, 0.7030512016329797, 0.7035330966709957, 0.693341909015177, 0.6899686437490653, 0.700159831404884, 0.8283260635527551, 0.8250241901441272, 0.8249349503222724, 0.7234335769446172, 0.7081378714787037, 0.7019267798776092, 0.721273973255731, 0.7046218224976243, 0.7060139637185593, 0.7025336106662219, 0.7022658912006574, 0.7544176430926055]","[-0.08498849421538535, 0.02863464255191972, 0.11029150765665174, 0.10662753500834299, 0.06717568195158097, 0.07647204328126622, 0.0007504147780348358, -0.11892832186328783, -0.06534602097698639, -0.083359756979548, -0.014578558509035111, -0.013685592816305103, 0.03132968517193491, 0.1120763040937478, 0.07848372330292297, 0.12004406426304381, 0.06389165650732409, -0.041819692091383476, -0.10280133013178638, -0.08618487530242158, -0.06880852606495291, 0.02502878627480376, 0.003244557311889551, 0.0465821266492592, 0.07827468768273327, 0.048822834625971145, 0.13999566032219268, -0.004259723257943326, -0.06305120163297973, -0.11353309667099576, -0.08334190901517702, -0.03996864374906528, 0.029840168595115957, -0.06832606355275506, -0.025024190144127156, 0.06506504967772764, 0.05656642305538284, 0.03186212852129633, 0.11807322012239074, -0.011273973255730985, -0.1046218224976243, -0.0860139637185593, -0.11253361066622192, -0.03226589120065737, -0.014417643092605514]","[0.8542770037481323, -1.7847964370961e-05]","[0.022480270999999087, 3.3151480473902583e-06]","[1.0071281065771325e-34, 2.8560375375551945e-06]",Fair treatment,5.480554670627647,0.01922915636821509,5.963237815532662,0.018794408722367355
Hackney,False,45,"[0.7286954423175646, -1.799259809807101e-05]","[2.6331432905141096e-30, 3.6101931552242475e-08]",0.5100893905749964,0.4986961205883683,2.335867919262734,0.0006014248004985181,1.3967442233084508,2.442782393429045,"[0.025127202924867247, 0.009666450835215015, 0.23400296440370835, 0.0003545934238509662, 0.00041838509675821755, 0.008214960239785333, 0.00016619277369935275, 5.862085176646102e-05, 0.019345425619864753, 0.001580964942373607, 0.01125735213506555, 0.0685301567862864, 0.10819620565074398, 0.05540276972253877, 0.00010750960251151429, 0.007783633833403763, 0.009155667566727112, 4.9328304096526734e-05, 8.57880841451231e-05, 0.012038259287817703, 0.001621729616078441, 0.010326037813029269, 0.128611875466184, 0.20438122646151743, 0.008920534816162465, 0.00012755919945794088, 0.019853043462389183, 0.008593199778936288, 0.0046121081041105095, 0.0002728612032378809, 0.006639333123974173, 0.0006083709317033805, 8.217735143175683e-05, 0.0018971534648068895, 0.06641891445515957, 0.24346396908842463, 0.0033840001750360268, 0.0019423516614436513, 0.01757795706138489, 0.00127292142784427, 0.0004182612552884609, 0.009871504685761983, 0.023626416068685308, 0.003967978855284319, 0.011013911447400852]","[0.10344406777236585, 0.09885277857251654, 0.034351858982833966, 0.02670653329337123, 0.03668132748553592, 0.02230463577901725, 0.025360746779542927, 0.028850858423937073, 0.02738595191318114, 0.03145718786921124, 0.02996954037579621, 0.10706258175099329, 0.09494185723091453, 0.029888475659545534, 0.028255877637603136, 0.04941196138783249, 0.040615243249543555, 0.02897928240713535, 0.02486949286525179, 0.030273186915151486, 0.03132455906007164, 0.036937840106144426, 0.10862975783156323, 0.10018777561155576, 0.02561397202609273, 0.03291248020239548, 0.03681487876798117, 0.02541269197949005, 0.02978372891753934, 0.024075400860711, 0.03235659678413015, 0.031001509457949522, 0.025053113609287955, 0.10930968811542974, 0.11645386688193651, 0.09093957829806046, 0.022326694606096757, 0.030347929422964944, 0.029831984034776222, 0.022420036038415702, 0.02363254351619568, 0.02333770734775415, 0.030067380813650166, 0.02430891138466356, 0.037255927973863394]","[0.6863948441889997, 0.683210154325641, 0.532414189665708, 0.5492372688874043, 0.5284738106822304, 0.5788710779549273, 0.5535015146366471, 0.5436055856827081, 0.5473300534890088, 0.5378839394875214, 0.541032644154684, 0.6888418375303372, 0.68042130162044, 0.5412125701356647, 0.5450629861286518, 0.5110749683213958, 0.5224822755155727, 0.5432997115150409, 0.5552827818483561, 0.5403669180250553, 0.5381538284589926, 0.5280599809259747, 0.6898854082200254, 0.6841457694267408, 0.5526378699279397, 0.5350411089880263, 0.5282578995050535, 0.5533215886556664, 0.5414464739109396, 0.5585574347022051, 0.5361026722758124, 0.5388195545886212, 0.5545990631206295, 0.6903352231724772, 0.6949593208836814, 0.6774885081304545, 0.5713501719499336, 0.5402049846421727, 0.5413385183223511, 0.580814278549519, 0.5606985538758755, 0.5623178877047019, 0.5408167329775071, 0.5575318566106151, 0.6231148766780839]","[-0.03639484418899963, -0.023210154325640997, 0.20758581033429202, -0.009237268887404282, -0.00847381068223041, -0.04887107795492729, 0.006498485363352957, -0.003605585682708079, -0.06733005348900878, -0.017883939487521427, 0.048967355845315974, -0.058841837530337227, 0.07957869837956, 0.10878742986433532, 0.004937013871348261, -0.03107496832139578, 0.03751772448442736, -0.0032997115150408263, 0.004717218151643943, -0.05036691802505533, -0.018153828458992605, 0.041940019074025225, -0.07988540822002543, 0.10585423057325927, 0.04736213007206025, 0.004958891011973776, -0.058257899505053556, 0.04667841134433359, -0.031446473910939576, -0.008557434702205047, -0.03610267227581243, 0.011180445411378859, -0.00459906312062941, 0.009664776827522759, -0.054959320883681384, 0.12251149186954557, -0.031350171949933614, -0.020204984642172685, -0.061338518322351154, 0.01918572145048103, -0.010698553875875483, -0.052317887704701915, -0.07081673297750712, 0.03246814338938486, -0.04311487667808389]","[0.7286954423175646, -1.799259809807101e-05]","[0.03250351187165922, 3.4341401728569355e-06]","[2.3783650805381363e-25, 4.606474407227385e-06]",Fair treatment,0.40262654885313054,0.5257359057541282,0.38820540899453954,0.5365350500763061
Hammersmith and Fulham,False,45,"[0.7841095630396021, -1.339284603773981e-05]","[1.0129130720133594e-27, 0.013985187073707953]",0.1324553722058276,0.112279915745498,0.7381393447001425,0.11060968211158845,0.3246799503657925,-0.8506975294924555,"[0.016903152254721016, 0.01838680652816838, 0.04399040007891119, 0.028703824195603526, 0.007200335509978303, 0.008041332865204065, 0.00024128835509701398, 0.014376826441689602, 0.029972426529511754, 0.007928593212746131, 0.007522839919640018, 0.0012378178888257122, 0.011018777315079558, 0.0596490358612102, 0.019200511024182673, 0.009627766508613194, 0.011991931057215775, 0.0019735494171670433, 0.018209220283831956, 0.030178663194694356, 0.007619106264308293, 0.001538875812383094, 0.010824687131327448, 0.0014400806353527301, 0.07183395866681619, 0.0072808136816662075, 0.03183033162529163, 0.0002863411615352993, 0.0008862292495141823, 0.042576310978985336, 0.019434018051469083, 0.007561616823295486, 0.00804514979722204, 0.026897844060049775, 0.027834484506023393, 0.010476244764347352, 0.03708715006571338, 0.005830298726749722, 0.020552415116881165, 0.003955186620049398, 0.011813723197377939, 0.014355811889559091, 0.010849137421680411, 0.014309066231221898, 0.025415107246348014]","[0.10564332279923955, 0.10127947705530896, 0.028189076297428735, 0.02954493936497658, 0.04001474712056344, 0.0226494469959077, 0.025451837278143118, 0.02452286201073355, 0.03354137993277399, 0.02686147624583611, 0.034924477723568895, 0.10881518636872257, 0.09821305608338299, 0.028665090130246748, 0.034017856797981055, 0.04524193028405151, 0.02677950598280643, 0.025983495176416214, 0.026852332358386903, 0.0340616599626559, 0.032481400575238975, 0.030011900513694754, 0.10007560887952366, 0.10253064018114454, 0.0324678007527211, 0.03361294198939606, 0.039729246561093036, 0.02260209942854046, 0.025780379805103337, 0.02355800073093772, 0.034743474153302534, 0.0339304940116412, 0.025732470986355425, 0.10610949418708643, 0.10743736684649252, 0.10333194930079177, 0.02543658928081182, 0.030652854100476638, 0.02744601354539717, 0.02250135129788891, 0.022636893506320928, 0.02473363595780606, 0.03121694932184868, 0.026608856999396135, 0.0333784311178596]","[0.7693774323980883, 0.767850647949786, 0.6963730286463686, 0.6947123157376889, 0.6851766093588181, 0.7158997981693933, 0.7004444538418415, 0.7022123095188232, 0.6905605334659896, 0.6981944557075013, 0.689301605938442, 0.7704622529271452, 0.7667524345746913, 0.6957703505746703, 0.6901185695467441, 0.6815203623905152, 0.6983149913218409, 0.699547133157313, 0.698207848553539, 0.6900783910086309, 0.6915783897648577, 0.6941766018961792, 0.7674220768765783, 0.7682926118690314, 0.6915917826108955, 0.6904935692358009, 0.6853908948954219, 0.7078908762388249, 0.6998819543082564, 0.7044890933452389, 0.6894623200908949, 0.6901989266229706, 0.6999623113844828, 0.7695381465505412, 0.7699935033158244, 0.768573861635824, 0.700471239533917, 0.6934667810561791, 0.6973640992531613, 0.7151096202531666, 0.7077167692403342, 0.7017837384456155, 0.6928641029844808, 0.6985694553965579, 0.7328417484071341]","[-0.03937743239808833, 0.042149352050214084, 0.13362697135363133, 0.10528768426231117, 0.044823390641181904, 0.06410020183060672, -0.010444453841841561, -0.08221230951882319, -0.10056053346598959, -0.05819445570750126, -0.04930160593844202, -0.0104622529271452, 0.03324756542530871, 0.15422964942532968, 0.07988143045325591, 0.048479637609484816, 0.07168500867815908, -0.029547133157312944, -0.08820784855353903, -0.10007839100863092, -0.051578389764857735, -0.024176601896179206, 0.03257792312342178, 0.01170738813096861, 0.1584082173891045, 0.04950643076419914, 0.0946091051045781, 0.012109123761175122, -0.019881954308256344, -0.14448909334523885, -0.07946232009089493, -0.05019892662297054, -0.059962311384482825, -0.04953814655054123, 0.05000649668417556, 0.03142613836417607, 0.12952876046608297, 0.0465332189438209, 0.0926359007468387, -0.04510962025316656, -0.07771676924033422, -0.08178373844561548, -0.06286410298448075, -0.07856945539655791, -0.0928417484071341]","[0.7841095630396021, -1.339284603773981e-05]","[0.01753704476615201, 3.738264068980639e-06]","[1.0961788845396814e-37, 0.0008610156840228931]",Fair treatment,5.3960501840516075,0.02018237659726301,5.8587630524867835,0.019796689219520328
Haringey,False,45,"[0.7473302986831425, -1.639041601760429e-05]","[2.8635637785838346e-31, 7.16506766585863e-07]",0.43884422508501686,0.42579409078466834,1.3803893301014425,0.5039839508856943,0.032630310061528764,-0.6127076576407204,"[0.0025619538280224727, 3.970762344895947e-05, 0.0956104140962973, 0.0013500124532202999, 0.025299849052830316, 4.056134355897726e-06, 0.01935714854116286, 0.019770571547211038, 0.017685467917480893, 0.031836172981495686, 0.004369718186796607, 0.00420317669122331, 0.031199830668276127, 0.07767750455425232, 0.0028154668491402104, 0.0221489563176384, 0.009703933994895721, 0.007005005255407957, 0.019784892227183267, 0.022922027330516268, 0.012860859723394834, 0.0008749272786163241, 0.009441145723094624, 0.06401773876971453, 0.007423941994261455, 0.0029859737348883297, 0.008116443356608891, 0.012967577484327277, 0.003212608196183461, 0.012393297754010688, 0.017128209929063908, 0.0035927153903658007, 0.011174811403806365, 0.05664690784108304, 0.011662006184141514, 0.08969259072562794, 0.00019755185314884323, 0.012723947890471697, 0.000904119628097017, 0.0060381918509462736, 0.007968442023976015, 0.025060624571487864, 0.02841591484977826, 0.0009274253770244711, 0.10388658306905932]","[0.11381200049704947, 0.09538768126128697, 0.032352712240588014, 0.038890325261950895, 0.0381612076229844, 0.02271410601822354, 0.02764261541008491, 0.02530870019277153, 0.02842271242066189, 0.026538365876409096, 0.029648671961889993, 0.10545975453920947, 0.09393023557506897, 0.040999707114522506, 0.036728162588121845, 0.041026700692221106, 0.031508891392494166, 0.028920769327977013, 0.025292312004263188, 0.030360729120323175, 0.027708051672277356, 0.031235770589627815, 0.10158583307287306, 0.10097678227637984, 0.033513941687454404, 0.03177646221815443, 0.03951901061550808, 0.02453798947322918, 0.026085197427737832, 0.023216493373736262, 0.029496729117155555, 0.025363642548950172, 0.024122598202959294, 0.1139312291152918, 0.10497754709276302, 0.09704820044705895, 0.026435490278310863, 0.03412891994211205, 0.02747003816037786, 0.02222248885311845, 0.023605575853065313, 0.026308640734754286, 0.023279555151983496, 0.023691084688106347, 0.0446563662889126]","[0.7192043447969335, 0.7085014031374379, 0.5849340567807192, 0.5754603963225439, 0.576411040451565, 0.6110603799127804, 0.5939323951743839, 0.5999476778528448, 0.5922277919085531, 0.5965712521532183, 0.5897528390898948, 0.7145002953998811, 0.7075999302564697, 0.5728215393437096, 0.5783451095416423, 0.5727887585116744, 0.5863600229742507, 0.591195195699444, 0.5999968491008976, 0.5884088249764513, 0.5937848814302255, 0.5868353450387613, 0.7122384179894518, 0.7118778288370644, 0.5830655493547123, 0.5859010913257579, 0.5746572659376813, 0.6024226306715029, 0.5977513621064857, 0.6079462008694356, 0.5900478665782117, 0.5997837736926687, 0.6039305489451225, 0.719269906461004, 0.7142216583275818, 0.7095176089305294, 0.5968334988094999, 0.5821149052256912, 0.5943257651588064, 0.618616361696896, 0.6060613030274111, 0.5971613071298519, 0.6076183925490835, 0.6056843234590062, 0.6683121030622722]","[0.010795655203066468, 0.0014985968625620405, 0.13506594321928078, 0.014539603677456103, 0.06358895954843502, -0.001060379912780407, 0.06606760482561613, -0.06994767785284473, -0.0622277919085531, -0.08657125215321826, 0.030247160910105153, -0.01450029539988118, 0.04240006974353028, 0.10717846065629044, 0.021654890458357667, 0.05721124148832557, 0.04363997702574929, 0.038804804300555995, -0.06999684910089754, -0.06840882497645129, -0.05378488143022542, 0.013164654961238642, -0.02223841798945181, 0.05812217116293561, 0.036934450645287664, 0.024098908674242137, 0.03534273406231869, 0.05757736932849711, -0.027751362106485766, -0.05794620086943558, -0.060047866578211706, -0.029783773692668714, -0.0539305489451225, 0.050730093538996046, -0.02422165832758183, 0.07048239106947063, -0.006833498809499905, 0.0478850947743088, -0.014325765158806458, 0.04138363830310399, -0.04606130302741107, -0.07716130712985192, -0.08761839254908343, -0.015684323459006277, -0.11831210306227213]","[0.7473302986831425, -1.639041601760429e-05]","[0.020785935447440902, 2.5527121160045956e-06]","[1.0151730761881829e-33, 8.926469905575793e-08]",Fair treatment,0.7598758055774868,0.38336739176627044,0.7385752240711686,0.3948836160728171
Harrow,False,45,"[0.7874330088432201, -4.718709485303491e-06]","[1.5233851401216423e-32, 0.3756459870692704]",0.01829721597913747,-0.004533081323673249,2.009755195529819,0.042792593034807105,-0.08588562430965058,-1.1521578031024016,"[0.041640162436495314, 0.05260632142375834, 0.0046314935188903885, 0.00011731447138957896, 0.01855019849153179, 0.01413662226278665, 0.0008285743929205937, 0.01612516185995415, 0.03478752852699884, 0.02379017366951252, 0.03520780855798142, 0.08679215735036605, 0.032350348723961864, 0.0006807032212605834, 9.676194823878945e-05, 0.03570213962493034, 0.015895770315471864, 0.00013112972014473465, 0.0025043261433217202, 0.008574979688715848, 0.030392227585385692, 0.047856837214955504, 0.013999175583263935, 0.022087195034025574, 0.00015912041003648513, 0.0013263398029410387, 0.06079069665810073, 0.009260656385393183, 0.012686308417484502, 0.002974094833752399, 0.001203426164222501, 0.04556532403986555, 0.027907737530395202, 0.045288142984746795, 0.0036980548751506808, 0.011460944286458915, 0.0006216191387356015, 0.007270706032613344, 0.04199072749786725, 0.0005256869725146757, 0.02771298240835142, 0.03542885268820904, 0.009135140314009886, 0.031782550055471905, 0.035006589014292766]","[0.10164451588642255, 0.10287454429674184, 0.024829425775046474, 0.024404322607425102, 0.03493378310082015, 0.022827948682878307, 0.024829425775046474, 0.024040124981620694, 0.029653646011247693, 0.02770829477786167, 0.03263788482675784, 0.10484141951035394, 0.09886135012238897, 0.02332556355303624, 0.025424213980659995, 0.03664203233649806, 0.03117698687744414, 0.026957644417704457, 0.026870781814856227, 0.026627033477813068, 0.037191012162008596, 0.0356377149081599, 0.10328665416542016, 0.10778316190236337, 0.02283241549404253, 0.03032403197375777, 0.03899319807728727, 0.02803505553401679, 0.02770829477786167, 0.028132141170538954, 0.02898238342405588, 0.043693786519773105, 0.03364082824436358, 0.11245544328058941, 0.1099695676022284, 0.11093816640363785, 0.0228190642886414, 0.03293580302641311, 0.03442828808949248, 0.02227050344888764, 0.024395868320847138, 0.025312444516066415, 0.03136655313601544, 0.028952626319011195, 0.02680405040189636]","[0.7826812683915195, 0.7827945174191667, 0.7653400110330292, 0.7655665090883237, 0.7621265698735374, 0.7667178742027377, 0.7653400110330292, 0.7657788510151624, 0.7635091517527314, 0.764141458823762, 0.7626833775928032, 0.7829738283796083, 0.7824217393698278, 0.766269596801634, 0.7650521697544257, 0.7617443544052279, 0.7630703117705981, 0.7644151439739096, 0.7644481749403068, 0.7645425491300128, 0.7616263866680953, 0.7619661337510372, 0.7828322670950492, 0.7832380761107853, 0.7667131554932525, 0.7633109659543487, 0.7612536086187563, 0.7640282097961147, 0.764141458823762, 0.7639951788297177, 0.7637167749700847, 0.7603664912355192, 0.7624332859900822, 0.7836486038360067, 0.7834315431996828, 0.7835164799704182, 0.7667273116217084, 0.7626078782410384, 0.76224453761067, 0.7676380225523719, 0.7655712277978091, 0.765104075558764, 0.7630184059662598, 0.7637262123890554, 0.771526239168262]","[0.047318731608480435, -0.05279451741916674, 0.03465998896697087, -0.005566509088323679, 0.05787343012646251, 0.06328212579726222, 0.01465998896697085, -0.06577885101516245, 0.0864908482472686, -0.07414145882376211, -0.0826833775928032, 0.0670261716203917, -0.04242173936982785, 0.013730403198366048, 0.004947830245574325, 0.07825564559477205, 0.05692968822940181, 0.005584856026090379, -0.02444817494030682, 0.045457450869987204, -0.0716263866680954, -0.09196613375103713, 0.027167732904950892, -0.03323807611078533, -0.006713155493252465, 0.016689034045651363, 0.09874639138124364, 0.04597179020388531, -0.05414145882376209, 0.026004821170282355, 0.016283225029915305, -0.0803664912355192, -0.07243328599008225, 0.04635139616399331, -0.01343154319968276, -0.02351647997041817, 0.013272688378291653, 0.03739212175896167, 0.08775546238932996, 0.012361977447628125, -0.08557122779780901, 0.09489592444123596, -0.04301840596625983, -0.08372621238905531, -0.09152623916826197]","[0.7874330088432201, -4.718709485303491e-06]","[0.019816596274005453, 4.901725002609159e-06]","[1.555980740504577e-35, 0.3410992582909874]",Fair treatment,4.03974827360466,0.04444045011814571,4.240920610677298,0.04554859982143895
Havering,False,45,"[0.8310460785699938, -8.926289045668528e-06]","[1.3478811172022632e-34, 0.03340570164203189]",0.1009790623762501,0.08007159871058145,0.6705049130722546,0.006380464371870732,0.1504885043828687,-1.3570289678653407,"[0.05571274154881689, 1.1027176558255344e-06, 0.03918840176619376, 0.030371234577853398, 0.020106298266719894, 0.006027563983198301, 2.4855641684210808e-05, 0.03926279935251283, 0.02481382069605093, 0.016868368117291505, 0.0010028643120862705, 0.038624111206399935, 0.0077110795473155835, 0.03614488785811088, 0.011926555084796075, 0.01725685115250906, 0.010832099521299288, 5.050757426984732e-06, 0.02994872746340095, 0.01824063166170409, 0.024712307678446743, 2.8589656109558516e-05, 3.3896565529637933e-09, 1.0200895856531543e-05, 0.03348037203327526, 0.013855305278587695, 0.026505797439698282, 0.008548026288049739, 0.010484291630287615, 0.02118781116598314, 0.02684588699852136, 0.015889541130360257, 0.001374888272050719, 0.04207412098019174, 0.0024370376543013596, 0.04968709795358133, 0.013693865934810005, 0.01687080807010261, 0.02256187286802353, 0.001642147064161732, 0.03450821498191072, 0.01602693587262066, 0.01715206370920003, 0.003596357223234538, 0.017260749334764056]","[0.10483804757611918, 0.09939856560679478, 0.02704377481340629, 0.026627917977255885, 0.028918559375851756, 0.024132807669548784, 0.023135158041513372, 0.03246846439957458, 0.03908977852973626, 0.036560235536787826, 0.03362087183625174, 0.107883105240175, 0.09939856560679483, 0.025713256406177033, 0.026333003991780818, 0.026550833172536252, 0.025152005703708607, 0.025773822616627137, 0.03146135633938369, 0.04594022932070337, 0.03875063562571599, 0.03541431777986569, 0.09838922227152226, 0.10156034590681699, 0.028278393718735514, 0.028438294136468804, 0.02865863438450227, 0.02292043934790597, 0.025215483972660137, 0.027341857751612776, 0.04627825783527076, 0.03067975830214443, 0.02788775799035633, 0.111941533278019, 0.1024664585103707, 0.10441948124404428, 0.023695255968034762, 0.026230812648210915, 0.0260754105370291, 0.022886611988149133, 0.02563615093180669, 0.03150344978773195, 0.03834080487858371, 0.02638928686004664, 0.03056098458366861]","[0.8214146126897175, 0.8202363425356892, 0.77772042781117, 0.778095331951088, 0.7762029586734064, 0.7915740284100475, 0.7825227713177397, 0.7738285657872586, 0.7703205341923108, 0.7715612883696588, 0.7731501678197877, 0.8220573055010056, 0.8202363425356892, 0.7789879608556549, 0.7783720469115039, 0.7781667422634534, 0.7795949485107604, 0.7789254768323353, 0.7744534060204553, 0.7673659325181945, 0.7704812073951328, 0.7721593497357185, 0.8200131853095475, 0.8207094358551097, 0.7766939045709181, 0.7765689365242787, 0.776399337032411, 0.7829869383481144, 0.779523538198395, 0.7774615654288456, 0.7672320381825095, 0.7749622044960585, 0.7770063246875165, 0.8228963766712984, 0.8209058142141143, 0.8213253497992608, 0.7815230269446248, 0.7784702360910062, 0.7786219830047826, 0.7893781613048131, 0.779068297457066, 0.7744266271533183, 0.7706775857541376, 0.7783184891772298, 0.7974028951568691]","[-0.051414612689717476, -0.00023634253568927122, 0.09227957218882998, 0.08190466804891194, 0.06379704132659358, 0.03842597158995242, -0.0025227713177397026, -0.08382856578725861, -0.06032053419231087, -0.051561288369658786, -0.013150167819787728, -0.042057305501005615, 0.019763657464310747, 0.09101203914434508, 0.051627953088496104, 0.061833257736546576, 0.05040505148923957, 0.0010745231676647649, -0.07445340602045536, -0.04736593251819454, -0.06048120739513285, -0.0021593497357185187, -1.3185309547525392e-05, -0.0007094358551097413, 0.08330609542908185, 0.05343106347572124, 0.07360066296758894, 0.04701306165188557, -0.049523538198395056, -0.06746156542884563, -0.05723203818250955, -0.05496220449605849, -0.017006324687516505, -0.04289637667129842, -0.010905814214114296, 0.048674650200739245, 0.05847697305537514, 0.061529763908993784, 0.0713780169952174, 0.020621838695186967, -0.08906829745706601, -0.05442662715331836, -0.05067758575413761, -0.02831848917722979, -0.05740289515686914]","[0.8310460785699938, -8.926289045668528e-06]","[0.014936071107990855, 3.2031869747178707e-06]","[1.0582762918298111e-41, 0.007893535220145364]",Fair treatment,7.7060183029332325,0.0055037016397726955,8.885047183154244,0.0047171226176151585
Hillingdon,False,45,"[0.736439788137443, 3.407005786910232e-06]","[1.6684367299639146e-31, 0.28228186474371536]",0.026832501130788278,0.0042006988315042015,1.5976333253745705,0.045591018442755205,-0.7790939263153619,0.7789321420834634,"[0.08728769246295609, 0.06996907814871738, 0.003787697813485014, 0.0027514377535711575, 0.0001312315396435122, 0.008135153303767502, 0.008308326414058317, 0.0010043865775429598, 0.021793601127469437, 0.018824672368295502, 0.024094933879566648, 0.015317872938021945, 0.08999618864158987, 0.0035510777743700834, 0.00276389102477207, 0.005409614404492325, 0.005620240253998696, 0.0027473958362921836, 0.018705759410779548, 0.0027470992818744247, 0.024897312289163514, 0.05688432334997823, 2.9095333489413417e-05, 0.06948180409468614, 0.004351635847552446, 0.0027473747183174983, 0.002798724707257983, 0.016791754404316555, 0.00012519535188763658, 0.026684291153809554, 0.00023959558835729485, 0.015064608462254499, 0.08893338340891503, 0.1901694637447147, 0.07327944136967753, 0.0016391828939512595, 1.1818780129810118e-05, 0.0001365749849634364, 0.0027261738711066535, 0.008319816883005645, 0.005166636404198225, 0.031007037168986184, 0.004733319552522749, 0.008537378774764435, 0.12911662608796468]","[0.10370438850139745, 0.10334110231233658, 0.023888836788483303, 0.023832964599116525, 0.027381371412866555, 0.022993100612401535, 0.025029229742931737, 0.02799336423331418, 0.024007922758808302, 0.036706122762882376, 0.043706230296766735, 0.10431166917553389, 0.09781395760458922, 0.02324018392065697, 0.023552357977241027, 0.029071972269352132, 0.03174302365955761, 0.0239456615528819, 0.029080762451376595, 0.023954488372407594, 0.0447296988934624, 0.05371821098512857, 0.1056862941301161, 0.10249659099950473, 0.025582906934507866, 0.028580249092345977, 0.031805284865484, 0.024701859578147644, 0.02953653578487391, 0.031784508584020606, 0.023131463544909067, 0.04086559236820281, 0.040533648152304355, 0.1074748693014136, 0.10909453995552928, 0.10887561961263788, 0.023250371964266596, 0.027051273163375935, 0.02656258526243273, 0.022260801511011216, 0.025576754652571535, 0.027929017508087337, 0.026774970038759602, 0.038212868183417376, 0.0244847739285868]","[0.7414583076615618, 0.7414991917310048, 0.7623977652279121, 0.7623534741526823, 0.7643874566074677, 0.7615596418043322, 0.7631779695531146, 0.7646532030588467, 0.7624897543841587, 0.7675014598967036, 0.7691845207554373, 0.7413901675458237, 0.74213289480737, 0.7618253882557112, 0.7621183907533855, 0.7650892997995712, 0.7660398544141191, 0.7624420563031419, 0.7650927068053581, 0.7624488703147158, 0.7694059761315865, 0.7711673981234191, 0.7412368522854127, 0.7415945878930382, 0.7634982280970841, 0.7648951004697173, 0.7660602964488405, 0.7629735492058999, 0.7652664641004905, 0.7660534824372668, 0.7617129570647432, 0.7685405966617113, 0.7684622355286124, 0.7410392459497719, 0.7408620816488525, 0.7408859306893609, 0.7618356092730719, 0.7642375483528436, 0.7640058719593337, 0.7601763974548467, 0.7634948210912972, 0.7646259470125514, 0.764108082132941, 0.7678932655621983, 0.7567251005927066]","[0.06854169233843821, -0.06149919173100471, -0.032397765227912156, 0.02764652584731775, 0.005612543392532365, 0.04844035819566783, 0.04682203044688549, 0.015346796941153373, 0.0775102456158413, -0.05750145989670363, -0.05918452075543734, 0.028609832454176365, -0.07213289480736995, -0.03182538825571124, 0.027881609246614536, 0.03491070020042886, 0.033960145585880896, 0.027557943696858156, 0.06490729319464184, 0.02755112968528428, -0.05940597613158649, -0.08116739812341911, -0.001236852285412704, -0.06159458789303818, -0.03349822809708414, 0.02510489953028272, 0.023939703551159486, 0.06702645079410008, -0.0052664641004904755, 0.07394651756273318, 0.008287042935256839, -0.04854059666171129, -0.11846223552861235, 0.09896075405022808, -0.06086208164885243, 0.009114069310639072, -0.0018356092730719142, 0.005762451647156386, 0.025994128040666364, 0.04982360254515339, 0.03650517890870286, 0.0853740529874486, -0.03410808213294103, -0.0378932655621983, -0.18672510059270664]","[0.736439788137443, 3.407005786910232e-06]","[0.027082356034622623, 3.5106839204399458e-06]","[1.0111071563791067e-28, 0.33724081769022046]",Fair treatment,0.2676125704398835,0.6049377949498967,0.25724852148872074,0.6146082438927606
Hounslow,False,45,"[0.7780149141799065, -5.117709623045305e-06]","[4.434241274598765e-28, 0.21514033614396616]",0.03550345792076681,0.013073305779389255,0.5608661390713783,0.12192260652649534,-0.009068291774941653,-0.840367633932491,"[0.0014808367498284041, 4.080844491149121e-12, 0.0027298645376741372, 0.033690298604003584, 0.01717820423202201, 0.0270453255722982, 2.0275566442399867e-05, 0.0018937219397397943, 0.003675094334961961, 0.045341621440960586, 0.030699900839043347, 0.019398051805556798, 0.004902384253580287, 0.00449778106238205, 0.020736637308857272, 0.039010139106264295, 0.012243273046467253, 0.0001661424829637334, 0.0019452202849315975, 0.007308592503870952, 0.054983307028381334, 0.019789970909341724, 0.004232409928025758, 0.0012869707833466771, 0.010212279839895698, 0.040281195295689395, 0.03575221702232922, 0.0020189100079481483, 7.222957686465653e-06, 0.0035792180358176105, 0.014366175338202126, 0.04321881138607616, 0.03203835833249323, 0.000941511557909087, 4.666624201753684e-07, 0.001164428606270915, 0.01151578548193824, 0.024901264328596035, 0.03850023714048942, 8.279200618324646e-05, 0.0002073372178855856, 0.0019334866825439882, 0.0544123011453568, 0.01510898408440244, 0.02950620601474686]","[0.10986535604428468, 0.10506018986060635, 0.026364525072875084, 0.02704445785991514, 0.030876346291894827, 0.023270675026058944, 0.026602473954874965, 0.027685846238608935, 0.03194541505942309, 0.029431597594969397, 0.036262280318669224, 0.10518741810334431, 0.1018176862970088, 0.025895159569979335, 0.025335788865085078, 0.03014240523106778, 0.029821295614321657, 0.025250089124855237, 0.02548548510294364, 0.04955616319723308, 0.03713948400119017, 0.03894504571649882, 0.10039048860260853, 0.10191121288605184, 0.026609788256786823, 0.030876346291894827, 0.03233040659651442, 0.023414817655527928, 0.025195627965710947, 0.025802027899679725, 0.037821727317118914, 0.0341131681103775, 0.029431597594969397, 0.11598618571659147, 0.10627279989635822, 0.10420395280400886, 0.02393935618826431, 0.028745277971838998, 0.026336134313560935, 0.022246267670074774, 0.023976172784734736, 0.02587510210463093, 0.03048019533417328, 0.025619352387390045, 0.029436809505424755]","[0.7707631196440513, 0.7700005809102176, 0.7373700643536807, 0.7368992350683605, 0.7347139730593202, 0.740333218225424, 0.7372011799361202, 0.7364847005888939, 0.7341970843873926, 0.7354662763739078, 0.7323547089230963, 0.7700210517487097, 0.7694734568190439, 0.7377180686080478, 0.7381633093452528, 0.7350875658618026, 0.735256450279363, 0.7382349572799753, 0.7380404843142997, 0.7280148911627539, 0.7320169400879754, 0.7313516378369794, 0.7692380421763838, 0.769488809947913, 0.7371960622264971, 0.7347139730593202, 0.734017964550586, 0.7401336275501251, 0.7382810166665827, 0.7377897165427705, 0.7317610546068231, 0.7332298372686371, 0.7354662763739078, 0.7717047782146916, 0.7701950538758933, 0.7698624027503954, 0.7394939138472445, 0.7358501045956363, 0.7373905351921729, 0.7437876722209795, 0.7394529721702602, 0.7377334217369169, 0.734913563734619, 0.7379330124122156, 0.7512032334647721]","[-0.0107631196440513, -5.809102175957648e-07, 0.03262993564631933, 0.11310076493163945, 0.07528602694067987, 0.109666781774576, 0.00279882006387977, -0.02648470058889396, -0.03419708438739266, -0.12546627637390784, -0.09235470892309627, -0.040021051748709735, 0.020526543180956147, 0.04228193139195224, 0.0918366906547472, 0.1149124341381974, 0.064743549720637, -0.008234957279975363, -0.02804048431429973, -0.03801489116275392, -0.12201694008797537, -0.0713516378369794, -0.019238042176383807, 0.010511190052087005, 0.0628039377735029, 0.1152860269406798, 0.10598203544941398, 0.02986637244987489, 0.0017189833334172455, -0.037789716542770524, -0.06176105460682302, -0.11322983726863711, -0.10546627637390782, 0.008295221785308393, -0.0001950538758932474, -0.009862402750395405, 0.07050608615275555, 0.09414989540436369, 0.12260946480782708, 0.006212327779020477, -0.009452972170260199, -0.027733421736916952, -0.13491356373461905, -0.07793301241221562, -0.10120323346477211]","[0.7780149141799065, -5.117709623045305e-06]","[0.011542052573521248, 2.6048745136193374e-06]","[3.0335253009992447e-45, 0.055935854275932825]",Fair treatment,9.400040986295577,0.0021698059210903697,11.353995162048074,0.0015984868055638674
Islington,False,45,"[0.7843526633194025, -2.29516421896655e-05]","[3.9347170503530356e-25, 3.932355801959045e-06]",0.39397787445271737,0.3798843366492922,0.6750520197946106,0.05656062201269246,0.7119269923119972,0.345238165836105,"[0.015325430280767102, 0.009212183930645918, 0.27091394987614703, 0.03501492190192793, 0.00015596357035930138, 5.690624209352758e-06, 0.0075428221826888, 0.015547052190580694, 0.02363072245997317, 0.0009624381168851756, 0.0017123033806203862, 0.004988470698283092, 0.022650995815320464, 0.20916032623896105, 0.021543432078357544, 0.0029449964458641196, 0.0008823337504191448, 0.0071737616679489495, 0.02154024533330673, 0.009948288830687336, 0.0013541353381712488, 0.007260294365890464, 0.01356724559718154, 0.03263065849152758, 0.08861109910037453, 0.012686676784105441, 0.0015929828317035113, 0.0003752161393752819, 0.011912291765150884, 0.020718450663794633, 0.008284554994893022, 0.00159761188083146, 0.004469488341395843, 0.007679017571271753, 0.025131177387354212, 0.015314594092388636, 0.016878304614412455, 0.004580736673304141, 0.00018292211234384177, 0.005303775645357578, 0.02347314464247864, 0.021720033064485743, 0.0068045735964864, 0.003547728683945174, 0.03848377377032426]","[0.09406724102377041, 0.09353737460486757, 0.06263225141482076, 0.030761575950074317, 0.030790497292218166, 0.024152240089764174, 0.02223920316245142, 0.023402090616200258, 0.028261277381777295, 0.02980734169858744, 0.037660955508721394, 0.1072811565344152, 0.0955274302627411, 0.06336896054341623, 0.03171130986536044, 0.04041612174093831, 0.026770931435558917, 0.02341645576468463, 0.024556737956538545, 0.02641271104818743, 0.03305550299308224, 0.03279668694148649, 0.09863587958687989, 0.09459906859835723, 0.0450829625944468, 0.03118078719269962, 0.04142806304369283, 0.022408583814702652, 0.023812135493215307, 0.025623850027411355, 0.024847291772655846, 0.03192573806447491, 0.027839590700721898, 0.09823301655976514, 0.11115471389770071, 0.09409518305567074, 0.026813209823353175, 0.028465482943711436, 0.02961789786232579, 0.027357195114495775, 0.023068176788752275, 0.024364451802676428, 0.023779059144869694, 0.030427772946936455, 0.03261383534082168]","[0.7269276545608594, 0.7264915733592557, 0.5203628748538699, 0.5681940971771328, 0.5681252422505638, 0.6282355931452978, 0.6070741790464261, 0.5937622265764202, 0.5746664602746184, 0.5705351646804786, 0.5541706437992472, 0.7373247484727778, 0.7281211399547219, 0.5195595673772315, 0.5659907395269249, 0.5494885087925554, 0.5791879337859825, 0.5936704200076615, 0.5876111864695898, 0.5803814191798451, 0.5630529293266477, 0.5636037687391997, 0.7306228689533956, 0.727363735762463, 0.5423046447871901, 0.5672071765629771, 0.5478589421970892, 0.6149006890331021, 0.5913293525043156, 0.583204471169174, 0.5863258945069685, 0.5655087550409419, 0.5758828973106707, 0.7303015459627402, 0.7402166553886756, 0.7269506062030491, 0.5790502239328446, 0.5740926692198768, 0.5710171491664616, 0.6404458667901998, 0.5960803424375763, 0.5885063005149868, 0.591512965641833, 0.5689974046537711, 0.6537807709023954]","[0.043072345439140625, 0.03350842664074427, 0.2296371251461301, 0.12180590282286718, -0.008125242250563769, 0.0017644068547022496, -0.0670741790464261, -0.0937622265764202, -0.10466646027461846, -0.020535164680478557, -0.02417064379924716, 0.022675251527222162, 0.051878860045278086, 0.20044043262276845, 0.09400926047307512, 0.030511491207444563, 0.020812066214017433, -0.06367042000766143, -0.10761118646958978, -0.07038141917984508, -0.02305292932664771, -0.0536037687391997, 0.03937713104660445, 0.06263626423753699, 0.15769535521280986, 0.07279282343702287, 0.022141057802910757, -0.014900689033102155, -0.08132935250431561, -0.10320447116917397, -0.06632589450696846, -0.025508755040941855, -0.045882897310670634, 0.02969845403725979, 0.04978334461132439, 0.04304939379695094, 0.09094977606715549, 0.04590733078012321, 0.008982850833538336, -0.0504458667901998, -0.11608034243757637, -0.10850630051498678, -0.06151296564183295, -0.038997404653771106, -0.12378077090239537]","[0.7843526633194025, -2.29516421896655e-05]","[0.029126211274955974, 4.4762221362143665e-06]","[1.5016020386507848e-28, 6.6612225567403465e-06]",Fair treatment,6.078056026358793,0.013687130633095899,6.7148858060744425,0.0130064267222971
Kensington and Chelsea,False,45,"[0.7635005680872676, -9.983673257019347e-07]","[1.7615137698908635e-26, 0.8576531387449596]",0.0007566225034985052,-0.022481595577815483,0.6497673584645653,0.009526843372758921,0.054119787043102226,-1.340456164620464,"[0.009080989766120437, 0.006627801051545854, 0.020663825872353506, 0.016222318460806778, 0.032016335178171304, 0.009772072534517602, 0.00541277988988742, 0.02027059608581113, 0.0068665848620800074, 0.00301841524786679, 0.010084227896912264, 0.014026528934847718, 0.03359757063187699, 0.026032073673752317, 0.02979224547032352, 0.0644837563130884, 0.004769807522469506, 0.02027059608581113, 0.019228071448569806, 0.004036125836201751, 0.0036599778631840473, 0.022965385351626483, 0.001299933659236264, 0.06485874540779135, 0.012962472543297143, 0.0395531101680645, 0.05833171421086534, 0.00010768281697028159, 0.017676658510318948, 0.025722159431413552, 0.00010965585701917136, 0.014995839577703434, 0.017703055445868303, 0.0043423823323457756, 0.00048512272111570024, 0.07882269314354681, 0.012027177336212027, 0.032429845126467106, 0.01309707361004555, 1.0484659723754042e-06, 0.03169285071144364, 0.007677080051231088, 0.0014943710761997108, 0.011563592031916117, 0.056017880068973284]","[0.10108389889883043, 0.10368770434036845, 0.026997942038165506, 0.026112355927907466, 0.033892886477198195, 0.02700649951499777, 0.022451946084250548, 0.024366746611878893, 0.02913793568429978, 0.03054997062911385, 0.030993075483818102, 0.09376854880059758, 0.08859906881505222, 0.03979890948641997, 0.03747691334808222, 0.06266317103294018, 0.024105308959969412, 0.024366746611878893, 0.028152456540442117, 0.041576164921309444, 0.03752494642219729, 0.04155814887153321, 0.09880889090987302, 0.1001771330683679, 0.02620173260034796, 0.03058547019922734, 0.0497339968193147, 0.0222222262324795, 0.025865937600947898, 0.02589728049588704, 0.03650113410724337, 0.03484927495372109, 0.02590513719268743, 0.10082947594504797, 0.10543461352039601, 0.09834358909467573, 0.02453176353092921, 0.02943183628606498, 0.026442227760728052, 0.026793887439442086, 0.02326677811290142, 0.023313336174616353, 0.028192423559955302, 0.026838174257973135, 0.0339623346359208]","[0.7625511207605251, 0.7626220048406499, 0.7571569420997575, 0.7572607723016306, 0.7565569233370106, 0.7592884563401312, 0.7579885820820672, 0.7575083673984047, 0.7569402963900802, 0.7568155004743675, 0.7567785608833165, 0.7623454570914305, 0.7621937052579238, 0.7561785421205697, 0.756318313546168, 0.755122269489977, 0.7575532939280613, 0.7575083673984047, 0.7570351412860219, 0.7560777070206738, 0.7563153184441908, 0.7560787053879995, 0.7624882236190058, 0.7625261615773825, 0.7572497902610478, 0.7568125053723904, 0.7556653813151588, 0.7582231984036072, 0.7572917216887273, 0.7572877282194245, 0.7563802123203615, 0.7564900327261886, 0.7572867298520988, 0.7625441321892452, 0.7626689281049579, 0.7624752448437717, 0.7574814114806107, 0.7569133404722863, 0.7572208376086025, 0.7592644955243143, 0.7577240147407562, 0.7577130327001735, 0.7570311478167191, 0.7571749127116202, 0.7598924685721808]","[-0.03255112076052513, 0.027377995159350133, 0.10284305790024251, 0.0927392276983694, 0.11344307666298936, 0.07071154365986876, -0.05798858208206725, -0.10750836739840464, -0.05694029639008025, -0.036815500474367546, -0.06677856088331657, -0.04234545709143056, 0.06780629474207611, 0.0938214578794303, 0.10368168645383202, 0.11487773051002304, 0.0524467060719388, -0.10750836739840464, -0.09703514128602186, -0.03607770702067381, -0.03631531844419078, -0.08607870538799944, -0.012488223619005812, 0.08747383842261747, 0.0827502097389522, 0.1331874946276096, 0.12433461868484119, -0.00822319840360719, -0.09729172168872724, -0.11728772821942446, -0.006380212320361456, -0.0764900327261886, -0.09728672985209874, -0.022544132189245225, 0.007331071895042118, 0.09752475515622827, 0.08251858851938931, 0.1230866595277137, 0.08277916239139749, 0.000735504475685711, -0.13772401474075624, -0.06771303270017359, -0.027031147816719114, -0.07717491271162014, -0.14989246857218086]","[0.7635005680872676, -9.983673257019347e-07]","[0.02468768996388798, 4.757666918147045e-06]","[5.2071256620185575e-31, 0.8347806238556525]",Fair treatment,4.937537637547006,0.026279448785095718,5.299577357319516,0.026236438356388087
Kingston upon Thames,False,45,"[0.7184360312103176, 7.5314698302041754e-06]","[2.177479052715157e-27, 0.39379679112989135]",0.016963267470991084,-0.005898051890148803,0.5593889686521883,0.016982722790510572,-0.405985795954256,-1.0486332493579866,"[0.022888036397549966, 0.00013297454173044168, 0.010251871512214314, 0.0077961337966332474, 0.03231351642400829, 0.013287113534677793, 0.007873522738193067, 0.0017757496721940225, 0.0628149519257456, 0.021600411194146754, 0.01183009798910997, 0.006380605980795254, 0.0030548519237096417, 0.010542178035703112, 0.024843680922318555, 0.014539218463892663, 0.012917950751275064, 0.0032503113747356528, 0.0028619939631420277, 0.04568348713899281, 0.04096735463706878, 0.00993800437738468, 0.0005259667720916118, 0.017262437223198604, 0.003186161026922886, 0.03918822846195058, 0.02482722271808955, 0.00500373965918707, 0.008351573426325707, 0.023514039534333446, 0.045981739986594286, 0.01702876514588761, 0.007065645193563067, 0.0007932787719103913, 8.918282184055339e-05, 0.01672691991303421, 0.0031154764112002187, 0.03789536257358861, 0.04145507356061137, 0.004088200826693353, 0.0015968402743875433, 0.030069447384852885, 0.038941662076723074, 0.015168036013310007, 8.84858122902276e-05]","[0.10746057905763601, 0.10117091562899735, 0.023813381165437457, 0.02642495064295031, 0.0389315222834703, 0.022482833941094352, 0.026869313849441405, 0.02740449577650993, 0.03323084146998602, 0.024797581081170042, 0.027736057325066014, 0.10164100496318698, 0.09910586459787143, 0.02505819351021821, 0.037601723380780314, 0.039148164407992285, 0.03350800240747321, 0.028967676426866415, 0.024809706423271214, 0.033105998319944804, 0.030323342894793617, 0.030869245913859072, 0.10177557249773786, 0.10669586742002811, 0.02749075210811639, 0.03822952284812946, 0.037572141418973956, 0.02261122885035599, 0.029507273926310976, 0.02640949345010606, 0.029145235594115547, 0.02456105448406998, 0.03180305672884762, 0.11162101994655454, 0.10766973480147628, 0.10490206479429201, 0.02561709391133242, 0.036813005964238116, 0.032981867103823025, 0.024116168559874487, 0.025743393836380395, 0.027370192585364793, 0.025520455368274693, 0.0270499935021633, 0.030332414831418016]","[0.7226837801945528, 0.7233766754189316, 0.7436287977923506, 0.7452028749868632, 0.7492698686951735, 0.74213003529614, 0.745413756142109, 0.7456547631766756, 0.7477334488498119, 0.7443141615468992, 0.7457978611034494, 0.7233239551301202, 0.7236101509836679, 0.7444723224133335, 0.7489384840226445, 0.749322588983985, 0.7478162950179441, 0.7462949381122429, 0.7443216930167293, 0.7476957915006609, 0.7467920151210363, 0.7469803018667914, 0.7233088921904597, 0.7227666263626851, 0.7456924205258265, 0.7490966448890788, 0.7489309525528143, 0.7423559793910461, 0.7464982877976584, 0.7451953435170331, 0.7463627213407147, 0.7441635321502951, 0.7472890921298299, 0.7222394234745707, 0.7226611857850622, 0.7229624445782703, 0.744788644146202, 0.748735134337229, 0.7476581341515098, 0.7383643003810378, 0.7448564273746738, 0.7456397002370151, 0.7447359238573906, 0.7454966023102412, 0.7354270271472583]","[-0.04268378019455277, -0.0033766754189316073, 0.06637120220764947, 0.05479712501313683, 0.09073013130482643, 0.07786996470385998, 0.054586243857891015, -0.025654763176675588, -0.13773344884981187, -0.0943141615468992, -0.06579786110344932, -0.0233239551301202, 0.016389849016332114, 0.06552767758666656, 0.08106151597735545, 0.06067741101601509, 0.06218370498205594, 0.033705061887757126, -0.03432169301672938, -0.1176957915006609, -0.11679201512103632, -0.05698030186679148, 0.006691107809540298, 0.03723337363731494, 0.03430757947417351, 0.10090335511092119, 0.08106904744718568, 0.047644020608953896, 0.05350171220234168, -0.09519534351703307, -0.1263627213407147, -0.08416353215029504, -0.0472890921298299, 0.007760576525429275, -0.002661185785062248, 0.037037555421729706, 0.035211355853797977, 0.10126486566277093, 0.11234186584849015, 0.041635699618962185, 0.025143572625326183, -0.10563970023701508, -0.12473592385739063, -0.07549660231024113, -0.00542702714725829]","[0.7184360312103176, 7.5314698302041754e-06]","[0.012532814455399534, 6.045562318834829e-06]","[2.985111433749956e-42, 0.21958872096230864]",Fair treatment,12.423943071103281,0.00042386435397349513,16.39945415197106,0.00021033805821503107
Lambeth,False,45,"[0.703558879615879, -1.1052364864728305e-05]","[7.835808805009697e-20, 0.017602176573237396]",0.12415773655592688,0.10378931182466933,0.7227278405861595,0.25348986219879216,0.008653765034922238,-0.5721170773810025,"[0.009210474185539492, 0.014452570877280371, 0.055875039323625836, 0.02328941004353956, 0.02209551307803597, 4.542639312249579e-05, 0.005453466009777016, 0.049416972774626367, 0.0066281048484880326, 0.0005671062078602963, 0.00020113355362810632, 0.002180539047094197, 0.02790055580839702, 0.06086806050146426, 0.01725761037738062, 0.027852351841152978, 9.426630418809857e-05, 0.01664871779970629, 0.048287884118443675, 0.0032093175974839223, 9.260324863160079e-05, 0.0006391674169827198, 0.0047462600527021885, 0.03607247281585078, 0.04497908732089285, 0.013856155049474461, 0.02128306169353595, 0.004887596343932021, 0.021931829151793314, 0.03226338257594425, 0.0013348434730425286, 0.000348812011465026, 0.0035035507236698196, 0.0008374695833202409, 0.00038576639585334127, 0.03609409473432786, 0.021663178224327125, 0.016700728371808776, 0.0010479864564750866, 0.002974826664706749, 0.04390698430215543, 0.011243778943556472, 0.001257333268678834, 0.001626585885096819, 0.026089836652639472]","[0.10569064561703939, 0.10128978995272175, 0.0284517887616767, 0.03005707076725827, 0.031911430573230495, 0.022383764008041738, 0.0248483171416068, 0.024895315458327915, 0.031142937227209164, 0.040513835497750894, 0.03713837483981392, 0.10451971755989992, 0.09558488983865535, 0.034370777637294125, 0.030602592448513398, 0.03646689170009229, 0.031182179204283973, 0.03086293733911224, 0.028851072715790058, 0.03242462238336335, 0.04474109078590644, 0.0390943276217383, 0.10354631729756072, 0.10274349958979863, 0.028192489287773733, 0.027316491339548846, 0.031245145503153493, 0.02241524298530236, 0.02501244220410429, 0.024652201570334202, 0.028649880527244535, 0.033508362144535696, 0.02889168320425648, 0.1092530572255882, 0.10932653460905813, 0.10471032452163141, 0.024595255144582533, 0.027399770691124255, 0.02492112659444756, 0.02352968244581679, 0.02311701905652676, 0.02423783317806742, 0.02955120958190311, 0.025862472272603444, 0.030297589945711138]","[0.6802715468458965, 0.678215806981057, 0.5823144370498096, 0.5797613407660573, 0.5771198255633873, 0.6067180586711296, 0.5896863644145833, 0.5895647884010713, 0.5781808525904011, 0.5673163779283732, 0.5708089252256274, 0.6797299809675248, 0.6754637681297397, 0.5739809539418044, 0.5789545181309321, 0.5715494336715642, 0.5781255907660775, 0.5785787377255314, 0.5816512951579258, 0.5764345789417741, 0.5633706836716652, 0.5687421329959232, 0.6792768340080709, 0.6789010536026702, 0.5827565316443987, 0.58432596745519, 0.5780371718471597, 0.5996334927928388, 0.5892663745497236, 0.5902058255632255, 0.5819828661038677, 0.5750419809688183, 0.5815849809687375, 0.6818962444810116, 0.6819294015756058, 0.6798183998864427, 0.5903605586713317, 0.5841712343470838, 0.589498474211883, 0.6129626448197011, 0.5953672799550537, 0.5913773762388868, 0.5805350063065883, 0.5872658965092078, 0.6272644049546595]","[-0.04027154684589651, 0.05178419301894299, 0.20768556295019047, 0.13023865923394262, 0.1228801744366127, -0.006718058671129623, -0.06968636441458331, -0.2095647884010713, -0.06818085259040108, -0.01731637792837315, -0.010808925225627375, -0.019729980967524763, 0.07453623187026026, 0.19601904605819565, 0.11104548186906782, 0.12845056632843577, -0.00812559076607755, -0.1085787377255314, -0.19165129515792578, -0.04643457894177405, 0.0066293163283347445, -0.0187421329959232, -0.029276834008070907, 0.08109894639732984, 0.18724346835560135, 0.10567403254480989, 0.12196282815284021, -0.06963349279283881, -0.13926637454972363, -0.17020582556322555, -0.03198286610386769, -0.015041980968818258, -0.051584980968737426, -0.011896244481011564, 0.00807059842439417, 0.08018160011355735, 0.13963944132866823, 0.11582876565291611, 0.030501525788117045, -0.05296264481970103, -0.20536727995505366, -0.10137737623888676, -0.03053500630658823, -0.03726589650920775, -0.13726440495465952]","[0.703558879615879, -1.1052364864728305e-05]","[0.024885167439084404, 3.0444979938898243e-06]","[2.0671604803058605e-29, 0.0007481063930429979]",Fair treatment,3.2805288030374187,0.07010633727185475,3.38122067426586,0.07285575733956443
Lewisham,False,45,"[0.7394111318377059, -1.5948327052854847e-05]","[1.789054945316842e-25, 0.00030281923353262316]",0.264358927402895,0.2472509954820321,0.6242193091186158,0.002073604038999773,0.6425785889164178,-0.7964880240242143,"[0.009791924089019308, 0.0011064497273850851, 0.03323001045017311, 0.022894450543406334, 0.0665497743024568, 7.176022200707572e-06, 0.005220301500709124, 0.02116634094388924, 0.02028684616582104, 0.0012580100134779986, 0.005389285015483553, 0.004086763846224008, 0.0016176013275931787, 0.020484671354520933, 0.027007337926768217, 0.07083619901001077, 5.141567197724057e-05, 0.005569526981619289, 0.009680911451345716, 0.015516227187071989, 0.002500051610535715, 0.003637473771555231, 0.0010578472741713785, 0.0013211798678764168, 0.01642948600670749, 0.049205548076668174, 0.03267747861210323, 0.0034180867706270733, 0.013268628457957583, 0.013952706951041035, 0.02096109520455325, 0.012007957028180164, 0.00023672864700521816, 0.021011125274388143, 0.0006386987179898883, 0.009458829693153996, 0.012664633638132118, 0.03563190907854088, 0.004738152887969186, 0.0022133237761534606, 0.025996688694664555, 0.009652346807973777, 0.00909625251440533, 0.010575932243700762, 0.03300382738397194]","[0.10610273225606098, 0.10540022396216392, 0.023481486383713418, 0.023153900968609507, 0.031206475902438306, 0.025380413284897683, 0.026501243249176937, 0.02752317399813475, 0.04076122570482834, 0.0381696816393908, 0.03646559443490283, 0.10475885318679892, 0.09926680108711666, 0.023745633169407632, 0.02459914904381796, 0.0376496059059499, 0.03482363842082348, 0.025454838607512933, 0.029083745681252254, 0.03931505268334316, 0.04045908631344746, 0.033528540907641666, 0.10429396086174107, 0.1018176594265366, 0.02241580945406542, 0.026363246518837348, 0.03178179163175857, 0.026106652710748697, 0.027701625317648956, 0.025363361301074448, 0.029492346383384306, 0.034789553771567, 0.03130273049285619, 0.1115564995807781, 0.10888266726608399, 0.10336811511167139, 0.022313587931558194, 0.025882734449175833, 0.02526760528468005, 0.0224526411897747, 0.0255945163796994, 0.02921016402858339, 0.03190098985905314, 0.025839966668006618, 0.02947067758928725]","[0.7107679364507786, 0.7103851766015101, 0.6083796767714504, 0.6099426128226303, 0.5897041857925575, 0.6018568110068329, 0.5989542154832133, 0.5966257597334965, 0.5766744025903751, 0.5797843263656817, 0.5819692471719229, 0.7100343134063473, 0.7069722346121992, 0.6072632938777507, 0.6042012150836025, 0.5804382077748488, 0.5842020129593225, 0.6016494827551457, 0.5934679909770312, 0.5783808735850305, 0.5770252657855378, 0.5860679672245066, 0.7097791401735016, 0.708407584046956, 0.6151736640959666, 0.5992891303513233, 0.5887632344964391, 0.5999270634334374, 0.5962429998842279, 0.6019046559879915, 0.5927024712784942, 0.5842498579404811, 0.5895447025220288, 0.713686480301451, 0.712267079193747, 0.7092687937078103, 0.6165452202225121, 0.6005012032073402, 0.60217577754789, 0.6147749559196453, 0.6012667229058772, 0.5932287660712383, 0.5885718545718047, 0.6006128414967101, 0.6463685918113508]","[-0.030767936450778577, -0.010385176601510171, 0.13162032322854955, 0.11005738717736968, 0.16029581420744254, -0.0018568110068328814, -0.048954215483213215, -0.09662575973349652, -0.07667440259037506, -0.019784326365681615, -0.04196924717192285, -0.020034313406347315, 0.013027765387800816, 0.10273670612224928, 0.1157987849163975, 0.1495617922251512, -0.004202012959322543, -0.05164948275514569, -0.06346799097703115, -0.06838087358503053, -0.027025265785537766, -0.03606796722450656, 0.01022085982649834, 0.011592415953043944, 0.09482633590403333, 0.15071086964867675, 0.11123676550356087, -0.039927063433437326, -0.07624299988422789, -0.08190465598799146, -0.09270247127849418, -0.0642498579404811, -0.00954470252202888, -0.04368648030145095, 0.007732920806252985, 0.030731206292189728, 0.08345477977748783, 0.12949879679265974, 0.04782422245211004, -0.0347749559196453, -0.11126672290587725, -0.06322876607123828, -0.05857185457180469, -0.0706128414967101, -0.11636859181135073]","[0.7394111318377059, -1.5948327052854847e-05]","[0.014099086825231283, 2.429703677052683e-06]","[1.2993692692940772e-40, 5.526752458067391e-08]",Fair treatment,5.495470801095012,0.01906579350611609,5.981725367673425,0.018622796271510905
Merton,False,45,"[0.7112285335943493, -3.9906116205803203e-07]","[3.9017532243052737e-28, 0.9542287188420537]",7.750808220607919e-05,-0.023176503357742684,0.8609394286404061,0.036832431072424426,0.10857804709525026,-1.0566578908485669,"[0.014682590645946568, 0.0017177725473233728, 0.016417356657847878, 0.010728252713934008, 0.03936322788608258, 0.01767031080570126, 0.0011609666180896676, 0.06070729745983098, 0.001376775185072832, 0.020774395336095316, 0.005683587802181101, 0.013589490502086712, 0.005134753848220248, 0.01547937401754272, 0.021559847256853733, 0.058034138189121655, 0.0018323415962537238, 0.016243537478055077, 0.014152897731825974, 0.011459287949271356, 0.016715815732010485, 0.0013725308750954363, 0.023749027232874757, 0.037149294854489534, 0.025038127065995966, 0.019546681656243084, 0.02349802573131748, 0.0003453736465062108, 0.028247590667580803, 0.0012175657977235006, 0.012913995593151071, 0.011791885847941528, 0.002642826617356193, 0.013268726978161196, 0.023766137333178283, 0.053392426095546494, 0.014245513884781316, 0.0416809123171516, 0.02812095282673468, 0.0002473096960427386, 0.04330561184014253, 0.0025637569016683398, 0.020702578796821004, 0.01057070180861495, 0.001690398528372888]","[0.10931081760491415, 0.1043283807885483, 0.027985398599286313, 0.02505356917263211, 0.027360841938707598, 0.0234145588754065, 0.025874584801212217, 0.03055666865858927, 0.030765240343326044, 0.02787623195269232, 0.030822570886828396, 0.10291502883717045, 0.10157208066122375, 0.026497896200471813, 0.028174969930122706, 0.039201569553592594, 0.03576468736777026, 0.028497739013036167, 0.03364495862532753, 0.03909415469924776, 0.039390365702748675, 0.030670115491542083, 0.10268066312995668, 0.109676681581926, 0.026038551940322053, 0.03288588533868006, 0.030519023469226327, 0.026716573650656193, 0.0243179953706879, 0.027170289026671745, 0.030822570886828396, 0.028238842060220107, 0.025775471373399264, 0.1112709540732847, 0.10273922260270613, 0.10894572052519888, 0.024531037545927274, 0.028862626852872254, 0.029014870878008792, 0.02243572075395195, 0.02580012191413652, 0.024998919455911803, 0.027783491346729968, 0.025392651391853108, 0.034609685126446674]","[0.7109188621325924, 0.7108857400561415, 0.7094842372549937, 0.7095720307106465, 0.709500598762638, 0.709644260780979, 0.7095440964293024, 0.709424777141847, 0.7094203874690644, 0.7094870306831281, 0.7094191902855782, 0.7108761625882521, 0.7108669841815247, 0.7095249414935236, 0.7094794485210489, 0.7092739320225891, 0.7093278052794669, 0.7094714672978079, 0.7093645189063763, 0.7092755282672374, 0.7092711385944547, 0.7094223827748747, 0.7108745663436039, 0.7109212564995646, 0.7095389086341957, 0.7093784860470483, 0.7094255752641712, 0.7095185565149307, 0.7096007631143146, 0.7095057865577448, 0.7094191902855782, 0.7094778522764008, 0.7095472889185989, 0.7109316320897782, 0.7108749654047659, 0.71091646776562, 0.7095919837687493, 0.7094626879522425, 0.7094590964017841, 0.7097212795852561, 0.7095464907962747, 0.7095740260164567, 0.7094894250501005, 0.7095600588757847, 0.7102081342029669]","[-0.030918862132592317, -0.010885740056141513, 0.07051576274500637, 0.06042796928935357, 0.1104994012373619, 0.08035573921902106, -0.019544096429302438, -0.12942477714184708, -0.019420387469064493, -0.07948703068312812, -0.039419190285578165, -0.0308761625882521, 0.019133015818475263, 0.0704750585064764, 0.0805205514789511, 0.1107260679774108, 0.020672194720533055, -0.06947146729780784, -0.059364518906376285, -0.049275528267237356, -0.05927113859445465, -0.019422382774874736, -0.04087456634360387, 0.049078743500435396, 0.09046109136580438, 0.07062151395295169, 0.08057442473582888, 0.010481443485069297, -0.09960076311431465, -0.01950578655774482, -0.05941919028557818, -0.05947785227640079, -0.029547288918598813, 0.029068367910221826, -0.04087496540476587, 0.05908353223438001, 0.0704080162312507, 0.11053731204775741, 0.09054090359821598, -0.009721279585256148, -0.11954649079627477, -0.029574026016456645, -0.07948942505010048, -0.05956005887578464, -0.020208134202966965]","[0.7112285335943493, -3.9906116205803203e-07]","[0.017255588470402733, 5.289716984109387e-06]","[3.354491775458081e-36, 0.9402137939052982]",Fair treatment,6.335792331028568,0.011832524561072968,7.046286130230582,0.011090845720833633
Newham,False,45,"[0.7890985481376466, -5.080365284949182e-06]","[2.363627201841966e-26, 0.12755893386933703]",0.05316243608877924,0.03114295785828569,0.7151800870773263,0.2068700266226105,-0.25298565201047957,-0.6451395334324976,"[0.0036056862419783647, 0.004647078587775194, 0.0021517598206033666, 0.026756253549272732, 0.038297418839663575, 0.0057754398742676846, 0.0002932122073381291, 0.03454857805270471, 0.03415693701060185, 0.009224192797053839, 0.0019317676306943052, 0.0014734378782114148, 8.657682218669117e-05, 0.015756010029179347, 0.016805676853391353, 0.03624559605709354, 0.007326381410655304, 6.016124437931033e-05, 0.05854026381582494, 0.016059541749622694, 0.01791642550746311, 0.0006991148827890663, 7.624133765939142e-05, 8.951254395114515e-05, 0.01801161558151532, 0.03430505717901787, 0.02982288234885107, 0.0022696181183311493, 0.0010638119535939076, 0.05343103035507004, 0.01757126205616335, 0.006289687753198562, 4.752857753878458e-05, 0.035527836681558116, 0.0013571367786672191, 0.0005153550504524631, 0.021405769985600412, 0.022963031050855273, 0.012290359746878983, 0.0024739055212733233, 0.030788519927540798, 0.029552900096772982, 0.011895335031436676, 0.0008413617792024889, 0.001592710188517839]","[0.10943213294581161, 0.10893850402078872, 0.023843650948343863, 0.02857806643518025, 0.02902410912836946, 0.022306738075234506, 0.023142922320186592, 0.024082983104124187, 0.030152062301357065, 0.037598867058340146, 0.03756922851438569, 0.10442171159598565, 0.10127579382573554, 0.02644943316570164, 0.027520425183953912, 0.027916290384003534, 0.02754365864249441, 0.024048757699382674, 0.02446530374850096, 0.03359977623842667, 0.040815642111844186, 0.03786690058347107, 0.10217480371463888, 0.10102945721637653, 0.028750803598984024, 0.030074174620142793, 0.03078162602002041, 0.024251687240268376, 0.02678223657497892, 0.025431153247836766, 0.03943996033399842, 0.04042641284925781, 0.04065296289650064, 0.1096441170759067, 0.10769890846705593, 0.10307889658444438, 0.024729360370553097, 0.025836014265128934, 0.026377189181720342, 0.022297480166789188, 0.025788255423735296, 0.023931470562450177, 0.031931402124348154, 0.032888553372615044, 0.02541011606062778]","[0.7787549244174901, 0.7786482367465061, 0.7359782487182179, 0.7309486870861183, 0.7305981418814568, 0.7422829820368398, 0.7372432596741703, 0.7356124624177016, 0.7297598816094402, 0.7253044012545397, 0.7253196423503945, 0.777657565515941, 0.7769513947413331, 0.7328233418762645, 0.7318326706456993, 0.7314922861716078, 0.7318123491845596, 0.7356632660705511, 0.735073943697497, 0.7275143601534926, 0.7237294880162054, 0.725167231391846, 0.7771546093527311, 0.7768955107231986, 0.7308115172234246, 0.7298157656275746, 0.7293178898296495, 0.735368604884024, 0.7325032788633127, 0.7338902185861038, 0.7243848551379639, 0.7239123811664636, 0.7238056934954797, 0.7788006477050545, 0.7783789773864038, 0.777357823964129, 0.7347284788581204, 0.7334482268063133, 0.7328944669902537, 0.7422169372881355, 0.7334990304591628, 0.7358410788555243, 0.7285507546716222, 0.7279461912027133, 0.7483082952647896]","[-0.01875492441749005, 0.02135176325349397, 0.03402175128178209, 0.1090513129138817, 0.1294018581185432, 0.0577170179631602, 0.01275674032582974, -0.13561246241770164, -0.11975988160944018, -0.055304401254539615, -0.025319642350394522, 0.012342434484059028, 0.0030486052586669032, 0.08717665812373543, 0.0881673293543006, 0.1285077138283922, 0.05818765081544042, -0.005663266070551121, -0.17507394369749696, -0.07751436015349256, -0.07372948801620538, -0.015167231391846059, 0.002845390647268964, 0.003104489276801403, 0.08918848277657532, 0.12018423437242542, 0.11068211017035046, 0.034631395115976016, -0.022503278863312715, -0.16389021858610386, -0.07438485513796389, -0.043912381166463565, -0.003805693495479767, -0.058800647705054554, 0.01162102261359621, -0.007357823964128984, 0.10527152114187954, 0.1065517731936867, 0.07710553300974632, 0.03778306271186449, -0.12349903045916277, -0.1258410788555243, -0.0685507546716222, -0.017946191202713346, -0.028308295264789618]","[0.7890985481376466, -5.080365284949182e-06]","[0.011728131521826517, 1.8474983990340991e-06]","[3.281983606372083e-45, 0.008685603036345165]",Fair treatment,5.916858742267358,0.014996672614531718,6.509838199537202,0.014366650381238045
Redbridge,False,45,"[0.837254256579161, -1.295733957572954e-05]","[7.799276721824244e-33, 0.0008847653752417402]",0.2289634866319573,0.21103240492572373,0.9330709670957019,0.02863292239353367,0.2069494192418046,-1.1626550513284517,"[0.0016914052319737048, 0.007528362448375917, 0.03359980399082939, 0.008200830798260911, 0.02513490077396743, 0.013903180166553541, 0.0027904620972397684, 0.018863295007386267, 0.025243520235282094, 0.013353474750469801, 0.0008875530244360079, 0.006835273567029029, 0.011269589048413322, 0.05930166420517965, 0.011087694077503858, 0.01731319856356841, 0.01473520379153539, 0.01887311256328442, 0.014038734001258438, 0.03274207820771475, 0.0032209770108136623, 0.0024523397521969774, 7.379724148018019e-06, 0.0030970777855167746, 0.02902844896050241, 0.0262060829438855, 0.022458412922443865, 0.01107138893349667, 0.04032888553050563, 0.009401670463563518, 0.039432391341504835, 4.2303500596913495e-05, 0.005177302812008806, 0.00015167994059855181, 0.007220015919579455, 2.7049685891627153e-06, 0.02104221484152793, 0.016073003323731842, 0.024595665458935538, 4.3018300757881894e-08, 0.02479475550996739, 0.024793793171345235, 0.018802615008399592, 0.006643662623972849, 0.005310810731496547]","[0.10722839650250142, 0.10784878242866486, 0.025725717042030315, 0.02609831444502577, 0.027856380963172254, 0.022424805033913767, 0.03151877602991996, 0.02999419467109586, 0.03367945024336991, 0.03277598772747664, 0.03257091807998736, 0.10781425736906777, 0.09783594219410482, 0.028672229332333942, 0.025338919618387627, 0.02658273785182869, 0.028317143650838063, 0.029726081573094462, 0.027153509219128805, 0.03402300596448114, 0.029017899334607355, 0.033755357369402175, 0.10483722673396742, 0.11385494700327833, 0.026621784331046502, 0.028428189939498444, 0.029921547419611526, 0.02532575852176226, 0.03188641048412214, 0.029194117742542984, 0.029583662269730623, 0.030015013684344276, 0.03325404384734193, 0.11414092176636319, 0.10698774446145248, 0.1055169372252135, 0.025670065182818697, 0.02577477791031567, 0.027567889375510003, 0.022995223904991147, 0.02727858504310069, 0.026981034604189536, 0.03234410350751251, 0.025924007267432797, 0.029937201129421383]","[0.8202542270558039, 0.8204874591681669, 0.7432228432780917, 0.7425490616201538, 0.7397373189322205, 0.7530963360347976, 0.7350467620058063, 0.7368607895464085, 0.7327144408821751, 0.7336603266712033, 0.7338806014439907, 0.8204745018285913, 0.8166132146350238, 0.7385841157099805, 0.7439614116339083, 0.7417197918873071, 0.7390764946138583, 0.7371976803753775, 0.7407998207774302, 0.7323645927136303, 0.7381176514852543, 0.7326366968447207, 0.8193472132855028, 0.8227031642356167, 0.7416550051894284, 0.7389210065389495, 0.7369514909234386, 0.7439873263130597, 0.734632127139383, 0.7378844193728912, 0.7373790831294377, 0.7368348748672571, 0.7331549904277499, 0.8228068229522225, 0.8201635256787737, 0.8196063600770174, 0.7433265019946975, 0.7431321419010616, 0.7401649111382196, 0.7501161479323798, 0.7406054606837943, 0.7410719249085206, 0.7341267908959296, 0.7428600377699712, 0.7755125335008097]","[0.009745772944196096, -0.020487459168166855, 0.09677715672190823, 0.047450938379846264, 0.08026268106777945, 0.06690366396520231, -0.025046762005806356, -0.0668607895464085, -0.07271444088217505, -0.05366032667120324, -0.013880601443990725, 0.019525498171408695, -0.026613214635023752, 0.12141588429001948, 0.05603858836609177, 0.06828020811269297, 0.060923505386141774, -0.06719768037537743, -0.06079982077743018, -0.08236459271363028, -0.028117651485254358, -0.022636696844720694, 0.0006527867144971999, -0.012703164235616682, 0.08834499481057156, 0.08107899346105041, 0.07304850907656146, 0.056012673686940295, -0.09463212713938296, -0.04788441937289123, -0.09737908312943766, 0.0031651251327429186, -0.03315499042774994, -0.002806822952222565, -0.020163525678773664, 0.00039363992298258044, 0.07667349800530243, 0.06686785809893847, 0.07983508886178037, -0.00011614793237979537, -0.08060546068379426, -0.08107192490852055, -0.06412679089592954, -0.04286003776997127, -0.03551253350080974]","[0.837254256579161, -1.295733957572954e-05]","[0.007947306686558667, 2.1224285131340216e-06]","[1.5614985406743225e-53, 2.572567914504624e-07]",Fair treatment,12.131721441813436,0.000495713401784063,15.871352102437562,0.0002575154401979186
Richmond upon Thames,False,45,"[0.7512383238134426, -8.925200582561454e-06]","[3.7632840332728684e-26, 0.36115811458838676]",0.019427360397103022,-0.003376654477383001,0.6067119739765053,0.009430721154302654,-0.2958322564065577,-1.2017830550516402,"[0.0018467693381693437, 0.00025720269435241974, 0.02412719627081455, 0.011628293118066013, 0.02455727347665607, 0.01863170990529086, 5.656232510047884e-07, 0.00015849492499029073, 0.0289154539034521, 0.03780198269007513, 0.015444187778757038, 0.00016440266296136055, 0.00024260573486720977, 0.02981699670544369, 0.0077220539679028555, 0.01994543512004177, 0.04575399083600164, 0.0001559664788830125, 0.006775842955912344, 0.04872560695317612, 0.018700035960334264, 0.01311859708740235, 0.0018477036724485869, 0.005486632685270188, 0.016830669634056387, 0.014914313968721993, 0.031629181844430435, 0.0101852965436645, 0.0016108107334065948, 0.012034456177031074, 0.044608948259403654, 0.033255250202619394, 0.009102196364945676, 0.019000775189179128, 0.0024955535639721044, 0.018704118884895867, 0.018920666121640853, 0.006049393180417033, 0.03247112816537876, 0.0011036793225484105, 0.0015706123926000311, 0.027888667520411015, 0.03285189915336534, 0.018633790364642543, 0.013514109170842161]","[0.10645833450932106, 0.10008282001245677, 0.04082579964548553, 0.028874946072815086, 0.03505821513210497, 0.024522944492732564, 0.02573657396404525, 0.026930220311369716, 0.026615476959742645, 0.030211100072908136, 0.03474296126160798, 0.10350508446671405, 0.09917401657981888, 0.04060369883454372, 0.033720423418930986, 0.029983347866466756, 0.04225240228585961, 0.02399739435040027, 0.024036934157851464, 0.033921446877643244, 0.03229167496612677, 0.027799508131763524, 0.10639062996859917, 0.10423845661851505, 0.031287847277104174, 0.034457421827396875, 0.036497472168235116, 0.02637152152554303, 0.024272739738977797, 0.024272739738977797, 0.026105400862114422, 0.03151136260034136, 0.023448375159616078, 0.1102240024453418, 0.10571508163981863, 0.1073409705230348, 0.024787548419115773, 0.028780132617172303, 0.028316272691955864, 0.022261680095292915, 0.024027008376576675, 0.02541245013062351, 0.025518749353519186, 0.024027008376576675, 0.033389803474841606]","[0.7462045106848779, 0.745347691428952, 0.7135650521544507, 0.7177598964282546, 0.7153322418697978, 0.7203303541960323, 0.7194646097395238, 0.7187505936929189, 0.7189290977045701, 0.717161907989223, 0.7154393442767886, 0.7458118018592452, 0.7452227386207961, 0.7136275285585286, 0.7157963523000911, 0.7172600851956311, 0.713172343328818, 0.7207766142251604, 0.7207409134228301, 0.7157249506954305, 0.7163229391344622, 0.7182864832626257, 0.7461955854842953, 0.7459099790656534, 0.7167156479600949, 0.7155375214831967, 0.7148592062389221, 0.7190719009138911, 0.7205356338094312, 0.7205356338094312, 0.7192325545243772, 0.7166263959542692, 0.7213210514606966, 0.7466953967169188, 0.7461063334784698, 0.7463205382924513, 0.7201250745826333, 0.7178045224311673, 0.7180276524457314, 0.7244805724669233, 0.7207498386234127, 0.7196788145535052, 0.7196074129488448, 0.7207498386234127, 0.7320848433632657]","[0.01379548931512209, -0.005347691428951973, 0.08643494784554939, 0.07224010357174548, 0.09466775813020223, 0.09966964580396764, 0.0005353902604762206, -0.008750593692918973, -0.11892909770457016, -0.127161907989223, -0.07543934427678856, 0.004188198140754773, -0.005222738620796141, 0.09637247144147143, 0.05420364769990893, 0.09273991480436894, 0.116827656671182, 0.00922338577483961, -0.060740913422830056, -0.13572495069543056, -0.0863229391344622, -0.07828648326262566, 0.013804414515704688, 0.024090020934346645, 0.08328435203990514, 0.07446247851680332, 0.10514079376107788, 0.07092809908610898, 0.029464366190568803, -0.08053563380943118, -0.14923255452437723, -0.11662639595426927, -0.07132105146069656, 0.04330460328308128, -0.016106333478469792, 0.04367946170754877, 0.09987492541736664, 0.05219547756883269, 0.12197234755426856, 0.025519427533076677, 0.029250161376587314, -0.11967881455350526, -0.1296074129488448, -0.10074983862341269, -0.0720848433632657]","[0.7512383238134426, -8.925200582561454e-06]","[0.013204426436502438, 6.4084374496309186e-06]","[4.113970452578186e-42, 0.1708623049435805]",Fair treatment,13.816504894381218,0.0002015578236892837,19.05205649482643,7.848053216267812e-05
Southwark,False,45,"[0.7250242894886496, -7.804885841274766e-06]","[2.6649375590928863e-21, 0.06287528079064868]",0.07817194834461161,0.05673408667820723,0.516786209255724,0.00221845410273861,0.18252938040534042,-1.3867652055682334,"[0.0007408742829517527, 0.01060254480520794, 0.014680331065514722, 0.028679731874768855, 0.033225951234036516, 0.00968081466870224, 0.005020079297039963, 0.021673888820457933, 0.024437716784728426, 0.00843087649369307, 0.0063354570079633965, 0.0006671987969921062, 0.006532471892712578, 0.021564635020727325, 0.045177519413409466, 0.040794714419286685, 0.008659947127795638, 0.012769085882175363, 0.015429406471640844, 0.028256551470480767, 0.004378367790942034, 0.0027371478863951453, 1.2397585600315006e-05, 0.006243068397356262, 0.028786987319603274, 0.02482717936968184, 0.06997940410214083, 8.136781498271641e-05, 0.018299270050523876, 0.018123063492709774, 0.026743648176827315, 0.004224055871800746, 0.006299934157653502, 0.0006138962841117047, 6.155860063755965e-06, 0.03048013379354604, 0.017804762544726672, 0.024841690062416384, 0.026020947902827465, 0.003841850369247519, 0.021674692003768495, 0.015337498990132318, 0.016122545631012373, 0.004472780506468348, 0.019938638160783773]","[0.10534080024215477, 0.10032714895332645, 0.025218036666548187, 0.028210514319743783, 0.04152078186836286, 0.022848033439979192, 0.023049232392904274, 0.02570914943365654, 0.032718133002362274, 0.031046193396336703, 0.034782322229129956, 0.10733908760386486, 0.09474251256309638, 0.028489471947118983, 0.032165761034843254, 0.04737600219008108, 0.030375045279125344, 0.02390919253131315, 0.024951173312987233, 0.032039807257311585, 0.036111587503225046, 0.037108890512500055, 0.10395385808309271, 0.09988511459422914, 0.02827811753114438, 0.03110580849971415, 0.047363443336202744, 0.02256601003018901, 0.022603700320508114, 0.02339609989703251, 0.029092670883121258, 0.0432063367400558, 0.03122564081728487, 0.10766286823499795, 0.10520386226293695, 0.09710746934839018, 0.023366442211004607, 0.03449113401674192, 0.02653386037418987, 0.023120181082525334, 0.022275449469544358, 0.023668024187129037, 0.0285775539299774, 0.03121061787367487, 0.02872685859634054]","[0.7090476881715602, 0.7073071986289559, 0.6414339621285968, 0.6369695674273876, 0.6248407748300467, 0.6571530022129243, 0.6465539672404731, 0.640583229571898, 0.6320290746898608, 0.6337071251457349, 0.630132487430431, 0.7097267132397511, 0.7053013429677483, 0.6366183475645304, 0.6325676118129088, 0.6209617465669331, 0.6344251746431321, 0.6441266477438367, 0.6419256699365972, 0.6326924899863692, 0.6289929740976049, 0.6281734610842711, 0.7085715901352424, 0.7071511009121304, 0.6368837136831337, 0.6336446860590046, 0.6209695514527744, 0.648567627787522, 0.6483725056414902, 0.6454690881085359, 0.6358846882954505, 0.6236700419538554, 0.6335198078855443, 0.709835981641529, 0.7090008588565125, 0.7061598804102885, 0.6455549418527899, 0.630390048663193, 0.6392798136364051, 0.6581286129430836, 0.650784215366444, 0.6447276239536148, 0.6365090791627525, 0.6335354176572268, 0.6681188668199153]","[0.010952311828439809, 0.04269280137104414, 0.10856603787140318, 0.1430304325726124, 0.12515922516995326, 0.09284699778707572, -0.06655396724047313, -0.13058322957189794, -0.1220290746898608, -0.07370712514573485, -0.06013248743043109, 0.010273286760248856, 0.03469865703225172, 0.12338165243546961, 0.16743238818709127, 0.12903825343306685, 0.07557482535686788, -0.10412664774383662, -0.11192566993659714, -0.13269248998636918, -0.04899297409760495, -0.03817346108427111, 0.0014284098647575627, 0.03284889908786959, 0.14311628631686635, 0.12635531394099542, 0.1690304485472256, -0.008567627787521959, -0.12837250564149016, -0.12546908810853585, -0.13588468829545053, -0.04367004195385549, -0.06351980788554434, -0.00983598164152899, 0.0009991411434874253, 0.07384011958971148, 0.12444505814721007, 0.11960995133680696, 0.14072018636359496, -0.05812861294308358, -0.14078421536644403, -0.1147276239536148, -0.10650907916275243, -0.0535354176572268, -0.11811886681991524]","[0.7250242894886496, -7.804885841274766e-06]","[0.019288986800033003, 2.7442655934656248e-06]","[1.590986330634104e-34, 0.006791827599619615]",Fair treatment,14.340108517358793,0.00015257921982739583,20.111769364726683,5.364321276359548e-05
Sutton,False,45,"[0.7581647721899923, 5.296846431388385e-07]","[4.419786171305322e-37, 0.9104971983016129]",0.000297260520836673,-0.022951640397283368,0.8968737599816758,0.8799964094790297,-0.1265606744440233,-0.0448866438350799,"[0.0023381339002351755, 0.011182837570024558, 0.0006560319423490923, 0.015601054960172417, 0.014934653701727502, 0.06468210869762372, 0.0031859587312262788, 0.003195464441654371, 0.0032480905036918356, 0.07941608110192769, 0.01682988814353783, 0.0024471938867211057, 0.004405837704241916, 0.0006010999181114808, 0.016281868134883346, 0.007335180722352265, 0.044133871304639895, 0.0009067266889051746, 3.4004719199723068e-06, 0.0009340306511609036, 0.07668466714056953, 0.015637115771427363, 0.05091717952901587, 0.0047018227803260785, 0.0024233225989875426, 0.0108463175535914, 0.021082116900099507, 0.010992212615349804, 0.0008639248792347671, 0.002832019085080729, 0.013165675628619724, 0.052232025661319764, 0.003399358413495848, 7.557584771049003e-05, 0.0278055795464642, 0.05375589418859151, 0.0053070411950525585, 0.00674732920318299, 0.06410202055353455, 0.0023625886734498815, 1.1161294687145205e-06, 0.006914523990214668, 0.04130008097119067, 0.02528940181741558, 0.0007729799171117004]","[0.10096035769590211, 0.10286638047591007, 0.0261525786588101, 0.023634752864218227, 0.035258464021127256, 0.02438922854165171, 0.030924768809132086, 0.02857080454713737, 0.02898070336597077, 0.029261092552013986, 0.037282869977073085, 0.10558529103863126, 0.10589017475399388, 0.023406866406838076, 0.024672977554078802, 0.031142634900913728, 0.02599544444642901, 0.0306901686350732, 0.035966467046991246, 0.03144406579116452, 0.03438232968330325, 0.03489960146963257, 0.10766947464766809, 0.11090682368554752, 0.02314697057877946, 0.025753204278467612, 0.031791742277579894, 0.026099844422675354, 0.035720213340842924, 0.02572817278042917, 0.029875840856098946, 0.029949855971361267, 0.03015523401587244, 0.10865917106779985, 0.10729980767215051, 0.10013364055713753, 0.02228523818225998, 0.028655142768538096, 0.03717947122117435, 0.0222314255566204, 0.028092617207584204, 0.027916133076365503, 0.03080706803609396, 0.026008416532291453, 0.03157646803066554]","[0.7585911683277191, 0.7585742184191386, 0.7603147621564929, 0.7601886972114258, 0.7605732482623446, 0.7602337204060926, 0.7604683707030031, 0.7604000413840383, 0.7604127538154736, 0.7604212287697638, 0.7606161527184389, 0.7585503826101975, 0.7585477341869817, 0.7601728066721317, 0.7602485515761005, 0.7604741972340777, 0.7603084059407752, 0.7604620144872855, 0.7605886091169957, 0.7604821425037248, 0.7605536499305485, 0.7605653029926975, 0.7585323733323307, 0.7585048297308875, 0.7601526786556924, 0.7602983419325556, 0.7604911471426581, 0.7603126434179204, 0.7605833122705643, 0.7602972825632693, 0.7604392380476305, 0.7604413567862031, 0.7604471833172776, 0.7585238983780405, 0.7585355514401896, 0.7585985839127231, 0.7600398558267039, 0.7604026898072539, 0.7606140339798664, 0.7599847686238174, 0.7603846805293872, 0.7603788539983127, 0.7604651925951443, 0.7603089356254183, 0.7595144086607101]","[-0.008591168327719112, -0.018574218419138644, 0.009685237843507166, 0.04981130278857426, 0.03942675173765542, 0.09976627959390738, 0.019531629296996922, -0.02040004138403828, -0.020412753815473583, -0.10042122876976378, -0.04061615271843888, -0.008550382610197471, 0.01145226581301828, 0.0098271933278683, 0.04975144842389956, 0.029525802765922315, 0.07969159405922477, -0.010462014487285454, -0.0005886091169956531, -0.010482142503724812, -0.09055364993054849, -0.04056530299269756, -0.03853237333233073, 0.011495170269112509, 0.019847321344307667, 0.03970165806744441, 0.04950885285734197, 0.03968735658207967, 0.009416687729435713, -0.020297282563269348, -0.0404392380476305, -0.08044135678620301, -0.020447183317277573, 0.0014761016219595469, -0.0285355514401896, 0.04140141608727699, 0.029960144173296177, 0.02959731019274614, 0.07938596602013359, 0.020015231376182663, -0.00038468052938722685, -0.03037885399831275, -0.07046519259514439, -0.06030893562541839, -0.009514408660710072]","[0.7581647721899923, 5.296846431388385e-07]","[0.010451948513249302, 3.5074609045371607e-06]","[1.3292079387462785e-46, 0.8806689080770053]",Fair treatment,3.677230794020488,0.05516039246121516,3.8264842163579047,0.05696450300825516
Tower Hamlets,False,45,"[0.7935072142496883, -8.217174109234194e-06]","[3.783020890351906e-30, 0.004894193302274963]",0.16994389283223343,0.150640262432983,0.8953782277740396,0.7689451377376657,-0.05213767091197884,-0.6554237210090306,"[0.020871332345602064, 9.565828486399459e-05, 0.06262250053982873, 0.0169238736867784, 0.00942266205774793, 0.002275606723007643, 0.006766981862137519, 0.024020741530264657, 0.03121673880121681, 0.0003421594032756032, 4.09797270865106e-05, 0.02088666135053204, 0.0452868604497773, 0.034211895415410615, 0.009394219249902098, 0.03142481581085704, 0.0002399058452384595, 0.010071513235341174, 0.05857055625851261, 0.005923146459509562, 0.0023267667923223645, 0.009224634198513021, 0.000459385682643372, 0.030855002389528215, 0.027608855947606252, 0.013678745176570736, 0.025914265883135525, 0.002637323809559156, 0.007108837123003033, 0.05060616457955064, 0.014044967749137391, 0.00035247089636498654, 0.0021700306277503793, 0.07580889830404276, 0.004538151908912878, 0.08466047145124327, 0.015362597023391586, 0.0022311517180909233, 0.014560441251719814, 0.0008013367757197633, 0.024179695331749216, 0.03011116332180608, 0.010074003281101675, 0.0008474304673735014, 0.0003262234504660475]","[0.10834195391561907, 0.097290831615433, 0.02789922242209069, 0.029878830724455623, 0.03129318881033972, 0.022308427581134268, 0.027500803400448748, 0.026343759761837622, 0.03047904855026847, 0.032577598977321216, 0.035113323018415236, 0.10836664337972862, 0.09427914752072254, 0.026311418600894036, 0.03125317165434628, 0.02804594460237639, 0.029967419659688542, 0.02793095931236046, 0.02513129861660708, 0.035218604238041545, 0.04354159271221644, 0.04490149743524218, 0.10552626783892549, 0.09777564789684617, 0.023640310445930575, 0.027034826846701967, 0.03239011866341708, 0.02449049805254802, 0.025524924048519543, 0.02539094132834046, 0.043738579054257355, 0.03240709155681554, 0.03450927032081879, 0.11253942301743966, 0.10963049819988488, 0.10650032904643646, 0.022652711121913922, 0.027892885659762025, 0.024446639419430833, 0.02231280373695498, 0.02336383260932246, 0.027146350584606897, 0.027905562722994447, 0.02660707504271019, 0.032598726275834405]","[0.7764401436248088, 0.7726355920122334, 0.7043919610350434, 0.7020171977174747, 0.7005052376813756, 0.7209249153428227, 0.7049178601780345, 0.7065695121739906, 0.7013598237887361, 0.6992315756944444, 0.6969307669438588, 0.7764483607989181, 0.7715509250298145, 0.7066188152186459, 0.7005463235519218, 0.7042029660305311, 0.701918591628164, 0.7043508751644972, 0.7085745026566437, 0.6968403780286572, 0.69058710853153, 0.6896914365536235, 0.7754951686022469, 0.7728081526685273, 0.7117545490369173, 0.7055587997585547, 0.6994123535248475, 0.7098070787730288, 0.707884260031468, 0.7081143409065266, 0.6904556337457822, 0.699395919176629, 0.6974566660868498, 0.7778206288751602, 0.776867436678489, 0.7758238555666163, 0.7150578530288294, 0.7044001782091527, 0.7098974676882304, 0.7172518385159949, 0.7125105290549668, 0.7054026734504792, 0.7043837438609342, 0.7061750878167473, 0.7390109155572471]","[-0.03644014362480885, -0.002635592012233401, 0.13560803896495655, 0.06798280228252529, 0.049494762318624375, 0.02907508465717734, -0.04491786017803445, -0.08656951217399056, -0.09135982378873608, -0.009231575694444438, 0.003069233056141152, -0.03644836079891811, 0.05844907497018548, 0.10338118478135416, 0.04945367644807819, 0.09579703396946893, 0.008081408371836019, -0.054350875164497214, -0.13857450265664373, -0.03684037802865714, -0.020587108531530007, 0.040308563446376455, -0.005495168602246858, 0.047191847331472636, 0.09824545096308279, 0.06444120024144528, 0.08058764647515249, -0.029807078773028794, -0.04788426003146795, -0.12811434090652662, -0.050455633745782213, -0.009395919176629075, 0.02254333391315022, -0.06782062887516027, -0.016867436678489, 0.07417614443338372, 0.07494214697117063, 0.0255998217908473, 0.07010253231176966, -0.01725183851599499, -0.09251052905496682, -0.09540267345047926, -0.05438374386093414, -0.01617508781674737, -0.00901091555724709]","[0.7935072142496883, -8.217174109234194e-06]","[0.020588031907735345, 2.2394593809235416e-06]","[5.577955910107423e-35, 0.0006664125365627034]",Fair treatment,1.4449922683606353,0.22933318825779914,1.4265791874575027,0.2388705581602293
Waltham Forest,False,45,"[0.7952949840246368, -1.9919913066670005e-05]","[8.75345130574759e-28, 0.00011379149133043509]",0.29550670157239045,0.2791231364926786,0.8217381997399966,0.007436652267900918,-0.5665815004668784,-0.7801077508882415,"[0.0027824540241173893, 0.005413042270286818, 0.02874035113410857, 0.022849133858767065, 0.013700734236337539, 0.003527822053424249, 0.0032738844346845344, 0.007601541543082759, 0.06017078078704644, 0.0329975133442007, 0.0011179663156199752, 0.00024160693434320397, 1.5411418783135118e-05, 0.02627944521603324, 0.023633438798168524, 0.012371587118292211, 0.00688259309311781, 0.003473886174654274, 0.027007424051554197, 0.03913517361866153, 0.047900973461274386, 0.009285168817907197, 0.0006069099255051003, 0.0005038856031654392, 0.016087025552889943, 0.03361720667906059, 0.005361567347720315, 0.0007361088011954979, 3.9051911273237346e-05, 0.045026986505496566, 0.032511059383140646, 0.015364364263300873, 0.00502128615052401, 0.007683337473297972, 0.0003044423082657082, 0.0003337487537471356, 0.01640449202046134, 0.01465932272803988, 0.0057437764005079444, 0.004891568803906953, 0.0017322052837207079, 0.039585534576618134, 0.038671509144101085, 0.004616158408081748, 0.003577937861107016]","[0.10915827599699386, 0.10238992602854899, 0.02844088364914823, 0.02816300983954725, 0.031251714156515384, 0.02632204130629863, 0.029452628347869422, 0.025204558038258718, 0.027195482484126107, 0.036432702705995176, 0.03242443764600303, 0.1100613235745967, 0.10174253188939059, 0.02731285868391353, 0.03155662185694755, 0.03007143173369342, 0.03604093464295226, 0.026232881247962733, 0.026461762087814172, 0.030680483779589256, 0.03537581538522423, 0.027213451253432608, 0.10493252002653754, 0.10618181627306664, 0.026877585508187876, 0.03368236085676568, 0.02923778366262302, 0.026257100419235572, 0.02513545195669955, 0.02543114116255356, 0.02951771360721988, 0.037467496566410706, 0.02551094492458311, 0.10964684756890032, 0.1086710734416035, 0.1090832326501193, 0.027079475300854503, 0.028714848156031782, 0.02981420613144363, 0.023175313821028533, 0.02485405236702247, 0.02325962066631164, 0.027786554869788527, 0.02654504437589809, 0.031952059352292714]","[0.7651760754678318, 0.7615108114635645, 0.6482063459403455, 0.6487641035062123, 0.6431466880214114, 0.6528476856848796, 0.6462741143728785, 0.6557958328187468, 0.6508158545520792, 0.6355771210560768, 0.6412742161931444, 0.7656541533814318, 0.7611522530283644, 0.6505568956822125, 0.6426486901947446, 0.645158599241145, 0.6360950387958102, 0.653066804728613, 0.6525090471627463, 0.6441028438486115, 0.6369914348838103, 0.6507760147259459, 0.7629052053782314, 0.7635824824224982, 0.6515329714224793, 0.6393818244518107, 0.6466725126342119, 0.653007044989413, 0.6559950319494134, 0.6551583956006133, 0.6461545948944785, 0.6342424868806098, 0.65493927655688, 0.7654350343376985, 0.7649171165979651, 0.7651362356416984, 0.651074813421946, 0.6476685082875454, 0.6456167572416784, 0.6632259603926147, 0.6568316682982136, 0.6628076422182146, 0.6495409801158124, 0.6523098480320795, 0.7037629834832881]","[0.014823924532168187, -0.021510811463564483, 0.10179365405965446, 0.09123589649378772, 0.06685331197858857, 0.03715231431512034, 0.03372588562712153, -0.05579583281874678, -0.15081585455207924, -0.09557712105607674, 0.018725783806855634, 0.004345846618568183, -0.001152253028364414, 0.09944310431778747, 0.0873513098052554, 0.06484140075885492, 0.04390496120418985, 0.03693319527138694, -0.10250904716274623, -0.11410284384861147, -0.11699143488381025, 0.059223985274054036, 0.007094794621768652, 0.006417517577501863, 0.07846702857752064, 0.1006181755481893, 0.043327487365788064, 0.016992955010587063, 0.004004968050586588, -0.13515839560061327, -0.10615459489447843, -0.06424248688060985, 0.045060723443119954, 0.024564965662301486, -0.004917116597965121, -0.005136235641698406, 0.07892518657805403, 0.07233149171245457, 0.044383242758321506, 0.04677403960738524, -0.026831668298213596, -0.13280764221821462, -0.11954098011581238, -0.04230984803207949, -0.0337629834832881]","[0.7952949840246368, -1.9919913066670005e-05]","[0.008638811022944202, 2.6889279097389085e-06]","[5.021746366775216e-51, 3.316431379839691e-09]",Fair treatment,9.263847867990329,0.002337214594364965,11.146848067248325,0.00174594988058683
Wandsworth,False,45,"[0.7222830182799371, -5.016462282193858e-06]","[5.086536250157204e-22, 0.3691605074008619]",0.01879564802862843,-0.004023057831170851,0.6233612406376297,0.0030137120740820807,0.2102872560465043,-1.3017366367486662,"[0.00012625256623362142, 0.0016040743911193238, 0.016400608719149022, 0.036113780909060554, 0.02837242520997664, 0.014645759011700411, 0.004109397894078958, 0.041952138596181604, 0.014637167678147652, 0.006011836300656582, 0.00665797069845411, 0.00012773924711160568, 0.00014341940525966544, 0.02758158417668602, 0.01829807238715396, 0.030249784880112034, 0.018295371626643405, 0.020473535402961086, 0.02425955140027137, 0.018330481973885277, 0.004459446233275341, 0.007113314324679987, 0.008327959085391808, 0.01331446015077643, 0.029903492960921773, 0.015452648109845394, 0.0364637646636698, 0.00037225741415730613, 0.01076738127680091, 0.023141727777739412, 0.02313202304819924, 0.0027143178369127743, 0.005978069522669503, 9.65087788514991e-05, 0.008748910870421369, 0.02770064359751436, 0.02963052964429028, 0.019494589267793128, 0.02518913912974922, 0.0008744794364612365, 0.024048249085595257, 0.011587681832792083, 0.01318792488538377, 0.0026555011696237914, 0.01870836728519682]","[0.10759733311622846, 0.10604518219092844, 0.026902436264672695, 0.030328703086965232, 0.028019351981702075, 0.022294263934341033, 0.027718620844678566, 0.02606863042347458, 0.0335860713698074, 0.029452839595176236, 0.03510318385507349, 0.10740253555142296, 0.10153677261978106, 0.027417882360141102, 0.02914423226652839, 0.029443388975513615, 0.039123286781268404, 0.03089894927627832, 0.025242789150073407, 0.034174219467878714, 0.03305900638270599, 0.03915220604687181, 0.10540265514203223, 0.10607737343496847, 0.029181280766643475, 0.025784485990210288, 0.030560565975632906, 0.02616576785411915, 0.030368792221829755, 0.023587452760113474, 0.03593640601525602, 0.028389055605643955, 0.029153485121329266, 0.11170621571027173, 0.10782487813874805, 0.10473066229609698, 0.02599998816267432, 0.026781533815134165, 0.02560111291692525, 0.023028123740515934, 0.024945001962755817, 0.023836104718181886, 0.029153485121329266, 0.025898183549960763, 0.030175503438115214]","[0.7157014197656988, 0.7154606295761535, 0.6831596289411073, 0.6812082251133338, 0.6824623406838822, 0.6885673752813122, 0.6826429333260413, 0.6837365221035595, 0.6797133193532401, 0.6816597067187312, 0.679091278030248, 0.7156713209920056, 0.714748291932082, 0.6828285424304824, 0.6818252499740437, 0.6816647231810135, 0.6776013887324365, 0.680927303225531, 0.6843736128133981, 0.6794675127014126, 0.6799390601559387, 0.677591355807872, 0.7153603003305096, 0.7154656460384357, 0.6818051841249149, 0.6839472135194117, 0.6810928464808433, 0.6836662916316089, 0.6811881592642051, 0.6859989465928289, 0.6787652079819054, 0.6822466328057479, 0.6818202335117615, 0.7163284775509731, 0.7157365350016741, 0.7152549546225835, 0.6837866867263814, 0.6832398923376223, 0.6840876744633131, 0.6867714817842868, 0.6846244359275079, 0.6857079917804617, 0.6818202335117615, 0.6838619336606143, 0.6973812995111268]","[0.004298580234301186, -0.015460629576153573, 0.10684037105889277, 0.14879177488666617, 0.13753765931611772, 0.11143262471868787, -0.05264293332604131, -0.1737365221035595, -0.08971331935324012, -0.06165970671873122, -0.05909127803024805, 0.004328679007994385, -0.004748291932082038, 0.13717145756951754, 0.10817475002595633, 0.1383352768189865, 0.09239861126756355, -0.11092730322553102, -0.1343736128133981, -0.09946751270141263, -0.04993906015593874, -0.057591355807872, -0.03536030033050952, 0.044534353961564355, 0.1381948158750851, 0.10605278648058836, 0.14890715351915662, 0.016333708368391098, -0.08118815926420508, -0.13599894659282885, -0.10876520798190548, -0.04224663280574792, -0.06182023351176147, 0.0036715224490269094, -0.035736535001674063, 0.06474504537741654, 0.14621331327361853, 0.11676010766237777, 0.13591232553668686, -0.026771481784286788, -0.13462443592750784, -0.09570799178046174, -0.0918202335117615, -0.043861933660614305, -0.10738129951112685]","[0.7222830182799371, -5.016462282193858e-06]","[0.016230552573410856, 3.3483881112844614e-06]","[1.336748935280566e-37, 0.14139430371469805]",Fair treatment,11.022280722002774,0.0009002324057380601,13.949084315174677,0.0005479998183637419
Westminster,False,45,"[0.7844979475015755, -2.6214386041594623e-06]","[2.344795255837014e-28, 0.09631703559640427]",0.06299041160143015,0.041199490940998285,0.9012840928118926,0.1025389157400814,0.12134346021984026,-0.697172106437455,"[0.0021587180665042435, 0.0031364339171003827, 0.018405099113065482, 0.01559746140963793, 0.07342777227622428, 0.0003419355046757153, 0.001422058005475835, 0.037630539771316834, 0.0066437835120154495, 0.0003179147996180434, 0.01977370007212226, 0.0008668310727341801, 0.011522613848437724, 0.023341551335538124, 0.011690645878382202, 0.07126926777997085, 0.0008353709155678809, 0.003820168088066169, 0.03926633450804765, 0.0012042948111429521, 0.006539191109336915, 0.00650255872179002, 0.00038854284216147556, 0.0248757664329367, 0.01599693613118356, 0.018468446735245808, 0.07844618408118886, 0.003313729557937741, 0.008576931912592168, 0.060537465940254984, 0.00013112481983518413, 0.0038818906958869577, 0.012900706647931848, 0.009845584059284455, 0.0031142852443217075, 0.006807720246508066, 0.014816975990870902, 0.06297858022075851, 0.006186934236652466, 0.00186661048395704, 0.03681320102982901, 0.006589235956252302, 0.0008754030990227279, 0.012574986680718313, 0.04257797372134157]","[0.08660540476365229, 0.08671106353400285, 0.02231077855413739, 0.022441899843603254, 0.04514402276430242, 0.04175471544978884, 0.02576591307142381, 0.02415606662018485, 0.03623145798510557, 0.037396036165037866, 0.033031096345722606, 0.08835093178381685, 0.08137384781989544, 0.022877155915800307, 0.023745772075147345, 0.04026777421244423, 0.02282907223828736, 0.022277682765654637, 0.026001375500739624, 0.035582276362570026, 0.033230347427790956, 0.03220024949347798, 0.08536168693943885, 0.0841300992806881, 0.022636508207710137, 0.030855994952118517, 0.047342207326176895, 0.028439429211879547, 0.024809039190136422, 0.04699705509037029, 0.07477131832789735, 0.06311318570527143, 0.037212864109379004, 0.0876570174991271, 0.0872318124878076, 0.08216100959330945, 0.022223290668179126, 0.04041250969361665, 0.031024404288402623, 0.04740712037503994, 0.022619737249327046, 0.03464511051102254, 0.045741284403127205, 0.035070087344809805, 0.02785228685257759]","[0.7781304731320722, 0.7781619303953221, 0.7383553851911606, 0.7375374963466629, 0.7168936673389071, 0.7609023786255362, 0.7487756036426946, 0.7331308580530709, 0.7218875078798309, 0.7211587479478746, 0.7240633019212833, 0.7786468965370916, 0.7765392598993474, 0.7359095829734799, 0.7338779680552563, 0.7194731629254001, 0.7435012691711257, 0.7409034235144036, 0.730485826501474, 0.7223069380564965, 0.7239191227980545, 0.7246793399932607, 0.7777582288502816, 0.777385984568491, 0.736701257431936, 0.7257331583121329, 0.715821498949806, 0.7516958862477282, 0.7320901469272195, 0.715986649581868, 0.7051286508834395, 0.70921285222872, 0.7212714698078535, 0.7784424243259672, 0.7783165952729675, 0.7767830536895343, 0.7396215400369697, 0.7193918983286711, 0.7255968435047165, 0.7637649895812784, 0.7367641719584359, 0.7229308404442865, 0.7165974447766371, 0.722645103636433, 0.7511191697548131]","[-0.018130473132072167, 0.021838069604677934, 0.11164461480883936, 0.10246250365333709, 0.15310633266109286, -0.010902378625536224, -0.028775603642694603, -0.15313085805307092, -0.051887507879830874, -0.011158747947874637, -0.09406330192128332, 0.01135310346290841, 0.043460740100652595, 0.12409041702652013, 0.08612203194474366, 0.16052683707459992, -0.023501269171125716, -0.05090342351440369, -0.15048582650147402, -0.022306938056496528, -0.05391912279805444, -0.05467933999326069, -0.0077582288502815455, 0.06261401543150902, 0.10329874256806393, 0.09426684168786703, 0.15417850105019404, -0.04169588624772824, -0.07209014692721949, -0.135986649581868, 0.004871349116560508, -0.029212852228719943, -0.07127146980785348, -0.03844242432596723, 0.021683404727032562, 0.03321694631046579, 0.1003784599630303, 0.15060810167132888, 0.05440315649528349, -0.023764989581278373, -0.15676417195843595, -0.05293084044428642, -0.01659744477663716, -0.07264510363643295, -0.1511191697548131]","[0.7844979475015755, -2.6214386041594623e-06]","[0.01613415732436854, 1.145858916159527e-06]","[3.18665723944715e-39, 0.02713135551127607]",Fair treatment,6.1549998172658675,0.013104113000554538,6.81336055856349,0.012402754976677515
