Date,Quarter,Borough,metric,metric_value
4/1/2021,Q1_2122,Barking and Dagenham,Contact ward officer,0.23
4/1/2021,Q1_2122,Barking and Dagenham,Dealing issues,0.68
4/1/2021,Q1_2122,Barking and Dagenham,Fair treatment,0.66
4/1/2021,Q1_2122,Barking and Dagenham,Good job,0.47
4/1/2021,Q1_2122,Barking and Dagenham,Informed local,0.39
4/1/2021,Q1_2122,Barking and Dagenham,Listen to concerns,0.62
4/1/2021,Q1_2122,Barking and Dagenham,Relied on to be there,0.6
4/1/2021,Q1_2122,Barking and Dagenham,Trust MPS,0.8
4/1/2021,Q1_2122,Barnet,Contact ward officer,0.29
4/1/2021,Q1_2122,Barnet,Dealing issues,0.63
4/1/2021,Q1_2122,Barnet,Fair treatment,0.72
4/1/2021,Q1_2122,Barnet,Good job,0.51
4/1/2021,Q1_2122,Barnet,Informed local,0.4
4/1/2021,Q1_2122,Barnet,Listen to concerns,0.68
4/1/2021,Q1_2122,Barnet,Relied on to be there,0.64
4/1/2021,Q1_2122,Barnet,Trust MPS,0.79
4/1/2021,Q1_2122,Bexley,Contact ward officer,0.34
4/1/2021,Q1_2122,Bexley,Dealing issues,0.77
4/1/2021,Q1_2122,Bexley,Fair treatment,0.81
4/1/2021,Q1_2122,Bexley,Good job,0.59
4/1/2021,Q1_2122,Bexley,Informed local,0.53
4/1/2021,Q1_2122,Bexley,Listen to concerns,0.79
4/1/2021,Q1_2122,Bexley,Relied on to be there,0.66
4/1/2021,Q1_2122,Bexley,Trust MPS,0.86
4/1/2021,Q1_2122,Brent,Contact ward officer,0.24
4/1/2021,Q1_2122,Brent,Dealing issues,0.69
4/1/2021,Q1_2122,Brent,Fair treatment,0.7
4/1/2021,Q1_2122,Brent,Good job,0.53
4/1/2021,Q1_2122,Brent,Informed local,0.45
4/1/2021,Q1_2122,Brent,Listen to concerns,0.7
4/1/2021,Q1_2122,Brent,Relied on to be there,0.64
4/1/2021,Q1_2122,Brent,Trust MPS,0.8
4/1/2021,Q1_2122,Bromley,Contact ward officer,0.28
4/1/2021,Q1_2122,Bromley,Dealing issues,0.67
4/1/2021,Q1_2122,Bromley,Fair treatment,0.71
4/1/2021,Q1_2122,Bromley,Good job,0.62
4/1/2021,Q1_2122,Bromley,Informed local,0.51
4/1/2021,Q1_2122,Bromley,Listen to concerns,0.71
4/1/2021,Q1_2122,Bromley,Relied on to be there,0.64
4/1/2021,Q1_2122,Bromley,Trust MPS,0.84
4/1/2021,Q1_2122,Camden,Contact ward officer,0.24
4/1/2021,Q1_2122,Camden,Dealing issues,0.59
4/1/2021,Q1_2122,Camden,Fair treatment,0.58
4/1/2021,Q1_2122,Camden,Good job,0.53
4/1/2021,Q1_2122,Camden,Informed local,0.38
4/1/2021,Q1_2122,Camden,Listen to concerns,0.64
4/1/2021,Q1_2122,Camden,Relied on to be there,0.6
4/1/2021,Q1_2122,Camden,Trust MPS,0.77
4/1/2021,Q1_2122,Croydon,Contact ward officer,0.26
4/1/2021,Q1_2122,Croydon,Dealing issues,0.6
4/1/2021,Q1_2122,Croydon,Fair treatment,0.63
4/1/2021,Q1_2122,Croydon,Good job,0.5
4/1/2021,Q1_2122,Croydon,Informed local,0.46
4/1/2021,Q1_2122,Croydon,Listen to concerns,0.61
4/1/2021,Q1_2122,Croydon,Relied on to be there,0.64
4/1/2021,Q1_2122,Croydon,Trust MPS,0.76
4/1/2021,Q1_2122,Ealing,Contact ward officer,0.2
4/1/2021,Q1_2122,Ealing,Dealing issues,0.69
4/1/2021,Q1_2122,Ealing,Fair treatment,0.71
4/1/2021,Q1_2122,Ealing,Good job,0.53
4/1/2021,Q1_2122,Ealing,Informed local,0.39
4/1/2021,Q1_2122,Ealing,Listen to concerns,0.62
4/1/2021,Q1_2122,Ealing,Relied on to be there,0.62
4/1/2021,Q1_2122,Ealing,Trust MPS,0.79
4/1/2021,Q1_2122,Enfield,Contact ward officer,0.18
4/1/2021,Q1_2122,Enfield,Dealing issues,0.64
4/1/2021,Q1_2122,Enfield,Fair treatment,0.67
4/1/2021,Q1_2122,Enfield,Good job,0.52
4/1/2021,Q1_2122,Enfield,Informed local,0.42
4/1/2021,Q1_2122,Enfield,Listen to concerns,0.64
4/1/2021,Q1_2122,Enfield,Relied on to be there,0.58
4/1/2021,Q1_2122,Enfield,Trust MPS,0.75
4/1/2021,Q1_2122,Greenwich,Contact ward officer,0.23
4/1/2021,Q1_2122,Greenwich,Dealing issues,0.68
4/1/2021,Q1_2122,Greenwich,Fair treatment,0.7
4/1/2021,Q1_2122,Greenwich,Good job,0.55
4/1/2021,Q1_2122,Greenwich,Informed local,0.42
4/1/2021,Q1_2122,Greenwich,Listen to concerns,0.66
4/1/2021,Q1_2122,Greenwich,Relied on to be there,0.61
4/1/2021,Q1_2122,Greenwich,Trust MPS,0.75
4/1/2021,Q1_2122,Hackney,Contact ward officer,0.26
4/1/2021,Q1_2122,Hackney,Dealing issues,0.57
4/1/2021,Q1_2122,Hackney,Fair treatment,0.56
4/1/2021,Q1_2122,Hackney,Good job,0.49
4/1/2021,Q1_2122,Hackney,Informed local,0.33
4/1/2021,Q1_2122,Hackney,Listen to concerns,0.59
4/1/2021,Q1_2122,Hackney,Relied on to be there,0.61
4/1/2021,Q1_2122,Hackney,Trust MPS,0.69
4/1/2021,Q1_2122,Hammersmith and Fulham,Contact ward officer,0.21
4/1/2021,Q1_2122,Hammersmith and Fulham,Dealing issues,0.68
4/1/2021,Q1_2122,Hammersmith and Fulham,Fair treatment,0.69
4/1/2021,Q1_2122,Hammersmith and Fulham,Good job,0.6
4/1/2021,Q1_2122,Hammersmith and Fulham,Informed local,0.44
4/1/2021,Q1_2122,Hammersmith and Fulham,Listen to concerns,0.7
4/1/2021,Q1_2122,Hammersmith and Fulham,Relied on to be there,0.67
4/1/2021,Q1_2122,Hammersmith and Fulham,Trust MPS,0.81
4/1/2021,Q1_2122,Haringey,Contact ward officer,0.21
4/1/2021,Q1_2122,Haringey,Dealing issues,0.64
4/1/2021,Q1_2122,Haringey,Fair treatment,0.66
4/1/2021,Q1_2122,Haringey,Good job,0.53
4/1/2021,Q1_2122,Haringey,Informed local,0.43
4/1/2021,Q1_2122,Haringey,Listen to concerns,0.67
4/1/2021,Q1_2122,Haringey,Relied on to be there,0.61
4/1/2021,Q1_2122,Haringey,Trust MPS,0.75
4/1/2021,Q1_2122,Harrow,Contact ward officer,0.27
4/1/2021,Q1_2122,Harrow,Dealing issues,0.71
4/1/2021,Q1_2122,Harrow,Fair treatment,0.78
4/1/2021,Q1_2122,Harrow,Good job,0.52
4/1/2021,Q1_2122,Harrow,Informed local,0.46
4/1/2021,Q1_2122,Harrow,Listen to concerns,0.67
4/1/2021,Q1_2122,Harrow,Relied on to be there,0.63
4/1/2021,Q1_2122,Harrow,Trust MPS,0.83
4/1/2021,Q1_2122,Havering,Contact ward officer,0.24
4/1/2021,Q1_2122,Havering,Dealing issues,0.69
4/1/2021,Q1_2122,Havering,Fair treatment,0.78
4/1/2021,Q1_2122,Havering,Good job,0.57
4/1/2021,Q1_2122,Havering,Informed local,0.45
4/1/2021,Q1_2122,Havering,Listen to concerns,0.72
4/1/2021,Q1_2122,Havering,Relied on to be there,0.61
4/1/2021,Q1_2122,Havering,Trust MPS,0.82
4/1/2021,Q1_2122,Hillingdon,Contact ward officer,0.27
4/1/2021,Q1_2122,Hillingdon,Dealing issues,0.7
4/1/2021,Q1_2122,Hillingdon,Fair treatment,0.81
4/1/2021,Q1_2122,Hillingdon,Good job,0.6
4/1/2021,Q1_2122,Hillingdon,Informed local,0.48
4/1/2021,Q1_2122,Hillingdon,Listen to concerns,0.69
4/1/2021,Q1_2122,Hillingdon,Relied on to be there,0.67
4/1/2021,Q1_2122,Hillingdon,Trust MPS,0.85
4/1/2021,Q1_2122,Hounslow,Contact ward officer,0.25
4/1/2021,Q1_2122,Hounslow,Dealing issues,0.7
4/1/2021,Q1_2122,Hounslow,Fair treatment,0.74
4/1/2021,Q1_2122,Hounslow,Good job,0.57
4/1/2021,Q1_2122,Hounslow,Informed local,0.49
4/1/2021,Q1_2122,Hounslow,Listen to concerns,0.7
4/1/2021,Q1_2122,Hounslow,Relied on to be there,0.66
4/1/2021,Q1_2122,Hounslow,Trust MPS,0.82
4/1/2021,Q1_2122,Islington,Contact ward officer,0.2
4/1/2021,Q1_2122,Islington,Dealing issues,0.62
4/1/2021,Q1_2122,Islington,Fair treatment,0.54
4/1/2021,Q1_2122,Islington,Good job,0.56
4/1/2021,Q1_2122,Islington,Informed local,0.41
4/1/2021,Q1_2122,Islington,Listen to concerns,0.65
4/1/2021,Q1_2122,Islington,Relied on to be there,0.64
4/1/2021,Q1_2122,Islington,Trust MPS,0.7
4/1/2021,Q1_2122,Kensington and Chelsea,Contact ward officer,0.3
4/1/2021,Q1_2122,Kensington and Chelsea,Dealing issues,0.68
4/1/2021,Q1_2122,Kensington and Chelsea,Fair treatment,0.7
4/1/2021,Q1_2122,Kensington and Chelsea,Good job,0.62
4/1/2021,Q1_2122,Kensington and Chelsea,Informed local,0.41
4/1/2021,Q1_2122,Kensington and Chelsea,Listen to concerns,0.68
4/1/2021,Q1_2122,Kensington and Chelsea,Relied on to be there,0.64
4/1/2021,Q1_2122,Kensington and Chelsea,Trust MPS,0.79
4/1/2021,Q1_2122,Kingston upon Thames,Contact ward officer,0.32
4/1/2021,Q1_2122,Kingston upon Thames,Dealing issues,0.75
4/1/2021,Q1_2122,Kingston upon Thames,Fair treatment,0.8
4/1/2021,Q1_2122,Kingston upon Thames,Good job,0.67
4/1/2021,Q1_2122,Kingston upon Thames,Informed local,0.51
4/1/2021,Q1_2122,Kingston upon Thames,Listen to concerns,0.73
4/1/2021,Q1_2122,Kingston upon Thames,Relied on to be there,0.64
4/1/2021,Q1_2122,Kingston upon Thames,Trust MPS,0.85
4/1/2021,Q1_2122,Lambeth,Contact ward officer,0.17
4/1/2021,Q1_2122,Lambeth,Dealing issues,0.6
4/1/2021,Q1_2122,Lambeth,Fair treatment,0.52
4/1/2021,Q1_2122,Lambeth,Good job,0.49
4/1/2021,Q1_2122,Lambeth,Informed local,0.31
4/1/2021,Q1_2122,Lambeth,Listen to concerns,0.59
4/1/2021,Q1_2122,Lambeth,Relied on to be there,0.64
4/1/2021,Q1_2122,Lambeth,Trust MPS,0.73
4/1/2021,Q1_2122,Lewisham,Contact ward officer,0.17
4/1/2021,Q1_2122,Lewisham,Dealing issues,0.58
4/1/2021,Q1_2122,Lewisham,Fair treatment,0.55
4/1/2021,Q1_2122,Lewisham,Good job,0.46
4/1/2021,Q1_2122,Lewisham,Informed local,0.27
4/1/2021,Q1_2122,Lewisham,Listen to concerns,0.55
4/1/2021,Q1_2122,Lewisham,Relied on to be there,0.6
4/1/2021,Q1_2122,Lewisham,Trust MPS,0.67
4/1/2021,Q1_2122,MPS,Contact ward officer,0.24
4/1/2021,Q1_2122,MPS,Dealing issues,0.66
4/1/2021,Q1_2122,MPS,Fair treatment,0.68
4/1/2021,Q1_2122,MPS,Good job,0.54
4/1/2021,Q1_2122,MPS,Informed local,0.42
4/1/2021,Q1_2122,MPS,Listen to concerns,0.66
4/1/2021,Q1_2122,MPS,Relied on to be there,0.63
4/1/2021,Q1_2122,MPS,Trust MPS,0.79
4/1/2021,Q1_2122,Merton,Contact ward officer,0.3
4/1/2021,Q1_2122,Merton,Dealing issues,0.67
4/1/2021,Q1_2122,Merton,Fair treatment,0.69
4/1/2021,Q1_2122,Merton,Good job,0.6
4/1/2021,Q1_2122,Merton,Informed local,0.47
4/1/2021,Q1_2122,Merton,Listen to concerns,0.68
4/1/2021,Q1_2122,Merton,Relied on to be there,0.63
4/1/2021,Q1_2122,Merton,Trust MPS,0.79
4/1/2021,Q1_2122,Newham,Contact ward officer,0.18
4/1/2021,Q1_2122,Newham,Dealing issues,0.67
4/1/2021,Q1_2122,Newham,Fair treatment,0.73
4/1/2021,Q1_2122,Newham,Good job,0.47
4/1/2021,Q1_2122,Newham,Informed local,0.39
4/1/2021,Q1_2122,Newham,Listen to concerns,0.67
4/1/2021,Q1_2122,Newham,Relied on to be there,0.67
4/1/2021,Q1_2122,Newham,Trust MPS,0.8
4/1/2021,Q1_2122,Redbridge,Contact ward officer,0.3
4/1/2021,Q1_2122,Redbridge,Dealing issues,0.66
4/1/2021,Q1_2122,Redbridge,Fair treatment,0.71
4/1/2021,Q1_2122,Redbridge,Good job,0.48
4/1/2021,Q1_2122,Redbridge,Informed local,0.44
4/1/2021,Q1_2122,Redbridge,Listen to concerns,0.66
4/1/2021,Q1_2122,Redbridge,Relied on to be there,0.6
4/1/2021,Q1_2122,Redbridge,Trust MPS,0.79
4/1/2021,Q1_2122,Richmond upon Thames,Contact ward officer,0.31
4/1/2021,Q1_2122,Richmond upon Thames,Dealing issues,0.73
4/1/2021,Q1_2122,Richmond upon Thames,Fair treatment,0.72
4/1/2021,Q1_2122,Richmond upon Thames,Good job,0.63
4/1/2021,Q1_2122,Richmond upon Thames,Informed local,0.57
4/1/2021,Q1_2122,Richmond upon Thames,Listen to concerns,0.8
4/1/2021,Q1_2122,Richmond upon Thames,Relied on to be there,0.63
4/1/2021,Q1_2122,Richmond upon Thames,Trust MPS,0.87
4/1/2021,Q1_2122,Southwark,Contact ward officer,0.22
4/1/2021,Q1_2122,Southwark,Dealing issues,0.62
4/1/2021,Q1_2122,Southwark,Fair treatment,0.58
4/1/2021,Q1_2122,Southwark,Good job,0.54
4/1/2021,Q1_2122,Southwark,Informed local,0.37
4/1/2021,Q1_2122,Southwark,Listen to concerns,0.62
4/1/2021,Q1_2122,Southwark,Relied on to be there,0.59
4/1/2021,Q1_2122,Southwark,Trust MPS,0.77
4/1/2021,Q1_2122,Sutton,Contact ward officer,0.3
4/1/2021,Q1_2122,Sutton,Dealing issues,0.78
4/1/2021,Q1_2122,Sutton,Fair treatment,0.78
4/1/2021,Q1_2122,Sutton,Good job,0.61
4/1/2021,Q1_2122,Sutton,Informed local,0.46
4/1/2021,Q1_2122,Sutton,Listen to concerns,0.76
4/1/2021,Q1_2122,Sutton,Relied on to be there,0.72
4/1/2021,Q1_2122,Sutton,Trust MPS,0.86
4/1/2021,Q1_2122,Tower Hamlets,Contact ward officer,0.16
4/1/2021,Q1_2122,Tower Hamlets,Dealing issues,0.61
4/1/2021,Q1_2122,Tower Hamlets,Fair treatment,0.66
4/1/2021,Q1_2122,Tower Hamlets,Good job,0.45
4/1/2021,Q1_2122,Tower Hamlets,Informed local,0.37
4/1/2021,Q1_2122,Tower Hamlets,Listen to concerns,0.61
4/1/2021,Q1_2122,Tower Hamlets,Relied on to be there,0.62
4/1/2021,Q1_2122,Tower Hamlets,Trust MPS,0.76
4/1/2021,Q1_2122,Waltham Forest,Contact ward officer,0.23
4/1/2021,Q1_2122,Waltham Forest,Dealing issues,0.67
4/1/2021,Q1_2122,Waltham Forest,Fair treatment,0.68
4/1/2021,Q1_2122,Waltham Forest,Good job,0.54
4/1/2021,Q1_2122,Waltham Forest,Informed local,0.43
4/1/2021,Q1_2122,Waltham Forest,Listen to concerns,0.68
4/1/2021,Q1_2122,Waltham Forest,Relied on to be there,0.59
4/1/2021,Q1_2122,Waltham Forest,Trust MPS,0.8
4/1/2021,Q1_2122,Wandsworth,Contact ward officer,0.22
4/1/2021,Q1_2122,Wandsworth,Dealing issues,0.7
4/1/2021,Q1_2122,Wandsworth,Fair treatment,0.63
4/1/2021,Q1_2122,Wandsworth,Good job,0.57
4/1/2021,Q1_2122,Wandsworth,Informed local,0.47
4/1/2021,Q1_2122,Wandsworth,Listen to concerns,0.69
4/1/2021,Q1_2122,Wandsworth,Relied on to be there,0.68
4/1/2021,Q1_2122,Wandsworth,Trust MPS,0.78
4/1/2021,Q1_2122,Westminster,Contact ward officer,0.22
4/1/2021,Q1_2122,Westminster,Dealing issues,0.66
4/1/2021,Q1_2122,Westminster,Fair treatment,0.72
4/1/2021,Q1_2122,Westminster,Good job,0.52
4/1/2021,Q1_2122,Westminster,Informed local,0.42
4/1/2021,Q1_2122,Westminster,Listen to concerns,0.64
4/1/2021,Q1_2122,Westminster,Relied on to be there,0.65
4/1/2021,Q1_2122,Westminster,Trust MPS,0.84
7/1/2021,Q2_2122,Barking and Dagenham,Contact ward officer,0.22
7/1/2021,Q2_2122,Barking and Dagenham,Dealing issues,0.64
7/1/2021,Q2_2122,Barking and Dagenham,Fair treatment,0.66
7/1/2021,Q2_2122,Barking and Dagenham,Good job,0.44
7/1/2021,Q2_2122,Barking and Dagenham,Informed local,0.41
7/1/2021,Q2_2122,Barking and Dagenham,Listen to concerns,0.58
7/1/2021,Q2_2122,Barking and Dagenham,Relied on to be there,0.57
7/1/2021,Q2_2122,Barking and Dagenham,Trust MPS,0.77
7/1/2021,Q2_2122,Barnet,Contact ward officer,0.29
7/1/2021,Q2_2122,Barnet,Dealing issues,0.62
7/1/2021,Q2_2122,Barnet,Fair treatment,0.72
7/1/2021,Q2_2122,Barnet,Good job,0.49
7/1/2021,Q2_2122,Barnet,Informed local,0.4
7/1/2021,Q2_2122,Barnet,Listen to concerns,0.63
7/1/2021,Q2_2122,Barnet,Relied on to be there,0.62
7/1/2021,Q2_2122,Barnet,Trust MPS,0.77
7/1/2021,Q2_2122,Bexley,Contact ward officer,0.34
7/1/2021,Q2_2122,Bexley,Dealing issues,0.74
7/1/2021,Q2_2122,Bexley,Fair treatment,0.78
7/1/2021,Q2_2122,Bexley,Good job,0.58
7/1/2021,Q2_2122,Bexley,Informed local,0.49
7/1/2021,Q2_2122,Bexley,Listen to concerns,0.73
7/1/2021,Q2_2122,Bexley,Relied on to be there,0.67
7/1/2021,Q2_2122,Bexley,Trust MPS,0.85
7/1/2021,Q2_2122,Brent,Contact ward officer,0.21
7/1/2021,Q2_2122,Brent,Dealing issues,0.66
7/1/2021,Q2_2122,Brent,Fair treatment,0.71
7/1/2021,Q2_2122,Brent,Good job,0.57
7/1/2021,Q2_2122,Brent,Informed local,0.43
7/1/2021,Q2_2122,Brent,Listen to concerns,0.71
7/1/2021,Q2_2122,Brent,Relied on to be there,0.65
7/1/2021,Q2_2122,Brent,Trust MPS,0.83
7/1/2021,Q2_2122,Bromley,Contact ward officer,0.32
7/1/2021,Q2_2122,Bromley,Dealing issues,0.65
7/1/2021,Q2_2122,Bromley,Fair treatment,0.66
7/1/2021,Q2_2122,Bromley,Good job,0.6
7/1/2021,Q2_2122,Bromley,Informed local,0.47
7/1/2021,Q2_2122,Bromley,Listen to concerns,0.69
7/1/2021,Q2_2122,Bromley,Relied on to be there,0.63
7/1/2021,Q2_2122,Bromley,Trust MPS,0.81
7/1/2021,Q2_2122,Camden,Contact ward officer,0.25
7/1/2021,Q2_2122,Camden,Dealing issues,0.59
7/1/2021,Q2_2122,Camden,Fair treatment,0.57
7/1/2021,Q2_2122,Camden,Good job,0.49
7/1/2021,Q2_2122,Camden,Informed local,0.37
7/1/2021,Q2_2122,Camden,Listen to concerns,0.67
7/1/2021,Q2_2122,Camden,Relied on to be there,0.6
7/1/2021,Q2_2122,Camden,Trust MPS,0.77
7/1/2021,Q2_2122,Croydon,Contact ward officer,0.27
7/1/2021,Q2_2122,Croydon,Dealing issues,0.58
7/1/2021,Q2_2122,Croydon,Fair treatment,0.63
7/1/2021,Q2_2122,Croydon,Good job,0.49
7/1/2021,Q2_2122,Croydon,Informed local,0.45
7/1/2021,Q2_2122,Croydon,Listen to concerns,0.59
7/1/2021,Q2_2122,Croydon,Relied on to be there,0.61
7/1/2021,Q2_2122,Croydon,Trust MPS,0.75
7/1/2021,Q2_2122,Ealing,Contact ward officer,0.21
7/1/2021,Q2_2122,Ealing,Dealing issues,0.67
7/1/2021,Q2_2122,Ealing,Fair treatment,0.67
7/1/2021,Q2_2122,Ealing,Good job,0.49
7/1/2021,Q2_2122,Ealing,Informed local,0.36
7/1/2021,Q2_2122,Ealing,Listen to concerns,0.61
7/1/2021,Q2_2122,Ealing,Relied on to be there,0.59
7/1/2021,Q2_2122,Ealing,Trust MPS,0.79
7/1/2021,Q2_2122,Enfield,Contact ward officer,0.19
7/1/2021,Q2_2122,Enfield,Dealing issues,0.62
7/1/2021,Q2_2122,Enfield,Fair treatment,0.64
7/1/2021,Q2_2122,Enfield,Good job,0.5
7/1/2021,Q2_2122,Enfield,Informed local,0.41
7/1/2021,Q2_2122,Enfield,Listen to concerns,0.6
7/1/2021,Q2_2122,Enfield,Relied on to be there,0.58
7/1/2021,Q2_2122,Enfield,Trust MPS,0.74
7/1/2021,Q2_2122,Greenwich,Contact ward officer,0.28
7/1/2021,Q2_2122,Greenwich,Dealing issues,0.63
7/1/2021,Q2_2122,Greenwich,Fair treatment,0.66
7/1/2021,Q2_2122,Greenwich,Good job,0.55
7/1/2021,Q2_2122,Greenwich,Informed local,0.42
7/1/2021,Q2_2122,Greenwich,Listen to concerns,0.63
7/1/2021,Q2_2122,Greenwich,Relied on to be there,0.58
7/1/2021,Q2_2122,Greenwich,Trust MPS,0.74
7/1/2021,Q2_2122,Hackney,Contact ward officer,0.25
7/1/2021,Q2_2122,Hackney,Dealing issues,0.56
7/1/2021,Q2_2122,Hackney,Fair treatment,0.54
7/1/2021,Q2_2122,Hackney,Good job,0.48
7/1/2021,Q2_2122,Hackney,Informed local,0.32
7/1/2021,Q2_2122,Hackney,Listen to concerns,0.57
7/1/2021,Q2_2122,Hackney,Relied on to be there,0.61
7/1/2021,Q2_2122,Hackney,Trust MPS,0.69
7/1/2021,Q2_2122,Hammersmith and Fulham,Contact ward officer,0.23
7/1/2021,Q2_2122,Hammersmith and Fulham,Dealing issues,0.67
7/1/2021,Q2_2122,Hammersmith and Fulham,Fair treatment,0.67
7/1/2021,Q2_2122,Hammersmith and Fulham,Good job,0.57
7/1/2021,Q2_2122,Hammersmith and Fulham,Informed local,0.44
7/1/2021,Q2_2122,Hammersmith and Fulham,Listen to concerns,0.7
7/1/2021,Q2_2122,Hammersmith and Fulham,Relied on to be there,0.64
7/1/2021,Q2_2122,Hammersmith and Fulham,Trust MPS,0.78
7/1/2021,Q2_2122,Haringey,Contact ward officer,0.25
7/1/2021,Q2_2122,Haringey,Dealing issues,0.62
7/1/2021,Q2_2122,Haringey,Fair treatment,0.63
7/1/2021,Q2_2122,Haringey,Good job,0.51
7/1/2021,Q2_2122,Haringey,Informed local,0.41
7/1/2021,Q2_2122,Haringey,Listen to concerns,0.65
7/1/2021,Q2_2122,Haringey,Relied on to be there,0.6
7/1/2021,Q2_2122,Haringey,Trust MPS,0.73
7/1/2021,Q2_2122,Harrow,Contact ward officer,0.28
7/1/2021,Q2_2122,Harrow,Dealing issues,0.67
7/1/2021,Q2_2122,Harrow,Fair treatment,0.77
7/1/2021,Q2_2122,Harrow,Good job,0.51
7/1/2021,Q2_2122,Harrow,Informed local,0.43
7/1/2021,Q2_2122,Harrow,Listen to concerns,0.63
7/1/2021,Q2_2122,Harrow,Relied on to be there,0.63
7/1/2021,Q2_2122,Harrow,Trust MPS,0.82
7/1/2021,Q2_2122,Havering,Contact ward officer,0.25
7/1/2021,Q2_2122,Havering,Dealing issues,0.69
7/1/2021,Q2_2122,Havering,Fair treatment,0.78
7/1/2021,Q2_2122,Havering,Good job,0.57
7/1/2021,Q2_2122,Havering,Informed local,0.47
7/1/2021,Q2_2122,Havering,Listen to concerns,0.7
7/1/2021,Q2_2122,Havering,Relied on to be there,0.64
7/1/2021,Q2_2122,Havering,Trust MPS,0.82
7/1/2021,Q2_2122,Hillingdon,Contact ward officer,0.31
7/1/2021,Q2_2122,Hillingdon,Dealing issues,0.68
7/1/2021,Q2_2122,Hillingdon,Fair treatment,0.79
7/1/2021,Q2_2122,Hillingdon,Good job,0.58
7/1/2021,Q2_2122,Hillingdon,Informed local,0.47
7/1/2021,Q2_2122,Hillingdon,Listen to concerns,0.69
7/1/2021,Q2_2122,Hillingdon,Relied on to be there,0.64
7/1/2021,Q2_2122,Hillingdon,Trust MPS,0.86
7/1/2021,Q2_2122,Hounslow,Contact ward officer,0.27
7/1/2021,Q2_2122,Hounslow,Dealing issues,0.68
7/1/2021,Q2_2122,Hounslow,Fair treatment,0.73
7/1/2021,Q2_2122,Hounslow,Good job,0.56
7/1/2021,Q2_2122,Hounslow,Informed local,0.48
7/1/2021,Q2_2122,Hounslow,Listen to concerns,0.68
7/1/2021,Q2_2122,Hounslow,Relied on to be there,0.64
7/1/2021,Q2_2122,Hounslow,Trust MPS,0.8
7/1/2021,Q2_2122,Islington,Contact ward officer,0.24
7/1/2021,Q2_2122,Islington,Dealing issues,0.63
7/1/2021,Q2_2122,Islington,Fair treatment,0.53
7/1/2021,Q2_2122,Islington,Good job,0.55
7/1/2021,Q2_2122,Islington,Informed local,0.4
7/1/2021,Q2_2122,Islington,Listen to concerns,0.63
7/1/2021,Q2_2122,Islington,Relied on to be there,0.64
7/1/2021,Q2_2122,Islington,Trust MPS,0.66
7/1/2021,Q2_2122,Kensington and Chelsea,Contact ward officer,0.3
7/1/2021,Q2_2122,Kensington and Chelsea,Dealing issues,0.63
7/1/2021,Q2_2122,Kensington and Chelsea,Fair treatment,0.65
7/1/2021,Q2_2122,Kensington and Chelsea,Good job,0.59
7/1/2021,Q2_2122,Kensington and Chelsea,Informed local,0.41
7/1/2021,Q2_2122,Kensington and Chelsea,Listen to concerns,0.64
7/1/2021,Q2_2122,Kensington and Chelsea,Relied on to be there,0.61
7/1/2021,Q2_2122,Kensington and Chelsea,Trust MPS,0.8
7/1/2021,Q2_2122,Kingston upon Thames,Contact ward officer,0.36
7/1/2021,Q2_2122,Kingston upon Thames,Dealing issues,0.71
7/1/2021,Q2_2122,Kingston upon Thames,Fair treatment,0.78
7/1/2021,Q2_2122,Kingston upon Thames,Good job,0.67
7/1/2021,Q2_2122,Kingston upon Thames,Informed local,0.52
7/1/2021,Q2_2122,Kingston upon Thames,Listen to concerns,0.69
7/1/2021,Q2_2122,Kingston upon Thames,Relied on to be there,0.63
7/1/2021,Q2_2122,Kingston upon Thames,Trust MPS,0.86
7/1/2021,Q2_2122,Lambeth,Contact ward officer,0.21
7/1/2021,Q2_2122,Lambeth,Dealing issues,0.56
7/1/2021,Q2_2122,Lambeth,Fair treatment,0.47
7/1/2021,Q2_2122,Lambeth,Good job,0.48
7/1/2021,Q2_2122,Lambeth,Informed local,0.3
7/1/2021,Q2_2122,Lambeth,Listen to concerns,0.53
7/1/2021,Q2_2122,Lambeth,Relied on to be there,0.62
7/1/2021,Q2_2122,Lambeth,Trust MPS,0.69
7/1/2021,Q2_2122,Lewisham,Contact ward officer,0.2
7/1/2021,Q2_2122,Lewisham,Dealing issues,0.56
7/1/2021,Q2_2122,Lewisham,Fair treatment,0.55
7/1/2021,Q2_2122,Lewisham,Good job,0.43
7/1/2021,Q2_2122,Lewisham,Informed local,0.27
7/1/2021,Q2_2122,Lewisham,Listen to concerns,0.55
7/1/2021,Q2_2122,Lewisham,Relied on to be there,0.56
7/1/2021,Q2_2122,Lewisham,Trust MPS,0.68
7/1/2021,Q2_2122,MPS,Contact ward officer,0.25
7/1/2021,Q2_2122,MPS,Dealing issues,0.64
7/1/2021,Q2_2122,MPS,Fair treatment,0.66
7/1/2021,Q2_2122,MPS,Good job,0.52
7/1/2021,Q2_2122,MPS,Informed local,0.41
7/1/2021,Q2_2122,MPS,Listen to concerns,0.64
7/1/2021,Q2_2122,MPS,Relied on to be there,0.61
7/1/2021,Q2_2122,MPS,Trust MPS,0.77
7/1/2021,Q2_2122,Merton,Contact ward officer,0.3
7/1/2021,Q2_2122,Merton,Dealing issues,0.62
7/1/2021,Q2_2122,Merton,Fair treatment,0.64
7/1/2021,Q2_2122,Merton,Good job,0.55
7/1/2021,Q2_2122,Merton,Informed local,0.48
7/1/2021,Q2_2122,Merton,Listen to concerns,0.6
7/1/2021,Q2_2122,Merton,Relied on to be there,0.57
7/1/2021,Q2_2122,Merton,Trust MPS,0.78
7/1/2021,Q2_2122,Newham,Contact ward officer,0.19
7/1/2021,Q2_2122,Newham,Dealing issues,0.65
7/1/2021,Q2_2122,Newham,Fair treatment,0.71
7/1/2021,Q2_2122,Newham,Good job,0.45
7/1/2021,Q2_2122,Newham,Informed local,0.37
7/1/2021,Q2_2122,Newham,Listen to concerns,0.66
7/1/2021,Q2_2122,Newham,Relied on to be there,0.65
7/1/2021,Q2_2122,Newham,Trust MPS,0.8
7/1/2021,Q2_2122,Redbridge,Contact ward officer,0.34
7/1/2021,Q2_2122,Redbridge,Dealing issues,0.58
7/1/2021,Q2_2122,Redbridge,Fair treatment,0.67
7/1/2021,Q2_2122,Redbridge,Good job,0.44
7/1/2021,Q2_2122,Redbridge,Informed local,0.44
7/1/2021,Q2_2122,Redbridge,Listen to concerns,0.6
7/1/2021,Q2_2122,Redbridge,Relied on to be there,0.51
7/1/2021,Q2_2122,Redbridge,Trust MPS,0.74
7/1/2021,Q2_2122,Richmond upon Thames,Contact ward officer,0.34
7/1/2021,Q2_2122,Richmond upon Thames,Dealing issues,0.67
7/1/2021,Q2_2122,Richmond upon Thames,Fair treatment,0.73
7/1/2021,Q2_2122,Richmond upon Thames,Good job,0.65
7/1/2021,Q2_2122,Richmond upon Thames,Informed local,0.54
7/1/2021,Q2_2122,Richmond upon Thames,Listen to concerns,0.73
7/1/2021,Q2_2122,Richmond upon Thames,Relied on to be there,0.62
7/1/2021,Q2_2122,Richmond upon Thames,Trust MPS,0.84
7/1/2021,Q2_2122,Southwark,Contact ward officer,0.24
7/1/2021,Q2_2122,Southwark,Dealing issues,0.59
7/1/2021,Q2_2122,Southwark,Fair treatment,0.54
7/1/2021,Q2_2122,Southwark,Good job,0.48
7/1/2021,Q2_2122,Southwark,Informed local,0.36
7/1/2021,Q2_2122,Southwark,Listen to concerns,0.58
7/1/2021,Q2_2122,Southwark,Relied on to be there,0.57
7/1/2021,Q2_2122,Southwark,Trust MPS,0.75
7/1/2021,Q2_2122,Sutton,Contact ward officer,0.34
7/1/2021,Q2_2122,Sutton,Dealing issues,0.79
7/1/2021,Q2_2122,Sutton,Fair treatment,0.75
7/1/2021,Q2_2122,Sutton,Good job,0.63
7/1/2021,Q2_2122,Sutton,Informed local,0.44
7/1/2021,Q2_2122,Sutton,Listen to concerns,0.74
7/1/2021,Q2_2122,Sutton,Relied on to be there,0.69
7/1/2021,Q2_2122,Sutton,Trust MPS,0.86
7/1/2021,Q2_2122,Tower Hamlets,Contact ward officer,0.19
7/1/2021,Q2_2122,Tower Hamlets,Dealing issues,0.55
7/1/2021,Q2_2122,Tower Hamlets,Fair treatment,0.65
7/1/2021,Q2_2122,Tower Hamlets,Good job,0.45
7/1/2021,Q2_2122,Tower Hamlets,Informed local,0.34
7/1/2021,Q2_2122,Tower Hamlets,Listen to concerns,0.58
7/1/2021,Q2_2122,Tower Hamlets,Relied on to be there,0.6
7/1/2021,Q2_2122,Tower Hamlets,Trust MPS,0.75
7/1/2021,Q2_2122,Waltham Forest,Contact ward officer,0.23
7/1/2021,Q2_2122,Waltham Forest,Dealing issues,0.66
7/1/2021,Q2_2122,Waltham Forest,Fair treatment,0.69
7/1/2021,Q2_2122,Waltham Forest,Good job,0.51
7/1/2021,Q2_2122,Waltham Forest,Informed local,0.42
7/1/2021,Q2_2122,Waltham Forest,Listen to concerns,0.67
7/1/2021,Q2_2122,Waltham Forest,Relied on to be there,0.56
7/1/2021,Q2_2122,Waltham Forest,Trust MPS,0.78
7/1/2021,Q2_2122,Wandsworth,Contact ward officer,0.23
7/1/2021,Q2_2122,Wandsworth,Dealing issues,0.68
7/1/2021,Q2_2122,Wandsworth,Fair treatment,0.57
7/1/2021,Q2_2122,Wandsworth,Good job,0.55
7/1/2021,Q2_2122,Wandsworth,Informed local,0.46
7/1/2021,Q2_2122,Wandsworth,Listen to concerns,0.68
7/1/2021,Q2_2122,Wandsworth,Relied on to be there,0.64
7/1/2021,Q2_2122,Wandsworth,Trust MPS,0.76
7/1/2021,Q2_2122,Westminster,Contact ward officer,0.23
7/1/2021,Q2_2122,Westminster,Dealing issues,0.68
7/1/2021,Q2_2122,Westminster,Fair treatment,0.69
7/1/2021,Q2_2122,Westminster,Good job,0.52
7/1/2021,Q2_2122,Westminster,Informed local,0.43
7/1/2021,Q2_2122,Westminster,Listen to concerns,0.59
7/1/2021,Q2_2122,Westminster,Relied on to be there,0.64
7/1/2021,Q2_2122,Westminster,Trust MPS,0.83
10/1/2021,Q3_2122,Barking and Dagenham,Contact ward officer,0.25
10/1/2021,Q3_2122,Barking and Dagenham,Dealing issues,0.7
10/1/2021,Q3_2122,Barking and Dagenham,Fair treatment,0.7
10/1/2021,Q3_2122,Barking and Dagenham,Good job,0.5
10/1/2021,Q3_2122,Barking and Dagenham,Informed local,0.45
10/1/2021,Q3_2122,Barking and Dagenham,Listen to concerns,0.61
10/1/2021,Q3_2122,Barking and Dagenham,Relied on to be there,0.62
10/1/2021,Q3_2122,Barking and Dagenham,Trust MPS,0.78
10/1/2021,Q3_2122,Barnet,Contact ward officer,0.3
10/1/2021,Q3_2122,Barnet,Dealing issues,0.62
10/1/2021,Q3_2122,Barnet,Fair treatment,0.74
10/1/2021,Q3_2122,Barnet,Good job,0.52
10/1/2021,Q3_2122,Barnet,Informed local,0.43
10/1/2021,Q3_2122,Barnet,Listen to concerns,0.61
10/1/2021,Q3_2122,Barnet,Relied on to be there,0.56
10/1/2021,Q3_2122,Barnet,Trust MPS,0.78
10/1/2021,Q3_2122,Bexley,Contact ward officer,0.34
10/1/2021,Q3_2122,Bexley,Dealing issues,0.7
10/1/2021,Q3_2122,Bexley,Fair treatment,0.79
10/1/2021,Q3_2122,Bexley,Good job,0.55
10/1/2021,Q3_2122,Bexley,Informed local,0.46
10/1/2021,Q3_2122,Bexley,Listen to concerns,0.68
10/1/2021,Q3_2122,Bexley,Relied on to be there,0.63
10/1/2021,Q3_2122,Bexley,Trust MPS,0.85
10/1/2021,Q3_2122,Brent,Contact ward officer,0.21
10/1/2021,Q3_2122,Brent,Dealing issues,0.63
10/1/2021,Q3_2122,Brent,Fair treatment,0.7
10/1/2021,Q3_2122,Brent,Good job,0.58
10/1/2021,Q3_2122,Brent,Informed local,0.4
10/1/2021,Q3_2122,Brent,Listen to concerns,0.68
10/1/2021,Q3_2122,Brent,Relied on to be there,0.65
10/1/2021,Q3_2122,Brent,Trust MPS,0.81
10/1/2021,Q3_2122,Bromley,Contact ward officer,0.32
10/1/2021,Q3_2122,Bromley,Dealing issues,0.66
10/1/2021,Q3_2122,Bromley,Fair treatment,0.62
10/1/2021,Q3_2122,Bromley,Good job,0.56
10/1/2021,Q3_2122,Bromley,Informed local,0.42
10/1/2021,Q3_2122,Bromley,Listen to concerns,0.66
10/1/2021,Q3_2122,Bromley,Relied on to be there,0.57
10/1/2021,Q3_2122,Bromley,Trust MPS,0.79
10/1/2021,Q3_2122,Camden,Contact ward officer,0.28
10/1/2021,Q3_2122,Camden,Dealing issues,0.59
10/1/2021,Q3_2122,Camden,Fair treatment,0.56
10/1/2021,Q3_2122,Camden,Good job,0.49
10/1/2021,Q3_2122,Camden,Informed local,0.37
10/1/2021,Q3_2122,Camden,Listen to concerns,0.66
10/1/2021,Q3_2122,Camden,Relied on to be there,0.58
10/1/2021,Q3_2122,Camden,Trust MPS,0.73
10/1/2021,Q3_2122,Croydon,Contact ward officer,0.29
10/1/2021,Q3_2122,Croydon,Dealing issues,0.57
10/1/2021,Q3_2122,Croydon,Fair treatment,0.63
10/1/2021,Q3_2122,Croydon,Good job,0.43
10/1/2021,Q3_2122,Croydon,Informed local,0.41
10/1/2021,Q3_2122,Croydon,Listen to concerns,0.59
10/1/2021,Q3_2122,Croydon,Relied on to be there,0.58
10/1/2021,Q3_2122,Croydon,Trust MPS,0.75
10/1/2021,Q3_2122,Ealing,Contact ward officer,0.21
10/1/2021,Q3_2122,Ealing,Dealing issues,0.64
10/1/2021,Q3_2122,Ealing,Fair treatment,0.64
10/1/2021,Q3_2122,Ealing,Good job,0.45
10/1/2021,Q3_2122,Ealing,Informed local,0.37
10/1/2021,Q3_2122,Ealing,Listen to concerns,0.61
10/1/2021,Q3_2122,Ealing,Relied on to be there,0.58
10/1/2021,Q3_2122,Ealing,Trust MPS,0.78
10/1/2021,Q3_2122,Enfield,Contact ward officer,0.22
10/1/2021,Q3_2122,Enfield,Dealing issues,0.59
10/1/2021,Q3_2122,Enfield,Fair treatment,0.62
10/1/2021,Q3_2122,Enfield,Good job,0.46
10/1/2021,Q3_2122,Enfield,Informed local,0.39
10/1/2021,Q3_2122,Enfield,Listen to concerns,0.56
10/1/2021,Q3_2122,Enfield,Relied on to be there,0.55
10/1/2021,Q3_2122,Enfield,Trust MPS,0.73
10/1/2021,Q3_2122,Greenwich,Contact ward officer,0.32
10/1/2021,Q3_2122,Greenwich,Dealing issues,0.6
10/1/2021,Q3_2122,Greenwich,Fair treatment,0.64
10/1/2021,Q3_2122,Greenwich,Good job,0.5
10/1/2021,Q3_2122,Greenwich,Informed local,0.4
10/1/2021,Q3_2122,Greenwich,Listen to concerns,0.6
10/1/2021,Q3_2122,Greenwich,Relied on to be there,0.52
10/1/2021,Q3_2122,Greenwich,Trust MPS,0.72
10/1/2021,Q3_2122,Hackney,Contact ward officer,0.26
10/1/2021,Q3_2122,Hackney,Dealing issues,0.56
10/1/2021,Q3_2122,Hackney,Fair treatment,0.51
10/1/2021,Q3_2122,Hackney,Good job,0.46
10/1/2021,Q3_2122,Hackney,Informed local,0.33
10/1/2021,Q3_2122,Hackney,Listen to concerns,0.58
10/1/2021,Q3_2122,Hackney,Relied on to be there,0.57
10/1/2021,Q3_2122,Hackney,Trust MPS,0.67
10/1/2021,Q3_2122,Hammersmith and Fulham,Contact ward officer,0.22
10/1/2021,Q3_2122,Hammersmith and Fulham,Dealing issues,0.66
10/1/2021,Q3_2122,Hammersmith and Fulham,Fair treatment,0.68
10/1/2021,Q3_2122,Hammersmith and Fulham,Good job,0.55
10/1/2021,Q3_2122,Hammersmith and Fulham,Informed local,0.44
10/1/2021,Q3_2122,Hammersmith and Fulham,Listen to concerns,0.69
10/1/2021,Q3_2122,Hammersmith and Fulham,Relied on to be there,0.65
10/1/2021,Q3_2122,Hammersmith and Fulham,Trust MPS,0.79
10/1/2021,Q3_2122,Haringey,Contact ward officer,0.26
10/1/2021,Q3_2122,Haringey,Dealing issues,0.56
10/1/2021,Q3_2122,Haringey,Fair treatment,0.57
10/1/2021,Q3_2122,Haringey,Good job,0.5
10/1/2021,Q3_2122,Haringey,Informed local,0.39
10/1/2021,Q3_2122,Haringey,Listen to concerns,0.59
10/1/2021,Q3_2122,Haringey,Relied on to be there,0.52
10/1/2021,Q3_2122,Haringey,Trust MPS,0.7
10/1/2021,Q3_2122,Harrow,Contact ward officer,0.31
10/1/2021,Q3_2122,Harrow,Dealing issues,0.63
10/1/2021,Q3_2122,Harrow,Fair treatment,0.71
10/1/2021,Q3_2122,Harrow,Good job,0.47
10/1/2021,Q3_2122,Harrow,Informed local,0.45
10/1/2021,Q3_2122,Harrow,Listen to concerns,0.61
10/1/2021,Q3_2122,Harrow,Relied on to be there,0.62
10/1/2021,Q3_2122,Harrow,Trust MPS,0.81
10/1/2021,Q3_2122,Havering,Contact ward officer,0.29
10/1/2021,Q3_2122,Havering,Dealing issues,0.66
10/1/2021,Q3_2122,Havering,Fair treatment,0.73
10/1/2021,Q3_2122,Havering,Good job,0.53
10/1/2021,Q3_2122,Havering,Informed local,0.43
10/1/2021,Q3_2122,Havering,Listen to concerns,0.66
10/1/2021,Q3_2122,Havering,Relied on to be there,0.59
10/1/2021,Q3_2122,Havering,Trust MPS,0.8
10/1/2021,Q3_2122,Hillingdon,Contact ward officer,0.31
10/1/2021,Q3_2122,Hillingdon,Dealing issues,0.65
10/1/2021,Q3_2122,Hillingdon,Fair treatment,0.76
10/1/2021,Q3_2122,Hillingdon,Good job,0.57
10/1/2021,Q3_2122,Hillingdon,Informed local,0.43
10/1/2021,Q3_2122,Hillingdon,Listen to concerns,0.66
10/1/2021,Q3_2122,Hillingdon,Relied on to be there,0.62
10/1/2021,Q3_2122,Hillingdon,Trust MPS,0.82
10/1/2021,Q3_2122,Hounslow,Contact ward officer,0.24
10/1/2021,Q3_2122,Hounslow,Dealing issues,0.67
10/1/2021,Q3_2122,Hounslow,Fair treatment,0.74
10/1/2021,Q3_2122,Hounslow,Good job,0.55
10/1/2021,Q3_2122,Hounslow,Informed local,0.44
10/1/2021,Q3_2122,Hounslow,Listen to concerns,0.66
10/1/2021,Q3_2122,Hounslow,Relied on to be there,0.59
10/1/2021,Q3_2122,Hounslow,Trust MPS,0.82
10/1/2021,Q3_2122,Islington,Contact ward officer,0.28
10/1/2021,Q3_2122,Islington,Dealing issues,0.62
10/1/2021,Q3_2122,Islington,Fair treatment,0.51
10/1/2021,Q3_2122,Islington,Good job,0.53
10/1/2021,Q3_2122,Islington,Informed local,0.39
10/1/2021,Q3_2122,Islington,Listen to concerns,0.61
10/1/2021,Q3_2122,Islington,Relied on to be there,0.62
10/1/2021,Q3_2122,Islington,Trust MPS,0.65
10/1/2021,Q3_2122,Kensington and Chelsea,Contact ward officer,0.26
10/1/2021,Q3_2122,Kensington and Chelsea,Dealing issues,0.65
10/1/2021,Q3_2122,Kensington and Chelsea,Fair treatment,0.66
10/1/2021,Q3_2122,Kensington and Chelsea,Good job,0.56
10/1/2021,Q3_2122,Kensington and Chelsea,Informed local,0.39
10/1/2021,Q3_2122,Kensington and Chelsea,Listen to concerns,0.63
10/1/2021,Q3_2122,Kensington and Chelsea,Relied on to be there,0.62
10/1/2021,Q3_2122,Kensington and Chelsea,Trust MPS,0.83
10/1/2021,Q3_2122,Kingston upon Thames,Contact ward officer,0.36
10/1/2021,Q3_2122,Kingston upon Thames,Dealing issues,0.73
10/1/2021,Q3_2122,Kingston upon Thames,Fair treatment,0.8
10/1/2021,Q3_2122,Kingston upon Thames,Good job,0.66
10/1/2021,Q3_2122,Kingston upon Thames,Informed local,0.51
10/1/2021,Q3_2122,Kingston upon Thames,Listen to concerns,0.71
10/1/2021,Q3_2122,Kingston upon Thames,Relied on to be there,0.64
10/1/2021,Q3_2122,Kingston upon Thames,Trust MPS,0.84
10/1/2021,Q3_2122,Lambeth,Contact ward officer,0.22
10/1/2021,Q3_2122,Lambeth,Dealing issues,0.56
10/1/2021,Q3_2122,Lambeth,Fair treatment,0.45
10/1/2021,Q3_2122,Lambeth,Good job,0.45
10/1/2021,Q3_2122,Lambeth,Informed local,0.32
10/1/2021,Q3_2122,Lambeth,Listen to concerns,0.53
10/1/2021,Q3_2122,Lambeth,Relied on to be there,0.57
10/1/2021,Q3_2122,Lambeth,Trust MPS,0.67
10/1/2021,Q3_2122,Lewisham,Contact ward officer,0.18
10/1/2021,Q3_2122,Lewisham,Dealing issues,0.56
10/1/2021,Q3_2122,Lewisham,Fair treatment,0.52
10/1/2021,Q3_2122,Lewisham,Good job,0.44
10/1/2021,Q3_2122,Lewisham,Informed local,0.27
10/1/2021,Q3_2122,Lewisham,Listen to concerns,0.57
10/1/2021,Q3_2122,Lewisham,Relied on to be there,0.55
10/1/2021,Q3_2122,Lewisham,Trust MPS,0.68
10/1/2021,Q3_2122,MPS,Contact ward officer,0.27
10/1/2021,Q3_2122,MPS,Dealing issues,0.63
10/1/2021,Q3_2122,MPS,Fair treatment,0.64
10/1/2021,Q3_2122,MPS,Good job,0.51
10/1/2021,Q3_2122,MPS,Informed local,0.4
10/1/2021,Q3_2122,MPS,Listen to concerns,0.62
10/1/2021,Q3_2122,MPS,Relied on to be there,0.59
10/1/2021,Q3_2122,MPS,Trust MPS,0.76
10/1/2021,Q3_2122,Merton,Contact ward officer,0.29
10/1/2021,Q3_2122,Merton,Dealing issues,0.62
10/1/2021,Q3_2122,Merton,Fair treatment,0.61
10/1/2021,Q3_2122,Merton,Good job,0.52
10/1/2021,Q3_2122,Merton,Informed local,0.44
10/1/2021,Q3_2122,Merton,Listen to concerns,0.6
10/1/2021,Q3_2122,Merton,Relied on to be there,0.57
10/1/2021,Q3_2122,Merton,Trust MPS,0.77
10/1/2021,Q3_2122,Newham,Contact ward officer,0.18
10/1/2021,Q3_2122,Newham,Dealing issues,0.65
10/1/2021,Q3_2122,Newham,Fair treatment,0.66
10/1/2021,Q3_2122,Newham,Good job,0.46
10/1/2021,Q3_2122,Newham,Informed local,0.39
10/1/2021,Q3_2122,Newham,Listen to concerns,0.63
10/1/2021,Q3_2122,Newham,Relied on to be there,0.58
10/1/2021,Q3_2122,Newham,Trust MPS,0.77
10/1/2021,Q3_2122,Redbridge,Contact ward officer,0.35
10/1/2021,Q3_2122,Redbridge,Dealing issues,0.58
10/1/2021,Q3_2122,Redbridge,Fair treatment,0.64
10/1/2021,Q3_2122,Redbridge,Good job,0.47
10/1/2021,Q3_2122,Redbridge,Informed local,0.41
10/1/2021,Q3_2122,Redbridge,Listen to concerns,0.58
10/1/2021,Q3_2122,Redbridge,Relied on to be there,0.55
10/1/2021,Q3_2122,Redbridge,Trust MPS,0.73
10/1/2021,Q3_2122,Richmond upon Thames,Contact ward officer,0.37
10/1/2021,Q3_2122,Richmond upon Thames,Dealing issues,0.7
10/1/2021,Q3_2122,Richmond upon Thames,Fair treatment,0.75
10/1/2021,Q3_2122,Richmond upon Thames,Good job,0.7
10/1/2021,Q3_2122,Richmond upon Thames,Informed local,0.55
10/1/2021,Q3_2122,Richmond upon Thames,Listen to concerns,0.72
10/1/2021,Q3_2122,Richmond upon Thames,Relied on to be there,0.62
10/1/2021,Q3_2122,Richmond upon Thames,Trust MPS,0.82
10/1/2021,Q3_2122,Southwark,Contact ward officer,0.25
10/1/2021,Q3_2122,Southwark,Dealing issues,0.61
10/1/2021,Q3_2122,Southwark,Fair treatment,0.52
10/1/2021,Q3_2122,Southwark,Good job,0.5
10/1/2021,Q3_2122,Southwark,Informed local,0.32
10/1/2021,Q3_2122,Southwark,Listen to concerns,0.61
10/1/2021,Q3_2122,Southwark,Relied on to be there,0.54
10/1/2021,Q3_2122,Southwark,Trust MPS,0.76
10/1/2021,Q3_2122,Sutton,Contact ward officer,0.35
10/1/2021,Q3_2122,Sutton,Dealing issues,0.77
10/1/2021,Q3_2122,Sutton,Fair treatment,0.77
10/1/2021,Q3_2122,Sutton,Good job,0.65
10/1/2021,Q3_2122,Sutton,Informed local,0.43
10/1/2021,Q3_2122,Sutton,Listen to concerns,0.73
10/1/2021,Q3_2122,Sutton,Relied on to be there,0.68
10/1/2021,Q3_2122,Sutton,Trust MPS,0.84
10/1/2021,Q3_2122,Tower Hamlets,Contact ward officer,0.24
10/1/2021,Q3_2122,Tower Hamlets,Dealing issues,0.58
10/1/2021,Q3_2122,Tower Hamlets,Fair treatment,0.66
10/1/2021,Q3_2122,Tower Hamlets,Good job,0.48
10/1/2021,Q3_2122,Tower Hamlets,Informed local,0.36
10/1/2021,Q3_2122,Tower Hamlets,Listen to concerns,0.57
10/1/2021,Q3_2122,Tower Hamlets,Relied on to be there,0.62
10/1/2021,Q3_2122,Tower Hamlets,Trust MPS,0.75
10/1/2021,Q3_2122,Waltham Forest,Contact ward officer,0.26
10/1/2021,Q3_2122,Waltham Forest,Dealing issues,0.64
10/1/2021,Q3_2122,Waltham Forest,Fair treatment,0.66
10/1/2021,Q3_2122,Waltham Forest,Good job,0.48
10/1/2021,Q3_2122,Waltham Forest,Informed local,0.42
10/1/2021,Q3_2122,Waltham Forest,Listen to concerns,0.66
10/1/2021,Q3_2122,Waltham Forest,Relied on to be there,0.57
10/1/2021,Q3_2122,Waltham Forest,Trust MPS,0.77
10/1/2021,Q3_2122,Wandsworth,Contact ward officer,0.23
10/1/2021,Q3_2122,Wandsworth,Dealing issues,0.62
10/1/2021,Q3_2122,Wandsworth,Fair treatment,0.6
10/1/2021,Q3_2122,Wandsworth,Good job,0.53
10/1/2021,Q3_2122,Wandsworth,Informed local,0.44
10/1/2021,Q3_2122,Wandsworth,Listen to concerns,0.62
10/1/2021,Q3_2122,Wandsworth,Relied on to be there,0.62
10/1/2021,Q3_2122,Wandsworth,Trust MPS,0.75
10/1/2021,Q3_2122,Westminster,Contact ward officer,0.22
10/1/2021,Q3_2122,Westminster,Dealing issues,0.67
10/1/2021,Q3_2122,Westminster,Fair treatment,0.66
10/1/2021,Q3_2122,Westminster,Good job,0.48
10/1/2021,Q3_2122,Westminster,Informed local,0.38
10/1/2021,Q3_2122,Westminster,Listen to concerns,0.6
10/1/2021,Q3_2122,Westminster,Relied on to be there,0.59
10/1/2021,Q3_2122,Westminster,Trust MPS,0.83
1/1/2022,Q4_2122,Barking and Dagenham,Contact ward officer,0.26
1/1/2022,Q4_2122,Barking and Dagenham,Dealing issues,0.67
1/1/2022,Q4_2122,Barking and Dagenham,Fair treatment,0.7
1/1/2022,Q4_2122,Barking and Dagenham,Good job,0.46
1/1/2022,Q4_2122,Barking and Dagenham,Informed local,0.46
1/1/2022,Q4_2122,Barking and Dagenham,Listen to concerns,0.59
1/1/2022,Q4_2122,Barking and Dagenham,Relied on to be there,0.62
1/1/2022,Q4_2122,Barking and Dagenham,Trust MPS,0.77
1/1/2022,Q4_2122,Barnet,Contact ward officer,0.29
1/1/2022,Q4_2122,Barnet,Dealing issues,0.59
1/1/2022,Q4_2122,Barnet,Fair treatment,0.73
1/1/2022,Q4_2122,Barnet,Good job,0.51
1/1/2022,Q4_2122,Barnet,Informed local,0.4
1/1/2022,Q4_2122,Barnet,Listen to concerns,0.63
1/1/2022,Q4_2122,Barnet,Relied on to be there,0.54
1/1/2022,Q4_2122,Barnet,Trust MPS,0.77
1/1/2022,Q4_2122,Bexley,Contact ward officer,0.33
1/1/2022,Q4_2122,Bexley,Dealing issues,0.66
1/1/2022,Q4_2122,Bexley,Fair treatment,0.71
1/1/2022,Q4_2122,Bexley,Good job,0.51
1/1/2022,Q4_2122,Bexley,Informed local,0.43
1/1/2022,Q4_2122,Bexley,Listen to concerns,0.64
1/1/2022,Q4_2122,Bexley,Relied on to be there,0.61
1/1/2022,Q4_2122,Bexley,Trust MPS,0.79
1/1/2022,Q4_2122,Brent,Contact ward officer,0.2
1/1/2022,Q4_2122,Brent,Dealing issues,0.62
1/1/2022,Q4_2122,Brent,Fair treatment,0.68
1/1/2022,Q4_2122,Brent,Good job,0.56
1/1/2022,Q4_2122,Brent,Informed local,0.4
1/1/2022,Q4_2122,Brent,Listen to concerns,0.66
1/1/2022,Q4_2122,Brent,Relied on to be there,0.61
1/1/2022,Q4_2122,Brent,Trust MPS,0.78
1/1/2022,Q4_2122,Bromley,Contact ward officer,0.32
1/1/2022,Q4_2122,Bromley,Dealing issues,0.65
1/1/2022,Q4_2122,Bromley,Fair treatment,0.59
1/1/2022,Q4_2122,Bromley,Good job,0.58
1/1/2022,Q4_2122,Bromley,Informed local,0.36
1/1/2022,Q4_2122,Bromley,Listen to concerns,0.67
1/1/2022,Q4_2122,Bromley,Relied on to be there,0.59
1/1/2022,Q4_2122,Bromley,Trust MPS,0.75
1/1/2022,Q4_2122,Camden,Contact ward officer,0.26
1/1/2022,Q4_2122,Camden,Dealing issues,0.58
1/1/2022,Q4_2122,Camden,Fair treatment,0.52
1/1/2022,Q4_2122,Camden,Good job,0.46
1/1/2022,Q4_2122,Camden,Informed local,0.35
1/1/2022,Q4_2122,Camden,Listen to concerns,0.61
1/1/2022,Q4_2122,Camden,Relied on to be there,0.55
1/1/2022,Q4_2122,Camden,Trust MPS,0.7
1/1/2022,Q4_2122,Croydon,Contact ward officer,0.28
1/1/2022,Q4_2122,Croydon,Dealing issues,0.53
1/1/2022,Q4_2122,Croydon,Fair treatment,0.56
1/1/2022,Q4_2122,Croydon,Good job,0.37
1/1/2022,Q4_2122,Croydon,Informed local,0.34
1/1/2022,Q4_2122,Croydon,Listen to concerns,0.56
1/1/2022,Q4_2122,Croydon,Relied on to be there,0.51
1/1/2022,Q4_2122,Croydon,Trust MPS,0.65
1/1/2022,Q4_2122,Ealing,Contact ward officer,0.23
1/1/2022,Q4_2122,Ealing,Dealing issues,0.62
1/1/2022,Q4_2122,Ealing,Fair treatment,0.63
1/1/2022,Q4_2122,Ealing,Good job,0.44
1/1/2022,Q4_2122,Ealing,Informed local,0.36
1/1/2022,Q4_2122,Ealing,Listen to concerns,0.62
1/1/2022,Q4_2122,Ealing,Relied on to be there,0.57
1/1/2022,Q4_2122,Ealing,Trust MPS,0.76
1/1/2022,Q4_2122,Enfield,Contact ward officer,0.25
1/1/2022,Q4_2122,Enfield,Dealing issues,0.59
1/1/2022,Q4_2122,Enfield,Fair treatment,0.58
1/1/2022,Q4_2122,Enfield,Good job,0.44
1/1/2022,Q4_2122,Enfield,Informed local,0.37
1/1/2022,Q4_2122,Enfield,Listen to concerns,0.54
1/1/2022,Q4_2122,Enfield,Relied on to be there,0.53
1/1/2022,Q4_2122,Enfield,Trust MPS,0.7
1/1/2022,Q4_2122,Greenwich,Contact ward officer,0.34
1/1/2022,Q4_2122,Greenwich,Dealing issues,0.56
1/1/2022,Q4_2122,Greenwich,Fair treatment,0.6
1/1/2022,Q4_2122,Greenwich,Good job,0.45
1/1/2022,Q4_2122,Greenwich,Informed local,0.35
1/1/2022,Q4_2122,Greenwich,Listen to concerns,0.6
1/1/2022,Q4_2122,Greenwich,Relied on to be there,0.5
1/1/2022,Q4_2122,Greenwich,Trust MPS,0.72
1/1/2022,Q4_2122,Hackney,Contact ward officer,0.27
1/1/2022,Q4_2122,Hackney,Dealing issues,0.6
1/1/2022,Q4_2122,Hackney,Fair treatment,0.55
1/1/2022,Q4_2122,Hackney,Good job,0.46
1/1/2022,Q4_2122,Hackney,Informed local,0.37
1/1/2022,Q4_2122,Hackney,Listen to concerns,0.61
1/1/2022,Q4_2122,Hackney,Relied on to be there,0.58
1/1/2022,Q4_2122,Hackney,Trust MPS,0.68
1/1/2022,Q4_2122,Hammersmith and Fulham,Contact ward officer,0.22
1/1/2022,Q4_2122,Hammersmith and Fulham,Dealing issues,0.64
1/1/2022,Q4_2122,Hammersmith and Fulham,Fair treatment,0.63
1/1/2022,Q4_2122,Hammersmith and Fulham,Good job,0.51
1/1/2022,Q4_2122,Hammersmith and Fulham,Informed local,0.4
1/1/2022,Q4_2122,Hammersmith and Fulham,Listen to concerns,0.65
1/1/2022,Q4_2122,Hammersmith and Fulham,Relied on to be there,0.65
1/1/2022,Q4_2122,Hammersmith and Fulham,Trust MPS,0.76
1/1/2022,Q4_2122,Haringey,Contact ward officer,0.24
1/1/2022,Q4_2122,Haringey,Dealing issues,0.55
1/1/2022,Q4_2122,Haringey,Fair treatment,0.56
1/1/2022,Q4_2122,Haringey,Good job,0.49
1/1/2022,Q4_2122,Haringey,Informed local,0.36
1/1/2022,Q4_2122,Haringey,Listen to concerns,0.57
1/1/2022,Q4_2122,Haringey,Relied on to be there,0.51
1/1/2022,Q4_2122,Haringey,Trust MPS,0.68
1/1/2022,Q4_2122,Harrow,Contact ward officer,0.3
1/1/2022,Q4_2122,Harrow,Dealing issues,0.6
1/1/2022,Q4_2122,Harrow,Fair treatment,0.68
1/1/2022,Q4_2122,Harrow,Good job,0.48
1/1/2022,Q4_2122,Harrow,Informed local,0.42
1/1/2022,Q4_2122,Harrow,Listen to concerns,0.59
1/1/2022,Q4_2122,Harrow,Relied on to be there,0.61
1/1/2022,Q4_2122,Harrow,Trust MPS,0.79
1/1/2022,Q4_2122,Havering,Contact ward officer,0.3
1/1/2022,Q4_2122,Havering,Dealing issues,0.65
1/1/2022,Q4_2122,Havering,Fair treatment,0.69
1/1/2022,Q4_2122,Havering,Good job,0.5
1/1/2022,Q4_2122,Havering,Informed local,0.41
1/1/2022,Q4_2122,Havering,Listen to concerns,0.65
1/1/2022,Q4_2122,Havering,Relied on to be there,0.58
1/1/2022,Q4_2122,Havering,Trust MPS,0.77
1/1/2022,Q4_2122,Hillingdon,Contact ward officer,0.28
1/1/2022,Q4_2122,Hillingdon,Dealing issues,0.65
1/1/2022,Q4_2122,Hillingdon,Fair treatment,0.8
1/1/2022,Q4_2122,Hillingdon,Good job,0.52
1/1/2022,Q4_2122,Hillingdon,Informed local,0.43
1/1/2022,Q4_2122,Hillingdon,Listen to concerns,0.66
1/1/2022,Q4_2122,Hillingdon,Relied on to be there,0.61
1/1/2022,Q4_2122,Hillingdon,Trust MPS,0.82
1/1/2022,Q4_2122,Hounslow,Contact ward officer,0.24
1/1/2022,Q4_2122,Hounslow,Dealing issues,0.66
1/1/2022,Q4_2122,Hounslow,Fair treatment,0.73
1/1/2022,Q4_2122,Hounslow,Good job,0.55
1/1/2022,Q4_2122,Hounslow,Informed local,0.41
1/1/2022,Q4_2122,Hounslow,Listen to concerns,0.62
1/1/2022,Q4_2122,Hounslow,Relied on to be there,0.58
1/1/2022,Q4_2122,Hounslow,Trust MPS,0.8
1/1/2022,Q4_2122,Islington,Contact ward officer,0.27
1/1/2022,Q4_2122,Islington,Dealing issues,0.57
1/1/2022,Q4_2122,Islington,Fair treatment,0.48
1/1/2022,Q4_2122,Islington,Good job,0.5
1/1/2022,Q4_2122,Islington,Informed local,0.34
1/1/2022,Q4_2122,Islington,Listen to concerns,0.55
1/1/2022,Q4_2122,Islington,Relied on to be there,0.55
1/1/2022,Q4_2122,Islington,Trust MPS,0.6
1/1/2022,Q4_2122,Kensington and Chelsea,Contact ward officer,0.27
1/1/2022,Q4_2122,Kensington and Chelsea,Dealing issues,0.6
1/1/2022,Q4_2122,Kensington and Chelsea,Fair treatment,0.62
1/1/2022,Q4_2122,Kensington and Chelsea,Good job,0.54
1/1/2022,Q4_2122,Kensington and Chelsea,Informed local,0.37
1/1/2022,Q4_2122,Kensington and Chelsea,Listen to concerns,0.59
1/1/2022,Q4_2122,Kensington and Chelsea,Relied on to be there,0.61
1/1/2022,Q4_2122,Kensington and Chelsea,Trust MPS,0.78
1/1/2022,Q4_2122,Kingston upon Thames,Contact ward officer,0.38
1/1/2022,Q4_2122,Kingston upon Thames,Dealing issues,0.71
1/1/2022,Q4_2122,Kingston upon Thames,Fair treatment,0.77
1/1/2022,Q4_2122,Kingston upon Thames,Good job,0.62
1/1/2022,Q4_2122,Kingston upon Thames,Informed local,0.5
1/1/2022,Q4_2122,Kingston upon Thames,Listen to concerns,0.7
1/1/2022,Q4_2122,Kingston upon Thames,Relied on to be there,0.61
1/1/2022,Q4_2122,Kingston upon Thames,Trust MPS,0.79
1/1/2022,Q4_2122,Lambeth,Contact ward officer,0.22
1/1/2022,Q4_2122,Lambeth,Dealing issues,0.46
1/1/2022,Q4_2122,Lambeth,Fair treatment,0.39
1/1/2022,Q4_2122,Lambeth,Good job,0.4
1/1/2022,Q4_2122,Lambeth,Informed local,0.31
1/1/2022,Q4_2122,Lambeth,Listen to concerns,0.45
1/1/2022,Q4_2122,Lambeth,Relied on to be there,0.53
1/1/2022,Q4_2122,Lambeth,Trust MPS,0.6
1/1/2022,Q4_2122,Lewisham,Contact ward officer,0.21
1/1/2022,Q4_2122,Lewisham,Dealing issues,0.54
1/1/2022,Q4_2122,Lewisham,Fair treatment,0.49
1/1/2022,Q4_2122,Lewisham,Good job,0.4
1/1/2022,Q4_2122,Lewisham,Informed local,0.26
1/1/2022,Q4_2122,Lewisham,Listen to concerns,0.53
1/1/2022,Q4_2122,Lewisham,Relied on to be there,0.5
1/1/2022,Q4_2122,Lewisham,Trust MPS,0.67
1/1/2022,Q4_2122,MPS,Contact ward officer,0.27
1/1/2022,Q4_2122,MPS,Dealing issues,0.6
1/1/2022,Q4_2122,MPS,Fair treatment,0.62
1/1/2022,Q4_2122,MPS,Good job,0.49
1/1/2022,Q4_2122,MPS,Informed local,0.38
1/1/2022,Q4_2122,MPS,Listen to concerns,0.6
1/1/2022,Q4_2122,MPS,Relied on to be there,0.57
1/1/2022,Q4_2122,MPS,Trust MPS,0.73
1/1/2022,Q4_2122,Merton,Contact ward officer,0.3
1/1/2022,Q4_2122,Merton,Dealing issues,0.59
1/1/2022,Q4_2122,Merton,Fair treatment,0.59
1/1/2022,Q4_2122,Merton,Good job,0.49
1/1/2022,Q4_2122,Merton,Informed local,0.4
1/1/2022,Q4_2122,Merton,Listen to concerns,0.61
1/1/2022,Q4_2122,Merton,Relied on to be there,0.54
1/1/2022,Q4_2122,Merton,Trust MPS,0.74
1/1/2022,Q4_2122,Newham,Contact ward officer,0.18
1/1/2022,Q4_2122,Newham,Dealing issues,0.63
1/1/2022,Q4_2122,Newham,Fair treatment,0.61
1/1/2022,Q4_2122,Newham,Good job,0.41
1/1/2022,Q4_2122,Newham,Informed local,0.36
1/1/2022,Q4_2122,Newham,Listen to concerns,0.58
1/1/2022,Q4_2122,Newham,Relied on to be there,0.51
1/1/2022,Q4_2122,Newham,Trust MPS,0.7
1/1/2022,Q4_2122,Redbridge,Contact ward officer,0.35
1/1/2022,Q4_2122,Redbridge,Dealing issues,0.6
1/1/2022,Q4_2122,Redbridge,Fair treatment,0.66
1/1/2022,Q4_2122,Redbridge,Good job,0.46
1/1/2022,Q4_2122,Redbridge,Informed local,0.42
1/1/2022,Q4_2122,Redbridge,Listen to concerns,0.59
1/1/2022,Q4_2122,Redbridge,Relied on to be there,0.54
1/1/2022,Q4_2122,Redbridge,Trust MPS,0.72
1/1/2022,Q4_2122,Richmond upon Thames,Contact ward officer,0.38
1/1/2022,Q4_2122,Richmond upon Thames,Dealing issues,0.69
1/1/2022,Q4_2122,Richmond upon Thames,Fair treatment,0.75
1/1/2022,Q4_2122,Richmond upon Thames,Good job,0.67
1/1/2022,Q4_2122,Richmond upon Thames,Informed local,0.53
1/1/2022,Q4_2122,Richmond upon Thames,Listen to concerns,0.71
1/1/2022,Q4_2122,Richmond upon Thames,Relied on to be there,0.61
1/1/2022,Q4_2122,Richmond upon Thames,Trust MPS,0.77
1/1/2022,Q4_2122,Southwark,Contact ward officer,0.27
1/1/2022,Q4_2122,Southwark,Dealing issues,0.59
1/1/2022,Q4_2122,Southwark,Fair treatment,0.51
1/1/2022,Q4_2122,Southwark,Good job,0.48
1/1/2022,Q4_2122,Southwark,Informed local,0.3
1/1/2022,Q4_2122,Southwark,Listen to concerns,0.59
1/1/2022,Q4_2122,Southwark,Relied on to be there,0.52
1/1/2022,Q4_2122,Southwark,Trust MPS,0.73
1/1/2022,Q4_2122,Sutton,Contact ward officer,0.37
1/1/2022,Q4_2122,Sutton,Dealing issues,0.74
1/1/2022,Q4_2122,Sutton,Fair treatment,0.76
1/1/2022,Q4_2122,Sutton,Good job,0.61
1/1/2022,Q4_2122,Sutton,Informed local,0.43
1/1/2022,Q4_2122,Sutton,Listen to concerns,0.72
1/1/2022,Q4_2122,Sutton,Relied on to be there,0.67
1/1/2022,Q4_2122,Sutton,Trust MPS,0.8
1/1/2022,Q4_2122,Tower Hamlets,Contact ward officer,0.25
1/1/2022,Q4_2122,Tower Hamlets,Dealing issues,0.57
1/1/2022,Q4_2122,Tower Hamlets,Fair treatment,0.62
1/1/2022,Q4_2122,Tower Hamlets,Good job,0.45
1/1/2022,Q4_2122,Tower Hamlets,Informed local,0.37
1/1/2022,Q4_2122,Tower Hamlets,Listen to concerns,0.59
1/1/2022,Q4_2122,Tower Hamlets,Relied on to be there,0.59
1/1/2022,Q4_2122,Tower Hamlets,Trust MPS,0.71
1/1/2022,Q4_2122,Waltham Forest,Contact ward officer,0.27
1/1/2022,Q4_2122,Waltham Forest,Dealing issues,0.63
1/1/2022,Q4_2122,Waltham Forest,Fair treatment,0.63
1/1/2022,Q4_2122,Waltham Forest,Good job,0.46
1/1/2022,Q4_2122,Waltham Forest,Informed local,0.41
1/1/2022,Q4_2122,Waltham Forest,Listen to concerns,0.64
1/1/2022,Q4_2122,Waltham Forest,Relied on to be there,0.61
1/1/2022,Q4_2122,Waltham Forest,Trust MPS,0.75
1/1/2022,Q4_2122,Wandsworth,Contact ward officer,0.2
1/1/2022,Q4_2122,Wandsworth,Dealing issues,0.56
1/1/2022,Q4_2122,Wandsworth,Fair treatment,0.55
1/1/2022,Q4_2122,Wandsworth,Good job,0.52
1/1/2022,Q4_2122,Wandsworth,Informed local,0.4
1/1/2022,Q4_2122,Wandsworth,Listen to concerns,0.6
1/1/2022,Q4_2122,Wandsworth,Relied on to be there,0.56
1/1/2022,Q4_2122,Wandsworth,Trust MPS,0.73
1/1/2022,Q4_2122,Westminster,Contact ward officer,0.21
1/1/2022,Q4_2122,Westminster,Dealing issues,0.6
1/1/2022,Q4_2122,Westminster,Fair treatment,0.58
1/1/2022,Q4_2122,Westminster,Good job,0.51
1/1/2022,Q4_2122,Westminster,Informed local,0.36
1/1/2022,Q4_2122,Westminster,Listen to concerns,0.57
1/1/2022,Q4_2122,Westminster,Relied on to be there,0.58
1/1/2022,Q4_2122,Westminster,Trust MPS,0.8
4/1/2022,Q1_2223,Barking and Dagenham,Dealing issues,0.66
4/1/2022,Q1_2223,Barking and Dagenham,Fair treatment,0.7
4/1/2022,Q1_2223,Barking and Dagenham,Good job,0.47
4/1/2022,Q1_2223,Barking and Dagenham,Trust MPS,0.75
4/1/2022,Q1_2223,Barnet,Dealing issues,0.58
4/1/2022,Q1_2223,Barnet,Fair treatment,0.71
4/1/2022,Q1_2223,Barnet,Good job,0.49
4/1/2022,Q1_2223,Barnet,Trust MPS,0.75
4/1/2022,Q1_2223,Bexley,Dealing issues,0.63
4/1/2022,Q1_2223,Bexley,Fair treatment,0.68
4/1/2022,Q1_2223,Bexley,Good job,0.48
4/1/2022,Q1_2223,Bexley,Trust MPS,0.77
4/1/2022,Q1_2223,Brent,Dealing issues,0.64
4/1/2022,Q1_2223,Brent,Fair treatment,0.69
4/1/2022,Q1_2223,Brent,Good job,0.56
4/1/2022,Q1_2223,Brent,Trust MPS,0.76
4/1/2022,Q1_2223,Bromley,Dealing issues,0.62
4/1/2022,Q1_2223,Bromley,Fair treatment,0.62
4/1/2022,Q1_2223,Bromley,Good job,0.56
4/1/2022,Q1_2223,Bromley,Trust MPS,0.75
4/1/2022,Q1_2223,Camden,Dealing issues,0.59
4/1/2022,Q1_2223,Camden,Fair treatment,0.51
4/1/2022,Q1_2223,Camden,Good job,0.45
4/1/2022,Q1_2223,Camden,Trust MPS,0.68
4/1/2022,Q1_2223,Croydon,Dealing issues,0.55
4/1/2022,Q1_2223,Croydon,Fair treatment,0.57
4/1/2022,Q1_2223,Croydon,Good job,0.38
4/1/2022,Q1_2223,Croydon,Trust MPS,0.67
4/1/2022,Q1_2223,Ealing,Dealing issues,0.64
4/1/2022,Q1_2223,Ealing,Fair treatment,0.67
4/1/2022,Q1_2223,Ealing,Good job,0.48
4/1/2022,Q1_2223,Ealing,Trust MPS,0.78
4/1/2022,Q1_2223,Enfield,Dealing issues,0.59
4/1/2022,Q1_2223,Enfield,Fair treatment,0.61
4/1/2022,Q1_2223,Enfield,Good job,0.45
4/1/2022,Q1_2223,Enfield,Trust MPS,0.68
4/1/2022,Q1_2223,Greenwich,Dealing issues,0.54
4/1/2022,Q1_2223,Greenwich,Fair treatment,0.58
4/1/2022,Q1_2223,Greenwich,Good job,0.45
4/1/2022,Q1_2223,Greenwich,Trust MPS,0.68
4/1/2022,Q1_2223,Hackney,Dealing issues,0.58
4/1/2022,Q1_2223,Hackney,Fair treatment,0.54
4/1/2022,Q1_2223,Hackney,Good job,0.45
4/1/2022,Q1_2223,Hackney,Trust MPS,0.67
4/1/2022,Q1_2223,Hammersmith and Fulham,Dealing issues,0.64
4/1/2022,Q1_2223,Hammersmith and Fulham,Fair treatment,0.62
4/1/2022,Q1_2223,Hammersmith and Fulham,Good job,0.55
4/1/2022,Q1_2223,Hammersmith and Fulham,Trust MPS,0.75
4/1/2022,Q1_2223,Haringey,Dealing issues,0.57
4/1/2022,Q1_2223,Haringey,Fair treatment,0.53
4/1/2022,Q1_2223,Haringey,Good job,0.49
4/1/2022,Q1_2223,Haringey,Trust MPS,0.68
4/1/2022,Q1_2223,Harrow,Dealing issues,0.58
4/1/2022,Q1_2223,Harrow,Fair treatment,0.7
4/1/2022,Q1_2223,Harrow,Good job,0.49
4/1/2022,Q1_2223,Harrow,Trust MPS,0.77
4/1/2022,Q1_2223,Havering,Dealing issues,0.63
4/1/2022,Q1_2223,Havering,Fair treatment,0.69
4/1/2022,Q1_2223,Havering,Good job,0.53
4/1/2022,Q1_2223,Havering,Trust MPS,0.79
4/1/2022,Q1_2223,Hillingdon,Dealing issues,0.66
4/1/2022,Q1_2223,Hillingdon,Fair treatment,0.78
4/1/2022,Q1_2223,Hillingdon,Good job,0.51
4/1/2022,Q1_2223,Hillingdon,Trust MPS,0.8
4/1/2022,Q1_2223,Hounslow,Dealing issues,0.65
4/1/2022,Q1_2223,Hounslow,Fair treatment,0.71
4/1/2022,Q1_2223,Hounslow,Good job,0.53
4/1/2022,Q1_2223,Hounslow,Trust MPS,0.78
4/1/2022,Q1_2223,Islington,Dealing issues,0.57
4/1/2022,Q1_2223,Islington,Fair treatment,0.5
4/1/2022,Q1_2223,Islington,Good job,0.49
4/1/2022,Q1_2223,Islington,Trust MPS,0.63
4/1/2022,Q1_2223,Kensington and Chelsea,Dealing issues,0.6
4/1/2022,Q1_2223,Kensington and Chelsea,Fair treatment,0.65
4/1/2022,Q1_2223,Kensington and Chelsea,Good job,0.56
4/1/2022,Q1_2223,Kensington and Chelsea,Trust MPS,0.78
4/1/2022,Q1_2223,Kingston upon Thames,Dealing issues,0.68
4/1/2022,Q1_2223,Kingston upon Thames,Fair treatment,0.72
4/1/2022,Q1_2223,Kingston upon Thames,Good job,0.58
4/1/2022,Q1_2223,Kingston upon Thames,Trust MPS,0.77
4/1/2022,Q1_2223,Lambeth,Dealing issues,0.46
4/1/2022,Q1_2223,Lambeth,Fair treatment,0.38
4/1/2022,Q1_2223,Lambeth,Good job,0.43
4/1/2022,Q1_2223,Lambeth,Trust MPS,0.58
4/1/2022,Q1_2223,Lewisham,Dealing issues,0.51
4/1/2022,Q1_2223,Lewisham,Fair treatment,0.5
4/1/2022,Q1_2223,Lewisham,Good job,0.4
4/1/2022,Q1_2223,Lewisham,Trust MPS,0.64
4/1/2022,Q1_2223,MPS,Dealing issues,0.6
4/1/2022,Q1_2223,MPS,Fair treatment,0.61
4/1/2022,Q1_2223,MPS,Good job,0.49
4/1/2022,Q1_2223,MPS,Trust MPS,0.72
4/1/2022,Q1_2223,Merton,Dealing issues,0.6
4/1/2022,Q1_2223,Merton,Fair treatment,0.58
4/1/2022,Q1_2223,Merton,Good job,0.5
4/1/2022,Q1_2223,Merton,Trust MPS,0.75
4/1/2022,Q1_2223,Newham,Dealing issues,0.66
4/1/2022,Q1_2223,Newham,Fair treatment,0.6
4/1/2022,Q1_2223,Newham,Good job,0.44
4/1/2022,Q1_2223,Newham,Trust MPS,0.68
4/1/2022,Q1_2223,Redbridge,Dealing issues,0.58
4/1/2022,Q1_2223,Redbridge,Fair treatment,0.67
4/1/2022,Q1_2223,Redbridge,Good job,0.46
4/1/2022,Q1_2223,Redbridge,Trust MPS,0.72
4/1/2022,Q1_2223,Richmond upon Thames,Dealing issues,0.66
4/1/2022,Q1_2223,Richmond upon Thames,Fair treatment,0.71
4/1/2022,Q1_2223,Richmond upon Thames,Good job,0.64
4/1/2022,Q1_2223,Richmond upon Thames,Trust MPS,0.73
4/1/2022,Q1_2223,Southwark,Dealing issues,0.56
4/1/2022,Q1_2223,Southwark,Fair treatment,0.51
4/1/2022,Q1_2223,Southwark,Good job,0.48
4/1/2022,Q1_2223,Southwark,Trust MPS,0.72
4/1/2022,Q1_2223,Sutton,Dealing issues,0.69
4/1/2022,Q1_2223,Sutton,Fair treatment,0.74
4/1/2022,Q1_2223,Sutton,Good job,0.57
4/1/2022,Q1_2223,Sutton,Trust MPS,0.77
4/1/2022,Q1_2223,Tower Hamlets,Dealing issues,0.58
4/1/2022,Q1_2223,Tower Hamlets,Fair treatment,0.62
4/1/2022,Q1_2223,Tower Hamlets,Good job,0.47
4/1/2022,Q1_2223,Tower Hamlets,Trust MPS,0.71
4/1/2022,Q1_2223,Waltham Forest,Dealing issues,0.61
4/1/2022,Q1_2223,Waltham Forest,Fair treatment,0.6
4/1/2022,Q1_2223,Waltham Forest,Good job,0.41
4/1/2022,Q1_2223,Waltham Forest,Trust MPS,0.7
4/1/2022,Q1_2223,Wandsworth,Dealing issues,0.55
4/1/2022,Q1_2223,Wandsworth,Fair treatment,0.51
4/1/2022,Q1_2223,Wandsworth,Good job,0.49
4/1/2022,Q1_2223,Wandsworth,Trust MPS,0.73
4/1/2022,Q1_2223,Westminster,Dealing issues,0.59
4/1/2022,Q1_2223,Westminster,Fair treatment,0.58
4/1/2022,Q1_2223,Westminster,Good job,0.51
4/1/2022,Q1_2223,Westminster,Trust MPS,0.77
7/1/2022,Q2_2223,Barking and Dagenham,Dealing issues,0.66
7/1/2022,Q2_2223,Barking and Dagenham,Fair treatment,0.71
7/1/2022,Q2_2223,Barking and Dagenham,Good job,0.5
7/1/2022,Q2_2223,Barking and Dagenham,Trust MPS,0.77
7/1/2022,Q2_2223,Barnet,Dealing issues,0.59
7/1/2022,Q2_2223,Barnet,Fair treatment,0.71
7/1/2022,Q2_2223,Barnet,Good job,0.49
7/1/2022,Q2_2223,Barnet,Trust MPS,0.74
7/1/2022,Q2_2223,Bexley,Dealing issues,0.63
7/1/2022,Q2_2223,Bexley,Fair treatment,0.68
7/1/2022,Q2_2223,Bexley,Good job,0.5
7/1/2022,Q2_2223,Bexley,Trust MPS,0.74
7/1/2022,Q2_2223,Brent,Dealing issues,0.63
7/1/2022,Q2_2223,Brent,Fair treatment,0.71
7/1/2022,Q2_2223,Brent,Good job,0.54
7/1/2022,Q2_2223,Brent,Trust MPS,0.73
7/1/2022,Q2_2223,Bromley,Dealing issues,0.61
7/1/2022,Q2_2223,Bromley,Fair treatment,0.64
7/1/2022,Q2_2223,Bromley,Good job,0.56
7/1/2022,Q2_2223,Bromley,Trust MPS,0.73
7/1/2022,Q2_2223,Camden,Dealing issues,0.59
7/1/2022,Q2_2223,Camden,Fair treatment,0.5
7/1/2022,Q2_2223,Camden,Good job,0.46
7/1/2022,Q2_2223,Camden,Trust MPS,0.66
7/1/2022,Q2_2223,Croydon,Dealing issues,0.56
7/1/2022,Q2_2223,Croydon,Fair treatment,0.57
7/1/2022,Q2_2223,Croydon,Good job,0.38
7/1/2022,Q2_2223,Croydon,Trust MPS,0.67
7/1/2022,Q2_2223,Ealing,Dealing issues,0.67
7/1/2022,Q2_2223,Ealing,Fair treatment,0.71
7/1/2022,Q2_2223,Ealing,Good job,0.5
7/1/2022,Q2_2223,Ealing,Trust MPS,0.77
7/1/2022,Q2_2223,Enfield,Dealing issues,0.58
7/1/2022,Q2_2223,Enfield,Fair treatment,0.61
7/1/2022,Q2_2223,Enfield,Good job,0.44
7/1/2022,Q2_2223,Enfield,Trust MPS,0.67
7/1/2022,Q2_2223,Greenwich,Dealing issues,0.54
7/1/2022,Q2_2223,Greenwich,Fair treatment,0.6
7/1/2022,Q2_2223,Greenwich,Good job,0.45
7/1/2022,Q2_2223,Greenwich,Trust MPS,0.67
7/1/2022,Q2_2223,Hackney,Dealing issues,0.59
7/1/2022,Q2_2223,Hackney,Fair treatment,0.56
7/1/2022,Q2_2223,Hackney,Good job,0.47
7/1/2022,Q2_2223,Hackney,Trust MPS,0.67
7/1/2022,Q2_2223,Hammersmith and Fulham,Dealing issues,0.61
7/1/2022,Q2_2223,Hammersmith and Fulham,Fair treatment,0.61
7/1/2022,Q2_2223,Hammersmith and Fulham,Good job,0.55
7/1/2022,Q2_2223,Hammersmith and Fulham,Trust MPS,0.74
7/1/2022,Q2_2223,Haringey,Dealing issues,0.57
7/1/2022,Q2_2223,Haringey,Fair treatment,0.53
7/1/2022,Q2_2223,Haringey,Good job,0.5
7/1/2022,Q2_2223,Haringey,Trust MPS,0.67
7/1/2022,Q2_2223,Harrow,Dealing issues,0.64
7/1/2022,Q2_2223,Harrow,Fair treatment,0.74
7/1/2022,Q2_2223,Harrow,Good job,0.53
7/1/2022,Q2_2223,Harrow,Trust MPS,0.78
7/1/2022,Q2_2223,Havering,Dealing issues,0.61
7/1/2022,Q2_2223,Havering,Fair treatment,0.7
7/1/2022,Q2_2223,Havering,Good job,0.51
7/1/2022,Q2_2223,Havering,Trust MPS,0.78
7/1/2022,Q2_2223,Hillingdon,Dealing issues,0.72
7/1/2022,Q2_2223,Hillingdon,Fair treatment,0.83
7/1/2022,Q2_2223,Hillingdon,Good job,0.58
7/1/2022,Q2_2223,Hillingdon,Trust MPS,0.8
7/1/2022,Q2_2223,Hounslow,Dealing issues,0.65
7/1/2022,Q2_2223,Hounslow,Fair treatment,0.71
7/1/2022,Q2_2223,Hounslow,Good job,0.55
7/1/2022,Q2_2223,Hounslow,Trust MPS,0.79
7/1/2022,Q2_2223,Islington,Dealing issues,0.55
7/1/2022,Q2_2223,Islington,Fair treatment,0.48
7/1/2022,Q2_2223,Islington,Good job,0.47
7/1/2022,Q2_2223,Islington,Trust MPS,0.61
7/1/2022,Q2_2223,Kensington and Chelsea,Dealing issues,0.6
7/1/2022,Q2_2223,Kensington and Chelsea,Fair treatment,0.66
7/1/2022,Q2_2223,Kensington and Chelsea,Good job,0.55
7/1/2022,Q2_2223,Kensington and Chelsea,Trust MPS,0.77
7/1/2022,Q2_2223,Kingston upon Thames,Dealing issues,0.67
7/1/2022,Q2_2223,Kingston upon Thames,Fair treatment,0.71
7/1/2022,Q2_2223,Kingston upon Thames,Good job,0.58
7/1/2022,Q2_2223,Kingston upon Thames,Trust MPS,0.78
7/1/2022,Q2_2223,Lambeth,Dealing issues,0.43
7/1/2022,Q2_2223,Lambeth,Fair treatment,0.39
7/1/2022,Q2_2223,Lambeth,Good job,0.42
7/1/2022,Q2_2223,Lambeth,Trust MPS,0.53
7/1/2022,Q2_2223,Lewisham,Dealing issues,0.51
7/1/2022,Q2_2223,Lewisham,Fair treatment,0.53
7/1/2022,Q2_2223,Lewisham,Good job,0.43
7/1/2022,Q2_2223,Lewisham,Trust MPS,0.65
7/1/2022,Q2_2223,MPS,Dealing issues,0.6
7/1/2022,Q2_2223,MPS,Fair treatment,0.62
7/1/2022,Q2_2223,MPS,Good job,0.5
7/1/2022,Q2_2223,MPS,Trust MPS,0.71
7/1/2022,Q2_2223,Merton,Dealing issues,0.64
7/1/2022,Q2_2223,Merton,Fair treatment,0.65
7/1/2022,Q2_2223,Merton,Good job,0.52
7/1/2022,Q2_2223,Merton,Trust MPS,0.76
7/1/2022,Q2_2223,Newham,Dealing issues,0.65
7/1/2022,Q2_2223,Newham,Fair treatment,0.56
7/1/2022,Q2_2223,Newham,Good job,0.45
7/1/2022,Q2_2223,Newham,Trust MPS,0.67
7/1/2022,Q2_2223,Redbridge,Dealing issues,0.63
7/1/2022,Q2_2223,Redbridge,Fair treatment,0.68
7/1/2022,Q2_2223,Redbridge,Good job,0.51
7/1/2022,Q2_2223,Redbridge,Trust MPS,0.73
7/1/2022,Q2_2223,Richmond upon Thames,Dealing issues,0.64
7/1/2022,Q2_2223,Richmond upon Thames,Fair treatment,0.66
7/1/2022,Q2_2223,Richmond upon Thames,Good job,0.6
7/1/2022,Q2_2223,Richmond upon Thames,Trust MPS,0.74
7/1/2022,Q2_2223,Southwark,Dealing issues,0.59
7/1/2022,Q2_2223,Southwark,Fair treatment,0.53
7/1/2022,Q2_2223,Southwark,Good job,0.54
7/1/2022,Q2_2223,Southwark,Trust MPS,0.73
7/1/2022,Q2_2223,Sutton,Dealing issues,0.65
7/1/2022,Q2_2223,Sutton,Fair treatment,0.76
7/1/2022,Q2_2223,Sutton,Good job,0.56
7/1/2022,Q2_2223,Sutton,Trust MPS,0.77
7/1/2022,Q2_2223,Tower Hamlets,Dealing issues,0.58
7/1/2022,Q2_2223,Tower Hamlets,Fair treatment,0.57
7/1/2022,Q2_2223,Tower Hamlets,Good job,0.46
7/1/2022,Q2_2223,Tower Hamlets,Trust MPS,0.68
7/1/2022,Q2_2223,Waltham Forest,Dealing issues,0.55
7/1/2022,Q2_2223,Waltham Forest,Fair treatment,0.55
7/1/2022,Q2_2223,Waltham Forest,Good job,0.4
7/1/2022,Q2_2223,Waltham Forest,Trust MPS,0.66
7/1/2022,Q2_2223,Wandsworth,Dealing issues,0.55
7/1/2022,Q2_2223,Wandsworth,Fair treatment,0.55
7/1/2022,Q2_2223,Wandsworth,Good job,0.52
7/1/2022,Q2_2223,Wandsworth,Trust MPS,0.71
7/1/2022,Q2_2223,Westminster,Dealing issues,0.59
7/1/2022,Q2_2223,Westminster,Fair treatment,0.58
7/1/2022,Q2_2223,Westminster,Good job,0.53
7/1/2022,Q2_2223,Westminster,Trust MPS,0.77
10/1/2022,Q3_2223,Barking and Dagenham,Dealing issues,0.61
10/1/2022,Q3_2223,Barking and Dagenham,Fair treatment,0.69
10/1/2022,Q3_2223,Barking and Dagenham,Good job,0.46
10/1/2022,Q3_2223,Barking and Dagenham,Trust MPS,0.73
10/1/2022,Q3_2223,Barnet,Dealing issues,0.59
10/1/2022,Q3_2223,Barnet,Fair treatment,0.72
10/1/2022,Q3_2223,Barnet,Good job,0.49
10/1/2022,Q3_2223,Barnet,Trust MPS,0.76
10/1/2022,Q3_2223,Bexley,Dealing issues,0.61
10/1/2022,Q3_2223,Bexley,Fair treatment,0.67
10/1/2022,Q3_2223,Bexley,Good job,0.49
10/1/2022,Q3_2223,Bexley,Trust MPS,0.73
10/1/2022,Q3_2223,Brent,Dealing issues,0.65
10/1/2022,Q3_2223,Brent,Fair treatment,0.72
10/1/2022,Q3_2223,Brent,Good job,0.53
10/1/2022,Q3_2223,Brent,Trust MPS,0.73
10/1/2022,Q3_2223,Bromley,Dealing issues,0.58
10/1/2022,Q3_2223,Bromley,Fair treatment,0.67
10/1/2022,Q3_2223,Bromley,Good job,0.55
10/1/2022,Q3_2223,Bromley,Trust MPS,0.72
10/1/2022,Q3_2223,Camden,Dealing issues,0.57
10/1/2022,Q3_2223,Camden,Fair treatment,0.47
10/1/2022,Q3_2223,Camden,Good job,0.41
10/1/2022,Q3_2223,Camden,Trust MPS,0.68
10/1/2022,Q3_2223,Croydon,Dealing issues,0.52
10/1/2022,Q3_2223,Croydon,Fair treatment,0.55
10/1/2022,Q3_2223,Croydon,Good job,0.38
10/1/2022,Q3_2223,Croydon,Trust MPS,0.62
10/1/2022,Q3_2223,Ealing,Dealing issues,0.67
10/1/2022,Q3_2223,Ealing,Fair treatment,0.73
10/1/2022,Q3_2223,Ealing,Good job,0.52
10/1/2022,Q3_2223,Ealing,Trust MPS,0.76
10/1/2022,Q3_2223,Enfield,Dealing issues,0.59
10/1/2022,Q3_2223,Enfield,Fair treatment,0.65
10/1/2022,Q3_2223,Enfield,Good job,0.45
10/1/2022,Q3_2223,Enfield,Trust MPS,0.7
10/1/2022,Q3_2223,Greenwich,Dealing issues,0.54
10/1/2022,Q3_2223,Greenwich,Fair treatment,0.59
10/1/2022,Q3_2223,Greenwich,Good job,0.48
10/1/2022,Q3_2223,Greenwich,Trust MPS,0.68
10/1/2022,Q3_2223,Hackney,Dealing issues,0.56
10/1/2022,Q3_2223,Hackney,Fair treatment,0.55
10/1/2022,Q3_2223,Hackney,Good job,0.45
10/1/2022,Q3_2223,Hackney,Trust MPS,0.65
10/1/2022,Q3_2223,Hammersmith and Fulham,Dealing issues,0.56
10/1/2022,Q3_2223,Hammersmith and Fulham,Fair treatment,0.56
10/1/2022,Q3_2223,Hammersmith and Fulham,Good job,0.5
10/1/2022,Q3_2223,Hammersmith and Fulham,Trust MPS,0.69
10/1/2022,Q3_2223,Haringey,Dealing issues,0.59
10/1/2022,Q3_2223,Haringey,Fair treatment,0.55
10/1/2022,Q3_2223,Haringey,Good job,0.49
10/1/2022,Q3_2223,Haringey,Trust MPS,0.67
10/1/2022,Q3_2223,Harrow,Dealing issues,0.68
10/1/2022,Q3_2223,Harrow,Fair treatment,0.79
10/1/2022,Q3_2223,Harrow,Good job,0.59
10/1/2022,Q3_2223,Harrow,Trust MPS,0.79
10/1/2022,Q3_2223,Havering,Dealing issues,0.63
10/1/2022,Q3_2223,Havering,Fair treatment,0.71
10/1/2022,Q3_2223,Havering,Good job,0.54
10/1/2022,Q3_2223,Havering,Trust MPS,0.76
10/1/2022,Q3_2223,Hillingdon,Dealing issues,0.74
10/1/2022,Q3_2223,Hillingdon,Fair treatment,0.84
10/1/2022,Q3_2223,Hillingdon,Good job,0.59
10/1/2022,Q3_2223,Hillingdon,Trust MPS,0.83
10/1/2022,Q3_2223,Hounslow,Dealing issues,0.64
10/1/2022,Q3_2223,Hounslow,Fair treatment,0.7
10/1/2022,Q3_2223,Hounslow,Good job,0.55
10/1/2022,Q3_2223,Hounslow,Trust MPS,0.75
10/1/2022,Q3_2223,Islington,Dealing issues,0.53
10/1/2022,Q3_2223,Islington,Fair treatment,0.48
10/1/2022,Q3_2223,Islington,Good job,0.45
10/1/2022,Q3_2223,Islington,Trust MPS,0.61
10/1/2022,Q3_2223,Kensington and Chelsea,Dealing issues,0.57
10/1/2022,Q3_2223,Kensington and Chelsea,Fair treatment,0.64
10/1/2022,Q3_2223,Kensington and Chelsea,Good job,0.55
10/1/2022,Q3_2223,Kensington and Chelsea,Trust MPS,0.75
10/1/2022,Q3_2223,Kingston upon Thames,Dealing issues,0.6
10/1/2022,Q3_2223,Kingston upon Thames,Fair treatment,0.65
10/1/2022,Q3_2223,Kingston upon Thames,Good job,0.53
10/1/2022,Q3_2223,Kingston upon Thames,Trust MPS,0.76
10/1/2022,Q3_2223,Lambeth,Dealing issues,0.41
10/1/2022,Q3_2223,Lambeth,Fair treatment,0.42
10/1/2022,Q3_2223,Lambeth,Good job,0.44
10/1/2022,Q3_2223,Lambeth,Trust MPS,0.56
10/1/2022,Q3_2223,Lewisham,Dealing issues,0.47
10/1/2022,Q3_2223,Lewisham,Fair treatment,0.52
10/1/2022,Q3_2223,Lewisham,Good job,0.39
10/1/2022,Q3_2223,Lewisham,Trust MPS,0.64
10/1/2022,Q3_2223,MPS,Dealing issues,0.58
10/1/2022,Q3_2223,MPS,Fair treatment,0.62
10/1/2022,Q3_2223,MPS,Good job,0.49
10/1/2022,Q3_2223,MPS,Trust MPS,0.71
10/1/2022,Q3_2223,Merton,Dealing issues,0.62
10/1/2022,Q3_2223,Merton,Fair treatment,0.69
10/1/2022,Q3_2223,Merton,Good job,0.53
10/1/2022,Q3_2223,Merton,Trust MPS,0.77
10/1/2022,Q3_2223,Newham,Dealing issues,0.63
10/1/2022,Q3_2223,Newham,Fair treatment,0.57
10/1/2022,Q3_2223,Newham,Good job,0.45
10/1/2022,Q3_2223,Newham,Trust MPS,0.7
10/1/2022,Q3_2223,Redbridge,Dealing issues,0.62
10/1/2022,Q3_2223,Redbridge,Fair treatment,0.69
10/1/2022,Q3_2223,Redbridge,Good job,0.46
10/1/2022,Q3_2223,Redbridge,Trust MPS,0.72
10/1/2022,Q3_2223,Richmond upon Thames,Dealing issues,0.56
10/1/2022,Q3_2223,Richmond upon Thames,Fair treatment,0.64
10/1/2022,Q3_2223,Richmond upon Thames,Good job,0.54
10/1/2022,Q3_2223,Richmond upon Thames,Trust MPS,0.71
10/1/2022,Q3_2223,Southwark,Dealing issues,0.52
10/1/2022,Q3_2223,Southwark,Fair treatment,0.52
10/1/2022,Q3_2223,Southwark,Good job,0.49
10/1/2022,Q3_2223,Southwark,Trust MPS,0.66
10/1/2022,Q3_2223,Sutton,Dealing issues,0.66
10/1/2022,Q3_2223,Sutton,Fair treatment,0.74
10/1/2022,Q3_2223,Sutton,Good job,0.52
10/1/2022,Q3_2223,Sutton,Trust MPS,0.8
10/1/2022,Q3_2223,Tower Hamlets,Dealing issues,0.55
10/1/2022,Q3_2223,Tower Hamlets,Fair treatment,0.58
10/1/2022,Q3_2223,Tower Hamlets,Good job,0.46
10/1/2022,Q3_2223,Tower Hamlets,Trust MPS,0.68
10/1/2022,Q3_2223,Waltham Forest,Dealing issues,0.52
10/1/2022,Q3_2223,Waltham Forest,Fair treatment,0.52
10/1/2022,Q3_2223,Waltham Forest,Good job,0.38
10/1/2022,Q3_2223,Waltham Forest,Trust MPS,0.64
10/1/2022,Q3_2223,Wandsworth,Dealing issues,0.54
10/1/2022,Q3_2223,Wandsworth,Fair treatment,0.55
10/1/2022,Q3_2223,Wandsworth,Good job,0.51
10/1/2022,Q3_2223,Wandsworth,Trust MPS,0.71
10/1/2022,Q3_2223,Westminster,Dealing issues,0.58
10/1/2022,Q3_2223,Westminster,Fair treatment,0.58
10/1/2022,Q3_2223,Westminster,Good job,0.56
10/1/2022,Q3_2223,Westminster,Trust MPS,0.74
1/1/2023,Q4_2223,Barking and Dagenham,Dealing issues,0.61
1/1/2023,Q4_2223,Barking and Dagenham,Fair treatment,0.67
1/1/2023,Q4_2223,Barking and Dagenham,Good job,0.48
1/1/2023,Q4_2223,Barking and Dagenham,Trust MPS,0.71
1/1/2023,Q4_2223,Barnet,Dealing issues,0.62
1/1/2023,Q4_2223,Barnet,Fair treatment,0.71
1/1/2023,Q4_2223,Barnet,Good job,0.48
1/1/2023,Q4_2223,Barnet,Trust MPS,0.74
1/1/2023,Q4_2223,Bexley,Dealing issues,0.58
1/1/2023,Q4_2223,Bexley,Fair treatment,0.7
1/1/2023,Q4_2223,Bexley,Good job,0.51
1/1/2023,Q4_2223,Bexley,Trust MPS,0.75
1/1/2023,Q4_2223,Brent,Dealing issues,0.71
1/1/2023,Q4_2223,Brent,Fair treatment,0.8
1/1/2023,Q4_2223,Brent,Good job,0.56
1/1/2023,Q4_2223,Brent,Trust MPS,0.78
1/1/2023,Q4_2223,Bromley,Dealing issues,0.57
1/1/2023,Q4_2223,Bromley,Fair treatment,0.66
1/1/2023,Q4_2223,Bromley,Good job,0.54
1/1/2023,Q4_2223,Bromley,Trust MPS,0.71
1/1/2023,Q4_2223,Camden,Dealing issues,0.58
1/1/2023,Q4_2223,Camden,Fair treatment,0.49
1/1/2023,Q4_2223,Camden,Good job,0.44
1/1/2023,Q4_2223,Camden,Trust MPS,0.67
1/1/2023,Q4_2223,Croydon,Dealing issues,0.53
1/1/2023,Q4_2223,Croydon,Fair treatment,0.59
1/1/2023,Q4_2223,Croydon,Good job,0.4
1/1/2023,Q4_2223,Croydon,Trust MPS,0.66
1/1/2023,Q4_2223,Ealing,Dealing issues,0.72
1/1/2023,Q4_2223,Ealing,Fair treatment,0.79
1/1/2023,Q4_2223,Ealing,Good job,0.52
1/1/2023,Q4_2223,Ealing,Trust MPS,0.78
1/1/2023,Q4_2223,Enfield,Dealing issues,0.56
1/1/2023,Q4_2223,Enfield,Fair treatment,0.65
1/1/2023,Q4_2223,Enfield,Good job,0.45
1/1/2023,Q4_2223,Enfield,Trust MPS,0.7
1/1/2023,Q4_2223,Greenwich,Dealing issues,0.55
1/1/2023,Q4_2223,Greenwich,Fair treatment,0.62
1/1/2023,Q4_2223,Greenwich,Good job,0.5
1/1/2023,Q4_2223,Greenwich,Trust MPS,0.68
1/1/2023,Q4_2223,Hackney,Dealing issues,0.5
1/1/2023,Q4_2223,Hackney,Fair treatment,0.51
1/1/2023,Q4_2223,Hackney,Good job,0.42
1/1/2023,Q4_2223,Hackney,Trust MPS,0.62
1/1/2023,Q4_2223,Hammersmith and Fulham,Dealing issues,0.57
1/1/2023,Q4_2223,Hammersmith and Fulham,Fair treatment,0.62
1/1/2023,Q4_2223,Hammersmith and Fulham,Good job,0.53
1/1/2023,Q4_2223,Hammersmith and Fulham,Trust MPS,0.7
1/1/2023,Q4_2223,Haringey,Dealing issues,0.56
1/1/2023,Q4_2223,Haringey,Fair treatment,0.52
1/1/2023,Q4_2223,Haringey,Good job,0.46
1/1/2023,Q4_2223,Haringey,Trust MPS,0.66
1/1/2023,Q4_2223,Harrow,Dealing issues,0.76
1/1/2023,Q4_2223,Harrow,Fair treatment,0.86
1/1/2023,Q4_2223,Harrow,Good job,0.63
1/1/2023,Q4_2223,Harrow,Trust MPS,0.82
1/1/2023,Q4_2223,Havering,Dealing issues,0.62
1/1/2023,Q4_2223,Havering,Fair treatment,0.72
1/1/2023,Q4_2223,Havering,Good job,0.54
1/1/2023,Q4_2223,Havering,Trust MPS,0.77
1/1/2023,Q4_2223,Hillingdon,Dealing issues,0.8
1/1/2023,Q4_2223,Hillingdon,Fair treatment,0.85
1/1/2023,Q4_2223,Hillingdon,Good job,0.63
1/1/2023,Q4_2223,Hillingdon,Trust MPS,0.84
1/1/2023,Q4_2223,Hounslow,Dealing issues,0.64
1/1/2023,Q4_2223,Hounslow,Fair treatment,0.71
1/1/2023,Q4_2223,Hounslow,Good job,0.52
1/1/2023,Q4_2223,Hounslow,Trust MPS,0.76
1/1/2023,Q4_2223,Islington,Dealing issues,0.53
1/1/2023,Q4_2223,Islington,Fair treatment,0.48
1/1/2023,Q4_2223,Islington,Good job,0.46
1/1/2023,Q4_2223,Islington,Trust MPS,0.62
1/1/2023,Q4_2223,Kensington and Chelsea,Dealing issues,0.63
1/1/2023,Q4_2223,Kensington and Chelsea,Fair treatment,0.69
1/1/2023,Q4_2223,Kensington and Chelsea,Good job,0.57
1/1/2023,Q4_2223,Kensington and Chelsea,Trust MPS,0.78
1/1/2023,Q4_2223,Kingston upon Thames,Dealing issues,0.59
1/1/2023,Q4_2223,Kingston upon Thames,Fair treatment,0.64
1/1/2023,Q4_2223,Kingston upon Thames,Good job,0.51
1/1/2023,Q4_2223,Kingston upon Thames,Trust MPS,0.78
1/1/2023,Q4_2223,Lambeth,Dealing issues,0.47
1/1/2023,Q4_2223,Lambeth,Fair treatment,0.49
1/1/2023,Q4_2223,Lambeth,Good job,0.48
1/1/2023,Q4_2223,Lambeth,Trust MPS,0.6
1/1/2023,Q4_2223,Lewisham,Dealing issues,0.46
1/1/2023,Q4_2223,Lewisham,Fair treatment,0.53
1/1/2023,Q4_2223,Lewisham,Good job,0.42
1/1/2023,Q4_2223,Lewisham,Trust MPS,0.61
1/1/2023,Q4_2223,MPS,Dealing issues,0.59
1/1/2023,Q4_2223,MPS,Fair treatment,0.65
1/1/2023,Q4_2223,MPS,Good job,0.5
1/1/2023,Q4_2223,MPS,Trust MPS,0.71
1/1/2023,Q4_2223,Merton,Dealing issues,0.63
1/1/2023,Q4_2223,Merton,Fair treatment,0.68
1/1/2023,Q4_2223,Merton,Good job,0.54
1/1/2023,Q4_2223,Merton,Trust MPS,0.77
1/1/2023,Q4_2223,Newham,Dealing issues,0.61
1/1/2023,Q4_2223,Newham,Fair treatment,0.61
1/1/2023,Q4_2223,Newham,Good job,0.49
1/1/2023,Q4_2223,Newham,Trust MPS,0.75
1/1/2023,Q4_2223,Redbridge,Dealing issues,0.6
1/1/2023,Q4_2223,Redbridge,Fair treatment,0.66
1/1/2023,Q4_2223,Redbridge,Good job,0.48
1/1/2023,Q4_2223,Redbridge,Trust MPS,0.7
1/1/2023,Q4_2223,Richmond upon Thames,Dealing issues,0.53
1/1/2023,Q4_2223,Richmond upon Thames,Fair treatment,0.6
1/1/2023,Q4_2223,Richmond upon Thames,Good job,0.53
1/1/2023,Q4_2223,Richmond upon Thames,Trust MPS,0.69
1/1/2023,Q4_2223,Southwark,Dealing issues,0.49
1/1/2023,Q4_2223,Southwark,Fair treatment,0.53
1/1/2023,Q4_2223,Southwark,Good job,0.5
1/1/2023,Q4_2223,Southwark,Trust MPS,0.65
1/1/2023,Q4_2223,Sutton,Dealing issues,0.67
1/1/2023,Q4_2223,Sutton,Fair treatment,0.73
1/1/2023,Q4_2223,Sutton,Good job,0.52
1/1/2023,Q4_2223,Sutton,Trust MPS,0.8
1/1/2023,Q4_2223,Tower Hamlets,Dealing issues,0.56
1/1/2023,Q4_2223,Tower Hamlets,Fair treatment,0.61
1/1/2023,Q4_2223,Tower Hamlets,Good job,0.47
1/1/2023,Q4_2223,Tower Hamlets,Trust MPS,0.72
1/1/2023,Q4_2223,Waltham Forest,Dealing issues,0.49
1/1/2023,Q4_2223,Waltham Forest,Fair treatment,0.53
1/1/2023,Q4_2223,Waltham Forest,Good job,0.38
1/1/2023,Q4_2223,Waltham Forest,Trust MPS,0.62
1/1/2023,Q4_2223,Wandsworth,Dealing issues,0.58
1/1/2023,Q4_2223,Wandsworth,Fair treatment,0.59
1/1/2023,Q4_2223,Wandsworth,Good job,0.51
1/1/2023,Q4_2223,Wandsworth,Trust MPS,0.71
1/1/2023,Q4_2223,Westminster,Dealing issues,0.65
1/1/2023,Q4_2223,Westminster,Fair treatment,0.67
1/1/2023,Q4_2223,Westminster,Good job,0.56
1/1/2023,Q4_2223,Westminster,Trust MPS,0.75
4/1/2023,Q1_2324,Barking and Dagenham,Dealing issues,0.59
4/1/2023,Q1_2324,Barking and Dagenham,Fair treatment,0.66
4/1/2023,Q1_2324,Barking and Dagenham,Good job,0.49
4/1/2023,Q1_2324,Barking and Dagenham,Trust MPS,0.71
4/1/2023,Q1_2324,Barnet,Dealing issues,0.62
4/1/2023,Q1_2324,Barnet,Fair treatment,0.68
4/1/2023,Q1_2324,Barnet,Good job,0.48
4/1/2023,Q1_2324,Barnet,Trust MPS,0.73
4/1/2023,Q1_2324,Bexley,Dealing issues,0.56
4/1/2023,Q1_2324,Bexley,Fair treatment,0.72
4/1/2023,Q1_2324,Bexley,Good job,0.54
4/1/2023,Q1_2324,Bexley,Trust MPS,0.73
4/1/2023,Q1_2324,Brent,Dealing issues,0.64
4/1/2023,Q1_2324,Brent,Fair treatment,0.71
4/1/2023,Q1_2324,Brent,Good job,0.53
4/1/2023,Q1_2324,Brent,Trust MPS,0.77
4/1/2023,Q1_2324,Bromley,Dealing issues,0.56
4/1/2023,Q1_2324,Bromley,Fair treatment,0.65
4/1/2023,Q1_2324,Bromley,Good job,0.54
4/1/2023,Q1_2324,Bromley,Trust MPS,0.68
4/1/2023,Q1_2324,Camden,Dealing issues,0.53
4/1/2023,Q1_2324,Camden,Fair treatment,0.48
4/1/2023,Q1_2324,Camden,Good job,0.44
4/1/2023,Q1_2324,Camden,Trust MPS,0.67
4/1/2023,Q1_2324,Croydon,Dealing issues,0.51
4/1/2023,Q1_2324,Croydon,Fair treatment,0.58
4/1/2023,Q1_2324,Croydon,Good job,0.38
4/1/2023,Q1_2324,Croydon,Trust MPS,0.64
4/1/2023,Q1_2324,Ealing,Dealing issues,0.69
4/1/2023,Q1_2324,Ealing,Fair treatment,0.76
4/1/2023,Q1_2324,Ealing,Good job,0.5
4/1/2023,Q1_2324,Ealing,Trust MPS,0.79
4/1/2023,Q1_2324,Enfield,Dealing issues,0.55
4/1/2023,Q1_2324,Enfield,Fair treatment,0.66
4/1/2023,Q1_2324,Enfield,Good job,0.42
4/1/2023,Q1_2324,Enfield,Trust MPS,0.7
4/1/2023,Q1_2324,Greenwich,Dealing issues,0.55
4/1/2023,Q1_2324,Greenwich,Fair treatment,0.62
4/1/2023,Q1_2324,Greenwich,Good job,0.46
4/1/2023,Q1_2324,Greenwich,Trust MPS,0.68
4/1/2023,Q1_2324,Hackney,Dealing issues,0.48
4/1/2023,Q1_2324,Hackney,Fair treatment,0.48
4/1/2023,Q1_2324,Hackney,Good job,0.4
4/1/2023,Q1_2324,Hackney,Trust MPS,0.58
4/1/2023,Q1_2324,Hammersmith and Fulham,Dealing issues,0.54
4/1/2023,Q1_2324,Hammersmith and Fulham,Fair treatment,0.59
4/1/2023,Q1_2324,Hammersmith and Fulham,Good job,0.5
4/1/2023,Q1_2324,Hammersmith and Fulham,Trust MPS,0.66
4/1/2023,Q1_2324,Haringey,Dealing issues,0.53
4/1/2023,Q1_2324,Haringey,Fair treatment,0.53
4/1/2023,Q1_2324,Haringey,Good job,0.44
4/1/2023,Q1_2324,Haringey,Trust MPS,0.62
4/1/2023,Q1_2324,Harrow,Dealing issues,0.78
4/1/2023,Q1_2324,Harrow,Fair treatment,0.85
4/1/2023,Q1_2324,Harrow,Good job,0.63
4/1/2023,Q1_2324,Harrow,Trust MPS,0.82
4/1/2023,Q1_2324,Havering,Dealing issues,0.63
4/1/2023,Q1_2324,Havering,Fair treatment,0.71
4/1/2023,Q1_2324,Havering,Good job,0.51
4/1/2023,Q1_2324,Havering,Trust MPS,0.75
4/1/2023,Q1_2324,Hillingdon,Dealing issues,0.78
4/1/2023,Q1_2324,Hillingdon,Fair treatment,0.84
4/1/2023,Q1_2324,Hillingdon,Good job,0.61
4/1/2023,Q1_2324,Hillingdon,Trust MPS,0.84
4/1/2023,Q1_2324,Hounslow,Dealing issues,0.62
4/1/2023,Q1_2324,Hounslow,Fair treatment,0.7
4/1/2023,Q1_2324,Hounslow,Good job,0.5
4/1/2023,Q1_2324,Hounslow,Trust MPS,0.75
4/1/2023,Q1_2324,Islington,Dealing issues,0.52
4/1/2023,Q1_2324,Islington,Fair treatment,0.47
4/1/2023,Q1_2324,Islington,Good job,0.43
4/1/2023,Q1_2324,Islington,Trust MPS,0.6
4/1/2023,Q1_2324,Kensington and Chelsea,Dealing issues,0.64
4/1/2023,Q1_2324,Kensington and Chelsea,Fair treatment,0.7
4/1/2023,Q1_2324,Kensington and Chelsea,Good job,0.6
4/1/2023,Q1_2324,Kensington and Chelsea,Trust MPS,0.78
4/1/2023,Q1_2324,Kingston upon Thames,Dealing issues,0.57
4/1/2023,Q1_2324,Kingston upon Thames,Fair treatment,0.61
4/1/2023,Q1_2324,Kingston upon Thames,Good job,0.47
4/1/2023,Q1_2324,Kingston upon Thames,Trust MPS,0.76
4/1/2023,Q1_2324,Lambeth,Dealing issues,0.46
4/1/2023,Q1_2324,Lambeth,Fair treatment,0.51
4/1/2023,Q1_2324,Lambeth,Good job,0.44
4/1/2023,Q1_2324,Lambeth,Trust MPS,0.6
4/1/2023,Q1_2324,Lewisham,Dealing issues,0.46
4/1/2023,Q1_2324,Lewisham,Fair treatment,0.5
4/1/2023,Q1_2324,Lewisham,Good job,0.41
4/1/2023,Q1_2324,Lewisham,Trust MPS,0.59
4/1/2023,Q1_2324,MPS,Dealing issues,0.57
4/1/2023,Q1_2324,MPS,Fair treatment,0.64
4/1/2023,Q1_2324,MPS,Good job,0.48
4/1/2023,Q1_2324,MPS,Trust MPS,0.7
4/1/2023,Q1_2324,Merton,Dealing issues,0.61
4/1/2023,Q1_2324,Merton,Fair treatment,0.69
4/1/2023,Q1_2324,Merton,Good job,0.54
4/1/2023,Q1_2324,Merton,Trust MPS,0.77
4/1/2023,Q1_2324,Newham,Dealing issues,0.54
4/1/2023,Q1_2324,Newham,Fair treatment,0.61
4/1/2023,Q1_2324,Newham,Good job,0.46
4/1/2023,Q1_2324,Newham,Trust MPS,0.71
4/1/2023,Q1_2324,Redbridge,Dealing issues,0.57
4/1/2023,Q1_2324,Redbridge,Fair treatment,0.66
4/1/2023,Q1_2324,Redbridge,Good job,0.46
4/1/2023,Q1_2324,Redbridge,Trust MPS,0.67
4/1/2023,Q1_2324,Richmond upon Thames,Dealing issues,0.5
4/1/2023,Q1_2324,Richmond upon Thames,Fair treatment,0.6
4/1/2023,Q1_2324,Richmond upon Thames,Good job,0.53
4/1/2023,Q1_2324,Richmond upon Thames,Trust MPS,0.69
4/1/2023,Q1_2324,Southwark,Dealing issues,0.48
4/1/2023,Q1_2324,Southwark,Fair treatment,0.51
4/1/2023,Q1_2324,Southwark,Good job,0.47
4/1/2023,Q1_2324,Southwark,Trust MPS,0.64
4/1/2023,Q1_2324,Sutton,Dealing issues,0.68
4/1/2023,Q1_2324,Sutton,Fair treatment,0.74
4/1/2023,Q1_2324,Sutton,Good job,0.51
4/1/2023,Q1_2324,Sutton,Trust MPS,0.8
4/1/2023,Q1_2324,Tower Hamlets,Dealing issues,0.55
4/1/2023,Q1_2324,Tower Hamlets,Fair treatment,0.61
4/1/2023,Q1_2324,Tower Hamlets,Good job,0.44
4/1/2023,Q1_2324,Tower Hamlets,Trust MPS,0.71
4/1/2023,Q1_2324,Waltham Forest,Dealing issues,0.42
4/1/2023,Q1_2324,Waltham Forest,Fair treatment,0.5
4/1/2023,Q1_2324,Waltham Forest,Good job,0.38
4/1/2023,Q1_2324,Waltham Forest,Trust MPS,0.58
4/1/2023,Q1_2324,Wandsworth,Dealing issues,0.56
4/1/2023,Q1_2324,Wandsworth,Fair treatment,0.59
4/1/2023,Q1_2324,Wandsworth,Good job,0.51
4/1/2023,Q1_2324,Wandsworth,Trust MPS,0.68
4/1/2023,Q1_2324,Westminster,Dealing issues,0.65
4/1/2023,Q1_2324,Westminster,Fair treatment,0.67
4/1/2023,Q1_2324,Westminster,Good job,0.59
4/1/2023,Q1_2324,Westminster,Trust MPS,0.74
7/1/2023,Q2_2324,Barking and Dagenham,Dealing issues,0.56
7/1/2023,Q2_2324,Barking and Dagenham,Fair treatment,0.63
7/1/2023,Q2_2324,Barking and Dagenham,Good job,0.47
7/1/2023,Q2_2324,Barking and Dagenham,Trust MPS,0.69
7/1/2023,Q2_2324,Barnet,Dealing issues,0.62
7/1/2023,Q2_2324,Barnet,Fair treatment,0.67
7/1/2023,Q2_2324,Barnet,Good job,0.47
7/1/2023,Q2_2324,Barnet,Trust MPS,0.72
7/1/2023,Q2_2324,Bexley,Dealing issues,0.57
7/1/2023,Q2_2324,Bexley,Fair treatment,0.72
7/1/2023,Q2_2324,Bexley,Good job,0.52
7/1/2023,Q2_2324,Bexley,Trust MPS,0.75
7/1/2023,Q2_2324,Brent,Dealing issues,0.64
7/1/2023,Q2_2324,Brent,Fair treatment,0.67
7/1/2023,Q2_2324,Brent,Good job,0.51
7/1/2023,Q2_2324,Brent,Trust MPS,0.75
7/1/2023,Q2_2324,Bromley,Dealing issues,0.53
7/1/2023,Q2_2324,Bromley,Fair treatment,0.64
7/1/2023,Q2_2324,Bromley,Good job,0.52
7/1/2023,Q2_2324,Bromley,Trust MPS,0.69
7/1/2023,Q2_2324,Camden,Dealing issues,0.53
7/1/2023,Q2_2324,Camden,Fair treatment,0.5
7/1/2023,Q2_2324,Camden,Good job,0.47
7/1/2023,Q2_2324,Camden,Trust MPS,0.67
7/1/2023,Q2_2324,Croydon,Dealing issues,0.51
7/1/2023,Q2_2324,Croydon,Fair treatment,0.58
7/1/2023,Q2_2324,Croydon,Good job,0.38
7/1/2023,Q2_2324,Croydon,Trust MPS,0.65
7/1/2023,Q2_2324,Ealing,Dealing issues,0.65
7/1/2023,Q2_2324,Ealing,Fair treatment,0.71
7/1/2023,Q2_2324,Ealing,Good job,0.48
7/1/2023,Q2_2324,Ealing,Trust MPS,0.77
7/1/2023,Q2_2324,Enfield,Dealing issues,0.55
7/1/2023,Q2_2324,Enfield,Fair treatment,0.67
7/1/2023,Q2_2324,Enfield,Good job,0.42
7/1/2023,Q2_2324,Enfield,Trust MPS,0.69
7/1/2023,Q2_2324,Greenwich,Dealing issues,0.52
7/1/2023,Q2_2324,Greenwich,Fair treatment,0.6
7/1/2023,Q2_2324,Greenwich,Good job,0.45
7/1/2023,Q2_2324,Greenwich,Trust MPS,0.67
7/1/2023,Q2_2324,Hackney,Dealing issues,0.48
7/1/2023,Q2_2324,Hackney,Fair treatment,0.49
7/1/2023,Q2_2324,Hackney,Good job,0.4
7/1/2023,Q2_2324,Hackney,Trust MPS,0.59
7/1/2023,Q2_2324,Hammersmith and Fulham,Dealing issues,0.57
7/1/2023,Q2_2324,Hammersmith and Fulham,Fair treatment,0.59
7/1/2023,Q2_2324,Hammersmith and Fulham,Good job,0.48
7/1/2023,Q2_2324,Hammersmith and Fulham,Trust MPS,0.7
7/1/2023,Q2_2324,Haringey,Dealing issues,0.51
7/1/2023,Q2_2324,Haringey,Fair treatment,0.52
7/1/2023,Q2_2324,Haringey,Good job,0.41
7/1/2023,Q2_2324,Haringey,Trust MPS,0.59
7/1/2023,Q2_2324,Harrow,Dealing issues,0.76
7/1/2023,Q2_2324,Harrow,Fair treatment,0.81
7/1/2023,Q2_2324,Harrow,Good job,0.62
7/1/2023,Q2_2324,Harrow,Trust MPS,0.82
7/1/2023,Q2_2324,Havering,Dealing issues,0.62
7/1/2023,Q2_2324,Havering,Fair treatment,0.72
7/1/2023,Q2_2324,Havering,Good job,0.53
7/1/2023,Q2_2324,Havering,Trust MPS,0.74
7/1/2023,Q2_2324,Hillingdon,Dealing issues,0.73
7/1/2023,Q2_2324,Hillingdon,Fair treatment,0.79
7/1/2023,Q2_2324,Hillingdon,Good job,0.58
7/1/2023,Q2_2324,Hillingdon,Trust MPS,0.81
7/1/2023,Q2_2324,Hounslow,Dealing issues,0.62
7/1/2023,Q2_2324,Hounslow,Fair treatment,0.69
7/1/2023,Q2_2324,Hounslow,Good job,0.47
7/1/2023,Q2_2324,Hounslow,Trust MPS,0.74
7/1/2023,Q2_2324,Islington,Dealing issues,0.5
7/1/2023,Q2_2324,Islington,Fair treatment,0.51
7/1/2023,Q2_2324,Islington,Good job,0.43
7/1/2023,Q2_2324,Islington,Trust MPS,0.62
7/1/2023,Q2_2324,Kensington and Chelsea,Dealing issues,0.69
7/1/2023,Q2_2324,Kensington and Chelsea,Fair treatment,0.72
7/1/2023,Q2_2324,Kensington and Chelsea,Good job,0.6
7/1/2023,Q2_2324,Kensington and Chelsea,Trust MPS,0.78
7/1/2023,Q2_2324,Kingston upon Thames,Dealing issues,0.58
7/1/2023,Q2_2324,Kingston upon Thames,Fair treatment,0.63
7/1/2023,Q2_2324,Kingston upon Thames,Good job,0.47
7/1/2023,Q2_2324,Kingston upon Thames,Trust MPS,0.72
7/1/2023,Q2_2324,Lambeth,Dealing issues,0.49
7/1/2023,Q2_2324,Lambeth,Fair treatment,0.53
7/1/2023,Q2_2324,Lambeth,Good job,0.45
7/1/2023,Q2_2324,Lambeth,Trust MPS,0.63
7/1/2023,Q2_2324,Lewisham,Dealing issues,0.45
7/1/2023,Q2_2324,Lewisham,Fair treatment,0.51
7/1/2023,Q2_2324,Lewisham,Good job,0.42
7/1/2023,Q2_2324,Lewisham,Trust MPS,0.57
7/1/2023,Q2_2324,MPS,Dealing issues,0.57
7/1/2023,Q2_2324,MPS,Fair treatment,0.63
7/1/2023,Q2_2324,MPS,Good job,0.48
7/1/2023,Q2_2324,MPS,Trust MPS,0.7
7/1/2023,Q2_2324,Merton,Dealing issues,0.59
7/1/2023,Q2_2324,Merton,Fair treatment,0.66
7/1/2023,Q2_2324,Merton,Good job,0.52
7/1/2023,Q2_2324,Merton,Trust MPS,0.75
7/1/2023,Q2_2324,Newham,Dealing issues,0.54
7/1/2023,Q2_2324,Newham,Fair treatment,0.65
7/1/2023,Q2_2324,Newham,Good job,0.46
7/1/2023,Q2_2324,Newham,Trust MPS,0.72
7/1/2023,Q2_2324,Redbridge,Dealing issues,0.51
7/1/2023,Q2_2324,Redbridge,Fair treatment,0.65
7/1/2023,Q2_2324,Redbridge,Good job,0.46
7/1/2023,Q2_2324,Redbridge,Trust MPS,0.65
7/1/2023,Q2_2324,Richmond upon Thames,Dealing issues,0.49
7/1/2023,Q2_2324,Richmond upon Thames,Fair treatment,0.58
7/1/2023,Q2_2324,Richmond upon Thames,Good job,0.49
7/1/2023,Q2_2324,Richmond upon Thames,Trust MPS,0.64
7/1/2023,Q2_2324,Southwark,Dealing issues,0.48
7/1/2023,Q2_2324,Southwark,Fair treatment,0.5
7/1/2023,Q2_2324,Southwark,Good job,0.44
7/1/2023,Q2_2324,Southwark,Trust MPS,0.61
7/1/2023,Q2_2324,Sutton,Dealing issues,0.71
7/1/2023,Q2_2324,Sutton,Fair treatment,0.75
7/1/2023,Q2_2324,Sutton,Good job,0.51
7/1/2023,Q2_2324,Sutton,Trust MPS,0.81
7/1/2023,Q2_2324,Tower Hamlets,Dealing issues,0.56
7/1/2023,Q2_2324,Tower Hamlets,Fair treatment,0.66
7/1/2023,Q2_2324,Tower Hamlets,Good job,0.45
7/1/2023,Q2_2324,Tower Hamlets,Trust MPS,0.74
7/1/2023,Q2_2324,Waltham Forest,Dealing issues,0.42
7/1/2023,Q2_2324,Waltham Forest,Fair treatment,0.53
7/1/2023,Q2_2324,Waltham Forest,Good job,0.37
7/1/2023,Q2_2324,Waltham Forest,Trust MPS,0.57
7/1/2023,Q2_2324,Wandsworth,Dealing issues,0.55
7/1/2023,Q2_2324,Wandsworth,Fair treatment,0.58
7/1/2023,Q2_2324,Wandsworth,Good job,0.49
7/1/2023,Q2_2324,Wandsworth,Trust MPS,0.68
7/1/2023,Q2_2324,Westminster,Dealing issues,0.66
7/1/2023,Q2_2324,Westminster,Fair treatment,0.7
7/1/2023,Q2_2324,Westminster,Good job,0.61
7/1/2023,Q2_2324,Westminster,Trust MPS,0.77
10/1/2023,Q3_2324,Barking and Dagenham,Dealing issues,0.59
10/1/2023,Q3_2324,Barking and Dagenham,Fair treatment,0.63
10/1/2023,Q3_2324,Barking and Dagenham,Good job,0.48
10/1/2023,Q3_2324,Barking and Dagenham,Trust MPS,0.71
10/1/2023,Q3_2324,Barnet,Dealing issues,0.62
10/1/2023,Q3_2324,Barnet,Fair treatment,0.6
10/1/2023,Q3_2324,Barnet,Good job,0.47
10/1/2023,Q3_2324,Barnet,Trust MPS,0.7
10/1/2023,Q3_2324,Bexley,Dealing issues,0.58
10/1/2023,Q3_2324,Bexley,Fair treatment,0.71
10/1/2023,Q3_2324,Bexley,Good job,0.54
10/1/2023,Q3_2324,Bexley,Trust MPS,0.74
10/1/2023,Q3_2324,Brent,Dealing issues,0.63
10/1/2023,Q3_2324,Brent,Fair treatment,0.64
10/1/2023,Q3_2324,Brent,Good job,0.49
10/1/2023,Q3_2324,Brent,Trust MPS,0.75
10/1/2023,Q3_2324,Bromley,Dealing issues,0.52
10/1/2023,Q3_2324,Bromley,Fair treatment,0.6
10/1/2023,Q3_2324,Bromley,Good job,0.51
10/1/2023,Q3_2324,Bromley,Trust MPS,0.68
10/1/2023,Q3_2324,Camden,Dealing issues,0.55
10/1/2023,Q3_2324,Camden,Fair treatment,0.52
10/1/2023,Q3_2324,Camden,Good job,0.48
10/1/2023,Q3_2324,Camden,Trust MPS,0.66
10/1/2023,Q3_2324,Croydon,Dealing issues,0.52
10/1/2023,Q3_2324,Croydon,Fair treatment,0.55
10/1/2023,Q3_2324,Croydon,Good job,0.38
10/1/2023,Q3_2324,Croydon,Trust MPS,0.65
10/1/2023,Q3_2324,Ealing,Dealing issues,0.64
10/1/2023,Q3_2324,Ealing,Fair treatment,0.68
10/1/2023,Q3_2324,Ealing,Good job,0.48
10/1/2023,Q3_2324,Ealing,Trust MPS,0.76
10/1/2023,Q3_2324,Enfield,Dealing issues,0.54
10/1/2023,Q3_2324,Enfield,Fair treatment,0.62
10/1/2023,Q3_2324,Enfield,Good job,0.42
10/1/2023,Q3_2324,Enfield,Trust MPS,0.66
10/1/2023,Q3_2324,Greenwich,Dealing issues,0.56
10/1/2023,Q3_2324,Greenwich,Fair treatment,0.61
10/1/2023,Q3_2324,Greenwich,Good job,0.47
10/1/2023,Q3_2324,Greenwich,Trust MPS,0.68
10/1/2023,Q3_2324,Hackney,Dealing issues,0.49
10/1/2023,Q3_2324,Hackney,Fair treatment,0.5
10/1/2023,Q3_2324,Hackney,Good job,0.41
10/1/2023,Q3_2324,Hackney,Trust MPS,0.59
10/1/2023,Q3_2324,Hammersmith and Fulham,Dealing issues,0.62
10/1/2023,Q3_2324,Hammersmith and Fulham,Fair treatment,0.61
10/1/2023,Q3_2324,Hammersmith and Fulham,Good job,0.51
10/1/2023,Q3_2324,Hammersmith and Fulham,Trust MPS,0.7
10/1/2023,Q3_2324,Haringey,Dealing issues,0.51
10/1/2023,Q3_2324,Haringey,Fair treatment,0.53
10/1/2023,Q3_2324,Haringey,Good job,0.4
10/1/2023,Q3_2324,Haringey,Trust MPS,0.59
10/1/2023,Q3_2324,Harrow,Dealing issues,0.74
10/1/2023,Q3_2324,Harrow,Fair treatment,0.78
10/1/2023,Q3_2324,Harrow,Good job,0.61
10/1/2023,Q3_2324,Harrow,Trust MPS,0.82
10/1/2023,Q3_2324,Havering,Dealing issues,0.58
10/1/2023,Q3_2324,Havering,Fair treatment,0.71
10/1/2023,Q3_2324,Havering,Good job,0.48
10/1/2023,Q3_2324,Havering,Trust MPS,0.73
10/1/2023,Q3_2324,Hillingdon,Dealing issues,0.71
10/1/2023,Q3_2324,Hillingdon,Fair treatment,0.77
10/1/2023,Q3_2324,Hillingdon,Good job,0.57
10/1/2023,Q3_2324,Hillingdon,Trust MPS,0.79
10/1/2023,Q3_2324,Hounslow,Dealing issues,0.6
10/1/2023,Q3_2324,Hounslow,Fair treatment,0.67
10/1/2023,Q3_2324,Hounslow,Good job,0.46
10/1/2023,Q3_2324,Hounslow,Trust MPS,0.74
10/1/2023,Q3_2324,Islington,Dealing issues,0.52
10/1/2023,Q3_2324,Islington,Fair treatment,0.52
10/1/2023,Q3_2324,Islington,Good job,0.42
10/1/2023,Q3_2324,Islington,Trust MPS,0.61
10/1/2023,Q3_2324,Kensington and Chelsea,Dealing issues,0.75
10/1/2023,Q3_2324,Kensington and Chelsea,Fair treatment,0.75
10/1/2023,Q3_2324,Kensington and Chelsea,Good job,0.61
10/1/2023,Q3_2324,Kensington and Chelsea,Trust MPS,0.8
10/1/2023,Q3_2324,Kingston upon Thames,Dealing issues,0.6
10/1/2023,Q3_2324,Kingston upon Thames,Fair treatment,0.62
10/1/2023,Q3_2324,Kingston upon Thames,Good job,0.51
10/1/2023,Q3_2324,Kingston upon Thames,Trust MPS,0.72
10/1/2023,Q3_2324,Lambeth,Dealing issues,0.55
10/1/2023,Q3_2324,Lambeth,Fair treatment,0.55
10/1/2023,Q3_2324,Lambeth,Good job,0.46
10/1/2023,Q3_2324,Lambeth,Trust MPS,0.63
10/1/2023,Q3_2324,Lewisham,Dealing issues,0.46
10/1/2023,Q3_2324,Lewisham,Fair treatment,0.5
10/1/2023,Q3_2324,Lewisham,Good job,0.45
10/1/2023,Q3_2324,Lewisham,Trust MPS,0.56
10/1/2023,Q3_2324,MPS,Dealing issues,0.57
10/1/2023,Q3_2324,MPS,Fair treatment,0.62
10/1/2023,Q3_2324,MPS,Good job,0.47
10/1/2023,Q3_2324,MPS,Trust MPS,0.69
10/1/2023,Q3_2324,Merton,Dealing issues,0.59
10/1/2023,Q3_2324,Merton,Fair treatment,0.65
10/1/2023,Q3_2324,Merton,Good job,0.51
10/1/2023,Q3_2324,Merton,Trust MPS,0.73
10/1/2023,Q3_2324,Newham,Dealing issues,0.53
10/1/2023,Q3_2324,Newham,Fair treatment,0.65
10/1/2023,Q3_2324,Newham,Good job,0.46
10/1/2023,Q3_2324,Newham,Trust MPS,0.71
10/1/2023,Q3_2324,Redbridge,Dealing issues,0.47
10/1/2023,Q3_2324,Redbridge,Fair treatment,0.64
10/1/2023,Q3_2324,Redbridge,Good job,0.44
10/1/2023,Q3_2324,Redbridge,Trust MPS,0.64
10/1/2023,Q3_2324,Richmond upon Thames,Dealing issues,0.55
10/1/2023,Q3_2324,Richmond upon Thames,Fair treatment,0.57
10/1/2023,Q3_2324,Richmond upon Thames,Good job,0.49
10/1/2023,Q3_2324,Richmond upon Thames,Trust MPS,0.66
10/1/2023,Q3_2324,Southwark,Dealing issues,0.49
10/1/2023,Q3_2324,Southwark,Fair treatment,0.5
10/1/2023,Q3_2324,Southwark,Good job,0.42
10/1/2023,Q3_2324,Southwark,Trust MPS,0.63
10/1/2023,Q3_2324,Sutton,Dealing issues,0.66
10/1/2023,Q3_2324,Sutton,Fair treatment,0.72
10/1/2023,Q3_2324,Sutton,Good job,0.52
10/1/2023,Q3_2324,Sutton,Trust MPS,0.76
10/1/2023,Q3_2324,Tower Hamlets,Dealing issues,0.55
10/1/2023,Q3_2324,Tower Hamlets,Fair treatment,0.64
10/1/2023,Q3_2324,Tower Hamlets,Good job,0.42
10/1/2023,Q3_2324,Tower Hamlets,Trust MPS,0.72
10/1/2023,Q3_2324,Waltham Forest,Dealing issues,0.39
10/1/2023,Q3_2324,Waltham Forest,Fair treatment,0.54
10/1/2023,Q3_2324,Waltham Forest,Good job,0.38
10/1/2023,Q3_2324,Waltham Forest,Trust MPS,0.57
10/1/2023,Q3_2324,Wandsworth,Dealing issues,0.56
10/1/2023,Q3_2324,Wandsworth,Fair treatment,0.57
10/1/2023,Q3_2324,Wandsworth,Good job,0.49
10/1/2023,Q3_2324,Wandsworth,Trust MPS,0.69
10/1/2023,Q3_2324,Westminster,Dealing issues,0.67
10/1/2023,Q3_2324,Westminster,Fair treatment,0.71
10/1/2023,Q3_2324,Westminster,Good job,0.6
10/1/2023,Q3_2324,Westminster,Trust MPS,0.78
1/1/2024,Q4_2324,Barking and Dagenham,Dealing issues,0.57
1/1/2024,Q4_2324,Barking and Dagenham,Fair treatment,0.65
1/1/2024,Q4_2324,Barking and Dagenham,Good job,0.48
1/1/2024,Q4_2324,Barking and Dagenham,Trust MPS,0.74
1/1/2024,Q4_2324,Barnet,Dealing issues,0.62
1/1/2024,Q4_2324,Barnet,Fair treatment,0.6
1/1/2024,Q4_2324,Barnet,Good job,0.48
1/1/2024,Q4_2324,Barnet,Trust MPS,0.69
1/1/2024,Q4_2324,Bexley,Dealing issues,0.6
1/1/2024,Q4_2324,Bexley,Fair treatment,0.72
1/1/2024,Q4_2324,Bexley,Good job,0.55
1/1/2024,Q4_2324,Bexley,Trust MPS,0.76
1/1/2024,Q4_2324,Brent,Dealing issues,0.57
1/1/2024,Q4_2324,Brent,Fair treatment,0.57
1/1/2024,Q4_2324,Brent,Good job,0.46
1/1/2024,Q4_2324,Brent,Trust MPS,0.73
1/1/2024,Q4_2324,Bromley,Dealing issues,0.5
1/1/2024,Q4_2324,Bromley,Fair treatment,0.59
1/1/2024,Q4_2324,Bromley,Good job,0.5
1/1/2024,Q4_2324,Bromley,Trust MPS,0.69
1/1/2024,Q4_2324,Camden,Dealing issues,0.56
1/1/2024,Q4_2324,Camden,Fair treatment,0.53
1/1/2024,Q4_2324,Camden,Good job,0.48
1/1/2024,Q4_2324,Camden,Trust MPS,0.67
1/1/2024,Q4_2324,Croydon,Dealing issues,0.53
1/1/2024,Q4_2324,Croydon,Fair treatment,0.57
1/1/2024,Q4_2324,Croydon,Good job,0.41
1/1/2024,Q4_2324,Croydon,Trust MPS,0.7
1/1/2024,Q4_2324,Ealing,Dealing issues,0.6
1/1/2024,Q4_2324,Ealing,Fair treatment,0.62
1/1/2024,Q4_2324,Ealing,Good job,0.47
1/1/2024,Q4_2324,Ealing,Trust MPS,0.73
1/1/2024,Q4_2324,Enfield,Dealing issues,0.58
1/1/2024,Q4_2324,Enfield,Fair treatment,0.63
1/1/2024,Q4_2324,Enfield,Good job,0.45
1/1/2024,Q4_2324,Enfield,Trust MPS,0.67
1/1/2024,Q4_2324,Greenwich,Dealing issues,0.54
1/1/2024,Q4_2324,Greenwich,Fair treatment,0.59
1/1/2024,Q4_2324,Greenwich,Good job,0.46
1/1/2024,Q4_2324,Greenwich,Trust MPS,0.65
1/1/2024,Q4_2324,Hackney,Dealing issues,0.47
1/1/2024,Q4_2324,Hackney,Fair treatment,0.47
1/1/2024,Q4_2324,Hackney,Good job,0.41
1/1/2024,Q4_2324,Hackney,Trust MPS,0.59
1/1/2024,Q4_2324,Hammersmith and Fulham,Dealing issues,0.64
1/1/2024,Q4_2324,Hammersmith and Fulham,Fair treatment,0.63
1/1/2024,Q4_2324,Hammersmith and Fulham,Good job,0.54
1/1/2024,Q4_2324,Hammersmith and Fulham,Trust MPS,0.73
1/1/2024,Q4_2324,Haringey,Dealing issues,0.49
1/1/2024,Q4_2324,Haringey,Fair treatment,0.52
1/1/2024,Q4_2324,Haringey,Good job,0.41
1/1/2024,Q4_2324,Haringey,Trust MPS,0.57
1/1/2024,Q4_2324,Harrow,Dealing issues,0.69
1/1/2024,Q4_2324,Harrow,Fair treatment,0.72
1/1/2024,Q4_2324,Harrow,Good job,0.56
1/1/2024,Q4_2324,Harrow,Trust MPS,0.78
1/1/2024,Q4_2324,Havering,Dealing issues,0.58
1/1/2024,Q4_2324,Havering,Fair treatment,0.72
1/1/2024,Q4_2324,Havering,Good job,0.48
1/1/2024,Q4_2324,Havering,Trust MPS,0.74
1/1/2024,Q4_2324,Hillingdon,Dealing issues,0.68
1/1/2024,Q4_2324,Hillingdon,Fair treatment,0.73
1/1/2024,Q4_2324,Hillingdon,Good job,0.53
1/1/2024,Q4_2324,Hillingdon,Trust MPS,0.78
1/1/2024,Q4_2324,Hounslow,Dealing issues,0.59
1/1/2024,Q4_2324,Hounslow,Fair treatment,0.6
1/1/2024,Q4_2324,Hounslow,Good job,0.44
1/1/2024,Q4_2324,Hounslow,Trust MPS,0.75
1/1/2024,Q4_2324,Islington,Dealing issues,0.53
1/1/2024,Q4_2324,Islington,Fair treatment,0.53
1/1/2024,Q4_2324,Islington,Good job,0.41
1/1/2024,Q4_2324,Islington,Trust MPS,0.62
1/1/2024,Q4_2324,Kensington and Chelsea,Dealing issues,0.72
1/1/2024,Q4_2324,Kensington and Chelsea,Fair treatment,0.73
1/1/2024,Q4_2324,Kensington and Chelsea,Good job,0.59
1/1/2024,Q4_2324,Kensington and Chelsea,Trust MPS,0.8
1/1/2024,Q4_2324,Kingston upon Thames,Dealing issues,0.59
1/1/2024,Q4_2324,Kingston upon Thames,Fair treatment,0.62
1/1/2024,Q4_2324,Kingston upon Thames,Good job,0.54
1/1/2024,Q4_2324,Kingston upon Thames,Trust MPS,0.71
1/1/2024,Q4_2324,Lambeth,Dealing issues,0.56
1/1/2024,Q4_2324,Lambeth,Fair treatment,0.55
1/1/2024,Q4_2324,Lambeth,Good job,0.45
1/1/2024,Q4_2324,Lambeth,Trust MPS,0.64
1/1/2024,Q4_2324,Lewisham,Dealing issues,0.47
1/1/2024,Q4_2324,Lewisham,Fair treatment,0.53
1/1/2024,Q4_2324,Lewisham,Good job,0.46
1/1/2024,Q4_2324,Lewisham,Trust MPS,0.59
1/1/2024,Q4_2324,MPS,Dealing issues,0.57
1/1/2024,Q4_2324,MPS,Fair treatment,0.61
1/1/2024,Q4_2324,MPS,Good job,0.48
1/1/2024,Q4_2324,MPS,Trust MPS,0.7
1/1/2024,Q4_2324,Merton,Dealing issues,0.58
1/1/2024,Q4_2324,Merton,Fair treatment,0.63
1/1/2024,Q4_2324,Merton,Good job,0.53
1/1/2024,Q4_2324,Merton,Trust MPS,0.75
1/1/2024,Q4_2324,Newham,Dealing issues,0.56
1/1/2024,Q4_2324,Newham,Fair treatment,0.66
1/1/2024,Q4_2324,Newham,Good job,0.45
1/1/2024,Q4_2324,Newham,Trust MPS,0.73
1/1/2024,Q4_2324,Redbridge,Dealing issues,0.46
1/1/2024,Q4_2324,Redbridge,Fair treatment,0.67
1/1/2024,Q4_2324,Redbridge,Good job,0.44
1/1/2024,Q4_2324,Redbridge,Trust MPS,0.67
1/1/2024,Q4_2324,Richmond upon Thames,Dealing issues,0.55
1/1/2024,Q4_2324,Richmond upon Thames,Fair treatment,0.59
1/1/2024,Q4_2324,Richmond upon Thames,Good job,0.5
1/1/2024,Q4_2324,Richmond upon Thames,Trust MPS,0.69
1/1/2024,Q4_2324,Southwark,Dealing issues,0.54
1/1/2024,Q4_2324,Southwark,Fair treatment,0.53
1/1/2024,Q4_2324,Southwark,Good job,0.42
1/1/2024,Q4_2324,Southwark,Trust MPS,0.65
1/1/2024,Q4_2324,Sutton,Dealing issues,0.63
1/1/2024,Q4_2324,Sutton,Fair treatment,0.69
1/1/2024,Q4_2324,Sutton,Good job,0.51
1/1/2024,Q4_2324,Sutton,Trust MPS,0.77
1/1/2024,Q4_2324,Tower Hamlets,Dealing issues,0.54
1/1/2024,Q4_2324,Tower Hamlets,Fair treatment,0.65
1/1/2024,Q4_2324,Tower Hamlets,Good job,0.44
1/1/2024,Q4_2324,Tower Hamlets,Trust MPS,0.72
1/1/2024,Q4_2324,Waltham Forest,Dealing issues,0.39
1/1/2024,Q4_2324,Waltham Forest,Fair treatment,0.53
1/1/2024,Q4_2324,Waltham Forest,Good job,0.36
1/1/2024,Q4_2324,Waltham Forest,Trust MPS,0.57
1/1/2024,Q4_2324,Wandsworth,Dealing issues,0.59
1/1/2024,Q4_2324,Wandsworth,Fair treatment,0.59
1/1/2024,Q4_2324,Wandsworth,Good job,0.48
1/1/2024,Q4_2324,Wandsworth,Trust MPS,0.7
1/1/2024,Q4_2324,Westminster,Dealing issues,0.66
1/1/2024,Q4_2324,Westminster,Fair treatment,0.7
1/1/2024,Q4_2324,Westminster,Good job,0.6
1/1/2024,Q4_2324,Westminster,Trust MPS,0.79
4/1/2024,Q1_2425,Barking and Dagenham,Dealing issues,0.57
4/1/2024,Q1_2425,Barking and Dagenham,Fair treatment,0.64
4/1/2024,Q1_2425,Barking and Dagenham,Good job,0.43
4/1/2024,Q1_2425,Barking and Dagenham,Trust MPS,0.74
4/1/2024,Q1_2425,Barnet,Dealing issues,0.6
4/1/2024,Q1_2425,Barnet,Fair treatment,0.59
4/1/2024,Q1_2425,Barnet,Good job,0.47
4/1/2024,Q1_2425,Barnet,Trust MPS,0.7
4/1/2024,Q1_2425,Bexley,Dealing issues,0.6
4/1/2024,Q1_2425,Bexley,Fair treatment,0.72
4/1/2024,Q1_2425,Bexley,Good job,0.54
4/1/2024,Q1_2425,Bexley,Trust MPS,0.76
4/1/2024,Q1_2425,Brent,Dealing issues,0.62
4/1/2024,Q1_2425,Brent,Fair treatment,0.63
4/1/2024,Q1_2425,Brent,Good job,0.48
4/1/2024,Q1_2425,Brent,Trust MPS,0.74
4/1/2024,Q1_2425,Bromley,Dealing issues,0.5
4/1/2024,Q1_2425,Bromley,Fair treatment,0.58
4/1/2024,Q1_2425,Bromley,Good job,0.48
4/1/2024,Q1_2425,Bromley,Trust MPS,0.73
4/1/2024,Q1_2425,Camden,Dealing issues,0.56
4/1/2024,Q1_2425,Camden,Fair treatment,0.55
4/1/2024,Q1_2425,Camden,Good job,0.46
4/1/2024,Q1_2425,Camden,Trust MPS,0.65
4/1/2024,Q1_2425,Croydon,Dealing issues,0.51
4/1/2024,Q1_2425,Croydon,Fair treatment,0.56
4/1/2024,Q1_2425,Croydon,Good job,0.42
4/1/2024,Q1_2425,Croydon,Trust MPS,0.69
4/1/2024,Q1_2425,Ealing,Dealing issues,0.57
4/1/2024,Q1_2425,Ealing,Fair treatment,0.58
4/1/2024,Q1_2425,Ealing,Good job,0.44
4/1/2024,Q1_2425,Ealing,Trust MPS,0.71
4/1/2024,Q1_2425,Enfield,Dealing issues,0.58
4/1/2024,Q1_2425,Enfield,Fair treatment,0.59
4/1/2024,Q1_2425,Enfield,Good job,0.45
4/1/2024,Q1_2425,Enfield,Trust MPS,0.67
4/1/2024,Q1_2425,Greenwich,Dealing issues,0.56
4/1/2024,Q1_2425,Greenwich,Fair treatment,0.61
4/1/2024,Q1_2425,Greenwich,Good job,0.5
4/1/2024,Q1_2425,Greenwich,Trust MPS,0.69
4/1/2024,Q1_2425,Hackney,Dealing issues,0.51
4/1/2024,Q1_2425,Hackney,Fair treatment,0.52
4/1/2024,Q1_2425,Hackney,Good job,0.41
4/1/2024,Q1_2425,Hackney,Trust MPS,0.65
4/1/2024,Q1_2425,Hammersmith and Fulham,Dealing issues,0.65
4/1/2024,Q1_2425,Hammersmith and Fulham,Fair treatment,0.64
4/1/2024,Q1_2425,Hammersmith and Fulham,Good job,0.51
4/1/2024,Q1_2425,Hammersmith and Fulham,Trust MPS,0.74
4/1/2024,Q1_2425,Haringey,Dealing issues,0.51
4/1/2024,Q1_2425,Haringey,Fair treatment,0.51
4/1/2024,Q1_2425,Haringey,Good job,0.41
4/1/2024,Q1_2425,Haringey,Trust MPS,0.58
4/1/2024,Q1_2425,Harrow,Dealing issues,0.67
4/1/2024,Q1_2425,Harrow,Fair treatment,0.69
4/1/2024,Q1_2425,Harrow,Good job,0.55
4/1/2024,Q1_2425,Harrow,Trust MPS,0.78
4/1/2024,Q1_2425,Havering,Dealing issues,0.55
4/1/2024,Q1_2425,Havering,Fair treatment,0.72
4/1/2024,Q1_2425,Havering,Good job,0.46
4/1/2024,Q1_2425,Havering,Trust MPS,0.74
4/1/2024,Q1_2425,Hillingdon,Dealing issues,0.66
4/1/2024,Q1_2425,Hillingdon,Fair treatment,0.71
4/1/2024,Q1_2425,Hillingdon,Good job,0.54
4/1/2024,Q1_2425,Hillingdon,Trust MPS,0.78
4/1/2024,Q1_2425,Hounslow,Dealing issues,0.6
4/1/2024,Q1_2425,Hounslow,Fair treatment,0.61
4/1/2024,Q1_2425,Hounslow,Good job,0.46
4/1/2024,Q1_2425,Hounslow,Trust MPS,0.76
4/1/2024,Q1_2425,Islington,Dealing issues,0.5
4/1/2024,Q1_2425,Islington,Fair treatment,0.55
4/1/2024,Q1_2425,Islington,Good job,0.43
4/1/2024,Q1_2425,Islington,Trust MPS,0.63
4/1/2024,Q1_2425,Kensington and Chelsea,Dealing issues,0.74
4/1/2024,Q1_2425,Kensington and Chelsea,Fair treatment,0.72
4/1/2024,Q1_2425,Kensington and Chelsea,Good job,0.57
4/1/2024,Q1_2425,Kensington and Chelsea,Trust MPS,0.8
4/1/2024,Q1_2425,Kingston upon Thames,Dealing issues,0.57
4/1/2024,Q1_2425,Kingston upon Thames,Fair treatment,0.65
4/1/2024,Q1_2425,Kingston upon Thames,Good job,0.57
4/1/2024,Q1_2425,Kingston upon Thames,Trust MPS,0.73
4/1/2024,Q1_2425,Lambeth,Dealing issues,0.56
4/1/2024,Q1_2425,Lambeth,Fair treatment,0.55
4/1/2024,Q1_2425,Lambeth,Good job,0.44
4/1/2024,Q1_2425,Lambeth,Trust MPS,0.64
4/1/2024,Q1_2425,Lewisham,Dealing issues,0.47
4/1/2024,Q1_2425,Lewisham,Fair treatment,0.56
4/1/2024,Q1_2425,Lewisham,Good job,0.46
4/1/2024,Q1_2425,Lewisham,Trust MPS,0.63
4/1/2024,Q1_2425,MPS,Dealing issues,0.56
4/1/2024,Q1_2425,MPS,Fair treatment,0.62
4/1/2024,Q1_2425,MPS,Good job,0.47
4/1/2024,Q1_2425,MPS,Trust MPS,0.71
4/1/2024,Q1_2425,Merton,Dealing issues,0.58
4/1/2024,Q1_2425,Merton,Fair treatment,0.63
4/1/2024,Q1_2425,Merton,Good job,0.54
4/1/2024,Q1_2425,Merton,Trust MPS,0.76
4/1/2024,Q1_2425,Newham,Dealing issues,0.58
4/1/2024,Q1_2425,Newham,Fair treatment,0.67
4/1/2024,Q1_2425,Newham,Good job,0.46
4/1/2024,Q1_2425,Newham,Trust MPS,0.79
4/1/2024,Q1_2425,Redbridge,Dealing issues,0.45
4/1/2024,Q1_2425,Redbridge,Fair treatment,0.68
4/1/2024,Q1_2425,Redbridge,Good job,0.45
4/1/2024,Q1_2425,Redbridge,Trust MPS,0.72
4/1/2024,Q1_2425,Richmond upon Thames,Dealing issues,0.54
4/1/2024,Q1_2425,Richmond upon Thames,Fair treatment,0.59
4/1/2024,Q1_2425,Richmond upon Thames,Good job,0.49
4/1/2024,Q1_2425,Richmond upon Thames,Trust MPS,0.7
4/1/2024,Q1_2425,Southwark,Dealing issues,0.56
4/1/2024,Q1_2425,Southwark,Fair treatment,0.56
4/1/2024,Q1_2425,Southwark,Good job,0.4
4/1/2024,Q1_2425,Southwark,Trust MPS,0.65
4/1/2024,Q1_2425,Sutton,Dealing issues,0.62
4/1/2024,Q1_2425,Sutton,Fair treatment,0.66
4/1/2024,Q1_2425,Sutton,Good job,0.52
4/1/2024,Q1_2425,Sutton,Trust MPS,0.76
4/1/2024,Q1_2425,Tower Hamlets,Dealing issues,0.55
4/1/2024,Q1_2425,Tower Hamlets,Fair treatment,0.69
4/1/2024,Q1_2425,Tower Hamlets,Good job,0.45
4/1/2024,Q1_2425,Tower Hamlets,Trust MPS,0.74
4/1/2024,Q1_2425,Waltham Forest,Dealing issues,0.43
4/1/2024,Q1_2425,Waltham Forest,Fair treatment,0.54
4/1/2024,Q1_2425,Waltham Forest,Good job,0.37
4/1/2024,Q1_2425,Waltham Forest,Trust MPS,0.61
4/1/2024,Q1_2425,Wandsworth,Dealing issues,0.6
4/1/2024,Q1_2425,Wandsworth,Fair treatment,0.62
4/1/2024,Q1_2425,Wandsworth,Good job,0.51
4/1/2024,Q1_2425,Wandsworth,Trust MPS,0.73
4/1/2024,Q1_2425,Westminster,Dealing issues,0.67
4/1/2024,Q1_2425,Westminster,Fair treatment,0.71
4/1/2024,Q1_2425,Westminster,Good job,0.59
4/1/2024,Q1_2425,Westminster,Trust MPS,0.82
7/1/2024,Q2_2425,Barking and Dagenham,Dealing issues,0.57
7/1/2024,Q2_2425,Barking and Dagenham,Fair treatment,0.67
7/1/2024,Q2_2425,Barking and Dagenham,Good job,0.42
7/1/2024,Q2_2425,Barking and Dagenham,Trust MPS,0.75
7/1/2024,Q2_2425,Barnet,Dealing issues,0.54
7/1/2024,Q2_2425,Barnet,Fair treatment,0.57
7/1/2024,Q2_2425,Barnet,Good job,0.44
7/1/2024,Q2_2425,Barnet,Trust MPS,0.69
7/1/2024,Q2_2425,Bexley,Dealing issues,0.59
7/1/2024,Q2_2425,Bexley,Fair treatment,0.74
7/1/2024,Q2_2425,Bexley,Good job,0.52
7/1/2024,Q2_2425,Bexley,Trust MPS,0.74
7/1/2024,Q2_2425,Brent,Dealing issues,0.62
7/1/2024,Q2_2425,Brent,Fair treatment,0.63
7/1/2024,Q2_2425,Brent,Good job,0.45
7/1/2024,Q2_2425,Brent,Trust MPS,0.75
7/1/2024,Q2_2425,Bromley,Dealing issues,0.5
7/1/2024,Q2_2425,Bromley,Fair treatment,0.59
7/1/2024,Q2_2425,Bromley,Good job,0.47
7/1/2024,Q2_2425,Bromley,Trust MPS,0.72
7/1/2024,Q2_2425,Camden,Dealing issues,0.52
7/1/2024,Q2_2425,Camden,Fair treatment,0.54
7/1/2024,Q2_2425,Camden,Good job,0.41
7/1/2024,Q2_2425,Camden,Trust MPS,0.65
7/1/2024,Q2_2425,Croydon,Dealing issues,0.47
7/1/2024,Q2_2425,Croydon,Fair treatment,0.57
7/1/2024,Q2_2425,Croydon,Good job,0.42
7/1/2024,Q2_2425,Croydon,Trust MPS,0.68
7/1/2024,Q2_2425,Ealing,Dealing issues,0.56
7/1/2024,Q2_2425,Ealing,Fair treatment,0.58
7/1/2024,Q2_2425,Ealing,Good job,0.39
7/1/2024,Q2_2425,Ealing,Trust MPS,0.7
7/1/2024,Q2_2425,Enfield,Dealing issues,0.57
7/1/2024,Q2_2425,Enfield,Fair treatment,0.59
7/1/2024,Q2_2425,Enfield,Good job,0.49
7/1/2024,Q2_2425,Enfield,Trust MPS,0.71
7/1/2024,Q2_2425,Greenwich,Dealing issues,0.57
7/1/2024,Q2_2425,Greenwich,Fair treatment,0.62
7/1/2024,Q2_2425,Greenwich,Good job,0.5
7/1/2024,Q2_2425,Greenwich,Trust MPS,0.7
7/1/2024,Q2_2425,Hackney,Dealing issues,0.48
7/1/2024,Q2_2425,Hackney,Fair treatment,0.52
7/1/2024,Q2_2425,Hackney,Good job,0.37
7/1/2024,Q2_2425,Hackney,Trust MPS,0.65
7/1/2024,Q2_2425,Hammersmith and Fulham,Dealing issues,0.63
7/1/2024,Q2_2425,Hammersmith and Fulham,Fair treatment,0.64
7/1/2024,Q2_2425,Hammersmith and Fulham,Good job,0.52
7/1/2024,Q2_2425,Hammersmith and Fulham,Trust MPS,0.73
7/1/2024,Q2_2425,Haringey,Dealing issues,0.52
7/1/2024,Q2_2425,Haringey,Fair treatment,0.54
7/1/2024,Q2_2425,Haringey,Good job,0.43
7/1/2024,Q2_2425,Haringey,Trust MPS,0.64
7/1/2024,Q2_2425,Harrow,Dealing issues,0.67
7/1/2024,Q2_2425,Harrow,Fair treatment,0.69
7/1/2024,Q2_2425,Harrow,Good job,0.52
7/1/2024,Q2_2425,Harrow,Trust MPS,0.79
7/1/2024,Q2_2425,Havering,Dealing issues,0.56
7/1/2024,Q2_2425,Havering,Fair treatment,0.71
7/1/2024,Q2_2425,Havering,Good job,0.42
7/1/2024,Q2_2425,Havering,Trust MPS,0.77
7/1/2024,Q2_2425,Hillingdon,Dealing issues,0.66
7/1/2024,Q2_2425,Hillingdon,Fair treatment,0.71
7/1/2024,Q2_2425,Hillingdon,Good job,0.56
7/1/2024,Q2_2425,Hillingdon,Trust MPS,0.78
7/1/2024,Q2_2425,Hounslow,Dealing issues,0.57
7/1/2024,Q2_2425,Hounslow,Fair treatment,0.61
7/1/2024,Q2_2425,Hounslow,Good job,0.48
7/1/2024,Q2_2425,Hounslow,Trust MPS,0.77
7/1/2024,Q2_2425,Islington,Dealing issues,0.49
7/1/2024,Q2_2425,Islington,Fair treatment,0.54
7/1/2024,Q2_2425,Islington,Good job,0.42
7/1/2024,Q2_2425,Islington,Trust MPS,0.65
7/1/2024,Q2_2425,Kensington and Chelsea,Dealing issues,0.71
7/1/2024,Q2_2425,Kensington and Chelsea,Fair treatment,0.72
7/1/2024,Q2_2425,Kensington and Chelsea,Good job,0.54
7/1/2024,Q2_2425,Kensington and Chelsea,Trust MPS,0.79
7/1/2024,Q2_2425,Kingston upon Thames,Dealing issues,0.55
7/1/2024,Q2_2425,Kingston upon Thames,Fair treatment,0.63
7/1/2024,Q2_2425,Kingston upon Thames,Good job,0.55
7/1/2024,Q2_2425,Kingston upon Thames,Trust MPS,0.75
7/1/2024,Q2_2425,Lambeth,Dealing issues,0.56
7/1/2024,Q2_2425,Lambeth,Fair treatment,0.57
7/1/2024,Q2_2425,Lambeth,Good job,0.44
7/1/2024,Q2_2425,Lambeth,Trust MPS,0.68
7/1/2024,Q2_2425,Lewisham,Dealing issues,0.48
7/1/2024,Q2_2425,Lewisham,Fair treatment,0.55
7/1/2024,Q2_2425,Lewisham,Good job,0.41
7/1/2024,Q2_2425,Lewisham,Trust MPS,0.62
7/1/2024,Q2_2425,MPS,Dealing issues,0.55
7/1/2024,Q2_2425,MPS,Fair treatment,0.62
7/1/2024,Q2_2425,MPS,Good job,0.46
7/1/2024,Q2_2425,MPS,Trust MPS,0.72
7/1/2024,Q2_2425,Merton,Dealing issues,0.58
7/1/2024,Q2_2425,Merton,Fair treatment,0.65
7/1/2024,Q2_2425,Merton,Good job,0.57
7/1/2024,Q2_2425,Merton,Trust MPS,0.78
7/1/2024,Q2_2425,Newham,Dealing issues,0.56
7/1/2024,Q2_2425,Newham,Fair treatment,0.65
7/1/2024,Q2_2425,Newham,Good job,0.45
7/1/2024,Q2_2425,Newham,Trust MPS,0.78
7/1/2024,Q2_2425,Redbridge,Dealing issues,0.49
7/1/2024,Q2_2425,Redbridge,Fair treatment,0.71
7/1/2024,Q2_2425,Redbridge,Good job,0.43
7/1/2024,Q2_2425,Redbridge,Trust MPS,0.74
7/1/2024,Q2_2425,Richmond upon Thames,Dealing issues,0.55
7/1/2024,Q2_2425,Richmond upon Thames,Fair treatment,0.63
7/1/2024,Q2_2425,Richmond upon Thames,Good job,0.52
7/1/2024,Q2_2425,Richmond upon Thames,Trust MPS,0.77
7/1/2024,Q2_2425,Southwark,Dealing issues,0.55
7/1/2024,Q2_2425,Southwark,Fair treatment,0.58
7/1/2024,Q2_2425,Southwark,Good job,0.41
7/1/2024,Q2_2425,Southwark,Trust MPS,0.66
7/1/2024,Q2_2425,Sutton,Dealing issues,0.57
7/1/2024,Q2_2425,Sutton,Fair treatment,0.67
7/1/2024,Q2_2425,Sutton,Good job,0.48
7/1/2024,Q2_2425,Sutton,Trust MPS,0.73
7/1/2024,Q2_2425,Tower Hamlets,Dealing issues,0.49
7/1/2024,Q2_2425,Tower Hamlets,Fair treatment,0.67
7/1/2024,Q2_2425,Tower Hamlets,Good job,0.4
7/1/2024,Q2_2425,Tower Hamlets,Trust MPS,0.7
7/1/2024,Q2_2425,Waltham Forest,Dealing issues,0.43
7/1/2024,Q2_2425,Waltham Forest,Fair treatment,0.52
7/1/2024,Q2_2425,Waltham Forest,Good job,0.38
7/1/2024,Q2_2425,Waltham Forest,Trust MPS,0.64
7/1/2024,Q2_2425,Wandsworth,Dealing issues,0.57
7/1/2024,Q2_2425,Wandsworth,Fair treatment,0.63
7/1/2024,Q2_2425,Wandsworth,Good job,0.49
7/1/2024,Q2_2425,Wandsworth,Trust MPS,0.75
7/1/2024,Q2_2425,Westminster,Dealing issues,0.65
7/1/2024,Q2_2425,Westminster,Fair treatment,0.67
7/1/2024,Q2_2425,Westminster,Good job,0.56
7/1/2024,Q2_2425,Westminster,Trust MPS,0.81
10/1/2024,Q3_2425,Barking and Dagenham,Dealing issues,0.54
10/1/2024,Q3_2425,Barking and Dagenham,Fair treatment,0.68
10/1/2024,Q3_2425,Barking and Dagenham,Good job,0.43
10/1/2024,Q3_2425,Barking and Dagenham,Trust MPS,0.75
10/1/2024,Q3_2425,Barnet,Dealing issues,0.54
10/1/2024,Q3_2425,Barnet,Fair treatment,0.66
10/1/2024,Q3_2425,Barnet,Good job,0.46
10/1/2024,Q3_2425,Barnet,Trust MPS,0.7
10/1/2024,Q3_2425,Bexley,Dealing issues,0.6
10/1/2024,Q3_2425,Bexley,Fair treatment,0.75
10/1/2024,Q3_2425,Bexley,Good job,0.5
10/1/2024,Q3_2425,Bexley,Trust MPS,0.75
10/1/2024,Q3_2425,Brent,Dealing issues,0.6
10/1/2024,Q3_2425,Brent,Fair treatment,0.63
10/1/2024,Q3_2425,Brent,Good job,0.43
10/1/2024,Q3_2425,Brent,Trust MPS,0.75
10/1/2024,Q3_2425,Bromley,Dealing issues,0.47
10/1/2024,Q3_2425,Bromley,Fair treatment,0.58
10/1/2024,Q3_2425,Bromley,Good job,0.46
10/1/2024,Q3_2425,Bromley,Trust MPS,0.71
10/1/2024,Q3_2425,Camden,Dealing issues,0.48
10/1/2024,Q3_2425,Camden,Fair treatment,0.54
10/1/2024,Q3_2425,Camden,Good job,0.39
10/1/2024,Q3_2425,Camden,Trust MPS,0.64
10/1/2024,Q3_2425,Croydon,Dealing issues,0.47
10/1/2024,Q3_2425,Croydon,Fair treatment,0.59
10/1/2024,Q3_2425,Croydon,Good job,0.44
10/1/2024,Q3_2425,Croydon,Trust MPS,0.69
10/1/2024,Q3_2425,Ealing,Dealing issues,0.52
10/1/2024,Q3_2425,Ealing,Fair treatment,0.57
10/1/2024,Q3_2425,Ealing,Good job,0.36
10/1/2024,Q3_2425,Ealing,Trust MPS,0.72
10/1/2024,Q3_2425,Enfield,Dealing issues,0.63
10/1/2024,Q3_2425,Enfield,Fair treatment,0.63
10/1/2024,Q3_2425,Enfield,Good job,0.51
10/1/2024,Q3_2425,Enfield,Trust MPS,0.76
10/1/2024,Q3_2425,Greenwich,Dealing issues,0.56
10/1/2024,Q3_2425,Greenwich,Fair treatment,0.65
10/1/2024,Q3_2425,Greenwich,Good job,0.48
10/1/2024,Q3_2425,Greenwich,Trust MPS,0.73
10/1/2024,Q3_2425,Hackney,Dealing issues,0.48
10/1/2024,Q3_2425,Hackney,Fair treatment,0.55
10/1/2024,Q3_2425,Hackney,Good job,0.4
10/1/2024,Q3_2425,Hackney,Trust MPS,0.68
10/1/2024,Q3_2425,Hammersmith and Fulham,Dealing issues,0.58
10/1/2024,Q3_2425,Hammersmith and Fulham,Fair treatment,0.64
10/1/2024,Q3_2425,Hammersmith and Fulham,Good job,0.51
10/1/2024,Q3_2425,Hammersmith and Fulham,Trust MPS,0.74
10/1/2024,Q3_2425,Haringey,Dealing issues,0.54
10/1/2024,Q3_2425,Haringey,Fair treatment,0.57
10/1/2024,Q3_2425,Haringey,Good job,0.46
10/1/2024,Q3_2425,Haringey,Trust MPS,0.68
10/1/2024,Q3_2425,Harrow,Dealing issues,0.64
10/1/2024,Q3_2425,Harrow,Fair treatment,0.68
10/1/2024,Q3_2425,Harrow,Good job,0.49
10/1/2024,Q3_2425,Harrow,Trust MPS,0.77
10/1/2024,Q3_2425,Havering,Dealing issues,0.59
10/1/2024,Q3_2425,Havering,Fair treatment,0.72
10/1/2024,Q3_2425,Havering,Good job,0.44
10/1/2024,Q3_2425,Havering,Trust MPS,0.79
10/1/2024,Q3_2425,Hillingdon,Dealing issues,0.66
10/1/2024,Q3_2425,Hillingdon,Fair treatment,0.72
10/1/2024,Q3_2425,Hillingdon,Good job,0.56
10/1/2024,Q3_2425,Hillingdon,Trust MPS,0.78
10/1/2024,Q3_2425,Hounslow,Dealing issues,0.57
10/1/2024,Q3_2425,Hounslow,Fair treatment,0.62
10/1/2024,Q3_2425,Hounslow,Good job,0.48
10/1/2024,Q3_2425,Hounslow,Trust MPS,0.74
10/1/2024,Q3_2425,Islington,Dealing issues,0.45
10/1/2024,Q3_2425,Islington,Fair treatment,0.54
10/1/2024,Q3_2425,Islington,Good job,0.4
10/1/2024,Q3_2425,Islington,Trust MPS,0.65
10/1/2024,Q3_2425,Kensington and Chelsea,Dealing issues,0.67
10/1/2024,Q3_2425,Kensington and Chelsea,Fair treatment,0.68
10/1/2024,Q3_2425,Kensington and Chelsea,Good job,0.51
10/1/2024,Q3_2425,Kensington and Chelsea,Trust MPS,0.78
10/1/2024,Q3_2425,Kingston upon Thames,Dealing issues,0.53
10/1/2024,Q3_2425,Kingston upon Thames,Fair treatment,0.66
10/1/2024,Q3_2425,Kingston upon Thames,Good job,0.54
10/1/2024,Q3_2425,Kingston upon Thames,Trust MPS,0.77
10/1/2024,Q3_2425,Lambeth,Dealing issues,0.51
10/1/2024,Q3_2425,Lambeth,Fair treatment,0.56
10/1/2024,Q3_2425,Lambeth,Good job,0.43
10/1/2024,Q3_2425,Lambeth,Trust MPS,0.69
10/1/2024,Q3_2425,Lewisham,Dealing issues,0.44
10/1/2024,Q3_2425,Lewisham,Fair treatment,0.52
10/1/2024,Q3_2425,Lewisham,Good job,0.38
10/1/2024,Q3_2425,Lewisham,Trust MPS,0.62
10/1/2024,Q3_2425,MPS,Dealing issues,0.54
10/1/2024,Q3_2425,MPS,Fair treatment,0.63
10/1/2024,Q3_2425,MPS,Good job,0.46
10/1/2024,Q3_2425,MPS,Trust MPS,0.73
10/1/2024,Q3_2425,Merton,Dealing issues,0.58
10/1/2024,Q3_2425,Merton,Fair treatment,0.65
10/1/2024,Q3_2425,Merton,Good job,0.58
10/1/2024,Q3_2425,Merton,Trust MPS,0.81
10/1/2024,Q3_2425,Newham,Dealing issues,0.53
10/1/2024,Q3_2425,Newham,Fair treatment,0.68
10/1/2024,Q3_2425,Newham,Good job,0.43
10/1/2024,Q3_2425,Newham,Trust MPS,0.76
10/1/2024,Q3_2425,Redbridge,Dealing issues,0.51
10/1/2024,Q3_2425,Redbridge,Fair treatment,0.74
10/1/2024,Q3_2425,Redbridge,Good job,0.45
10/1/2024,Q3_2425,Redbridge,Trust MPS,0.77
10/1/2024,Q3_2425,Richmond upon Thames,Dealing issues,0.5
10/1/2024,Q3_2425,Richmond upon Thames,Fair treatment,0.6
10/1/2024,Q3_2425,Richmond upon Thames,Good job,0.5
10/1/2024,Q3_2425,Richmond upon Thames,Trust MPS,0.76
10/1/2024,Q3_2425,Southwark,Dealing issues,0.53
10/1/2024,Q3_2425,Southwark,Fair treatment,0.58
10/1/2024,Q3_2425,Southwark,Good job,0.41
10/1/2024,Q3_2425,Southwark,Trust MPS,0.65
10/1/2024,Q3_2425,Sutton,Dealing issues,0.56
10/1/2024,Q3_2425,Sutton,Fair treatment,0.68
10/1/2024,Q3_2425,Sutton,Good job,0.47
10/1/2024,Q3_2425,Sutton,Trust MPS,0.74
10/1/2024,Q3_2425,Tower Hamlets,Dealing issues,0.5
10/1/2024,Q3_2425,Tower Hamlets,Fair treatment,0.69
10/1/2024,Q3_2425,Tower Hamlets,Good job,0.42
10/1/2024,Q3_2425,Tower Hamlets,Trust MPS,0.73
10/1/2024,Q3_2425,Waltham Forest,Dealing issues,0.44
10/1/2024,Q3_2425,Waltham Forest,Fair treatment,0.57
10/1/2024,Q3_2425,Waltham Forest,Good job,0.39
10/1/2024,Q3_2425,Waltham Forest,Trust MPS,0.67
10/1/2024,Q3_2425,Wandsworth,Dealing issues,0.54
10/1/2024,Q3_2425,Wandsworth,Fair treatment,0.64
10/1/2024,Q3_2425,Wandsworth,Good job,0.5
10/1/2024,Q3_2425,Wandsworth,Trust MPS,0.78
10/1/2024,Q3_2425,Westminster,Dealing issues,0.62
10/1/2024,Q3_2425,Westminster,Fair treatment,0.68
10/1/2024,Q3_2425,Westminster,Good job,0.54
10/1/2024,Q3_2425,Westminster,Trust MPS,0.82
1/1/2025,Q4_2425,Barking and Dagenham,Dealing issues,0.52
1/1/2025,Q4_2425,Barking and Dagenham,Fair treatment,0.66
1/1/2025,Q4_2425,Barking and Dagenham,Good job,0.4
1/1/2025,Q4_2425,Barking and Dagenham,Trust MPS,0.74
1/1/2025,Q4_2425,Barnet,Dealing issues,0.54
1/1/2025,Q4_2425,Barnet,Fair treatment,0.65
1/1/2025,Q4_2425,Barnet,Good job,0.46
1/1/2025,Q4_2425,Barnet,Trust MPS,0.74
1/1/2025,Q4_2425,Bexley,Dealing issues,0.59
1/1/2025,Q4_2425,Bexley,Fair treatment,0.74
1/1/2025,Q4_2425,Bexley,Good job,0.49
1/1/2025,Q4_2425,Bexley,Trust MPS,0.76
1/1/2025,Q4_2425,Brent,Dealing issues,0.59
1/1/2025,Q4_2425,Brent,Fair treatment,0.64
1/1/2025,Q4_2425,Brent,Good job,0.42
1/1/2025,Q4_2425,Brent,Trust MPS,0.77
1/1/2025,Q4_2425,Bromley,Dealing issues,0.47
1/1/2025,Q4_2425,Bromley,Fair treatment,0.61
1/1/2025,Q4_2425,Bromley,Good job,0.43
1/1/2025,Q4_2425,Bromley,Trust MPS,0.7
1/1/2025,Q4_2425,Camden,Dealing issues,0.48
1/1/2025,Q4_2425,Camden,Fair treatment,0.52
1/1/2025,Q4_2425,Camden,Good job,0.38
1/1/2025,Q4_2425,Camden,Trust MPS,0.65
1/1/2025,Q4_2425,Croydon,Dealing issues,0.47
1/1/2025,Q4_2425,Croydon,Fair treatment,0.59
1/1/2025,Q4_2425,Croydon,Good job,0.43
1/1/2025,Q4_2425,Croydon,Trust MPS,0.66
1/1/2025,Q4_2425,Ealing,Dealing issues,0.55
1/1/2025,Q4_2425,Ealing,Fair treatment,0.61
1/1/2025,Q4_2425,Ealing,Good job,0.37
1/1/2025,Q4_2425,Ealing,Trust MPS,0.76
1/1/2025,Q4_2425,Enfield,Dealing issues,0.65
1/1/2025,Q4_2425,Enfield,Fair treatment,0.65
1/1/2025,Q4_2425,Enfield,Good job,0.54
1/1/2025,Q4_2425,Enfield,Trust MPS,0.79
1/1/2025,Q4_2425,Greenwich,Dealing issues,0.57
1/1/2025,Q4_2425,Greenwich,Fair treatment,0.67
1/1/2025,Q4_2425,Greenwich,Good job,0.46
1/1/2025,Q4_2425,Greenwich,Trust MPS,0.75
1/1/2025,Q4_2425,Hackney,Dealing issues,0.49
1/1/2025,Q4_2425,Hackney,Fair treatment,0.59
1/1/2025,Q4_2425,Hackney,Good job,0.41
1/1/2025,Q4_2425,Hackney,Trust MPS,0.7
1/1/2025,Q4_2425,Hammersmith and Fulham,Dealing issues,0.56
1/1/2025,Q4_2425,Hammersmith and Fulham,Fair treatment,0.62
1/1/2025,Q4_2425,Hammersmith and Fulham,Good job,0.46
1/1/2025,Q4_2425,Hammersmith and Fulham,Trust MPS,0.75
1/1/2025,Q4_2425,Haringey,Dealing issues,0.56
1/1/2025,Q4_2425,Haringey,Fair treatment,0.59
1/1/2025,Q4_2425,Haringey,Good job,0.44
1/1/2025,Q4_2425,Haringey,Trust MPS,0.72
1/1/2025,Q4_2425,Harrow,Dealing issues,0.63
1/1/2025,Q4_2425,Harrow,Fair treatment,0.68
1/1/2025,Q4_2425,Harrow,Good job,0.49
1/1/2025,Q4_2425,Harrow,Trust MPS,0.76
1/1/2025,Q4_2425,Havering,Dealing issues,0.61
1/1/2025,Q4_2425,Havering,Fair treatment,0.75
1/1/2025,Q4_2425,Havering,Good job,0.44
1/1/2025,Q4_2425,Havering,Trust MPS,0.8
1/1/2025,Q4_2425,Hillingdon,Dealing issues,0.65
1/1/2025,Q4_2425,Hillingdon,Fair treatment,0.73
1/1/2025,Q4_2425,Hillingdon,Good job,0.55
1/1/2025,Q4_2425,Hillingdon,Trust MPS,0.78
1/1/2025,Q4_2425,Hounslow,Dealing issues,0.58
1/1/2025,Q4_2425,Hounslow,Fair treatment,0.66
1/1/2025,Q4_2425,Hounslow,Good job,0.49
1/1/2025,Q4_2425,Hounslow,Trust MPS,0.74
1/1/2025,Q4_2425,Islington,Dealing issues,0.42
1/1/2025,Q4_2425,Islington,Fair treatment,0.53
1/1/2025,Q4_2425,Islington,Good job,0.39
1/1/2025,Q4_2425,Islington,Trust MPS,0.65
1/1/2025,Q4_2425,Kensington and Chelsea,Dealing issues,0.65
1/1/2025,Q4_2425,Kensington and Chelsea,Fair treatment,0.68
1/1/2025,Q4_2425,Kensington and Chelsea,Good job,0.5
1/1/2025,Q4_2425,Kensington and Chelsea,Trust MPS,0.76
1/1/2025,Q4_2425,Kingston upon Thames,Dealing issues,0.54
1/1/2025,Q4_2425,Kingston upon Thames,Fair treatment,0.67
1/1/2025,Q4_2425,Kingston upon Thames,Good job,0.54
1/1/2025,Q4_2425,Kingston upon Thames,Trust MPS,0.8
1/1/2025,Q4_2425,Lambeth,Dealing issues,0.49
1/1/2025,Q4_2425,Lambeth,Fair treatment,0.55
1/1/2025,Q4_2425,Lambeth,Good job,0.43
1/1/2025,Q4_2425,Lambeth,Trust MPS,0.69
1/1/2025,Q4_2425,Lewisham,Dealing issues,0.47
1/1/2025,Q4_2425,Lewisham,Fair treatment,0.53
1/1/2025,Q4_2425,Lewisham,Good job,0.38
1/1/2025,Q4_2425,Lewisham,Trust MPS,0.64
1/1/2025,Q4_2425,MPS,Dealing issues,0.54
1/1/2025,Q4_2425,MPS,Fair treatment,0.64
1/1/2025,Q4_2425,MPS,Good job,0.45
1/1/2025,Q4_2425,MPS,Trust MPS,0.74
1/1/2025,Q4_2425,Merton,Dealing issues,0.58
1/1/2025,Q4_2425,Merton,Fair treatment,0.65
1/1/2025,Q4_2425,Merton,Good job,0.56
1/1/2025,Q4_2425,Merton,Trust MPS,0.82
1/1/2025,Q4_2425,Newham,Dealing issues,0.5
1/1/2025,Q4_2425,Newham,Fair treatment,0.71
1/1/2025,Q4_2425,Newham,Good job,0.43
1/1/2025,Q4_2425,Newham,Trust MPS,0.77
1/1/2025,Q4_2425,Redbridge,Dealing issues,0.51
1/1/2025,Q4_2425,Redbridge,Fair treatment,0.7
1/1/2025,Q4_2425,Redbridge,Good job,0.43
1/1/2025,Q4_2425,Redbridge,Trust MPS,0.77
1/1/2025,Q4_2425,Richmond upon Thames,Dealing issues,0.51
1/1/2025,Q4_2425,Richmond upon Thames,Fair treatment,0.62
1/1/2025,Q4_2425,Richmond upon Thames,Good job,0.49
1/1/2025,Q4_2425,Richmond upon Thames,Trust MPS,0.77
1/1/2025,Q4_2425,Southwark,Dealing issues,0.51
1/1/2025,Q4_2425,Southwark,Fair treatment,0.58
1/1/2025,Q4_2425,Southwark,Good job,0.43
1/1/2025,Q4_2425,Southwark,Trust MPS,0.66
1/1/2025,Q4_2425,Sutton,Dealing issues,0.55
1/1/2025,Q4_2425,Sutton,Fair treatment,0.7
1/1/2025,Q4_2425,Sutton,Good job,0.49
1/1/2025,Q4_2425,Sutton,Trust MPS,0.75
1/1/2025,Q4_2425,Tower Hamlets,Dealing issues,0.49
1/1/2025,Q4_2425,Tower Hamlets,Fair treatment,0.69
1/1/2025,Q4_2425,Tower Hamlets,Good job,0.4
1/1/2025,Q4_2425,Tower Hamlets,Trust MPS,0.74
1/1/2025,Q4_2425,Waltham Forest,Dealing issues,0.46
1/1/2025,Q4_2425,Waltham Forest,Fair treatment,0.61
1/1/2025,Q4_2425,Waltham Forest,Good job,0.41
1/1/2025,Q4_2425,Waltham Forest,Trust MPS,0.7
1/1/2025,Q4_2425,Wandsworth,Dealing issues,0.53
1/1/2025,Q4_2425,Wandsworth,Fair treatment,0.64
1/1/2025,Q4_2425,Wandsworth,Good job,0.53
1/1/2025,Q4_2425,Wandsworth,Trust MPS,0.81
1/1/2025,Q4_2425,Westminster,Dealing issues,0.59
1/1/2025,Q4_2425,Westminster,Fair treatment,0.65
1/1/2025,Q4_2425,Westminster,Good job,0.48
1/1/2025,Q4_2425,Westminster,Trust MPS,0.8
4/1/2025,Q1_2526,Barking and Dagenham,Fair treatment,0.69
4/1/2025,Q1_2526,Barking and Dagenham,Good job,0.43
4/1/2025,Q1_2526,Barking and Dagenham,S&S used fairly,0.57
4/1/2025,Q1_2526,Barking and Dagenham,Trust MPS,0.77
4/1/2025,Q1_2526,Barnet,Fair treatment,0.65
4/1/2025,Q1_2526,Barnet,Good job,0.49
4/1/2025,Q1_2526,Barnet,S&S used fairly,0.66
4/1/2025,Q1_2526,Barnet,Trust MPS,0.76
4/1/2025,Q1_2526,Bexley,Fair treatment,0.72
4/1/2025,Q1_2526,Bexley,Good job,0.45
4/1/2025,Q1_2526,Bexley,S&S used fairly,0.66
4/1/2025,Q1_2526,Bexley,Trust MPS,0.76
4/1/2025,Q1_2526,Brent,Fair treatment,0.64
4/1/2025,Q1_2526,Brent,Good job,0.4
4/1/2025,Q1_2526,Brent,S&S used fairly,0.67
4/1/2025,Q1_2526,Brent,Trust MPS,0.79
4/1/2025,Q1_2526,Bromley,Fair treatment,0.63
4/1/2025,Q1_2526,Bromley,Good job,0.44
4/1/2025,Q1_2526,Bromley,S&S used fairly,0.67
4/1/2025,Q1_2526,Bromley,Trust MPS,0.69
4/1/2025,Q1_2526,Camden,Fair treatment,0.51
4/1/2025,Q1_2526,Camden,Good job,0.35
4/1/2025,Q1_2526,Camden,S&S used fairly,0.5
4/1/2025,Q1_2526,Camden,Trust MPS,0.67
4/1/2025,Q1_2526,Croydon,Fair treatment,0.59
4/1/2025,Q1_2526,Croydon,Good job,0.41
4/1/2025,Q1_2526,Croydon,S&S used fairly,0.58
4/1/2025,Q1_2526,Croydon,Trust MPS,0.67
4/1/2025,Q1_2526,Ealing,Fair treatment,0.64
4/1/2025,Q1_2526,Ealing,Good job,0.38
4/1/2025,Q1_2526,Ealing,S&S used fairly,0.61
4/1/2025,Q1_2526,Ealing,Trust MPS,0.77
4/1/2025,Q1_2526,Enfield,Fair treatment,0.67
4/1/2025,Q1_2526,Enfield,Good job,0.55
4/1/2025,Q1_2526,Enfield,S&S used fairly,0.64
4/1/2025,Q1_2526,Enfield,Trust MPS,0.81
4/1/2025,Q1_2526,Greenwich,Fair treatment,0.67
4/1/2025,Q1_2526,Greenwich,Good job,0.47
4/1/2025,Q1_2526,Greenwich,S&S used fairly,0.61
4/1/2025,Q1_2526,Greenwich,Trust MPS,0.74
4/1/2025,Q1_2526,Hackney,Fair treatment,0.59
4/1/2025,Q1_2526,Hackney,Good job,0.41
4/1/2025,Q1_2526,Hackney,S&S used fairly,0.42
4/1/2025,Q1_2526,Hackney,Trust MPS,0.68
4/1/2025,Q1_2526,Hammersmith and Fulham,Fair treatment,0.64
4/1/2025,Q1_2526,Hammersmith and Fulham,Good job,0.49
4/1/2025,Q1_2526,Hammersmith and Fulham,S&S used fairly,0.6
4/1/2025,Q1_2526,Hammersmith and Fulham,Trust MPS,0.76
4/1/2025,Q1_2526,Haringey,Fair treatment,0.62
4/1/2025,Q1_2526,Haringey,Good job,0.45
4/1/2025,Q1_2526,Haringey,S&S used fairly,0.47
4/1/2025,Q1_2526,Haringey,Trust MPS,0.74
4/1/2025,Q1_2526,Harrow,Fair treatment,0.68
4/1/2025,Q1_2526,Harrow,Good job,0.48
4/1/2025,Q1_2526,Harrow,S&S used fairly,0.76
4/1/2025,Q1_2526,Harrow,Trust MPS,0.76
4/1/2025,Q1_2526,Havering,Fair treatment,0.76
4/1/2025,Q1_2526,Havering,Good job,0.45
4/1/2025,Q1_2526,Havering,S&S used fairly,0.75
4/1/2025,Q1_2526,Havering,Trust MPS,0.8
4/1/2025,Q1_2526,Hillingdon,Fair treatment,0.71
4/1/2025,Q1_2526,Hillingdon,Good job,0.52
4/1/2025,Q1_2526,Hillingdon,S&S used fairly,0.74
4/1/2025,Q1_2526,Hillingdon,Trust MPS,0.77
4/1/2025,Q1_2526,Hounslow,Fair treatment,0.64
4/1/2025,Q1_2526,Hounslow,Good job,0.47
4/1/2025,Q1_2526,Hounslow,S&S used fairly,0.64
4/1/2025,Q1_2526,Hounslow,Trust MPS,0.71
4/1/2025,Q1_2526,Islington,Fair treatment,0.53
4/1/2025,Q1_2526,Islington,Good job,0.37
4/1/2025,Q1_2526,Islington,S&S used fairly,0.4
4/1/2025,Q1_2526,Islington,Trust MPS,0.65
4/1/2025,Q1_2526,Kensington and Chelsea,Fair treatment,0.69
4/1/2025,Q1_2526,Kensington and Chelsea,Good job,0.45
4/1/2025,Q1_2526,Kensington and Chelsea,S&S used fairly,0.59
4/1/2025,Q1_2526,Kensington and Chelsea,Trust MPS,0.74
4/1/2025,Q1_2526,Kingston upon Thames,Fair treatment,0.68
4/1/2025,Q1_2526,Kingston upon Thames,Good job,0.52
4/1/2025,Q1_2526,Kingston upon Thames,S&S used fairly,0.77
4/1/2025,Q1_2526,Kingston upon Thames,Trust MPS,0.81
4/1/2025,Q1_2526,Lambeth,Fair treatment,0.56
4/1/2025,Q1_2526,Lambeth,Good job,0.44
4/1/2025,Q1_2526,Lambeth,S&S used fairly,0.52
4/1/2025,Q1_2526,Lambeth,Trust MPS,0.71
4/1/2025,Q1_2526,Lewisham,Fair treatment,0.54
4/1/2025,Q1_2526,Lewisham,Good job,0.38
4/1/2025,Q1_2526,Lewisham,S&S used fairly,0.42
4/1/2025,Q1_2526,Lewisham,Trust MPS,0.65
4/1/2025,Q1_2526,MPS,Fair treatment,0.65
4/1/2025,Q1_2526,MPS,Good job,0.45
4/1/2025,Q1_2526,MPS,S&S used fairly,0.6
4/1/2025,Q1_2526,MPS,Trust MPS,0.74
4/1/2025,Q1_2526,Merton,Fair treatment,0.67
4/1/2025,Q1_2526,Merton,Good job,0.55
4/1/2025,Q1_2526,Merton,S&S used fairly,0.68
4/1/2025,Q1_2526,Merton,Trust MPS,0.83
4/1/2025,Q1_2526,Newham,Fair treatment,0.7
4/1/2025,Q1_2526,Newham,Good job,0.43
4/1/2025,Q1_2526,Newham,S&S used fairly,0.51
4/1/2025,Q1_2526,Newham,Trust MPS,0.75
4/1/2025,Q1_2526,Redbridge,Fair treatment,0.72
4/1/2025,Q1_2526,Redbridge,Good job,0.43
4/1/2025,Q1_2526,Redbridge,S&S used fairly,0.57
4/1/2025,Q1_2526,Redbridge,Trust MPS,0.76
4/1/2025,Q1_2526,Richmond upon Thames,Fair treatment,0.64
4/1/2025,Q1_2526,Richmond upon Thames,Good job,0.5
4/1/2025,Q1_2526,Richmond upon Thames,S&S used fairly,0.71
4/1/2025,Q1_2526,Richmond upon Thames,Trust MPS,0.77
4/1/2025,Q1_2526,Southwark,Fair treatment,0.57
4/1/2025,Q1_2526,Southwark,Good job,0.44
4/1/2025,Q1_2526,Southwark,S&S used fairly,0.47
4/1/2025,Q1_2526,Southwark,Trust MPS,0.65
4/1/2025,Q1_2526,Sutton,Fair treatment,0.72
4/1/2025,Q1_2526,Sutton,Good job,0.47
4/1/2025,Q1_2526,Sutton,S&S used fairly,0.7
4/1/2025,Q1_2526,Sutton,Trust MPS,0.76
4/1/2025,Q1_2526,Tower Hamlets,Fair treatment,0.7
4/1/2025,Q1_2526,Tower Hamlets,Good job,0.41
4/1/2025,Q1_2526,Tower Hamlets,S&S used fairly,0.53
4/1/2025,Q1_2526,Tower Hamlets,Trust MPS,0.73
4/1/2025,Q1_2526,Waltham Forest,Fair treatment,0.66
4/1/2025,Q1_2526,Waltham Forest,Good job,0.41
4/1/2025,Q1_2526,Waltham Forest,S&S used fairly,0.5
4/1/2025,Q1_2526,Waltham Forest,Trust MPS,0.73
4/1/2025,Q1_2526,Wandsworth,Fair treatment,0.62
4/1/2025,Q1_2526,Wandsworth,Good job,0.49
4/1/2025,Q1_2526,Wandsworth,S&S used fairly,0.65
4/1/2025,Q1_2526,Wandsworth,Trust MPS,0.8
4/1/2025,Q1_2526,Westminster,Fair treatment,0.63
4/1/2025,Q1_2526,Westminster,Good job,0.46
4/1/2025,Q1_2526,Westminster,S&S used fairly,0.59
4/1/2025,Q1_2526,Westminster,Trust MPS,0.78
7/1/2025,Q2_2526,Barking and Dagenham,Fair treatment,0.69
7/1/2025,Q2_2526,Barking and Dagenham,Good job,0.46
7/1/2025,Q2_2526,Barking and Dagenham,S&S used fairly,0.56
7/1/2025,Q2_2526,Barking and Dagenham,Trust MPS,0.77
7/1/2025,Q2_2526,Barnet,Fair treatment,0.67
7/1/2025,Q2_2526,Barnet,Good job,0.47
7/1/2025,Q2_2526,Barnet,S&S used fairly,0.66
7/1/2025,Q2_2526,Barnet,Trust MPS,0.79
7/1/2025,Q2_2526,Bexley,Fair treatment,0.72
7/1/2025,Q2_2526,Bexley,Good job,0.49
7/1/2025,Q2_2526,Bexley,S&S used fairly,0.67
7/1/2025,Q2_2526,Bexley,Trust MPS,0.78
7/1/2025,Q2_2526,Brent,Fair treatment,0.67
7/1/2025,Q2_2526,Brent,Good job,0.44
7/1/2025,Q2_2526,Brent,S&S used fairly,0.68
7/1/2025,Q2_2526,Brent,Trust MPS,0.78
7/1/2025,Q2_2526,Bromley,Fair treatment,0.65
7/1/2025,Q2_2526,Bromley,Good job,0.45
7/1/2025,Q2_2526,Bromley,S&S used fairly,0.67
7/1/2025,Q2_2526,Bromley,Trust MPS,0.7
7/1/2025,Q2_2526,Camden,Fair treatment,0.53
7/1/2025,Q2_2526,Camden,Good job,0.38
7/1/2025,Q2_2526,Camden,S&S used fairly,0.51
7/1/2025,Q2_2526,Camden,Trust MPS,0.67
7/1/2025,Q2_2526,Croydon,Fair treatment,0.6
7/1/2025,Q2_2526,Croydon,Good job,0.44
7/1/2025,Q2_2526,Croydon,S&S used fairly,0.59
7/1/2025,Q2_2526,Croydon,Trust MPS,0.67
7/1/2025,Q2_2526,Ealing,Fair treatment,0.69
7/1/2025,Q2_2526,Ealing,Good job,0.43
7/1/2025,Q2_2526,Ealing,S&S used fairly,0.67
7/1/2025,Q2_2526,Ealing,Trust MPS,0.78
7/1/2025,Q2_2526,Enfield,Fair treatment,0.69
7/1/2025,Q2_2526,Enfield,Good job,0.55
7/1/2025,Q2_2526,Enfield,S&S used fairly,0.66
7/1/2025,Q2_2526,Enfield,Trust MPS,0.79
7/1/2025,Q2_2526,Greenwich,Fair treatment,0.71
7/1/2025,Q2_2526,Greenwich,Good job,0.47
7/1/2025,Q2_2526,Greenwich,S&S used fairly,0.6
7/1/2025,Q2_2526,Greenwich,Trust MPS,0.74
7/1/2025,Q2_2526,Hackney,Fair treatment,0.57
7/1/2025,Q2_2526,Hackney,Good job,0.44
7/1/2025,Q2_2526,Hackney,S&S used fairly,0.43
7/1/2025,Q2_2526,Hackney,Trust MPS,0.65
7/1/2025,Q2_2526,Hammersmith and Fulham,Fair treatment,0.67
7/1/2025,Q2_2526,Hammersmith and Fulham,Good job,0.49
7/1/2025,Q2_2526,Hammersmith and Fulham,S&S used fairly,0.63
7/1/2025,Q2_2526,Hammersmith and Fulham,Trust MPS,0.77
7/1/2025,Q2_2526,Haringey,Fair treatment,0.6
7/1/2025,Q2_2526,Haringey,Good job,0.44
7/1/2025,Q2_2526,Haringey,S&S used fairly,0.48
7/1/2025,Q2_2526,Haringey,Trust MPS,0.74
7/1/2025,Q2_2526,Harrow,Fair treatment,0.67
7/1/2025,Q2_2526,Harrow,Good job,0.48
7/1/2025,Q2_2526,Harrow,S&S used fairly,0.75
7/1/2025,Q2_2526,Harrow,Trust MPS,0.75
7/1/2025,Q2_2526,Havering,Fair treatment,0.77
7/1/2025,Q2_2526,Havering,Good job,0.49
7/1/2025,Q2_2526,Havering,S&S used fairly,0.74
7/1/2025,Q2_2526,Havering,Trust MPS,0.79
7/1/2025,Q2_2526,Hillingdon,Fair treatment,0.69
7/1/2025,Q2_2526,Hillingdon,Good job,0.45
7/1/2025,Q2_2526,Hillingdon,S&S used fairly,0.73
7/1/2025,Q2_2526,Hillingdon,Trust MPS,0.75
7/1/2025,Q2_2526,Hounslow,Fair treatment,0.66
7/1/2025,Q2_2526,Hounslow,Good job,0.44
7/1/2025,Q2_2526,Hounslow,S&S used fairly,0.68
7/1/2025,Q2_2526,Hounslow,Trust MPS,0.7
7/1/2025,Q2_2526,Islington,Fair treatment,0.51
7/1/2025,Q2_2526,Islington,Good job,0.34
7/1/2025,Q2_2526,Islington,S&S used fairly,0.39
7/1/2025,Q2_2526,Islington,Trust MPS,0.66
7/1/2025,Q2_2526,Kensington and Chelsea,Fair treatment,0.67
7/1/2025,Q2_2526,Kensington and Chelsea,Good job,0.47
7/1/2025,Q2_2526,Kensington and Chelsea,S&S used fairly,0.6
7/1/2025,Q2_2526,Kensington and Chelsea,Trust MPS,0.74
7/1/2025,Q2_2526,Kingston upon Thames,Fair treatment,0.69
7/1/2025,Q2_2526,Kingston upon Thames,Good job,0.53
7/1/2025,Q2_2526,Kingston upon Thames,S&S used fairly,0.76
7/1/2025,Q2_2526,Kingston upon Thames,Trust MPS,0.8
7/1/2025,Q2_2526,Lambeth,Fair treatment,0.55
7/1/2025,Q2_2526,Lambeth,Good job,0.42
7/1/2025,Q2_2526,Lambeth,S&S used fairly,0.54
7/1/2025,Q2_2526,Lambeth,Trust MPS,0.7
7/1/2025,Q2_2526,Lewisham,Fair treatment,0.55
7/1/2025,Q2_2526,Lewisham,Good job,0.43
7/1/2025,Q2_2526,Lewisham,S&S used fairly,0.43
7/1/2025,Q2_2526,Lewisham,Trust MPS,0.64
7/1/2025,Q2_2526,MPS,Fair treatment,0.66
7/1/2025,Q2_2526,MPS,Good job,0.46
7/1/2025,Q2_2526,MPS,S&S used fairly,0.61
7/1/2025,Q2_2526,MPS,Trust MPS,0.74
7/1/2025,Q2_2526,Merton,Fair treatment,0.69
7/1/2025,Q2_2526,Merton,Good job,0.56
7/1/2025,Q2_2526,Merton,S&S used fairly,0.71
7/1/2025,Q2_2526,Merton,Trust MPS,0.85
7/1/2025,Q2_2526,Newham,Fair treatment,0.71
7/1/2025,Q2_2526,Newham,Good job,0.43
7/1/2025,Q2_2526,Newham,S&S used fairly,0.54
7/1/2025,Q2_2526,Newham,Trust MPS,0.76
7/1/2025,Q2_2526,Redbridge,Fair treatment,0.71
7/1/2025,Q2_2526,Redbridge,Good job,0.44
7/1/2025,Q2_2526,Redbridge,S&S used fairly,0.57
7/1/2025,Q2_2526,Redbridge,Trust MPS,0.76
7/1/2025,Q2_2526,Richmond upon Thames,Fair treatment,0.64
7/1/2025,Q2_2526,Richmond upon Thames,Good job,0.5
7/1/2025,Q2_2526,Richmond upon Thames,S&S used fairly,0.72
7/1/2025,Q2_2526,Richmond upon Thames,Trust MPS,0.77
7/1/2025,Q2_2526,Southwark,Fair treatment,0.59
7/1/2025,Q2_2526,Southwark,Good job,0.43
7/1/2025,Q2_2526,Southwark,S&S used fairly,0.49
7/1/2025,Q2_2526,Southwark,Trust MPS,0.66
7/1/2025,Q2_2526,Sutton,Fair treatment,0.72
7/1/2025,Q2_2526,Sutton,Good job,0.51
7/1/2025,Q2_2526,Sutton,S&S used fairly,0.7
7/1/2025,Q2_2526,Sutton,Trust MPS,0.78
7/1/2025,Q2_2526,Tower Hamlets,Fair treatment,0.73
7/1/2025,Q2_2526,Tower Hamlets,Good job,0.46
7/1/2025,Q2_2526,Tower Hamlets,S&S used fairly,0.54
7/1/2025,Q2_2526,Tower Hamlets,Trust MPS,0.74
7/1/2025,Q2_2526,Waltham Forest,Fair treatment,0.71
7/1/2025,Q2_2526,Waltham Forest,Good job,0.42
7/1/2025,Q2_2526,Waltham Forest,S&S used fairly,0.47
7/1/2025,Q2_2526,Waltham Forest,Trust MPS,0.73
7/1/2025,Q2_2526,Wandsworth,Fair treatment,0.62
7/1/2025,Q2_2526,Wandsworth,Good job,0.48
7/1/2025,Q2_2526,Wandsworth,S&S used fairly,0.67
7/1/2025,Q2_2526,Wandsworth,Trust MPS,0.78
7/1/2025,Q2_2526,Westminster,Fair treatment,0.67
7/1/2025,Q2_2526,Westminster,Good job,0.47
7/1/2025,Q2_2526,Westminster,S&S used fairly,0.62
7/1/2025,Q2_2526,Westminster,Trust MPS,0.79
10/1/2025,Q3_2526,Barking and Dagenham,Fair treatment,0.69
10/1/2025,Q3_2526,Barking and Dagenham,Good job,0.45
10/1/2025,Q3_2526,Barking and Dagenham,S&S used fairly,0.57
10/1/2025,Q3_2526,Barking and Dagenham,Trust MPS,0.76
10/1/2025,Q3_2526,Barnet,Fair treatment,0.62
10/1/2025,Q3_2526,Barnet,Good job,0.45
10/1/2025,Q3_2526,Barnet,S&S used fairly,0.62
10/1/2025,Q3_2526,Barnet,Trust MPS,0.78
10/1/2025,Q3_2526,Bexley,Fair treatment,0.69
10/1/2025,Q3_2526,Bexley,Good job,0.48
10/1/2025,Q3_2526,Bexley,S&S used fairly,0.65
10/1/2025,Q3_2526,Bexley,Trust MPS,0.75
10/1/2025,Q3_2526,Brent,Fair treatment,0.66
10/1/2025,Q3_2526,Brent,Good job,0.45
10/1/2025,Q3_2526,Brent,S&S used fairly,0.68
10/1/2025,Q3_2526,Brent,Trust MPS,0.77
10/1/2025,Q3_2526,Bromley,Fair treatment,0.66
10/1/2025,Q3_2526,Bromley,Good job,0.45
10/1/2025,Q3_2526,Bromley,S&S used fairly,0.67
10/1/2025,Q3_2526,Bromley,Trust MPS,0.71
10/1/2025,Q3_2526,Camden,Fair treatment,0.52
10/1/2025,Q3_2526,Camden,Good job,0.38
10/1/2025,Q3_2526,Camden,S&S used fairly,0.49
10/1/2025,Q3_2526,Camden,Trust MPS,0.68
10/1/2025,Q3_2526,Croydon,Fair treatment,0.57
10/1/2025,Q3_2526,Croydon,Good job,0.44
10/1/2025,Q3_2526,Croydon,S&S used fairly,0.56
10/1/2025,Q3_2526,Croydon,Trust MPS,0.65
10/1/2025,Q3_2526,Ealing,Fair treatment,0.7
10/1/2025,Q3_2526,Ealing,Good job,0.45
10/1/2025,Q3_2526,Ealing,S&S used fairly,0.67
10/1/2025,Q3_2526,Ealing,Trust MPS,0.76
10/1/2025,Q3_2526,Enfield,Fair treatment,0.68
10/1/2025,Q3_2526,Enfield,Good job,0.55
10/1/2025,Q3_2526,Enfield,S&S used fairly,0.64
10/1/2025,Q3_2526,Enfield,Trust MPS,0.74
10/1/2025,Q3_2526,Greenwich,Fair treatment,0.73
10/1/2025,Q3_2526,Greenwich,Good job,0.48
10/1/2025,Q3_2526,Greenwich,S&S used fairly,0.58
10/1/2025,Q3_2526,Greenwich,Trust MPS,0.7
10/1/2025,Q3_2526,Hackney,Fair treatment,0.55
10/1/2025,Q3_2526,Hackney,Good job,0.41
10/1/2025,Q3_2526,Hackney,S&S used fairly,0.41
10/1/2025,Q3_2526,Hackney,Trust MPS,0.59
10/1/2025,Q3_2526,Hammersmith and Fulham,Fair treatment,0.64
10/1/2025,Q3_2526,Hammersmith and Fulham,Good job,0.46
10/1/2025,Q3_2526,Hammersmith and Fulham,S&S used fairly,0.59
10/1/2025,Q3_2526,Hammersmith and Fulham,Trust MPS,0.75
10/1/2025,Q3_2526,Haringey,Fair treatment,0.55
10/1/2025,Q3_2526,Haringey,Good job,0.41
10/1/2025,Q3_2526,Haringey,S&S used fairly,0.47
10/1/2025,Q3_2526,Haringey,Trust MPS,0.69
10/1/2025,Q3_2526,Harrow,Fair treatment,0.69
10/1/2025,Q3_2526,Harrow,Good job,0.51
10/1/2025,Q3_2526,Harrow,S&S used fairly,0.75
10/1/2025,Q3_2526,Harrow,Trust MPS,0.78
10/1/2025,Q3_2526,Havering,Fair treatment,0.76
10/1/2025,Q3_2526,Havering,Good job,0.51
10/1/2025,Q3_2526,Havering,S&S used fairly,0.7
10/1/2025,Q3_2526,Havering,Trust MPS,0.77
10/1/2025,Q3_2526,Hillingdon,Fair treatment,0.65
10/1/2025,Q3_2526,Hillingdon,Good job,0.39
10/1/2025,Q3_2526,Hillingdon,S&S used fairly,0.68
10/1/2025,Q3_2526,Hillingdon,Trust MPS,0.69
10/1/2025,Q3_2526,Hounslow,Fair treatment,0.63
10/1/2025,Q3_2526,Hounslow,Good job,0.4
10/1/2025,Q3_2526,Hounslow,S&S used fairly,0.65
10/1/2025,Q3_2526,Hounslow,Trust MPS,0.69
10/1/2025,Q3_2526,Islington,Fair treatment,0.53
10/1/2025,Q3_2526,Islington,Good job,0.35
10/1/2025,Q3_2526,Islington,S&S used fairly,0.41
10/1/2025,Q3_2526,Islington,Trust MPS,0.64
10/1/2025,Q3_2526,Kensington and Chelsea,Fair treatment,0.66
10/1/2025,Q3_2526,Kensington and Chelsea,Good job,0.48
10/1/2025,Q3_2526,Kensington and Chelsea,S&S used fairly,0.63
10/1/2025,Q3_2526,Kensington and Chelsea,Trust MPS,0.73
10/1/2025,Q3_2526,Kingston upon Thames,Fair treatment,0.7
10/1/2025,Q3_2526,Kingston upon Thames,Good job,0.53
10/1/2025,Q3_2526,Kingston upon Thames,S&S used fairly,0.73
10/1/2025,Q3_2526,Kingston upon Thames,Trust MPS,0.78
10/1/2025,Q3_2526,Lambeth,Fair treatment,0.53
10/1/2025,Q3_2526,Lambeth,Good job,0.36
10/1/2025,Q3_2526,Lambeth,S&S used fairly,0.51
10/1/2025,Q3_2526,Lambeth,Trust MPS,0.66
10/1/2025,Q3_2526,Lewisham,Fair treatment,0.58
10/1/2025,Q3_2526,Lewisham,Good job,0.46
10/1/2025,Q3_2526,Lewisham,S&S used fairly,0.44
10/1/2025,Q3_2526,Lewisham,Trust MPS,0.63
10/1/2025,Q3_2526,Merton,Fair treatment,0.68
10/1/2025,Q3_2526,Merton,Good job,0.54
10/1/2025,Q3_2526,Merton,S&S used fairly,0.68
10/1/2025,Q3_2526,Merton,Trust MPS,0.82
10/1/2025,Q3_2526,Newham,Fair treatment,0.72
10/1/2025,Q3_2526,Newham,Good job,0.47
10/1/2025,Q3_2526,Newham,S&S used fairly,0.52
10/1/2025,Q3_2526,Newham,Trust MPS,0.77
10/1/2025,Q3_2526,Redbridge,Fair treatment,0.7
10/1/2025,Q3_2526,Redbridge,Good job,0.45
10/1/2025,Q3_2526,Redbridge,S&S used fairly,0.56
10/1/2025,Q3_2526,Redbridge,Trust MPS,0.74
10/1/2025,Q3_2526,Richmond upon Thames,Fair treatment,0.65
10/1/2025,Q3_2526,Richmond upon Thames,Good job,0.5
10/1/2025,Q3_2526,Richmond upon Thames,S&S used fairly,0.73
10/1/2025,Q3_2526,Richmond upon Thames,Trust MPS,0.75
10/1/2025,Q3_2526,Southwark,Fair treatment,0.57
10/1/2025,Q3_2526,Southwark,Good job,0.42
10/1/2025,Q3_2526,Southwark,S&S used fairly,0.43
10/1/2025,Q3_2526,Southwark,Trust MPS,0.61
10/1/2025,Q3_2526,Sutton,Fair treatment,0.74
10/1/2025,Q3_2526,Sutton,Good job,0.51
10/1/2025,Q3_2526,Sutton,S&S used fairly,0.68
10/1/2025,Q3_2526,Sutton,Trust MPS,0.78
10/1/2025,Q3_2526,Tower Hamlets,Fair treatment,0.72
10/1/2025,Q3_2526,Tower Hamlets,Good job,0.44
10/1/2025,Q3_2526,Tower Hamlets,S&S used fairly,0.52
10/1/2025,Q3_2526,Tower Hamlets,Trust MPS,0.72
10/1/2025,Q3_2526,Waltham Forest,Fair treatment,0.7
10/1/2025,Q3_2526,Waltham Forest,Good job,0.42
10/1/2025,Q3_2526,Waltham Forest,S&S used fairly,0.48
10/1/2025,Q3_2526,Waltham Forest,Trust MPS,0.72
10/1/2025,Q3_2526,Wandsworth,Fair treatment,0.62
10/1/2025,Q3_2526,Wandsworth,Good job,0.47
10/1/2025,Q3_2526,Wandsworth,S&S used fairly,0.68
10/1/2025,Q3_2526,Wandsworth,Trust MPS,0.76
10/1/2025,Q3_2526,Westminster,Fair treatment,0.65
10/1/2025,Q3_2526,Westminster,Good job,0.45
10/1/2025,Q3_2526,Westminster,S&S used fairly,0.61
10/1/2025,Q3_2526,Westminster,Trust MPS,0.76
