Day,headline,count,Rank_Day,Top_Day,Headline_Source
2015-03-19,"The Gunman, film review: Sean Penn's half-cocked hitman fires wide of",1,1,True,http://www.independent.co.uk/arts-entertainment/films/reviews/the-gunman-film-review-sean-penns-hitman-fires-wide-of-the-target-in-halfcocked-thriller-10121037.html
2015-03-20,"The Gunman, film review: Sean Penn's half-cocked hitman fires wide of",1,1,True,http://www.independent.co.uk/arts-entertainment/films/reviews/the-gunman-film-review-sean-penns-hitman-fires-wide-of-the-target-in-halfcocked-thriller-10121037.html
2015-03-27,Jailed: man who shot police officer through hand with gun he claimed,2,1,True,http://www.standard.co.uk/news/crime/man-who-claimed-he-thought-gun-used-to-shoot-police-officer-through-hand-with-was-toy-jailed-10140008.html
2015-04-07,Banker wins 3.2 million in sexual harassment case,1,1,True,http://www.thetimes.co.uk/tto/law/article4404571.ece?CMP=OTH-gnws-standard-2015_04_07
2015-04-08,Banker wins 3.2 million in sexual harassment case,1,1,True,http://www.thetimes.co.uk/tto/law/article4404571.ece?CMP=OTH-gnws-standard-2015_04_07
2015-04-29,Student's campaign after sex attack,11,1,True,http://www.southendstandard.co.uk/news/national/12919338.Student_s_campaign_after_sex_attack/
2015-04-29,student s campaign after sex attack 1,2,2,True,http://www.daventryexpress.co.uk/news/national/student-s-campaign-after-sex-attack-1-6715141
2015-05-05,OAP rapist may have attacked others,2,1,True,http://www.essexcountystandard.co.uk/news/national/12932343.display/
2015-05-05,appeal in rape drug assault case,2,2,True,http://www.belfasttelegraph.co.uk/news/northern-ireland/appeal-in-rape-drug-assault-case-31195267.html
2015-05-06,Ione Wells spoke out about a sexual assault. Now her attacker has pleaded guilty,2,1,True,http://www.mirror.co.uk/news/uk-news/ione-wells-teenager-who-sexually-5644480
2015-05-25,Police hunt rapist who attacked 13-year-old girl he met the previous day,2,1,True,http://www.mirror.co.uk/news/uk-news/police-hunt-rapist-who-attacked-5762365
2015-05-27,Identity theft rises by a third,5,1,True,http://www.dailymail.co.uk/wires/pa/article-3098667/Identity-theft-rises-third.html
2015-06-01,gun salutes mark queens coronation,1,1,True,http://www.belfasttelegraph.co.uk/news/uk/gun-salutes-mark-queens-coronation-31270427.html
2015-06-02,gun salutes mark queens coronation,1,1,True,http://www.belfasttelegraph.co.uk/news/uk/gun-salutes-mark-queens-coronation-31270427.html
2015-06-17,Gang member from Witham jailed for 8 years for drugs and gun offences,2,1,True,http://www.essexcountystandard.co.uk/news/13337551.display/
2015-06-25,12-year-old boy stabbed eight times in suspected gang attack was,2,1,True,http://www.independent.co.uk/news/uk/home-news/12yearold-boy-stabbed-eight-times-in-suspected-gang-attack-was-getting-his-mum-a-takeaway-10344143.html
2015-06-26,tunisia attack deadly shooting in front of tourist beach hotel live,1,1,True,http://www.telegraph.co.uk/news/worldnews/africaandindianocean/tunisia/11701043/Tunisia-attack-deadly-shooting-in-front-of-tourist-beach-hotel-live.html?frame=3356099
2015-06-27,tunisia attack deadly shooting in front of tourist beach hotel live,8,1,True,http://www.telegraph.co.uk/news/worldnews/africaandindianocean/tunisia/11701043/Tunisia-attack-deadly-shooting-in-front-of-tourist-beach-hotel-live.html?frame=3356099
2015-06-27,tunisia attack shooting 15 british tourists dead live,7,2,True,http://www.telegraph.co.uk/news/worldnews/africaandindianocean/tunisia/11701043/Tunisia-attack-shooting-15-british-tourists-dead-live.html
2015-06-28,tunisia attack shooting 15 british tourists dead live,5,1,True,http://www.telegraph.co.uk/news/worldnews/africaandindianocean/tunisia/11701043/Tunisia-attack-shooting-15-british-tourists-dead-live.html
2015-06-29,tunisia attack shooting gunman tourists victims live,1,1,True,http://www.telegraph.co.uk/news/worldnews/africaandindianocean/tunisia/11701043/Tunisia-attack-shooting-gunman-tourists-victims-live.html
2015-06-30,tunisia attack shooting gunman tourists victims live,1,1,True,http://www.telegraph.co.uk/news/worldnews/africaandindianocean/tunisia/11701043/Tunisia-attack-shooting-gunman-tourists-victims-live.html
2015-07-05,Beach attack pair 'shot in pelvis',8,1,True,http://www.wiltsglosstandard.co.uk/news/national/13371302.Inquests_told_of_Tunisia_massacre/
2015-07-29,Met 'denied hero gun officer a five-year career break... but let,2,1,True,http://www.standard.co.uk/news/london/met-denied-hero-gun-officer-a-fiveyear-career-break-but-let-his-wife-go-10424063.html
2015-08-12,Rare 17th century gun carriage raised from the depths,6,1,True,http://www.wiltsglosstandard.co.uk/news/national/13589540.17th_century_gun_carriage_recovered_from_shipwreck/
2015-08-12,man to face court over london underground blade attack,1,2,True,http://www.belfasttelegraph.co.uk/news/uk/man-to-face-court-over-london-underground-blade-attack-31447494.html
2015-08-13,man to face court over london underground blade attack,1,1,True,http://www.belfasttelegraph.co.uk/news/uk/man-to-face-court-over-london-underground-blade-attack-31447494.html
2015-08-31,Drug addict locked up for attack on ex-partner,3,1,True,http://www.essexcountystandard.co.uk/news/localnews/13633925.display/
2015-08-31,Up to 20 armed cops stormed a building in Enfield and shot a 'gunman' dead,3,2,True,http://www.mirror.co.uk/news/uk-news/enfield-police-shooting-man-gunned-6353883
2015-09-07,Shoplifting graduate's law career in jeopardy,2,1,True,http://www.haringeyindependent.co.uk/news/13650580.Shoplifting_graduate_s_law_career_in_jeapordy/
2015-09-15,Mum of two stabbed to death by burglar while her 2 children sleep in bed,1,1,True,http://www.mirror.co.uk/news/uk-news/nicola-cross-mum-two-stabbed-6448834
2015-09-16,Mum of two stabbed to death by burglar while her 2 children sleep in bed,1,1,True,http://www.mirror.co.uk/news/uk-news/nicola-cross-mum-two-stabbed-6448834
2015-09-29,Woman faces jail for stabbing convicted paedophile to death,4,1,True,http://www.dailymail.co.uk/wires/pa/article-3253048/Woman-faces-jail-stabbing-convicted-paedophile-death.html
2015-10-02,australia britain canada US gun legislation,2,1,True,http://www.nytimes.com/2015/10/03/world/americas/australia-britain-canada-us-gun-legislation.html
2015-10-04,Brit mum killed during Oregon shooting massacre 'as she tried to stop gunman',2,1,True,http://www.dailyrecord.co.uk/news/uk-world-news/british-mum-killed-during-oregon-6569477
2015-10-11,Michael Winner's widow beaten with iron bar during raid at her home,9,1,True,http://www.westerntelegraph.co.uk/news/national/13839886.display/
2015-10-14,Camilla to visit sex assault centres to raise awareness of rape effects,4,1,True,http://www.harwichandmanningtreestandard.co.uk/news/national/13845696.Camilla_to_visit_sex_assault_centres_to_raise_awareness_of_rape_effects/
2015-10-15,Police officer shot during raid a detective with Met's Trident gun crime unit,10,1,True,http://www.yeovilexpress.co.uk/news/national/13872436.Police_officer_in_hospital_after_being_shot_in_Hackney_armed_raid/
2015-11-07,Terrifying moment 'gunman' dressed as Marvel character arrested in Canary Wharf,2,1,True,http://www.mirror.co.uk/news/uk-news/moment-armed-police-arrest-red-6788212
2015-11-22,TV star John Leslie in sex attack investigation,2,1,True,http://www.mirror.co.uk/news/uk-news/police-probe-tv-star-john-6877522
2015-11-23,"Hatton Garden raid was largest burglary in English legal history, court told",8,1,True,http://www.maldonandburnhamstandard.co.uk/news/national/14096272.Hatton_Garden_jewellery_raid_suspects_face_trial/
2015-11-29,Police release CCTV after 'Islamophobic' attempted arson at Finsbury Park mosque,2,1,True,http://www.dailyrecord.co.uk/news/uk-world-news/police-release-cctv-after-islamophobic-6924402
2015-12-03,Brother-in-law of suspected California gunman speaks of sadness and shock,2,1,True,http://www.mirror.co.uk/news/world-news/san-bernardino-shooting-brother-law-6944510
2015-12-04,Man charged with arson attack on care home,7,1,True,http://www.maldonandburnhamstandard.co.uk/news/national/14125704.Man_charged_with_arson_attack_on_care_home/
2015-12-05,Man stabbed in head and back in Lewisham street attack,2,1,True,http://www.standard.co.uk/news/crime/lewisham-stabbing-man-in-hospital-after-early-morning-street-attack-a3130611.html
2015-12-06,knife attack in london subway called terrorist incident,2,1,True,http://mobile.nytimes.com/2015/12/06/world/europe/knife-attack-in-london-subway-called-terrorist-incident.html
2015-12-08,Gunman hunted after man dies in Essex hotel car park shooting,3,1,True,http://www.harwichandmanningtreestandard.co.uk/news/national/14131140.Gunman_hunted_after_man_dies_in_Essex_hotel_car_park_shooting/
2015-12-08,Dave Lee Travis loses appeal against indecent assault conviction,2,2,True,http://www.bbc.co.uk/news/uk-35040376
2015-12-10,san francisco police chief urges stun gun use shooting,2,1,True,http://www.dailymail.co.uk/wires/ap/article-3354483/San-Francisco-police-chief-urges-stun-gun-use-shooting.html
2015-12-11,Dutch gang jailed after fake ambulance drug scam,2,1,True,http://www.maldonandburnhamstandard.co.uk/news/north_essex_news/14141043.Dutch_gang_jailed_after_fake_ambulance_drug_scam/
2015-12-11,Rita Ora's house burgled in nighttime raid,1,2,True,http://www.dailyrecord.co.uk/entertainment/celebrity/rita-oras-house-burgled-nighttime-6997811
2015-12-12,Rita Ora's house burgled in nighttime raid,1,1,True,http://www.dailyrecord.co.uk/entertainment/celebrity/rita-oras-house-burgled-nighttime-6997811
2015-12-26,Boxing Day shoppers flee after 'knife fight' in shopping centre,2,1,True,http://www.dailyrecord.co.uk/news/uk-world-news/bromley-machete-panic-boxing-day-7074075
2015-12-30,Oliver Letwin apologises for 'racist' Broadwater Farm riot comments,3,1,True,http://www.greenocktelegraph.co.uk/news/14172461.display/
2016-01-04,Is new Jihadi John gun-toting Brit who skipped bail to join Syria?,2,1,True,http://www.mirror.co.uk/news/world-news/sister-british-extremist-fighter-says-7115296
2016-01-08,Pair await sentences over 1.6m 'romance scam',7,1,True,http://www.yeovilexpress.co.uk/news/national/14190934.Pair_await_sentences_over___1_6m__romance_scam_/
2016-01-13,Number of Met Police firearms officers to increase after terror attacks,8,1,True,http://www.maldonandburnhamstandard.co.uk/news/national/14201248.Number_of_Met_Police_firearms_officers_to_increase_after_terror_attacks/
2016-01-22,Firearms gang's glamorous assistant snared after taking naked selfie with AK-47,2,1,True,http://www.mirror.co.uk/news/uk-news/firearms-gangs-glamorous-assistant-facing-7225236
2016-02-04,Company boss shot dead in warehouse raid,2,1,True,http://www.westerntelegraph.co.uk/news/national/14253263.display/
2016-02-05,Police hunt masked gunmen after drinks company boss shot dead in robbery bid,3,1,True,http://www.lancashiretelegraph.co.uk/news/national/14256006.display/
2016-02-06,Gun salute marks 64th anniversary of Queen's accession to the throne,11,1,True,http://www.enfieldindependent.co.uk/news/national/14258404.Gun_salutes_to_mark_Queen_s_accession_to_the_throne/
2016-02-10,Daughter pays tribute to company boss shot dead in Birmingham warehouse raid,8,1,True,http://www.maldonandburnhamstandard.co.uk/news/national/14266847.Daughter_pays_tribute_to_company_boss_shot_dead_in_Birmingham_warehouse_raid/
2016-02-18,Man choked unconscious during Rolex robbery speaks out about horror attack,2,1,True,http://www.mirror.co.uk/news/uk-news/father-seven-choked-unconscious-during-7395994
2016-02-25,Domestic violence victim knifed 6 times by abusive Facebook boyfriend speaks out,2,1,True,http://www.mirror.co.uk/news/uk-news/domestic-violence-victim-speaks-out-7436982
2016-03-05,Baby of pregnant woman stabbed in daytime attack is born 'alive and healthy',2,1,True,http://www.mirror.co.uk/news/uk-news/baby-heavily-pregnant-woman-stabbed-7498179
2016-03-12,Man arrested over 'mistaken identity' gun murder,2,1,True,http://www.dailymail.co.uk/wires/pa/article-3489013/Man-arrested-mistaken-identity-gun-murder.html
2016-03-15,Woman 'stabbed and raped' in grounds of Alexandra Palace,2,1,True,http://www.standard.co.uk/news/crime/woman-stabbed-and-raped-in-grounds-of-alexandra-palace-a3203911.html
2016-03-23,Occupational therapist struck off after killing pensioner by dangerous driving,2,1,True,http://www.macclesfield-express.co.uk/news/local-news/occupational-therapist-struck-after-killing-11088642
2016-03-31,Police officer dead and at least six injured as gunman opens fire at bus station,2,1,True,http://www.mirror.co.uk/news/world-news/richmond-greyhound-shooting-least-six-7666368
2016-04-04,CCTV footage shows shoplifter stuffing luxury goods in trousers,2,1,True,http://www.mirror.co.uk/news/uk-news/shoplifter-jailed-after-bagging-100000-7685987
2016-04-28,Plunging number of police firearms officers prompts terror response questions,10,1,True,http://www.thetottenhamindependent.co.uk/news/national/14458951.display/
2016-05-20,Man arrested after stabbing frenzy had been charged with knife possession,12,1,True,http://www.thetottenhamindependent.co.uk/news/national/14506880.display/
2016-05-21,Lag filmed with knife as he weighs drugs INSIDE prison as security hits new low,2,1,True,http://www.mirror.co.uk/news/uk-news/lag-filmed-waving-fearsome-knife-8022489
2016-05-25,Rising gun crime 'giving terrorists greater access to weapons',7,1,True,http://www.dailymail.co.uk/wires/pa/article-3609335/Rising-gun-crime-giving-terrorists-greater-access-weapons.html
2016-05-27,University Challenge contestant charged with rape and sexual assault,2,1,True,http://www.dailymail.co.uk/news/article-3612468/University-Challenge-contestant-21-led-internet-sensation-charged-rape-sexual-assault.html
2016-05-28,Two men convicted of murdering woman shot in face with sawn-off gun,7,1,True,http://www.wiltsglosstandard.co.uk/news/national/14522808.Two_men_convicted_of_murdering_woman_shot_in_face_with_sawn_off_gun/
2016-06-12,Gunman who killed 50 in worst US mass shooting was known to the authorities,5,1,True,http://www.wiltsglosstandard.co.uk/news/national/14552222.Barack_Obama_condemns__act_of_terrorism__after_50_die_in_worst_US_mass_shooting/
2016-06-15,Teenagers arrested and bailed over High Street gun drama,4,1,True,http://www.maldonandburnhamstandard.co.uk/news/north_essex_news/14557779.Teenagers_arrested_and_bailed_over_High_Street_gun_drama/
2016-06-16,Labour MP Jo Cox dies after being 'shot and stabbed' - latest updates,3,1,True,http://www.manchestereveningnews.co.uk/news/uk-news/live-jo-cox-shot-birstall-11482692
2016-06-17,Victim of Tube knife attack says UK gun laws prevented massacre,9,1,True,http://www.wiltsglosstandard.co.uk/news/national/14564354.Victim_of_Tube_knife_attack_says_UK_gun_laws_prevented_massacre/
2016-06-29,"Rita Ora burglary: Man jailed over 200,000 raid",12,1,True,http://www.enfieldindependent.co.uk/news/national/14587369.Rita_Ora_burglary__Man_found_guilty_of_raid_on_pop_star_s_home/
2016-07-04,Max Clifford 'determined to clear his name' over new indecent assault allegation,2,1,True,http://www.maldonandburnhamstandard.co.uk/news/national/14596988.Max_Clifford__determined_to_clear_his_name__over_new_indecent_assault_allegation/
2016-07-08,'Supergirl' car theft escape youngster praised by police,7,1,True,http://www.dailymail.co.uk/wires/pa/article-3680920/Supergirl-car-theft-escape-youngster-praised-police.html
2016-07-15,Gunfire as Nice 'terror attack driver' fires out of truck window,2,1,True,http://www.mirror.co.uk/news/world-news/nice-terror-attack-chilling-sound-8425353
2016-07-18,"Widow, 86, robbed of 21,000 life savings by card theft gang",8,1,True,http://www.yeovilexpress.co.uk/news/national/14625622.Widow__86__robbed_of___21_000_life_savings_by_card_theft_gang/
2016-07-18,widow 86 robbed of 21000 life savings by card theft gang,2,2,True,https://www.eveningexpress.co.uk/pipe/news/uk/widow-86-robbed-of-21000-life-savings-by-card-theft-gang/
2016-07-27,Pool party gun victim named by police,5,1,True,http://www.dailymail.co.uk/wires/pa/article-3711531/Pool-party-gun-victim-named-police.html
2016-07-27,Live updates as ISIS fanatic faces life sentence for tube station knife rampage,2,2,True,http://www.mirror.co.uk/news/uk-news/leytonstone-tube-stabbing-sentencing-live-8501527
2016-07-28,Police firearms officer numbers dip for fourth year,6,1,True,http://www.harwichandmanningtreestandard.co.uk/news/national/14649049.Police_firearms_officer_numbers_dip_for_fourth_year/
2016-07-28,Worker stops gunmen in post office robbery bid,2,2,True,http://www.harwichandmanningtreestandard.co.uk/news/14647688.Worker_stops_gunmen_in_post_office_robbery_bid/
2016-07-29,Worker stops gunmen in post office robbery bid,1,1,True,http://www.harwichandmanningtreestandard.co.uk/news/14647688.Worker_stops_gunmen_in_post_office_robbery_bid/
2016-08-01,UPDATED: Two men stabbed in 'ghastly' attack after returning from night out in Colchester,3,1,True,http://www.harwichandmanningtreestandard.co.uk/news/north_essex_news/14652671.UPDATED__Two_men_stabbed_in__ghastly__attack_after_returning_from_night_out_in_Colchester/
2016-08-02,"Mobile device fans highly susceptible to identity theft bids, research suggests",2,1,True,http://www.westerntelegraph.co.uk/news/national/14657875.Mobile_device_fans_highly_susceptible_to_identity_theft_bids__research_suggests/
2016-08-02,mobile device fans highly susceptible to identity theft bids research suggests,1,2,True,http://www.belfasttelegraph.co.uk/news/uk/mobile-device-fans-highly-susceptible-to-identity-theft-bids-research-suggests-34934200.html
2016-08-03,"Mobile device fans highly susceptible to identity theft bids, research suggests",5,1,True,http://www.westerntelegraph.co.uk/news/national/14657875.Mobile_device_fans_highly_susceptible_to_identity_theft_bids__research_suggests/
2016-08-03,Police forces face two-year wait for extra firearms officers,3,2,True,http://www.birminghammail.co.uk/news/uk-news/police-forces-face-two-year-11697198
2016-08-03,mobile device fans highly susceptible to identity theft bids research suggests,1,3,True,http://www.belfasttelegraph.co.uk/news/uk/mobile-device-fans-highly-susceptible-to-identity-theft-bids-research-suggests-34934200.html
2016-08-04,Woman dead and five injured following knife incident in central London,5,1,True,http://www.mirror.co.uk/news/uk-news/russell-square-terror-attack-woman-8557859
2016-08-04,Police probe terror motive in knife attack that killed woman in London,2,2,True,http://www.manchestereveningnews.co.uk/news/uk-news/police-probe-terror-motive-knife-11702312
2016-08-04,Russell Square knife attack: What we know so far,2,3,True,http://www.mirror.co.uk/news/uk-news/russell-square-knife-attack-what-8558191
2016-08-15,Zombie knife sellers face jail as 'horrific' weapons banned,9,1,True,http://www.enfieldindependent.co.uk/news/national/14682188.Zombie_knife_sellers_face_jail_as__horrific__weapons_banned/
2016-08-16,Armed police swoop on car after 'gun' reports,4,1,True,http://www.enfieldindependent.co.uk/news/national/14686137.Armed_police_swoop_on_car_after__gun__reports/
2016-08-18,Watch George Osborne go Rambo as he blasts with machine gun in Vietnam jungle,2,1,True,http://www.dailyrecord.co.uk/news/uk-world-news/watch-george-osborne-go-rambo-8660787
2016-08-18,Youth accused of abducting children in stolen car refuses to face c...,2,2,True,http://www.dailymail.co.uk/wires/pa/article-3747033/Youth-accused-abducting-children-stolen-car-refuses-face-court.html
2016-08-18,Youth accused of abducting children in stolen car refuses to face court,2,3,True,http://www.wiltsglosstandard.co.uk/news/national/14690939.Youth_accused_of_abducting_children_in_stolen_car_refuses_to_face_court/
2016-08-19,"Man had 'gun in hand and was pointing it at colleague', policeman tells inquest",2,1,True,http://www.enfieldindependent.co.uk/news/14693563.Man_had__gun_in_hand_and_was_pointing_it_at_colleague___policeman_tells_inquest/
2016-08-19,Teenager accused of abducting children in stolen car refuses to face court,1,2,True,http://www.enfieldindependent.co.uk/news/14690966.Teenager_accused_of_abducting_children_in_stolen_car_refuses_to_face_court/
2016-08-26,Duo slashed in the back and legs with knife: One man remains in hospital and police appeal for information,2,1,True,http://www.maldonandburnhamstandard.co.uk/news/south_essex_news/14707278.Man_in_hospital_after_two_men_left_with_knife_injuries_after_assault/
2016-08-30,"Boy, 15, suffers horrific stomach injuries after Carnival knife attack",2,1,True,http://www.standard.co.uk/news/crime/boy-15-slashed-in-stomach-with-zombie-killer-knife-at-notting-hill-carnival-a3331921.html
2016-08-31,Boy and aunt killed when hit by suspected stolen car have been identified,2,1,True,http://www.mirror.co.uk/news/uk-news/penge-car-crash-police-ambulances-8744537
2016-09-02,northants police yet to prosecute anyone using new coercive control law six months after it was introduced 1,2,1,True,http://www.daventryexpress.co.uk/news/local/northants-police-yet-to-prosecute-anyone-using-new-coercive-control-law-six-months-after-it-was-introduced-1-7556954
2016-09-08,Man who killed new father had knife charges dropped days earlier,2,1,True,http://www.thetimes.co.uk/edition/news/man-who-killed-new-father-had-knife-charges-dropped-days-before-n83gq3whw
2016-09-14,Two arrested after man stabbed to death while trying to stop moped theft,18,1,True,http://www.yeovilexpress.co.uk/news/national/14741566.Two_arrested_after_man_dies_trying_to_stop_moped_theft/
2016-09-14,Chadwell Heath knife victim was bodyguard to the stars,4,2,True,http://www.mirror.co.uk/news/uk-news/chadwell-heath-murder-probe-son-8830489
2016-09-19,"Live: Manchester breaking news -  Cash delivery driver robbed by armed men, Princess Parkway crash, tram hero granddad, domestic abuse arrests",3,1,True,http://www.manchestereveningnews.co.uk/news/greater-manchester-news/live-manchester-breaking-news-person-11904273
2016-09-20,Firearms officers quizzed over fatal shooting at inquest,8,1,True,http://www.enfieldindependent.co.uk/news/national/14754345.Firearms_officers_quizzed_over_fatal_shooting_at_inquest/
2016-09-26,Stun gun disguised as mobile is seized,2,1,True,http://www.southendstandard.co.uk/news/14763752.Stun_gun_disguised_as_mobile_is_seized/
2016-10-03,"Man, 29, is charged with gun offences",2,1,True,http://www.basildonstandard.co.uk/news/14776109.display/
2016-10-04,"Birmingham Live: Driver charged over death, Erdington gun drama",3,1,True,http://www.birminghammail.co.uk/news/midlands-news/birmingham-mail-news-live-breaking-11954346
2016-10-05,Chef 'obsessed with drug rape pornography' is 'a serial killer',2,1,True,http://www.independent.co.uk/news/uk/crime/grindr-killer-court-trial-stephen-port-chef-obsessed-with-drug-rape-pornography-hearing-a7346586.html
2016-10-08,Police appeal for witnesses after late night mobile phone theft,3,1,True,http://www.maldonandburnhamstandard.co.uk/news/north_essex_news/14790859.Police_appeal_for_witnesses_after_late_night_mobile_phone_theft/
2016-10-11,Cocaine dealing primary school teacher kept machine gun in her knicker drawer,2,1,True,http://www.mirror.co.uk/news/uk-news/cocaine-dealing-primary-school-teacher-9023358
2016-10-12,Armed police storm pub after 'swatting' claim woman was being held hostage by gunman,2,1,True,http://www.standard.co.uk/news/crime/armed-police-storm-pub-after-hoax-swatting-claim-woman-was-being-held-hostage-by-gunman-a3366711.html
2016-10-17,"Sex abuse gang 'plied teen girls with drugs and alcohol before farming them out to be raped and abused', court hears",4,1,True,http://www.basildonstandard.co.uk/news/14806976.display/
2016-10-17,Killers jailed for total of 48 years for teen's knife death,2,2,True,http://www.maldonandburnhamstandard.co.uk/news/south_essex_news/14806128.Killers_jailed_for_total_of_48_years_for_teen_s_knife_death/
2016-10-20,Bank windows covered in graffiti before man dressed as The Joker is arrested while brandishing a knife,2,1,True,http://www.maldonandburnhamstandard.co.uk/news/south_essex_news/14814680.Bank_windows_covered_in_graffiti_before_man_brandishing_a_knife_enters_branch_and_is_arrested/
2016-10-26,'Instinct just kicked in' Heroic bar staff praised for saving life of stabbing victim by stemming blood flow after frenzied attack,2,1,True,http://www.maldonandburnhamstandard.co.uk/news/south_essex_news/14822719._Instinct_just_kicked_in__Heroic_bar_staff_praised_for_saving_life_of_stabbing_victim_by_stemming_blood_flow_after_frenzied_attack/
2016-10-31,Police issue terror plot warning amid rise in recovered firearms,16,1,True,http://www.wiltsglosstandard.co.uk/news/national/14834059.Counter_terror_boss_warns_over_gun_supply__links__between_gangs_and_extremists/
2016-11-04,CCTV footage shows moment loner attacked victims in Sainsbury's stabbing spree,2,1,True,http://www.mirror.co.uk/news/uk-news/cctv-footage-reveals-terrifying-moment-9196164
2016-11-04,Coroner asks for less-lethal police weapons after mentally ill man shot,2,2,True,http://www.enfieldindependent.co.uk/news/14844473.Coroner_asks_for_less_lethal_police_weapons_after_mentally_ill_man_shot/
2016-11-11,Southend's knife crime problem is as bad as London: Fears raised after yet another stabbing in town,1,1,True,http://www.basildonstandard.co.uk/news/14883459.display/
2016-11-13,Southend's knife crime problem is as bad as London: Fears raised after yet another stabbing in town,1,1,True,http://www.basildonstandard.co.uk/news/14883459.display/
2016-11-23,Police forces must fight gangs together: MP's plea for help as Southend knife problems mount,2,1,True,http://www.basildonstandard.co.uk/news/14922720.display/
2016-12-01,UPDATE: Drug dealer who said he was 'gutted' friend used acid during attack found guilty after just 18 minutes,3,1,True,http://www.maldonandburnhamstandard.co.uk/news/south_essex_news/14938117.Acid_burnt_through_man_s_clothes_and_skin_in_convenience_store__punishment_warning_/
2016-12-07,Luciana Berger in plea to other victims as racist troll convicted of harassment,7,1,True,http://www.lancashiretelegraph.co.uk/news/national/14952014.Luciana_Berger_in_plea_to_other_victims_as_racist_troll_convicted_of_harassment/
2016-12-07,julian assange says texts show he is entirely innocent of sexual assault,1,2,True,http://www.theguardian.com.au/story/4343020/julian-assange-says-texts-show-he-is-entirely-innocent-of-sexual-assault/
2016-12-08,Luciana Berger in plea to other victims as racist troll convicted of harassment,2,1,True,http://www.lancashiretelegraph.co.uk/news/national/14952014.Luciana_Berger_in_plea_to_other_victims_as_racist_troll_convicted_of_harassment/
2016-12-14,"Homeless man, 24, accused of murdering father in town centre says: I reached for knife in fear and shock",2,1,True,http://www.basildonstandard.co.uk/news/14963869.display/
2016-12-14,Central Line closed and police search Liverpool Street station after reports of man armed with knife,1,2,True,http://www.harwichandmanningtreestandard.co.uk/news/14966779.Central_Line_closed_and_police_search_Liverpool_Street_station_after_reports_of_man_armed_with_knife/
2016-12-15,Central Line closed and police search Liverpool Street station after reports of man armed with knife,1,1,True,http://www.harwichandmanningtreestandard.co.uk/news/14966779.Central_Line_closed_and_police_search_Liverpool_Street_station_after_reports_of_man_armed_with_knife/
2016-12-16,"Iranian 'sex gang' members guilty of child sexual exploitation and supplying teenage girls with drugs, three men cleared of sex offences",2,1,True,http://www.maldonandburnhamstandard.co.uk/news/north_essex_news/14971418.Iranian__sex_gang__members_guilty_of_child_sexual_exploitation_and_supplying_teenage_girls_with_drugs__three_men_cleared_of_sex_offences/
2016-12-20,You will become a drug addict: How callous pimp controlled his teenage sex abuse victim,2,1,True,http://www.maldonandburnhamstandard.co.uk/news/south_essex_news/14976053.___You_will_become_a_drug_addict_____How_callous_pimp_controlled_his_teenage_sex_abuse_victim/
2016-12-23,Jihadi's uncle facing jail after smuggling money for nephew to buy gun,10,1,True,http://www.greenocktelegraph.co.uk/news/14985834.Jihadi_s_uncle_facing_jail_after_smuggling_money_for_nephew_to_buy_gun/
2016-12-25,julian assange says texts show he is entirely innocent of sexual assault,1,1,True,http://www.theguardian.com.au/story/4343020/julian-assange-says-texts-show-he-is-entirely-innocent-of-sexual-assault/
2016-12-28,"One year on, widow blames 'austerity' for husband's knife killing",8,1,True,http://www.yeovilexpress.co.uk/news/national/14989893.One_year_on__widow_blames__austerity__for_husband_s_knife_killing/
2017-01-06,Brazen thugs stab teen six times and attack him with belt in appalling CCTV,2,1,True,http://www.mirror.co.uk/news/uk-news/brazen-thugs-stab-teen-six-9571823
2017-01-13,Jihadi's uncle jailed for using aid convoy to smuggle cash for nephew's gun,5,1,True,http://www.thetottenhamindependent.co.uk/news/national/15022334.Jihadi_s_uncle_jailed_for_using_aid_convoy_to_smuggle_cash_for_nephew_s_gun/
2017-01-15,Stolen car found dumped - 15-year-old arrested on suspicion of theft,2,1,True,http://www.basildonstandard.co.uk/news/15024637.display/
2017-01-16,Tunisia gunman's murderous route through hotel complex shown in horror animation,1,1,True,http://www.mirror.co.uk/news/world-news/tunisia-gunmans-murderous-route-through-9634138
2017-01-17,Tunisia gunman's murderous route through hotel complex shown in horror animation,1,1,True,http://www.mirror.co.uk/news/world-news/tunisia-gunmans-murderous-route-through-9634138
2017-01-19,Angel sculpture takes shape as 40 police forces donate knife amnesty hauls,3,1,True,http://www.greenocktelegraph.co.uk/news/15034721.Angel_sculpture_takes_shape_as_40_police_forces_donate_knife_amnesty_hauls/
2017-01-21,'Devil worshipper' jailed for sex attack,5,1,True,http://www.westerntelegraph.co.uk/news/national/15039360._Devil_worshipper__jailed_for_sex_attack/
2017-01-24,Off-duty police officer given medal for bravery after taking on gunman,2,1,True,http://www.mirror.co.uk/news/uk-news/duty-police-officer-given-medal-9683671
2017-01-25,"Man Tasered in neck during vicious street robbery after being punched, kicked and hit with bottle",3,1,True,http://www.maldonandburnhamstandard.co.uk/news/south_essex_news/15044234.Man_was_Tasered_in_neck_during_vicious_street_robbery_after_being_punched__kicked_and_hit_with_bottle/
2017-01-31,"Value of goods stolen in Hatton Garden raid was 25m, court told",10,1,True,http://www.thetottenhamindependent.co.uk/news/national/15059834.Value_of_goods_stolen_in_Hatton_Garden_raid_was___25m__court_told/
2017-01-31,'Gems worth 25m were stolen in Hatton Garden vault raid',2,2,True,http://www.standard.co.uk/news/crime/value-of-hatton-garden-loot-has-risen-to-25m-court-hears-a3454456.html
2017-01-31,Man stabbed cousin repeatedly with kitchen knife in 'horrific' assault,2,3,True,http://www.standard.co.uk/news/crime/holloway-stabbing-man-sentenced-after-stabbing-his-cousin-repeatedly-in-chest-with-kitchen-knife-a3454706.html
2017-02-01,Driver convicted of threatening BBC's Jeremy Vine with cocked-gun gesture,2,1,True,http://www.mirror.co.uk/news/uk-news/driver-guilty-making-cocked-gun-9735361
2017-02-02,Tunisia attack survivor describes coming face to face with gunman,11,1,True,http://www.wiltsglosstandard.co.uk/news/national/15066373.Man_gave_dying_fiancee_mouth_to_mouth_after_Tunisia_terror_attack__inquest_told/
2017-02-03,Man charged with causing death by dangerous driving after A13 crash,2,1,True,http://www.maldonandburnhamstandard.co.uk/news/south_essex_news/15069916.Man_charged_with_causing_death_by_dangerous_driving_after_A13_crash/
2017-02-04,Tributes paid to tragic Richie who died in A13 horror crash - lorry driver in court on death by dangerous driving charge,2,1,True,http://www.maldonandburnhamstandard.co.uk/news/south_essex_news/15070940.Tributes_paid_to_tragic_Richie_who_died_in_A13_horror_crash__lorry_driver_in_court_on_death_by_dangerous_driving_charge/
2017-02-06,Teenager who killed tourist in knife rampage could be locked up indefinitely,8,1,True,http://www.westerntelegraph.co.uk/news/national/15072352.Teenager_who_killed_tourist_in_knife_rampage_could_be_locked_up_indefinitely/
2017-02-06,Quiet day at Sandringham for Queen as London gun salutes mark Sapphire Jubilee,6,2,True,http://www.yeovilexpress.co.uk/news/national/15072351.Queen_is_first_British_monarch_to_reach_Sapphire_Jubilee_after_65_year_reign/
2017-02-06,Tributes paid to tragic Richie who died in A13 horror crash - lorry driver in court on death by dangerous driving charge,1,3,True,http://www.maldonandburnhamstandard.co.uk/news/south_essex_news/15070940.Tributes_paid_to_tragic_Richie_who_died_in_A13_horror_crash__lorry_driver_in_court_on_death_by_dangerous_driving_charge/
2017-02-07,Teenager to be sentenced over knife attack on American tourist,10,1,True,http://www.greenocktelegraph.co.uk/news/15074351.Teenager_to_be_sentenced_over_knife_attack_on_American_tourist/
2017-02-07,Rolf Harris ACQUITTED of one charge of indecent assault,2,2,True,http://www.express.co.uk/news/uk/764144/Rolf-Harris-acquitted-charge-indecent-assault
2017-02-13,Poll reveals police support for Tasers but no clamour for regular firearms,4,1,True,http://www.wiltsglosstandard.co.uk/news/national/15087553.Poll_reveals_police_support_for_Tasers_but_no_clamour_for_regular_firearms/
2017-02-14,Coroner links nightclub knife attack to death of 'gangster' in mansion,2,1,True,http://www.thetottenhamindependent.co.uk/news/national/15091230.Coroner_links_nightclub_knife_attack_to_death_of__gangster__in_mansion/
2017-02-19,Man and woman die of 'knife wounds' following disturbance,7,1,True,http://www.yeovilexpress.co.uk/news/national/15102946.Man_and_woman_die_of__knife_wounds__following_disturbance/
2017-02-19,Lotto rapist's victim calls for police to reopen fraud probe over 2.5m 'scam',1,2,True,http://www.dailyrecord.co.uk/news/uk-world-news/lotto-rapists-victim-calls-police-9851739
2017-02-20,Lotto rapist's victim calls for police to reopen fraud probe over 2.5m 'scam',1,1,True,http://www.dailyrecord.co.uk/news/uk-world-news/lotto-rapists-victim-calls-police-9851739
2017-02-23,Shocking footage shows sexual harassment suffered by women in Britain EVERY DAY,2,1,True,http://www.mirror.co.uk/tv/tv-news/shocking-footage-shows-sexual-harassment-9898625
2017-03-01,Burglar jailed for eight years for 1m raid on Simon Cowells west London home,5,1,True,http://www.harwichandmanningtreestandard.co.uk/news/national/15126243.Burglar_jailed_for_eight_years_for___1m_raid_on_Simon_Cowell___s_west_London_home/
2017-03-03,Essex police prepared for Paris-style terror attack...but more firearms officers needed,4,1,True,http://www.harwichandmanningtreestandard.co.uk/news/15130082.Police_in_Essex_are_prepared_for_Paris_style_marauding_terrorist_attack_but_more_firearms_officers_are_needed/
2017-03-07,"Three knife-wielding burglars storm into man's flat to steal phone and keys to his 20,000 BMW",2,1,True,http://www.maldonandburnhamstandard.co.uk/news/south_essex_news/15137345.Three_men_storm_into_Basildon_flat_with_knives_to_steal_BMW/
2017-03-10,Police scramble helicopter and dog unit to hunt for gunman on the run after he threatens stranger in the street,2,1,True,http://www.maldonandburnhamstandard.co.uk/news/south_essex_news/15145934.Police_scramble_helicopter_and_dog_unit_to_hunt_for_gunman_on_the_run_after_he____threatens_stranger_in_the_street___/
2017-03-13,PICTURE: Man caught on CCTV throwing rucksack with this 20cm knife inside into bushes,2,1,True,http://www.maldonandburnhamstandard.co.uk/news/south_essex_news/15149312.PICTURE__Man_caught_on_CCTV_throwing_rucksack_with_this_20cm_knife_inside_into_bushes/
2017-03-19,Met fights mock-gun battle on Thames during terrorism test,5,1,True,http://www.dailymail.co.uk/wires/pa/article-4328934/Met-fights-mock-gun-battle-Thames-terrorism-test.html
2017-03-21,"UPDATED: Boy, 14, attacked outside fried chicken takeaway is third stabbing victim in days",3,1,True,http://www.harwichandmanningtreestandard.co.uk/news/north_essex_news/15170933.Boy__14__stabbed_outside_fried_chicken_takeaway/
2017-03-22,breaking live four dead after westminster terror attack including police officer and his attacker who was shot 1,4,1,True,http://www.skegnessstandard.co.uk/news/crime/breaking-live-four-dead-after-westminster-terror-attack-including-police-officer-and-his-attacker-who-was-shot-1-7879580
2017-03-22,"UPDATED: Boy, 14, attacked outside fried chicken takeaway is third stabbing victim in days",2,2,True,http://www.harwichandmanningtreestandard.co.uk/news/north_essex_news/15170933.Boy__14__stabbed_outside_fried_chicken_takeaway/
2017-03-22,northampton mp told to stay in parliament after police officer stabbed and one person shot in central london 1,2,3,True,http://www.daventryexpress.co.uk/news/northampton-mp-told-to-stay-in-parliament-after-police-officer-stabbed-and-one-person-shot-in-central-london-1-7879746
2017-03-23,Armed police in overnight raid in Birmingham linked to London terror attack,2,1,True,http://www.mirror.co.uk/news/uk-news/armed-police-raid-flat-birmingham-10080935
2017-03-23,Live: Police raid second Birmingham address over terror attack,2,2,True,http://www.birminghammail.co.uk/news/midlands-news/live-london-terrorist-attack-birmingham-12783861
2017-03-23,london attack five dead and policeman stabbed as knifeman brings terror to westminster 1,2,3,True,http://www.wakefieldexpress.co.uk/news/crime/london-attack-five-dead-and-policeman-stabbed-as-knifeman-brings-terror-to-westminster-1-8453471
2017-03-26,Ranting Brit ISIS thug called for lone wolf knife rampages before London attack,1,1,True,http://www.mirror.co.uk/news/uk-news/ranting-british-isis-thug-called-10104900
2017-03-27,Ranting Brit ISIS thug called for lone wolf knife rampages before London attack,1,1,True,http://www.mirror.co.uk/news/uk-news/ranting-british-isis-thug-called-10104900
2017-03-29,"Superfan who spent 5,000 on Ben Mitchell shrine speaks of his terror as knife-wielding burglar storms into his home",3,1,True,http://www.maldonandburnhamstandard.co.uk/news/south_essex_news/15187503.Superfan_who_spent___5_000_on_Ben_Mitchell_shrine_speaks_of_his_terror_as_knife_wielding_burglar_storms_into_his_home/
2017-03-29,Man who 'killed Brit while high on cocaine also raped a woman',1,2,True,http://www.dailymail.co.uk/news/article-4361014/Man-killed-Brit-high-raped-ex-girlfriend.html
2017-03-30,Man who 'killed Brit while high on cocaine also raped a woman',1,1,True,http://www.dailymail.co.uk/news/article-4361014/Man-killed-Brit-high-raped-ex-girlfriend.html
2017-04-04,May demands probe into Syria chemical weapons attack,9,1,True,http://www.enfieldindependent.co.uk/news/national/15203064.May_demands_probe_into_Syria____chemical_weapons_attack___/
2017-04-04,UPDATED: Man to appear in court charged with robbery and possession of a firearm after two Asda security guards robbed,3,2,True,http://www.maldonandburnhamstandard.co.uk/news/north_essex_news/15202660.Man_arrested_in_connection_with_armed_robbery_and_attempted_armed_robbery/
2017-04-04,Two 15 year olds forced onto train by man armed with knife,2,3,True,http://www.maldonandburnhamstandard.co.uk/news/south_essex_news/15202272.Two_15_year_olds_forced_onto_train_by_man_armed_with_knife/
2017-04-05,Burglar who stole stuffed chimpanzee in a top hat spared jail,2,1,True,http://www.mirror.co.uk/news/uk-news/burglar-who-stole-stuffed-chimpanzee-10160964
2017-04-06,"Boy, 15, threatened with a knife and robbed of his bike by brazen gang of a dozen youths",2,1,True,http://www.maldonandburnhamstandard.co.uk/news/south_essex_news/15206062.Boy__15__threatened_with_a____knife____and_robbed_of_his_bike_by_brazen_gang_of_a_dozen_youths/
2017-04-10,Drug dealer who refused to give up his criminal ways despite being shot in the head is jailed,2,1,True,http://www.maldonandburnhamstandard.co.uk/news/south_essex_news/15212558.Drug_dealer_who_was_shot_in_head_is_jailed/
2017-04-11,CCTV shows moments before homeless man killed hotel worker in violent sex attack,2,1,True,http://www.mirror.co.uk/news/uk-news/cctv-shows-haunting-moment-homeless-10203512
2017-04-12,"Homeless man jailed for killing hotel worker in ""shocking and wicked"" sex attack",2,1,True,http://www.mirror.co.uk/news/uk-news/homeless-killer-jailed-least-30-10210730
2017-04-14,Young British woman stabbed to death by crazed knifeman in Good Friday attack,2,1,True,https://www.thesun.co.uk/news/3332731/british-woman-stabbed-death-jerusalem-israel-tram-knife-attack-hannah-bladon/
2017-04-16,Stabbing victims father urges all families to address knife crime increase,7,1,True,http://www.westerntelegraph.co.uk/news/national/15227679.Three_teenagers_held_over_death_of_man_from_stab_wounds/
2017-04-18,Met chief pledges to tackle knife and gun crime before celebrity inquiries,2,1,True,https://www.thetimes.co.uk/edition/news/police-chief-on-collision-course-with-may-over-stop-and-search-bjm6zfb3x
2017-04-19,Met chief pledges to tackle knife and gun crime before celebrity inquiries,1,1,True,https://www.thetimes.co.uk/edition/news/police-chief-on-collision-course-with-may-over-stop-and-search-bjm6zfb3x
2017-04-21,"Class A drugs, weapons and cash found following police operation in church grounds",2,1,True,http://www.maldonandburnhamstandard.co.uk/news/north_essex_news/15238154.Drugs__weapons_and_cash_found_during_police_operation_on_church_grounds/
2017-04-22,Panic at central Paris train station as 'knife-wielding man threatens police',2,1,True,http://www.mirror.co.uk/news/world-news/paris-gare-du-nord-knife-10274783
2017-04-24,Ukip integration agenda attacked as Islamophobic,1,1,True,https://www.thetimes.co.uk/edition/news/ukip-calls-for-annual-medical-checks-on-girls-at-risk-of-fgm-qjbwgts38
2017-04-25,Two days of knife violence leave three dead in capital,2,1,True,https://www.thetimes.co.uk/edition/news/two-days-of-knife-violence-leave-three-dead-in-capital-sz8nd36zf
2017-04-25,Ukip integration agenda attacked as Islamophobic,1,2,True,https://www.thetimes.co.uk/edition/news/ukip-calls-for-annual-medical-checks-on-girls-at-risk-of-fgm-qjbwgts38
2017-04-27,"Woman terror suspect, 20, shot by heavily-armed cops in London raid told officers to 'get off' as they tried to treat wounds - as six are arrested over 'active' terror plot",1,1,True,https://www.thesun.co.uk/news/3433321/terror-raid-willesden-shooting/
2017-04-28,Man in 20s dies in latest knife attack in London,5,1,True,http://www.dailymail.co.uk/wires/pa/article-4456532/Man-20s-dies-latest-knife-attack-London.html
2017-04-28,"Woman terror suspect, 20, shot by heavily-armed cops in London raid told officers to 'get off' as they tried to treat wounds - as six are arrested over 'active' terror plot",1,2,True,https://www.thesun.co.uk/news/3433321/terror-raid-willesden-shooting/
2017-04-30,Woman shot during police terror raid discharged from hospital,7,1,True,http://www.dailymail.co.uk/wires/pa/article-4460600/Woman-shot-police-terror-raid-discharged-hospital.html
2017-04-30,oman shot and arrested during London police anti-terror raid 'may have been pregnant',2,2,True,https://www.thesun.co.uk/news/3449584/willesden-terror-arrest-woman-burka-pregnant-claims/
2017-05-04,Police were not wearing bodycams when woman was shot in counter-terror raid,5,1,True,http://www.westerntelegraph.co.uk/news/national/15266007.Police____were_not_wearing_bodycams____when_woman_was_shot_in____counter_terror____raid/
2017-05-07,Obsessed ex threatened to stab and burn Girls Aloud star Nicola in stalking hell,2,1,True,http://www.mirror.co.uk/3am/celebrity-news/obsessed-ex-threatened-stab-burn-10373978
2017-05-11,Former N-Dubz singer Dappy arrested following alleged knife incident,4,1,True,http://www.yeovilexpress.co.uk/news/national/15280006.Former_N_Dubz_singer_Dappy_arrested_following_alleged_knife_incident/
2017-05-11,Women in court over all-female knife plot,1,2,True,https://www.thetimes.co.uk/edition/news/women-in-court-over-all-female-knife-plot-ptrvj2260
2017-05-12,Women in court over all-female knife plot,1,1,True,https://www.thetimes.co.uk/edition/news/women-in-court-over-all-female-knife-plot-ptrvj2260
2017-05-13,Hackers who took down NHS  used cyber weapons stolen from American SPIES,2,1,True,http://www.mirror.co.uk/news/uk-news/hackers-who-took-down-nhs-10413153
2017-05-17,union jumped the gun by holding possible strike talks says northamptonshire s fire chief 1,2,1,True,http://www.daventryexpress.co.uk/news/union-jumped-the-gun-by-holding-possible-strike-talks-says-northamptonshire-s-fire-chief-1-7963586
2017-05-19,Rolf Harris released from prison & will attend indecent assault trial in person,2,1,True,http://www.manchestereveningnews.co.uk/news/uk-news/rolf-harris-released-prison-attend-13059616
2017-05-23,Hairdresser admits dangerous driving after M25 lorry crash,2,1,True,http://www.enfieldindependent.co.uk/news/15303294.Hairdresser_admits_dangerous_driving_after_M25_lorry_crash/
2017-05-29,Brazen drug addict burglar can't be deported as no one can prove where he's from,2,1,True,http://www.dailyrecord.co.uk/news/uk-world-news/brazen-spice-addicted-burglar-left-10521504
2017-06-04,Seven dead after vehicle and knife terror attacks in London,3,1,True,http://www.manchestereveningnews.co.uk/news/uk-news/london-bridge-terror-six-dead-13134626
2017-06-04,Bystander shot as London Bridge attack terror cops open fire on three knifemen,2,2,True,https://www.thesun.co.uk/news/3718837/london-bridge-attack-bystander-shot-in-head-killed/
2017-06-04,Hero journalist stabbed in terror attack tried to take on terrorists,2,3,True,http://www.dailyrecord.co.uk/it-isnt-happening-watch-heroic-10557375
2017-06-06,"Waiter, 27, stabbed to death in front of horrified pals in London terror attack",2,1,True,http://www.mirror.co.uk/news/uk-news/french-waiter-stabbed-neck-front-10570383
2017-06-10,Gun salute marks Philips 96th birthday ahead of retirement from duties,5,1,True,http://www.yeovilexpress.co.uk/news/national/15340527.Gun_salute_marks_Philip___s_96th_birthday_ahead_of_retirement_from_duties/
2017-06-10,Man shot dead in drive-by attack in south London,2,2,True,http://www.dailymail.co.uk/wires/pa/article-4591018/Man-shot-dead-drive-attack-south-London.html
2017-06-11,London Bridge attack: eight minutes that shot down Britains strategy on terror,2,1,True,https://www.thetimes.co.uk/edition/news/london-bridge-attack-eight-minutes-that-shot-down-britain-s-strategy-on-terror-x2rnm89hw
2017-06-13,London Bridge deaths inquests set out knife attack details,7,1,True,http://www.greenocktelegraph.co.uk/news/national/15344318.London_Bridge_deaths_inquests_set_out_knife_attack_details/
2017-06-14,Father from South Essex who was stabbed during the Borough Market terror attack praises police officer who stayed by his side,2,1,True,http://www.basildonstandard.co.uk/news/15345560.display/
2017-06-16,Man tasered after 'reaching for knife' outside Palace of Westminster,3,1,True,http://www.walesonline.co.uk/news/uk-news/man-tasered-after-reaching-knife-13195630
2017-06-22,Man stabbed and crowds flee after 'knife fight' in packed park,2,1,True,https://www.standard.co.uk/news/crime/russell-square-stabbing-man-stabbed-and-crowds-flee-after-knife-fight-in-packed-park-a3571251.html
2017-06-24,Police officer stabbed and punched in the head by teenage thug,2,1,True,http://www.standard.co.uk/news/crime/police-officer-stabbed-and-punched-in-head-by-teenage-thug-in-southeast-london-a3572421.html
2017-06-26,N-Dubz rapper Dappy walks free from court after knife charge,3,1,True,http://www.westerntelegraph.co.uk/news/national/15373222.N_Dubz_rapper_Dappy_walks_free_from_court_after_knife_charge/
2017-06-27,Mayor launches London knife crime crackdown after wave of fatal stabbings,8,1,True,http://www.lancashiretelegraph.co.uk/news/national/15374448.Mayor_launches_London_knife_crime_crackdown_after_wave_of_fatal_stabbings/
2017-06-27,Family of Muslim woman burned in acid attack fear it was race hate crime,2,2,True,http://www.dailyrecord.co.uk/news/family-muslim-woman-burned-random-10694100
2017-06-27,Knife checks to be offered at every London school,2,3,True,https://www.standard.co.uk/news/crime/knife-checks-to-be-brought-in-at-every-london-school-after-stabbings-soar-a3573996.html
2017-06-28,Mayor launches London knife crime crackdown after wave of fatal stabbings,4,1,True,http://www.lancashiretelegraph.co.uk/news/national/15374448.Mayor_launches_London_knife_crime_crackdown_after_wave_of_fatal_stabbings/
2017-06-30,Driver who reached into footwell to pick up Sat Nav found GUILTY of causing death by dangerous driving,2,1,True,http://www.harwichandmanningtreestandard.co.uk/news/north_essex_news/15383027.Driver_who_reached_into_footwell_to_pick_up_Sat_Nav_found_GUILTY_of_causing_death_by_dangerous_driving/
2017-06-30,Mosque targeted in Finsbury Park terror attack sent racist hate mail,2,2,True,http://www.standard.co.uk/news/london/mosque-targeted-in-finsbury-park-terror-attack-sent-death-threats-and-racist-hate-mail-a3577411.html
2017-07-14,Knife-crime laws to halt acid attacks,2,1,True,https://www.thetimes.co.uk/edition/scotland/knife-crime-type-laws-planned-to-halt-acid-attacks-k66hp2z2l
2017-07-24,"Celine Dookhran, 19, kidnapped, raped and murdered in honour attack",1,1,True,https://www.thetimes.co.uk/edition/news/two-men-in-court-over-rape-and-honour-killing-of-teenager-8jftcmvlp
2017-07-25,"Celine Dookhran, 19, kidnapped, raped and murdered in honour attack",1,1,True,https://www.thetimes.co.uk/edition/news/two-men-in-court-over-rape-and-honour-killing-of-teenager-8jftcmvlp
2017-07-27,Police hunt killers after man shot and stabbed for Rolex watch,2,1,True,http://www.dailymail.co.uk/wires/pa/article-4735292/Police-hunt-killers-man-shot-stabbed-Rolex-watch.html
2017-07-30,Gangster jailed for stashing drugs and gun used to murder two men,4,1,True,http://www.thetottenhamindependent.co.uk/news/national/15442575.Gangster_jailed_for_stashing_drugs_and_gun_used_to_murder_two_men/
2017-07-31,Revealed: lethal arsenal uncovered by Londoners fighting knife gangs,2,1,True,http://www.standard.co.uk/news/crime/revealed-the-lethal-arsenal-uncovered-by-londoners-fighting-back-against-knife-gangs-a3599976.html
2017-08-04,Couple brutally beaten in 'homophobic attack over colourful shoes',2,1,True,http://www.standard.co.uk/news/crime/barrister-and-partner-brutally-beaten-in-homophobic-attack-over-their-brightly-coloured-shoes-a3603751.html
2017-08-08,Knife thug facing jail after killing man in row over driving licence,2,1,True,http://www.standard.co.uk/news/crime/joseph-olopo-stabbing-knife-thug-facing-jail-after-killing-young-man-in-row-over-driving-licence-a3607001.html
2017-08-12,Man jailed after waving gun at another driver in road rage row over reversing,2,1,True,http://www.mirror.co.uk/news/uk-news/man-jailed-after-waving-gun-10976230
2017-08-13,Police slam Uber over sex attack drivers,2,1,True,https://www.thetimes.co.uk/edition/news/police-slam-uber-over-sex-attack-drivers-6hnsf5xp8
2017-09-02,Gunmen kill child and police officer in attack on Pakistan politician,6,1,True,http://www.dailymail.co.uk/wires/pa/article-4846436/Gunmen-kill-child-police-officer-attack-Pakistan-politician.html
2017-09-10,Cambridge University hires adviser to support sex attack victims,2,1,True,https://www.thetimes.co.uk/edition/news/arena-reopens-after-terror-attack-p6c5pzp8d
2017-09-15,Birmingham Live: Huge tyre blaze; Shooting victim named,2,1,True,http://www.birminghammail.co.uk/news/midlands-news/birmingham-live-fire-smoke-oldbury-13589738
2017-09-15,acton town london underground incident man knife,2,2,True,http://www.dailystar.co.uk/news/latest-news/645255/acton-town-london-underground-incident-man-knife
2017-09-15,London attack: Police raid Surrey home in Parsons Green bomb investigation,1,3,True,https://www.thetimes.co.uk/edition/news/london-attack-terror-alert-level-raised-to-critical-after-nail-bomber-attacks-tube-mmh6rx7x2
2017-09-16,London attack: Police raid Surrey home in Parsons Green bomb investigation,1,1,True,https://www.thetimes.co.uk/edition/news/london-attack-terror-alert-level-raised-to-critical-after-nail-bomber-attacks-tube-mmh6rx7x2
2017-09-17,"Parsons Green terror attack - Cops raid home just YARDS from Heathrow after second man, 21, is arrested over Tube bomb - but terror threat is reduced to severe",4,1,True,https://www.thesun.co.uk/news/4483552/parsons-green-terror-attack-second-arrest-hounslow-dover
2017-09-17,Parsons Green Tube attack: Terror police raid home of honours couple,3,2,True,https://www.thetimes.co.uk/edition/news/parsons-green-tube-attack-terror-police-raid-home-of-honours-couple-p7h3500rc
2017-09-19,Three-year-old threatened with knife as mum falls victim to mobile phone robber,2,1,True,http://www.harwichandmanningtreestandard.co.uk/news/national/15543371.Three_year_old_threatened_with_knife_as_mum_falls_victim_to_mobile_phone_robber/
2017-09-20,Britain First leaders charged with religiously aggravated harassment,2,1,True,http://www.birminghammail.co.uk/news/uk-news/britain-first-leaders-charged-religiously-13649207
2017-09-20,britain first leaders charged with religiously aggravated harassment,1,2,True,http://www.belfasttelegraph.co.uk/news/uk/britain-first-leaders-charged-with-religiously-aggravated-harassment-36151810.html
2017-09-21,Britain First leaders charged with religiously aggravated harassment,1,1,True,http://www.birminghammail.co.uk/news/uk-news/britain-first-leaders-charged-religiously-13649207
2017-09-21,britain first leaders charged with religiously aggravated harassment,1,2,True,http://www.belfasttelegraph.co.uk/news/uk/britain-first-leaders-charged-with-religiously-aggravated-harassment-36151810.html
2017-09-25,Suspended sentence for Oxford student who stabbed boyfriend with bread knife,5,1,True,http://www.wiltsglosstandard.co.uk/news/national/15556838.Suspended_sentence_for_Oxford_student_who_stabbed_boyfriend_with_bread_knife/
2017-09-27,MET police officer facing rape and sex assault charges,2,1,True,https://www.eveningtelegraph.co.uk/2017/09/27/met-police-officer-facing-rape-and-sex-assault-charges/
2017-09-29,Terrifying Freddy Krueger-style glove dropped in knife bin at police station,2,1,True,http://www.mirror.co.uk/news/uk-news/nightmare-london-terrifying-freddy-krueger-11258691
2017-10-05,Dad 'beaten to death in street' was facing charges over historic rape allegation,2,1,True,http://www.mirror.co.uk/news/uk-news/dad-beaten-death-street-onlookers-11290882
2017-10-05,More than 100 officers raid city homes to tackle drug gangs,1,2,True,http://www.walesonline.co.uk/news/local-news/swadrugsraidsupdate-13723678
2017-10-06,More than 100 officers raid city homes to tackle drug gangs,1,1,True,http://www.walesonline.co.uk/news/local-news/swadrugsraidsupdate-13723678
2017-10-15,Coronation Street actress in angry 'f*** you' tweets about sexual harassment,2,1,True,http://www.manchestereveningnews.co.uk/news/greater-manchester-news/nicola-thorp-coronation-street-tweets-13764879
2017-10-16,One man has died after a knife attack at Parsons Green station,2,1,True,http://www.independent.co.uk/news/uk/crime/parsons-green-stabbing-death-man-dies-knife-attack-london-station-latest-news-updates-a8004026.html
2017-10-16,metoo sexual harassment stories sweep social media after weinstein allegations,2,2,True,http://www.reuters.com/article/us-women-socialmedia-sexcrimes/metoo-sexual-harassment-stories-sweep-social-media-after-weinstein-allegations-idUSKBN1CL2BW
2017-10-17,Parsons Green stab victim lost life for asking drug dealer to move on  police,3,1,True,http://www.maldonandburnhamstandard.co.uk/news/national/15602473.Parsons_Green_stab_victim_lost_life_for_asking_drug_dealer_to_move_on_____police/
2017-10-17,parsons green stab victim lost life for asking drug dealer to move on police,2,2,True,http://www.belfasttelegraph.co.uk/news/uk/parsons-green-stab-victim-lost-life-for-asking-drug-dealer-to-move-on-police-36237909.html
2017-10-17,metoo sexual harassment stories sweep social media after weinstein allegations,1,3,True,http://www.reuters.com/article/us-women-socialmedia-sexcrimes/metoo-sexual-harassment-stories-sweep-social-media-after-weinstein-allegations-idUSKBN1CL2BW
2017-10-18,Parsons Green stab victim lost life for asking drug dealer to move on  police,6,1,True,http://www.maldonandburnhamstandard.co.uk/news/national/15602473.Parsons_Green_stab_victim_lost_life_for_asking_drug_dealer_to_move_on_____police/
2017-10-20,Police search of drug dealers den led to discovery of stolen painting,7,1,True,http://www.maldonandburnhamstandard.co.uk/news/national/15610824.Police_search_of_drug_dealer___s_den_led_to_discovery_of_stolen_painting/
2017-10-20,police search of drug dealers den led to discovery of stolen painting,2,2,True,http://www.belfasttelegraph.co.uk/news/uk/police-search-of-drug-dealers-den-led-to-discovery-of-stolen-painting-36246693.html
2017-10-20,Drug dealer hid 1m stolen Stanley Spencer painting,1,3,True,https://www.thetimes.co.uk/article/drug-dealer-hid-1m-stolen-stanley-spencer-cookham-from-englefield-painting-m8jqpp5jm
2017-10-21,Drug dealer hid 1m stolen Stanley Spencer painting,1,1,True,https://www.thetimes.co.uk/article/drug-dealer-hid-1m-stolen-stanley-spencer-cookham-from-englefield-painting-m8jqpp5jm
2017-10-22,UK police dealing with incident at leisure complex reports of gunman,3,1,True,http://uk.reuters.com/article/uk-britain-security-leisurepark/uk-police-dealing-with-incident-at-leisure-complex-reports-of-gunman-idUKKBN1CR0NK
2017-10-22,UK police dealing with ongoing incident at leisure complex reports of gunman,3,2,True,http://in.reuters.com/article/britain-security-leisurepark/uk-police-dealing-with-ongoing-incident-at-leisure-complex-reports-of-gunman-idINKBN1CR0N7
2017-10-23,Wife and daughters may hold key to capture of man wanted over 850k romance scam,4,1,True,http://www.greenocktelegraph.co.uk/news/national/15612899.Wife_and_daughters_may_hold_key_to_capture_of_man_wanted_over___850k_romance_scam/
2017-10-26,UK labour party women urged to speak out about sexual harassment,2,1,True,https://uk.reuters.com/article/uk-britain-harassment-labour/uk-labour-party-women-urged-to-speak-out-about-sexual-harassment-idUKKBN1CV2NM
2017-10-27,may concerned by reports of sexual harassment in parliament spokeswoman,1,1,True,http://uk.reuters.com/article/uk-britain-harassment-may/may-concerned-by-reports-of-sexual-harassment-in-parliament-spokeswoman-idUKKBN1CW1IV
2017-10-28,may concerned by reports of sexual harassment in parliament spokeswoman,1,1,True,http://uk.reuters.com/article/uk-britain-harassment-may/may-concerned-by-reports-of-sexual-harassment-in-parliament-spokeswoman-idUKKBN1CW1IV
2017-10-29,british minister to be investigated over sexual harassment allegation,5,1,True,http://in.reuters.com/article/britain-harassment/british-minister-to-be-investigated-over-sexual-harassment-allegation-idINKBN1CY0H4
2017-10-30,britains may deeply concerned over reports of sexual harassment in parliament,2,1,True,http://www.reuters.com/article/us-britain-harassment-may/britains-may-deeply-concerned-over-reports-of-sexual-harassment-in-parliament-idUSKBN1CZ1CM
2017-11-03,Tories adopt new code of conduct amid Westminster sexual harassment scandal,3,1,True,http://www.harwichandmanningtreestandard.co.uk/news/national/15640159.Tories_adopt_new_code_of_conduct_amid_Westminster_sexual_harassment_scandal/
2017-11-03,british police investigate kevin spacey sexual assault claims,2,2,True,https://www.eveningtelegraph.co.uk/2017/11/03/british-police-investigate-kevin-spacey-sexual-assault-claims/
2017-11-04,austrian party leader quits parliament over accusation of sexual assault,3,1,True,http://www.reuters.com/article/us-austria-politics-pilz/austrian-party-leader-quits-parliament-over-accusation-of-sexual-assault-idUSKBN1D40H5
2017-11-06,britains may party leaders agree to tackle sexual harassment with new measures,3,1,True,http://www.reuters.com/article/us-britain-politics-abuse/britains-may-party-leaders-agree-to-tackle-sexual-harassment-with-new-measures-idUSKBN1D614K
2017-11-06,british police investigate kevin spacey sexual assault claims,1,2,True,https://www.eveningtelegraph.co.uk/2017/11/03/british-police-investigate-kevin-spacey-sexual-assault-claims/
2017-11-07,rolf harris begins court battle to challenge indecent assault convictions,2,1,True,https://www.eveningtelegraph.co.uk/2017/11/07/rolf-harris-begins-court-battle-to-challenge-indecent-assault-convictions/
2017-11-12,'Pretty boy' public schoolboy rapist brutally attacked in prison,2,1,True,http://www.mirror.co.uk/news/uk-news/pretty-boy-public-schoolboy-rapist-11509554
2017-11-16,Rolf Harris has one of 12 indecent assault convictions overturned,6,1,True,http://www.dailymail.co.uk/wires/pa/article-5088641/Rolf-Harris-one-12-indecent-assault-convictions-overturned.html
2017-11-21,21st century fox in 90 million settlement tied to sexual harassment scandal,4,1,True,https://in.reuters.com/article/us-fox-settlement/21st-century-fox-in-90-million-settlement-tied-to-sexual-harassment-scandal-idINKBN1DK2NI
2017-11-21,Wartime machine guns handed in during firearms amnesty,3,2,True,https://www.thetimes.co.uk/edition/news/wartime-machine-guns-handed-in-during-national-gun-amnesty-00fd92fkr
2017-11-22,kevin spacey investigated by UK police over second sexual assault allegation,2,1,True,https://www.eveningtelegraph.co.uk/2017/11/22/kevin-spacey-investigated-by-uk-police-over-second-sexual-assault-allegation/
2017-12-01,Man returns to jail after stun gun found in living room,3,1,True,http://www.lancashiretelegraph.co.uk/news/national/15697327.Man_returns_to_jail_after_stun_gun_found_in_living_room/
2017-12-01,man returns to jail after stun gun found in living room,2,2,True,https://www.belfasttelegraph.co.uk/news/uk/man-returns-to-jail-after-stun-gun-found-in-living-room-36370748.html
2017-12-02,Murder accused remanded in custody after man stabbed and shot for Rolex,9,1,True,http://www.westerntelegraph.co.uk/news/national/15698434.Murder_accused_remanded_in_custody_after_man____stabbed_and_shot_for_Rolex___/
2017-12-02,murder accused remanded in custody after man stabbed and shot for rolex,2,2,True,https://www.eveningtelegraph.co.uk/2017/12/02/murder-accused-remanded-in-custody-after-man-stabbed-and-shot-for-rolex/
2017-12-13,Burglary victim heartbroken at theft of twin babies ashes,2,1,True,http://www.enfieldindependent.co.uk/news/national/15768999.Burglary_victim_heartbroken_at_theft_of_twin_babies____ashes/
2017-12-13,burglary victim heartbroken at theft of twin babies ashes,2,2,True,https://www.belfasttelegraph.co.uk/news/uk/burglary-victim-heartbroken-at-theft-of-twin-babies-ashes-36404801.html
2017-12-14,Knife possession offences at highest level since 2011,6,1,True,http://www.yeovilexpress.co.uk/news/national/15773523.Knife_possession_offences_at_highest_level_since_2011/
2017-12-19,Arthur Collins' criminal past revealed from drunk driving and drugs to assault,2,1,True,http://www.mirror.co.uk/news/uk-news/arthur-collins-criminal-past-revealed-11723855
2017-12-20,Drug dealer Arthur Collins handed 20-year sentence for acid attack in club,2,1,True,https://www.thetimes.co.uk/edition/news/drug-dealer-arthur-collins-handed-20-year-sentence-for-acid-attack-in-club-3mvvlvzgw
2017-12-23,'Worst domestic abuse case' victim beaten and forced to eat pic of dead relative,2,1,True,http://www.mirror.co.uk/news/uk-news/women-forced-eat-pictures-dead-11741968
2018-01-02,Knife culture almost a permanent feature of some young peoples lives,9,1,True,http://www.maldonandburnhamstandard.co.uk/news/national/15802067.Met_urges_help_to_tackle_knife_culture_after____extraordinary____New_Year_stabbings/
2018-01-03,u s charges ex och ziff executive with fraud obstruction of justice,3,1,True,https://uk.reuters.com/article/us-usa-crime-och-ziff-capital/u-s-charges-ex-och-ziff-executive-with-fraud-obstruction-of-justice-idUSKBN1ES1JF
2018-01-03,New year stabbing spree highlights knife crime culture,2,2,True,https://www.thetimes.co.uk/edition/news/new-year-stabbing-spree-highlights-knife-crime-culture-jsw50rhsv
2018-01-03,man survives vicious knife attack amid spate of london stabbings,2,3,True,https://www.belfasttelegraph.co.uk/news/uk/man-survives-vicious-knife-attack-amid-spate-of-london-stabbings-36455577.html
2018-01-10,"Lea Adri-Soejoko tried to resolve knife row, allotment murder trial told",1,1,True,https://www.thetimes.co.uk/edition/news/plot-holder-accused-of-killing-had-been-a-victim-of-torture-v5gpnsqqx
2018-01-11,Metropolitan Police increasing stop and search to curb knife crime,2,1,True,https://www.thetimes.co.uk/edition/news/metropolitan-police-increasing-stop-and-search-to-curb-knife-crime-c0x87x056
2018-01-11,"Lea Adri-Soejoko tried to resolve knife row, allotment murder trial told",1,2,True,https://www.thetimes.co.uk/edition/news/plot-holder-accused-of-killing-had-been-a-victim-of-torture-v5gpnsqqx
2018-01-15,Pensioners stabbed in supermarket car park knife frenzy tell of horror,1,1,True,http://www.mirror.co.uk/news/uk-news/i-could-feel-metal-going-11856821
2018-01-16,Police will use stop-and-search powers properly over knife crime  Met chief,5,1,True,http://www.basildonstandard.co.uk/news/national/15845595.display/
2018-01-16,Pensioners stabbed in supermarket car park knife frenzy tell of horror,1,2,True,http://www.mirror.co.uk/news/uk-news/i-could-feel-metal-going-11856821
2018-01-23,Fresh allegation of historical sexual assault made against black cab rapist John Worboys,2,1,True,http://www.maldonandburnhamstandard.co.uk/news/national/15891762.Fresh_allegation_of_historical_sexual_assault_made_against_black_cab_rapist_John_Worboys/
2018-01-24,"Man jailed for nine years over 20,000 designer clothing shop knife raid",3,1,True,http://www.basildonstandard.co.uk/news/national/15894742.display/
2018-01-24,Hospital returns donations after allegations of sexual harassment at fundraiser,2,2,True,http://www.greenocktelegraph.co.uk/news/national/15893701.Hospital_returns_donations_after_allegations_of_sexual_harassment_at_fundraiser/
2018-01-24,Second hospital to return donations over sexual harassment claims at fundraiser,2,3,True,http://www.lancashiretelegraph.co.uk/news/national/15893905.Second_hospital_to_return_donations_over_sexual_harassment_claims_at_fundraiser/
2018-01-25,Theresa May appalled by sexual harassment at charity gala,2,1,True,http://www.harwichandmanningtreestandard.co.uk/news/national/15897367.Theresa_May____appalled____by_sexual_harassment_at_charity_gala/
2018-01-25,theresa may appalled by sexual harassment at charity gala,2,2,True,https://www.eveningtelegraph.co.uk/2018/01/25/theresa-may-appalled-by-sexual-harassment-at-charity-gala/
2018-01-25,uks may appalled at reports of sexual harassment at charity gala,2,3,True,https://www.reuters.com/article/us-britain-harassment-may/uks-may-appalled-at-reports-of-sexual-harassment-at-charity-gala-idUSKBN1FE1ME
2018-01-26,"Knife crime epidemic is a race issue, mother of Stephen Lawrence says",8,1,True,http://www.thetottenhamindependent.co.uk/news/national/15901036.Knife_crime_epidemic_is_a____race_issue_____mother_of_Stephen_Lawrence_says/
2018-01-29,exclusive knife scanners could be put into some northamptonshire schools says top police officer 1,3,1,True,https://www.daventryexpress.co.uk/news/exclusive-knife-scanners-could-be-put-into-some-northamptonshire-schools-says-top-police-officer-1-8352640
2018-01-29,westfield terror plot accused had kitchen knife stashed in car court told,2,2,True,https://www.eveningtelegraph.co.uk/2018/01/29/westfield-terror-plot-accused-had-kitchen-knife-stashed-in-car-court-told/
2018-02-02,Dangerous driving duo jailed over reckless incident that killed grandfather,3,1,True,http://www.harwichandmanningtreestandard.co.uk/news/national/15917381.Dangerous_driving_duo_jailed_over____reckless____incident_that_killed_grandfather/
2018-02-03,actor uma thurman accuses harvey weinstein of sexual assault,2,1,True,https://uk.reuters.com/article/uk-people-harvey-weinstein/actor-uma-thurman-accuses-harvey-weinstein-of-sexual-assault-idUKKBN1FN0PJ
2018-02-04,actor uma thurman accuses harvey weinstein of sexual assault,3,1,True,https://uk.reuters.com/article/uk-people-harvey-weinstein/actor-uma-thurman-accuses-harvey-weinstein-of-sexual-assault-idUKKBN1FN0PJ
2018-02-06,Gun salutes mark 66th anniversary of Queens accession,3,1,True,http://www.yeovilexpress.co.uk/news/national/15922699.Gun_salutes_mark_66th_anniversary_of_Queen___s_accession/
2018-02-06,gun salutes mark 66th anniversary of queens accession,2,2,True,https://www.eveningtelegraph.co.uk/2018/02/06/gun-salutes-mark-66th-anniversary-of-queens-accession/
2018-02-08,"Knife killings at highest level for six years, figures show",2,1,True,http://www.dailymail.co.uk/wires/pa/article-5368413/Knife-killings-highest-level-six-years-figures-show.html
2018-02-08,one in five experience sexual harassment says UK parliament report,2,2,True,https://www.reuters.com/article/us-britain-politics-harassment/one-in-five-experience-sexual-harassment-says-uk-parliament-report-idUSKBN1FS1G0
2018-02-16,teenager stabbed to death in valentines day attack was unique character,1,1,True,https://www.eveningtelegraph.co.uk/2018/02/16/teenager-stabbed-to-death-in-valentines-day-attack-was-unique-character/
2018-02-17,teenager stabbed to death in valentines day attack was unique character,1,1,True,https://www.eveningtelegraph.co.uk/2018/02/16/teenager-stabbed-to-death-in-valentines-day-attack-was-unique-character/
2018-02-21,Two men stabbed to death as knife attacks add to grim toll in London,5,1,True,http://www.westerntelegraph.co.uk/news/national/16037222.Two_men_stabbed_to_death_as_knife_attacks_add_to_grim_toll_in_London/
2018-02-21,law firm baker mckenzie reviews response to sexual assault allegation,2,2,True,https://uk.reuters.com/article/uk-bakermckenzie-assault/law-firm-baker-mckenzie-reviews-response-to-sexual-assault-allegation-idUKKCN1G52CT
2018-02-22,law firm baker mckenzie reviews response to sexual assault allegation,1,1,True,https://uk.reuters.com/article/uk-bakermckenzie-assault/law-firm-baker-mckenzie-reviews-response-to-sexual-assault-allegation-idUKKCN1G52CT
2018-02-23,large hunting knife used in south east london armed robbery,2,1,True,https://www.belfasttelegraph.co.uk/news/uk/large-hunting-knife-used-in-south-east-london-armed-robbery-36635268.html
2018-02-27,kevin spacey foundation UK to close after sexual harassment allegations,1,1,True,https://www.eveningtelegraph.co.uk/2018/02/27/kevin-spacey-foundation-uk-to-close-after-sexual-harassment-allegations/
2018-02-28,kevin spacey foundation UK to close after sexual harassment allegations,1,1,True,https://www.eveningtelegraph.co.uk/2018/02/27/kevin-spacey-foundation-uk-to-close-after-sexual-harassment-allegations/
2018-03-01,weinstein insurers refuse to finance defence against sexual assault lawsuits,2,1,True,https://www.eveningtelegraph.co.uk/2018/03/01/weinstein-insurers-refuse-to-finance-defence-against-sexual-assault-lawsuits/
2018-03-03,Mayor admits anti-knife campaign used fake celebrity tweets,12,1,True,http://www.dailymail.co.uk/wires/pa/article-5456587/Mayor-admits-anti-knife-campaign-used-fake-celebrity-tweets.html
2018-03-06,Murder probe after 20-year-old man stabbed to death in sustained attack,7,1,True,http://www.yeovilexpress.co.uk/news/national/16066571.murder-probe-after-20-year-old-man-stabbed-to-death-in-sustained-attack/
2018-03-07,Britain First leaders convicted of religiously aggravated harassment,2,1,True,http://www.enfieldindependent.co.uk/news/national/16071109.britain-first-leaders-convicted-of-religiously-aggravated-harassment/
2018-03-07,Mo Farah racially harassed at Munich airport,2,2,True,https://www.thetimes.co.uk/article/mo-farah-racially-harassed-at-munich-airport-jp7zswqgp
2018-03-07,britain first leaders convicted of religiously aggravated harassment,2,3,True,https://www.eveningtelegraph.co.uk/2018/03/07/britain-first-leaders-convicted-of-religiously-aggravated-harassment/
2018-03-08,Knife and weapons cases hit highest level for seven years,4,1,True,http://www.lancashiretelegraph.co.uk/news/national/16074109.Knife_and_weapons_cases_hit_highest_level_for_seven_years/
2018-03-12,motorway arson attack caused gridlock and saw economy take 40m hit,2,1,True,https://www.belfasttelegraph.co.uk/news/uk/motorway-arson-attack-caused-gridlock-and-saw-economy-take-40m-hit-36695757.html
2018-03-13,Six people arrested after man threatened with knife in burglary,2,1,True,http://www.maldonandburnhamstandard.co.uk/news/16082946.Six_people_arrested_after_man_threatened_with_knife_in_burglary/
2018-03-17,Murder probe after man shot and stabbed on London street,2,1,True,http://www.dailymail.co.uk/news/article-5512959/Murder-probe-man-shot-stabbed.html
2018-03-17,murder probe after man shot and stabbed,2,2,True,https://www.belfasttelegraph.co.uk/news/uk/murder-probe-after-man-shot-and-stabbed-36715018.html
2018-03-19,Brain-damaged boxer Michael Watson 'beaten and robbed by carjacker',2,1,True,http://www.dailymail.co.uk/news/article-5519089/Brain-damaged-boxing-legend-Michael-Watson-screamed-agony.html
2018-03-19,burglar filmed stealing from terrified dementia sufferer as she lay in bed,2,2,True,https://www.belfasttelegraph.co.uk/news/uk/burglar-filmed-stealing-from-terrified-dementia-sufferer-as-she-lay-in-bed-36719593.html
2018-03-23,"Student Russell Jones, 23, shot and stabbed to death in Enfield",2,1,True,https://www.thetimes.co.uk/edition/news/student-russell-jordan-jones-23-shot-and-stabbed-to-death-in-enfield-by-hooded-gang-of-four-0jwm5m902
2018-03-24,Burglary gang in terrifying raid on family,2,1,True,https://www.thetimes.co.uk/edition/news/burglary-gang-in-terrifying-raid-on-family-0rrz9l5l0
2018-03-24,crowds gather at US embassy in march for our lives protest over gun control,2,2,True,https://www.belfasttelegraph.co.uk/news/uk/crowds-gather-at-us-embassy-in-march-for-our-lives-protest-over-gun-control-36739931.html
2018-03-24,huge rallies led by students demand tighter u s gun controls,2,3,True,https://uk.reuters.com/article/uk-usa-guns/huge-rallies-led-by-students-demand-tighter-u-s-gun-controls-idUKKBN1H00BO
2018-03-25,no more or we vote you out students lead huge u s anti gun rallies,5,1,True,https://www.reuters.com/article/us-usa-guns/no-more-or-we-vote-you-out-students-lead-huge-u-s-anti-gun-rallies-idUSKBN1H00BI
2018-03-25,no more or we vote you out students lead huge US anti gun rallies,2,2,True,https://www.reuters.com/article/us-usa-guns/no-more-or-we-vote-you-out-students-lead-huge-us-anti-gun-rallies-idUSKBN1H00BI
2018-03-25,stars back calls for tighter gun control laws,1,3,True,https://www.eveningtelegraph.co.uk/2018/03/24/stars-back-calls-for-tighter-gun-control-laws/
2018-03-26,huge rallies led by students demand tighter US gun controls,1,1,True,https://www.reuters.com/article/us-usa-guns/huge-rallies-led-by-students-demand-tighter-us-gun-controls-idUSKBN1H00BI
2018-03-27,Smirking pals who murdered 7st mum show off gun and cannabis farm and chainsaw,1,1,True,https://www.mirror.co.uk/news/uk-news/smirking-killers-who-murdered-7st-12263077
2018-03-28,Smirking pals who murdered 7st mum show off gun and cannabis farm and chainsaw,1,1,True,https://www.mirror.co.uk/news/uk-news/smirking-killers-who-murdered-7st-12263077
2018-03-30,Top police officer blames social media for fuelling knife crime among teens,3,1,True,http://www.greenocktelegraph.co.uk/news/national/16129485.Top_police_officer_blames_social_media_for_fuelling_knife_crime_among_teens/
2018-03-31,Top police officer blames social media for fuelling knife crime among teens,17,1,True,http://www.greenocktelegraph.co.uk/news/national/16129485.Top_police_officer_blames_social_media_for_fuelling_knife_crime_among_teens/
2018-03-31,top police officer blames social media for fuelling knife crime among teens,2,2,True,https://www.eveningtelegraph.co.uk/2018/03/30/top-police-officer-blames-social-media-for-fuelling-knife-crime-among-teens/
2018-04-01,Latest stabbing brings London knife death toll to 31,5,1,True,http://www.basildonstandard.co.uk/news/national/16131111.display/
2018-04-01,latest stabbing brings london knife death toll to 31,2,2,True,https://www.belfasttelegraph.co.uk/news/uk/latest-stabbing-brings-london-knife-death-toll-to-31-36763844.html
2018-04-03,london murder rate overtakes new york as knife crime rises,3,1,True,https://in.reuters.com/article/britain-crime-murder/london-murder-rate-overtakes-new-york-as-knife-crime-rises-idINKCN1HA1CW
2018-04-04,"Homeowner, 78, arrested after 'burglar stabbed to death during break-in'",2,1,True,https://www.mirror.co.uk/news/uk-news/homeowner-78-arrested-after-burglar-12300739
2018-04-04,pensioner quizzed on suspicion of murder over intruder stabbing death,2,2,True,https://www.belfasttelegraph.co.uk/news/uk/pensioner-quizzed-on-suspicion-of-murder-over-intruder-stabbing-death-36775503.html
2018-04-04,Fury grows at murder arrest of 78-year-old who 'stabbed to death burglar',1,3,True,https://www.thesun.co.uk/news/5918750/hither-green-burglar-murder-stabbing-osborn-brooks-latest/
2018-04-05,Diane Abbott urges knife crime crackdown after latest stabbing,2,1,True,http://www.dailymail.co.uk/news/fb-5581397/Diane-Abbott-urges-knife-crime-crackdown-latest-stabbing.html
2018-04-05,Fury grows at murder arrest of 78-year-old who 'stabbed to death burglar',2,2,True,https://www.thesun.co.uk/news/5918750/hither-green-burglar-murder-stabbing-osborn-brooks-latest/
2018-04-05,London murders: man becomes latest victim of knife crime in capital,2,3,True,http://www.chesterstandard.co.uk/news/national/16139046.Hackney_stabbing__man_becomes_latest_victim_of_knife_crime_in_capital/
2018-04-06,Stabbed intruder in alleged Hither Green burglary was a wanted man,1,1,True,https://www.thetimes.co.uk/edition/news/henry-vincent-stabbed-intruder-in-alleged-hither-green-burglary-was-a-wanted-man-rlft2bpvm
2018-04-07,Burglar killed by raid victim caught on CCTV casing home 36 hours before death,1,1,True,https://www.mirror.co.uk/news/uk-news/caught-act-burglar-killed-raid-12324657
2018-04-08,OAP cleared of killing burglar 'won't return home over revenge attack fears',2,1,True,https://www.mirror.co.uk/news/uk-news/hero-pensioner-cleared-over-fatal-12325289
2018-04-08,Burglar killed by raid victim caught on CCTV casing home 36 hours before death,1,2,True,https://www.mirror.co.uk/news/uk-news/caught-act-burglar-killed-raid-12324657
2018-04-08,Stabbed burglar Henry Vincent cased another house,1,3,True,https://www.thetimes.co.uk/edition/news/stabbed-burglar-henry-vincent-cased-another-house-9ftq6qkxv
2018-04-09,"Police shoot dead man with sawn-off gun at petrol station in Collier Row, east London",4,1,True,https://www.thetimes.co.uk/edition/news/police-shoot-dead-armed-man-at-petrol-station-in-romford-east-london-zlfrtp002
2018-04-09,Armed police kill man after gun claims,3,2,True,http://www.harwichandmanningtreestandard.co.uk/news/national/16146986.Armed_police_kill_man_after_gun_claims/
2018-04-09,Non-police firearm recovered after man shot dead by armed officers,1,3,True,http://www.lancashiretelegraph.co.uk/news/national/16147498.Non_police_firearm_recovered_after_man_shot_dead_by_armed_officers/
2018-04-10,poor taste shrine to stabbed burglar set up near victims home is dismantled,2,1,True,https://www.eveningtelegraph.co.uk/2018/04/10/poor-taste-shrine-to-stabbed-burglar-set-up-near-victims-home-is-dismantled/
2018-04-10,Poor taste shrine to stabbed burglar set up near victims home is dismantled,2,2,True,http://www.wiltsglosstandard.co.uk/news/national/16148892.___Poor_taste____shrine_to_stabbed_burglar_set_up_near_victim___s_home_is_dismantled/
2018-04-10,Party tribalism makes the knife crisis worse,1,3,True,https://www.thetimes.co.uk/edition/comment/party-tribalism-makes-the-knife-crisis-worse-0sdlnxmd5
2018-04-11,prosecutors in los angeles considering sexual assault case against kevin spacey,1,1,True,https://www.eveningtelegraph.co.uk/2018/04/11/prosecutors-in-los-angeles-considering-sexual-assault-case-against-kevin-spacey/
2018-04-12,prosecutors in los angeles considering sexual assault case against kevin spacey,1,1,True,https://www.eveningtelegraph.co.uk/2018/04/11/prosecutors-in-los-angeles-considering-sexual-assault-case-against-kevin-spacey/
2018-04-14,Prolific burglar who used victims' pillowcases to stash stolen goods jailed,1,1,True,http://www.maldonandburnhamstandard.co.uk/news/16159593.Prolific_burglar_who_used_victims__39__pillowcases_to_stash_stolen_goods_jailed/
2018-04-15,Family of stabbed burglar bring birthday tributes to scene of death,11,1,True,http://www.harwichandmanningtreestandard.co.uk/news/national/16160753.Family_of_stabbed_burglar_bring_birthday_tributes_to_scene_of_death/
2018-04-15,family of stabbed burglar bring birthday tributes to scene of death,2,2,True,https://www.belfasttelegraph.co.uk/news/uk/family-of-stabbed-burglar-bring-birthday-tributes-to-scene-of-death-36808862.html
2018-04-16,thieves used stolen digger to snatch 88000 in bank machine ram raid,2,1,True,https://www.belfasttelegraph.co.uk/news/uk/thieves-used-stolen-digger-to-snatch-88000-in-bank-machine-ram-raid-36811591.html
2018-04-17,knife crimes increase significantly in lincolnshire over five years 1,3,1,True,https://www.skegnessstandard.co.uk/news/crime/knife-crimes-increase-significantly-in-lincolnshire-over-five-years-1-8462956
2018-04-17,Knife crimes increase in London over five years,2,2,True,http://www.enfieldindependent.co.uk/news/16164119.Knife_crimes_increase_in_London_over_five_years/
2018-04-17,Prolific burglar who used victims' pillowcases to stash stolen goods jailed,1,3,True,http://www.maldonandburnhamstandard.co.uk/news/16159593.Prolific_burglar_who_used_victims__39__pillowcases_to_stash_stolen_goods_jailed/
2018-04-20,"Youth services shortage may be cause for knife crime surge, charity boss warns",1,1,True,http://www.basildonstandard.co.uk/news/national/16174743.display/
2018-04-21,"Youth services shortage may be cause for knife crime surge, charity boss warns",10,1,True,http://www.basildonstandard.co.uk/news/national/16174743.display/
2018-04-21,College backs mayor's new anti-knife campaign,2,2,True,http://www.thetottenhamindependent.co.uk/news/16173860.conel-backs-mayors-new-anti-knife-campaign/
2018-04-21,youth services shortage may be cause for knife crime surge charity boss warns,2,3,True,https://www.belfasttelegraph.co.uk/news/uk/youth-services-shortage-may-be-cause-for-knife-crime-surge-charity-boss-warns-36828784.html
2018-04-26,Sharp increases in knife and gun crime revealed in new figures,5,1,True,http://www.dailymail.co.uk/wires/pa/article-5660675/Sharp-increases-knife-gun-crime-revealed-new-figures.html
2018-04-26,Sharp increase in knife and gun crime,2,2,True,http://www.enfieldindependent.co.uk/news/16186386.Sharp_increase_in_knife_and_gun_crime/
2018-04-29,"PETER HITCHENS: As drug abuse rises, so do knife murders",2,1,True,http://www.dailymail.co.uk/news/article-5670001/PETER-HITCHENS-drug-abuse-rises-knife-murders-dont-think-coincidence.html
2018-04-30,british lawmaker suspended by labour after sexual harassment allegations,2,1,True,https://www.reuters.com/article/us-britain-politics-woodcock/british-lawmaker-suspended-by-labour-after-sexual-harassment-allegations-idUSKBN1I1218
2018-05-03,Heavy police presence as funeral held for stabbed burglar,5,1,True,http://www.basildonstandard.co.uk/news/national/16202997.display/
2018-05-04,Donald Trump: Knife crime turns London hospital into war zone,6,1,True,http://www.yeovilexpress.co.uk/news/national/16206790.donald-trump-knife-crime-turns-london-hospital-into-war-zone/
2018-05-04,donald trump knife crime turns london hospital into war zone,2,2,True,https://www.belfasttelegraph.co.uk/news/uk/donald-trump-knife-crime-turns-london-hospital-into-war-zone-36875256.html
2018-05-05,Donald Trump: Knife crime turns London hospital into war zone,14,1,True,http://www.yeovilexpress.co.uk/news/national/16206790.donald-trump-knife-crime-turns-london-hospital-into-war-zone/
2018-05-05,Trumps defence of US gun ownership and London knife crime claims ridiculous,5,2,True,http://www.westerntelegraph.co.uk/news/national/16207476.Trump___s_defence_of_US_gun_ownership_and_London_knife_crime_claims____ridiculous___/
2018-05-05,Pensioner who stabbed burglar to death threatened by career crook's supporters,2,3,True,https://www.mirror.co.uk/news/uk-news/hither-green-pensioner-who-stabbed-12484700
2018-05-06,Teenage boys shot within minutes of each other in high street attack,7,1,True,http://www.yeovilexpress.co.uk/news/national/16208600.teenage-boys-shot-within-minutes-of-each-other-in-high-street-attack/
2018-05-06,anger in france britain over trumps gun law speech,1,2,True,https://www.reuters.com/article/us-usa-britain-trump/anger-in-france-britain-over-trumps-gun-law-speech-idUSKBN1I60QA
2018-05-09,Children targeted in anti-Semitic verbal abuse,2,1,True,http://www.maldonandburnhamstandard.co.uk/news/north_essex_news/16212093.Children_targeted_in_anti-Semitic_verbal_abuse/
2018-05-11,Man caught on camera having knife fight on Tube jailed,8,1,True,http://www.greenocktelegraph.co.uk/news/national/16221076.Man_caught_on_camera_having_knife_fight_on_Tube_jailed/
2018-05-11,man caught on camera having knife fight on tube jailed,2,2,True,https://www.belfasttelegraph.co.uk/news/uk/man-caught-on-camera-having-knife-fight-on-tube-jailed-36898250.html
2018-05-21,Man stabbed to death on busy street in horrifying attack,7,1,True,http://www.greenocktelegraph.co.uk/news/national/16240591.Man_stabbed_to_death_on_busy_street_in____horrifying____attack/
2018-05-21,man stabbed to death on busy street in horrifying attack,2,2,True,https://www.eveningtelegraph.co.uk/2018/05/21/man-stabbed-to-death-on-busy-street-in-horrifying-attack/
2018-05-21,mario batali investigation sexual assault 60 minutes,1,3,True,http://people.com/food/mario-batali-investigation-sexual-assault-60-minutes/
2018-05-22,mario batali investigation sexual assault 60 minutes,1,1,True,http://people.com/food/mario-batali-investigation-sexual-assault-60-minutes/
2018-05-23,Children see Islington knife killing outside ice-cream shop,2,1,True,https://www.thetimes.co.uk/edition/news/children-see-islington-knife-killing-outside-ice-cream-shop-7g97q8q7l
2018-05-27,Justice secretary David Gauke: dinner-party drug users fuel stabbings,2,1,True,https://www.thetimes.co.uk/edition/news/dinner-party-drug-users-fuel-stabbings-lkgqcsv72
2018-06-01,Cyclist armed with huge knife tries to smash driver's window in 'road rage row',2,1,True,https://www.dailyrecord.co.uk/news/uk-world-news/commuters-horror-cyclist-armed-huge-12630728
2018-06-02,Driver flees zombie knife attack by cyclist,2,1,True,https://www.thetimes.co.uk/edition/news/driver-flees-zombie-knife-attack-by-cyclist-hl09cmvgs
2018-06-02,Man shot in Peckham in latest London gun attack as capital hit by two shootings and four stabbings in last 48 hours,1,2,True,https://www.thesun.co.uk/news/6437169/london-violence-peckham-shooting-greenwich-stabbings-latest/
2018-06-03,Man shot in Peckham in latest London gun attack as capital hit by two shootings and four stabbings in last 48 hours,2,1,True,https://www.thesun.co.uk/news/6437169/london-violence-peckham-shooting-greenwich-stabbings-latest/
2018-06-03,One man 'shot in the face' and another injured in Peckham gun attack,2,2,True,https://www.standard.co.uk/news/crime/london-crime-one-man-shot-and-another-stabbed-repeatedly-in-another-night-of-bloodshed-a3853886.html
2018-06-04,Chilling moment 'Mad Hatter' terror teen takes a selfie outside MI6 during reconnaissance for gun and bomb plot,1,1,True,https://www.thesun.co.uk/news/6451032/safaa-boular-london-terror-plot-mi6-selfie-mad-hatter/
2018-06-05,Chilling moment 'Mad Hatter' terror teen takes a selfie outside MI6 during reconnaissance for gun and bomb plot,1,1,True,https://www.thesun.co.uk/news/6451032/safaa-boular-london-terror-plot-mi6-selfie-mad-hatter/
2018-06-08,mother of murder victim urges end to knife crime as teenagers convicted,2,1,True,https://www.eveningtelegraph.co.uk/2018/06/08/mother-of-murder-victim-urges-end-to-knife-crime-as-teenagers-convicted/
2018-06-11,Croydon moped thieves armed with knives attack family in car,2,1,True,https://www.thetimes.co.uk/article/croydon-moped-robbers-use-knives-to-attack-family-in-stationary-car-coulsdon-0b69pd53p
2018-06-11,"London stabbings 2018  latest knife crime statistics and attacks in Clapham, Crouch Hill and Shepherds Bush?",1,2,True,https://www.thesun.co.uk/news/5251268/london-stabbings-2018-knife-crime-statistics-harrow-northold-brixton/
2018-06-12,Seven arrested in dawn raid crackdown on county line drug-dealing network,3,1,True,http://www.basildonstandard.co.uk/news/national/16284977.display/
2018-06-12,10-inch knife seized in anti-drug gang raids aiming to tackle London crime,1,2,True,https://www.thesun.co.uk/news/6514344/lethal-10-inch-knife-seized-in-anti-drug-gang-raids-aiming-to-tackle-londons-crime-epidemic/
2018-06-12,"London stabbings 2018  latest knife crime statistics and attacks in Clapham, Crouch Hill and Shepherds Bush?",1,3,True,https://www.thesun.co.uk/news/5251268/london-stabbings-2018-knife-crime-statistics-harrow-northold-brixton/
2018-06-13,10-inch knife seized in anti-drug gang raids aiming to tackle London crime,1,1,True,https://www.thesun.co.uk/news/6514344/lethal-10-inch-knife-seized-in-anti-drug-gang-raids-aiming-to-tackle-londons-crime-epidemic/
2018-06-15,All-female IS terror cell face jail over Westminster knife plot,12,1,True,http://www.lancashiretelegraph.co.uk/news/national/16292141.All-female_IS_terror_cell_face_jail_over_Westminster_knife_plot/
2018-06-15,"Member of all-female IS terror cell wanted to die in knife attack, court told",5,2,True,http://www.enfieldindependent.co.uk/news/national/16293921.Member_of_all-female_IS_terror_cell_wanted_to_die_in_knife_attack__court_told/
2018-06-15,"Member of all-female IS terror cell wanted to die in knife attack,...",2,3,True,http://www.dailymail.co.uk/wires/pa/article-5848291/Member-female-IS-terror-cell-wanted-die-knife-attack-court-told.html
2018-06-25,Emmerdale fans livid at Rebecca's excuse for Lachlan's sex attack,2,1,True,https://www.mirror.co.uk/tv/tv-news/emmerdales-rebecca-slammed-claims-psychotic-12791262
2018-06-25,drugs a line of inquiry after man killed and two seriously injured in burglary,2,2,True,https://www.belfasttelegraph.co.uk/news/uk/drugs-a-line-of-inquiry-after-man-killed-and-two-seriously-injured-in-burglary-37047364.html
2018-06-26,"Education key to stop surge in knife crime, says Brooke Kinsella",4,1,True,http://www.dailymail.co.uk/wires/pa/article-5887929/Education-key-stop-surge-knife-crime-says-Brooke-Kinsella.html
2018-06-27,"Knife attacks across London becoming more violent, says senior Met officer",2,1,True,http://www.harwichandmanningtreestandard.co.uk/news/national/16317320.knife-attacks-across-london-becoming-more-violent-says-senior-met-officer/
2018-06-27,knife attacks across london becoming more violent says senior MET officer,2,2,True,https://www.belfasttelegraph.co.uk/news/uk/knife-attacks-across-london-becoming-more-violent-says-senior-met-officer-37055599.html
2018-06-27,anthemis ceo resigned after staff sexual harassment complaint sources,1,3,True,https://www.reuters.com/article/us-anthemis-ceo/anthemis-ceo-resigned-after-staff-sexual-harassment-complaint-sources-idUSKBN1JN38N
2018-06-28,Man killed inLondon knifeattack,2,1,True,https://www.thetimes.co.uk/article/man-killed-in-edmonton-london-knifeattack-qgtrckczc
2018-06-28,anthemis ceo resigned after staff sexual harassment complaint sources,1,2,True,https://www.reuters.com/article/us-anthemis-ceo/anthemis-ceo-resigned-after-staff-sexual-harassment-complaint-sources-idUSKBN1JN38N
2018-07-01,"Boy, 14, stabbed in stomach with kitchen knife in north London street",2,1,True,http://www.basildonstandard.co.uk/news/national/16326312.display/
2018-07-09,Masked gunman filmed shooting at woman in car,1,1,True,https://www.thetimes.co.uk/article/masked-gunman-filmed-shooting-at-woman-in-car-cclkhv38p
2018-07-10,Masked gunman filmed shooting at woman in car,1,1,True,https://www.thetimes.co.uk/article/masked-gunman-filmed-shooting-at-woman-in-car-cclkhv38p
2018-07-12,Murder probe after woman dies in Small Heath knife attack - what we know so far,2,1,True,https://www.birminghammail.co.uk/news/midlands-news/murder-probe-after-woman-86-14902290
2018-07-17,Knife crime research shows lack of trust in police,2,1,True,http://www.enfieldindependent.co.uk/news/16359570.haringey-knife-crime-research-debated/
2018-07-19,"Warning over high harm violence as homicide, robbery and knife crimes rise",3,1,True,http://www.basildonstandard.co.uk/news/national/16365079.display/
2018-07-20,Obsessed Brit schoolboys who planned gun attack are jailed for 22 years,2,1,True,https://www.thesun.co.uk/news/6825821/teen-who-plotted-columbine-style-gun-and-bomb-massacre-on-yorkshire-school-with-pal-is-jailed/
2018-07-21,Neighbours describe hearing three shots as man killed in gun attack,2,1,True,https://www.birminghammail.co.uk/news/midlands-news/shocked-neighbours-describe-hearing-three-14937503
2018-07-21,Obsessed Brit schoolboys who planned gun attack are jailed for 22 years,1,2,True,https://www.thesun.co.uk/news/6825821/teen-who-plotted-columbine-style-gun-and-bomb-massacre-on-yorkshire-school-with-pal-is-jailed/
2018-07-22,Boris Johnson says knife crime in London is a scandal,2,1,True,http://www.yeovilexpress.co.uk/news/national/16370609.boris-johnson-says-knife-crime-in-london-is-a-scandal/
2018-07-23,Boris Johnson says knife crime in London is a scandal,14,1,True,http://www.yeovilexpress.co.uk/news/national/16370609.boris-johnson-says-knife-crime-in-london-is-a-scandal/
2018-07-23,"Acid attack on boy not believed to be racially motivated, say police",11,2,True,http://www.maldonandburnhamstandard.co.uk/news/national/16372524.acid-attack-on-boy-not-believed-to-be-racially-motivated-say-police/
2018-07-23,Police appeal to ID six men after violent disorder at Tommy Robinson demo,3,3,True,http://www.lancashiretelegraph.co.uk/news/national/16370863.police-appeal-to-id-six-men-after-violent-disorder-at-tommy-robinson-demo/
2018-07-25,counting begins in knife edge pakistani elections marred by suicide bomb,3,1,True,https://in.reuters.com/article/pakistan-election/counting-begins-in-knife-edge-pakistani-elections-marred-by-suicide-bomb-idINKBN1KF031
2018-07-25,suicide bomber kills 29 as pakistan votes in knife edge election,3,2,True,https://in.reuters.com/article/pakistan-election/suicide-bomber-kills-29-as-pakistan-votes-in-knife-edge-election-idINKBN1KF031
2018-08-02,Rapper killed in knife attack spoke of drill musics influence on crime,7,1,True,http://www.basildonstandard.co.uk/news/national/16394400.display/
2018-08-02,Moscow 17 rapper Incognito killed in triple stabbing at scene of friends shooting in Camberwell,2,2,True,https://www.thetimes.co.uk/edition/news/moscow17-rapper-incognito-killed-in-triple-stabbing-at-scene-of-previous-camberwell-murder-prtxcfg8f
2018-08-03,Mercedes and BMW stolen from outside home in 'millennium burglary',2,1,True,http://www.basildonstandard.co.uk/news/16396377.display/
2018-08-03,Moscow 17 rapper Incognito killed in triple stabbing at scene of friends shooting in Camberwell,1,2,True,https://www.thetimes.co.uk/edition/news/moscow17-rapper-incognito-killed-in-triple-stabbing-at-scene-of-previous-camberwell-murder-prtxcfg8f
2018-08-07,Murder probe launched after seven-year-old boy dies in deliberate arson attack,5,1,True,http://www.westerntelegraph.co.uk/news/national/16404010.murder-probe-launched-after-seven-year-old-boy-dies-in-deliberate-arson-attack/
2018-08-07,Fathers pain after seven-year-old boy dies in suspected arson attack,4,2,True,http://www.enfieldindependent.co.uk/news/national/16403328.fathers-pain-after-seven-year-old-boy-dies-in-suspected-arson-attack/
2018-08-07,"Murder hunt as boy, 7, dies trapped in his room after arson attack",2,3,True,https://www.thetimes.co.uk/article/boy-7-found-dead-after-deptford-fire-in-suspected-arson-attack-vl9xmvtw7
2018-08-09,"Brother of boy, seven, killed in arson murder is convicted drug dealer",5,1,True,http://www.maldonandburnhamstandard.co.uk/news/national/16408071.brother-of-boy-seven-killed-in-arson-murder-is-convicted-drug-dealer/
2018-08-09,"Man ""stabbed in chest"" near petrol station in gang robbery",2,2,True,http://www.basildonstandard.co.uk/news/16408295.display/
2018-08-09,brother of boy seven killed in arson murder is convicted drug dealer,2,3,True,https://www.eveningtelegraph.co.uk/2018/08/09/brother-of-boy-seven-killed-in-arson-murder-is-convicted-drug-dealer/
2018-08-12,Off-duty police officer stabbed as he thwarted moped robbery in London,1,1,True,https://www.thetimes.co.uk/edition/news/off-duty-police-officer-stabbed-as-he-thwarted-moped-theft-csx2n6cqk
2018-08-13,"Brother of Sam Urhie, killed in arson attack, sent back to prison",1,1,True,https://www.thetimes.co.uk/article/brother-of-sam-urhie-killed-in-arson-attack-sent-back-to-prison-njz7xn9vh
2018-08-13,Off-duty police officer stabbed as he thwarted moped robbery in London,1,2,True,https://www.thetimes.co.uk/edition/news/off-duty-police-officer-stabbed-as-he-thwarted-moped-theft-csx2n6cqk
2018-08-14,"Brother of Sam Urhie, killed in arson attack, sent back to prison",2,1,True,https://www.thetimes.co.uk/article/brother-of-sam-urhie-killed-in-arson-attack-sent-back-to-prison-njz7xn9vh
2018-08-14,Live: Police raid two Birmingham addresses after Westminster terror attack,1,2,True,https://www.birminghammail.co.uk/news/midlands-news/live-updates-police-raid-two-15030297
2018-08-15,Live: Police raid two Birmingham addresses after Westminster terror attack,1,1,True,https://www.birminghammail.co.uk/news/midlands-news/live-updates-police-raid-two-15030297
2018-08-17,Special constable dismissed after attempting to prevent his friends from being arrested for shoplifting,2,1,True,http://www.basildonstandard.co.uk/news/16444476.display/
2018-08-22,US prosecutors reviewing second sexual assault case against Kevin Spacey,4,1,True,http://www.chesterstandard.co.uk/news/national/16592829.us-prosecutors-reviewing-second-sexual-assault-case-against-kevin-spacey/
2018-08-22,UK police find sophisticated illegal gun factory,3,2,True,https://in.reuters.com/article/britain-firearms/uk-police-find-sophisticated-illegal-gun-factory-idINKCN1L716X
2018-08-22,US prosecutors reviewing second sexual assault case against kevin spacey,1,3,True,https://www.eveningtelegraph.co.uk/2018/08/22/us-prosecutors-reviewing-second-sexual-assault-case-against-kevin-spacey/
2018-08-23,credit suisse fires two after sexual assault investigation ft,2,1,True,https://uk.reuters.com/article/us-credit-suisse-gp-assault-firing/credit-suisse-fires-two-after-sexual-assault-investigation-ft-idUKKCN1L81KS
2018-08-23,US prosecutors reviewing second sexual assault case against kevin spacey,1,2,True,https://www.eveningtelegraph.co.uk/2018/08/22/us-prosecutors-reviewing-second-sexual-assault-case-against-kevin-spacey/
2018-08-24,Knife arches to be placed around Notting Hill Carnival for first time,12,1,True,http://www.yeovilexpress.co.uk/news/national/16595977.knife-arches-to-be-placed-around-notting-hill-carnival-for-first-time/
2018-08-24,Pair jailed over conversion of imitation firearms from Czech Republic,12,2,True,http://www.enfieldindependent.co.uk/news/national/16598406.pair-jailed-over-conversion-of-imitation-firearms-from-czech-republic/
2018-08-24,Knife arches at Notting Hill Carnival for first time to reassure public,5,3,True,http://www.chesterstandard.co.uk/news/national/16597607.knife-arches-at-notting-hill-carnival-for-first-time-to-reassure-public/
2018-08-25,Pair jailed over conversion of imitation firearms from Czech Republic,1,1,True,http://www.enfieldindependent.co.uk/news/national/16598406.pair-jailed-over-conversion-of-imitation-firearms-from-czech-republic/
2018-09-04,Staff challenging shoplifter sprayed with noxious irritant,6,1,True,http://www.wiltsglosstandard.co.uk/news/national/16688085.staff-challenging-shoplifter-sprayed-with-noxious-irritant/
2018-09-05,Heartbroken mum whose daughter was shot dead by stalker backs The Sun's campaign,2,1,True,https://www.thesun.co.uk/fabulous/7176967/tricia-bernal-stop-a-stalker-campaign/amp/
2018-09-06,Murder probe launched after fire rips through house in suspected arson attack,3,1,True,http://www.westerntelegraph.co.uk/news/national/16694272.murder-probe-launched-after-fire-rips-through-house-in-suspected-arson-attack/
2018-09-06,"No suspect identified in three quarters of vehicle theft cases, analysis finds",3,2,True,http://www.chesterstandard.co.uk/news/national/16694443.no-suspect-identified-in-three-quarters-of-vehicle-theft-cases-analysis-finds/
2018-09-06,Grieving mother tells how gang groomed her son CJ Davis to sell drugs,2,3,True,https://www.thetimes.co.uk/edition/news/grieving-mother-tells-how-gang-groomed-her-son-cj-davis-to-sell-drugs-drill-keisha-mcleod-n9gv2dqk7
2018-09-07,"Drug dealer jailed over 86,000 Grenfell fraud",5,1,True,http://www.greenocktelegraph.co.uk/news/national/16696719.drug-dealer-jailed-over-86000-grenfell-fraud/
2018-09-07,"No suspect identified in three quarters of vehicle theft cases, analysis finds",3,2,True,http://www.chesterstandard.co.uk/news/national/16694443.no-suspect-identified-in-three-quarters-of-vehicle-theft-cases-analysis-finds/
2018-09-07,drug dealer jailed over 86000 grenfell fraud,2,3,True,https://www.belfasttelegraph.co.uk/news/uk/drug-dealer-jailed-over-86000-grenfell-fraud-37293973.html
2018-09-08,man hurt woman arrested knife attack english town,1,1,True,http://www.dailymail.co.uk/wires/ap/article-6146193/Man-hurt-woman-arrested-knife-attack-English-town.html
2018-09-09,drug dealer jailed 86 000 grenfell fraud,1,1,True,http://www.dailymail.co.uk/wires/pa/article-6143983/Drug-dealer-jailed-86-000-Grenfell-fraud.html
2018-09-09,inspirational mother two teacher unintentional victim woolwich petrol bomb attack,1,2,True,http://www.dailymail.co.uk/news/article-6143951/Inspirational-mother-two-teacher-unintentional-victim-Woolwich-petrol-bomb-attack.html
2018-09-09,man hurt woman arrested knife attack english town,1,3,True,http://www.dailymail.co.uk/wires/ap/article-6146193/Man-hurt-woman-arrested-knife-attack-English-town.html
2018-09-10,no suspect identified three quarters vehicle theft cases analysis finds,1,1,True,http://www.dailymail.co.uk/wires/pa/article-6142599/No-suspect-identified-three-quarters-vehicle-theft-cases-analysis-finds.html
2018-09-16,Ashes stolen from widow during raid on home,8,1,True,http://www.harwichandmanningtreestandard.co.uk/news/national/16881958.ashes-stolen-from-widow-during-raid-on-home/
2018-09-16,ashes stolen from widow during raid on home,2,2,True,https://www.belfasttelegraph.co.uk/news/uk/ashes-stolen-from-widow-during-raid-on-home-37321049.html
2018-09-17,Photos show damaged home as family pays tribute to boy killed in arson attack,1,1,True,https://metro.co.uk/2018/09/17/photos-show-damaged-home-after-boy-7-was-killed-in-deliberate-arson-attack-7953966/
2018-09-17,scotland yard receives fresh sexual assault allegation against harvey weinstein,1,2,True,https://www.eveningtelegraph.co.uk/2018/09/18/scotland-yard-receives-fresh-sexual-assault-allegation-against-harvey-weinstein/
2018-09-18,"Gang armed with ""gun"" and knife steal moped from teen",2,1,True,http://www.basildonstandard.co.uk/news/16886965.display/
2018-09-18,Photos show damaged home as family pays tribute to boy killed in arson attack,1,2,True,https://metro.co.uk/2018/09/17/photos-show-damaged-home-after-boy-7-was-killed-in-deliberate-arson-attack-7953966/
2018-09-18,scotland yard receives fresh sexual assault allegation against harvey weinstein,1,3,True,https://www.eveningtelegraph.co.uk/2018/09/18/scotland-yard-receives-fresh-sexual-assault-allegation-against-harvey-weinstein/
2018-09-19,Pedestrians mown down by car in anti-Muslim attack outside mosque,5,1,True,http://www.chesterstandard.co.uk/news/national/16888053.pedestrians-mown-down-by-car-in-anti-muslim-attack-outside-mosque/
2018-09-20,maryland woman kills three people and herself in warehouse gun rampage,3,1,True,https://in.reuters.com/article/maryland-shooting/maryland-woman-kills-three-people-and-herself-in-warehouse-gun-rampage-idINKCN1M026N
2018-09-20,Man dies after stolen car crashes,2,2,True,http://www.thetottenhamindependent.co.uk/news/16892793.man-dies-after-car-stolen-near-borehamwood-crashes-near-potters-bar/
2018-09-20,Policeman jailed for theft and fraud,2,3,True,http://www.thetottenhamindependent.co.uk/news/16891488.enfield-policeman-jailed-for-theft-and-fraud/
2018-09-27,Two men arrested after 19-year-old shot in targeted attack,5,1,True,https://www.basildonstandard.co.uk/news/national/16906742.display/
2018-10-03,I was dealing heroin and cocaine and I got stabbed seven times,2,1,True,https://www.thetottenhamindependent.co.uk/news/16955591.i-was-dealing-heroin-and-cocaine-and-i-got-stabbed-seven-times/
2018-10-06,Police officers suffer knife wounds after north London fight,1,1,True,https://www.wiltsglosstandard.co.uk/news/national/16966044.police-officers-suffer-knife-wounds-after-north-london-fight/
2018-10-06,police officers suffer knife wounds after north london fight,1,2,True,https://www.eveningtelegraph.co.uk/2018/10/07/police-officers-suffer-knife-wounds-after-north-london-fight/
2018-10-07,Police officers suffer knife wounds after north London fight,10,1,True,https://www.wiltsglosstandard.co.uk/news/national/16966044.police-officers-suffer-knife-wounds-after-north-london-fight/
2018-10-07,police officers suffer knife wounds after north london fight,1,2,True,https://www.eveningtelegraph.co.uk/2018/10/07/police-officers-suffer-knife-wounds-after-north-london-fight/
2018-10-11,"Heroes of London Bridge terror attack who battled jihadis with skateboards, bare hands and having been stabbed are honoured by the queen - just day after 'coward commissioner' slammed for hiding in his car",2,1,True,https://www.thesun.co.uk/news/7471048/london-bridge-terror-attack-victims-heroes-queen/
2018-10-11,fund helping sexual harassment victims awards more than 1m in grants,2,2,True,https://www.eveningtelegraph.co.uk/2018/10/11/fund-helping-sexual-harassment-victims-awards-more-than-1m-in-grants/
2018-10-12,ubs investigates second sexual assault claim by ex junior trader sources,2,1,True,https://uk.reuters.com/article/uk-ubs-britain-allegations/ubs-investigates-second-sexual-assault-claim-by-ex-junior-trader-sources-idUKKCN1MM25G
2018-10-16,Car theft ringleader is caught after reporting Porsche stolen,1,1,True,https://www.thetimes.co.uk/article/car-crime-boss-chirag-patel-of-croydon-caught-after-reporting-his-porsche-stolen-0mgtpdxn6
2018-10-17,"Boy, 13, groomed to sell crack cocaine and heroin as dealers target vulnerable Southend schoolchildren",2,1,True,https://www.basildonstandard.co.uk/news/16987147.display/
2018-10-17,Car theft ringleader is caught after reporting Porsche stolen,1,2,True,https://www.thetimes.co.uk/article/car-crime-boss-chirag-patel-of-croydon-caught-after-reporting-his-porsche-stolen-0mgtpdxn6
2018-10-18,Police-recorded crime up 9 amid rises in homicide and knife-related offences,9,1,True,https://www.lancashiretelegraph.co.uk/news/national/16991696.police-recorded-crime-up-9-amid-rises-in-homicide-and-knife-related-offences/
2018-10-19,mother claimed to have knife says woman accused of threatening to stab baby,2,1,True,https://www.belfasttelegraph.co.uk/news/uk/mother-claimed-to-have-knife-says-woman-accused-of-threatening-to-stab-baby-37438065.html
2018-10-19,woman cleared of threatening to knife baby on tube train,2,2,True,https://www.belfasttelegraph.co.uk/news/uk/woman-cleared-of-threatening-to-knife-baby-on-tube-train-37438368.html
2018-10-19,woman threatened to knife baby in tube train row court told,2,3,True,https://www.belfasttelegraph.co.uk/news/uk/woman-threatened-to-knife-baby-in-tube-train-row-court-told-37437389.html
2018-10-22,Here's how to stop your child being groomed to deal drugs,2,1,True,https://www.basildonstandard.co.uk/news/16997933.parent-guide-to-stop-children-dealing-drugs/
2018-10-25,"Teenager killed outside party was shot, not stabbed  police",9,1,True,https://www.enfieldindependent.co.uk/news/national/17008453.teenager-killed-outside-party-was-shot-not-stabbed-police/
2018-10-25,british tycoon green named over alleged sexual harassment,3,2,True,https://www.reuters.com/article/us-people-green/british-tycoon-green-named-over-alleged-sexual-harassment-idUSKCN1MZ2Q0
2018-10-25,teenager killed outside party was shot not stabbed police,2,3,True,https://www.eveningtelegraph.co.uk/2018/10/25/teenager-killed-outside-party-was-shot-not-stabbed-police/
2018-10-26,Basildon mum brutally stabbed in street as armed thugs raid home,2,1,True,https://www.basildonstandard.co.uk/news/17008440.mum-gets-stabbed-in-street-as-armed-thugs-raid-home/
2018-10-27,Forty years behind bars for knife-armed gang who burgled home,4,1,True,https://www.thetottenhamindependent.co.uk/news/17078864.forty-years-behind-bars-for-knife-armed-gang-who-burgled-home/
2018-10-27,"Drugs, gun and stolen car found during police searches on Canvey",3,2,True,https://www.basildonstandard.co.uk/news/17074493.drugs-a-gun-and-a-stolen-car-were-found-during-police-searches-on-canvey/
2018-10-29,Psychiatric patient believed she suffered miscarriage prior to knife attack,2,1,True,https://www.greenocktelegraph.co.uk/news/national/17186412.psychiatric-patient-believed-she-suffered-miscarriage-prior-to-knife-attack/
2018-10-29,psychiatric patient believed she suffered miscarriage prior to knife attack,2,2,True,https://www.belfasttelegraph.co.uk/news/uk/psychiatric-patient-believed-she-suffered-miscarriage-prior-to-knife-attack-37470449.html
2018-10-30,Gun-wielding gang who targeted bookies' jailed,2,1,True,https://www.thetottenhamindependent.co.uk/news/17188229.gang-who-targeted-labrokes-in-london-and-hertfordshire-jailed/
2018-11-02,Boy stabbed at Tube station in Londons second teenage knife death in 24 hours,9,1,True,https://www.lancashiretelegraph.co.uk/news/national/17198744.boy-stabbed-at-tube-station-in-londons-second-teenage-knife-death-in-24-hours/
2018-11-02,boy stabbed at tube station in londons second teenage knife death in 24 hours,2,2,True,https://www.belfasttelegraph.co.uk/news/uk/boy-stabbed-at-tube-station-in-londons-second-teenage-knife-death-in-24-hours-37486849.html
2018-11-02,Pop singer flees knife fight in Sony HQ canteen,1,3,True,https://www.thetimes.co.uk/article/stars-and-workers-flee-as-chefs-fight-with-knives-in-sony-building-vzftzqvsb
2018-11-03,Pop singer flees knife fight in Sony HQ canteen,2,1,True,https://www.thetimes.co.uk/article/stars-and-workers-flee-as-chefs-fight-with-knives-in-sony-building-vzftzqvsb
2018-11-05,"Ten years to tackle knife crime, warns Sadiq Khan",2,1,True,https://www.thetimes.co.uk/edition/news/fourth-person-is-stabbed-to-death-in-week-of-violence-z0f7bnk9w
2018-11-05,the 8 million pound hole in brexit smoking gun or damp squib,2,2,True,https://in.reuters.com/article/us-britain-eu-arronbanks-explainer/the-8-million-pound-hole-in-brexit-smoking-gun-or-damp-squib-idINKCN1NA1ZI
2018-11-06,98-year-old man fighting for life after attack and robbery at Enfield home,4,1,True,https://www.wiltsglosstandard.co.uk/news/national/17205631.98-year-old-man-fighting-for-life-after-attack-and-robbery-at-enfield-home/
2018-11-08,"10,000 reward offered over attack on 98-year-old war veteran during robbery",4,1,True,https://www.westerntelegraph.co.uk/news/national/17211699.10000-reward-offered-over-attack-on-98-year-old-war-veteran-during-robbery/
2018-11-12,Peer faces record suspension from House of Lords for sexual harassment,3,1,True,https://www.maldonandburnhamstandard.co.uk/news/national/17217728.peer-faces-record-suspension-from-house-of-lords-for-sexual-harassment/
2018-11-12,"More police needed to deal with knife crime, says Sajid Javid",2,2,True,https://www.thetimes.co.uk/edition/news/london-needs-more-police-on-streets-says-home-secretary-sajid-javid-rsbz9fcf7
2018-11-12,peer faces record lords suspension over complaint of sexual harassment,2,3,True,https://www.eveningtelegraph.co.uk/2018/11/12/peer-faces-record-lords-suspension-over-complaint-of-sexual-harassment/
2018-11-19,Police probe whether quadruple stabbing is linked to north London shooting,4,1,True,https://www.lancashiretelegraph.co.uk/news/national/17232419.police-probe-whether-quadruple-stabbing-is-linked-to-north-london-shooting/
2018-11-19,police believe quadruple stabbing and shooting are linked,2,2,True,https://www.eveningtelegraph.co.uk/2018/11/19/police-believe-quadruple-stabbing-and-shooting-are-linked/
2018-11-19,police probe whether quadruple stabbing is linked to north london shooting,2,3,True,https://www.belfasttelegraph.co.uk/news/uk/police-probe-whether-quadruple-stabbing-is-linked-to-north-london-shooting-37541964.html
2018-11-20,amnesty says detained activists in saudi arabia subjected to torture sexual harassment,3,1,True,https://www.reuters.com/article/us-saudi-rights/amnesty-says-detained-activists-in-saudi-arabia-subjected-to-torture-sexual-harassment-idUSKCN1NP2BE
2018-11-20,Security guard begs for help as he wrestles with shoplifting woman,1,2,True,https://www.dailymail.co.uk/news/article-6405803/Primark-security-guard-begs-public-assist-wrestles-shoplifting-woman.html
2018-11-20,Susanna Reid bravely chased after knife-wielding mugger who slashed her bag,1,3,True,https://www.mirror.co.uk/tv/tv-news/susanna-reid-bravely-chased-after-13616609
2018-11-21,Knife victims mother says police must have stop-and-search powers,2,1,True,https://www.lancashiretelegraph.co.uk/news/national/17237458.knife-victims-mother-says-police-must-have-stop-and-search-powers/
2018-11-21,Susanna Reid bravely chased after knife-wielding mugger who slashed her bag,1,2,True,https://www.mirror.co.uk/tv/tv-news/susanna-reid-bravely-chased-after-13616609
2018-11-21,detained activists in saudi arabia subjected to torture sexual harassment rights groups,1,3,True,https://www.reuters.com/article/us-saudi-rights/detained-activists-in-saudi-arabia-subjected-to-torture-sexual-harassment-rights-groups-idUSKCN1NP2BE
2018-11-26,Face to face with gunman who murdered the primeminister,2,1,True,https://www.thetimes.co.uk/article/face-to-face-with-gunman-who-murdered-the-prime-minister-3b263qlpt
2018-11-26,Gun held to the head of customer as thugs rob Canvey Social Club,1,2,True,https://www.basildonstandard.co.uk/news/17256551.gun-wielding-thugs-rob-canvey-social-club-of-hundreds-of-pounds/
2018-11-27,Shoplifter Paul McCartney died in a Blackburn motel after taking heroin overdose,2,1,True,https://www.lancashiretelegraph.co.uk/news/17257633.inquest-paul-mccartney-died-of-heroin-overdose/
2018-11-27,Gun held to the head of customer as thugs rob Canvey Social Club,1,2,True,https://www.basildonstandard.co.uk/news/17256551.gun-wielding-thugs-rob-canvey-social-club-of-hundreds-of-pounds/
2018-12-02,"Schools alone cannot tackle knife crime and obesity, says Ofsted chief",10,1,True,https://www.enfieldindependent.co.uk/news/national/17270440.schools-alone-cannot-tackle-knife-crime-and-obesity-says-ofsted-chief/
2018-12-02,schools alone cannot tackle knife crime and obesity says ofsted chief,2,2,True,https://www.belfasttelegraph.co.uk/news/uk/schools-alone-cannot-tackle-knife-crime-and-obesity-says-ofsted-chief-37586151.html
2018-12-11,armed british police use stun gun on man inside grounds of parliament,3,1,True,https://uk.reuters.com/article/uk-britain-security/armed-british-police-use-stun-gun-on-man-inside-grounds-of-parliament-idUKKBN1OA187
2018-12-12,gunman kills at least two in french christmas market and flees,3,1,True,https://www.reuters.com/article/us-france-shots/gunman-kills-at-least-two-in-french-christmas-market-and-flees-idUSKBN1OA2A8
2018-12-12,gunman kills three people in french christmas market flees,3,2,True,https://in.reuters.com/article/france-shots/gunman-kills-three-people-in-french-christmas-market-flees-idINKBN1OA2AV
2018-12-14,Rapper J Hus jailed for carrying knife outside shopping centre,6,1,True,https://www.chesterstandard.co.uk/news/national/17299385.rapper-j-hus-jailed-for-carrying-knife-outside-shopping-centre/
2018-12-14,rapper j hus jailed for carrying knife outside shopping centre,2,2,True,https://www.belfasttelegraph.co.uk/news/uk/rapper-j-hus-jailed-for-carrying-knife-outside-shopping-centre-37626922.html
2018-12-21,Family of knife crime victim release picture of bloody murder weapon,2,1,True,https://www.chesterstandard.co.uk/news/national/17314026.family-of-knife-crime-victim-release-picture-of-bloody-murder-weapon/
2018-12-22,Teenager charged after knife found by Old Bailey security staff,7,1,True,https://www.yeovilexpress.co.uk/news/national/17315858.teenager-charged-after-knife-found-by-old-bailey-security-staff/
2018-12-22,teenager charged after knife found by old bailey security staff,3,2,True,https://www.belfasttelegraph.co.uk/news/uk/teenager-charged-after-knife-found-by-old-bailey-security-staff-37651070.html
2018-12-24,actor kevin spacey charged with sexual assault in the US,1,1,True,https://www.eveningtelegraph.co.uk/2018/12/24/actor-kevin-spacey-charged-with-sexual-assault-in-the-us/
2018-12-25,actor kevin spacey charged with sexual assault in the US,1,1,True,https://www.eveningtelegraph.co.uk/2018/12/24/actor-kevin-spacey-charged-with-sexual-assault-in-the-us/
2018-12-26,Teenagers charged with murder of Portuguese man in knife attack,7,1,True,https://www.maldonandburnhamstandard.co.uk/news/national/17320244.teenagers-charged-with-murder-of-portuguese-man-in-knife-attack/
2018-12-26,Man threatens shop worker with knife in Basildon,2,2,True,https://www.basildonstandard.co.uk/news/17320420.man-threatens-shop-worker-with-knife-in-basildon/
2018-12-26,teenagers charged with murder of portuguese man in knife attack,2,3,True,https://www.eveningtelegraph.co.uk/2018/12/26/teenagers-charged-with-murder-of-portuguese-man-in-knife-attack/
2019-01-01,New Years Day violence sees two people dead after knife attacks,10,1,True,https://www.basildonstandard.co.uk/news/national/17329343.new-years-day-violence-sees-two-people-dead-after-knife-attacks/
2019-01-01,new years day violence sees two people dead after knife attacks,2,2,True,https://www.belfasttelegraph.co.uk/news/uk/new-years-day-violence-sees-two-people-dead-after-knife-attacks-37673510.html
2019-01-03,US hip-hop star ASAP Bari fined over sex attack in London hotel,7,1,True,https://www.enfieldindependent.co.uk/news/national/17333065.us-hip-hop-designer-asap-bari-fined-after-admitting-sex-attack-in-london-hotel/
2019-01-03,US hip hop designer asap bari admits sex attack in london hotel,2,2,True,https://www.belfasttelegraph.co.uk/news/uk/us-hip-hop-designer-asap-bari-admits-sex-attack-in-london-hotel-37678008.html
2019-01-03,breakingviews firearms will test the mettle of woke financiers,2,3,True,https://www.reuters.com/article/us-usa-guns-breakingviews/breakingviews-firearms-will-test-the-mettle-of-woke-financiers-idUSKCN1OW1H9
2019-01-04,Surge in contactless card fraud - stealing 1.18m in 10 months,2,1,True,https://www.standard.co.uk/news/crime/half-of-card-fraud-now-contactless-stealing-18m-in-10-months-a4030256.html
2019-01-05,US hip-hop star ASAP Bari fined over sex attack in London hotel,1,1,True,https://www.enfieldindependent.co.uk/news/national/17333065.us-hip-hop-designer-asap-bari-fined-after-admitting-sex-attack-in-london-hotel/
2019-01-06,Actor Kevin Spacey charged with sexual assault in the US,2,1,True,https://www.dailymail.co.uk/wires/pa/article-6527725/Actor-Kevin-Spacey-charged-sexual-assault-US.html
2019-01-07,stolen car toddler given item of clothing by suspect,2,1,True,https://www.eveningtelegraph.co.uk/2019/01/07/stolen-car-toddler-given-item-of-clothing-by-suspect/
2019-01-07,Surge in contactless card fraud - stealing 1.18m in 10 months,1,2,True,https://www.standard.co.uk/news/crime/half-of-card-fraud-now-contactless-stealing-18m-in-10-months-a4030256.html
2019-01-09,fatal stabbing of moped rider 14 was targeted attack police say,2,1,True,https://www.belfasttelegraph.co.uk/news/uk/fatal-stabbing-of-moped-rider-14-was-targeted-attack-police-say-37695597.html
2019-01-15,gunmen kill 14 in kenya hotel compound attack claimed by somali islamists,3,1,True,https://in.reuters.com/article/kenya-security/gunmen-kill-14-in-kenya-hotel-compound-attack-claimed-by-somali-islamists-idINKCN1P91I8
2019-01-16,gunmen kill 15 in kenya hotel compound attack claimed by somali islamists,4,1,True,https://uk.reuters.com/article/uk-kenya-security/gunmen-kill-15-in-kenya-hotel-compound-attack-claimed-by-somali-islamists-idUKKCN1P91IA
2019-01-16,Man jailed after pointing a BB gun at station staff at Basildon Train Station,2,2,True,https://www.maldonandburnhamstandard.co.uk/news/south_essex_news/17361260.man-jailed-after-pointing-a-bb-gun-at-station-staff-at-basildon-train-station/
2019-01-23,Man charged after huge knife spotted on train,3,1,True,https://www.basildonstandard.co.uk/news/17378171.man-charged-after-knife-spotted-on-train-between-colchester-and-witham/
2019-01-24,Homicides increase by 14 as knife crime rises,3,1,True,https://www.basildonstandard.co.uk/news/national/17381960.homicides-increase-by-14-as-knife-crime-rises/
2019-01-27,Gunman arrested outside grandmothers home after shooting dead his parents,3,1,True,https://www.westerntelegraph.co.uk/news/national/17388856.gunman-arrested-outside-grandmothers-home-after-shooting-dead-his-parents/
2019-01-28,Gunman arrested outside grandmothers home after shooting dead his parents,3,1,True,https://www.westerntelegraph.co.uk/news/national/17388856.gunman-arrested-outside-grandmothers-home-after-shooting-dead-his-parents/
2019-01-28,gunman arrested outside grandmothers home after shooting dead his parents,2,2,True,https://www.belfasttelegraph.co.uk/news/world-news/gunman-arrested-outside-grandmothers-home-after-shooting-dead-his-parents-37754566.html
2019-01-30,Zombie knife attackers sentence increased by Court of Appeal,3,1,True,https://www.maldonandburnhamstandard.co.uk/news/national/17395814.zombie-knife-attackers-sentence-increased-by-court-of-appeal/
2019-01-31,Firearms charges against Abu Hamza's son dropped,3,1,True,https://www.standard.co.uk/news/crime/firearms-charges-against-abu-hamzas-son-dropped-a4053726.html
2019-01-31,Home Secretary launches new orders to tackle senseless knife violence,3,2,True,https://www.wiltsglosstandard.co.uk/news/national/17397413.home-secretary-launches-new-orders-to-tackle-senseless-knife-violence/
2019-01-31,Zombie knife attacker jailed by Court of Appeal judges,3,3,True,https://www.walesonline.co.uk/news/uk-news/zombie-knife-attacker-jailed-court-15756492
2019-02-01,Man jailed for death by dangerous driving after reversing up a one-way street,2,1,True,https://www.thetottenhamindependent.co.uk/news/17403993.man-from-enfield-is-jailed-for-death-by-dangerous-driving-after-reversing-up-a-one-way-street-in-harrow/
2019-02-01,Measures to stem rise in knife crime welcomed,2,2,True,https://www.thetottenhamindependent.co.uk/news/17400676.measures-to-stem-rise-in-knife-crime-welcomed/
2019-02-04,Teenagers get life for fatal Valentines Day car and knife attack on 17-year-old,5,1,True,https://www.wiltsglosstandard.co.uk/news/national/17408339.teenagers-get-life-for-fatal-valentines-day-car-and-knife-attack-on-17-year-old/
2019-02-04,lying mp zombie knife attacker,3,2,True,https://www.grimsbytelegraph.co.uk/news/uk-world-news/lying-mp-zombie-knife-attacker-2505020
2019-02-04,britains metro bank hit by fraud attack,2,3,True,https://uk.reuters.com/article/us-britain-metro-bank-fraud/britains-metro-bank-hit-by-fraud-attack-idUKKCN1PT1RJ
2019-02-08,another woman accuses virginia lieutenant governor of sexual assault,2,1,True,https://www.reuters.com/article/us-virginia-politics-rape/another-woman-accuses-virginia-lieutenant-governor-of-sexual-assault-idUSKCN1PX2DM
2019-02-08,virginia lieutenant governor accused of sexual assault by second woman,2,2,True,https://www.reuters.com/article/us-virginia-politics-rape/virginia-lieutenant-governor-accused-of-sexual-assault-by-second-woman-idUSKCN1PX2DM
2019-02-09,"Rising number of youngsters taken to hospital with knife wounds, figures suggest",11,1,True,https://www.thetottenhamindependent.co.uk/news/national/17420632.rising-number-of-youngsters-taken-to-hospital-with-knife-wounds-figures-suggest/
2019-02-09,virginia lieutenant governor denies second sexual assault allegation,4,2,True,https://www.reuters.com/article/us-virginia-politics-rape/virginia-lieutenant-governor-denies-second-sexual-assault-allegation-idUSKCN1PX2DM
2019-02-09,virginia lieutenant governor denies new sexual assault allegation,3,3,True,https://uk.reuters.com/article/uk-virginia-politics/virginia-lieutenant-governor-denies-new-sexual-assault-allegation-idUKKCN1PX2GY
2019-02-11,pressure mounts on virginia democrats over sex assault racism scandals,3,1,True,https://in.reuters.com/article/virginia-politics/pressure-mounts-on-virginia-democrats-over-sex-assault-racism-scandals-idINKCN1Q00PI
2019-02-11,Knife crime offenders faced with GPS tracking,2,2,True,https://www.enfieldindependent.co.uk/news/17424222.knife-crime-offenders-faced-with-gps-tracking/
2019-02-11,"Row over cigarettes ends in fatal knife attack on most caring, genuineman",2,3,True,https://www.thetimes.co.uk/edition/news/row-over-cigarettes-ends-in-fatal-knife-attack-on-most-caring-genuineman-md7z75c57
2019-02-13,"Youngsters being lured into drug gangs and knife crime in Essex, says report",3,1,True,https://www.maldonandburnhamstandard.co.uk/news/north_essex_news/17426786.council-agrees-to-spend-500000-on-county-lines-problem/
2019-02-15,Ross from Friends lookalike denies fraud and theft offences,3,1,True,https://www.greenocktelegraph.co.uk/news/national/17435920.ross-from-friends-lookalike-denies-fraud-and-theft-offences/
2019-02-18,Maajid Nawaz injured in racially motivated assault,2,1,True,https://www.thetottenhamindependent.co.uk/news/national/17442011.maajid-nawaz-injured-in-racially-motivated-assault/
2019-02-19,Maajid Nawaz injured in racially motivated assault,11,1,True,https://www.thetottenhamindependent.co.uk/news/national/17442011.maajid-nawaz-injured-in-racially-motivated-assault/
2019-02-19,Radio presenter injured in 'racially motivated' attack,3,2,True,https://www.birminghammail.co.uk/news/uk-news/radio-presenter-injured-racially-motivated-15852031
2019-02-19,'Racially motivated' attack leaves radio presenter injured,2,3,True,https://www.hulldailymail.co.uk/news/uk-world-news/racially-motivated-attack-leaves-radio-2559916
2019-02-25,u s returns to bitfinex exchange fraction of bitcoin stolen in 2016 heist,2,1,True,https://in.reuters.com/article/crypto-currencies-bitfinex/u-s-returns-to-bitfinex-exchange-fraction-of-bitcoin-stolen-in-2016-heist-idINKCN1QE120
2019-02-26,Three charged with robbery after tills and cash stolen from Martin's,2,1,True,https://www.maldonandburnhamstandard.co.uk/news/south_essex_news/17460157.three-charged-with-robbery-after-tills-and-cash-stolen-from-mccolls-in-felmores-end-pitsea/
2019-02-27,Police commissioner describes spate of knife attacks as national emergency,2,1,True,https://www.chesterstandard.co.uk/news/national-news/17463874.police-commissioner-describes-spate-of-knife-attacks-as-national-emergency/
2019-02-27,police commissioner describes spate of knife attacks as national emergency,2,2,True,https://www.eveningtelegraph.co.uk/2019/02/27/police-commissioner-describes-spate-of-knife-attacks-as-national-emergency/
2019-03-04,May vows to tackle causes of knife crime,9,1,True,https://www.enfieldindependent.co.uk/news/national/17474903.may-vows-to-tackle-causes-of-knife-crime/
2019-03-04,two more teenagers killed as knife murders in britain soar,3,2,True,https://uk.reuters.com/article/uk-britain-crime/two-more-teenagers-killed-as-knife-murders-in-britain-soar-idUKKCN1QL18T
2019-03-04,two more teenagers killed at weekend as knife murders in britain soar,3,3,True,https://www.reuters.com/article/us-britain-crime/two-more-teenagers-killed-at-weekend-as-knife-murders-in-britain-soar-idUSKCN1QL18L
2019-03-05,May calls urgent meetings on knife crime amid row over police numbers,6,1,True,https://www.thetottenhamindependent.co.uk/news/national/17477354.may-calls-urgent-meetings-on-knife-crime-amid-row-over-police-numbers/
2019-03-05,"Get a grip on knife scourge, say MPs",2,2,True,https://www.thetimes.co.uk/edition/news/get-a-grip-on-knife-scourge-say-mps-nnj6xlrvp
2019-03-05,Met chief and May at odds over police cuts link to rise in knife crime,2,3,True,https://www.westerntelegraph.co.uk/news/national/17476934.met-chief-and-may-at-odds-over-police-cuts-link-to-rise-in-knife-crime/
2019-03-06,Police chiefs to meet Home Secretary over knife crime emergency,4,1,True,https://www.lancashiretelegraph.co.uk/news/national/17478770.police-chiefs-to-meet-home-secretary-over-knife-crime-emergency/
2019-03-06,Knife crime crisis: Is it really linked to falling police numbers?,3,2,True,https://www.derbytelegraph.co.uk/news/uk-world-news/knife-crime-crisis-really-linked-2615944
2019-03-06,Are cuts to police numbers linked to rise in knife crime?,3,3,True,https://www.manchestereveningnews.co.uk/news/uk-news/cuts-police-numbers-linked-rise-15931419
2019-03-07,Another stabbing on London streets as Theresa May faces knife crime backlash,11,1,True,https://www.chesterstandard.co.uk/news/national-news/17481882.another-stabbing-on-london-streets-as-theresa-may-faces-knife-crime-backlash/
2019-03-07,"Broken school exclusion system linked to knife crime, police chiefs warn May",6,2,True,https://www.greenocktelegraph.co.uk/news/national-news/17483124.broken-school-exclusion-system-linked-to-knife-crime-police-chiefs-warn-may/
2019-03-07,Police blast Hammond over move resources demand amid knife crime surge,2,3,True,https://www.yeovilexpress.co.uk/news/national/17483306.police-blast-hammond-over-move-resources-demand-amid-knife-crime-surge/
2019-03-08,Sadiq Khan demands more police funding as Met focuses on knife crime,9,1,True,https://www.greenocktelegraph.co.uk/news/national-news/17487087.sadiq-khan-demands-more-police-funding-as-met-focuses-on-knife-crime/
2019-03-09,Councils warn against cuts to youth offending teams amid spate of knife crime,11,1,True,https://www.wiltsglosstandard.co.uk/news/national/17488733.councils-warn-against-cuts-to-youth-offending-teams-amid-spate-of-knife-crime/
2019-03-09,Asda pledges to cease single knife sales over stabbing fears,8,2,True,https://www.yeovilexpress.co.uk/news/national/17489328.asda-pledges-to-cease-single-knife-sales-over-stabbing-fears/
2019-03-09,councils warn against cuts to youth offending teams amid spate of knife crime,2,3,True,https://www.belfasttelegraph.co.uk/news/uk/councils-warn-against-cuts-to-youth-offending-teams-amid-spate-of-knife-crime-37895024.html
2019-03-11,police targeting knife crime in lincolnshire in week of action 1,3,1,True,https://www.sleafordstandard.co.uk/news/crime/police-targeting-knife-crime-in-lincolnshire-in-week-of-action-1-8843255
2019-03-11,'Very alarming' - new figures reveal sharp rise in knife crime,2,2,True,https://www.lancashiretelegraph.co.uk/news/17490969.shock-at-sharp-rise-in-knife-crime-across-lancashire/
2019-03-11,minister says knife crime crackdown will send really big message,2,3,True,https://www.eveningtelegraph.co.uk/2019/03/11/minister-says-knife-crime-crackdown-will-send-really-big-message/
2019-03-12,Schools cannot tackle knife crime alone  Ofsted,2,1,True,https://www.westerntelegraph.co.uk/news/national/17494390.schools-cannot-tackle-knife-crime-alone-ofsted/
2019-03-12,schools cannot tackle knife crime alone ofsted,2,2,True,https://www.belfasttelegraph.co.uk/news/uk/schools-cannot-tackle-knife-crime-alone-ofsted-37904710.html
2019-03-13,Schools cannot tackle knife crime alone  Ofsted,7,1,True,https://www.westerntelegraph.co.uk/news/national/17494390.schools-cannot-tackle-knife-crime-alone-ofsted/
2019-03-13,Chancellor announces 100m cash injection to tackle knife crime 'epidemic',2,2,True,https://www.manchestereveningnews.co.uk/news/uk-news/chancellor-announces-100m-cash-injection-15969200
2019-03-13,Police get 100m to tackle knife crime 'epidemic',2,3,True,https://www.hulldailymail.co.uk/news/uk-world-news/police-100m-tackle-knife-crime-2642242
2019-03-14,Jeremy Kyle caught up in knife drama when filming in a London park,2,1,True,https://www.walesonline.co.uk/news/uk-news/jeremy-kyle-chased-knife-filming-15969534
2019-03-14,Teenager who appeared in drill videos and was caught with zombie knife is jailed,2,2,True,https://www.thetottenhamindependent.co.uk/news/17502295.hornsey-teenager-caught-with-zombie-knife-and-class-a-drugs-is-sentenced-to-five-years-imprisonment/
2019-03-14,Sadiq Khan demands more police funding as Met focuses on knife crime,1,3,True,https://www.greenocktelegraph.co.uk/news/national-news/17487087.sadiq-khan-demands-more-police-funding-as-met-focuses-on-knife-crime/
2019-03-15,Supermarket called out for slashing knife prices - on the day they pledge to stop selling them,2,1,True,https://www.enfieldindependent.co.uk/news/17502858.asda-has-been-criticised-for-cutting-the-price-of-its-knives/
2019-03-19,Masked raider jailed for 10 YEARS after shop knife robbery spree,3,1,True,https://www.maldonandburnhamstandard.co.uk/news/north_essex_news/17512005.masked-raider-jailed-after-shop-knife-robbery-spree/
2019-03-22,Young man rushed to hospital by air ambulance after stabbing attack,1,1,True,https://www.thetottenhamindependent.co.uk/news/17521926.young-man-stabbed-in-fothergill-drive-in-enfield-is-rushed-to-north-london-hospital/
2019-03-23,Young man rushed to hospital by air ambulance after stabbing attack,1,1,True,https://www.thetottenhamindependent.co.uk/news/17521926.young-man-stabbed-in-fothergill-drive-in-enfield-is-rushed-to-north-london-hospital/
2019-03-24,Police probe after man dies in stabbing attack in north-west London,11,1,True,https://www.wiltsglosstandard.co.uk/news/national/17523411.police-probe-after-man-dies-in-stabbing-attack-in-north-west-london/
2019-03-24,Shop worker stabbed to death in newsagent robbery,8,2,True,https://www.basildonstandard.co.uk/news/national/17523649.shop-worker-stabbed-to-death-in-newsagent-robbery/
2019-03-24,Shopworker stabbed to death during robbery is latest knife-crime victim,2,3,True,https://www.thetimes.co.uk/edition/news/shopworker-stabbed-to-death-during-robbery-is-latest-knife-crime-victim-nzvfqvtrt
2019-03-26,lloyds of london develops action plan to address sexual harassment,5,1,True,https://in.reuters.com/article/lloyd-s-of-london-harassment/lloyds-of-london-develops-action-plan-to-address-sexual-harassment-idINKCN1R726S
2019-03-26,Serious youth violence falls  but knife crime rises,2,2,True,https://www.enfieldindependent.co.uk/news/17528339.enfield-sees-fall-in-serious-youth-violence/
2019-03-26,crackdown on knife crime takes 147 weapons off the streets of northamptonshire for good 1,2,3,True,https://www.northantstelegraph.co.uk/news/crackdown-on-knife-crime-takes-147-weapons-off-the-streets-of-northamptonshire-for-good-1-8865144
2019-03-27,May vows to tackle causes of knife crime,1,1,True,https://www.enfieldindependent.co.uk/news/national/17474903.may-vows-to-tackle-causes-of-knife-crime/
2019-03-29,Gunman tried to fire at StPauls guards,1,1,True,https://www.thetimes.co.uk/edition/news/man-arrested-after-gun-incident-at-st-pauls-cathedral-8p2z0708r
2019-03-30,Gunman tried to fire at StPauls guards,1,1,True,https://www.thetimes.co.uk/edition/news/man-arrested-after-gun-incident-at-st-pauls-cathedral-8p2z0708r
2019-03-31,Victims of senseless stabbings randomly attacked from behind,15,1,True,https://www.enfieldindependent.co.uk/news/national/17540234.manhunt-under-way-following-series-of-london-stabbings/
2019-03-31,Stop and search rules eased to combat knife crime,2,2,True,https://www.chesterstandard.co.uk/news/national-news/17539760.stop-and-search-rules-eased-to-combat-knife-crime/
2019-04-01,Prime Minister hosts Downing Street summit on knife violence,10,1,True,https://www.lancashiretelegraph.co.uk/news/national/17541932.prime-minister-hosts-downing-street-summit-on-knife-violence/
2019-04-01,"Police, teachers and nurses critical of Governments knife crime proposals",5,2,True,https://www.lancashiretelegraph.co.uk/news/national/17542782.police-teachers-and-nurses-critical-of-governments-knife-crime-proposals/
2019-04-01,David Blaine under investigation following sexual assault allegations,2,3,True,https://www.greenocktelegraph.co.uk/news/national-news/17543235.david-blaine-under-investigation-following-sexual-assault-allegations/
2019-04-02,Fifth knife attack in area hit by spate of linked stabbings,7,1,True,https://www.lancashiretelegraph.co.uk/news/national/17544157.man-stabbed-by-knifeman-matching-description-of-culprit-linked-to-attacks/
2019-04-02,Man arrested after fifth knife attack yards from police cordon,6,2,True,https://www.enfieldindependent.co.uk/news/national/17545527.man-arrested-after-fifth-knife-attack-yards-from-police-cordon/
2019-04-02,fifth stabbing in four days in north london district amid knife crime surge,3,3,True,https://uk.reuters.com/article/uk-britain-crime-stabbing/fifth-stabbing-in-four-days-in-north-london-district-amid-knife-crime-surge-idUKKCN1RE0VY
2019-04-04,Man arrested after fifth knife attack yards from police cordon,1,1,True,https://www.enfieldindependent.co.uk/news/national/17545527.man-arrested-after-fifth-knife-attack-yards-from-police-cordon/
2019-04-05,britains co op stops kitchen knife sales as stabbings rise,4,1,True,https://uk.reuters.com/article/uk-britain-crime-co-operative-grp/britains-co-op-stops-kitchen-knife-sales-as-stabbings-rise-idUKKCN1RH0UX?rpc=401
2019-04-05,special report egypt kills hundreds of suspected militants in disputed gun battles,3,2,True,https://in.reuters.com/article/uk-egypt-killings-specialreport/special-report-egypt-kills-hundreds-of-suspected-militants-in-disputed-gun-battles-idINKCN1RH10M
2019-04-08,Knife seized after mass brawl near bus station,2,1,True,https://www.maldonandburnhamstandard.co.uk/news/south_essex_news/17557620.knife-seized-after-mass-brawl-near-basildon-bus-station/
2019-04-09,Man dies after gun and knife attack in east London,6,1,True,https://www.maldonandburnhamstandard.co.uk/news/national/17560018.man-dies-after-gun-and-knife-attack-in-east-london/
2019-04-09,Man dies after suffering 'knife and gunshot wounds' in east London,2,2,True,https://www.independent.co.uk/news/uk/crime/manor-park-shooting-murder-stabbing-london-knife-crime-met-police-a8860956.html
2019-04-09,Man dies in Newham knife and gun attack,2,3,True,https://www.thetimes.co.uk/article/man-dies-in-newham-knife-and-gun-attack-lqp95njk6
2019-04-10,Jurors see dramatic footage of alleged knife attack on four police officers,4,1,True,https://www.wiltsglosstandard.co.uk/news/national/17564921.jurors-see-dramatic-footage-of-alleged-knife-attack-on-four-police-officers/
2019-04-10,jurors see dramatic footage of alleged knife attack on four police officers,2,2,True,https://www.belfasttelegraph.co.uk/news/uk/jurors-see-dramatic-footage-of-alleged-knife-attack-on-four-police-officers-38002969.html
2019-04-12,Accountant stole 170k from bosses and spent it on cocaine and women,1,1,True,https://www.dailymail.co.uk/news/article-6917381/Bullied-accountant-stole-170-000-bosses-spent-new-house-cocaine-prostitutes.html
2019-04-12,Fifth knife attack in area hit by spate of linked stabbings,1,2,True,https://www.lancashiretelegraph.co.uk/news/national/17544157.man-stabbed-by-knifeman-matching-description-of-culprit-linked-to-attacks/
2019-04-13,Accountant stole 170k from bosses and spent it on cocaine and women,1,1,True,https://www.dailymail.co.uk/news/article-6917381/Bullied-accountant-stole-170-000-bosses-spent-new-house-cocaine-prostitutes.html
2019-04-13,Prime Minister hosts Downing Street summit on knife violence,1,2,True,https://www.lancashiretelegraph.co.uk/news/national/17541932.prime-minister-hosts-downing-street-summit-on-knife-violence/
2019-04-15,Knife assault data could help police prevent next years murders  study,2,1,True,https://www.chesterstandard.co.uk/news/national-news/17573752.knife-assault-data-could-help-police-prevent-next-years-murders-study/
2019-04-16,University drop-out guilty of knife attack on four officers,9,1,True,https://www.greenocktelegraph.co.uk/news/national-news/17577463.university-drop-out-guilty-of-knife-attack-on-four-officers/
2019-04-16,New inquest granted into girl's 1965 knife death,3,2,True,https://www.hulldailymail.co.uk/news/uk-world-news/elsie-frosts-brother-elated-fresh-2765731
2019-04-17,Anti-knife crime campaigners block Westminster Bridge,6,1,True,https://www.maldonandburnhamstandard.co.uk/news/national/17579980.anti-knife-crime-campaigners-to-block-westminster-bridge/
2019-04-17,London Mayor backs anti-knife crime protesters at Downing Street,5,2,True,https://www.basildonstandard.co.uk/news/national/17580197.london-mayor-backs-anti-knife-crime-protesters-at-downing-street/
2019-04-17,Government accused of breaking promise over 100m anti-knife crime fund,3,3,True,https://www.wiltsglosstandard.co.uk/news/national/17579498.government-accused-of-breaking-promise-over-100m-anti-knife-crime-fund/
2019-04-19,woman killed after shots fired in londonderry riot,4,1,True,https://www.reuters.com/article/us-nireland-violence/woman-killed-after-shots-fired-in-londonderry-riot-idUSKCN1RV02A
2019-04-19,northern ireland journalist killed by gunman during riot,3,2,True,https://uk.reuters.com/article/uk-nireland-violence/northern-ireland-journalist-killed-by-gunman-during-riot-idUKKCN1RV02F
2019-04-19,off duty journalist shot dead during northern ireland riot,3,3,True,https://in.reuters.com/article/nireland-violence/off-duty-journalist-shot-dead-during-northern-ireland-riot-idINKCN1RV06X
2019-04-23,"Gang stabs man, 21, multiple times in third London knife attack in six hours",1,1,True,https://www.thesun.co.uk/news/8924505/wembley-stabbing-leaves-man-28-fighting-for-his-life-less-than-two-hours-after-man-knifed-in-west-london/
2019-04-24,"Gang stabs man, 21, multiple times in third London knife attack in six hours",1,1,True,https://www.thesun.co.uk/news/8924505/wembley-stabbing-leaves-man-28-fighting-for-his-life-less-than-two-hours-after-man-knifed-in-west-london/
2019-04-26,n ireland police suspect teenage gunman killed journalist lyra mckee,2,1,True,https://in.reuters.com/article/nireland-violence/n-ireland-police-suspect-teenage-gunman-killed-journalist-lyra-mckee-idINKCN1S217K
2019-04-26,northern ireland police suspect teenage gunman killed journalist lyra mckee,2,2,True,https://uk.reuters.com/article/uk-nireland-violence/northern-ireland-police-suspect-teenage-gunman-killed-journalist-lyra-mckee-idUKKCN1S216D
2019-04-29,Suspected rapist threatened to kill builder who came to victims aid,2,1,True,https://www.thetottenhamindependent.co.uk/news/national/17604641.suspected-rapist-threatened-to-kill-builder-who-came-to-victims-aid/
2019-05-02,"Burglar fatally stabbed by homeowner was lawfully killed, inquest rules",8,1,True,https://www.enfieldindependent.co.uk/news/national/17614612.burglar-fatally-stabbed-by-homeowner-was-lawfully-killed-inquest-rules/
2019-05-02,"Richard Osborn-Brooks lawfully killed intruder Henry Vincent with kitchen knife, coroner rules",4,2,True,https://www.thetimes.co.uk/edition/news/pensioner-in-witness-protection-tells-inquest-how-he-stabbed-burglar-xxdbw6w3s
2019-05-02,Pensioner who stabbed burglar had warned him my knifes bigger than yours,2,3,True,https://www.harwichandmanningtreestandard.co.uk/news/national/17614291.pensioner-who-stabbed-burglar-had-warned-him-my-knifes-bigger-than-yours/
2019-05-08,"London Bridge attacker wiped knife on beard in chilling gesture, inquest told",3,1,True,https://www.basildonstandard.co.uk/news/national/17626320.london-bridge-attacker-wiped-knife-on-beard-in-chilling-gesture-inquest-told/
2019-05-10,Masked gunman fires blank handgun outside London mosque after Ramadan prayers,12,1,True,https://www.lancashiretelegraph.co.uk/news/national/17630966.masked-gunman-fires-blank-handgun-outside-london-mosque-after-ramadan-prayers/
2019-05-10,Anti-knife crime campaigners claim positive outcome after YouTube protest,10,2,True,https://www.chesterstandard.co.uk/news/national-news/17631958.anti-knife-crime-campaigners-stage-protest-at-youtubes-london-offices/
2019-05-10,Police probe after gun fired outside London mosque,2,3,True,https://www.thetottenhamindependent.co.uk/news/national/17632139.police-probe-after-gun-fired-outside-london-mosque/
2019-05-11,gunmen kill guard in pakistan hotel attack military,2,1,True,https://uk.reuters.com/article/uk-pakistan-security-guard/gunmen-kill-guard-in-pakistan-hotel-attack-military-idUKKCN1SH0EN
2019-05-14,'Zombified' waitress relives moment she was 'raped by JLS star Oritse Williams in hotel attack after downing free drinks in VIP club',2,1,True,https://www.thesun.co.uk/news/9070550/jls-singer-oritse-williams-hotel-room-rape/
2019-05-23,column rare earths trade gun is loaded will china pull the trigger,2,1,True,https://uk.reuters.com/uk.reuters.com/article/us-china-rareearth-ahome/column-rare-earths-trade-gun-is-loaded-will-china-pull-the-trigger-idUKKCN1ST1M2
2019-05-24,University drop-out faces jail for knife attack on police officers,10,1,True,https://www.yeovilexpress.co.uk/news/national/17661652.university-drop-out-faces-jail-for-knife-attack-on-police-officers/
2019-05-24,rpt column rare earths trade gun is loaded will china pull the trigger andy home,2,2,True,https://www.reuters.com/article/china-rareearth-ahome/rpt-column-rare-earths-trade-gun-is-loaded-will-china-pull-the-trigger-andy-home-idUSL5N22Z59V
2019-05-28,EU leaders fire starting gun for top jobs race,4,1,True,https://www.reuters.com/article/us-eu-election-summit/eu-leaders-fire-starting-gun-for-top-jobs-race-idUSKCN1SY13M
2019-05-28,London teens sent to Africa to escape knife crime,2,2,True,https://www.bbc.co.uk/news/uk-48353960
2019-06-01,Man dies after stolen car catches fire and crashes,6,1,True,https://www.wiltsglosstandard.co.uk/news/national/17678512.man-dies-after-stolen-car-catches-fire-and-crashes/
2019-06-01,Annual march to tackle knife crime,2,2,True,https://www.thetottenhamindependent.co.uk/news/17677267.campaigners-to-march-through-enfield-and-tottenham-to-raise-awareness-of-knife-and-gun-crime/
2019-06-04,Freed jailbird gun maniac with ankle tag kills four in Australia rampage,1,1,True,https://www.thesun.co.uk/news/9218821/darwin-shooting-shotgun-four-dead/
2019-06-05,JLS star's mansion burns down in 'arson' after he was cleared of rape,2,1,True,https://www.standard.co.uk/news/london/jls-star-oritse-williams-3-million-london-mansion-goes-up-in-flames-days-after-he-is-cleared-of-rape-a4159601.html
2019-06-05,Freed jailbird gun maniac with ankle tag kills four in Australia rampage,1,2,True,https://www.thesun.co.uk/news/9218821/darwin-shooting-shotgun-four-dead/
2019-06-07,Teenagers arrested after couple attacked on bus in homophobic attack,11,1,True,https://www.chesterstandard.co.uk/news/national-news/17692742.teenagers-arrested-after-couple-attacked-on-bus-in-homophobic-attack/
2019-06-07,Arrests made after couple attacked on bus in homophobic attack,7,2,True,https://www.enfieldindependent.co.uk/news/national/17691267.couple-beaten-in-homophobic-attack-after-refusing-to-kiss-on-bus/
2019-06-07,two women injured in UK homophobic attack for refusing to kiss,3,3,True,https://www.reuters.com/article/us-britain-crime-lgbt/two-women-injured-in-uk-homophobic-attack-for-refusing-to-kiss-idUSKCN1T81OJ
2019-06-08,Fifth teenager arrested after couple attacked on bus in homophobic assault,11,1,True,https://www.greenocktelegraph.co.uk/news/national-news/17693479.fifth-teenager-arrested-after-couple-attacked-on-bus-in-homophobic-assault/
2019-06-12,Watch drug dealers smirk as they count cash before police raid,3,1,True,https://www.hulldailymail.co.uk/news/uk-world-news/cops-seize-nearly-200kg-cocaine-2966177
2019-06-12,"Arcadias knife-edge vote to decide future of 18,000 jobs",2,2,True,https://www.wiltsglosstandard.co.uk/news/national/17699839.arcadias-knife-edge-vote-to-decide-future-of-18000-jobs/
2019-06-12,"Sixteen arrests and weapons, drugs and cash seized in police drug raids",2,3,True,https://www.basildonstandard.co.uk/news/17700501.brentwood-drug-raids-see-sixteen-arrests-and-weapons-seized/
2019-06-14,"Were just sexual objects to men, says victim of homophobic attack on London bus",1,1,True,https://www.thetimes.co.uk/edition/news/were-just-sexual-objects-to-men-says-melania-geymonat-victim-of-homophobic-attack-d8ffgdst9
2019-06-15,Two fatal stabbings and man shot dead in 24 hours of London violence,23,1,True,https://www.chesterstandard.co.uk/news/national-news/17708736.four-stabbings-and-a-fatal-shooting-in-12-hours-of-london-violence/
2019-06-15,four stabbings and a fatal shooting in 12 hours of london violence,2,2,True,https://www.eveningtelegraph.co.uk/2019/06/15/four-stabbings-and-a-fatal-shooting-in-12-hours-of-london-violence/
2019-06-15,"Were just sexual objects to men, says victim of homophobic attack on London bus",1,3,True,https://www.thetimes.co.uk/edition/news/were-just-sexual-objects-to-men-says-melania-geymonat-victim-of-homophobic-attack-d8ffgdst9
2019-06-17,Hunt: I agree with Trump on Khans failure to tackle knife crime,3,1,True,https://www.chesterstandard.co.uk/news/national-news/17711161.hunt-i-agree-with-trump-on-khans-failure-to-tackle-knife-crime/
2019-06-19,UK man becomes first convicted in britain of making 3d printer gun,2,1,True,https://in.reuters.com/article/britain-police-3dgun/uk-man-becomes-first-convicted-in-britain-of-making-3d-printer-gun-idINKCN1TK1XB
2019-06-22,Two fatal stabbings and man shot dead in 24 hours of London violence,1,1,True,https://www.chesterstandard.co.uk/news/national-news/17708736.four-stabbings-and-a-fatal-shooting-in-12-hours-of-london-violence/
2019-06-25,"Train passenger killed in savage knife attack in front of son, court told",2,1,True,https://www.thetottenhamindependent.co.uk/news/national/17729084.train-passenger-killed-in-savage-knife-attack-in-front-of-son-court-told/
2019-06-27,Family of stabbing victim Ben Kinsella launch anti-knife crime centre,4,1,True,https://www.maldonandburnhamstandard.co.uk/news/national/17735141.family-of-stabbing-victim-ben-kinsella-launch-anti-knife-crime-centre/
2019-07-03,Pregnant knife victim Kelly Mary Fauvrelles family were woken by her screaming,2,1,True,https://www.thetimes.co.uk/edition/news/baby-riley-dies-in-hospital-four-days-after-pregnant-mother-kelly-mary-fauvrelle-murdered-7z0qr3dm7
2019-07-04,"Rookie firearms officer fell over and shot terrorist through legs, inquest told",5,1,True,https://www.basildonstandard.co.uk/news/national/17749724.rookie-firearms-officer-fell-shot-terrorist-legs-inquest-told/
2019-07-04,rookie firearms officer fell over and shot terrorist through legs inquest told,2,2,True,https://www.eveningtelegraph.co.uk/2019/07/04/rookie-firearms-officer-fell-over-and-shot-terrorist-through-legs-inquest-told/
2019-07-05,Burglar jailed for stealing 20k of jewellery and blackmailing victim into paying for its return,3,1,True,https://www.harwichandmanningtreestandard.co.uk/news/17752437.jay-waite-jailed-burglary-blackmail-hutton/
2019-07-05,Scuffle between knife crime protesters and security guards at City Hall,2,2,True,https://www.thetottenhamindependent.co.uk/news/17752585.scuffle-knife-crime-protesters-security-guards-london-city-hall/
2019-07-06,Mayor launches Pride parade with attack on Boris Johnsons homophobic language,5,1,True,https://www.lancashiretelegraph.co.uk/news/national/17754072.mayor-launches-pride-parade-attack-boris-johnson-s-homophobic-language/
2019-07-06,mayor launches pride parade with attack on boris johnsons homophobic language,2,2,True,https://www.belfasttelegraph.co.uk/news/uk/mayor-launches-pride-parade-with-attack-on-boris-johnsons-homophobic-language-38288252.html
2019-07-07,Mayor launches Pride parade with attack on Boris Johnsons homophobic language,6,1,True,https://www.lancashiretelegraph.co.uk/news/national/17754072.mayor-launches-pride-parade-attack-boris-johnson-s-homophobic-language/
2019-07-07,Scotland Yard quizzes Kevin Spacey in US over six sexual assault claims,2,2,True,https://www.thetimes.co.uk/edition/news/scotland-yard-quizzes-kevin-spacey-in-us-over-six-sexual-assault-claims-d933s29ht
2019-07-09,One man shot and another stabbed in Finsbury Park,19,1,True,https://www.maldonandburnhamstandard.co.uk/news/national/17757225.one-man-shot-another-stabbed-finsbury-park/
2019-07-09,Hunt for intruder who broke into flat and sexually assaulted woman as she slept,2,2,True,https://www.westerntelegraph.co.uk/news/national/17758608.hunt-intruder-broke-flat-sexually-assaulted-woman-slept/
2019-07-09,UK lawmakers ask authorities to investigate bank forgery allegations,2,3,True,https://uk.reuters.com/article/uk-britain-banks-forgery-allegations/uk-lawmakers-ask-authorities-to-investigate-bank-forgery-allegations-idUKKCN1U40Z6
2019-07-10,Man wanted in connection to sexual assault at train station,2,1,True,https://www.maldonandburnhamstandard.co.uk/news/south_essex_news/17760553.man-wanted-connection-sexual-assault-west-ham-station/
2019-07-12,postcodes highest rate car theft uk_73a4ebad616318deed8d9f3bbb570536,10,1,True,https://www.lythamstannesexpress.co.uk/cars/car-news/postcodes-highest-rate-car-theft-uk_73a4ebad616318deed8d9f3bbb570536/
2019-07-12,Teenager stabbed to death in south London knife attack,3,2,True,https://www.maldonandburnhamstandard.co.uk/news/national/17767123.teenager-stabbed-death-south-london-knife-attack/
2019-07-13,Man convicted over biggest cash robbery critical after shooting,6,1,True,https://www.greenocktelegraph.co.uk/news/national-news/17768818.man-convicted-biggest-cash-robbery-critical-shooting/
2019-07-13,15-year-old boy stabbed in London amid slew of knife crime incidents,5,2,True,https://www.harwichandmanningtreestandard.co.uk/news/national/17769169.15-year-old-boy-stabbed-london-amid-slew-knife-crime-incidents/
2019-07-13,man convicted over biggest cash robbery critical after shooting,2,3,True,https://www.belfasttelegraph.co.uk/news/uk/man-convicted-over-biggest-cash-robbery-critical-after-shooting-38309101.html
2019-07-14,15-year-old boy stabbed in London amid slew of knife crime incidents,5,1,True,https://www.harwichandmanningtreestandard.co.uk/news/national/17769169.15-year-old-boy-stabbed-london-amid-slew-knife-crime-incidents/
2019-07-14,Second arrest after shooting of man convicted over biggest cash robbery,4,2,True,https://www.yeovilexpress.co.uk/news/national/17769599.second-arrest-shooting-man-convicted-biggest-cash-robbery/
2019-07-14,second arrest after shooting of man convicted over biggest cash robbery,2,3,True,https://www.belfasttelegraph.co.uk/news/uk/second-arrest-after-shooting-of-man-convicted-over-biggest-cash-robbery-38311303.html
2019-07-15,Thief shot down in Russell Kane's house 'victim of revenge attack',2,1,True,https://www.thesun.co.uk/news/9506672/thief-shot-russell-kane-victim-revenge-attack/
2019-07-18,knife crime soars to record in england and wales but homicides fall,3,1,True,https://in.reuters.com/article/britain-crime/knife-crime-soars-to-record-in-england-and-wales-but-homicides-fall-idINKCN1UD1PH
2019-07-22,british politician elphicke charged with sexual assault,3,1,True,https://www.reuters.com/article/us-britain-assault-elphicke/british-politician-elphicke-charged-with-sexual-assault-idUSKCN1UH164
2019-07-25,Teenagers charged over homophobic bus attack,3,1,True,https://www.maldonandburnhamstandard.co.uk/news/national/17795871.teenagers-charged-homophobic-bus-attack/
2019-07-26,Ozil-Kolasinac knife attack: Property owner attacked five times in same area,2,1,True,https://www.chesterstandard.co.uk/news/national-news/17797180.ozil-kolasinac-knife-attack-property-owner-attacked-five-times-area/
2019-07-28,Stark warning to tourists over knife crime and drugs epidemic in Magaluf,1,1,True,https://www.mirror.co.uk/news/uk-news/sun-sand-stabbings-knifes-drugs-18790802
2019-07-29,Stark warning to tourists over knife crime and drugs epidemic in Magaluf,1,1,True,https://www.mirror.co.uk/news/uk-news/sun-sand-stabbings-knifes-drugs-18790802
2019-08-02,cunning and cruel fraudsters jailed for 240000 romance scam,2,1,True,https://www.belfasttelegraph.co.uk/news/uk/cunning-and-cruel-fraudsters-jailed-for-240000-romance-scam-38370158.html
2019-08-02,hero police chief who saved woman and child from gunman says his farewell 1,2,2,True,https://www.wakefieldexpress.co.uk/news/crime/hero-police-chief-who-saved-woman-and-child-from-gunman-says-his-farewell-1-9910759
2019-08-04,Sister of Dayton gunman 'drove in same car with brother and companion',3,1,True,https://www.dailymail.co.uk/news/article-7319463/Gunman-wearing-body-armor-killed-9-people-injured-16-Ohio-bar.html
2019-08-08,"Man, 56, charged over policeman stab attack",7,1,True,https://www.thetottenhamindependent.co.uk/news/national/17825723.man-56-charged-policeman-stab-attack/
2019-08-08,Sharp rise in knife possession offences among women and girls,5,2,True,https://www.yeovilexpress.co.uk/news/national/17823752.sharp-rise-knife-possession-offences-among-women-girls/
2019-08-08,Police officer stabbed in 'frenzied and unprovoked' machete attack,3,3,True,https://www.hulldailymail.co.uk/news/uk-world-news/police-officer-stabbed-frenzied-unprovoked-3187201
2019-08-09,"Man, 56, charged over policeman stab attack",2,1,True,https://www.thetottenhamindependent.co.uk/news/national/17825723.man-56-charged-policeman-stab-attack/
2019-08-09,man 56 charged over policeman stab attack,1,2,True,https://www.eveningtelegraph.co.uk/2019/08/08/man-56-charged-over-policeman-stab-attack/
2019-08-15,Man stabbed in unprovoked attack outside Home Office,11,1,True,https://www.yeovilexpress.co.uk/news/national/17839594.man-stabbed-outside-home-office-central-london/
2019-08-15,Government worker stabbed in unprovoked attack outside Home Office,7,2,True,https://www.wiltsglosstandard.co.uk/news/national/17840590.government-worker-stabbed-unprovoked-attack-outside-home-office/
2019-08-15,government worker stabbed in unprovoked attack outside home office,2,3,True,https://www.belfasttelegraph.co.uk/news/uk/government-worker-stabbed-in-unprovoked-attack-outside-home-office-38407716.html
2019-08-16,"Innocent man punched, kicked and stabbed by pack of thugs after leaving nightclub",2,1,True,https://www.basildonstandard.co.uk/news/17840554.pack-thugs-punched-kicked-stabbed-man/
2019-08-19,Chicken boxes returning to Home Office with hand-written knife crime solutions,10,1,True,https://www.greenocktelegraph.co.uk/news/national-news/17847124.chicken-boxes-returning-home-office-hand-written-knife-crime-solutions/
2019-08-20,Government under fire for trying to fight knife crime with chicken boxes,3,1,True,https://www.grimsbytelegraph.co.uk/news/uk-world-news/government-under-fire-trying-fight-3231757
2019-08-22,"Weapons, drugs and 200k in cash seized in police raids across south Essex",1,1,True,https://www.basildonstandard.co.uk/news/17854820.weapons-drugs-200k-cash-seized-warrants-executed-southend/
2019-08-23,More knife screening arches pledged for Notting Hill Carnival,2,1,True,https://www.lancashiretelegraph.co.uk/news/national/17856926.knife-screening-arches-pledged-notting-hill-carnival/
2019-08-24,"Murder victim begged for wife after London knife attack, witness says",3,1,True,https://www.chesterstandard.co.uk/news/national-news/17859352.murder-victim-begged-wife-london-knife-attack-witness-says/
2019-08-24,"Weapons, drugs and 200k in cash seized in police raids across south Essex",1,2,True,https://www.basildonstandard.co.uk/news/17854820.weapons-drugs-200k-cash-seized-warrants-executed-southend/
2019-08-24,murder victim begged for wife after london knife attack witness says,1,3,True,https://www.eveningtelegraph.co.uk/2019/08/24/murder-victim-begged-for-wife-after-london-knife-attack-witness-says/
2019-08-25,murder victim begged for wife after london knife attack witness says,1,1,True,https://www.eveningtelegraph.co.uk/2019/08/24/murder-victim-begged-for-wife-after-london-knife-attack-witness-says/
2019-08-29,Drug dealer convicted of stabbing police officer,5,1,True,https://www.yeovilexpress.co.uk/news/national/17869292.drug-dealer-convicted-stabbing-police-officer/
2019-08-31,Three arrested as 15-year-old fights for life following stab attack,6,1,True,https://www.thetottenhamindependent.co.uk/news/national/17872280.three-arrested-15-year-old-fights-life-following-stab-attack/
2019-09-01,Seven dead and at least 21 injured in Texas after gunman hijacks mail van,2,1,True,https://www.thesun.co.uk/news/9838370/texas-shooting-multiple-casualties-after-two-gunmen-in-separate-cars-open-fire-in-odessa/
2019-09-06,Youth guilty of stabbing gangster over county lines drug dispute,6,1,True,https://www.enfieldindependent.co.uk/news/national/17886558.youth-guilty-stabbing-gangster-county-lines-drug-dispute/
2019-09-06,Triplets jailed for plot to supply criminal with submachine gun and pistol,2,2,True,https://www.thetottenhamindependent.co.uk/news/17886710.triplets-edmonton-jailed-plot-supply-criminal-guns/
2019-09-06,british identical triplets jailed for gun offence,2,3,True,https://in.reuters.com/article/britain-crime-triplets/british-identical-triplets-jailed-for-gun-offence-idINKCN1VR1TS
2019-09-10,Underage knife sales to be tackled by retailer agreement,3,1,True,https://www.basildonstandard.co.uk/news/national/17893846.underage-knife-sales-tackled-retailer-agreement/
2019-09-11,Underage knife sales to be tackled by retailer agreement,5,1,True,https://www.basildonstandard.co.uk/news/national/17893846.underage-knife-sales-tackled-retailer-agreement/
2019-09-15,Masked raiders armed with batons and machetes steal cash in burglary,2,1,True,https://www.maldonandburnhamstandard.co.uk/news/south_essex_news/17903924.robbers-armed-batons-machetes-steal-cash-canvey-property/
2019-09-17,Jodie Chesney stabbed to death after getting caught up in drug dealer dispute,5,1,True,https://www.yeovilexpress.co.uk/news/national/17907977.jodie-chesney-stabbed-death-getting-caught-drug-dealer-dispute/
2019-09-17,'Blameless' teen was 'caught up in drug turf war' when she was knifed to death,2,2,True,https://www.mirror.co.uk/news/uk-news/jodie-chesney-blameless-teen-knifed-20080891
2019-09-17,"Jodie Chesney's sobbing boyfriend held dying Girl Scout, 17, in his arms after she was stabbed to death 'by drug dealers in turf war'",2,3,True,https://www.thesun.co.uk/news/9938341/jodie-chesney-17-was-stabbed-to-death-in-front-of-boyfriend-by-a-drug-gang-trying-to-earn-respect/
2019-09-19,Jodie Chesney stabbed to death by dealers after friend bought drug from rival,2,1,True,https://www.wiltsglosstandard.co.uk/news/national/17914115.jodie-chesney-stabbed-death-dealers-friend-bought-drug-rival/
2019-09-20,At least one gun shot fired in Haringey last night,2,1,True,https://www.enfieldindependent.co.uk/news/17916080.least-one-gun-shot-fired-haringey-last-night/
2019-09-23,one in 12 witnessed sexual harassment in lloyds insurance market survey,2,1,True,https://in.reuters.com/article/lloyd-s-of-london-culture-survey/one-in-12-witnessed-sexual-harassment-in-lloyds-insurance-market-survey-idINKBN1W82RV
2019-09-24,"Murder accused felt threatened before knife killing in bar, court told",3,1,True,https://www.basildonstandard.co.uk/news/national/17923715.murder-accused-felt-threatened-knife-killing-bar-court-told/
2019-09-24,one in 12 witnessed sexual harassment in lloyds insurance market survey,1,2,True,https://in.reuters.com/article/lloyd-s-of-london-culture-survey/one-in-12-witnessed-sexual-harassment-in-lloyds-insurance-market-survey-idINKBN1W82RV
2019-09-30,Prince Harry watches Brit soldiers and local rangers 'battle gun-wielding elephant poachers as part of demonstration in Malawi,2,1,True,https://www.thesun.co.uk/news/10033767/prince-harry-tribute-brit-soldier-trampled-to-death-by-elephants-while-protecting-poachers-malawi/
2019-10-02,Police storm bus station after man threatened at knife point,2,1,True,https://www.basildonstandard.co.uk/news/17939984.police-storm-basildon-bus-station-man-threatened-knife-point/
2019-10-03,Five arrested for human trafficking as police raid 'brothels' across Essex,3,1,True,https://www.harwichandmanningtreestandard.co.uk/news/17944661.five-arrested-police-raid-suspected-brothels-essex/
2019-10-04,man thought he would never see again after homophobic assault,2,1,True,https://www.eveningtelegraph.co.uk/2019/10/04/man-thought-he-would-never-see-again-after-homophobic-assault/
2019-10-08,men from dewsbury and leeds arrested in dawn raid as part of largest drugs bust ever in UK 1,2,1,True,https://www.pontefractandcastlefordexpress.co.uk/news/crime/men-from-dewsbury-and-leeds-arrested-in-dawn-raid-as-part-of-largest-drugs-bust-ever-in-uk-1-10040219
2019-10-10,Southend is 'most dangerous area in Essex' as figures show 5 worst places for knife crime,2,1,True,https://www.basildonstandard.co.uk/news/17957972.southend-worst-essex-knife-crime/
2019-10-11,Husband of woman jailed in Iran says family caught up in gun fight,6,1,True,https://www.maldonandburnhamstandard.co.uk/news/national/17963203.husband-woman-jailed-iran-says-family-caught-gun-fight/
2019-10-11,Police arrest 43 after weapons and drugs raids,5,2,True,https://www.westerntelegraph.co.uk/news/national/17961998.police-arrest-43-weapons-drugs-raids/
2019-10-12,London man sentenced to 15 years for firearms offences,11,1,True,https://www.greenocktelegraph.co.uk/news/national-news/17964293.london-man-sentenced-15-years-firearms-offences/
2019-10-12,london man sentenced to 15 years for firearms offences,2,2,True,https://www.eveningtelegraph.co.uk/2019/10/12/london-man-sentenced-to-15-years-for-firearms-offences/
2019-10-15,malaysians robbed of justice by jail death of british paedophile huckle child group,2,1,True,https://in.reuters.com/article/uk-britain-abuse-malaysia/malaysians-robbed-of-justice-by-jail-death-of-british-paedophile-huckle-child-group-idINKBN1WU0WW
2019-10-17,Knife crime hits record high after 7 increase,6,1,True,https://www.harwichandmanningtreestandard.co.uk/news/national/17975008.knife-crime-hits-record-high-7-increase/
2019-10-19,PM faces knife-edge vote on Brexit as Parliament meets on super Saturday,11,1,True,https://www.greenocktelegraph.co.uk/news/national-news/17979737.pm-faces-knife-edge-vote-brexit-parliament-meets-super-saturday/
2019-10-23,Bulgarias shadow economy of car theft and people smuggling,2,1,True,https://www.thetimes.co.uk/edition/news/bulgaria-s-shadow-economy-of-car-theft-and-people-smuggling-6fbmqd609
2019-10-24,"School exclusion can be tipping point to knife crime, report warns",1,1,True,https://www.maldonandburnhamstandard.co.uk/news/national/17992211.school-exclusion-can-tipping-point-knife-crime-report-warns/
2019-10-25,"School exclusion can be tipping point to knife crime, report warns",10,1,True,https://www.maldonandburnhamstandard.co.uk/news/national/17992211.school-exclusion-can-tipping-point-knife-crime-report-warns/
2019-10-25,Man who sparked armed raid on Regents Park mosque guilty over stab death,5,2,True,https://www.wiltsglosstandard.co.uk/news/national/17993805.man-sparked-armed-raid-regents-park-mosque-guilty-stab-death/
2019-10-28,robbery attack in waterbeach street 1,2,1,True,https://www.wisbechstandard.co.uk/news/robbery-attack-in-waterbeach-street-1-6344467
2019-10-29,Firearms officer in hospital after being struck by car during vehicle stop,4,1,True,https://www.harwichandmanningtreestandard.co.uk/news/national/18000687.firearms-officer-hospital-struck-car-vehicle-stop/
2019-10-30,Man arrested after firearms officer is mown down by car,3,1,True,https://www.wiltsglosstandard.co.uk/news/national/18004199.man-arrested-firearms-officer-mown-car/
2019-11-05,"Burglar stole more than 15,000 from ex-BBC boss Lord Birt",2,1,True,https://www.thetottenhamindependent.co.uk/news/18015382.burglar-edmonton-stole-15-000-lord-john-birt/
2019-11-08,Teenager fatally stabbed at knife awareness course named,10,1,True,https://www.maldonandburnhamstandard.co.uk/news/national/18025369.teenager-fatally-stabbed-knife-awareness-course-named/
2019-11-09,Teenager charged with murder of 18-year-old man at London knife awareness course,11,1,True,https://www.chesterstandard.co.uk/news/national-news/18025562.teenager-charged-murder-18-year-old-man-london-knife-awareness-course/
2019-11-09,Teenager appears in court charged with murdering man at knife awareness course,3,2,True,https://www.wiltsglosstandard.co.uk/news/national/18026025.teenager-appears-court-charged-murdering-man-knife-awareness-course/
2019-11-09,Teenager stabbed to death on knife awareness course,1,3,True,https://www.thetimes.co.uk/edition/news/teenager-stabbed-to-death-on-knife-awareness-course-x382z2hbt
2019-11-12,"Depraved serial rapist Joseph McCann attacked women and children, court told",2,1,True,https://www.harwichandmanningtreestandard.co.uk/news/national/18031638.depraved-serial-rapist-joseph-mccann-attacked-women-children-court-told/
2019-11-20,Teenager stabbed to death on knife awareness course,1,1,True,https://www.thetimes.co.uk/edition/news/teenager-stabbed-to-death-on-knife-awareness-course-x382z2hbt
2019-11-24,Man found stabbed to death after car crash in weekend of knife violence,3,1,True,https://www.thetottenhamindependent.co.uk/news/national/18057377.man-found-stabbed-death-car-crash-weekend-knife-violence/
2019-11-24,man found stabbed to death after car crash in weekend of knife violence,2,2,True,https://www.belfasttelegraph.co.uk/news/uk/man-found-stabbed-to-death-after-car-crash-in-weekend-of-knife-violence-38721620.html
2019-11-25,Burglar jailed for stealing jewellery worth tens of thousands,2,1,True,https://www.maldonandburnhamstandard.co.uk/news/south_essex_news/18058939.burglar-jailed-stealing-jewellery-essex/
2019-11-26,Scotland Yard name all three victims after weekend of knife violence,2,1,True,https://www.standard.co.uk/news/crime/london-stabbings-scotland-yard-name-all-three-victims-after-weekend-of-knife-violence-a4297396.html
2019-11-28,teenagers admit homophobic london bus attack on two women,3,1,True,https://in.reuters.com/article/britain-crime-lgbt/teenagers-admit-homophobic-london-bus-attack-on-two-women-idINKBN1Y2214
2019-11-29,London Bridge knife rampage declared a terror attack,7,1,True,https://www.harwichandmanningtreestandard.co.uk/news/national/18069862.police-treating-london-bridge-stabbing-spree-as-terror-related/
2019-11-29,Man shot by police following London Bridge stabbing,5,2,True,https://www.harwichandmanningtreestandard.co.uk/news/south_essex_news/18069782.man-shot-police-following-london-bridge-stabbing/
2019-11-29,breath taking heroism praise for londoners who tackled knife attacker,3,3,True,https://in.reuters.com/article/britain-security-bystanders/breath-taking-heroism-praise-for-londoners-who-tackled-knife-attacker-idINKBN1Y322M
2019-11-30,police shoot london killer dead call stabbings a terrorist attack,2,1,True,https://in.reuters.com/article/britain-security/police-shoot-london-killer-dead-call-stabbings-a-terrorist-attack-idINKBN1Y31NP
2019-12-01,Brit drugs mule 'beaten with clubs and stripped naked' in hellish Brazilian jail,1,1,True,https://www.mirror.co.uk/news/uk-news/brit-drugs-mule-beaten-clubs-21006492
2019-12-02,Brit drugs mule 'beaten with clubs and stripped naked' in hellish Brazilian jail,1,1,True,https://www.mirror.co.uk/news/uk-news/brit-drugs-mule-beaten-clubs-21006492
2019-12-03,See how knife crime has gone up in your area during years of Tory-led austerity,2,1,True,https://www.mirror.co.uk/news/uk-news/see-how-knife-crime-gone-20540100
2019-12-06,uber says it received over 3000 reports of sexual assault in u s in 2018,4,1,True,https://uk.reuters.com/article/uk-uber-safety/uber-says-it-received-over-3000-reports-of-sexual-assault-in-u-s-in-2018-idUKKBN1YA00B
2019-12-06,uber says it received more than 3000 reports of sexual assault in u s in 2018,3,2,True,https://uk.reuters.com/article/us-uber-safety/uber-says-it-received-more-than-3000-reports-of-sexual-assault-in-u-s-in-2018-idUKKBN1YA009
2019-12-08,"Boy, 13, quizzed over 'murder' of mum, 25, stabbed to death in 'mugging gone wrong' is released",1,1,True,https://www.thesun.co.uk/news/10508343/boy-13-arrested-murder-stabbing-northants-mugging/
2019-12-09,"Boy, 13, quizzed over 'murder' of mum, 25, stabbed to death in 'mugging gone wrong' is released",1,1,True,https://www.thesun.co.uk/news/10508343/boy-13-arrested-murder-stabbing-northants-mugging/
2019-12-10,"Knife victims father: For the love of God and country, put down your weapons",6,1,True,https://www.greenocktelegraph.co.uk/news/national-news/18091314.knife-victims-father-for-love-god-country-put-weapons/
2019-12-11,Boy no longer feels safe at home after sexual assault by intruder,2,1,True,https://www.basildonstandard.co.uk/news/national/18095386.boy-no-longer-feels-safe-home-sexual-assault-intruder/
2019-12-12,Zombie-masked robber storms into shop and threatens people with knife,1,1,True,https://www.basildonstandard.co.uk/news/18096900.zombie-masked-thug-robs-vange-newsagents/
2019-12-13,Zombie-masked robber storms into shop and threatens people with knife,1,1,True,https://www.basildonstandard.co.uk/news/18096900.zombie-masked-thug-robs-vange-newsagents/
2019-12-16,F1 heiress Tamara Ecclestone has an estimated 50million worth of jewellery stolen after a raid at her mansion,2,1,True,https://www.thesun.co.uk/tvandshowbiz/10558560/tamara-ecclestone-50million-jewellery-stolen/
2019-12-17,Rapist black cab driver drugged and attacked more than a dozen women,2,1,True,https://www.enfieldindependent.co.uk/news/18106752.taxi-driver-rapist-enfield-drugged-attacked-dozen-women/
2019-12-30,London synagogue and shops targeted in racist attack,2,1,True,https://www.thetimes.co.uk/edition/news/london-synagogue-and-shops-targeted-in-racist-attack-dntqqzxxq
2020-01-05,Stop and search failing in knife crime crisis,2,1,True,https://www.thetimes.co.uk/edition/news/stop-and-search-failing-in-knife-crime-crisis-23jcn5wzr
2020-01-08,mum warns of dangers of drugs after her gentle son was found stabbed to death 1,2,1,True,https://www.wisbechstandard.co.uk/news/mum-warns-of-dangers-of-drugs-after-her-gentle-son-was-found-stabbed-to-death-1-6454553
2020-01-10,as virginia governor vows new gun control push capitol braces for protests,3,1,True,https://uk.reuters.com/article/uk-usa-guns-rally/as-virginia-governor-vows-new-gun-control-push-capitol-braces-for-protests-idUKKBN1Z926B
2020-01-13,Permanent safety cameras set for A10 in dangerous driving crackdown,1,1,True,https://www.enfieldindependent.co.uk/news/18157413.a10-enfield-get-permanent-safety-cameras-says-tfl/
2020-01-14,Nearly half of those charged with London knife deaths were previous offenders,2,1,True,https://www.enfieldindependent.co.uk/news/18157281.nearly-half-charged-london-knife-deaths-previous-offenders/
2020-01-14,Permanent safety cameras set for A10 in dangerous driving crackdown,1,2,True,https://www.enfieldindependent.co.uk/news/18157413.a10-enfield-get-permanent-safety-cameras-says-tfl/
2020-01-15,virginia plans emergency gun ban at capitol ahead of protest ap,2,1,True,https://in.reuters.com/article/usa-guns-rally/virginia-plans-emergency-gun-ban-at-capitol-ahead-of-protest-ap-idINKBN1ZE1YK
2020-01-15,warning of serious threats virginia governor bans weapons at gun rights rally,2,2,True,https://in.reuters.com/article/usa-guns-rally/warning-of-serious-threats-virginia-governor-bans-weapons-at-gun-rights-rally-idINKBN1ZE1YK
2020-01-16,fbi arrests three alleged neo nazis ahead of virginia gun rally,2,1,True,https://in.reuters.com/article/usa-guns-rally/fbi-arrests-three-alleged-neo-nazis-ahead-of-virginia-gun-rally-idINKBN1ZF2D9
2020-01-16,fbi nabs three alleged neo nazis with machine gun ahead of virginia gun rally,2,2,True,https://www.reuters.com/article/us-usa-guns-rally/fbi-nabs-three-alleged-neo-nazis-with-machine-gun-ahead-of-virginia-gun-rally-idUSKBN1ZF2B3
2020-01-16,alleged neo nazis caught with assault rifle charged ahead of virginia gun rally,1,3,True,https://www.reuters.com/article/us-usa-guns-rally/alleged-neo-nazis-caught-with-assault-rifle-charged-ahead-of-virginia-gun-rally-idUSKBN1ZF2B3
2020-01-17,alleged neo nazis caught with assault rifle charged ahead of virginia gun rally,1,1,True,https://www.reuters.com/article/us-usa-guns-rally/alleged-neo-nazis-caught-with-assault-rifle-charged-ahead-of-virginia-gun-rally-idUSKBN1ZF2B3
2020-01-18,Sadiq Khan: Nothing keeps me up at night more than knife crime,10,1,True,https://www.enfieldindependent.co.uk/news/national/18170404.sadiq-khan-nothing-keeps-night-knife-crime/
2020-01-18,ahead of tinder box virginia gun rally trump says constitution under attack,2,2,True,https://www.reuters.com/article/us-usa-guns-rally/ahead-of-tinder-box-virginia-gun-rally-trump-says-constitution-under-attack-idUSKBN1ZH09W
2020-01-18,sadiq khan nothing keeps me up at night more than knife crime,2,3,True,https://www.belfasttelegraph.co.uk/news/uk/sadiq-khan-nothing-keeps-me-up-at-night-more-than-knife-crime-38872583.html
2020-01-19,virginias top house republican warns white supremacist garbage to stay away from gun rally,2,1,True,https://in.reuters.com/article/usa-guns-rally/virginias-top-house-republican-warns-white-supremacist-garbage-to-stay-away-from-gun-rally-idINKBN1ZI01L
2020-01-19,vows of peace fears of violence at virginia gun rally,2,2,True,https://www.reuters.com/article/us-usa-guns-rally/vows-of-peace-fears-of-violence-at-virginia-gun-rally-idUSKBN1ZI0CC
2020-01-20,armed u s gun rights activists rally against proposed virginia gun laws,2,1,True,https://in.reuters.com/article/usa-guns-rally/armed-u-s-gun-rights-activists-rally-against-proposed-virginia-gun-laws-idINKBN1ZJ1VP
2020-01-20,thousands of armed activists gather at virginias pro gun rally,2,2,True,https://www.reuters.com/article/us-usa-guns-rally/thousands-of-armed-activists-gather-at-virginias-pro-gun-rally-idUSKBN1ZJ15B
2020-01-20,thousands of armed u s gun rights activists join peaceful virginia rally,1,3,True,https://in.reuters.com/article/usa-guns-rally/thousands-of-armed-u-s-gun-rights-activists-join-peaceful-virginia-rally-idINKBN1ZJ1VP
2020-01-21,Police reveal second man survived after fatal stab attack,2,1,True,https://www.basildonstandard.co.uk/news/18175078.westcliff-murder-probe-good-samaritans-helped-man-sought-police/
2020-01-21,thousands of armed u s gun rights activists join peaceful virginia rally,1,2,True,https://in.reuters.com/article/usa-guns-rally/thousands-of-armed-u-s-gun-rights-activists-join-peaceful-virginia-rally-idINKBN1ZJ1VP
2020-01-23,Knife crime hits record high after 7 increase in recorded offences,10,1,True,https://www.chesterstandard.co.uk/news/national-news/18180874.knife-crime-hits-record-high-7-increase-recorded-offences/
2020-01-23,Mother of girl killed in drive-by shooting shocked that gun used in other murder,2,2,True,https://www.chesterstandard.co.uk/news/national-news/18183227.mother-girl-killed-drive-by-shooting-shocked-gun-used-murder/
2020-01-23,gun for hire used in tanesha melbourne blake murder,2,3,True,https://www.belfasttelegraph.co.uk/news/uk/gun-for-hire-used-in-tanesha-melbourne-blake-murder-38888170.html
2020-01-24,Mum of girl killed in drive-by shooting shocked that gun was used in another murder,2,1,True,https://www.enfieldindependent.co.uk/news/18185144.mum-tanesha-melbourne-blake-shocked-gun-used-another-murder/
2020-01-28,weinstein accusers ex roommate backs up sexual assault allegation,3,1,True,https://www.reuters.com/article/us-people-harvey-weinstein/weinstein-accusers-ex-roommate-backs-up-sexual-assault-allegation-idUSKBN1ZR15F
2020-01-30,Dad and daughter's horror as 'gun' is fired at moving train,2,1,True,https://www.maldonandburnhamstandard.co.uk/news/south_essex_news/18196950.object-fired-moving-train-shatters-window/
2020-02-01,Man jailed after 'vicious and completely unprovoked' knife attack,2,1,True,https://www.thetottenhamindependent.co.uk/news/18204150.man-jailed-vicious-completely-unprovoked-knife-attack-haringey/
2020-02-02,Two stabbed in terrorist attack believed to be Islamist-related,8,1,True,https://www.wiltsglosstandard.co.uk/news/national/18205677.two-stabbed-terrorist-attack-believed-islamist-related/
2020-02-02,Man shot dead by police in Streatham attack was convicted terrorist,5,2,True,https://www.maldonandburnhamstandard.co.uk/news/national/18205739.man-shot-dead-police-streatham-attack-convicted-terrorist/
2020-02-02,'Terrorist' shot dead by armed police after multiple people stabbed,2,3,True,https://www.mirror.co.uk/news/uk-news/breaking-streatham-terrorist-shooting-21415255
2020-02-03,Man shot dead by police in Streatham attack was convicted terrorist,17,1,True,https://www.maldonandburnhamstandard.co.uk/news/national/18205739.man-shot-dead-police-streatham-attack-convicted-terrorist/
2020-02-03,Police search hostel where Streatham knife attacker had been staying,3,2,True,https://www.thetottenhamindependent.co.uk/news/national/18206293.bail-hostel-cordoned-off-streatham-knife-attacker-shot-dead/
2020-02-03,Streatham attack: He grabbed a knife near the till then ran out and began stabbing,2,3,True,https://www.thetimes.co.uk/article/streatham-attack-he-grabbed-a-knife-near-the-till-then-ran-out-and-began-stabbing-b0wtt7tv6
2020-02-04,Streatham terrorist tried to stab woman while knife was still in packaging,6,1,True,https://www.greenocktelegraph.co.uk/news/national-news/18210945.streatham-terrorist-tried-stab-woman-knife-still-packaging/
2020-02-04,Streatham terror attack: Monika Luftner was stabbed in back,1,2,True,https://www.thetimes.co.uk/edition/news/nursery-school-teacher-was-stabbed-in-back-by-streatham-terrorist-sudesh-amman-cb226w0sq
2020-02-05,"Burglar admits sexual assault and murder of woman, 89",6,1,True,https://www.yeovilexpress.co.uk/news/national/18212675.burglar-admits-sexual-assault-murder-woman-89/
2020-02-05,former british pm camerons bodyguard forgets loaded gun in plane toilet,2,2,True,https://www.reuters.com/article/us-britain-cameron-gun/former-british-pm-camerons-bodyguard-forgets-loaded-gun-in-plane-toilet-idUSKBN1ZZ0ZW
2020-02-05,Streatham terror attack: Monika Luftner was stabbed in back,1,3,True,https://www.thetimes.co.uk/edition/news/nursery-school-teacher-was-stabbed-in-back-by-streatham-terrorist-sudesh-amman-cb226w0sq
2020-02-06,Gun salutes fired to mark Queens 68 years on the throne,4,1,True,https://www.chesterstandard.co.uk/news/national-news/18216132.gun-salutes-fired-mark-queens-68-years-throne/
2020-02-06,Man threatened by teens with 8 inch knife in broad daylight,2,2,True,https://www.basildonstandard.co.uk/news/18213924.man-threatened-teens-eight-inch-knife/
2020-02-10,Streatham terror attack: Monika Luftner was stabbed in back,1,1,True,https://www.thetimes.co.uk/edition/news/nursery-school-teacher-was-stabbed-in-back-by-streatham-terrorist-sudesh-amman-cb226w0sq
2020-02-13,"Police raids net 250,000 worth of stolen property and lethal weapons",2,1,True,https://www.thetottenhamindependent.co.uk/news/18234033.police-raids-haringey-enfield-net-250-000-worth-stolen-property-lethal-weapons/
2020-02-16,"Police raid 10 addresses and seize 1,410 cannabis plants in huge drugs swoop",5,1,True,https://www.yeovilexpress.co.uk/news/national/18238989.police-raid-10-addresses-seize-1-410-cannabis-plants-huge-drugs-swoop/
2020-02-16,Mum on how ex held a knife to her throat after she dumped him,3,2,True,https://www.grimsbytelegraph.co.uk/news/uk-world-news/one-die-today-single-mum-3847579
2020-02-16,Sadiq Khan blasts mayoral rival for 'flippant' knife crime remarks,2,3,True,https://www.enfieldindependent.co.uk/news/18239441.sadiq-khan-blasts-rory-stewart-flippant-knife-crime-remarks/
2020-02-19,Rising star rapper Pop Smoke reportedly shot and killed in invasion robbery,2,1,True,https://www.telegraph.co.uk/music/news/rising-star-rapper-pop-smoke-reportedly-shot-killed-invasion/
2020-02-22,Homeless man appears in court charged with mosque knife attack,6,1,True,https://www.lancashiretelegraph.co.uk/news/national/18254539.homeless-man-appears-court-charged-mosque-knife-attack/
2020-02-27,"Huge police stolen car raid finds vehicles, cash and cannabis farm",3,1,True,https://www.maldonandburnhamstandard.co.uk/news/north_essex_news/18266782.huge-police-stolen-car-raid-finds-vehicles-cash-cannabis-farm/
2020-03-02,Man admits carrying out series of random knife attacks,2,1,True,https://www.thetottenhamindependent.co.uk/news/18275593.man-admits-carrying-series-random-knife-attacks/
2020-03-02,Moment armed robber threatens to gun down police out of window,2,2,True,https://www.hulldailymail.co.uk/news/uk-world-news/watch-terrifying-moment-armed-robber-3904632
2020-03-09,Man armed with two knives shot dead by police in Westminster,2,1,True,https://www.chesterstandard.co.uk/news/national-news/18291174.man-armed-two-knives-shot-dead-police-westminster/
2020-03-10,Salmond accuser says she felt 'hunted' by former first minister before alleged sexual assault,2,1,True,https://www.independent.co.uk/news/uk/politics/salmond-accuser-says-she-felt-hunted-by-former-first-minister-before-alleged-sexual-assault-a9389211.html
2020-03-22,Palmers Green man to appear in court on gun and drug charges,2,1,True,https://www.thetottenhamindependent.co.uk/news/18325632.palmers-green-man-appear-court-gun-drug-charges/
2020-03-23,Man sought after woman killed in random stabbing attack,7,1,True,https://www.lancashiretelegraph.co.uk/news/national/18326610.man-sought-woman-killed-random-stabbing-attack/
2020-03-28,"The flame has gone out of my life, says victim of James Bond gun burglary",6,1,True,https://www.yeovilexpress.co.uk/news/national/18341346.the-flame-gone-life-says-victim-james-bond-gun-burglary/
2020-03-28,"'The flame has gone out of my life', says victim of James Bond gun burglary",2,2,True,https://www.enfieldindependent.co.uk/news/18342134.the-flame-gone-life-says-victim-james-bond-gun-burglary/
2020-04-08,'Explosions' heard in SE London as cops launch dramatic 'gun and drug' raid,2,1,True,https://www.thesun.co.uk/news/11351890/woolwich-gunshots-explosions-police-operation-latest/
2020-04-23,Knife crime incidents hit record level,2,1,True,https://www.chesterstandard.co.uk/news/national-news/18399797.knife-crime-incidents-hit-record-level/
2020-04-27,"Man in hospital with knife wounds after children, one and three, die in Ilford stabbing",2,1,True,https://www.thetimes.co.uk/edition/news/two-children-one-and-three-killed-in-ilford-stabbing-mjc9hx5ls
2020-04-28,Child victims of stabbing attack named,4,1,True,https://www.wiltsglosstandard.co.uk/news/national/18411994.child-victims-stabbing-attack-named/
2020-05-02,Residents describe shock after gun attack on 11-year-old boy,8,1,True,https://www.maldonandburnhamstandard.co.uk/news/national/18422507.residents-describe-shock-gun-attack-11-year-old-boy/
2020-05-15,"Two men stabbed, and one shot, in 'dangerous and callous' attack",2,1,True,https://www.enfieldindependent.co.uk/news/18453125.stabbing-shooting-dowsett-road-tottenham/
2020-05-22,Gunman pleads guilty to double shooting,2,1,True,https://www.thetottenhamindependent.co.uk/news/18468155.man-pleads-guilty-double-shooting-wood-green/
2020-06-01,insurance fraudsters accused targeting NHS staff online scam,9,1,True,https://www.lythamstannesexpress.co.uk/lifestyle/cars/insurance-fraudsters-accused-targeting-nhs-staff-online-scam-2870635
2020-06-04,Hunt for gunman after two-year-old boy shot,6,1,True,https://www.maldonandburnhamstandard.co.uk/news/national/18496475.hunt-gunman-two-year-old-boy-shot/
2020-06-11,Police recover gun used to kill journalist Lyra McKee,2,1,True,https://www.harwichandmanningtreestandard.co.uk/news/national/18512199.police-recover-gun-used-kill-journalist-lyra-mckee/
2020-06-12,Stoke Newington hero believes knife attack on Jewish man was hate crime,8,1,True,https://www.wiltsglosstandard.co.uk/news/national/18514068.stoke-newington-hero-believes-knife-attack-jewish-man-hate-crime/
2020-06-13,far right and anti racism protesters scuffle in london,3,1,True,https://www.reuters.com/article/us-minneapolis-police-protests-britain/far-right-and-anti-racism-protesters-scuffle-in-london-idUSKBN23K0BT
2020-06-20,three dead in stabbing attack in reading report says,2,1,True,https://uk.reuters.com/article/uk-britain-security/three-dead-in-stabbing-attack-in-reading-report-says-idUKKBN23R0U5
2020-06-21,Suspect known to MI5 held over terror knife attack in park that killed three,4,1,True,https://www.westerntelegraph.co.uk/news/national/18532357.terror-suspect-held-police-investigate-reading-knife-attack/
2020-06-21,Police declare Reading park stabbings as terror attack,3,2,True,https://www.derbytelegraph.co.uk/news/uk-world-news/police-declare-reading-stabbings-terror-4249426
2020-06-21,three killed in stabbing attack in english town of reading media reports say,2,3,True,https://www.reuters.com/article/us-britain-security/three-killed-in-stabbing-attack-in-english-town-of-reading-media-reports-say-idUSKBN23R0U9
2020-06-22,Suspect known to MI5 held over terror knife attack in park that killed three,15,1,True,https://www.westerntelegraph.co.uk/news/national/18532357.terror-suspect-held-police-investigate-reading-knife-attack/
2020-06-22,Tributes paid to victims of Reading stabbing attack,6,2,True,https://www.basildonstandard.co.uk/news/national/18534491.tributes-paid-victims-reading-stabbing-attack/
2020-06-22,Second victim of Reading stabbing attack named as Joe Ritchie-Bennett,3,3,True,https://www.walesonline.co.uk/news/uk-news/second-victim-reading-stabbing-attack-18464035
2020-06-23,tributes paid to victims of reading stabbing attack,1,1,True,https://www.eveningtelegraph.co.uk/2020/06/22/tributes-paid-to-victims-of-reading-stabbing-attack/
2020-06-26,three killed in stabbing attack in scottish city of glasgow BBC,3,1,True,https://www.reuters.com/article/us-britain-security-glasgow/three-killed-in-stabbing-attack-in-scottish-city-of-glasgow-bbc-idUSKBN23X1TK
2020-06-27,officer hurt in glasgow knife attack says swift police action saved lives,3,1,True,https://uk.reuters.com/article/uk-britain-security-glasgow/officer-hurt-in-glasgow-knife-attack-says-swift-police-action-saved-lives-idUKKBN23Y0R2
2020-06-27,counter terrorism police charge man with three murders after knife attack in english town,2,2,True,https://uk.reuters.com/article/uk-britain-security-reading/counter-terrorism-police-charge-man-with-three-murders-after-knife-attack-in-english-town-idUKKBN23Y0SJ
2020-06-27,scottish police name sudanese man shot dead during knife attack,2,3,True,https://www.reuters.com/article/us-britain-security-glasgow/scottish-police-name-sudanese-man-shot-dead-during-knife-attack-idUSKBN23Y0RM
2020-06-28,counter terrorism police charge man with three murders after knife attack in english town,1,1,True,https://uk.reuters.com/article/uk-britain-security-reading/counter-terrorism-police-charge-man-with-three-murders-after-knife-attack-in-english-town-idUKKBN23Y0SJ
2020-06-28,scottish police name sudanese man shot dead during knife attack,1,2,True,https://www.reuters.com/article/us-britain-security-glasgow/scottish-police-name-sudanese-man-shot-dead-during-knife-attack-idUSKBN23Y0RM
2020-07-01,Five-year-old who died in knife incident named by police,3,1,True,https://www.enfieldindependent.co.uk/news/national/18554662.five-year-old-died-knife-wounds-south-london-flat-named-police/
2020-07-06,British Hollywood star denies massage therapists sexual assault claim,2,1,True,https://www.wiltsglosstandard.co.uk/news/national/18563495.british-hollywood-star-denies-massage-therapists-sexual-assault-claim/
2020-07-09,Man who plotted gun and knife rampage at tourism hotspots jailed,5,1,True,https://www.greenocktelegraph.co.uk/news/national-news/18572865.man-plotted-gun-knife-rampage-tourism-hotspots-jailed/
2020-07-09,Zombie knife owners to get compensation for handing weapons to police,2,2,True,https://www.walesonline.co.uk/news/uk-news/zombie-knife-owners-compensation-handing-18566742
2020-07-10,Teenager knifed to death in 'shocking' daylight attack in east London,1,1,True,https://www.standard.co.uk/news/crime/crossharbour-stabbing-east-london-man-dead-hospital-a4495276.html
2020-07-11,Teenager knifed to death in 'shocking' daylight attack in east London,1,1,True,https://www.standard.co.uk/news/crime/crossharbour-stabbing-east-london-man-dead-hospital-a4495276.html
2020-07-17,Knife crime incidents hit record level,4,1,True,https://www.chesterstandard.co.uk/news/national-news/18399797.knife-crime-incidents-hit-record-level/
2020-07-17,knife crime in england and wales highest in over nine years,2,2,True,https://uk.reuters.com/article/uk-britain-crime/knife-crime-in-england-and-wales-highest-in-over-nine-years-idUKKCN24I271
2020-07-24,Woman woke to find intruder in her bedroom during overnight burglary,3,1,True,https://www.basildonstandard.co.uk/news/18606485.woman-woke-find-intruder-bedroom-harwich-burglary/
2020-07-26,Met commander defends officers who arrested 12-year-old over toy gun,7,1,True,https://www.thetottenhamindependent.co.uk/news/national/18608041.met-commander-defends-officers-arrested-12-year-old-toy-gun/
2020-07-26,"Police chief defends officers after boy, 12 arrested over toy gun",2,2,True,https://www.hulldailymail.co.uk/news/uk-world-news/police-chief-defends-officers-who-4365778
2020-07-30,UK former conservative lawmaker found guilty of sexual assault,2,1,True,https://www.reuters.com/article/us-britain-politics-elphicke/uk-former-conservative-lawmaker-found-guilty-of-sexual-assault-idUSKCN24V2DE
2020-08-01,Unite chief Len McCluskey fires warning shot over Labour anti-Semitism payout,4,1,True,https://www.greenocktelegraph.co.uk/news/national-news/18622751.unite-chief-len-mccluskey-fires-warning-shot-labour-anti-semitism-payout/
2020-08-02,Unite chief Len McCluskey fires warning shot over Labour anti-Semitism payout,3,1,True,https://www.greenocktelegraph.co.uk/news/national-news/18622751.unite-chief-len-mccluskey-fires-warning-shot-labour-anti-semitism-payout/
2020-08-05,Sainsbury's signs pledge to protect staff from sexual harassment,2,1,True,https://www.grimsbytelegraph.co.uk/news/uk-world-news/sainsburys-signs-legal-agreement-protect-4395754
2020-08-06,Man changes plea and accepts knife attack on mother with pram days after prison release,3,1,True,https://www.wiltsglosstandard.co.uk/news/national/18633092.man-changes-plea-accepts-knife-attack-mother-pram-days-prison-release/
2020-08-07,Cult member jailed over historical rape and sexual assault of young girls,2,1,True,https://www.chesterstandard.co.uk/news/national-news/18636540.cult-member-jailed-historical-rape-sexual-assault-young-girls/
2020-08-08,london police say service was acceptable after racism complaint over drugs search smashed car window,2,1,True,https://uk.reuters.com/article/uk-britain-police-discrimination/london-police-say-service-was-acceptable-after-racism-complaint-over-drugs-search-smashed-car-window-idUKKCN2540WC
2020-08-09,london police say service was acceptable after racism complaint over drugs search smashed car window,1,1,True,https://uk.reuters.com/article/uk-britain-police-discrimination/london-police-say-service-was-acceptable-after-racism-complaint-over-drugs-search-smashed-car-window-idUKKCN2540WC
2020-08-17,Man rushed to hospital after being stabbed twice in island attack,2,1,True,https://www.basildonstandard.co.uk/news/18655695.man-rushed-hospital-stabbed-canvey-attack/
2020-08-21,Gun crimes and violence soar as gangs settle scores after lockdown,1,1,True,https://www.thetimes.co.uk/edition/news/gun-crimes-and-violence-soar-as-gangs-settle-scores-after-lockdown-p76tczk8z
2020-08-23,Gun crimes and violence soar as gangs settle scores after lockdown,1,1,True,https://www.thetimes.co.uk/edition/news/gun-crimes-and-violence-soar-as-gangs-settle-scores-after-lockdown-p76tczk8z
2020-08-25,More than a fifth of callers to sexual harassment advice line forced out of work,6,1,True,https://www.chesterstandard.co.uk/news/national-news/18673230.fifth-callers-sexual-harassment-advice-line-forced-work/
2020-08-27,Huge manhunt launched after 'father abducts three boys at knife-point',3,1,True,https://www.hulldailymail.co.uk/news/uk-world-news/huge-police-manhunt-launched-after-4463128
2020-08-31,uks car theft hotspots revealed and where your vehicle safest criminals,8,1,True,https://www.daventryexpress.co.uk/lifestyle/cars/uks-car-theft-hotspots-revealed-and-where-your-vehicle-safest-criminals-2957370
2020-09-19,UK foreign ministers bodyguard suspended after gun left on plane,2,1,True,https://www.reuters.com/article/us-britain-security-raab-gun/uk-foreign-ministers-bodyguard-suspended-after-gun-left-on-plane-idUSKCN26A0IW
2020-09-20,UK britain security raab gun,2,1,True,https://www.reuters.com/article/uk-britain-security-raab-gun-idUKKCN26A0JR
2020-09-23,Prison officer describes being stabbed in the head during alleged terror attack by inmates,1,1,True,https://www.independent.co.uk/news/uk/crime/terror-attacks-uk-hmp-whitemoor-prison-officer-ziamani-hockton-b555316.html
2020-09-24,Rapist who took part in gang attack on schoolgirl tried to flee the country,3,1,True,https://www.enfieldindependent.co.uk/news/18744933.rapist-took-part-gang-attack-schoolgirl-enfield-tried-flee-country/
2020-09-24,Prison officer describes being stabbed in the head during alleged terror attack by inmates,1,2,True,https://www.independent.co.uk/news/uk/crime/terror-attacks-uk-hmp-whitemoor-prison-officer-ziamani-hockton-b555316.html
2020-09-27,Shooting of police sergeant Matt Ratana: how was a loaded gun missed in pat down search?,2,1,True,https://www.thetimes.co.uk/edition/news/shooting-of-police-sergeant-matt-ratana-how-was-a-loaded-gun-missed-in-pat-down-search-r3nd29bmj
2020-09-27,Croydon police shooting suspect named as 'gun seller' arrested in raid,1,2,True,https://www.thesun.co.uk/news/12783756/croydon-police-shooting-suspect-louis-de-zoysa/
2020-09-28,hedge fund manager odey pleads not guilty to indecent assault charge,4,1,True,https://uk.reuters.com/article/uk-hedgefunds-odey-court/hedge-fund-manager-odey-pleads-not-guilty-to-indecent-assault-charge-idUKKBN26J1CO
2020-09-28,hedge fund manager odey pleads not guilty to sexual assault charge,3,2,True,https://in.reuters.com/article/us-hedgefunds-odey-court/hedge-fund-manager-odey-pleads-not-guilty-to-sexual-assault-charge-idINKBN26J1C7
2020-09-28,Croydon police shooting suspect named as 'gun seller' arrested in raid,1,3,True,https://www.thesun.co.uk/news/12783756/croydon-police-shooting-suspect-louis-de-zoysa/
2020-10-04,Police officer stabbed while trying to arrest attempted robbery suspects,7,1,True,https://www.harwichandmanningtreestandard.co.uk/news/national/18769569.police-officer-stabbed-trying-arrest-attempted-robbery-suspects/
2020-10-08,Man locked up for weapons and drugs charges after police called to investigate abandoned dogs,2,1,True,https://www.thetottenhamindependent.co.uk/news/18780481.enfield-man-jailed-weapons-drugs-charges/
2020-10-12,Dr acquitted of all charges of sexual assault at busy hospital A&E,2,1,True,https://www.dailymail.co.uk/news/article-8831369/Doctor-29-denies-repeatedly-groping-hospital-workers-breasts-bottom-rubbing-against-her.html
2020-10-19,Ex-Blue Peter presenter John Leslie cleared of sexual assault at Christmas party,3,1,True,https://www.yeovilexpress.co.uk/news/national/18805679.ex-blue-peter-presenter-john-leslie-cleared-sexual-assault-christmas-party/
2020-10-28,Pc on dangerous driving charge after fleeing suspect injured in patrol car crash,2,1,True,https://www.enfieldindependent.co.uk/news/18827843.pc-dangerous-driving-charge-wood-green-incident/
2020-11-03,manhunt in vienna after four killed in gun rampage,4,1,True,https://uk.reuters.com/article/uk-austria-attack/manhunt-in-vienna-after-four-killed-in-gun-rampage-idUKKBN27I2JD
2020-11-24,Cocaine dealers caught with 300k of drugs and gun jailed,2,1,True,https://www.enfieldindependent.co.uk/news/18895198.cocaine-dealers-caught-300k-drugs-gun-jailed/
2020-11-25,Police officer to go on trial for dangerous driving after patrol car hit suspect,2,1,True,https://www.thetottenhamindependent.co.uk/news/18896799.met-police-officer-go-trial-wood-green-incident/
2020-12-03,Controversial Brexit legislation set to return with trade talks on a knife edge,2,1,True,https://www.westerntelegraph.co.uk/news/national/18918539.controversial-brexit-legislation-set-return-trade-talks-knife-edge/
2020-12-03,controversial brexit legislation set to return with trade talks on a knife edge,2,2,True,https://www.belfasttelegraph.co.uk/news/northern-ireland/controversial-brexit-legislation-set-to-return-with-trade-talks-on-a-knife-edge-39822737.html
2020-12-07,brexit crunch time stand off puts EU UK trade deal on a knife edge,6,1,True,https://www.reuters.com/article/britain-eu/brexit-crunch-time-stand-off-puts-eu-uk-trade-deal-on-a-knife-edge-idUSKBN28H0MO
2020-12-09,18931910essex police search two addresses colchester drugs raid,2,1,True,https://www.maldonandburnhamstandard.co.uk/news/18931910.essex-police-search-two-addresses-colchester-drugs-raid/
2020-12-09,"Air pollution left asthma victim Ella Kissi-Debrah, 9, on a knife edge",1,2,True,https://www.thetimes.co.uk/edition/news/air-pollution-left-asthma-victim-ella-kissi-debrah-9-on-a-knife-edge-hg9g5fvgr
2020-12-16,"Air pollution left asthma victim Ella Kissi-Debrah, 9, on a knife edge",1,1,True,https://www.thetimes.co.uk/edition/news/air-pollution-left-asthma-victim-ella-kissi-debrah-9-on-a-knife-edge-hg9g5fvgr
2020-12-17,Weapon-wielding thug threatened shopper with screwdriver after stealing beer,1,1,True,https://www.basildonstandard.co.uk/news/18950820.man-threatened-shopper-screwdriver-stealing-bp-garage-canvey/
2020-12-18,Weapon-wielding thug threatened shopper with screwdriver after stealing beer,2,1,True,https://www.basildonstandard.co.uk/news/18950820.man-threatened-shopper-screwdriver-stealing-bp-garage-canvey/
2020-12-19,Busted: Drug ring found to distribute huge amounts of 'date rape' disguised as food delivery,3,1,True,https://www.harwichandmanningtreestandard.co.uk/news/south_essex_news/18956687.drug-ring-found-distribute-date-rape-disguised-food-essex-london/
2020-12-23,Lawyer jailed after talking to gun charge prisoner on smuggled mobile phones,2,1,True,https://www.enfieldindependent.co.uk/news/18965443.lawyer-jailed-talking-prisoner-smuggled-mobile-phones/
2021-01-07,"Missing the cinema? Bond, Black Widow and Top Gun: The films to look forward to in 2021",2,1,True,https://droitwichstandard.co.uk/lifestyle/missing-the-cinema-bond-black-widow-and-top-gun-the-films-to-look-forward-to-in-2021-26812/
2021-01-13,"The flashy aristocrat, 34, who faces prison after sex attack on guest",2,1,True,https://www.dailymail.co.uk/news/article-9142011/The-flashy-aristocrat-34-faces-prison-sex-attack-guest-Queen-Mothers-home.html
2021-01-16,Top Tory accused of sex attack in Parliament amid claims cops didn't investigate,1,1,True,https://www.mirror.co.uk/news/top-tory-accused-sex-attack-23332441
2021-01-17,Police identify victim of fatal stab attack in north-west London,8,1,True,https://www.lancashiretelegraph.co.uk/news/national/19017543.police-identify-victim-fatal-stab-attack-north-west-london/
2021-01-17,Top Tory accused of sex attack in Parliament amid claims cops didn't investigate,1,2,True,https://www.mirror.co.uk/news/top-tory-accused-sex-attack-23332441
2021-01-18,Crime gangs are turning to puppy theft as it's easier than dealing drugs,3,1,True,https://www.grimsbytelegraph.co.uk/news/uk-world-news/crime-gangs-turning-puppy-theft-4902378
2021-01-22,Killer who poisoned dance teacher with date-rape drug jailed for life,4,1,True,https://www.lancashiretelegraph.co.uk/news/national/19032251.killer-poisoned-dance-teacher-date-rape-drug-jailed-life/
2021-02-25,"How Trisha Goddard overcame drugs battle, cancer & racism to come out on top",2,1,True,https://www.thesun.co.uk/tvandshowbiz/14147559/trisha-goddard-troubled-life-piers-morgan-life-stories/
2021-03-03,More than 350 police officers help foil 'rent-a-gun' operation,3,1,True,https://www.grimsbytelegraph.co.uk/news/uk-world-news/more-350-police-officers-sting-5066787
2021-03-10,SNP chief whip at centre of sexual harassment complaint resigns,2,1,True,https://www.dailyrecord.co.uk/news/scottish-news/snp-chief-whip-centre-sexual-23653064
2021-03-11,"Murder victim was stabbed with sword seven times as gang stole 50,000 of cannabis",3,1,True,https://www.basildonstandard.co.uk/news/19150820.westcliff-murder-gang-stabbed-victim-seven-times-drugs-raid/
2021-04-02,Thug who punched shop worker during robbery is jailed for crime spree,2,1,True,https://www.maldonandburnhamstandard.co.uk/news/north_essex_news/19206502.essex-thug-targeted-tesco-store-4-times-jailed-crime-spree/
2021-04-03,Man charged after fast-acting officers recover stolen car in 17 minutes,2,1,True,https://www.maldonandburnhamstandard.co.uk/news/south_essex_news/19208809.chelmsford-officers-recover-stolen-vehicle-17-minutes/
2021-04-08,Mothers launch campaign urging Londoners to speak up about knife crime,2,1,True,https://www.harwichandmanningtreestandard.co.uk/news/national/19219187.mothers-launch-campaign-urging-londoners-speak-knife-crime/
2021-04-10,Gun salutes across UK mark Duke of Edinburghs death,10,1,True,https://www.greenocktelegraph.co.uk/news/national-news/19224127.gun-salutes-across-uk-mark-duke-edinburghs-death/
2021-04-10,Gun salutes planned as nation mourns Duke of Edinburghs death,8,2,True,https://www.thetottenhamindependent.co.uk/news/national/19223986.gun-salutes-planned-nation-mourns-duke-edinburghs-death/
2021-04-10,Gun salutes to be fired across UK to mark death of Philip,5,3,True,https://www.maldonandburnhamstandard.co.uk/news/national/19223867.gun-salutes-fired-across-uk-mark-death-philip/
2021-04-17,Man charged with trespassing at Buckingham Palace with knife,3,1,True,https://www.thetottenhamindependent.co.uk/news/national/19240362.man-charged-trespassing-buckingham-palace-knife/
2021-04-17,Man charged with trying to get into Buckingham Palace with knife,2,2,True,https://www.hulldailymail.co.uk/news/uk-world-news/man-charged-trying-buckingham-palace-5311125
2021-04-21,Sword-wielding murderers convicted of stabbing man to death in cannabis raid,2,1,True,https://www.enfieldindependent.co.uk/news/19249324.man-enfield-convicted-stabbing-man-death/
2021-04-22,Gangsters locked up for brazen knife murder in front of child,5,1,True,https://www.chesterstandard.co.uk/news/national-news/19252152.gangsters-locked-brazen-knife-murder-front-child/
2021-04-26,E-scooters being used in offences from assault to burglary,3,1,True,https://www.hulldailymail.co.uk/news/uk-world-news/e-scooters-being-used-offences-5342497
2021-04-29,Jihadist jailed for gun and knife rampage plot at tourist sites loses appeal,2,1,True,https://www.greenocktelegraph.co.uk/news/national-news/19268144.jihadist-jailed-gun-knife-rampage-plot-tourist-sites-loses-appeal/
2021-04-29,London Mayor candidate Farah London holds knife crime protest at City Hall,2,2,True,https://www.enfieldindependent.co.uk/news/19267824.london-mayor-candidate-farah-london-holds-city-hall-protest/
2021-05-05,Police say car stolen in Essex burglary could be the key to solving murder of 17-year-old boy,2,1,True,https://www.harwichandmanningtreestandard.co.uk/news/south_essex_news/19280297.stolen-car-could-key-solving-murder-rhyhiem-ainsworth-barton/
2021-05-07,Man admits trespassing at Buckingham Palace with a knife,2,1,True,https://www.hulldailymail.co.uk/news/uk-world-news/man-admits-trespassing-buckingham-palace-5386118
2021-05-13,Ex-Labour MP accused of sexual harassment wants to clear name,5,1,True,https://www.chesterstandard.co.uk/news/national-news/19301661.ex-labour-mp-accused-sexual-harassment-wants-clear-name/
2021-05-24,Ex-EastEnders star to stand trial for assault and racially aggravated harassment,3,1,True,https://www.mirror.co.uk/3am/celebrity-news/ex-eastenders-star-katie-jarvis-24173114
2021-05-28,Battle of the Bridge: How brave trio tackled terrorist after bloody knife spree,5,1,True,https://www.chesterstandard.co.uk/news/national-news/19335972.battle-bridge-brave-trio-tackled-terrorist-bloody-knife-spree/
2021-05-31,Leading drama school investigating sexual harassment claims,4,1,True,https://www.westerntelegraph.co.uk/news/national/19340791.leading-drama-school-investigating-sexual-harassment-claims/
2021-06-01,Leading drama school investigating sexual harassment claims,5,1,True,https://www.westerntelegraph.co.uk/news/national/19340791.leading-drama-school-investigating-sexual-harassment-claims/
2021-06-02,Queens coronation anniversary marked with gun salutes across capital,5,1,True,https://www.yeovilexpress.co.uk/news/national/19344733.queens-coronation-anniversary-marked-gun-salutes-across-capital/
2021-06-03,"Get gunman off the streets, pleads grandmother of two-year-old shooting victim",2,1,True,https://www.maldonandburnhamstandard.co.uk/news/national/19347756.get-gunman-off-streets-pleads-grandmother-two-year-old-shooting-victim/
2021-06-13,Riot police dispatched after officers attacked at London's South Bank,3,1,True,https://www.grimsbytelegraph.co.uk/news/uk-world-news/london-eye-riot-police-attacked-5522811
2021-06-15,"Designer glasses worn by Hollywood stars stolen in 500,000 burglary",4,1,True,https://www.harwichandmanningtreestandard.co.uk/news/national/19374770.designer-glasses-worn-hollywood-stars-stolen-500-000-burglary/
2021-06-25,Policeman cleared over sexual assault claim during welfare check,6,1,True,https://www.thetottenhamindependent.co.uk/news/national/19399298.policeman-cleared-sexual-assault-claim-welfare-check/
2021-07-02,"Man, 60, dies after being stabbed in unprovoked attack in Oxford Circus",2,1,True,https://www.maldonandburnhamstandard.co.uk/news/national/19415863.man-60-dies-stabbed-unprovoked-attack-oxford-circus/
2021-07-04,Jewish man threatened with punches while on his way home in central London,5,1,True,https://www.lancashiretelegraph.co.uk/news/national/19419235.jewish-man-threatened-punches-way-home-central-london/
2021-07-05,Jewish man threatened with punches while on his way home in central London,4,1,True,https://www.lancashiretelegraph.co.uk/news/national/19419235.jewish-man-threatened-punches-way-home-central-london/
2021-07-07,"Knife crime prevention orders will not target the usual suspects, police say",4,1,True,https://www.lancashiretelegraph.co.uk/news/19426728.knife-crime-prevention-orders-will-not-target-usual-suspects-police-say/
2021-07-10,Jewish man threatened with punches while on his way home in central London,1,1,True,https://www.lancashiretelegraph.co.uk/news/national/19419235.jewish-man-threatened-punches-way-home-central-london/
2021-07-14,Man admits killing two people by dangerous driving,3,1,True,https://www.lancashiretelegraph.co.uk/news/national/19442722.man-admits-killing-two-people-dangerous-driving/
2021-07-14,Man admits dangerous driving killed two people in eight-car pile-up,2,2,True,https://www.maldonandburnhamstandard.co.uk/news/19442910.man-admits-dangerous-driving-two-people-died-essex-crash/
2021-07-16,Watch: Stolen car driven on railway lines to escape after police injured,2,1,True,https://www.harwichandmanningtreestandard.co.uk/news/19449532.stolen-braintree-car-driven-railway-line-evade-police/
2021-07-20,SNP staffer taking sexual harassment complaints to Westminster watchdog,2,1,True,https://www.dailyrecord.co.uk/news/scottish-news/sexual-harassment-complaints-against-snp-24571186
2021-07-21,Harvey Weinstein pleads not guilty to sexual assault charges in Los Angeles,8,1,True,https://www.thetottenhamindependent.co.uk/news/national/19459712.harvey-weinstein-pleads-not-guilty-sexual-assault-charges-los-angeles/
2021-07-25,Woman slashed with knife at Speakers Corner,3,1,True,https://www.chesterstandard.co.uk/news/national/19467922.woman-slashed-knife-speakers-corner/
2021-07-26,Man dies after police called to knife incident in Haringey,2,1,True,https://www.enfieldindependent.co.uk/news/19468230.man-dies-knife-incident-james-gardens-haringey/
2021-07-27,Government defends big impact of Stop and Search on knife crime,8,1,True,https://www.harwichandmanningtreestandard.co.uk/news/national/19470819.government-defends-big-impact-stop-search-knife-crime/
2021-07-27,Met Police set to lead investigation after man dies following knife incident,2,2,True,https://www.enfieldindependent.co.uk/news/19470993.james-gardens-haringey-met-probe-death-knife-incident/
2021-07-28,Jewel heist woman jailed after stealing gems worth 4.2m with sleight of hand,5,1,True,https://www.westerntelegraph.co.uk/news/national/19475022.jewel-heist-woman-jailed-stealing-gems-worth-4-2m-sleight-hand/
2021-08-03,"Terrorist shot dead after UK attack had 'desire to kill the Queen', inquest told",6,1,True,https://www.thetottenhamindependent.co.uk/news/national/uk-today/19488469.terrorist-shot-dead-knife-rampage-uk-desire-kill-queen/
2021-08-03,Terrorist shot dead by police after stabbing 'had a desire to kill the Queen',2,2,True,https://www.mirror.co.uk/news/uk-news/terrorist-sudesh-amman-wanted-kill-24681615
2021-08-07,Man injured in Wood Green knife attack a social worker,10,1,True,https://www.lancashiretelegraph.co.uk/news/national/19498725.man-injured-wood-green-knife-attack-social-worker/
2021-08-11,Two 14-year-olds arrested after man stabbed to death in confrontation,3,1,True,https://www.maldonandburnhamstandard.co.uk/news/national/19507342.two-14-year-olds-arrested-man-stabbed-death-confrontation/
2021-08-25,Three guilty of killing teenager in attack with Rambo-style knife,2,1,True,https://www.thetottenhamindependent.co.uk/news/19536770.three-guilty-killing-teenager-haringey-knife/
2021-09-03,Appeal for witnesses after fatal suspected homophobic attack,10,1,True,https://www.thetottenhamindependent.co.uk/news/national/19558628.appeal-witnesses-fatal-suspected-homophobic-attack/
2021-09-11,Prince Andrew to challenge New York court case over papers in sexual assault lawsuit,1,1,True,https://www.thesun.co.uk/fabulous/16049936/prince-andrew-virginia-giuffre-live/
2021-09-12,Prince Andrew to challenge New York court case over papers in sexual assault lawsuit,1,1,True,https://www.thesun.co.uk/fabulous/16049936/prince-andrew-virginia-giuffre-live/
2021-09-21,Man wanted in connection with 'serious sexual assault',2,1,True,https://www.enfieldindependent.co.uk/news/19594196.man-wanted-sexual-assault-ware/
2021-09-25,Mother vows to continue campaigning against knife crime after sons death,10,1,True,https://www.maldonandburnhamstandard.co.uk/news/national/19605452.mother-vows-continue-campaigning-knife-crime-sons-death/
2021-09-28,Man 'pulls knife' at petrol station in row over queue jumping,4,1,True,https://www.hulldailymail.co.uk/news/uk-world-news/man-pulls-knife-petrol-station-5981860
2021-10-06,"Killer Stephen Port was obsessed with drug rape pornography, inquest told",7,1,True,https://www.thetottenhamindependent.co.uk/news/national/19628361.killer-stephen-port-obsessed-drug-rape-pornography-inquest-told/
2021-10-12,Men wanted over aggravated burglary involving a knife,2,1,True,https://www.enfieldindependent.co.uk/news/19642207.men-barnet-enfield-wanted-bushey-burglary/
2021-10-15,Sir David Amess MP stabbing: Politicians express horror after attack,5,1,True,https://www.wiltsglosstandard.co.uk/news/national/uk-today/19650755.sir-david-amess-mp-stabbing-politicians-express-horror-offer-support-leigh-attack/
2021-10-25,"22 arrests, drugs, cash and weapons seized in county lines crackdown",2,1,True,https://www.elystandard.co.uk/news/crime/cambs-county-lines-drug-dealing-crackdown-arrests-8438424
2021-10-25,Youth scheme 'one of the reasons' why knife crime is falling,2,2,True,https://www.thetottenhamindependent.co.uk/news/19670692.haringey-community-gold-youth-scheme-has-helped-cut-crime/
2021-10-26,"Friend threatened to call police to get officer out of flat, rape trial told",2,1,True,https://www.harwichandmanningtreestandard.co.uk/news/19673528.friends-threatened-call-police-met-officer-accused-rape/
2021-11-06,Officer cleared of causing serious injury by dangerous driving,2,1,True,https://www.thetottenhamindependent.co.uk/news/19699451.officer-cleared-causing-serious-injury-dangerous-driving/
2021-11-13,Community hails Brentford legend after pensioner injured in fatal stab attack,3,1,True,https://www.maldonandburnhamstandard.co.uk/news/national/19715373.community-hails-brentford-legend-pensioner-injured-fatal-stab-attack/
2021-11-19,Buckingham Palace intruder had a knife and cocaine,2,1,True,https://www.grimsbytelegraph.co.uk/news/uk-world-news/armed-buckingham-place-intruder-knife-6234165
2021-11-25,Gunman captured on CCTV shooting man in front of wife and two-year-old son,7,1,True,https://www.harwichandmanningtreestandard.co.uk/news/national/19742831.gunman-captured-cctv-shooting-man-front-wife-two-year-old-son/
2021-11-25,Met reveal knife-crime crackdown results amid new teenager murder probe,5,2,True,https://www.chesterstandard.co.uk/news/national/19740453.met-reveal-knife-crime-crackdown-results-amid-new-teenager-murder-probe/
2021-11-25,Met announce knife-crime crackdown results amid new teenager murder probe,2,3,True,https://www.derbytelegraph.co.uk/news/uk-world-news/met-reveal-knife-crime-crackdown-6257950
2021-11-26,Gunman captured on CCTV shooting man in front of wife and two-year-old son,1,1,True,https://www.harwichandmanningtreestandard.co.uk/news/national/19742831.gunman-captured-cctv-shooting-man-front-wife-two-year-old-son/
2021-12-02,Police seek three men after antisemitic attack on Hanukkah party bus,7,1,True,https://www.maldonandburnhamstandard.co.uk/news/national/19759031.police-seek-three-men-antisemitic-attack-hanukkah-party-bus/
2021-12-02,"Men spitting at Hanukkah party bus a bigoted antisemitic attack, says rabbi",4,2,True,https://www.thetottenhamindependent.co.uk/news/national/19758363.men-spitting-hanukkah-party-bus-bigoted-antisemitic-attack-says-rabbi/
2021-12-03,"Homophobia always bubbling under the surface, says Tube attack victim",2,1,True,https://www.thetottenhamindependent.co.uk/news/national/19761939.homophobia-always-bubbling-surface-says-tube-attack-victim/
2021-12-11,Man dies in incident involving firearms officers in Kensington,6,1,True,https://www.lancashiretelegraph.co.uk/news/national/19778598.man-dies-incident-involving-firearms-officers-kensington/
2021-12-13,Dashcam video shows dangerous driving on B645 near Staughton,2,1,True,https://www.wisbechstandard.co.uk/news/dashcam-footage-reveals-dangerous-driver-near-staughton-8560770
2021-12-15,Gun recovered from scene of fatal shooting,5,1,True,https://www.enfieldindependent.co.uk/news/national/19779148.gun-recovered-scene-fatal-shooting/
2021-12-23,"Man, 20, injured in antisemitic attack after Hanukkah display vandalised",3,1,True,https://www.maldonandburnhamstandard.co.uk/news/19806087.man-20-injured-antisemitic-attack-hanukkah-display-vandalised/
2022-01-16,Teenager faces 'life-changing injuries' after Haringey stabbing,2,1,True,https://www.enfieldindependent.co.uk/news/19851694.teenager-faces-life-changing-injuries-haringey-stabbing/
2022-01-26,Thousands sign petition supporting driver who hit knife attacker,5,1,True,https://www.wiltsglosstandard.co.uk/news/19875487.thousands-sign-petition-supporting-driver-hit-knife-attacker/
2022-01-27,Teenager accused of antisemitic glass bottle attack kept in custody,2,1,True,https://www.enfieldindependent.co.uk/news/19879490.teenager-arrested-jewish-men-attacked-near-stamford-hill/
2022-01-28,Teenager in court over hate crime after two men attacked in north London,6,1,True,https://www.chesterstandard.co.uk/news/19881198.teenager-court-hate-crime-two-men-attacked-north-london/
2022-01-31,Manchester United player Mason Greenwood arrested over alleged rape and assault,5,1,True,https://www.wiltsglosstandard.co.uk/news/national/19885888.manchester-united-player-mason-greenwood-arrested-alleged-rape-assault/
2022-02-01,Rapist jailed for terrifying attack on victim during 34-hour ordeal,6,1,True,https://www.harwichandmanningtreestandard.co.uk/news/19891103.rapist-jailed-terrifying-attack-victim-34-hour-ordeal/
2022-02-01,Driver who mowed down knife attacker released without charge,3,2,True,https://www.lancashiretelegraph.co.uk/news/national/19891151.driver-mowed-knife-attacker-released-without-charge/
2022-02-02,Burglary trio caught red-handed with stolen safe in car,2,1,True,https://www.wisbechstandard.co.uk/news/crime/jail-for-three-men-who-broke-into-pub-8663232
2022-02-04,"Stab attack on man was pre-meditated and not provoked, court hears",3,1,True,https://www.lancashiretelegraph.co.uk/news/19900288.stab-attack-man-pre-meditated-not-provoked-court-hears/
2022-02-05,Father who mowed down knife attacker in Maida Vale says it was his duty to act,7,1,True,https://www.lancashiretelegraph.co.uk/news/19902079.father-mowed-knife-attacker-maida-vale-says-duty-act/
2022-02-16,Queen holds in-person audience day after Andrew settles sexual assault lawsuit,4,1,True,https://www.chesterstandard.co.uk/news/national/19928546.queen-holds-in-person-audience-day-andrew-settles-sexual-assault-lawsuit/
2022-02-20,Doctor wants to meet teen who tried to kill him in knife attack,2,1,True,https://www.grimsbytelegraph.co.uk/news/uk-world-news/doctor-wants-meet-teenager-who-6690072
2022-02-21,"Man hailed for stopping rape feared retribution before he was shot, inquest told",5,1,True,https://www.thetottenhamindependent.co.uk/news/19940467.man-hailed-stopping-rape-feared-retribution-shot-inquest-told/
2022-02-21,"Man who stopped rape told Youre dead meat before being shot, inquest hears",3,2,True,https://www.lancashiretelegraph.co.uk/news/19940131.man-stopped-rape-told-youre-dead-meat-shot-inquest-hears/
2022-03-14,Two guilty of James Bond gun murder plot in major EncroChat conviction,3,1,True,https://www.enfieldindependent.co.uk/news/national/19992218.two-guilty-james-bond-gun-murder-plot-major-encrochat-conviction/
2022-03-18,"96,509 in cash, 300g of drugs and weapons seized in police raids",2,1,True,https://www.maldonandburnhamstandard.co.uk/news/20004006.essex-96k-300g-drugs-weapons-seized-police-drugs-crack/
2022-03-30,Stepfather who dumped childs body in river denies controlling behaviour,3,1,True,https://www.enfieldindependent.co.uk/news/20032814.stepfather-dumped-childs-body-river-denies-controlling-behaviour/
2022-04-05,Police officer in court charged with sexual assault,6,1,True,https://www.chesterstandard.co.uk/news/20045820.police-officer-court-charged-sexual-assault/
2022-04-09,Gunman accused of stealing Lady Gagas dogs mistakenly freed from jail,9,1,True,https://www.greenocktelegraph.co.uk/news/20057208.gunman-accused-stealing-lady-gagas-dogs-mistakenly-freed-jail/
2022-04-10,Nurse killed her toddler daughter then herself with drugs stolen from work,4,1,True,https://www.hulldailymail.co.uk/news/uk-world-news/nurse-killed-toddler-daughter-herself-6932664
2022-04-11,Tory MP tried to gag media over sexual assault of schoolboy after a party,4,1,True,https://www.maldonandburnhamstandard.co.uk/news/national/uk-today/20061030.tory-mp-tried-gag-media-schoolboy-sexual-assault/
2022-04-12,Calling middle-aged 'good girl' in office is sexual harassment,2,1,True,https://www.derbytelegraph.co.uk/news/uk-world-news/calling-woman-late-30s-good-6940908
2022-04-17,Labour accuses Government of breaking promises over repeat knife crime offenders,3,1,True,https://www.yeovilexpress.co.uk/news/20075189.labour-accuses-government-breaking-promises-repeat-knife-crime-offenders/
2022-04-18,Labour accuses Government of breaking promises over repeat knife crime offenders,3,1,True,https://www.yeovilexpress.co.uk/news/20075189.labour-accuses-government-breaking-promises-repeat-knife-crime-offenders/
2022-04-22,SNP MP gave evidence against colleague during sexual harassment investigation,2,1,True,https://www.dailyrecord.co.uk/news/uk-world-news/snp-mp-gives-evidence-patricia-26768941
2022-04-25,Four killed in devastating stabbing attack,3,1,True,https://www.lancashiretelegraph.co.uk/news/national/20091362.four-killed-devastating-stabbing-attack/
2022-05-17,Conservative MP arrested over sexual assault allegations spanning seven years,6,1,True,https://www.wiltsglosstandard.co.uk/news/national/uk-today/20145928.conservative-mp-arrested-sexual-assault-allegations-spannijng-seven-years/
2022-05-18,Tory MP arrested on rape and sexual assault allegations is released on bail,5,1,True,https://www.harwichandmanningtreestandard.co.uk/news/national/uk-today/20146660.tory-mp-accused-rape-sexual-assault-released-bail/
2022-05-23,"Man, 22, raped by his dealer on island 'controlled by drug gangs'",2,1,True,https://www.walesonline.co.uk/news/uk-news/man-22-raped-dealer-island-24033850
2022-05-26,Kevin Spacey charged with four counts of sexual assault in the UK - what we know,6,1,True,https://www.thetottenhamindependent.co.uk/news/20168534.kevin-spacey-charged-four-counts-sexual-assault-uk/
2022-05-26,Kevin Spacey charged with four counts of sexual assault against three men,2,2,True,https://www.birminghammail.co.uk/news/midlands-news/kevin-spacey-charged-four-counts-24071401
2022-06-07,Second World War gun amongst over 140 firearms handed into cops,2,1,True,https://www.wisbechstandard.co.uk/news/crime/over-140-firearms-surrendered-in-police-campaign-9022578
2022-06-08,"Man sacked from Waitrose after bizarre knife text to boss wins almost 50,000",3,1,True,https://www.walesonline.co.uk/news/uk-news/man-sacked-waitrose-after-bizarre-24171089
2022-06-08,Harvey Weinstein to be charged with indecent assault in UK,2,2,True,https://www.bbc.co.uk/news/uk-61736763
2022-06-16,Kevin Spacey granted bail over sexual assault charges,2,1,True,https://www.bbc.co.uk/news/uk-61823521
2022-06-21,"'No more' - fatal stabbing sparks 2,500 strong anti-knife crime protest",2,1,True,https://www.thetottenhamindependent.co.uk/news/20224894.anti-knife-crime-protest-murder-ali-baygoren-tottenham/
2022-07-01,"Man accused of murder, attempted rape and robbery of Zara Aleena in court",4,1,True,https://www.westerntelegraph.co.uk/news/national/20248935.man-accused-murder-attempted-rape-robbery-zara-aleena-court/
2022-07-14,Hollywood actor Kevin Spacey pleads not guilty to sexual assault charges,2,1,True,https://www.mirror.co.uk/3am/celebrity-news/breaking-hollywood-actor-kevin-spacey-27477941
2022-08-05,Police firearms incident as man shot in London,10,1,True,https://www.lancashiretelegraph.co.uk/news/national/20604666.police-firearms-incident-man-shot-london/
2022-08-05,"London firearms incident in which man was shot not terror-related, say police",2,2,True,https://www.lancashiretelegraph.co.uk/news/national/20605030.london-firearms-incident-man-shot-not-terror-related-say-police/
2022-08-19,"Teen driven at, attacked and threatened by four men with weapons in robbery",2,1,True,https://www.lancashiretelegraph.co.uk/news/20674395.cctv-appeal-teen-driven-attacked-threatened-accrington/
2022-09-09,Gun salutes ring out across UK and beyond to mark Queens death,8,1,True,https://www.thetottenhamindependent.co.uk/news/national/21254418.gun-salutes-ring-across-uk-beyond-mark-queens-death/
2022-09-10,Gun salutes across UK and abroad mark proclamation of King Charles,5,1,True,https://www.westerntelegraph.co.uk/news/national/21260015.gun-salutes-across-uk-abroad-mark-proclamation-king-charles/
2022-09-12,Met Police firearms officer who fatally shot Chris Kaba suspended from duty,9,1,True,https://www.westerntelegraph.co.uk/news/national/21330511.met-police-firearms-officer-fatally-shot-chris-kaba-suspended-duty/
2022-09-12,Teenager jailed for 13 years over fatal knife attack on schoolboy,2,2,True,https://www.chesterstandard.co.uk/news/national/21335574.teenager-jailed-13-years-fatal-knife-attack-schoolboy/
2022-10-03,Serving Met Officer guilty of theft and perverting the course of justice,2,1,True,https://www.enfieldindependent.co.uk/news/23015431.met-police-officer-charged-theft-perverting-course-justice/
2022-10-04,Serving Met Officer guilty of theft and perverting the course of justice,2,1,True,https://www.enfieldindependent.co.uk/news/23015431.met-police-officer-charged-theft-perverting-course-justice/
2022-10-06,Kevin Spacey to appear in US court to face allegations of sexual assault,11,1,True,https://www.thetottenhamindependent.co.uk/news/national/23023719.kevin-spacey-appear-us-court-face-allegations-sexual-assault/
2022-10-06,Three people stabbed in central London robbery,5,2,True,https://www.harwichandmanningtreestandard.co.uk/news/national/23024831.police-called-reports-three-people-stabbed-central-london/
2022-10-06,Three people stabbed in attack near Liverpool Street Station,2,3,True,https://www.maldonandburnhamstandard.co.uk/news/23025305.three-stabbed-incident-near-liverpool-street-station/
2022-10-11,Man charged after three people stabbed in bungled phone robbery,5,1,True,https://www.lancashiretelegraph.co.uk/news/national/23038594.man-charged-three-people-stabbed-bungled-phone-robbery/
2022-10-11,Chart-topping singer Rex Orange County charged with sexual assault,3,2,True,https://www.chesterstandard.co.uk/news/national/23038642.chart-topping-singer-rex-orange-county-charged-sexual-assault/
2022-10-15,Petrol bomb plot gangster violently attacked in prison,2,1,True,https://www.greenocktelegraph.co.uk/news/23045925.firebomb-gangster-robert-warnock-attacked-prison/
2022-10-26,Two young men guilty of killing teen stabbed to death in raid on his own home,6,1,True,https://www.westerntelegraph.co.uk/news/national/23080545.two-young-men-guilty-killing-teen-stabbed-death-raid-home/
2022-10-27,Eastenders star's Grade II listed Essex estate destroyed in arson attack,2,1,True,https://www.maldonandburnhamstandard.co.uk/news/23082183.eastenders-kush-essex-estate-destroyed-arson-attack/
2022-11-05,Keyless car theft gang jailed after targeting Heathrow Airport car park,3,1,True,https://www.lancashiretelegraph.co.uk/news/national/23103554.keyless-car-theft-gang-jailed-targeting-heathrow-airport-car-park/
2022-11-20,"Three teenagers arrested after boy, 17, stabbed to death in targeted attack",7,1,True,https://www.elystandard.co.uk/news/national/23137193.three-teenagers-arrested-boy-17-stabbed-death-targeted-attack/
2022-11-20,"Boy, 17, stabbed to death in targeted attack in Cambridge",5,2,True,https://www.enfieldindependent.co.uk/news/national/23137052.boy-17-stabbed-death-targeted-attack-cambridge/
2022-12-06,Teenagers in court over two deaths in mob-handed knife attack,4,1,True,https://www.yeovilexpress.co.uk/news/national/23172940.teenagers-court-two-deaths-mob-handed-knife-attack/
2022-12-08,Ex-Premier League star denies investment fraud,6,1,True,https://www.westerntelegraph.co.uk/news/national/23179159.ex-premier-league-star-denies-investment-fraud/
2022-12-10,Domestic abuse charity in Palace racism row pauses operations over safety fears,12,1,True,https://www.greenocktelegraph.co.uk/news/national/23182797.domestic-abuse-charity-palace-racism-row-pauses-operations-safety-fears/
2022-12-21,Group subjected to antisemitic attack return to scene to celebrate Hanukkah,7,1,True,https://www.maldonandburnhamstandard.co.uk/news/national/23207158.group-subjected-antisemitic-attack-return-scene-celebrate-hanukkah/
2022-12-22,Group subjected to antisemitic attack return to scene to celebrate Hanukkah,3,1,True,https://www.maldonandburnhamstandard.co.uk/news/national/23207158.group-subjected-antisemitic-attack-return-scene-celebrate-hanukkah/
2022-12-28,Serving Metropolitan Police officer charged with sexual assault,7,1,True,https://www.greenocktelegraph.co.uk/news/national/23216077.serving-metropolitan-police-officer-charged-sexual-assault/
2022-12-30,New research reveals London's phone theft hotspots,2,1,True,https://www.enfieldindependent.co.uk/news/23217539.new-research-reveals-londons-phone-theft-hotspots/
2022-12-31,Police name man sought over sexual assault of elderly woman at home,4,1,True,https://www.greenocktelegraph.co.uk/news/national/23222246.police-name-man-sought-sexual-assault-elderly-woman-home/
2023-01-03,'Masked raider threatened Mark Cavendish in knifepoint robbery' at Essex home,2,1,True,https://www.harwichandmanningtreestandard.co.uk/news/23226563.mark-cavendish-subjected-knifepoint-robbery-essex-home/
2023-01-04,"Boy killed outside boxing gym a year after Rambo knife incident, court told",5,1,True,https://www.lancashiretelegraph.co.uk/news/national/23228158.boy-killed-outside-boxing-gym-year-rambo-knife-incident-court-told/
2023-01-06,Hunt for man after sexual assault on Northern Line tube,2,1,True,https://www.enfieldindependent.co.uk/news/23233213.stockwell-hunt-man-sexual-assault-northern-line-tube/
2023-01-09,Mark Cavendish tells court how masked raider held knife to his face,7,1,True,https://www.maldonandburnhamstandard.co.uk/news/national/23238739.mark-cavendish-tells-court-masked-raider-held-knife-face/
2023-01-09,"Raider held knife to Mark Cavendishs throat during break-in, court told",3,2,True,https://www.lancashiretelegraph.co.uk/news/national/23238178.raider-held-knife-mark-cavendishs-throat-break-in-court-told/
2023-01-09,Mark Cavendish 'had knife held to his face by masked intruder' in raid at Essex home,2,3,True,https://www.maldonandburnhamstandard.co.uk/news/23238826.mark-cavendish-had-knife-held-face-masked-raider/
2023-01-12,Lee Ryan guilty of racially aggravated assault over 'chocolate children' comment,2,1,True,https://www.walesonline.co.uk/news/uk-news/blue-singer-lee-ryan-guilty-25962622
2023-01-14,Three women and girl injured in gun attack outside church memorial service,11,1,True,https://www.chesterstandard.co.uk/news/national/23251378.three-women-girl-injured-gun-attack-outside-church-memorial-service/
2023-01-14,Girl in critical condition and five more injured in gun attack outside church,7,2,True,https://www.lancashiretelegraph.co.uk/news/national/23251413.girl-critical-condition-five-injured-gun-attack-outside-church/
2023-01-15,Girl in critical condition and five more injured in gun attack outside church,5,1,True,https://www.lancashiretelegraph.co.uk/news/national/23251413.girl-critical-condition-five-injured-gun-attack-outside-church/
2023-01-15,Three women and girl injured in gun attack outside church memorial service,1,2,True,https://www.chesterstandard.co.uk/news/national/23251378.three-women-girl-injured-gun-attack-outside-church-memorial-service/
2023-01-17,"Dangerous driving arrest after man, 46, dies after car crash",2,1,True,https://www.enfieldindependent.co.uk/news/23256511.enfield-crash-46-year-old-man-dies-collision-car/
2023-01-20,"Dangerous driving arrest after man, 46, dies after car crash",1,1,True,https://www.enfieldindependent.co.uk/news/23256511.enfield-crash-46-year-old-man-dies-collision-car/
2023-01-28,"Teenage boy, 15, fighting for his life in hospital after broad daylight knife fight",2,1,True,https://www.enfieldindependent.co.uk/news/23282975.wood-green-stabbing-teen-boy-15-critical-condition/
2023-01-31,Man suffers 'potentially life-changing injuries in knife attack,2,1,True,https://www.enfieldindependent.co.uk/news/23287753.man-suffers-hand-injuries-tottenham-knife-attack/
2023-02-01,Former child soldier locked up for killing stranger in ferocious knife attack,3,1,True,https://www.lancashiretelegraph.co.uk/news/national/23292431.former-child-soldier-locked-killing-stranger-ferocious-knife-attack/
2023-02-06,Rapist Met officer David Carrick sent victim picture of himself with police gun,8,1,True,https://www.chesterstandard.co.uk/news/national/23302316.rapist-met-officer-david-carrick-sent-victim-picture-police-gun/
2023-02-09,Knife crime on rise due to teenagers made vulnerable by pandemic,5,1,True,https://www.thetottenhamindependent.co.uk/news/national/23311677.knife-crime-rise-due-teenagers-made-vulnerable-pandemic/
2023-02-09,Man in 60s suffers life-changing injuries in Enfield hit and run crash,2,2,True,https://www.enfieldindependent.co.uk/news/23309565.man-seriously-injured-a10-hit-and-run-crash-enfield/
2023-02-10,Woman believed Met officer would rape her during attack at her home,8,1,True,https://www.elystandard.co.uk/news/national/23313350.woman-believed-met-officer-rape-attack-home/
2023-02-10,Woman believed Met officer would rape her during attack at her home in Twickenham,2,2,True,https://www.thetottenhamindependent.co.uk/news/23313852.woman-believed-met-officer-rape-home-twickenham/
2023-02-14,Police probe potential hate crime after Brianna Ghey stab murder,2,1,True,https://www.yeovilexpress.co.uk/news/national/23321157.police-probe-potential-hate-crime-brianna-ghey-stab-murder/
2023-02-14,Search for suspects after teen stabbed in late-night attack,2,2,True,https://www.thetottenhamindependent.co.uk/news/23320452.search-suspects-teen-stabbed-wood-green/
2023-02-17,Met officer in sexual assault case suggests DNA was transferred after handshake,3,1,True,https://www.yeovilexpress.co.uk/news/national/23329367.met-officer-sexual-assault-case-suggests-dna-transferred-handshake/
2023-02-20,Violin professor who taught around the world is charged with sex attack,3,1,True,https://www.lancashiretelegraph.co.uk/news/national/23332938.violin-professor-taught-around-world-charged-sex-attack/
2023-03-07,Police officer found guilty of sexual assault betrayed all the values of policing,2,1,True,https://www.thetottenhamindependent.co.uk/news/23367460.north-london-met-police-officer-found-guilty-sexual-assault/
2023-03-14,Amir Khan: Staring into robbers gun was scarier than any of my fights,4,1,True,https://www.lancashiretelegraph.co.uk/news/national/23386042.amir-khan-staring-robbers-gun-scarier-fights/
2023-03-14,Amir Khan: 'Staring into robbers gun was scarier than any of my fights',2,2,True,https://www.enfieldindependent.co.uk/news/23386624.enfield-haringey-men-trial-amir-khan-watch-robbery/
2023-03-21,Rapist jailed for 'terrible' attack against vulnerable woman,2,1,True,https://www.thetottenhamindependent.co.uk/news/23400343.rapist-jailed-attacking-vulnerable-woman-enfield/
2023-03-26,Amir Khan feared kids would grow up without their dad during gunpoint robbery,4,1,True,https://www.standard.co.uk/news/crime/amir-khan-people-faryal-makhdoom-london-sun-b1069974.html
2023-03-26,Boxer Amir Khan feared 'kids would grow up without their dad' during gunpoint robbery,2,2,True,https://www.thetottenhamindependent.co.uk/news/23413073.leyton-amir-khan-gunpoint-robbery-franck-muller-watch/
2023-03-29,"Covid mask-wearing robbers killed drug dealer in early morning raid, court told",2,1,True,https://www.independent.co.uk/news/uk/crime/old-bailey-covid-london-whetstone-waltham-forest-b2310355.html
2023-03-30,Four men convicted after knife fight breaks out between rival gangs in Selfridges,2,1,True,https://www.thetottenhamindependent.co.uk/news/23422692.oxford-street-four-convicted-knife-fight-selfridges/
2023-04-04,Armed police flood Essex town after armed gang threatens man with knife,2,1,True,https://www.maldonandburnhamstandard.co.uk/news/23433601.basildon-armed-officers-make-arrests-attempted-robbery/
2023-04-06,Couple jailed for 57 years after ex-partner gunned down in 'honeytrap' meeting,2,1,True,https://www.walesonline.co.uk/news/uk-news/couple-jailed-57-years-after-26644689
2023-04-11,"Man injured woman, 82, before killing stranger in knife attack, court told",2,1,True,https://www.independent.co.uk/news/uk/crime/brentford-london-old-bailey-b2317818.html
2023-04-12,Balaclava-clad gang chase teen threatening him with knife in shocking Canvey incident,2,1,True,https://www.maldonandburnhamstandard.co.uk/news/23448923.canvey-incident-sees-teen-chased-gang-knife/
2023-04-20,Abusive husband found guilty of ferocious and savage knife murder,5,1,True,https://www.wiltsglosstandard.co.uk/news/national/23469567.abusive-husband-found-guilty-ferocious-savage-knife-murder/
2023-05-03,Man asked to speak to soldier before throwing gun cartridges at Buckingham Palace,2,1,True,https://www.independent.co.uk/news/uk/crime/buckingham-palace-incident-shotgun-cartridges-b2331596.html
2023-05-06,Gun salute marks coronation celebrations in Northern Ireland,7,1,True,https://www.independent.co.uk/news/uk/northern-ireland-charles-iii-adrian-army-raf-b2333912.html
2023-05-06,Gun salutes at Edinburgh and Stirling castles mark Kings coronation,4,2,True,https://www.elystandard.co.uk/news/national/23505414.gun-salutes-edinburgh-stirling-castles-mark-kings-coronation/
2023-05-12,Starmer says sexual harassment claims taken extremely seriously by Labour,5,1,True,https://www.lancashiretelegraph.co.uk/news/national/23518270.starmer-says-sexual-harassment-claims-taken-extremely-seriously-labour/
2023-05-19,"Terrorist, 21, admits plotting gun attack on Christian preacher in Hyde Park",3,1,True,https://www.standard.co.uk/news/crime/hyde-park-gun-attack-plot-terrorist-christian-preacher-met-police-old-bailey-b1082291.html
2023-05-21,Teenager stabbed in the leg in 'deeply concerning' 2am attack in Basildon,2,1,True,https://www.maldonandburnhamstandard.co.uk/news/23536953.basildon-councillor-reacts-stabbing-teenager-west-thorpe/
2023-05-22,Wolf of Wall St City boss guilty of 70m investment fraud,2,1,True,https://www.standard.co.uk/news/crime/antony-constantinou-guilty-investment-fraud-city-of-london-police-b1082832.html
2023-05-24,Two injured and taken to hospital after Tottenham knife attack,2,1,True,https://www.thetottenhamindependent.co.uk/news/23545522.two-injured-knife-attack-tottenham-street/
2023-05-26,Man sought after attempted rape and sexual assault of girl walking to school,2,1,True,https://www.thetottenhamindependent.co.uk/news/23548730.man-sought-schoolgirl-sexually-assaulted-edmonton/
2023-06-07,West Ham fans attacked by Fiorentina supporters armed with chains in Prague,6,1,True,https://www.elystandard.co.uk/news/national/23574851.west-ham-fans-attacked-fiorentina-supporters-armed-chains-prague/
2023-06-07,Third youth convicted of Zombie knife killing of boy in front of mother,2,2,True,https://www.independent.co.uk/news/uk/crime/zombie-metropolitan-police-old-bailey-burnley-wembley-b2353227.html
2023-06-13,Parlophone records talent scout found not guilty of sexual assault,1,1,True,https://www.dailymail.co.uk/news/article-12190969/Talent-scout-Parlophone-record-label-claims-grip-sexsomnia-groped-woman.html
2023-06-14,Custody sergeant murder accused tells court he fired gun during panic attack,2,1,True,https://www.standard.co.uk/news/crime/london-metropolitan-police-croydon-norbury-cctv-b1087824.html
2023-06-15,Parlophone records talent scout found not guilty of sexual assault,1,1,True,https://www.dailymail.co.uk/news/article-12190969/Talent-scout-Parlophone-record-label-claims-grip-sexsomnia-groped-woman.html
2023-06-16,Student who knifed his friend 29 times after drink and drugs binge is jailed,8,1,True,https://www.elystandard.co.uk/news/national/23593981.student-knifed-friend-29-times-drink-drugs-binge-jailed/
2023-06-17,Triple murder suspect remanded in custody following city knife and van attacks,10,1,True,https://www.wisbechstandard.co.uk/news/national/23596021.triple-murder-suspect-remanded-custody-following-city-knife-van-attacks/
2023-06-19,Raids on suspected people-smuggling gang who brought convicted rapist back to UK,4,1,True,https://www.harwichandmanningtreestandard.co.uk/news/national/23598869.raids-suspected-people-smuggling-gang-brought-convicted-rapist-back-uk/
2023-06-19,Warburton formally quits as MP over cocaine use and harassment allegations,3,2,True,https://www.independent.co.uk/news/uk/rishi-sunak-frome-commons-government-mail-on-sunday-b2360090.html
2023-06-19,"Tragic weekend in London with multiple stabbings, shooting and family found dead",2,3,True,https://www.thetottenhamindependent.co.uk/news/23599188.tragic-london-weekend-family-found-dead-multiple-stabbed/
2023-06-22,Jury goes out in trial of gunman accused of murdering police custody sergeant,2,1,True,https://www.standard.co.uk/news/crime/london-croydon-lawyers-metropolitan-police-surrey-b1089571.html
2023-06-23,Gun fanatic faces life term after being found guilty of custody officers murder,7,1,True,https://www.standard.co.uk/news/crime/mark-rowley-met-police-cctv-croydon-london-b1089862.html
2023-06-23,Croydon police station gunman found guilty of custody sergeants murder,5,2,True,https://www.chesterstandard.co.uk/news/national/23610421.croydon-police-station-gunman-found-guilty-custody-sergeants-murder/
2023-06-26,London man arrested after two girls report sexual assault in sea off south coast,2,1,True,https://www.enfieldindependent.co.uk/news/23614549.london-man-arrested-girls-report-bournemouth-sex-assault/
2023-06-26,"Violent weekend in London with shooting, six stabbings and two killed",2,2,True,https://www.enfieldindependent.co.uk/news/23614456.violent-weekend-london-six-stabbings-two-killed/
2023-06-26,Nunhead murder: Man in his 20s stabbed to death and has e-bike stolen,1,3,True,https://www.standard.co.uk/news/crime/peckham-murder-nunhead-green-police-crime-london-stabbing-b1090244.html
2023-06-27,Teenager jailed for life for zombie knife murder,7,1,True,https://www.lancashiretelegraph.co.uk/news/national/23618348.teenager-jailed-life-zombie-knife-murder/
2023-06-27,Teenager jailed for life for zombie knife murder in Leytonstone,2,2,True,https://www.standard.co.uk/news/crime/london-leytonstone-lewes-crown-court-old-bailey-west-midlands-b1090598.html
2023-06-28,Kevin Spacey smiles as he appears in court for start of sexual assault trial,2,1,True,https://www.independent.co.uk/news/uk/crime/kevin-spacey-sexual-assault-trial-b2365710.html
2023-06-29,Nunhead murder: Man in his 20s stabbed to death and has e-bike stolen,1,1,True,https://www.standard.co.uk/news/crime/peckham-murder-nunhead-green-police-crime-london-stabbing-b1090244.html
2023-07-05,Theft of wreaths from war memorial in Londonderry investigated as hate crime,2,1,True,https://www.independent.co.uk/news/uk/londonderry-police-service-of-northern-ireland-dup-rebecca-black-b2369679.html
2023-07-07,Inquest told all three victims in Nottingham knife attacks suffered chest wounds,2,1,True,https://www.independent.co.uk/news/uk/nottingham-university-of-nottingham-nottingham-crown-court-somerset-taunton-b2371355.html
2023-07-13,"Kevin Spacey sex assault claims madness and stab in the back, jury told",5,1,True,https://www.chesterstandard.co.uk/news/national/23653562.kevin-spacey-sex-assault-claims-madness-stab-back-jury-told/
2023-07-17,Queens first birthday since coronation to be marked with gun salute in London,2,1,True,https://www.independent.co.uk/news/uk/wimbledon-cornwall-st-ives-london-her-majesty-b2376286.html
2023-07-18,Homegrown terrorist considered gun attack at Queen's funeral,2,1,True,https://www.enfieldindependent.co.uk/news/23662222.homegrown-terrorist-considered-gun-attack-queens-funeral/
2023-07-20,"Kevin Spacey cancelled over untrue sexual assault claims, court told",8,1,True,https://www.lancashiretelegraph.co.uk/news/national/23669667.kevin-spacey-cancelled-untrue-sexual-assault-claims-court-told/
2023-07-25,Edmonton man accused of attempted murder after gun incident,2,1,True,https://www.enfieldindependent.co.uk/news/23678646.edmonton-man-charged-attempted-murder-gun-incident/
2023-07-27,Gun fanatic handed whole-life sentence for murder of Met custody sergeant,8,1,True,https://www.thetottenhamindependent.co.uk/news/national/23683733.gun-fanatic-handed-whole-life-sentence-murder-met-custody-sergeant/
2023-07-27,Gun fanatic to be sentenced for murdering Met custody sergeant Matt Ratana,4,2,True,https://www.chesterstandard.co.uk/news/national/23682611.gun-fanatic-sentenced-murdering-met-custody-sergeant-matt-ratana/
2023-07-31,Violent weekend in London with two stabbings and one shot dead,2,1,True,https://www.enfieldindependent.co.uk/news/23691089.violent-weekend-london-two-stabbings-one-killed/
2023-08-01,Fugitive guilty of stabbing asylum seeker to death in row over 10 drug debt,10,1,True,https://www.wiltsglosstandard.co.uk/news/national/23694298.fugitive-guilty-stabbing-asylum-seeker-death-row-10-drug-debt/
2023-08-10,Two mobile phone thieves stabbed members of the public who thwarted stealing spree,2,1,True,https://www.standard.co.uk/news/crime/bishopsgate-stabbings-mobile-phone-robberies-violence-city-of-london-b1099891.html
2023-08-14,Residents alarmed and devastated by homophobic stabbing outside nightclub,11,1,True,https://www.harwichandmanningtreestandard.co.uk/news/national/23722771.residents-alarmed-devastated-homophobic-stabbing-outside-nightclub/
2023-08-14,Two injured in homophobic stabbing outside nightclub,4,2,True,https://www.greenocktelegraph.co.uk/news/national/23721926.two-injured-homophobic-stabbing-outside-nightclub/
2023-08-14,Knife-wielding muggers launched 'appalling' attack on heroes who tried to stop them,2,3,True,https://www.thetottenhamindependent.co.uk/news/23720944.highbury-haringey-men-jailed-bishopsgate-knife-attack/
2023-08-15,Image released of man police want to identify after homophobic stabbing,5,1,True,https://www.greenocktelegraph.co.uk/news/national/23725192.image-released-man-police-want-identify-homophobic-stabbing/
2023-08-15,Police release CCTV in hunt for Clapham homophobic stabbings suspect,2,2,True,https://www.standard.co.uk/news/uk/clapham-high-street-metropolitan-police-lambeth-cctv-southwark-b1100864.html
2023-08-15,Residents alarmed and devastated by homophobic stabbing outside nightclub,1,3,True,https://www.harwichandmanningtreestandard.co.uk/news/national/23722771.residents-alarmed-devastated-homophobic-stabbing-outside-nightclub/
2023-08-16,Man with gun in his luggage at Heathrow says he didn't know it was there,2,1,True,https://www.enfieldindependent.co.uk/news/23727668.man-gun-luggage-heathrow-says-didnt-know/
2023-08-16,New images of suspect in homophobic stabbing released by police,2,2,True,https://www.independent.co.uk/news/uk/metropolitan-police-london-thornton-heath-police-lgbt-b2394163.html
2023-08-18,Horror 42 hours across London with three stabbed and one slashed in assault,2,1,True,https://www.thetottenhamindependent.co.uk/news/23732307.three-stabbed-one-slashed-horror-42-hours-across-london/
2023-08-20,How the Clapham homophobic attack unfolded,2,1,True,https://www.thetimes.co.uk/article/how-the-clapham-homophobic-attack-unfolded-mcfqvhs67
2023-08-24,Teenager threatened to cut off Aled Joness arm during Rolex robbery,9,1,True,https://www.elystandard.co.uk/news/national/23744829.teenager-threatened-cut-off-aled-joness-arm-rolex-robbery/
2023-08-24,Teenager threatened to cut off Aled Joness arm with machete during Rolex robbery,2,2,True,https://www.standard.co.uk/news/crime/aled-jones-rolex-watch-robbery-machete-london-crime-b1102722.html
2023-08-25,Police officer who sent grossly offensive racist messages to ex-partner jailed,5,1,True,https://www.wisbechstandard.co.uk/news/national/23747972.police-officer-sent-grossly-offensive-racist-messages-ex-partner-jailed/
2023-09-04,"Horror London weekend with one stabbed, two assaulted and three hurt in knife fight",2,1,True,https://www.enfieldindependent.co.uk/news/23766815.one-stabbed-five-injured-horror-weekend-across-london/
2023-09-07,Drug dealer convicted of knife murder in alley has minimum jail term reduced,2,1,True,https://www.standard.co.uk/news/crime/richmond-london-justice-metropolitan-police-royal-courts-of-justice-b1105588.html
2023-09-08,Convicted rapist jailed for life for second attack months after release,2,1,True,https://www.standard.co.uk/news/crime/london-uganda-britain-hounslow-cheshire-b1105884.html
2023-09-11,Bully XL owner whose dogs stopped rape says breed are walking weapons,1,1,True,https://www.independent.co.uk/news/uk/crime/bully-xl-ban-stop-rape-london-b2409451.html
2023-09-13,Police release photo of suspect from 1970s sexual assault case,5,1,True,https://www.chesterstandard.co.uk/news/national/23785613.police-release-photo-suspect-1970s-sexual-assault-case/
2023-09-13,Bully XL owner whose dogs stopped rape says breed are walking weapons,1,2,True,https://www.independent.co.uk/news/uk/crime/bully-xl-ban-stop-rape-london-b2409451.html
2023-09-16,Russell Brand faces allegations of rape and sexual assault at height of fame,2,1,True,https://www.chesterstandard.co.uk/news/national/23794435.russell-brand-faces-allegations-rape-sexual-assault-height-fame/
2023-09-16,Russell Brand is accused of rape and sexual assault,2,2,True,https://www.dailymail.co.uk/news/article-12525673/Russell-Brand.html
2023-09-16,Russell Brand plays show to thousands in London despite sexual assault claims,1,3,True,https://www.independent.co.uk/arts-entertainment/tv/news/russell-brand-show-london-theatre-the-times-dispatches-wembley-b2412907.html
2023-09-17,Russell Brand faces allegations of rape and sexual assault at height of fame,11,1,True,https://www.chesterstandard.co.uk/news/national/23794435.russell-brand-faces-allegations-rape-sexual-assault-height-fame/
2023-09-17,Russell Brand plays show to thousands in London despite sexual assault claims,1,2,True,https://www.independent.co.uk/arts-entertainment/tv/news/russell-brand-show-london-theatre-the-times-dispatches-wembley-b2412907.html
2023-09-25,How often do armed police officers use their firearms?,11,1,True,https://www.lancashiretelegraph.co.uk/news/national/23811397.often-armed-police-officers-use-firearms/
2023-09-25,Firearms officers accused of staging industrial protest as dozens down tools,4,2,True,https://www.maldonandburnhamstandard.co.uk/news/national/23811934.firearms-officers-accused-staging-industrial-protest-dozens-tools/
2023-09-25,Police launch investigation following Russell Brand sexual assault allegations,1,3,True,https://www.independent.co.uk/news/uk/crime/russell-brand-police-investigation-sexual-assault-b2418189.html
2023-09-26,Firearms coverage in London still significantly less than normal  Met chief,2,1,True,https://www.standard.co.uk/news/uk/met-mark-rowley-london-chris-philp-houses-of-parliament-b1109583.html
2023-09-26,Police launch investigation following Russell Brand sexual assault allegations,1,2,True,https://www.independent.co.uk/news/uk/crime/russell-brand-police-investigation-sexual-assault-b2418189.html
2023-09-28,Met firearms officers return to normal duties,6,1,True,https://www.maldonandburnhamstandard.co.uk/news/national/23821638.met-firearms-officers-return-normal-duties/
2023-09-28,Met firearms officers return to normal duties week after putting down weapons,2,2,True,https://www.independent.co.uk/news/uk/metropolitan-police-federation-mark-rowley-metropolitan-police-london-suella-braverman-b2420560.html
2023-09-29,Met firearms officer who shot Jermaine Baker to face misconduct hearing,9,1,True,https://www.thetottenhamindependent.co.uk/news/national/23823024.met-firearms-officer-shot-jermaine-baker-face-misconduct-hearing/
2023-09-29,Knife crime offences: What the official figures show,3,2,True,https://www.lancashiretelegraph.co.uk/news/national/23822940.knife-crime-offences-official-figures-show/
2023-09-29,Met firearms officers return to normal duties,2,3,True,https://www.maldonandburnhamstandard.co.uk/news/national/23821638.met-firearms-officers-return-normal-duties/
2023-10-03,Teen threatened to cut off Aled Jones' head in Rolex watch robbery,2,1,True,https://www.walesonline.co.uk/news/uk-news/teen-threatened-cut-aled-jones-27835671
2023-10-10,Female Metropolitan Police sergeant appears in court charged with sexual assault,2,1,True,https://www.independent.co.uk/news/uk/crime/kingston-crown-court-london-metropolitan-police-wandsworth-sutton-b2427124.html
2023-10-12,Minister very concerned as antisemitic incidents up by 324 since Hamas attack,10,1,True,https://www.chesterstandard.co.uk/news/national/23850063.minister-very-concerned-antisemitic-incidents-324-since-hamas-attack/
2023-10-12,"University students fatal stabbing linked to on-campus drug row, jury told",2,2,True,https://www.independent.co.uk/news/uk/crime/london-paris-barking-eurostar-edmonton-b2428631.html
2023-10-13,Every London secondary school to be offered knife wand metal detectors,2,1,True,https://www.standard.co.uk/news/london/knife-crime-schools-metal-detectors-elianne-andam-sadiq-khan-b1113234.html
2023-10-17,Sevenfold increase in antisemitic incidents recorded in UK since Hamas attack,4,1,True,https://www.wisbechstandard.co.uk/news/national/23862284.sevenfold-increase-antisemitic-incidents-recorded-uk-since-hamas-attack/
2023-10-18,"Boy, 13, confronted by armed police after water pistol mistaken for real gun",3,1,True,https://www.westerntelegraph.co.uk/news/national/23864983.boy-13-confronted-armed-police-water-pistol-mistaken-real-gun/
2023-10-18,Sevenfold increase in antisemitic incidents recorded in UK since Hamas attack,1,2,True,https://www.wisbechstandard.co.uk/news/national/23862284.sevenfold-increase-antisemitic-incidents-recorded-uk-since-hamas-attack/
2023-10-19,"Boy, 13, confronted by armed police after water pistol mistaken for real gun",6,1,True,https://www.westerntelegraph.co.uk/news/national/23864983.boy-13-confronted-armed-police-water-pistol-mistaken-real-gun/
2023-10-24,Nightmare week across London with one dead after TEN stabbings and shooting,2,1,True,https://www.thetottenhamindependent.co.uk/news/23876011.horror-week-across-london-one-dead-ten-stabbings/
2023-10-30,Counter-terror chief hails bravery of those who intervened in knife attack,7,1,True,https://www.lancashiretelegraph.co.uk/news/national/23888283.counter-terror-chief-hails-bravery-intervened-knife-attack/
2023-10-31,UPDATED: Hunt for two women after racist assault on Elizabeth line,2,1,True,https://www.thetottenhamindependent.co.uk/news/23892598.elizabeth-line-racist-assault-hunt-two-women/
2023-11-07,FIVE stabbed and two shot in horror weekend across London,2,1,True,https://www.thetottenhamindependent.co.uk/news/23906780.five-stabbed-two-shot-horror-weekend-across-london/
2023-11-07,Here's how many shoplifting arrests were made in Colchester in just seven days,2,2,True,https://www.harwichandmanningtreestandard.co.uk/news/23908722.essex-police-arrest-12-people-suspicion-colchester-shoplifting/
2023-11-13,Three arrested after racially aggravated confrontation with protesters,8,1,True,https://www.independent.co.uk/news/uk/metropolitan-police-london-surrey-christchurch-dorset-b2446443.html
2023-11-13,Love Island star Arabella Chi 'dragged from her car' and attacked during robbery,2,2,True,https://www.mirror.co.uk/3am/celebrity-news/itvs-love-island-star-arabella-31423655
2023-11-13,"Officers arrest nine people in one day for domestic abuse, burglary and more",2,3,True,https://www.maldonandburnhamstandard.co.uk/news/23918040.essex-osg-officers-make-nine-arrests-across-county/
2023-11-14,Gun and knife crime rises in Haringey but burglary falls,2,1,True,https://www.enfieldindependent.co.uk/news/23920947.gun-knife-crime-rises-haringey-burglary-falls/
2023-11-23,Largest ever seizure of synthetic opioids made in raid on suspected drug factory,10,1,True,https://www.maldonandburnhamstandard.co.uk/news/national/23942295.largest-ever-seizure-synthetic-opioids-made-raid-suspected-drug-factory/
2023-11-24,Met Police chief criticises prosecution of officer cleared of dangerous driving,2,1,True,https://www.independent.co.uk/news/uk/crime/mark-rowley-sudesh-amman-southwark-crown-court-streatham-toyota-b2452980.html
2023-11-24,Anaesthetist facing jail for stealing drugs from hospital for sexual activity,1,2,True,https://www.independent.co.uk/news/uk/crime/london-leytonstone-poplar-crown-court-three-b2453054.html
2023-11-25,Anaesthetist facing jail for stealing drugs from hospital for sexual activity,1,1,True,https://www.independent.co.uk/news/uk/crime/london-leytonstone-poplar-crown-court-three-b2453054.html
2023-11-26,Fortnum & Mason bans royal aide over alleged bracelet shoplifting,1,1,True,https://www.thetimes.co.uk/article/fortnum-amp-mason-bans-royal-aide-over-alleged-bracelet-shoplifting-705m37m09
2023-11-27,Fortnum & Mason bans royal aide over alleged bracelet shoplifting,1,1,True,https://www.thetimes.co.uk/article/fortnum-amp-mason-bans-royal-aide-over-alleged-bracelet-shoplifting-705m37m09
2023-11-28,birmingham gun gang armed police arrest tony graham,4,1,True,https://www.daventryexpress.co.uk/read-this/birmingham-gun-gang-armed-police-arrest-tony-graham-4425439
2023-11-28,Gangsters jailed for plotting to sell gun to terrorist for attack in Hyde Park,2,2,True,https://www.independent.co.uk/news/uk/crime/hyde-park-brighton-christian-old-bailey-inner-london-crown-court-b2454723.html
2023-12-04,hampstead robbery rolex stolen footage,4,1,True,https://www.northantstelegraph.co.uk/read-this/hampstead-robbery-rolex-stolen-footage-4433118
2023-12-10,Teenage girls arrested after Jewish woman violently assaulted and robbed,9,1,True,https://www.chesterstandard.co.uk/news/national/23980360.teenage-girls-arrested-jewish-woman-violently-assaulted-robbed/
2023-12-10,Teen girls arrested after Jewish woman attacked and robbed in 'possible hate crime',2,2,True,https://www.thetottenhamindependent.co.uk/news/23980304.teen-girl-arrested-jewish-woman-robbed-haringey/
2023-12-13,Teen girls arrested after Jewish woman attacked and robbed in 'possible hate crime',1,1,True,https://www.thetottenhamindependent.co.uk/news/23980304.teen-girl-arrested-jewish-woman-robbed-haringey/
2023-12-14,Councils in last-ditch plea to PM over knife-edge finances,5,1,True,https://www.westerntelegraph.co.uk/news/national/23988446.councils-last-ditch-plea-pm-knife-edge-finances/
2023-12-21,"Woman covered in blood arrested after boy, four, dies in knife attack",4,1,True,https://www.greenocktelegraph.co.uk/news/national/24006701.woman-covered-blood-arrested-boy-four-dies-knife-attack/
2023-12-22,"Woman covered in blood arrested after boy, four, dies in knife attack",1,1,True,https://www.greenocktelegraph.co.uk/news/national/24006701.woman-covered-blood-arrested-boy-four-dies-knife-attack/
2023-12-27,"Suspected arson attack at Tory MPs office concerning, says No 10",11,1,True,https://www.lancashiretelegraph.co.uk/news/national/24013717.suspected-arson-attack-tory-mps-office-concerning-says-no-10/
2023-12-29,Mum accused of killing her four-year-old son with knife sobs in court,2,1,True,https://www.thetottenhamindependent.co.uk/news/24017188.hackney-mum-accused-killing-son-knife-sobs-court/
2024-01-02,Met says weapons sweeps WERE carried out before Primrose Hill New Year's Eve stabbing,1,1,True,https://www.thetottenhamindependent.co.uk/news/24023352.met-weapons-sweeps-made-primrose-bill-nye-stabbing/
2024-01-03,Further 52 people arrested on suspicion of shoplifting at end of December,1,1,True,https://www.harwichandmanningtreestandard.co.uk/news/24026407.essex-police-continue-crackdown-shoplifting/
2024-01-03,Met says weapons sweeps WERE carried out before Primrose Hill New Year's Eve stabbing,1,2,True,https://www.thetottenhamindependent.co.uk/news/24023352.met-weapons-sweeps-made-primrose-bill-nye-stabbing/
2024-01-04,Further 52 people arrested on suspicion of shoplifting at end of December,1,1,True,https://www.harwichandmanningtreestandard.co.uk/news/24026407.essex-police-continue-crackdown-shoplifting/
2024-01-06,Couple kicked and punched in homophobic attack in London underground station,2,1,True,https://www.enfieldindependent.co.uk/news/24032044.bank-underground-couple-assaulted-homophobic-attack/
2024-01-08,Idris Elba: I cant stay silent on youth knife crime,4,1,True,https://www.lancashiretelegraph.co.uk/news/national/24033367.idris-elba-launches-campaign-immediate-ban-machetes-zombie-knives/
2024-01-09,Harry Pitman killed with hunting knife within yards of emergency crews,4,1,True,https://www.lancashiretelegraph.co.uk/news/national/24037546.harry-pitman-killed-hunting-knife-within-yards-emergency-crews/
2024-01-15,"Two shot, one stabbed, and one killed in crash in HORROR weekend across London",2,1,True,https://www.enfieldindependent.co.uk/news/24051108.horror-weekend-london-shooting-stabbing-fatal-crash/
2024-01-16,"Knife crime in Essex worse than Liverpool, Newcastle, and Wales, figures reveal",2,1,True,https://www.maldonandburnhamstandard.co.uk/news/24038974.essex-knife-crime-rate-higher-liverpool-figures-say/
2024-01-28,"'Drug dealing, prostitution and knife crime in our flats put my life in jeopardy'",2,1,True,https://www.thetottenhamindependent.co.uk/news/24078492.police-enfield-council-ignored-woman-crime-flats/
2024-01-29,Man arrested over suspected knife attack at kosher shop,4,1,True,https://www.chesterstandard.co.uk/news/national/24082864.man-arrested-suspected-knife-attack-kosher-shop/
2024-01-30,Lethal weapons found at house where man was shot dead by police in London,5,1,True,https://www.thetottenhamindependent.co.uk/news/national/24085929.lethal-weapons-found-house-man-shot-dead-police-london/
2024-01-30,Man armed with crossbow shot dead by police in south-east London,4,2,True,https://www.westerntelegraph.co.uk/news/national/24083737.man-armed-crossbow-shot-dead-police-south-east-london/
2024-01-30,"Man charged with carrying a knife in an alleged hate crime, police say",3,3,True,https://www.elystandard.co.uk/news/national/24085728.man-charged-carrying-knife-alleged-hate-crime-police-say/
2024-01-31,Martin Bashir blamed professional jealousy for Panorama document forgery story,11,1,True,https://www.wiltsglosstandard.co.uk/news/national/24086188.martin-bashir-blamed-professional-jealousy-panorama-document-forgery-story/
2024-01-31,Lethal weapons found at house where man was shot dead by police in London,1,2,True,https://www.thetottenhamindependent.co.uk/news/national/24085929.lethal-weapons-found-house-man-shot-dead-police-london/
2024-02-01,Alkaline attack suspect is convicted sex offender,2,1,True,https://www.lancashiretelegraph.co.uk/news/national/24092284.alkaline-attack-suspect-is-convicted-sex-offender/
2024-02-02,Alkaline attack suspect is convicted sex offender,2,1,True,https://www.lancashiretelegraph.co.uk/news/national/24092284.alkaline-attack-suspect-is-convicted-sex-offender/
2024-02-02,Sexual assault victim's quick thinking puts attacker behind bars,2,2,True,https://www.enfieldindependent.co.uk/news/24094333.man-masturbated-front-women-trains-jailed/
2024-02-05,"12 stabbed, two shot and one dead in just ONE violent week in London",2,1,True,https://www.enfieldindependent.co.uk/news/24099180.12-stabbed-2-shot-one-violent-week-london/
2024-02-14,"Convicted stalker shot in neck and chest by police, inquest told",4,1,True,https://www.lancashiretelegraph.co.uk/news/national/24118530.convicted-stalker-shot-neck-chest-police-inquest-told/
2024-02-14,30 people arrested as Essex Police tackle shoplifting across the county,2,2,True,https://www.maldonandburnhamstandard.co.uk/news/24120656.essex-police-arrest-30-people-suspicion-shoplifting/
2024-02-21,Met Police officer who kidnapped and raped woman at knifepoint also raped child,2,1,True,https://www.thetottenhamindependent.co.uk/news/24134622.met-police-officer-convicted-kidnap-rape-rape-child/
2024-02-21,Metropolitan Police officer suspended over sexual assault charge,2,2,True,https://www.thetottenhamindependent.co.uk/news/24134623.metropolitan-police-officer-suspended-sexual-assault-charge/
2024-02-22,Essex Police arrests see 21 suspects charged with 99 shoplifting offences,2,1,True,https://www.maldonandburnhamstandard.co.uk/news/24135763.essex-21-people-charged-99-shoplifting-offences/
2024-02-24,"'Knife crime can feel never ending, but there is a solution' says London charity boss",2,1,True,https://www.thetottenhamindependent.co.uk/news/23987325.ben-kinsella-trust-believes-knife-crime-can-stopped/
2024-02-24,What we know about knife crime in London throughout 2023,2,2,True,https://www.thetottenhamindependent.co.uk/news/24046213.london-knife-crime-offences-2023/
2024-02-25,"Teenage girl, 16, dead as another teenager arrested for dangerous driving",9,1,True,https://www.lancashiretelegraph.co.uk/news/national/24142848.teenage-girl-16-dead-another-teenager-arrested-dangerous-driving/
2024-02-26,Dangerous man shot at someone through window over a 3.50 drug debt,2,1,True,https://www.thetottenhamindependent.co.uk/news/24143349.enfield-man-held-guilty-shooting-man-lewisham/
2024-03-01,Bibby Stockholm resident convicted of assault and shoplifting charges,2,1,True,https://www.wiltsglosstandard.co.uk/news/national/24156108.bibby-stockholm-resident-convicted-assault-shoplifting-charges/
2024-03-02,Two stabbed with one dead and two shot in HORROR 24 hours across London,2,1,True,https://www.thetottenhamindependent.co.uk/news/24158163.horror-24-hours-london-one-dead-stabbings-shooting/
2024-03-08,Loaded revolver and silencer found in drug suspect's bedroom,2,1,True,https://www.enfieldindependent.co.uk/news/24171834.two-men-jailed-loaded-gun-found-enfield-home/
2024-03-10,Terror attack victims call for end to anti-Muslim hate in open letter,5,1,True,https://www.thetottenhamindependent.co.uk/news/national/24174784.terror-attack-victims-call-end-anti-muslim-hate-open-letter/
2024-03-11,Grim weekend in London with man shot dead and one in critical after stabbing,2,1,True,https://www.enfieldindependent.co.uk/news/24176321.grim-london-weekend-man-shot-dead-another-stabbed/
2024-03-12,Andrew Tate to be extradited to UK on rape and human trafficking allegations,6,1,True,https://www.elystandard.co.uk/news/national/24180125.andrew-tate-extradited-uk-rape-human-trafficking-allegations/
2024-03-15,Police officer could still be alive if proper search of gunman carried out,11,1,True,https://www.lancashiretelegraph.co.uk/news/national/24186736.police-officer-could-still-alive-proper-search-gunman-carried-out/
2024-03-15,London horror as two stabbed and another injured in suspected crossbow attack,2,2,True,https://www.enfieldindependent.co.uk/news/24189177.grim-42-hours-london-two-stabbed-another-injured/
2024-03-21,Boy shot dead and stabbed with machete outside music studio,2,1,True,https://www.enfieldindependent.co.uk/news/24199044.tyler-mcdermott-trial-boy-killed-outside-tottenham-music-studio/
2024-03-22,Grim 42 hours of London's knife crime seestwo dead and two in hospital,2,1,True,https://www.enfieldindependent.co.uk/news/24205249.horror-42-hours-london-four-stabbings/
2024-03-26,24 people arrested across Essex on suspicion of shoplifting,1,1,True,https://www.maldonandburnhamstandard.co.uk/news/24213295.essex-24-people-arrested-suspicion-shoplifting/
2024-03-27,24 people arrested across Essex on suspicion of shoplifting,1,1,True,https://www.maldonandburnhamstandard.co.uk/news/24213295.essex-24-people-arrested-suspicion-shoplifting/
2024-04-11,"Boy, 16, stabbed to death by drug dealer who tried to rob him, court told",5,1,True,https://www.harwichandmanningtreestandard.co.uk/news/national/24246441.boy-16-stabbed-death-drug-dealer-tried-rob-court-told/
2024-04-14,"Sydney knife attacker was 40-year-old man with mental health issues, say police",2,1,True,https://www.standard.co.uk/news/uk/sydney-queensland-westfield-the-king-joe-biden-b1151329.html
2024-04-17,Mayor pledges new legal advice service for rape and assault survivors,2,1,True,https://www.standard.co.uk/news/london/sadiq-khan-violence-women-girls-plan-misogyny-london-mayoral-election-legal-advice-labour-susan-hall-b1151899.html
2024-04-29,Gerard Depardieu summoned for questioning about sexual assault allegations,2,1,True,https://www.greenocktelegraph.co.uk/news/national/24285020.gerard-depardieu-summoned-questioning-sexual-assault-allegations/
2024-04-30,hainault tube station critical incident knife attack,3,1,True,https://www.wakefieldexpress.co.uk/read-this/hainault-tube-station-critical-incident-knife-attack-4610203
2024-04-30,Hainault sword attack: Stabbed hero thanks people who saved his life,2,2,True,https://www.independent.co.uk/news/uk/crime/hainault-station-stabbing-sword-london-police-news-b2536996.html
2024-05-01,"Khan not taking knife crime seriously, says Badenoch after Hainault stabbings",5,1,True,https://www.standard.co.uk/news/politics/sadiq-khan-mayor-hainault-susan-hall-conservatives-b1154977.html
2024-05-01,Hainault sword attack: Stabbed hero thanks people who saved his life,1,2,True,https://www.independent.co.uk/news/uk/crime/hainault-station-stabbing-sword-london-police-news-b2536996.html
2024-05-02,Hainault sword attack: Stabbed hero thanks people who saved his life,1,1,True,https://www.independent.co.uk/news/uk/crime/hainault-station-stabbing-sword-london-police-news-b2536996.html
2024-05-11,Man held after police officer shot with crossbow following reports of stabbing,10,1,True,https://www.wisbechstandard.co.uk/news/national/24313723.man-held-police-officer-shot-crossbow-following-reports-stabbing/
2024-05-12,Grandmother killed in knife attack devoted to family,6,1,True,https://www.greenocktelegraph.co.uk/news/national/24314497.grandmother-killed-knife-attack-devoted-family/
2024-05-12,Grim 42 hours in London sees two stabbed and man shot dead,2,2,True,https://www.thetottenhamindependent.co.uk/news/24314598.grim-42-hours-london-sees-stabbings-shooting/
2024-05-14,"Grandmother suffered fatal stab wounds in bus stop attack, court told",3,1,True,https://www.lancashiretelegraph.co.uk/news/national/24318929.grandmother-suffered-fatal-stab-wounds-bus-stop-attack-court-told/
2024-05-14,Another horror three days in London with four stabbed and man shot dead,2,2,True,https://www.thetottenhamindependent.co.uk/news/24318584.horror-three-days-london-stabbings-shooting/
2024-05-15,Google tackles phone theft with new safety features coming to Android,5,1,True,https://www.lancashiretelegraph.co.uk/news/national/24323137.google-tackles-phone-theft-new-safety-features-coming-android/
2024-05-23,knife wielding man stabs two police officers during foot chase,2,1,True,https://www.wakefieldexpress.co.uk/watch-this/knife-wielding-man-stabs-two-police-officers-during-foot-chase-4640063
2024-05-24,knife wielding man stabs two police officers during foot chase,2,1,True,https://www.wakefieldexpress.co.uk/watch-this/knife-wielding-man-stabs-two-police-officers-during-foot-chase-4640063
2024-05-25,Parents warned of easy online knife purchases after youth guilty of killing boy,7,1,True,https://www.lancashiretelegraph.co.uk/news/national/24345920.parents-warned-easy-online-knife-purchases-youth-guilty-killing-boy/
2024-05-28,Man stabbed to death as his mother is tied up in brutal marriage scam murder,2,1,True,https://www.independent.co.uk/news/uk/crime/riches-obi-bernadette-ortet-murder-b2552537.html
2024-05-30,'I tagged along with the Met Police for a drug raid at dawn - here's what I saw',2,1,True,https://www.thetottenhamindependent.co.uk/news/24352764.i-went-met-police-witness-canning-town-dawn-drug-raid/
2024-05-31,"Girl, 9, among four shot and one stabbed in GRIM 24 hours across London",2,1,True,https://www.thetottenhamindependent.co.uk/news/24358136.grim-24-hours-london-stabbing-shooting/
2024-06-19,Teenage boy left with life-changing injuries after stabbing in central London,2,1,True,https://www.thetottenhamindependent.co.uk/news/24397788.cranbourn-street-leicester-square-stabbing-teenager-injured/
2024-06-20,london police shakai parchment 12 inch rambo knife,4,1,True,https://www.wakefieldexpress.co.uk/watch-this/london-police-shakai-parchment-12-inch-rambo-knife-4673455
2024-06-20,"Boy, 17, was shot in head and stabbed with machete outside music studio",2,2,True,https://www.thetottenhamindependent.co.uk/news/24400003.four-guilty-tyler-mcdermotts-murder-outside-music-studio/
2024-06-20,London sees more than 140 gun crime incidents in one year,2,3,True,https://www.enfieldindependent.co.uk/news/24397025.gun-crime-incidents-london-total-145-since-march-2023/
2024-06-21,Shocking four days of violence in London with TWO stabbed and one shot,2,1,True,https://www.enfieldindependent.co.uk/news/24403457.shocking-four-days-london-sees-two-stabbed-one-shot/
2024-06-22,kent ashford crime police raid sleeping drug dealer,4,1,True,https://www.northantstelegraph.co.uk/watch-this/kent-ashford-crime-police-raid-sleeping-drug-dealer-4675156
2024-06-25,Idris Elba and Keir Starmer meet families of knife crime victims,9,1,True,https://www.harwichandmanningtreestandard.co.uk/news/national/24410230.idris-elba-keir-starmer-meet-families-knife-crime-victims/
2024-06-25,Horror weekend across London sees FOUR stabbed and two shot,2,2,True,https://www.thetottenhamindependent.co.uk/news/24411557.horror-weekend-london-sees-stabbings-shootings/
2024-06-25,Man in hospital after stabbing may have been in knife fight filmed in street,2,3,True,https://www.thetottenhamindependent.co.uk/news/24409561.wargrave-avenue-tottenham-stabbing-man-hospital/
2024-06-30,Idris Elba: Starmer and I have had deep conversations on tackling knife crime,4,1,True,https://www.lancashiretelegraph.co.uk/news/national/24420981.idris-elba-starmer-deep-conversations-tackling-knife-crime/
2024-07-01,Idris Elba: Starmer and I have had deep conversations on tackling knife crime,7,1,True,https://www.lancashiretelegraph.co.uk/news/national/24420981.idris-elba-starmer-deep-conversations-tackling-knife-crime/
2024-07-05,Drill rapper son of Mark Duggan jailed for possessing gun,3,1,True,https://www.lancashiretelegraph.co.uk/news/national/24434386.drill-rapper-son-mark-duggan-jailed-possessing-gun/
2024-07-08,Letter box burglar stole Royal Ascot tickets and Chelsea FC membership card,2,1,True,https://www.thetottenhamindependent.co.uk/news/24436818.brazen-burglar-rifled-peoples-letter-boxes/
2024-07-23,"Boy, 15, shot dead and 10 stabbed in horrifying four days in London",2,1,True,https://www.thetottenhamindependent.co.uk/news/24471379.horror-four-days-london-stabbings-fatal-shooting/
2024-07-28,Fresh plea for information over 15-year-olds gun death,8,1,True,https://www.wisbechstandard.co.uk/news/24480858.fresh-plea-information-15-year-olds-gun-death/
2024-07-30,Nursery group urges parents not to hold door open for anyone after knife attack,4,1,True,https://www.wiltsglosstandard.co.uk/news/national/24486178.nursery-group-urges-parents-not-hold-door-open-anyone-knife-attack/
2024-08-01,Starmer launches violent disorder programme to clamp down on rioters,3,1,True,https://www.lancashiretelegraph.co.uk/news/national/24492277.starmer-launches-violent-disorder-programme-clamp-rioters/
2024-08-01,Starmer warns social media firms over misinformation sparking violent disorder,3,2,True,https://www.lancashiretelegraph.co.uk/news/national/24492276.starmer-warns-social-media-firms-misinformation-sparking-violent-disorder/
2024-08-01,More than 100 arrested as Southport stabbings spark London riot,2,3,True,https://www.thetottenhamindependent.co.uk/news/24490357.stockport-stabbings-met-makes-100-arrests-london-riot/
2024-08-02,Starmer warns social media firms over misinformation sparking violent disorder,8,1,True,https://www.lancashiretelegraph.co.uk/news/national/24492276.starmer-warns-social-media-firms-misinformation-sparking-violent-disorder/
2024-08-03,Violent disorder sees police officers injured as Prime Minister vows action,10,1,True,https://www.lancashiretelegraph.co.uk/news/national/24496024.violent-protests-across-uk-see-officers-injured-bricks-bottles-thrown/
2024-08-03,Further arrests over violent disorder in North East,7,2,True,https://www.greenocktelegraph.co.uk/news/national/24496129.arrests-violent-disorder-north-east/
2024-08-07,"Consider home working, MPs told ahead of possible violent disorder overnight",7,1,True,https://www.lancashiretelegraph.co.uk/news/national/24504583.consider-home-working-mps-told-ahead-possible-violent-disorder-overnight/
2024-08-07,Peaceful protests quash fears of further violent disorder despite planned unrest,6,2,True,https://www.lancashiretelegraph.co.uk/news/national/24504697.peaceful-protests-quash-fears-violent-disorder-despite-planned-unrest/
2024-08-08,More arrests bring total to 121 after violent disorder outside Downing Street,2,1,True,https://www.enfieldindependent.co.uk/news/24505553.uk-riots-10-arrests-whitehall-violent-disorder/
2024-08-09,Two in London dead after four shot and two stabbed in shocking days of crime,2,1,True,https://www.enfieldindependent.co.uk/news/24508570.horror-three-days-london-stabbings-shootings/
2024-08-12,Suspect did not know mum and daughter stabbed in 'horrific' Leicester Square attack,2,1,True,https://www.enfieldindependent.co.uk/news/24513579.leicester-square-attack-suspect-not-known-victims/
2024-08-12,"Girl, 11, stabbed eight times with steak knife in Leicester Square attack",1,2,True,https://www.independent.co.uk/news/uk/crime/leicester-square-stabbing-attack-suspect-girl-woman-police-b2595063.html
2024-08-13,Girl attacked in Leicester Square was 'placed in headlock and stabbed 8 times',2,1,True,https://www.thetottenhamindependent.co.uk/news/24515135.leicester-square-stabbing-attack-man-charged-court/
2024-08-13,"Girl, 11, stabbed eight times with steak knife in Leicester Square attack",2,2,True,https://www.independent.co.uk/news/uk/crime/leicester-square-stabbing-attack-suspect-girl-woman-police-b2595063.html
2024-08-14,"Girl, 11, stabbed eight times with steak knife in Leicester Square attack",1,1,True,https://www.independent.co.uk/news/uk/crime/leicester-square-stabbing-attack-suspect-girl-woman-police-b2595063.html
2024-08-15,Hackers behind cyber attack ordered by judge to return stolen NHS patient data,2,1,True,https://www.chesterstandard.co.uk/news/national/24520508.hackers-behind-cyber-attack-ordered-judge-return-stolen-nhs-patient-data/
2024-08-24,"IS claims responsibility for fatal knife attack in Solingen, Germany",4,1,True,https://www.enfieldindependent.co.uk/news/national/24540553.claims-responsibility-fatal-knife-attack-solingen-germany/
2024-08-25,Police detain a suspect in the German knife attack that killed three,7,1,True,https://www.lancashiretelegraph.co.uk/news/national/24540616.police-detain-suspect-german-knife-attack-killed-three/
2024-08-27,ex criminal gang member now helps turn youths away from knife crime after friend was stabbed to death,4,1,True,https://www.daventryexpress.co.uk/watch-this/ex-criminal-gang-member-now-helps-turn-youths-away-from-knife-crime-after-friend-was-stabbed-to-death-4757438
2024-09-05,Harvey Weinstein indecent assault case discontinued by CPS,6,1,True,https://www.lancashiretelegraph.co.uk/news/national/24564984.harvey-weinstein-indecent-assault-case-discontinued-cps/
2024-09-06,Labour councillor denies encouraging violent disorder at anti-racism protest,3,1,True,https://www.lancashiretelegraph.co.uk/news/national/24567465.labour-councillor-denies-encouraging-violent-disorder-anti-racism-protest/
2024-09-08,Kentucky police search for gunman after five wounded on busy highway,8,1,True,https://www.wiltsglosstandard.co.uk/news/national/24570858.kentucky-police-search-gunman-five-wounded-busy-highway/
2024-09-08,Authorities search for gunman after up to seven people hurt on Kentucky highway,7,2,True,https://www.lancashiretelegraph.co.uk/news/national/24570122.authorities-search-gunman-seven-people-hurt-kentucky-highway/
2024-09-09,knife crime UK six in 10 dont know first aid for stab wound new research,3,1,True,https://www.daventryexpress.co.uk/health/knife-crime-uk-six-in-10-dont-know-first-aid-for-stab-wound-new-research-4774736
2024-09-09,Horror weekend across London with one shot and two stabbed,2,2,True,https://www.enfieldindependent.co.uk/news/24572558.horror-weekend-across-london-shooting-stabbings/
2024-09-13,Two charged with burglary after Banksy painting stolen from London gallery,5,1,True,https://www.maldonandburnhamstandard.co.uk/news/national/24581963.two-charged-burglary-banksy-painting-stolen-london-gallery/
2024-09-14,Prisoner charged with sexual assault at train station hours after early release,2,1,True,https://www.independent.co.uk/news/uk/crime/prisoner-early-release-scheme-sexual-assault-b2612803.html
2024-09-16,Woman dead after four stabbed and one shot in GRIM weekend across London,2,1,True,https://www.thetottenhamindependent.co.uk/news/24588954.grim-weekend-across-london-stabbings-shooting/
2024-09-17,"BBC commentators daughters shot with crossbow and wife stabbed, court told",7,1,True,https://www.lancashiretelegraph.co.uk/news/national/24589642.bbc-commentators-daughters-shot-crossbow-wife-stabbed-court-told/
2024-09-17,Murder probe launched after man dies in shooting and car set alight,3,2,True,https://www.standard.co.uk/news/uk/police-hertfordshire-kings-langley-hertfordshire-police-cambridgeshire-b1182533.html
2024-09-18,Man in hospital with life-changing injuries after stabbing in central London,2,1,True,https://www.enfieldindependent.co.uk/news/24593683.castle-baynard-street-london-stabbing-man-taken-hospital/
2024-09-19,Multiple women accuse Mohamed Al Fayed of rape and sexual assault,4,1,True,https://www.harwichandmanningtreestandard.co.uk/news/national/24594820.multiple-women-accuse-mohamed-al-fayed-rape-sexual-assault/
2024-09-19,Former Harrods boss Mohamed al-Fayed accused of sexual assault by more than 20 women,2,2,True,https://www.independent.co.uk/news/uk/crime/mohamed-al-fayed-harrods-sexual-assault-rape-b2615430.html
2024-09-23,"Knife attack victim said Im 15, dont let me die as he bled, witness reveals",3,1,True,https://www.dissexpress.co.uk/national/knife-attack-victim-said-i-m-15-don-t-let-me-die-as-he-bled-witness-reveals-128201/
2024-09-28,London murderer found guilty for stabbing man to death in 'unprovoked attack',2,1,True,https://www.enfieldindependent.co.uk/news/24616101.ealing-murderer-found-guilty-stabbing-man-death/
2024-10-01,Essex man given suspended sentence after police uncover 2m keyless car theft gang,2,1,True,https://www.maldonandburnhamstandard.co.uk/news/24622372.leigh-man-sentenced-police-uncover-keyless-car-theft-gang/
2024-10-01,Gun shot fired at black taxi window on busy central London street,2,2,True,https://www.enfieldindependent.co.uk/news/24621909.dean-street-soho-gun-shot-fired-taxi-window/
2024-10-02,No evidence of gun shot fired at black cab in Soho carrying Private Eye editor,2,1,True,https://www.thetottenhamindependent.co.uk/news/24624731.no-evidence-london-taxi-carrying-ian-hislop-hit-gun-shot/
2024-10-03,Newsquest Londons knife crime campaign shortlisted for Media Freedom Awards 2024,2,1,True,https://www.enfieldindependent.co.uk/news/24627971.newsquests-21-campaign-shortlisted-media-freedom-awards-2024/
2024-10-07,criminal car theft gang use gameboy device to steal 80 vehicles worth ps18million,4,1,True,https://www.daventryexpress.co.uk/watch-this/criminal-car-theft-gang-use-gameboy-device-to-steal-80-vehicles-worth-ps18million-4812274
2024-10-07,Ex-Met Police officer David Carrick accused of rape and sexual assault,2,2,True,https://www.thetottenhamindependent.co.uk/news/24635966.ex-met-police-officer-david-carrick-accused-rape/
2024-10-14,Man shot dead and four stabbed in GRIM weekend across London,2,1,True,https://www.thetottenhamindependent.co.uk/news/24650753.grim-weekend-across-london-shooting-stabbings/
2024-10-15,Google tools to combat mobile phone theft start rolling out to users,5,1,True,https://www.thetottenhamindependent.co.uk/news/national/24654643.google-tools-combat-mobile-phone-theft-start-rolling-users/
2024-10-23,Home Secretary to complete review into accountability of firearms officers,9,1,True,https://www.lancashiretelegraph.co.uk/news/national/24671342.home-secretary-complete-review-accountability-firearms-officers/
2024-10-26,Man in custody after woman and two children stabbed in shocking attack,9,1,True,https://www.wiltsglosstandard.co.uk/news/national/24679947.man-custody-woman-two-children-stabbed-shocking-attack/
2024-11-15,Stolen Churchill portrait which was swapped with forgery returns to Canada,6,1,True,https://www.lancashiretelegraph.co.uk/news/national/24728419.stolen-churchill-portrait-swapped-forgery-returns-canada/
2024-11-25,Gunman fired directly into car when eight-year-old girl was shot,4,1,True,https://www.enfieldindependent.co.uk/news/national/24748359.gunman-fired-directly-car-eight-year-old-girl-shot/
2024-12-13,"Firearms officers cleared of wrongdoing in arrest of boy, 13, with water pistol",7,1,True,https://www.dissexpress.co.uk/national/firearms-officers-cleared-of-wrongdoing-in-arrest-of-boy-13-with-water-pistol-134694/
2024-12-19,Jail for idiot Hamas supporter who threatened Prime Minister with knife emoji,5,1,True,https://www.thetottenhamindependent.co.uk/news/national/24807874.jail-idiot-hamas-supporter-threatened-prime-minister-knife-emoji/
2024-12-19,"Enfield man, 26, to enter pleas to murder charges following knife and crossbow deaths",2,2,True,https://www.thetottenhamindependent.co.uk/news/24806385.kyle-clifford-enfield-man-26-enter-pleas-murder-charges/
2025-01-01,Fugitives in smuggling ring that sexually abused children now caught for extradition,2,1,True,https://www.maldonandburnhamstandard.co.uk/news/24826828.essex-people-smuggling-ring-members-caught-national-crime-agency/
2025-01-11,Streeting: Grooming gangs rhetoric could lead to UK version of NZ mosque attack,9,1,True,https://www.chesterstandard.co.uk/news/national/24849770.streeting-grooming-gangs-rhetoric-lead-uk-version-nz-mosque-attack/
2025-01-12,Two men shot and one stabbed in potentially related incidents,10,1,True,https://www.greenocktelegraph.co.uk/news/national/24851182.two-men-shot-one-stabbed-potentially-related-incidents/
2025-01-22,Man admits crossbow murders of ex-partner and sister and fatally stabbing mother,3,1,True,https://www.enfieldindependent.co.uk/news/national/24875086.man-admits-crossbow-murders-ex-partner-sister-fatally-stabbing-mother/
2025-01-23,Man fought off Argos warehouse knife attacker with fire extinguisher,3,1,True,https://www.enfieldindependent.co.uk/news/national/24880434.man-fought-off-argos-warehouse-knife-attacker-fire-extinguisher/
2025-01-23,Five stabbed in attack at Sainsbury's and Argos parcel centre,2,2,True,https://metro.co.uk/2025/01/23/four-people-stabbed-incident-london-warehouse-22419699/
2025-01-24,Met Police officer convicted of rape after 'vile' attack,2,1,True,https://www.thetottenhamindependent.co.uk/news/24884190.met-police-officer-convicted-rape-vile-attack/
2025-01-26,Praise for brave police officer who tackled knife-wielding suspect alone,5,1,True,https://www.maldonandburnhamstandard.co.uk/news/national/24886448.praise-brave-police-officer-tackled-knife-wielding-suspect-alone/
2025-02-03,Bail for men arrested over 'violent disorder and attending Cambs hare coursing event',2,1,True,https://www.elystandard.co.uk/news/24904210.cambridgeshire-hare-coursing-arrests-lead-bail-conditions/
2025-02-04,Civil lawsuits filed against Neil Gaiman for sexual assault,5,1,True,https://www.lancashiretelegraph.co.uk/news/national/24907434.civil-lawsuits-filed-neil-gaiman-sexual-assault/
2025-02-04,BREAKING: Further arrests in connection with Cambs hare coursing and violent disorder,2,2,True,https://www.wisbechstandard.co.uk/news/24909715.hare-coursing-cambridgeshire-leads-three-arrests/
2025-02-04,Swedish police trying to work out motive of gunman who killed 10 at school campus - live updates,2,3,True,https://www.bbc.co.uk/news/live/c206q444zx3t
2025-02-10,Armed police called and high street closed off amid knife stand-off,5,1,True,https://www.lancashiretelegraph.co.uk/news/national/24924002.armed-police-called-high-street-closed-off-amid-knife-stand-off/
2025-02-11,The shocking number of knife-related crime in two years in London,2,1,True,https://www.enfieldindependent.co.uk/news/24909989.rise-london-knife-crime-2022-2024/
2025-02-12,BREAKING: Four further arrests in connection with hare coursing and violent disorder,2,1,True,https://www.elystandard.co.uk/news/24929955.cambridgeshire-hare-coursing-violent-disorder-arrests/
2025-02-12,Five stabbed and boy shot in horrific four days of violence across London,2,2,True,https://www.thetottenhamindependent.co.uk/news/24927343.five-stabbed-boy-shot-across-london-last-four-days/
2025-02-15,"Burglar banned from two Essex shops after stealing goods worth around 40,000",2,1,True,https://www.harwichandmanningtreestandard.co.uk/news/24938249.essex-bp-burglar-banned-shops-following-thefts/
2025-02-23,Watch - Brazen shoplifter piling goods into bag at Boots store in London,2,1,True,https://www.enfieldindependent.co.uk/news/24955902.brazen-shoplifter-piling-goods-bag-london-boots/
2025-02-24,FOUR more arrests in connection with Cambs hare coursing and violent disorder,2,1,True,https://www.elystandard.co.uk/news/24958553.arrests-connection-cambridgeshire-hare-coursing/
2025-02-27,20 arrests to date in connection with hare coursing and violent disorder in Cambs,2,1,True,https://www.wisbechstandard.co.uk/news/24967919.20-men-arrested-hare-coursing-cambridgeshire/
2025-02-28,"Man accused of stealing gold toilet used it day before raid, court told",4,1,True,https://www.harwichandmanningtreestandard.co.uk/news/national/24972675.man-accused-stealing-gold-toilet-used-day-raid-court-told/
2025-03-04,Boy shot dead and 12-year-old stabbed just HOURS apart in separate London incidents,1,1,True,https://www.thetottenhamindependent.co.uk/news/24981813.boy-shot-dead-12-year-old-stabbed-separate-london-attacks/
2025-03-05,CCTV shows movements of triple killer on day of his knife and crossbow attacks,3,1,True,https://www.dissexpress.co.uk/national/cctv-shows-movements-of-triple-killer-on-day-of-his-knife-and-crossbow-attacks-140895/
2025-03-05,"Boy, 16, shot dead and two others stabbed in HORROR 24 hours across London",2,2,True,https://www.enfieldindependent.co.uk/news/24985272.horror-24-hours-across-london-stabbings-shooting/
2025-03-05,Boy shot dead and 12-year-old stabbed just HOURS apart in separate London incidents,1,3,True,https://www.thetottenhamindependent.co.uk/news/24981813.boy-shot-dead-12-year-old-stabbed-separate-london-attacks/
2025-03-07,Boy shot dead and SIX stabbed with two fighting for life in grim three days in London,2,1,True,https://www.thetottenhamindependent.co.uk/news/24990451.grim-three-days-across-london-stabbings-shooting/
2025-03-08,Referrals to NHS sexual assault centres rise by almost 18 in two years,8,1,True,https://www.lancashiretelegraph.co.uk/news/national/24992114.referrals-nhs-sexual-assault-centres-rise-almost-18-two-years/
2025-03-11,Kyle Clifford facing life behind bars for crossbow and knife murders,8,1,True,https://www.chesterstandard.co.uk/news/national/24997180.kyle-clifford-facing-life-behind-bars-crossbow-knife-murders/
2025-03-11,Triple killer Kyle Clifford given whole-life order for crossbow and knife murders,3,2,True,https://www.thetottenhamindependent.co.uk/news/national/uk-today/24999273.kyle-clifford-given-whole-life-order-triple-murder/
2025-03-11,Triple killer handed whole-life order for crossbow and knife murders,2,3,True,https://www.wiltsglosstandard.co.uk/news/national/24999223.triple-killer-handed-whole-life-order-crossbow-knife-murders/
2025-03-12,Officers arrest over 260 people on suspicion of shoplifting across Essex this year,2,1,True,https://www.maldonandburnhamstandard.co.uk/news/25003820.260-people-arrested-shoplifting-essex-year/
2025-03-13,"Woman accusing Noel Clarke of sexual assault is a liar, says actors wife",6,1,True,https://www.dissexpress.co.uk/national/woman-accusing-noel-clarke-of-sexual-assault-is-a-liar-says-actor-s-wife-141722/
2025-03-15,Met officer fired after six colleagues reported him for sexual harassment,2,1,True,https://www.enfieldindependent.co.uk/news/25010749.met-police-officer-fired-sexual-harassment-allegations/
2025-03-19,Over 300 people arrested in Essex for 'for suspected shoplifting' in 2025 so far,2,1,True,https://www.harwichandmanningtreestandard.co.uk/news/25021293.300-people-arrested-essex-for-suspected-shoplifting/
2025-03-25,Headteacher of school stormed by knife gang during party reveals her shock,2,1,True,https://metro.co.uk/2025/03/25/headteacher-of-primary-school-stormed-by-knife-gang-during-party-reveals-her-shock-22787216/
2025-04-04,Russell Brand charged with rape and sexual assault,13,1,True,https://www.dissexpress.co.uk/national/russell-brand-charged-with-rape-and-sexual-assault-143561/
2025-04-04,Russell Brand breaks silence after rape and sexual assault charges,3,2,True,https://www.mirror.co.uk/3am/celebrity-news/breaking-russell-brand-breaks-silence-34997867
2025-04-04,"Russell Brand charged with rape, indecent assault and sexual assault",2,3,True,https://www.dailystar.co.uk/showbiz/breaking-russell-brand-charged-rape-34996030
2025-04-17,"Man, 30, caught with knife and bag of cocaine in alleyway",2,1,True,https://www.enfieldindependent.co.uk/news/25098467.palmers-green-man-caught-knife-bag-cocaine/
2025-04-24,Knife crime in England and Wales: Latest numbers and trends,2,1,True,https://www.lancashiretelegraph.co.uk/news/national/25112876.knife-crime-england-wales-latest-numbers-trends/
2025-04-29,"Man committed ferocious stab attack at Notting Hill Carnival, court told",5,1,True,https://www.westerntelegraph.co.uk/news/national/25124213.man-committed-ferocious-stab-attack-notting-hill-carnival-court-told/
2025-04-29,10th teenage boy admits to violent disorder in Southend last summer,2,2,True,https://www.greenocktelegraph.co.uk/news/national/25125192.10th-teenage-boy-admits-violent-disorder-seaside-town-last-summer/
2025-05-02,Russell Brands rape and sexual assault case set to be heard in court,8,1,True,https://www.wiltsglosstandard.co.uk/news/national/25132749.russell-brands-rape-sexual-assault-case-set-heard-court/
2025-05-02,Russell Brand arrives at court to face rape and sexual assault charges,2,2,True,https://www.walesonline.co.uk/news/uk-news/russell-brand-arrives-court-face-31556295
2025-05-08,"Mother saw gunman shoot son near Damilola Taylor centre, court told",8,1,True,https://www.lancashiretelegraph.co.uk/news/national/25148250.mother-saw-gunman-shoot-son-near-damilola-taylor-centre-court-told/
2025-05-13,Man arrested over 'arson attack' after fire at Keir Starmer's house in Kentish Town,2,1,True,https://www.enfieldindependent.co.uk/news/25157620.keir-starmers-kentish-town-house-fire-arrest-made/
2025-05-19,Greggs makes major change to stores in shoplifting hotspots,1,1,True,https://www.independent.co.uk/news/uk/home-news/greggs-shoplifting-sandwich-change-share-price-b2754169.html
2025-05-20,Greggs makes major change to stores in shoplifting hotspots,1,1,True,https://www.independent.co.uk/news/uk/home-news/greggs-shoplifting-sandwich-change-share-price-b2754169.html
2025-05-28,I joined Met police on a boot sale raid and was shocked by amount of stolen goods,2,1,True,https://www.enfieldindependent.co.uk/news/25192523.joined-met-police-boot-sale-raid-east-london/
2025-05-29,Comedian Russell Brand to enter pleas to rape and sexual assault charges,2,1,True,https://www.maldonandburnhamstandard.co.uk/news/national/25201678.comedian-russell-brand-enter-pleas-rape-sexual-assault-charges/
2025-05-30,Comedian Russell Brand to enter pleas to rape and sexual assault charges,7,1,True,https://www.maldonandburnhamstandard.co.uk/news/national/25201678.comedian-russell-brand-enter-pleas-rape-sexual-assault-charges/
2025-05-30,Comedian Russell Brand pleads not guilty to rape and sexual assault charges,4,2,True,https://www.thetottenhamindependent.co.uk/news/national/uk-today/25202323.russell-brands-pleads-not-guilty-sexual-assault-charges/
2025-05-30,Russell Brand set to enter pleas to rape and sexual assault charges,3,3,True,https://www.wiltsglosstandard.co.uk/news/national/uk-today/25201762.russell-brand-respond-rape-sexual-assault-charges/
2025-06-02,Man who burned Koran guilty of religiously aggravated public order offence,5,1,True,https://www.dissexpress.co.uk/national/man-who-burned-koran-guilty-of-religiously-aggravated-public-order-offence-147633/
2025-06-05,"Gang followed and stabbed Greek tourist after botched bag robbery, court hears",3,1,True,https://www.standard.co.uk/news/crime/new-cross-london-greek-cctv-uber-b1231433.html
2025-06-13,Man arrested at tube station in Hornsey over reports of knife,2,1,True,https://www.enfieldindependent.co.uk/news/25238055.turnpike-lane-station-knife-incident-man-arrested/
2025-07-04,Ex-Arsenal player charged with rape and sexual assault of three women,2,1,True,https://www.enfieldindependent.co.uk/news/25290517.thomas-partey-ex-arsenal-player-charged-rape/
2025-07-08,Essex Police have smashed 87 drug lines and seized 72 weapons already in 2025,2,1,True,https://www.harwichandmanningtreestandard.co.uk/news/25298747.essex-police-dismantled-87-drug-lines-far-2025/
2025-07-08,NINE stabbed and one shot in horror weekend of violence across London,2,2,True,https://www.enfieldindependent.co.uk/news/25298540.horror-weekend-across-london-stabbings-shootings/
2025-07-10,Police release CCTV after man shot in Tottenham with gun used in four shootings,2,1,True,https://www.thetottenhamindependent.co.uk/news/25304758.tottenham-green-east-shooting-police-release-cctv/
2025-07-13,Man arrested for alleged sexual assault 'on set of EastEnders',6,1,True,https://www.enfieldindependent.co.uk/news/national/uk-today/25310401.man-arrested-alleged-sexual-assault-eastenders-set/
2025-07-13,Man arrested on suspicion of sexual assault on set of EastEnders,2,2,True,https://www.enfieldindependent.co.uk/news/25310228.eastenders-man-arrested-alleged-assault-set/
2025-07-14,Man arrested for alleged sexual assault 'on set of EastEnders',1,1,True,https://www.enfieldindependent.co.uk/news/national/uk-today/25310401.man-arrested-alleged-sexual-assault-eastenders-set/
2025-07-15,Drug dealer was shot dead after serving sentence over dismembering of body,4,1,True,https://www.lancashiretelegraph.co.uk/news/national/25315994.drug-dealer-shot-dead-serving-sentence-dismembering-body/
2025-07-17,"Notting Hill Carnival not the cause of knife crime, event boss says",5,1,True,https://www.lancashiretelegraph.co.uk/news/national/25322857.notting-hill-carnival-not-cause-knife-crime-event-boss-says/
2025-07-17,Notting Hill Carnival boss  We cant ignore impact of knife crime on our event,2,2,True,https://www.dissexpress.co.uk/national/notting-hill-carnival-boss-we-can-t-ignore-impact-of-knife-crime-on-our-event-151076/
2025-07-20,"Five of the UKs 'most dangerous driving test centres' are in London, study reveals",2,1,True,https://www.enfieldindependent.co.uk/news/25314961.wood-green-named-uks-most-dangerous-driving-test-centre/
2025-07-22,Jury out in trial of ex-Tesco worker from Essex accused of planning gun attack,2,1,True,https://www.maldonandburnhamstandard.co.uk/news/25333014.trial-ex-tesco-worker-accused-planning-gun-attack/
2025-07-24,Gunman convicted of murdering young man near Damilola Taylor Centre,4,1,True,https://www.lancashiretelegraph.co.uk/news/national/25338903.gunman-convicted-murdering-young-man-near-damilola-taylor-centre/
2025-07-24,Wild moment The Bill legend helps real-life police and tackles shoplifter,1,2,True,https://www.mirror.co.uk/news/uk-news/shocking-moment-bill-legend-reg-35613925
2025-07-25,"Knife crime is not just statistics, its caskets  mother of murdered boy, 14",5,1,True,https://www.standard.co.uk/news/crime/marie-old-bailey-government-woolwich-people-b1240104.html
2025-07-25,Top Boy actor Micheal Ward charged with rape and sexual assault,5,2,True,https://metro.co.uk/2025/07/25/top-boy-actor-micheal-ward-charged-rape-sexual-assault-23753117/
2025-07-25,Wild moment The Bill legend helps real-life police and tackles shoplifter,1,3,True,https://www.mirror.co.uk/news/uk-news/shocking-moment-bill-legend-reg-35613925
2025-07-31,Grim three days across London after FOUR stabbed and person shot,2,1,True,https://www.thetottenhamindependent.co.uk/news/25357091.grim-three-days-london-four-stabbed-person-shot/
2025-07-31,Man repeatedly stabbed and racially abused victim at Victoria station,2,2,True,https://www.thetottenhamindependent.co.uk/news/25354840.victoria-station-man-stabbed-racially-abused-man/
2025-08-01,'Knife-wielding teens murdered my son - I don't want his death to be in vain',2,1,True,https://www.enfieldindependent.co.uk/news/25356421.charlie-bartolo-abbey-wood-stab-victims-family-speak/
2025-08-04,'Knife crime is a vortex - and it's pulling young people in',2,1,True,https://www.thetottenhamindependent.co.uk/news/25339519.ben-kinsella-trust-we-cannot-sit-accept-knife-crime/
2025-08-05,What one London school is doing to help protect pupils from knife crime,2,1,True,https://www.enfieldindependent.co.uk/news/25351149.barking-abbey-school-headteacher-speaks-knife-crime/
2025-08-06,Purple pavement markings part of Mind the Grab campaign to tackle phone theft,4,1,True,https://www.dissexpress.co.uk/national/purple-pavement-markings-part-of-mind-the-grab-campaign-to-tackle-phone-theft-152318/
2025-08-06,'Stop and search is vitally important in saving lives from knife crime',2,2,True,https://www.thetottenhamindependent.co.uk/news/25354177.met-police-detective-stop-search-saves-lives-knife-crime/
2025-08-07,Self-confessed robber admits picking up gunman who shot girl in head,5,1,True,https://www.enfieldindependent.co.uk/news/national/25373028.self-confessed-robber-admits-picking-gunman-shot-girl-head/
2025-08-07,Police search for 'shirtless man' after sexual assault on Jubilee line,2,2,True,https://www.enfieldindependent.co.uk/news/25372883.jubilee-line-near-london-bridge-woman-sexually-assaulted/
2025-08-11,Suspended Labour councillor on trial over inciting violent disorder at protest,10,1,True,https://www.lancashiretelegraph.co.uk/news/national/25379159.suspended-labour-councillor-trial-inciting-violent-disorder-protest/
2025-08-13,Migrant residing at Epping asylum seeker hotel is charged with sexual assault,9,1,True,https://www.harwichandmanningtreestandard.co.uk/news/national/25388120.migrant-residing-epping-asylum-seeker-hotel-charged-sexual-assault/
2025-08-13,Migrant residing at Essex asylum seeker hotel is charged with sexual assault,2,2,True,https://www.harwichandmanningtreestandard.co.uk/news/25388238.essex-migrant-epping-hotel-charged-sexual-assault/
2025-08-14,Young people's involvement in London knife crime revealed in FOI data,2,1,True,https://www.enfieldindependent.co.uk/news/25335347.many-young-people-injured-knives-london/
2025-08-21,Two murder investigations launched days apart in London after stabbing and assault,1,1,True,https://www.thetottenhamindependent.co.uk/news/25407747.wembley-romford-murders-happen-days-apart-london/
2025-08-22,Two murder investigations launched days apart in London after stabbing and assault,1,1,True,https://www.thetottenhamindependent.co.uk/news/25407747.wembley-romford-murders-happen-days-apart-london/
2025-08-23,Three in life-threatening condition after suspected arson attack on restaurant,9,1,True,https://www.lancashiretelegraph.co.uk/news/national/25412726.three-life-threatening-condition-suspected-arson-attack-restaurant/
2025-08-23,Men putting up St George's flags are 'attacked with firebomb',1,2,True,https://www.dailymail.co.uk/news/article-15027977/Group-men-putting-St-Georges-flags-attacked-firebomb.html
2025-08-24,Men putting up St George's flags are 'attacked with firebomb',1,1,True,https://www.dailymail.co.uk/news/article-15027977/Group-men-putting-St-Georges-flags-attacked-firebomb.html
2025-08-25,Black cab rapist John Worboys investigated over alleged 1990s sex attack,7,1,True,https://www.thetottenhamindependent.co.uk/news/national/25414337.black-cab-rapist-john-worboys-investigated-alleged-1990s-sex-attack/
2025-08-26,Man denies violent disorder after protest outside Epping migrant hotel,5,1,True,https://www.lancashiretelegraph.co.uk/news/national/25416642.man-denies-violent-disorder-protest-outside-epping-migrant-hotel/
2025-09-03,"Porsche driver killed in knife fight in central London Wild West scenes, court told",2,1,True,https://www.enfieldindependent.co.uk/news/25439720.edgware-road-fatal-stabbing-like-wild-west-court-told/
2025-09-08,Suspect accused of violent sex attack seven months before alleged murder,4,1,True,https://www.standard.co.uk/news/crime/london-tottenham-haringey-old-bailey-b1246551.html
2025-09-17,Dogwalker hero bravely confronts gunman firing shots at woman in London park,1,1,True,https://metro.co.uk/2025/09/17/man-killed-deeply-distressing-double-shooting-east-london-park-24193536/
2025-09-18,"Police have made more than 2,800 shoplifting arrests across Essex in past two years",2,1,True,https://www.harwichandmanningtreestandard.co.uk/news/25478723.essex-police-2-800-shop-theft-arrests-2-years/
2025-09-18,Dogwalker hero bravely confronts gunman firing shots at woman in London park,1,2,True,https://metro.co.uk/2025/09/17/man-killed-deeply-distressing-double-shooting-east-london-park-24193536/
2025-09-22,Seven men face trial accused of violent disorder outside asylum seeker hotel,3,1,True,https://www.thetottenhamindependent.co.uk/news/national/25485325.seven-men-face-trial-accused-violent-disorder-outside-asylum-seeker-hotel/
2025-09-25,"Arrest made after boy, 16, 'assaulted with a knife' in west London",2,1,True,https://www.enfieldindependent.co.uk/news/25495168.paddington-green-knife-incident-boy-17-arrested/
2025-09-25,Man fights for his life and seven injured after shooting and stabbings across London,2,2,True,https://www.thetottenhamindependent.co.uk/news/25496022.eight-people-injured-london-shooting-stabbings/
2025-09-29,"Gunman shot girl, eight, and father disguised as Deliveroo rider, court told",3,1,True,https://www.lancashiretelegraph.co.uk/news/national/25503103.gunman-shot-girl-eight-father-disguised-deliveroo-rider-court-told/
2025-10-01,Mum of four stabbed to death by husband in brutal west London knife attack,2,1,True,https://www.enfieldindependent.co.uk/news/25510589.ealing-mum-stabbed-death-husband-man-jailed-life/
2025-10-03,Manchester synagogue attack victims were shot by police as they hid from killer,2,1,True,https://www.independent.co.uk/news/uk/crime/manchester-synagogue-stabbing-jihad-al-shamie-terror-attack-latest-b2838478.html
2025-10-04,Driver charged with 'dangerous driving' after crash kills teen released from Dubai,2,1,True,https://www.enfieldindependent.co.uk/news/25517714.tottenhams-marcus-fakana-fatal-crash-teenager-charged/
2025-10-06,Cowardly killers jailed for killing boy aged 15 amid epidemic of knife crime,6,1,True,https://www.greenocktelegraph.co.uk/news/national/25520637.cowardly-killers-jailed-killing-boy-aged-15-amid-epidemic-knife-crime/
2025-10-06,Police disrupt smuggling ring in largest-ever phone theft crackdown,4,2,True,https://www.wiltsglosstandard.co.uk/news/national/25522323.police-disrupt-smuggling-ring-largest-ever-phone-theft-crackdown/
2025-10-06,Imam in hospital after being stabbed in unprovoked west London attack,2,3,True,https://www.enfieldindependent.co.uk/news/25519998.hounslow-al-furqan-imam-stabbed-unprovoked-attack/
2025-10-07,Stalker found guilty of targeting Myleene Klass by posting air gun and handcuffs,6,1,True,https://www.wiltsglosstandard.co.uk/news/national/25523744.stalker-found-guilty-targeting-myleene-klass-posting-air-gun-handcuffs/
2025-10-07,Police bust gang behind smuggling of tens of thousands of phones stolen in London,1,2,True,https://www.standard.co.uk/news/crime/met-police-phone-theft-gang-crackdown-china-london-crime-b1251569.html
2025-10-07,Two arrested over cyber attack which stole thousands of nursery childrens data,1,3,True,https://www.lancashiretelegraph.co.uk/news/national/25525470.two-arrested-cyber-attack-stole-thousands-nursery-childrens-data/
2025-10-08,Two arrested over cyber attack which stole thousands of nursery childrens data,4,1,True,https://www.lancashiretelegraph.co.uk/news/national/25525470.two-arrested-cyber-attack-stole-thousands-nursery-childrens-data/
2025-10-09,Ex-Radio 1 DJ Tim Westwood charged with rape and sexual assault,9,1,True,https://www.lancashiretelegraph.co.uk/news/national/25531012.ex-radio-1-dj-tim-westwood-charged-rape-sexual-assault/
2025-10-17,"Man stole 5,000 worth of artwork during raid of artist Damien Hirsts studio",2,1,True,https://metro.co.uk/2025/10/17/man-stole-400000-worth-of-artwork-during-raid-of-artist-damien-hirsts-studio-24455891/
2025-10-24,Netflix star and rapper Ghetts charged with death by dangerous driving,1,1,True,https://metro.co.uk/2025/10/24/rapper-ghetts-charged-fatal-hit-and-run-24513174/
2025-10-27,Rapper Ghetts appears in court charged with death by dangerous driving,6,1,True,https://www.greenocktelegraph.co.uk/news/national/25574384.rapper-ghetts-appears-court-charged-death-dangerous-driving/
2025-10-27,Netflix star and rapper Ghetts charged with death by dangerous driving,1,2,True,https://metro.co.uk/2025/10/24/rapper-ghetts-charged-fatal-hit-and-run-24513174/
2025-10-28,Two people die as SEVEN stabbed or shot across London in just SIX hours,2,1,True,https://www.enfieldindependent.co.uk/news/25579102.two-dead-seven-london-stabbing-shootings-one-day/
2025-10-29,Youth guilty of murdering 16-year-old in knife attack at New Years Eve fireworks,5,1,True,https://www.dissexpress.co.uk/national/youth-guilty-of-murdering-16-year-old-in-knife-attack-at-new-year-s-eve-fireworks-157947/
2025-10-30,Man due in court to face murder charge after Uxbridge stabbing attack,10,1,True,https://www.greenocktelegraph.co.uk/news/national/25582459.man-due-court-face-murder-charge-uxbridge-stabbing-attack/
2025-11-01,Mass train stabbing suspect pictured for first time after horror attack,2,1,True,https://www.mirror.co.uk/news/uk-news/breaking-huntingdon-stabbings-updates-multiple-36175235
2025-11-02,Heroic rail worker saved peoples lives trying to stop knife attack,10,1,True,https://www.dissexpress.co.uk/national/heroic-rail-worker-saved-people-s-lives-trying-to-stop-knife-attack-158168/
2025-11-02,Two arrested as man with large knife seen after mass stabbing on train,10,2,True,https://www.dissexpress.co.uk/national/two-arrested-as-man-with-large-knife-seen-after-mass-stabbing-on-train-158148/
2025-11-02,Nine Seriously Injured in Huntingdon Train Knife Attack as Police Praise Bravery of Passengers  NATIONAL NEWS,3,3,True,https://bromsgrovestandard.co.uk/news/nine-seriously-injured-in-huntingdon-train-knife-attack-as-police-praise-bravery-of-passengers-national-news-58795/
2025-11-03,Train hero fights for life as knife attack suspect remains in police custody,11,1,True,https://www.lancashiretelegraph.co.uk/news/national/25590349.train-hero-fights-life-knife-attack-suspect-remains-police-custody/
2025-11-03,Boy stabbed and knifeman seen twice at barbers in 24 hours before train attack,9,2,True,https://www.harwichandmanningtreestandard.co.uk/news/national/25592245.boy-stabbed-knifeman-seen-twice-barbers-24-hours-train-attack/
2025-11-03,Afghan refugee facing trial over dog walkers death during knife rampage,4,3,True,https://www.lancashiretelegraph.co.uk/news/national/25591190.afghan-refugee-facing-trial-dog-walkers-death-knife-rampage/
2025-11-04,Nine Seriously Injured in Huntingdon Train Knife Attack as Police Praise Bravery of Passengers  NATIONAL NEWS,1,1,True,https://bromsgrovestandard.co.uk/news/nine-seriously-injured-in-huntingdon-train-knife-attack-as-police-praise-bravery-of-passengers-national-news-58795/
2025-11-06,Deliveroo disguise gunman guilty of shooting girl during spree,7,1,True,https://www.chesterstandard.co.uk/news/national/25602362.deliveroo-disguise-gunman-guilty-shooting-girl-spree/
2025-11-06,Police reviewing whether September attack is connected to mass train stabbing,2,2,True,https://www.wisbechstandard.co.uk/news/25600385.police-reviewing-september-attack-events-stabbing/
2025-11-08,Police update into investigation after man robbed and stabbed to leg in Enfield park,2,1,True,https://www.thetottenhamindependent.co.uk/news/25606846.enfield-playing-fields-stabbing-police-share-update/
2025-11-09,Seven injured across London after horrific stabbings and shooting in one week,2,1,True,https://www.thetottenhamindependent.co.uk/news/25607920.seven-injured-london-stabbings-shootings-one-week/
2025-11-11,American couple accused of racist assault in Bond Street 'no longer in UK',1,1,True,https://metro.co.uk/2025/11/11/trump-supporter-businessman-couple-shouted-racist-abuse-london-24675494/
2025-11-14,Man jailed for life after stabbing teenager three times in 'horrific' attack,2,1,True,https://www.enfieldindependent.co.uk/news/25623909.westminster-man-given-life-sentence-killing-teenager/
2025-11-17,American couple accused of racist assault in Bond Street 'no longer in UK',1,1,True,https://metro.co.uk/2025/11/11/trump-supporter-businessman-couple-shouted-racist-abuse-london-24675494/
2025-11-18,Man stabbed during attempted robbery next to canal in west London,2,1,True,https://www.enfieldindependent.co.uk/news/25631432.westbourne-park-stabbing-attempted-robbery-canal/
2025-11-18,Two shot and two stabbed in shocking four days across London,2,2,True,https://www.enfieldindependent.co.uk/news/25630745.london-crime-sees-two-shot-two-stabbed-days/
2025-11-20,Man who died after Enfield robbery and assault named and pictured for first time,2,1,True,https://www.enfieldindependent.co.uk/news/25638041.high-street-enfield-man-76-dies-assault-robbery/
2025-11-27,Police investigating attack on officers with hunting knife as attempted murder,4,1,True,https://www.harwichandmanningtreestandard.co.uk/news/national/25655526.police-investigating-attack-officers-hunting-knife-attempted-murder/
2025-12-08,Ex-Radio One DJ Tim Westwood denies rape and sexual assault charges,3,1,True,https://www.standard.co.uk/news/crime/tim-westwood-southwark-crown-court-london-stroud-gloucestershire-b1261607.html
2025-12-14,British-born rabbi among 16 dead after gun attack on Bondi Beach,16,1,True,https://www.greenocktelegraph.co.uk/news/national/25696783.british-born-rabbi-among-least-12-killed-gun-attack-bondi-beach/
2025-12-14,At least 12 dead in antisemitic terrorist attack at Bondi Beach  police,10,2,True,https://www.dissexpress.co.uk/national/at-least-12-dead-in-antisemitic-terrorist-attack-at-bondi-beach-police-160131/
2025-12-14,Father and son gunmen killed 16 including girl and rabbi in Bondi Beach attack,9,3,True,https://www.independent.co.uk/news/uk/home-news/jewish-bondi-beach-sydney-british-charles-b2884324.html
2025-12-15,"Injured Bondi gunman likely to survive, police say",11,1,True,https://www.thetottenhamindependent.co.uk/news/national/25697052.injured-bondi-gunman-likely-survive-injuries-police-say/
2025-12-15,What we know so far about the Bondi Beach attack and the father and son gunmen,5,2,True,https://www.dissexpress.co.uk/national/what-we-know-so-far-about-the-bondi-beach-attack-and-the-father-and-son-gunmen-160174/
2025-12-15,Bondi Beach shooting: Everything we know after 15 killed in Australia terror attack,2,3,True,https://www.independent.co.uk/news/world/australasia/bondi-beach-shooting-killed-attack-b2884161.html
2025-12-19,Australia unveils national gun buyback scheme in wake of Bondi terror attack,10,1,True,https://www.dissexpress.co.uk/national/australia-unveils-national-gun-buyback-scheme-in-wake-of-bondi-terror-attack-160366/
2025-12-20,Two men dead after separate shooting and stabbing across London in just SEVEN minutes,2,1,True,https://www.thetottenhamindependent.co.uk/news/25714492.two-men-dead-london-shooting-stabbing-minutes-apart/
2025-12-23,Russell Brand charged with two further offences of rape and sexual assault,3,1,True,https://www.lancashiretelegraph.co.uk/news/national/uk-today/25721518.russell-brand-charged-rape-sexual-assault-offences/
2025-12-25,The London borough with the most knife-crime in 2025 including triple stabbing,2,1,True,https://www.thetottenhamindependent.co.uk/news/25723725.newham-london-borough-knife-crime-offences-2025/
2026-01-05,Man in court charged with death by dangerous driving after student killed,6,1,True,https://www.enfieldindependent.co.uk/news/national/25739405.man-court-charged-death-dangerous-driving-student-killed/
2026-01-15,"Fare dodgers, shoplifting and phone theft: Readers debate safety in London",2,1,True,https://metro.co.uk/2026/01/15/murder-may-rest-26288434/
2026-01-22,Ex-wife among group of Londoners on trial after drug dealer killed in acid attack,1,1,True,https://www.enfieldindependent.co.uk/news/25789613.londoners-trial-drug-dealer-killed-acid-attack/
2026-01-23,Ex-wife among group of Londoners on trial after drug dealer killed in acid attack,1,1,True,https://www.enfieldindependent.co.uk/news/25789613.londoners-trial-drug-dealer-killed-acid-attack/
2026-01-27,Former Labour MP charged with sexual assault,2,1,True,https://www.independent.co.uk/news/uk/crime/conor-mcginn-sexual-assault-labour-mp-st-helens-north-b2908593.html
2026-01-27,"Two stabbed, one shot and woman found dead in horror 24 hours in London",2,2,True,https://www.thetottenhamindependent.co.uk/news/25802558.horror-24-hours-london-stabbings-shooting/
2026-01-27,sarah ferguson bursting tears knife edge over latest andrew twist,1,3,True,https://www.express.co.uk/news/uk/2163427/sarah-ferguson-bursting-tears-knife-edge-over-latest-andrew-twist
2026-01-28,sarah ferguson bursting tears knife edge over latest andrew twist,1,1,True,https://www.express.co.uk/news/uk/2163427/sarah-ferguson-bursting-tears-knife-edge-over-latest-andrew-twist
2026-01-29,Homicides at lowest level for more than 40 years as knife crime falls,9,1,True,https://www.chesterstandard.co.uk/news/national/25807162.homicides-lowest-level-40-years-knife-crime-falls/
2026-01-29,Lorry driver ran gun converting workshop from caravan and planned for race war,4,2,True,https://www.chesterstandard.co.uk/news/national/25809174.lorry-driver-ran-gun-converting-workshop-caravan-planned-race-war/
2026-02-06,Teenage gunman in Just Eat disguise guilty of shooting boy,10,1,True,https://www.enfieldindependent.co.uk/news/national/25833536.teenage-gunman-just-eat-disguise-guilty-shooting-boy/
2026-02-09,"Knife attack on uniformed Army officer vicious and deliberate, court told",5,1,True,https://www.wiltsglosstandard.co.uk/news/national/25838067.knife-attack-uniformed-army-officer-vicious-deliberate-court-told/
2026-02-10,Male celebrity arrested on suspicion of attempted rape and sexual assault,2,1,True,https://www.mirror.co.uk/3am/celebrity-news/breaking-male-celebrity-50s-arrested-36701134
2026-02-12,Lorry driver who ran gun workshop and hoarded weapons for race war jailed,8,1,True,https://www.maldonandburnhamstandard.co.uk/news/national/25850933.lorry-driver-ran-gun-workshop-hoarded-weapons-race-war-jailed/
2026-02-13,'Dangerous driving' arrest after two women killed in crash on A10,2,1,True,https://www.wisbechstandard.co.uk/news/25852241.two-women-killed-crash-a10-ely-littleport/
2026-02-17,Man charged with dangerous driving after car flips and bursts into flames in Enfield,2,1,True,https://www.thetottenhamindependent.co.uk/news/25862157.whitewebbs-road-enfield-crash-fire---man-18-charged/
2026-02-24,Russell Brand pleads not guilty to rape and sexual assault charges,2,1,True,https://www.theguardian.com/uk-news/2025/may/30/russell-brand-pleads-not-guilty-to-rape-and-sexual-assault-charges
2026-02-26,"Moment London police raid house in operation against 300,000 phone snatch gang",1,1,True,https://www.standard.co.uk/news/uk/city-of-london-police-mark-rowley-london-press-association-b1272664.html
2026-02-27,"Moment London police raid house in operation against 300,000 phone snatch gang",1,1,True,https://www.standard.co.uk/news/uk/city-of-london-police-mark-rowley-london-press-association-b1272664.html
