borough,quarter,date,Good_job_residual,Trust_MPS_residual,Fair_treatment_residual
Barking and Dagenham,Q1_1516,2015-04-01 00:00:00,-0.06742631534961019,,-0.02933439005022831
Barking and Dagenham,Q1_1617,2016-04-01 00:00:00,0.03628697983708551,-0.022902959021420255,-0.0018974683227862554
Barking and Dagenham,Q1_1718,2017-04-01 00:00:00,0.15842471758753818,0.1152509891974356,0.13420579644485997
Barking and Dagenham,Q1_1819,2018-04-01 00:00:00,0.05555507579695196,0.03904753938956451,0.10895886657800047
Barking and Dagenham,Q1_1920,2019-04-01 00:00:00,0.065540353728471,0.03350110147388807,0.041183810590043946
Barking and Dagenham,Q1_2021,2020-04-01 00:00:00,0.07700332193195403,0.059745625812956726,0.029549313928746934
Barking and Dagenham,Q1_2122,2021-04-01 00:00:00,-0.04795466707495688,0.01699620525591594,-0.06431808517827409
Barking and Dagenham,Q1_2223,2022-04-01 00:00:00,-0.04439988110722459,-0.04129030988666704,-0.02286880531735136
Barking and Dagenham,Q1_2324,2023-04-01 00:00:00,0.006836154849977905,-0.06623385498214118,-0.050133929502390595
Barking and Dagenham,Q1_2425,2024-04-01 00:00:00,-0.08295163497222263,-0.050592223463274855,-0.08227835796660499
Barking and Dagenham,Q1_2526,2025-04-01 00:00:00,-0.061326687001851676,-0.010168523913987815,-0.023461905479324585
Barking and Dagenham,Q2_1516,2015-07-01 00:00:00,-0.06713008318563252,,-0.02921361672848477
Barking and Dagenham,Q2_1617,2016-07-01 00:00:00,0.0903025713932275,-0.01096735575656027,-0.00026031885026234214
Barking and Dagenham,Q2_1718,2017-07-01 00:00:00,0.13339483500538596,0.10764669487771317,0.15623210439855761
Barking and Dagenham,Q2_1819,2018-07-01 00:00:00,0.05601588138536173,0.01926965779700751,0.08914673618960156
Barking and Dagenham,Q2_1920,2019-07-01 00:00:00,0.06066898036528234,0.05115299259520545,0.06919776041026082
Barking and Dagenham,Q2_2021,2020-07-01 00:00:00,0.0786940992720978,0.0602010565633071,0.00839260493197036
Barking and Dagenham,Q2_2122,2021-07-01 00:00:00,-0.07535440696893053,-0.02175041230208452,-0.063257963798525
Barking and Dagenham,Q2_2223,2022-07-01 00:00:00,-0.01729637337722867,-0.022686482733451308,-0.014049700018844091
Barking and Dagenham,Q2_2324,2023-07-01 00:00:00,-0.007041713761150037,-0.08328285328325635,-0.07763794751969022
Barking and Dagenham,Q2_2425,2024-07-01 00:00:00,-0.08153023931663855,-0.03508686007879602,-0.0476218754504919
Barking and Dagenham,Q2_2526,2025-07-01 00:00:00,-0.04162898337129778,-0.015134456880390945,-0.02766213322440647
Barking and Dagenham,Q3_1516,2015-10-01 00:00:00,-0.024996692873484383,,-0.032420819383675026
Barking and Dagenham,Q3_1617,2016-10-01 00:00:00,0.07470707496253792,0.006335492153061062,0.027458407294581266
Barking and Dagenham,Q3_1718,2017-10-01 00:00:00,0.06739829815059095,0.0899360130193364,0.12971034502440493
Barking and Dagenham,Q3_1819,2018-10-01 00:00:00,0.08029479042059495,0.03133218586612063,0.08089123972589773
Barking and Dagenham,Q3_1920,2019-10-01 00:00:00,0.041788079651420396,0.05169242301328114,0.03965401518129208
Barking and Dagenham,Q3_2021,2020-10-01 00:00:00,0.005363651893102062,0.04377548834799305,-0.03704219454649027
Barking and Dagenham,Q3_2122,2021-10-01 00:00:00,-0.019402913209958905,-0.013701881167476171,-0.02490853252902059
Barking and Dagenham,Q3_2223,2022-10-01 00:00:00,-0.04037822534561425,-0.054531564060188664,-0.02715220142148922
Barking and Dagenham,Q3_2324,2023-10-01 00:00:00,-0.035749383187567485,-0.08194079950846422,-0.09341899489418315
Barking and Dagenham,Q3_2425,2024-10-01 00:00:00,-0.06544102261265289,-0.03215172398044275,-0.03513931272576298
Barking and Dagenham,Q3_2526,2025-10-01 00:00:00,-0.05732322385664662,-0.02787920577236458,-0.029983664853477254
Barking and Dagenham,Q4_1415,2015-01-01 00:00:00,-0.11325221457450474,,-0.05170959871118519
Barking and Dagenham,Q4_1516,2016-01-01 00:00:00,-0.0001911488800685479,-0.04120533976453489,-0.020461607719834962
Barking and Dagenham,Q4_1617,2017-01-01 00:00:00,0.053522146306627216,0.01576433053392201,0.046975314007607016
Barking and Dagenham,Q4_1718,2018-01-01 00:00:00,0.05127616676171887,0.05698501132045142,0.10721436304170451
Barking and Dagenham,Q4_1819,2019-01-01 00:00:00,0.0706629161598139,0.03632985003358702,0.06511830598692259
Barking and Dagenham,Q4_1920,2020-01-01 00:00:00,0.06122853000835138,0.061422707804243304,0.03942588779577649
Barking and Dagenham,Q4_2021,2021-01-01 00:00:00,-0.04106077586521628,0.005858553682705048,-0.053738404274272455
Barking and Dagenham,Q4_2122,2022-01-01 00:00:00,-0.06127905024848418,-0.0246062203977796,-0.02567343023339652
Barking and Dagenham,Q4_2223,2023-01-01 00:00:00,-0.028244835033466087,-0.07832344258725044,-0.05035940407667938
Barking and Dagenham,Q4_2324,2024-01-01 00:00:00,-0.020180737236295876,-0.044436370456998775,-0.06707168587366008
Barking and Dagenham,Q4_2425,2025-01-01 00:00:00,-0.11792175239007041,-0.05298792914355244,-0.0643046659203026
Barking and Dagenham,Q4_2526,2026-01-01 00:00:00,-0.10550166466733735,-0.0703831495966265,-0.025933856959145962
Barnet,Q1_1516,2015-04-01 00:00:00,0.004974247732482118,,-0.02362370086232657
Barnet,Q1_1617,2016-04-01 00:00:00,0.017104709330649004,0.005506124157891978,0.01814780019100326
Barnet,Q1_1718,2017-04-01 00:00:00,0.14740028610589118,0.08381376736868962,0.13154461900930658
Barnet,Q1_1819,2018-04-01 00:00:00,0.1341939258874586,0.04776330469847623,0.05719360138915608
Barnet,Q1_1920,2019-04-01 00:00:00,0.07556135385530016,0.1043718507130097,0.0666457363800006
Barnet,Q1_2021,2020-04-01 00:00:00,0.02224868159305382,0.06500525977133653,0.06894590172793202
Barnet,Q1_2122,2021-04-01 00:00:00,-0.032453949220320855,-0.010287910434852665,-1.907177868143428e-05
Barnet,Q1_2223,2022-04-01 00:00:00,-0.061705813922849906,-0.05566655666686482,-0.017712093835450027
Barnet,Q1_2324,2023-04-01 00:00:00,-0.06677446574807189,-0.07279967759633987,-0.04361162636235749
Barnet,Q1_2425,2024-04-01 00:00:00,-0.0776534673864765,-0.10331069229471135,-0.1343425253983469
Barnet,Q1_2526,2025-04-01 00:00:00,-0.05255823755030109,-0.040348539297371366,-0.07010578861345973
Barnet,Q2_1516,2015-07-01 00:00:00,0.004929552733919151,,-0.03366086522008882
Barnet,Q2_1617,2016-07-01 00:00:00,0.008475355953245889,-0.0036970393632913545,0.0492875071623764
Barnet,Q2_1718,2017-07-01 00:00:00,0.14608923281471164,0.08305157595416934,0.09045446451494965
Barnet,Q2_1819,2018-07-01 00:00:00,0.14927747604553487,0.06490508689402541,0.06310552203531772
Barnet,Q2_1920,2019-07-01 00:00:00,0.04812386710624217,0.09586158847775372,0.07877649289169819
Barnet,Q2_2021,2020-07-01 00:00:00,0.05461107920737929,0.07800582014855084,0.06754046872826969
Barnet,Q2_2122,2021-07-01 00:00:00,-0.06110988060867728,-0.03532010602390101,-0.007216569065287781
Barnet,Q2_2223,2022-07-01 00:00:00,-0.061005592278697174,-0.06525947716138236,-0.017129852230509446
Barnet,Q2_2324,2023-07-01 00:00:00,-0.07568688744970697,-0.08216740517293097,-0.05270729365681148
Barnet,Q2_2425,2024-07-01 00:00:00,-0.10026389429073673,-0.10901470432196103,-0.14819801824833523
Barnet,Q2_2526,2025-07-01 00:00:00,-0.07017450429361083,-0.008962736725516285,-0.048123689532810876
Barnet,Q3_1516,2015-10-01 00:00:00,-0.014251038959093631,,0.007020481338884221
Barnet,Q3_1617,2016-10-01 00:00:00,0.005302011055277056,0.014458110962926707,0.0366488377612626
Barnet,Q3_1718,2017-10-01 00:00:00,0.1683984744071303,0.04439407219565383,0.0723746229993284
Barnet,Q3_1819,2018-10-01 00:00:00,0.10808239076243453,0.10002389514381471,0.06042690051446464
Barnet,Q3_1920,2019-10-01 00:00:00,0.07166967032556892,0.107922969803388,0.12172486527416337
Barnet,Q3_2021,2020-10-01 00:00:00,-0.0196796406546631,0.03551137551921191,0.01397269038310156
Barnet,Q3_2122,2021-10-01 00:00:00,-0.03212296724277064,-0.02590907211693938,0.0119410388254364
Barnet,Q3_2223,2022-10-01 00:00:00,-0.06154193226145244,-0.045571282740049734,-0.007575824523655461
Barnet,Q3_2324,2023-10-01 00:00:00,-0.05432267813662062,-0.08974714962268093,-0.10494273064649551
Barnet,Q3_2425,2024-10-01 00:00:00,-0.0824986442188837,-0.10031389423307502,-0.06005623613644351
Barnet,Q3_2526,2025-10-01 00:00:00,-0.09439073249138169,-0.021413875024484774,-0.10162952728170871
Barnet,Q4_1415,2015-01-01 00:00:00,-0.0184970638225731,,-0.07651013264852169
Barnet,Q4_1516,2016-01-01 00:00:00,0.013841974435554238,0.0036093068876655865,0.025434802074365104
Barnet,Q4_1617,2017-01-01 00:00:00,0.036419386019350464,0.02510770591848377,0.03757794670531678
Barnet,Q4_1718,2018-01-01 00:00:00,0.12306487124528598,0.04129333894112841,0.05793967630637642
Barnet,Q4_1819,2019-01-01 00:00:00,0.07673832215079102,0.09505609073286303,0.04762439780107097
Barnet,Q4_1920,2020-01-01 00:00:00,0.08235821229162255,0.11250967850707949,0.11398229074037858
Barnet,Q4_2021,2021-01-01 00:00:00,-0.052075053589452414,-0.011694797854433836,-0.016334224836272893
Barnet,Q4_2122,2022-01-01 00:00:00,-0.04324034220684425,-0.03655866707249644,0.001011929881382212
Barnet,Q4_2223,2023-01-01 00:00:00,-0.07163132225857827,-0.0656232503364943,-0.017650153239179733
Barnet,Q4_2324,2024-01-01 00:00:00,-0.06900921567621898,-0.1140988675074539,-0.12546984425046592
Barnet,Q4_2425,2025-01-01 00:00:00,-0.08580607411254143,-0.06223669530152376,-0.07280639861084393
Barnet,Q4_2526,2026-01-01 00:00:00,-0.14041168267835785,-0.04816852592735976,-0.11989642765748687
Bexley,Q1_1516,2015-04-01 00:00:00,6.74608490398576e-05,,-0.041731738548606345
Bexley,Q1_1617,2016-04-01 00:00:00,0.014170125116494403,-0.006328710277076155,0.019469618608212058
Bexley,Q1_1718,2017-04-01 00:00:00,0.07963450758617152,0.11235363012739541,0.09620855798510697
Bexley,Q1_1819,2018-04-01 00:00:00,0.1823632864672483,0.08135074850828505,0.06993584557421062
Bexley,Q1_1920,2019-04-01 00:00:00,0.07283521166740181,0.05288930463223285,0.008858746166307219
Bexley,Q1_2021,2020-04-01 00:00:00,0.00805655979099662,0.0712382848735661,0.07574649754017682
Bexley,Q1_2122,2021-04-01 00:00:00,0.0018723693754161275,0.06100375220709364,0.039792093435787934
Bexley,Q1_2223,2022-04-01 00:00:00,-0.09606509636813643,-0.030470052963633476,-0.0866757111629678
Bexley,Q1_2324,2023-04-01 00:00:00,-0.026387016557730902,-0.06362926874014718,-0.04384174043406264
Bexley,Q1_2425,2024-04-01 00:00:00,-0.02663247510364697,-0.0338027668907428,-0.04391361650327408
Bexley,Q1_2526,2025-04-01 00:00:00,-0.12287413527122742,-0.038214577005889816,-0.04574132226322014
Bexley,Q2_1516,2015-07-01 00:00:00,-0.0008793078280650013,,-0.052008974815564435
Bexley,Q2_1617,2016-07-01 00:00:00,0.006379252029739102,0.005232773078284847,0.020116503231114358
Bexley,Q2_1718,2017-07-01 00:00:00,0.07661254339150014,0.09728593469432933,0.07825189195268722
Bexley,Q2_1819,2018-07-01 00:00:00,0.15815542568011542,0.07837649449807349,0.058703684387730104
Bexley,Q2_1920,2019-07-01 00:00:00,0.08315080122643681,0.043112373682998695,0.03895115825529327
Bexley,Q2_2021,2020-07-01 00:00:00,-0.0028454003952274043,0.10887406171844749,0.06719532856455845
Bexley,Q2_2122,2021-07-01 00:00:00,0.0007088770283950607,0.04724968562853771,0.012379631927397106
Bexley,Q2_2223,2022-07-01 00:00:00,-0.07431182104016443,-0.059230780459378796,-0.08616231066860092
Bexley,Q2_2324,2023-07-01 00:00:00,-0.04147784563940926,-0.040159305728233785,-0.04240421904983538
Bexley,Q2_2425,2024-07-01 00:00:00,-0.049262388095605014,-0.055661675647124986,-0.02468371724482432
Bexley,Q2_2526,2025-07-01 00:00:00,-0.08588976883533928,-0.02034612571320804,-0.04662437111353124
Bexley,Q3_1516,2015-10-01 00:00:00,0.0029077668803545453,,-0.020900029747731974
Bexley,Q3_1617,2016-10-01 00:00:00,0.01774680678555729,0.006199405631603594,0.04051695561672064
Bexley,Q3_1718,2017-10-01 00:00:00,0.08941778391625543,0.09926877070113704,0.08907333274367424
Bexley,Q3_1819,2018-10-01 00:00:00,0.14316346248755585,0.06898466713449436,0.023098392619510744
Bexley,Q3_1920,2019-10-01 00:00:00,0.06602617276431089,0.06514478058997664,0.04979313506605498
Bexley,Q3_2021,2020-10-01 00:00:00,0.007167260865891589,0.08474635516994311,0.061342562928775934
Bexley,Q3_2122,2021-10-01 00:00:00,-0.021471515008849695,0.052776840997513896,0.024669398132273423
Bexley,Q3_2223,2022-10-01 00:00:00,-0.09216649450947911,-0.07478272127844021,-0.09846234488336458
Bexley,Q3_2324,2023-10-01 00:00:00,-0.01870767062121348,-0.048201255171511304,-0.05159304626873573
Bexley,Q3_2425,2024-10-01 00:00:00,-0.07515339319759096,-0.04982563126142103,-0.01640874290589711
Bexley,Q3_2526,2025-10-01 00:00:00,-0.09894046790601063,-0.05250245987061142,-0.0775176879737296
Bexley,Q4_1415,2015-01-01 00:00:00,-0.032176731570764394,,-0.032388891181395985
Bexley,Q4_1516,2016-01-01 00:00:00,0.03357401150498385,-0.00675006292852276,-0.02070493755987257
Bexley,Q4_1617,2017-01-01 00:00:00,-0.007162364132764387,0.012729442619690223,0.0690794342324933
Bexley,Q4_1718,2018-01-01 00:00:00,0.10241101323492674,0.07724782740986569,0.07409334794831535
Bexley,Q4_1819,2019-01-01 00:00:00,0.0985284849911503,0.04277684099751389,-0.015330601867726612
Bexley,Q4_1920,2020-01-01 00:00:00,0.05473507965217117,0.08716386566257583,0.08648683588233219
Bexley,Q4_2021,2021-01-01 00:00:00,-0.016887676633884463,0.0577435364115676,0.05429870814606208
Bexley,Q4_2122,2022-01-01 00:00:00,-0.06627548940749306,-0.010618765664144103,-0.05673731922229197
Bexley,Q4_2223,2023-01-01 00:00:00,-0.061857235581003644,-0.04749579895342204,-0.06544354997648738
Bexley,Q4_2324,2024-01-01 00:00:00,-0.014142824137926668,-0.032042999934701055,-0.04318458780127299
Bexley,Q4_2425,2025-01-01 00:00:00,-0.08634562042061189,-0.040668336564314234,-0.02675785524206664
Bexley,Q4_2526,2026-01-01 00:00:00,-0.18177152502996796,-0.11398183969735465,-0.11884434450973025
Brent,Q1_1516,2015-04-01 00:00:00,0.002941491982439093,,0.02263912177168026
Brent,Q1_1617,2016-04-01 00:00:00,0.004923840403586732,-0.006522932127507319,-0.037353241679674465
Brent,Q1_1718,2017-04-01 00:00:00,0.10197595913971524,0.06365786376021676,-0.0370564158307618
Brent,Q1_1819,2018-04-01 00:00:00,0.0984108074177863,0.0086837384167886,0.042968372965887625
Brent,Q1_1920,2019-04-01 00:00:00,-0.02677858635485164,0.03463061369374676,0.012948382000847691
Brent,Q1_2021,2020-04-01 00:00:00,0.05529201996055755,0.068437439116939,0.17291783580626674
Brent,Q1_2122,2021-04-01 00:00:00,-0.014656086101715982,-0.0015220296358305907,-0.00708196428408292
Brent,Q1_2223,2022-04-01 00:00:00,0.022764746993156226,-0.03572606128188094,-0.017053377204075848
Brent,Q1_2324,2023-04-01 00:00:00,0.0025727012234419977,-0.018065655555332016,0.002984405719849592
Brent,Q1_2425,2024-04-01 00:00:00,-0.0447495715898768,-0.04597424319824239,-0.07700527894218978
Brent,Q1_2526,2025-04-01 00:00:00,-0.12700176848720168,0.0022667006719574445,-0.06701395502101704
Brent,Q2_1516,2015-07-01 00:00:00,-0.008750250387440928,,-0.00736739528292274
Brent,Q2_1617,2016-07-01 00:00:00,0.00508990100431117,0.02360676786363003,-0.027352601968793078
Brent,Q2_1718,2017-07-01 00:00:00,0.11362618635941413,-0.005053242577855999,-0.04705005870387913
Brent,Q2_1819,2018-07-01 00:00:00,0.07587838325673901,0.03670581355194413,0.032958617374948096
Brent,Q2_1920,2019-07-01 00:00:00,-0.015543510636963798,0.08559525737783069,0.09295313985052722
Brent,Q2_2021,2020-07-01 00:00:00,0.036781337773177936,0.01741105725375347,0.1029620958028652
Brent,Q2_2122,2021-07-01 00:00:00,0.03217315610307547,0.03381188249969225,0.002944343825909579
Brent,Q2_2223,2022-07-01 00:00:00,0.004248913612130756,-0.06456686761109098,0.002952340211925586
Brent,Q2_2324,2023-07-01 00:00:00,-0.015590253381044139,-0.03663084940337524,-0.03700851747852618
Brent,Q2_2425,2024-07-01 00:00:00,-0.07496752612832763,-0.036144474436610174,-0.07700611856272144
Brent,Q2_2526,2025-07-01 00:00:00,-0.07927995055351639,-0.0017022497401564252,-0.03698420846503769
Brent,Q3_1516,2015-10-01 00:00:00,-0.027328356493738104,,-0.01736191775850182
Brent,Q3_1617,2016-10-01 00:00:00,0.014757779802862414,0.013347367881355376,-0.017353881390555825
Brent,Q3_1718,2017-10-01 00:00:00,0.13970815586094587,0.009697019597548984,-0.03702662929285239
Brent,Q3_1819,2018-10-01 00:00:00,0.005338686304384721,0.026284288580747717,0.022956538314583996
Brent,Q3_1920,2019-10-01 00:00:00,0.014622549963760667,0.09572495736896802,0.14295377956140842
Brent,Q3_2021,2020-10-01 00:00:00,0.027897095634421776,0.010472107727905966,0.05292787127071674
Brent,Q3_2122,2021-10-01 00:00:00,0.03807353502269151,0.010609913968489426,-0.007071449036471944
Brent,Q3_2223,2022-10-01 00:00:00,-0.008283510548916628,-0.06654479247593537,0.012942584620986075
Brent,Q3_2324,2023-10-01 00:00:00,-0.039181313871709644,-0.03943561171172005,-0.06702235122633382
Brent,Q3_2425,2024-10-01 00:00:00,-0.10008426838814871,-0.04014085541352941,-0.07702582965425075
Brent,Q3_2526,2025-10-01 00:00:00,-0.08036449565187115,-0.020359724148573566,-0.047026909166362874
Brent,Q4_1415,2015-01-01 00:00:00,-0.01782653829591141,,0.07263616310885446
Brent,Q4_1516,2016-01-01 00:00:00,0.01315944652088985,-0.027900994533341494,-0.027360038607788018
Brent,Q4_1617,2017-01-01 00:00:00,-0.006269720164119974,0.002544849186193132,-0.037357839601633636
Brent,Q4_1718,2018-01-01 00:00:00,0.14054368645846727,0.02253920133665721,0.012938066662887104
Brent,Q4_1819,2019-01-01 00:00:00,-0.01728714694457012,0.014233407470888748,0.0229464228862738
Brent,Q4_1920,2020-01-01 00:00:00,0.028239595623415825,0.11073961395962673,0.17292919067440937
Brent,Q4_2021,2021-01-01 00:00:00,-0.003747903991377699,-0.038623104150599774,-0.007116988454832884
Brent,Q4_2122,2022-01-01 00:00:00,0.01821883804832547,-0.019276598539265444,-0.027070889289450673
Brent,Q4_2223,2023-01-01 00:00:00,0.01866512591277225,-0.018928029813083835,0.09293082993354274
Brent,Q4_2324,2024-01-01 00:00:00,-0.07134010168112698,-0.06112171159650548,-0.13703066746779047
Brent,Q4_2425,2025-01-01 00:00:00,-0.11487926823406619,-0.023885942657619896,-0.06704430130594763
Brent,Q4_2526,2026-01-01 00:00:00,-0.1219938124959728,-0.08287389067681461,-0.047187276687913116
Bromley,Q1_1516,2015-04-01 00:00:00,0.03404164563958534,,-0.05323582411104166
Bromley,Q1_1617,2016-04-01 00:00:00,-0.01656800818400861,-0.017098511544412,0.006339356173215682
Bromley,Q1_1718,2017-04-01 00:00:00,0.08550991435425248,0.11437142258352506,0.12140584201177562
Bromley,Q1_1819,2018-04-01 00:00:00,0.1282638678332454,0.06643489104757871,0.03332485521047579
Bromley,Q1_1920,2019-04-01 00:00:00,0.07330927878712579,0.09021529128706651,0.13684060458213998
Bromley,Q1_2021,2020-04-01 00:00:00,0.056400420366431,0.09005315667646552,0.11808994126659722
Bromley,Q1_2122,2021-04-01 00:00:00,0.0318940365039716,0.04166213574522548,-0.0011137783712503735
Bromley,Q1_2223,2022-04-01 00:00:00,-0.023502026000612686,-0.04488824903624189,-0.08790565706960674
Bromley,Q1_2324,2023-04-01 00:00:00,-0.036858901578003644,-0.10991072205424979,-0.05327658706358207
Bromley,Q1_2425,2024-04-01 00:00:00,-0.09721628485390355,-0.060178500404546864,-0.12352561931074169
Bromley,Q1_2526,2025-04-01 00:00:00,-0.1319606484436116,-0.09624058348841391,-0.06986338038192474
Bromley,Q2_1516,2015-07-01 00:00:00,0.023368924179067885,,-0.02370459069393016
Bromley,Q2_1617,2016-07-01 00:00:00,-0.012552701966545565,0.005910056979513523,0.04913730671483174
Bromley,Q2_1718,2017-07-01 00:00:00,0.07838327138189671,0.059031607245248696,0.07643984602429987
Bromley,Q2_1819,2018-07-01 00:00:00,0.09601445544964049,0.08474946260747385,0.07175741694894211
Bromley,Q2_1920,2019-07-01 00:00:00,0.12184443231743969,0.10661046835886645,0.14278808060253867
Bromley,Q2_2021,2020-07-01 00:00:00,0.05735989837067523,0.09575756933800383,0.1126949501147192
Bromley,Q2_2122,2021-07-01 00:00:00,0.018642273654786434,0.016718421065540445,-0.04641146358664938
Bromley,Q2_2223,2022-07-01 00:00:00,-0.02232476344470724,-0.06400615564702816,-0.06708531554955177
Bromley,Q2_2324,2023-07-01 00:00:00,-0.0502157771553946,-0.09493319507225784,-0.05864751705755744
Bromley,Q2_2425,2024-07-01 00:00:00,-0.09523343383843796,-0.06120004983576366,-0.10517571455303909
Bromley,Q2_2526,2025-07-01 00:00:00,-0.11954305569487728,-0.08442914170699278,-0.04817875047466891
Bromley,Q3_1516,2015-10-01 00:00:00,-0.007682203102990504,,0.01556296152030645
Bromley,Q3_1617,2016-10-01 00:00:00,0.004651299463179104,0.02381508518013087,0.037188995604701125
Bromley,Q3_1718,2017-10-01 00:00:00,0.0818309688670481,0.07161488074223199,0.07884227476160388
Bromley,Q3_1819,2018-10-01 00:00:00,0.09746501109888117,0.08583632767632654,0.09276819489329569
Bromley,Q3_1920,2019-10-01 00:00:00,0.08836142146620185,0.10149348533487135,0.10732925687427186
Bromley,Q3_2021,2020-10-01 00:00:00,0.08273493832961831,0.0922922024518068,0.09947217985736034
Bromley,Q3_2122,2021-10-01 00:00:00,-0.013369159001569764,0.00270405477806257,-0.08084486041484762
Bromley,Q3_2223,2022-10-01 00:00:00,-0.03898891041295738,-0.07899943429668477,-0.04172903451129162
Bromley,Q3_2324,2023-10-01 00:00:00,-0.066522540847745,-0.10965869537161732,-0.1030422037721378
Bromley,Q3_2425,2024-10-01 00:00:00,-0.1115401975307882,-0.07592555013512325,-0.11957040126761942
Bromley,Q3_2526,2025-10-01 00:00:00,-0.13129465870829,-0.08323432393146613,-0.046367516719503565
Bromley,Q4_1415,2015-01-01 00:00:00,0.020530880517510286,,-0.06568219971549139
Bromley,Q4_1516,2016-01-01 00:00:00,-0.010246953671212977,-0.009855053385705137,0.0037757889230437547
Bromley,Q4_1617,2017-01-01 00:00:00,-0.014970294715279886,0.0040986151980924035,0.017452676807576006
Bromley,Q4_1718,2018-01-01 00:00:00,0.13010712012447234,0.07032324399374035,0.057641060392951915
Bromley,Q4_1819,2019-01-01 00:00:00,0.07971442348248603,0.08752175611643143,0.1243356331548292
Bromley,Q4_1920,2020-01-01 00:00:00,0.06918885984145684,0.09712796442481819,0.12396940926194755
Bromley,Q4_2021,2021-01-01 00:00:00,0.011649325051527049,0.056493279784281314,0.0547792772749468
Bromley,Q4_2122,2022-01-01 00:00:00,-0.0052258747431884744,-0.04617988578473353,-0.11910687143825871
Bromley,Q4_2223,2023-01-01 00:00:00,-0.04812698604166954,-0.08835361592243896,-0.05112842732696565
Bromley,Q4_2324,2024-01-01 00:00:00,-0.07910831396160867,-0.10159615049435478,-0.11484402532511584
Bromley,Q4_2425,2025-01-01 00:00:00,-0.14862479541186174,-0.09123386213807061,-0.09450709934366464
Bromley,Q4_2526,2026-01-01 00:00:00,-0.18959017777124815,-0.14691369836521329,-0.10698907091794119
Camden,Q1_1516,2015-04-01 00:00:00,0.02052944292593739,,-0.035119218959952514
Camden,Q1_1617,2016-04-01 00:00:00,0.02239180034427013,0.029049249325311055,0.06913366129652732
Camden,Q1_1718,2017-04-01 00:00:00,0.17536546081690885,0.14333527647546396,0.15835677795385772
Camden,Q1_1819,2018-04-01 00:00:00,0.09218550922064461,0.14012383907369252,0.0919861944420125
Camden,Q1_1920,2019-04-01 00:00:00,0.08653735159194864,0.06830368648627871,0.1321220238078571
Camden,Q1_2021,2020-04-01 00:00:00,0.005719874962704097,0.012241682041521096,-0.004954421968192846
Camden,Q1_2122,2021-04-01 00:00:00,-0.022563305137533463,-0.005380793981358378,-0.04961715897588981
Camden,Q1_2223,2022-04-01 00:00:00,-0.07405689657872344,-0.07913353692130753,-0.09948482435919515
Camden,Q1_2324,2023-04-01 00:00:00,-0.05150632625205459,-0.07058130567626686,-0.10649634538511488
Camden,Q1_2425,2024-04-01 00:00:00,-0.030141832647451794,-0.08980361113417679,-0.03553268692306999
Camden,Q1_2526,2025-04-01 00:00:00,-0.1459614800694926,-0.0731205252052598,-0.07964274831540563
Camden,Q2_1516,2015-07-01 00:00:00,0.014956390733644187,,-0.01905512520854513
Camden,Q2_1617,2016-07-01 00:00:00,0.060907555611550146,0.05390281285305398,0.0951478189271201
Camden,Q2_1718,2017-07-01 00:00:00,0.1603091317396068,0.14185243718341434,0.11891057966468543
Camden,Q2_1819,2018-07-01 00:00:00,0.0984208220464996,0.11797815172262471,0.0993274259142023
Camden,Q2_1920,2019-07-01 00:00:00,0.05132129904905003,0.08103030229047392,0.1355006335964719
Camden,Q2_2021,2020-07-01 00:00:00,0.05086791504271326,-0.0077256561393390655,0.009868491186647455
Camden,Q2_2122,2021-07-01 00:00:00,-0.049740353190663944,0.0019276607515364974,-0.0505610915012521
Camden,Q2_2223,2022-07-01 00:00:00,-0.06621049491851821,-0.10036098252388348,-0.11100577928121769
Camden,Q2_2324,2023-07-01 00:00:00,-0.030433073568913782,-0.07566911454801284,-0.09280076158861261
Camden,Q2_2425,2024-07-01 00:00:00,-0.07668949943098696,-0.08783595024455126,-0.043094514910667625
Camden,Q2_2526,2025-07-01 00:00:00,-0.108481424767152,-0.0688572599444045,-0.05436004228853364
Camden,Q3_1516,2015-10-01 00:00:00,0.03405220822456989,,0.03030630593106376
Camden,Q3_1617,2016-10-01 00:00:00,0.01939510486909901,0.043040789987122796,0.06407966737882942
Camden,Q3_1718,2017-10-01 00:00:00,0.1254594255545728,0.14908834212417854,0.11548552850440574
Camden,Q3_1819,2018-10-01 00:00:00,0.0907223775241428,0.09928992564904171,0.10095287392247054
Camden,Q3_1920,2019-10-01 00:00:00,0.1227468780273504,0.09754232285375841,0.1335698219232324
Camden,Q3_2021,2020-10-01 00:00:00,0.005250217158705439,-0.036626979211454525,-0.021161334583744695
Camden,Q3_2122,2021-10-01 00:00:00,-0.046123623154367355,-0.03601098022123683,-0.058006816059687494
Camden,Q3_2223,2022-10-01 00:00:00,-0.10887839675402616,-0.07618204558686925,-0.13582756634059145
Camden,Q3_2324,2023-10-01 00:00:00,-0.011720042117835727,-0.08070311325514845,-0.06664727984302543
Camden,Q3_2425,2024-10-01 00:00:00,-0.08625030137167644,-0.09188611850687411,-0.03572194715887922
Camden,Q3_2526,2025-10-01 00:00:00,-0.1212550576680721,-0.06613760523601897,-0.0733812787344228
Camden,Q4_1415,2015-01-01 00:00:00,0.004578278048031348,,-0.029322163095617748
Camden,Q4_1516,2016-01-01 00:00:00,0.033608336811024375,-0.00025738445643996855,0.03999282667232629
Camden,Q4_1617,2017-01-01 00:00:00,0.03401465550636851,0.04567370765371703,0.05734217373828232
Camden,Q4_1718,2018-01-01 00:00:00,0.06415827105862448,0.14124821672490706,0.09337943559195683
Camden,Q4_1819,2019-01-01 00:00:00,0.09290418187366889,0.09623295764529172,0.11955613802337639
Camden,Q4_1920,2020-01-01 00:00:00,0.11464678816388452,0.04722615790386464,0.07078683437249389
Camden,Q4_2021,2021-01-01 00:00:00,-0.04646192938682192,-0.024701349954728946,-0.04355768606909871
Camden,Q4_2122,2022-01-01 00:00:00,-0.07975679287264709,-0.06808170906222366,-0.10057270184416822
Camden,Q4_2223,2023-01-01 00:00:00,-0.07633024604663546,-0.08472972445405036,-0.1140279631885801
Camden,Q4_2324,2024-01-01 00:00:00,-0.013988718231512709,-0.07199614755404526,-0.0582495071654614
Camden,Q4_2425,2025-01-01 00:00:00,-0.11582996261362727,-0.09304556669517883,-0.06954986557207599
Camden,Q4_2526,2026-01-01 00:00:00,-0.2186695201268013,-0.12026005823243135,-0.14805438352681888
Croydon,Q1_1516,2015-04-01 00:00:00,-0.005831756516706088,,-0.04918815989609049
Croydon,Q1_1617,2016-04-01 00:00:00,0.015680850893717624,-0.01677799908273181,0.041734880529077145
Croydon,Q1_1718,2017-04-01 00:00:00,0.10173909220259297,0.08734553794952915,0.08255725496921795
Croydon,Q1_1819,2018-04-01 00:00:00,0.08120433200698862,0.06695792291581038,0.042230927546178854
Croydon,Q1_1920,2019-04-01 00:00:00,0.059210456078322427,0.06276107370634543,0.127116515251107
Croydon,Q1_2021,2020-04-01 00:00:00,0.04441289318061481,0.05928361311812402,0.054188892084413354
Croydon,Q1_2122,2021-04-01 00:00:00,0.025612299562843,0.027401379395723735,-0.008976879313082109
Croydon,Q1_2223,2022-04-01 00:00:00,-0.08907065620657661,-0.05874461969758504,-0.06573225236400781
Croydon,Q1_2324,2023-04-01 00:00:00,-0.09305843937951191,-0.09163512037760346,-0.05816572257581365
Croydon,Q1_2425,2024-04-01 00:00:00,-0.044227256720674346,-0.035233934963616376,-0.07277665827533941
Croydon,Q1_2526,2025-04-01 00:00:00,-0.051125647586169165,-0.05298576776804631,-0.04088395922171273
Croydon,Q2_1516,2015-07-01 00:00:00,-0.01784856639727117,,-0.030418880462980913
Croydon,Q2_1617,2016-07-01 00:00:00,-0.005258783506471576,-0.01021069294000787,0.03726379943942515
Croydon,Q2_1718,2017-07-01 00:00:00,0.14458096067066184,0.10940543498586419,0.09429145213165424
Croydon,Q2_1819,2018-07-01 00:00:00,0.07341976710306386,0.04856375662693169,0.043582855441626545
Croydon,Q2_1920,2019-07-01 00:00:00,0.09455043426080145,0.11388008781645464,0.14647745047199978
Croydon,Q2_2021,2020-07-01 00:00:00,0.03002026711869732,0.03784483587563714,0.019815313827656778
Croydon,Q2_2122,2021-07-01 00:00:00,0.016162338621178884,0.017800069144691788,-0.008641228249384847
Croydon,Q2_2223,2022-07-01 00:00:00,-0.08502175758271513,-0.0558098201565701,-0.06326148758956907
Croydon,Q2_2324,2023-07-01 00:00:00,-0.07826850025536874,-0.07091479601646233,-0.04914043841861815
Croydon,Q2_2425,2024-07-01 00:00:00,-0.033302869867614104,-0.03731551356050056,-0.05611025520468382
Croydon,Q2_2526,2025-07-01 00:00:00,-0.02080479146880654,-0.05275319874781503,-0.030688162767889327
Croydon,Q3_1516,2015-10-01 00:00:00,-0.03468584181183976,,-0.02848888684672113
Croydon,Q3_1617,2016-10-01 00:00:00,0.035268321599965735,0.0029229836055419955,0.051483142231304124
Croydon,Q3_1718,2017-10-01 00:00:00,0.12008897502758531,0.09614946870262497,0.061550301778125927
Croydon,Q3_1819,2018-10-01 00:00:00,0.06641442419844823,0.04073440081575774,0.06541028901064538
Croydon,Q3_1920,2019-10-01 00:00:00,0.08369481794783451,0.11325990376250428,0.1459553265951372
Croydon,Q3_2021,2020-10-01 00:00:00,0.016918626668589454,0.011099866418978421,-0.01428203084763191
Croydon,Q3_2122,2021-10-01 00:00:00,-0.03688577883596461,0.022839064583038082,-0.00439897174987669
Croydon,Q3_2223,2022-10-01 00:00:00,-0.09513636471100306,-0.11314128165148285,-0.0894337377053368
Croydon,Q3_2324,2023-10-01 00:00:00,-0.08557179664105097,-0.07620850990553818,-0.08359713865326623
Croydon,Q3_2425,2024-10-01 00:00:00,-0.01854351978453672,-0.03111414089094633,-0.039308263950466826
Croydon,Q3_2526,2025-10-01 00:00:00,-0.04216464156751737,-0.08823565066607475,-0.07372261240813638
Croydon,Q4_1415,2015-01-01 00:00:00,-0.057161017574351214,,-0.05999931663335911
Croydon,Q4_1516,2016-01-01 00:00:00,0.010363806663137187,-0.010631999989423213,0.008490253580002771
Croydon,Q4_1617,2017-01-01 00:00:00,-0.011599511540065999,0.005193300231610132,0.013394488566247365
Croydon,Q4_1718,2018-01-01 00:00:00,0.09718599110859028,0.0740452728052936,0.0397788100530565
Croydon,Q4_1819,2019-01-01 00:00:00,0.0751615574544609,0.059826274165330595,0.11464575047666814
Croydon,Q4_1920,2020-01-01 00:00:00,0.05306838457584079,0.08280584043729078,0.09557305732814858
Croydon,Q4_2021,2021-01-01 00:00:00,0.03726238542224802,0.04410064638153921,0.01982542825634792
Croydon,Q4_2122,2022-01-01 00:00:00,-0.10834492588462918,-0.08546697185379648,-0.0813917022435714
Croydon,Q4_2223,2023-01-01 00:00:00,-0.08433424007539791,-0.07980826023144871,-0.055046569381609234
Croydon,Q4_2324,2024-01-01 00:00:00,-0.05182847527182061,-0.02349520466950561,-0.06131284669199277
Croydon,Q4_2425,2025-01-01 00:00:00,-0.03914705052023443,-0.06879999327383057,-0.045778870567299124
Croydon,Q4_2526,2026-01-01 00:00:00,-0.0927987926598835,-0.1249372570016346,-0.13462115754960902
Ealing,Q1_1516,2015-04-01 00:00:00,-0.014195109594539623,,0.008616098911134684
Ealing,Q1_1617,2016-04-01 00:00:00,0.01856385263998417,-0.012754325008135559,-0.01084975656928966
Ealing,Q1_1718,2017-04-01 00:00:00,0.11937648205416096,0.07936599039151226,0.0025399814596003267
Ealing,Q1_1819,2018-04-01 00:00:00,0.20394165885723758,0.03612161796948932,0.09148778111079758
Ealing,Q1_1920,2019-04-01 00:00:00,0.06529329262940464,0.06289809003139046,0.09368549621242528
Ealing,Q1_2021,2020-04-01 00:00:00,0.03907192431075879,0.07321458090633115,0.1105449838563658
Ealing,Q1_2122,2021-04-01 00:00:00,-0.0064185935763539925,-0.008123837673405743,-0.016645930808757203
Ealing,Q1_2223,2022-04-01 00:00:00,-0.05828006207193637,-0.029235060032019144,-0.057006317472567236
Ealing,Q1_2324,2023-04-01 00:00:00,-0.030867428598456814,-0.014810013853969517,0.034428793706533733
Ealing,Q1_2425,2024-04-01 00:00:00,-0.08983697282411657,-0.09419487290545137,-0.1453717065331429
Ealing,Q1_2526,2025-04-01 00:00:00,-0.14225813680638866,-0.02967061044538266,-0.08390441797334447
Ealing,Q2_1516,2015-07-01 00:00:00,-0.031236704306917717,,-0.0008111437124528331
Ealing,Q2_1617,2016-07-01 00:00:00,0.0037992327838094475,0.0003709878754645235,-0.03983616907732379
Ealing,Q2_1718,2017-07-01 00:00:00,0.14650117803866314,0.047649548712582646,0.04198331277353662
Ealing,Q2_1819,2018-07-01 00:00:00,0.18899421620238954,0.05913779294286847,0.08246597348399654
Ealing,Q2_1920,2019-07-01 00:00:00,0.043852723658198256,0.07800772855537152,0.1253426313183379
Ealing,Q2_2021,2020-07-01 00:00:00,0.07217407796128927,0.07700564410697919,0.0850176397732949
Ealing,Q2_2122,2021-07-01 00:00:00,-0.04705016324449807,-0.018500859545078074,-0.0567682048554069
Ealing,Q2_2223,2022-07-01 00:00:00,-0.0380806190188383,-0.039116000493596204,-0.016967704615730494
Ealing,Q2_2324,2023-07-01 00:00:00,-0.03499508562273268,-0.025334858921150172,-0.01249826643687113
Ealing,Q2_2425,2024-07-01 00:00:00,-0.1349173775143634,-0.10125807095768746,-0.1444192560645018
Ealing,Q2_2526,2025-07-01 00:00:00,-0.0918758709546173,-0.019442412996738878,-0.033830409997740674
Ealing,Q3_1516,2015-10-01 00:00:00,-0.0006051346387737633,,-0.040688869665803096
Ealing,Q3_1617,2016-10-01 00:00:00,-0.012449982879931265,0.01664045567154826,0.008953961408456612
Ealing,Q3_1718,2017-10-01 00:00:00,0.1985787098417684,0.04888975223782077,0.032385530032253196
Ealing,Q3_1819,2018-10-01 00:00:00,0.12896097569353993,0.03911794968646465,0.0824595380078571
Ealing,Q3_1920,2019-10-01 00:00:00,0.033437217297577315,0.10775968785032397,0.14526218786659462
Ealing,Q3_2021,2020-10-01 00:00:00,0.0773820515231799,0.04817539500728363,0.06215385289123243
Ealing,Q3_2122,2021-10-01 00:00:00,-0.08867894817813254,-0.029473179108864822,-0.08708354318624079
Ealing,Q3_2223,2022-10-01 00:00:00,-0.01989222675114599,-0.05019745796760389,0.0026815619346686193
Ealing,Q3_2324,2023-10-01 00:00:00,-0.041427124085146594,-0.0391745290352874,-0.043743531069857844
Ealing,Q3_2425,2024-10-01 00:00:00,-0.163587757160376,-0.08046434070153508,-0.15416183701892316
Ealing,Q3_2526,2025-10-01 00:00:00,-0.07383706097674864,-0.04061316512456359,-0.02421010308996918
Ealing,Q4_1415,2015-01-01 00:00:00,-0.009397249229515126,,0.06760894689530805
Ealing,Q4_1516,2016-01-01 00:00:00,-0.03406214755914094,-0.02432194226403661,-0.06135815918430754
Ealing,Q4_1617,2017-01-01 00:00:00,0.006851966434225476,0.026223747287068222,0.02881881640952788
Ealing,Q4_1718,2018-01-01 00:00:00,0.1837368226403846,0.030029738253519622,0.03951208993598154
Ealing,Q4_1819,2019-01-01 00:00:00,0.11722124214268637,0.06404899890281146,0.09405875382851436
Ealing,Q4_1920,2020-01-01 00:00:00,0.03221854556080883,0.08106258881403805,0.13309021466952475
Ealing,Q4_2021,2021-01-01 00:00:00,0.0006454553173639299,0.00818431540796516,-0.0010864093449888257
Ealing,Q4_2122,2022-01-01 00:00:00,-0.10743782226002435,-0.05470187717126884,-0.0987792911489902
Ealing,Q4_2223,2023-01-01 00:00:00,-0.014789808642719504,-0.02715151810961902,0.06366940752207673
Ealing,Q4_2324,2024-01-01 00:00:00,-0.056928428299769296,-0.07245858797011806,-0.10480860237093947
Ealing,Q4_2425,2025-01-01 00:00:00,-0.15528302311170983,-0.04147634677812939,-0.11449004630203596
Ealing,Q4_2526,2026-01-01 00:00:00,-0.18221278768054877,-0.13143074354720108,-0.08744787750885119
Enfield,Q1_1516,2015-04-01 00:00:00,0.0074443411988548425,,-0.001293561622474071
Enfield,Q1_1617,2016-04-01 00:00:00,-0.03081833983381843,-0.032274492552709644,0.009860528493643272
Enfield,Q1_1718,2017-04-01 00:00:00,0.11363103703660848,0.06342313661879095,0.015959720980098235
Enfield,Q1_1819,2018-04-01 00:00:00,0.03500851689030404,0.07092702447778199,0.03351770963527245
Enfield,Q1_1920,2019-04-01 00:00:00,-0.050641654417066084,0.0137959046810473,0.006407273610212982
Enfield,Q1_2021,2020-04-01 00:00:00,-0.0018362585899903694,0.02641263040417552,0.008970768125156181
Enfield,Q1_2122,2021-04-01 00:00:00,0.03152672865493561,0.005226037154747121,0.017847716913036105
Enfield,Q1_2223,2022-04-01 00:00:00,-0.035926074362893745,-0.06309398795144894,-0.04046019607461149
Enfield,Q1_2324,2023-04-01 00:00:00,-0.06792464430275075,-0.044412122098895224,0.008212166423388956
Enfield,Q1_2425,2024-04-01 00:00:00,-0.036526951599713475,-0.07349028972126936,-0.060859355062140796
Enfield,Q1_2526,2025-04-01 00:00:00,0.05741202583758309,0.06251223155706387,0.015114345585389821
Enfield,Q2_1516,2015-07-01 00:00:00,-0.0017588433349277066,,-0.010764242095533061
Enfield,Q2_1617,2016-07-01 00:00:00,-0.009368396936275225,-0.0013181991516211244,-0.009176283514710004
Enfield,Q2_1718,2017-07-01 00:00:00,0.08985596048354527,0.07093332767361482,0.03345196125409888
Enfield,Q2_1819,2018-07-01 00:00:00,-0.0003863156924470701,0.03736892380526391,0.019933956116803042
Enfield,Q2_1920,2019-07-01 00:00:00,-0.0361481376895445,0.01675955269883478,-0.010607711352611404
Enfield,Q2_2021,2020-07-01 00:00:00,0.02434823915826312,0.03708693242173,0.049722028680564856
Enfield,Q2_2122,2021-07-01 00:00:00,0.006615210371365532,-0.008013299050741551,-0.015414973941551224
Enfield,Q2_2223,2022-07-01 00:00:00,-0.04970115091595689,-0.07558379689662509,-0.042967955800610746
Enfield,Q2_2324,2023-07-01 00:00:00,-0.06937458720029405,-0.055368415499983614,0.017248978431742112
Enfield,Q2_2425,2024-07-01 00:00:00,0.006699497911035968,-0.031362321522451,-0.0587160448464944
Enfield,Q2_2526,2025-07-01 00:00:00,0.0576863393587399,0.0426931519302427,0.0352965703405661
Enfield,Q3_1516,2015-10-01 00:00:00,-0.01062240160442074,,-9.310966945008659e-06
Enfield,Q3_1617,2016-10-01 00:00:00,-0.02158903020278302,0.017217207351216346,-0.0006514362947095398
Enfield,Q3_1718,2017-10-01 00:00:00,0.0747936038643684,0.04418989439083498,-0.013267993152725532
Enfield,Q3_1819,2018-10-01 00:00:00,-0.003437039823140531,0.041952239925795776,0.044550316581272176
Enfield,Q3_1920,2019-10-01 00:00:00,-0.031328057246360064,0.019938582113263825,0.02259423791691717
Enfield,Q3_2021,2020-10-01 00:00:00,0.04884890618649984,0.023459909702286508,0.026068856207742463
Enfield,Q3_2122,2021-10-01 00:00:00,-0.0287475848662212,-0.014954883218431858,-0.032334507842140314
Enfield,Q3_2223,2022-10-01 00:00:00,-0.04398566686545419,-0.048409600820562004,-0.005814132929080507
Enfield,Q3_2324,2023-10-01 00:00:00,-0.0669972033502681,-0.08380043893243316,-0.031171740356728983
Enfield,Q3_2425,2024-10-01 00:00:00,0.02886788098303772,0.020067810951248766,-0.017275601543671137
Enfield,Q3_2526,2025-10-01 00:00:00,0.05641927214196785,-0.008142527888726492,0.024454865519037083
Enfield,Q4_1415,2015-01-01 00:00:00,0.016268711822468362,,-0.012074524858944446
Enfield,Q4_1516,2016-01-01 00:00:00,-0.02345697465637475,-0.04401477423757316,0.018107699896231955
Enfield,Q4_1617,2017-01-01 00:00:00,-0.011850281175313282,0.017044902233903092,-0.030824983680591944
Enfield,Q4_1718,2018-01-01 00:00:00,0.0447674787671154,0.03417266387910356,0.00671465210868627
Enfield,Q4_1819,2019-01-01 00:00:00,0.008391716984571695,0.06315837574698846,0.045765148282448376
Enfield,Q4_1920,2020-01-01 00:00:00,-0.04119028145937975,-0.006565936065310529,-0.023957175900139904
Enfield,Q4_2021,2021-01-01 00:00:00,0.004584603086344119,0.014052050296984309,0.046593168938568574
Enfield,Q4_2122,2022-01-01 00:00:00,-0.04970115091595689,-0.04558379689662517,-0.07296795580061077
Enfield,Q4_2223,2023-01-01 00:00:00,-0.0396880883673304,-0.045575181640759466,-0.002959278431316603
Enfield,Q4_2324,2024-01-01 00:00:00,-0.04351541511489965,-0.07809945160939813,-0.025501747634492422
Enfield,Q4_2425,2025-01-01 00:00:00,0.04833946679006573,0.043123914723525725,-0.004269561194727989
Enfield,Q4_2526,2026-01-01 00:00:00,0.04501099299591149,-0.025452888982873012,0.016947604856691667
Greenwich,Q1_1516,2015-04-01 00:00:00,-0.029856770511748065,,-0.08498849421538535
Greenwich,Q1_1617,2016-04-01 00:00:00,-0.014767031983263013,-0.025885503490828188,0.02863464255191972
Greenwich,Q1_1718,2017-04-01 00:00:00,0.18208717606699532,0.14801724859972676,0.11029150765665174
Greenwich,Q1_1819,2018-04-01 00:00:00,0.1409879503409469,0.1050481752289062,0.1066275350083431
Greenwich,Q1_1920,2019-04-01 00:00:00,0.08580585906180738,0.056753182659455836,0.06717568195158097
Greenwich,Q1_2021,2020-04-01 00:00:00,-0.013278361100964253,0.043778887195094485,0.07647204328126622
Greenwich,Q1_2122,2021-04-01 00:00:00,0.0067797217699128165,-0.010376771105345961,0.0007504147780349468
Greenwich,Q1_2223,2022-04-01 00:00:00,-0.0927689713654925,-0.08002027341710582,-0.11892832186328772
Greenwich,Q1_2324,2023-04-01 00:00:00,-0.06368872003457077,-0.0649483433753999,-0.06534602097698639
Greenwich,Q1_2425,2024-04-01 00:00:00,-0.03494631904585055,-0.06384098015427775,-0.0833597569795479
Greenwich,Q1_2526,2025-04-01 00:00:00,-0.05261059808026114,-0.004096710009048654,-0.014578558509035
Greenwich,Q2_1516,2015-07-01 00:00:00,0.001973529550219566,,-0.013685592816305103
Greenwich,Q2_1617,2016-07-01 00:00:00,-0.0009810688413849356,-0.002894883995036346,0.03132968517193491
Greenwich,Q2_1718,2017-07-01 00:00:00,0.17459443642585493,0.1299977913121717,0.11207630409374791
Greenwich,Q2_1819,2018-07-01 00:00:00,0.14359550111416097,0.107107939649849,0.07848372330292297
Greenwich,Q2_1920,2019-07-01 00:00:00,0.0538832062491853,0.07103289561618387,0.12004406426304393
Greenwich,Q2_2021,2020-07-01 00:00:00,0.021192500001505743,0.06310898406855703,0.0638916565073242
Greenwich,Q2_2122,2021-07-01 00:00:00,0.003169266853154884,-0.023228752611266668,-0.041819692091383365
Greenwich,Q2_2223,2022-07-01 00:00:00,-0.09820972634421793,-0.09431805110311131,-0.10280133013178627
Greenwich,Q2_2324,2023-07-01 00:00:00,-0.07486713240323478,-0.07587919845024904,-0.08618487530242158
Greenwich,Q2_2425,2024-07-01 00:00:00,-0.02855280513075853,-0.04879059623754323,-0.0688085260649528
Greenwich,Q2_2526,2025-07-01 00:00:00,-0.053162195359210296,-0.0045324294057864645,0.02502878627480376
Greenwich,Q3_1516,2015-10-01 00:00:00,-0.03233895826701905,,0.003244557311889551
Greenwich,Q3_1617,2016-10-01 00:00:00,0.04234961860404851,0.031836872389860216,0.046582126649259314
Greenwich,Q3_1718,2017-10-01 00:00:00,0.1292539718614839,0.11577923533466394,0.07827468768273327
Greenwich,Q3_1819,2018-10-01 00:00:00,0.13407188058234432,0.07748424276521348,0.048822834625971145
Greenwich,Q3_1920,2019-10-01 00:00:00,0.01976733042880563,0.04988244014511878,0.13999566032219268
Greenwich,Q3_2021,2020-10-01 00:00:00,-0.01430633784809665,0.01296686468299224,-0.004259723257943215
Greenwich,Q3_2122,2021-10-01 00:00:00,-0.04856074279445832,-0.04459532708285374,-0.06305120163297973
Greenwich,Q3_2223,2022-10-01 00:00:00,-0.06923770309135036,-0.08513007361521374,-0.11353309667099565
Greenwich,Q3_2324,2023-10-01 00:00:00,-0.06492124644226194,-0.07382117472715322,-0.08334190901517691
Greenwich,Q3_2425,2024-10-01 00:00:00,-0.05018252436401727,-0.02007794900063231,-0.03996864374906528
Greenwich,Q3_2526,2025-10-01 00:00:00,-0.0644989810131057,-0.061386847888692975,0.029840168595115957
Greenwich,Q4_1415,2015-01-01 00:00:00,0.0054546526171844745,,-0.06832606355275495
Greenwich,Q4_1516,2016-01-01 00:00:00,-0.06990691571892516,-0.03994561605134028,-0.025024190144127156
Greenwich,Q4_1617,2017-01-01 00:00:00,0.07021844729901783,0.04015341108428183,0.06506504967772764
Greenwich,Q4_1718,2018-01-01 00:00:00,0.08280634390736485,0.08278687514102523,0.05656642305538284
Greenwich,Q4_1819,2019-01-01 00:00:00,0.11429356518279177,0.05976012618667825,0.03186212852129633
Greenwich,Q4_1920,2020-01-01 00:00:00,0.0030188312316232757,0.0466524148259867,0.11807322012239074
Greenwich,Q4_2021,2021-01-01 00:00:00,-0.014159871058414986,-0.024816668176916412,-0.011273973255730985
Greenwich,Q4_2122,2022-01-01 00:00:00,-0.10076713191025471,-0.046338204669805205,-0.1046218224976243
Greenwich,Q4_2223,2023-01-01 00:00:00,-0.0527227949901653,-0.08788302798551217,-0.08601396371855918
Greenwich,Q4_2324,2024-01-01 00:00:00,-0.08783363729038901,-0.11402096969624465,-0.11253361066622192
Greenwich,Q4_2425,2025-01-01 00:00:00,-0.08745754823655999,-0.013723888289377872,-0.03226589120065737
Greenwich,Q4_2526,2026-01-01 00:00:00,-0.10071969592243835,-0.13159534634701886,-0.014417643092605514
Hackney,Q1_1516,2015-04-01 00:00:00,-0.009134942194640283,,-0.03639484418899941
Hackney,Q1_1617,2016-04-01 00:00:00,0.014829264677930776,0.040749271217157323,-0.023210154325640775
Hackney,Q1_1718,2017-04-01 00:00:00,0.20253557992661914,0.12058829089947576,0.20758581033429224
Hackney,Q1_1819,2018-04-01 00:00:00,0.07159471311388516,0.11610320756777681,-0.00923726888740406
Hackney,Q1_1920,2019-04-01 00:00:00,0.007440446057088379,0.05398105373331741,-0.008473810682230187
Hackney,Q1_2021,2020-04-01 00:00:00,-0.045292567785123306,0.020587772009158734,-0.04887107795492707
Hackney,Q1_2122,2021-04-01 00:00:00,0.01628670730145948,-0.017568412485284846,0.006498485363353068
Hackney,Q1_2223,2022-04-01 00:00:00,-0.011395135749873442,-0.029047775231344275,-0.003605585682707857
Hackney,Q1_2324,2023-04-01 00:00:00,-0.06603124209237177,-0.12225463325237285,-0.06733005348900867
Hackney,Q1_2425,2024-04-01 00:00:00,-0.04427300136864415,-0.04412129769179318,-0.017883939487521316
Hackney,Q1_2526,2025-04-01 00:00:00,-0.048192414943220074,-0.016832409545319726,0.048967355845316196
Hackney,Q2_1516,2015-07-01 00:00:00,0.007819113541689293,,-0.058841837530337116
Hackney,Q2_1617,2016-07-01 00:00:00,0.04830074527255512,0.033150541715995074,0.07957869837956022
Hackney,Q2_1718,2017-07-01 00:00:00,0.09158361856680425,0.10301266977733592,0.10878742986433554
Hackney,Q2_1819,2018-07-01 00:00:00,0.0967907356813229,0.1296973672821663,0.0049370138713483724
Hackney,Q2_1920,2019-07-01 00:00:00,0.01909800563774483,0.058961883232518164,-0.031074968321395557
Hackney,Q2_2021,2020-07-01 00:00:00,0.03489853017328132,0.049139912288884924,0.03751772448442747
Hackney,Q2_2122,2021-07-01 00:00:00,0.018985607283085293,-0.008784410079858862,-0.0032997115150407152
Hackney,Q2_2223,2022-07-01 00:00:00,-0.005930560949300667,-0.03910212719099404,0.004717218151644054
Hackney,Q2_2324,2023-07-01 00:00:00,-0.05736373893030966,-0.1062592030391456,-0.05036691802505511
Hackney,Q2_2425,2024-07-01 00:00:00,-0.08460895110360778,-0.04435367870780982,-0.018153828458992383
Hackney,Q2_2526,2025-07-01 00:00:00,-0.0020444310159673518,-0.035662628708790556,0.04194001907402545
Hackney,Q3_1516,2015-10-01 00:00:00,0.006520107899829819,,-0.07988540822002521
Hackney,Q3_1617,2016-10-01 00:00:00,0.053664638930056685,0.03994368369496659,0.10585423057325949
Hackney,Q3_1718,2017-10-01 00:00:00,0.0773617464533432,0.07317520676596823,0.04736213007206047
Hackney,Q3_1819,2018-10-01 00:00:00,0.07926566917297301,0.0983264490102479,0.004958891011973998
Hackney,Q3_1920,2019-10-01 00:00:00,0.01770920584505925,0.06416695854613064,-0.058257899505053334
Hackney,Q3_2021,2020-10-01 00:00:00,-0.023489326208564754,0.012586508192059531,0.0466784113443337
Hackney,Q3_2122,2021-10-01 00:00:00,0.0012924621298357475,-0.02718872710321174,-0.031446473910939354
Hackney,Q3_2223,2022-10-01 00:00:00,-0.030006751066859516,-0.061921683518661674,-0.008557434702204825
Hackney,Q3_2324,2023-10-01 00:00:00,-0.042055733117884075,-0.10258758298608395,-0.03610267227581232
Hackney,Q3_2425,2024-10-01 00:00:00,-0.05543762711651806,-0.014926885213983887,0.01118044541137908
Hackney,Q3_2526,2025-10-01 00:00:00,-0.06507948828739268,-0.11851342861708547,-0.004599063120629299
Hackney,Q4_1415,2015-01-01 00:00:00,-0.044039808325109564,,0.00966477682752298
Hackney,Q4_1516,2016-01-01 00:00:00,-0.009795747117486764,-0.009367049013430218,-0.05495932088368116
Hackney,Q4_1617,2017-01-01 00:00:00,0.05195139905916013,0.04567574875670832,0.1225114918695458
Hackney,Q4_1718,2018-01-01 00:00:00,0.05406923149586368,0.057063456322153594,-0.03135017194993339
Hackney,Q4_1819,2019-01-01 00:00:00,0.042837830910668506,0.07388022557046436,-0.020204984642172463
Hackney,Q4_1920,2020-01-01 00:00:00,-0.03857315797617883,0.022904225303194803,-0.06133851832235093
Hackney,Q4_2021,2021-01-01 00:00:00,-0.007711405876861588,0.008914628693839521,0.019185721450481252
Hackney,Q4_2122,2022-01-01 00:00:00,-0.022671952297571074,-0.033765239579059636,-0.01069855387587526
Hackney,Q4_2223,2023-01-01 00:00:00,-0.064687650707353,-0.09515952567515906,-0.05231788770470169
Hackney,Q4_2324,2024-01-01 00:00:00,-0.047923655155249156,-0.10664650473250659,-0.0708167329775069
Hackney,Q4_2425,2025-01-01 00:00:00,-0.06873014207399769,-0.011038635657798723,0.032468143389385085
Hackney,Q4_2526,2026-01-01 00:00:00,-0.12036592767016391,-0.17750722254982232,-0.04311487667808367
Hammersmith and Fulham,Q1_1516,2015-04-01 00:00:00,-0.03313268535872582,,-0.03937743239808822
Hammersmith and Fulham,Q1_1617,2016-04-01 00:00:00,0.09018418588363486,0.028969316079408003,0.042149352050214195
Hammersmith and Fulham,Q1_1718,2017-04-01 00:00:00,0.17546613167730685,0.11390301149195514,0.13362697135363089
Hammersmith and Fulham,Q1_1819,2018-04-01 00:00:00,0.12907395653741838,0.09634104376311037,0.10528768426231072
Hammersmith and Fulham,Q1_1920,2019-04-01 00:00:00,0.09978985412128483,0.07034006777167956,0.04482339064118135
Hammersmith and Fulham,Q1_2021,2020-04-01 00:00:00,-0.0069549057907789535,0.02523647075530644,0.0641002018306065
Hammersmith and Fulham,Q1_2122,2021-04-01 00:00:00,-0.0033788583023214303,0.007925900117509821,-0.010444453841842005
Hammersmith and Fulham,Q1_2223,2022-04-01 00:00:00,-0.05721944605663376,-0.0546694245582362,-0.08221230951882352
Hammersmith and Fulham,Q1_2324,2023-04-01 00:00:00,-0.08190648131230271,-0.12756387555900128,-0.10056053346599003
Hammersmith and Fulham,Q1_2425,2024-04-01 00:00:00,-0.0884908375241058,-0.05877095938608623,-0.05819445570750159
Hammersmith and Fulham,Q1_2526,2025-04-01 00:00:00,-0.08917151730544393,-0.025715689805061004,-0.04930160593844246
Hammersmith and Fulham,Q2_1516,2015-07-01 00:00:00,0.004510590337491682,,-0.010462252927145088
Hammersmith and Fulham,Q2_1617,2016-07-01 00:00:00,0.07257000554919246,0.040581563226462225,0.03324756542530882
Hammersmith and Fulham,Q2_1718,2017-07-01 00:00:00,0.17677542295718607,0.09478778126777754,0.15422964942532924
Hammersmith and Fulham,Q2_1819,2018-07-01 00:00:00,0.1390536656262753,0.10308495560993514,0.07988143045325546
Hammersmith and Fulham,Q2_1920,2019-07-01 00:00:00,0.09773288788588519,0.06570767107833586,0.04847963760948426
Hammersmith and Fulham,Q2_2021,2020-07-01 00:00:00,0.021247304219918384,0.041052086658749265,0.07168500867815875
Hammersmith and Fulham,Q2_2122,2021-07-01 00:00:00,-0.03142946906339028,-0.020756775994043353,-0.029547133157313277
Hammersmith and Fulham,Q2_2223,2022-07-01 00:00:00,-0.048519932885880857,-0.0587906209366601,-0.08820784855353936
Hammersmith and Fulham,Q2_2324,2023-07-01 00:00:00,-0.10085904828839942,-0.08685605973834343,-0.10007839100863136
Hammersmith and Fulham,Q2_2425,2024-07-01 00:00:00,-0.06411772880720978,-0.05905815340261267,-0.05157838976485818
Hammersmith and Fulham,Q2_2526,2025-07-01 00:00:00,-0.09976222899157783,-0.022872494213936334,-0.02417660189617965
Hammersmith and Fulham,Q3_1516,2015-10-01 00:00:00,0.0011152374604378457,,0.03257792312342189
Hammersmith and Fulham,Q3_1617,2016-10-01 00:00:00,0.04922403894505678,0.018320484910471557,0.011707388130968721
Hammersmith and Fulham,Q3_1718,2017-10-01 00:00:00,0.20585317583101514,0.1109221850468135,0.15840821738910404
Hammersmith and Fulham,Q3_1819,2018-10-01 00:00:00,0.10823899549657268,0.09253443219386781,0.049506430764198694
Hammersmith and Fulham,Q3_1920,2019-10-01 00:00:00,0.06932432833288327,0.07002548296249811,0.09460910510457754
Hammersmith and Fulham,Q3_2021,2020-10-01 00:00:00,0.010444120550726743,0.0069940779984586365,0.01210912376117479
Hammersmith and Fulham,Q3_2122,2021-10-01 00:00:00,-0.05215685310776752,-0.011248314758389166,-0.01988195430825679
Hammersmith and Fulham,Q3_2223,2022-10-01 00:00:00,-0.11216565755839958,-0.11801188815578778,-0.14448909334523918
Hammersmith and Fulham,Q3_2324,2023-10-01 00:00:00,-0.06952066164674509,-0.08595162841194715,-0.07946232009089538
Hammersmith and Fulham,Q3_2425,2024-10-01 00:00:00,-0.0711209065443752,-0.047033013693507875,-0.050198926622970985
Hammersmith and Fulham,Q3_2526,2025-10-01 00:00:00,-0.14233142527841808,-0.05136628406183219,-0.05996231138448327
Hammersmith and Fulham,Q4_1415,2015-01-01 00:00:00,-0.0434818297000269,,-0.04953814655054112
Hammersmith and Fulham,Q4_1516,2016-01-01 00:00:00,0.03552892799961993,0.015823467987594708,0.05000649668417567
Hammersmith and Fulham,Q4_1617,2017-01-01 00:00:00,0.028613036347779897,0.007907592348421089,0.03142613836417618
Hammersmith and Fulham,Q4_1718,2018-01-01 00:00:00,0.14656295097412841,0.09788657701636216,0.12952876046608253
Hammersmith and Fulham,Q4_1819,2019-01-01 00:00:00,0.10177982518250206,0.0781695679664769,0.046533218943820454
Hammersmith and Fulham,Q4_1920,2020-01-01 00:00:00,0.023313074905949915,0.04244805674949137,0.09263590074683825
Hammersmith and Fulham,Q4_2021,2021-01-01 00:00:00,-0.005238279446048488,-0.033603497760837375,-0.04510962025316689
Hammersmith and Fulham,Q4_2122,2022-01-01 00:00:00,-0.10917763974619699,-0.05275032184408157,-0.07771676924033455
Hammersmith and Fulham,Q4_2223,2023-01-01 00:00:00,-0.07628839447983071,-0.10404025493987357,-0.08178373844561582
Hammersmith and Fulham,Q4_2324,2024-01-01 00:00:00,-0.04691088353761874,-0.060945662257700706,-0.0628641029844812
Hammersmith and Fulham,Q4_2425,2025-01-01 00:00:00,-0.1393055076538084,-0.04932148280215354,-0.07856945539655835
Hammersmith and Fulham,Q4_2526,2026-01-01 00:00:00,-0.21376053843627169,-0.09963539072059235,-0.09284174840713422
Haringey,Q1_1516,2015-04-01 00:00:00,-0.0137627480908602,,0.010795655203066468
Haringey,Q1_1617,2016-04-01 00:00:00,0.014544594573533742,0.027603179606996098,0.0014985968625621515
Haringey,Q1_1718,2017-04-01 00:00:00,0.12045432864224004,0.13011114564697535,0.13506594321928111
Haringey,Q1_1819,2018-04-01 00:00:00,0.0478075354722855,0.0487369056113085,0.014539603677456325
Haringey,Q1_1920,2019-04-01 00:00:00,0.027069670427056047,0.05787134492284607,0.06358895954843535
Haringey,Q1_2021,2020-04-01 00:00:00,-0.01982423829044566,0.03632315017440246,-0.001060379912780185
Haringey,Q1_2122,2021-04-01 00:00:00,0.04347005433480944,0.03191816602687336,0.06606760482561636
Haringey,Q1_2223,2022-04-01 00:00:00,-0.0011988503479356538,-0.0435587438466738,-0.06994767785284439
Haringey,Q1_2324,2023-04-01 00:00:00,-0.04520687730822737,-0.09652979411795248,-0.062227791908552765
Haringey,Q1_2425,2024-04-01 00:00:00,-0.07857815725625861,-0.1404845110566174,-0.08657125215321793
Haringey,Q1_2526,2025-04-01 00:00:00,-0.033285883828405805,0.025723648364079255,0.030247160910105486
Haringey,Q2_1516,2015-07-01 00:00:00,-0.010111588298086782,,-0.014500295399881069
Haringey,Q2_1617,2016-07-01 00:00:00,0.025244294185389204,0.03842396991502084,0.04240006974353039
Haringey,Q2_1718,2017-07-01 00:00:00,0.13985574706335346,0.1111395826947994,0.10717846065629077
Haringey,Q2_1819,2018-07-01 00:00:00,0.01556849671434779,0.036110376625629215,0.021654890458358
Haringey,Q2_1920,2019-07-01 00:00:00,0.049881190685602816,0.0711694296150911,0.057211241488325904
Haringey,Q2_2021,2020-07-01 00:00:00,-0.0006524689256041105,0.06881280461428163,0.04363997702574951
Haringey,Q2_2122,2021-07-01 00:00:00,0.025594596792625324,0.014410383871239496,0.03880480430055622
Haringey,Q2_2223,2022-07-01 00:00:00,0.008762984218690373,-0.053603514227111515,-0.06999684910089732
Haringey,Q2_2324,2023-07-01 00:00:00,-0.07224269531618488,-0.12305262790395666,-0.06840882497645095
Haringey,Q2_2425,2024-07-01 00:00:00,-0.05641544936506876,-0.0779475228318135,-0.053784881430225195
Haringey,Q2_2526,2025-07-01 00:00:00,-0.04102140144821881,0.028380024270050264,0.013164654961238975
Haringey,Q3_1516,2015-10-01 00:00:00,-0.03835597836288551,,-0.022238417989451698
Haringey,Q3_1617,2016-10-01 00:00:00,0.08192390148185669,0.05452894681693965,0.05812217116293572
Haringey,Q3_1718,2017-10-01 00:00:00,0.07190461511044977,0.07181242010360855,0.036934450645288
Haringey,Q3_1819,2018-10-01 00:00:00,0.029703741785885973,0.02923066149836695,0.02409890867424247
Haringey,Q3_1920,2019-10-01 00:00:00,0.00843090421739312,0.03946815515845792,0.035342734062319026
Haringey,Q3_2021,2020-10-01 00:00:00,0.006880156172242802,0.07418781367129457,0.05757736932849733
Haringey,Q3_2122,2021-10-01 00:00:00,0.010505872342766898,-0.021559000187122646,-0.027751362106485544
Haringey,Q3_2223,2022-10-01 00:00:00,-0.007407094176762941,-0.06084139239787556,-0.05794620086943536
Haringey,Q3_2324,2023-10-01 00:00:00,-0.08351487642864941,-0.12454497391854713,-0.06004786657821137
Haringey,Q3_2425,2024-10-01 00:00:00,-0.031071632236689184,-0.043409509245214695,-0.02978377369266849
Haringey,Q3_2526,2025-10-01 00:00:00,-0.08429025045122468,-0.037185144662128855,-0.05393054894512228
Haringey,Q4_1415,2015-01-01 00:00:00,0.06618636466464134,,0.05073009353899616
Haringey,Q4_1516,2016-01-01 00:00:00,-0.029895317508967678,-0.007605107983924886,-0.02422165832758183
Haringey,Q4_1617,2017-01-01 00:00:00,0.0537558422838057,0.05667792507795,0.07048239106947074
Haringey,Q4_1718,2018-01-01 00:00:00,0.06121829376574711,0.02927671358104811,-0.006833498809499683
Haringey,Q4_1819,2019-01-01 00:00:00,0.012642480155679203,0.03267798079207096,0.04788509477430902
Haringey,Q4_1920,2020-01-01 00:00:00,-0.026835269132182038,0.05156000298337171,-0.014325765158806236
Haringey,Q4_2021,2021-01-01 00:00:00,0.044311006781092566,0.03944343504714021,0.04138363830310421
Haringey,Q4_2122,2022-01-01 00:00:00,-0.005944085897428675,-0.049125194481096424,-0.04606130302741085
Haringey,Q4_2223,2023-01-01 00:00:00,-0.02903614245674585,-0.061021755621869955,-0.0771613071298517
Haringey,Q4_2324,2024-01-01 00:00:00,-0.08715265795427002,-0.16054292319495744,-0.08761839254908321
Haringey,Q4_2425,2025-01-01 00:00:00,-0.055651484241561744,-0.008781954897740585,-0.015684323459005944
Haringey,Q4_2526,2026-01-01 00:00:00,-0.11426152454883426,-0.09580449611524444,-0.11831210306227202
Harrow,Q1_1516,2015-04-01 00:00:00,0.0545637745619193,,0.047318731608480435
Harrow,Q1_1617,2016-04-01 00:00:00,-0.06584328163110631,-0.005433448461483192,-0.05279451741916685
Harrow,Q1_1718,2017-04-01 00:00:00,0.10689425411896258,0.06260012310514218,0.034659988966970534
Harrow,Q1_1819,2018-04-01 00:00:00,0.046080141732911306,0.0021065812194438482,-0.005566509088324123
Harrow,Q1_1920,2019-04-01 00:00:00,0.028444473596063613,0.009602248608486796,0.057873430126462067
Harrow,Q1_2021,2020-04-01 00:00:00,0.0019417371038178421,0.05959774330047751,0.06328212579726178
Harrow,Q1_2122,2021-04-01 00:00:00,-0.04310574588103744,0.012600123105142136,0.014659988966970516
Harrow,Q1_2223,2022-04-01 00:00:00,-0.07468308862901163,-0.048356114298398256,-0.06577885101516279
Harrow,Q1_2324,2023-04-01 00:00:00,0.07347499590620954,0.006589586681203463,0.08649084824726816
Harrow,Q1_2425,2024-04-01 00:00:00,-0.008797734504849886,-0.0347882177497042,-0.07414145882376255
Harrow,Q1_2526,2025-04-01 00:00:00,-0.0735568860196455,-0.051611041860521456,-0.08268337759280364
Harrow,Q2_1516,2015-07-01 00:00:00,-0.016487787270063503,,0.0670261716203916
Harrow,Q2_1617,2016-07-01 00:00:00,0.00549661167093618,-0.004621160774604727,-0.04242173936982785
Harrow,Q2_1718,2017-07-01 00:00:00,0.04355300120121086,0.04057454494925539,0.013730403198365715
Harrow,Q2_1819,2018-07-01 00:00:00,0.057928855276235924,-0.006772667415116174,0.004947830245573992
Harrow,Q2_1920,2019-07-01 00:00:00,-0.00018171175247494453,0.05043510054060274,0.0782556455947716
Harrow,Q2_2021,2020-07-01 00:00:00,0.02505233865418366,0.04754582408474395,0.056929688229401365
Harrow,Q2_2122,2021-07-01 00:00:00,-0.04978145363799513,0.004615419138410237,0.005584856026089935
Harrow,Q2_2223,2022-07-01 00:00:00,-0.029900178360960927,-0.03545655571992068,-0.024448174940307155
Harrow,Q2_2324,2023-07-01 00:00:00,0.05976060814485107,0.004337801827704935,0.04545745086998676
Harrow,Q2_2425,2024-07-01 00:00:00,-0.029757694884740005,-0.01930784639392935,-0.07162638666809584
Harrow,Q2_2526,2025-07-01 00:00:00,-0.07097886346381677,-0.06004815922247686,-0.09196613375103757
Harrow,Q3_1516,2015-10-01 00:00:00,-0.03597896702878156,,0.02716773290495078
Harrow,Q3_1617,2016-10-01 00:00:00,0.002562414946210123,-0.006399967987642308,-0.03323807611078533
Harrow,Q3_1718,2017-10-01 00:00:00,0.03195869777852722,0.009608025423096245,-0.006713155493252798
Harrow,Q3_1819,2018-10-01 00:00:00,0.05418734424400429,0.017021435831189424,0.01668903404565092
Harrow,Q3_1920,2019-10-01 00:00:00,0.01158219841730257,0.061504441292949075,0.09874639138124319
Harrow,Q3_2021,2020-10-01 00:00:00,0.03160932168817554,0.02545855319314483,0.045971790203884866
Harrow,Q3_2122,2021-10-01 00:00:00,-0.08879773450484996,-0.004788217749704171,-0.054141458823762534
Harrow,Q3_2223,2022-10-01 00:00:00,0.03172804641114135,-0.024469471948524113,0.02600482117028191
Harrow,Q3_2324,2023-10-01 00:00:00,0.05272872621899605,0.006137173285979958,0.01628322502991486
Harrow,Q3_2425,2024-10-01 00:00:00,-0.055229194737330345,-0.03656251965473256,-0.08036649123551975
Harrow,Q3_2526,2025-10-01 00:00:00,-0.04265797026004736,-0.0310660893617295,-0.0724332859900827
Harrow,Q4_1415,2015-01-01 00:00:00,0.1210868362464923,,0.0463513961639932
Harrow,Q4_1516,2016-01-01 00:00:00,-0.05813297271687534,0.0031784649849904145,-0.01343154319968276
Harrow,Q4_1617,2017-01-01 00:00:00,0.0015617351383555578,0.022993386777853564,-0.02351647997041828
Harrow,Q4_1718,2018-01-01 00:00:00,0.05190781575439907,-0.0004228209447599829,0.01327268837829132
Harrow,Q4_1819,2019-01-01 00:00:00,0.046714484775704834,0.02855347210137793,0.03739212175896123
Harrow,Q4_1920,2020-01-01 00:00:00,0.018020456728328638,0.05934519554301898,0.08775546238932952
Harrow,Q4_2021,2021-01-01 00:00:00,-0.04136559446451504,-0.0024072706101718744,0.012361977447627681
Harrow,Q4_2122,2022-01-01 00:00:00,-0.08393681894179805,-0.027903700903174733,-0.08557122779780935
Harrow,Q4_2223,2023-01-01 00:00:00,0.06774228785443259,0.003114229236077848,0.09489592444123562
Harrow,Q4_2324,2024-01-01 00:00:00,0.005238906075987204,-0.032341072566450135,-0.043018405966260276
Harrow,Q4_2425,2025-01-01 00:00:00,-0.06730519513042277,-0.053883390959257316,-0.08372621238905575
Harrow,Q4_2526,2026-01-01 00:00:00,-0.09534119042506028,-0.05087973964799264,-0.0915262391682623
Havering,Q1_1516,2015-04-01 00:00:00,-0.015378833474766984,,-0.051414612689717476
Havering,Q1_1617,2016-04-01 00:00:00,-0.0010248032583810573,-0.0022955901823834557,-0.00023634253568927122
Havering,Q1_1718,2017-04-01 00:00:00,0.16608312038287887,0.09967472511471764,0.09227957218882998
Havering,Q1_1819,2018-04-01 00:00:00,0.09469774713221069,0.05877555374321253,0.08190466804891183
Havering,Q1_1920,2019-04-01 00:00:00,0.03169058354034571,0.013314228285094876,0.06379704132659358
Havering,Q1_2021,2020-04-01 00:00:00,0.014890280262947031,0.006448202053390473,0.03842597158995242
Havering,Q1_2122,2021-04-01 00:00:00,-0.011662851256633577,-0.0018432319774177586,-0.0025227713177397026
Havering,Q1_2223,2022-04-01 00:00:00,-0.019535385872088695,-0.010991019695373527,-0.08382856578725861
Havering,Q1_2324,2023-04-01 00:00:00,-0.02657225045512135,-0.04257734471914831,-0.06032053419231087
Havering,Q1_2425,2024-04-01 00:00:00,-0.08115717621328539,-0.05555317378198621,-0.051561288369658786
Havering,Q1_2526,2025-04-01 00:00:00,-0.09702851998992706,0.0006360523102069138,-0.013150167819787728
Havering,Q2_1516,2015-07-01 00:00:00,-0.017753759047341222,,-0.042057305501005615
Havering,Q2_1617,2016-07-01 00:00:00,0.008975196741618952,-0.0022955901823834557,0.019763657464310747
Havering,Q2_1718,2017-07-01 00:00:00,0.1313992393925243,0.07663466952534359,0.09101203914434508
Havering,Q2_1819,2018-07-01 00:00:00,0.07367520973290786,0.048111879635673205,0.051627953088496104
Havering,Q2_1920,2019-07-01 00:00:00,0.034433866513035705,0.018604283005782984,0.061833257736546465
Havering,Q2_2021,2020-07-01 00:00:00,0.08915625412953765,0.02517886825719262,0.05040505148923957
Havering,Q2_2122,2021-07-01 00:00:00,0.0016301349343023075,0.006784531420594431,0.0010745231676647649
Havering,Q2_2223,2022-07-01 00:00:00,-0.041844341289869136,-0.022489638647881782,-0.07445340602045536
Havering,Q2_2324,2023-07-01 00:00:00,0.004345810163240316,-0.04549101795800192,-0.04736593251819454
Havering,Q2_2425,2024-07-01 00:00:00,-0.11716598184826504,-0.022962703878364743,-0.06048120739513285
Havering,Q2_2526,2025-07-01 00:00:00,-0.05336717639887523,-0.006987566207958373,-0.0021593497357185187
Havering,Q3_1516,2015-10-01 00:00:00,-0.00020017632345947778,,-1.3185309547525392e-05
Havering,Q3_1617,2016-10-01 00:00:00,-0.022773012360414846,-0.0234302588178541,-0.0007094358551097413
Havering,Q3_1718,2017-10-01 00:00:00,0.1398764042835181,0.08213674196526699,0.08330609542908185
Havering,Q3_1819,2018-10-01 00:00:00,0.05033819536707418,0.02243646575576852,0.05343106347572113
Havering,Q3_1920,2019-10-01 00:00:00,0.060964911837614655,0.0428432337571637,0.07360066296758883
Havering,Q3_2021,2020-10-01 00:00:00,0.05662192471872951,0.02704350822929036,0.04701306165188546
Havering,Q3_2122,2021-10-01 00:00:00,-0.04057986525128743,-0.014649861005377796,-0.049523538198395056
Havering,Q3_2223,2022-10-01 00:00:00,-0.02296031237261209,-0.049704418462100386,-0.06746156542884574
Havering,Q3_2324,2023-10-01 00:00:00,-0.04515941367580678,-0.05516988532532152,-0.05723203818250955
Havering,Q3_2425,2024-10-01 00:00:00,-0.11372449070149032,-0.013709942652067153,-0.05496220449605849
Havering,Q3_2526,2025-10-01 00:00:00,-0.05127807342537205,-0.038612567510987184,-0.017006324687516505
Havering,Q4_1415,2015-01-01 00:00:00,-0.010854356322646308,,-0.04289637667129842
Havering,Q4_1516,2016-01-01 00:00:00,-0.003498684063145796,0.006098746654214726,-0.010905814214114296
Havering,Q4_1617,2017-01-01 00:00:00,0.0049510172992016654,-0.0049074689281837225,0.048674650200739245
Havering,Q4_1718,2018-01-01 00:00:00,0.12203147741181508,0.07055455834659563,0.05847697305537514
Havering,Q4_1819,2019-01-01 00:00:00,0.013312373881542383,0.007876382371707513,0.061529763908993784
Havering,Q4_1920,2020-01-01 00:00:00,0.052751627565795656,0.03751243205466992,0.0713780169952174
Havering,Q4_2021,2021-01-01 00:00:00,0.02300460930257542,0.0017147772293482078,0.020621838695186967
Havering,Q4_2122,2022-01-01 00:00:00,-0.0688976263040475,-0.04355801005426463,-0.08906829745706601
Havering,Q4_2223,2023-01-01 00:00:00,-0.011745386057678497,-0.032425412121345754,-0.05442662715331836
Havering,Q4_2324,2024-01-01 00:00:00,-0.057891653550996014,-0.05343369840629597,-0.05067758575413761
Havering,Q4_2425,2025-01-01 00:00:00,-0.12612687980271092,-0.011759667311254551,-0.02831848917722979
Havering,Q4_2526,2026-01-01 00:00:00,-0.11664897527720464,-0.09753177188929418,-0.05740289515686914
Hillingdon,Q1_1516,2015-04-01 00:00:00,0.02645236582543209,,0.06854169233843832
Hillingdon,Q1_1617,2016-04-01 00:00:00,-0.03345987056225108,-0.0018798654326531716,-0.0614991917310046
Hillingdon,Q1_1718,2017-04-01 00:00:00,0.08140196260042143,0.04307106110737169,-0.03239776522791149
Hillingdon,Q1_1819,2018-04-01 00:00:00,0.06130688535374473,0.0329969883905441,0.027646525847318304
Hillingdon,Q1_1920,2019-04-01 00:00:00,-0.02432687493348784,0.01639863546331799,0.0056125433925329204
Hillingdon,Q1_2021,2020-04-01 00:00:00,-0.00039719145207584017,0.031669377388942266,0.04844035819566839
Hillingdon,Q1_2122,2021-04-01 00:00:00,0.03307678486880283,0.03437588050379581,0.046822030446886154
Hillingdon,Q1_2223,2022-04-01 00:00:00,-0.0537564114534278,-0.01315692823571657,0.015346796941153928
Hillingdon,Q1_2324,2023-04-01 00:00:00,0.041599430728134434,0.02322490444232128,0.07751024561584186
Hillingdon,Q1_2425,2024-04-01 00:00:00,-0.017642213128681417,-0.02839348275357423,-0.05750145989670297
Hillingdon,Q1_2526,2025-04-01 00:00:00,-0.03402927775496767,-0.0355787195141265,-0.059184520755436565
Hillingdon,Q2_1516,2015-07-01 00:00:00,0.016306093138237165,,0.028609832454176476
Hillingdon,Q2_1617,2016-07-01 00:00:00,-0.052099534571338535,-0.010820055791889494,-0.07213289480736984
Hillingdon,Q2_1718,2017-07-01 00:00:00,0.13017327202798423,0.04211381368990774,-0.031825388255710685
Hillingdon,Q2_1819,2018-07-01 00:00:00,0.030802244582922245,0.022603833201228496,0.027881609246615202
Hillingdon,Q2_1920,2019-07-01 00:00:00,-0.012820266255380464,0.04757240312997024,0.03491070020042952
Hillingdon,Q2_2021,2020-07-01 00:00:00,-0.010779762269011783,0.009162117591115848,0.03396014558588156
Hillingdon,Q2_2122,2021-07-01 00:00:00,0.011497039847098045,0.04314513382419927,0.02755794369685871
Hillingdon,Q2_2223,2022-07-01 00:00:00,0.017187047378979137,-0.012421898968735245,0.0649072931946425
Hillingdon,Q2_2324,2023-07-01 00:00:00,0.011511667115817525,-0.0068434703732117574,0.027551129685284836
Hillingdon,Q2_2425,2024-07-01 00:00:00,0.006446108478415757,-0.025208355929988713,-0.059405976131585714
Hillingdon,Q2_2526,2025-07-01 00:00:00,-0.09977274255759644,-0.0522625409607691,-0.08116739812341833
Hillingdon,Q3_1516,2015-10-01 00:00:00,0.01597697959204869,,-0.001236852285412593
Hillingdon,Q3_1617,2016-10-01 00:00:00,-0.043255088800178254,-0.011720324196409226,-0.061594587893038066
Hillingdon,Q3_1718,2017-10-01 00:00:00,0.11376426649861882,0.054911483225472124,-0.03349822809708347
Hillingdon,Q3_1819,2018-10-01 00:00:00,0.0067628565861139744,0.007247622756187844,0.025104899530283387
Hillingdon,Q3_1920,2019-10-01 00:00:00,0.009264119537146565,0.04919630499888239,0.02393970355116004
Hillingdon,Q3_2021,2020-10-01 00:00:00,0.012637966807218182,0.024034006426130072,0.06702645079410063
Hillingdon,Q3_2122,2021-10-01 00:00:00,0.007560042731326155,0.007868693997280518,-0.00526646410048992
Hillingdon,Q3_2223,2022-10-01 00:00:00,0.029249492268427102,0.019184909196293565,0.07394651756273385
Hillingdon,Q3_2324,2023-10-01 00:00:00,-6.807790588736484e-05,-0.028074217052808437,0.008287042935257394
Hillingdon,Q3_2425,2024-10-01 00:00:00,0.0045884453510406376,-0.026655622858773542,-0.04854059666171051
Hillingdon,Q3_2526,2025-10-01 00:00:00,-0.16557976823923348,-0.11678667458854541,-0.11846223552861157
Hillingdon,Q4_1415,2015-01-01 00:00:00,0.06555278879918358,,0.0989607540502282
Hillingdon,Q4_1516,2016-01-01 00:00:00,-0.014827520187523202,-0.012945372974711322,-0.06086208164885243
Hillingdon,Q4_1617,2017-01-01 00:00:00,-0.024776324747005085,0.017094512334349665,0.009114069310639183
Hillingdon,Q4_1718,2018-01-01 00:00:00,0.07019521293106357,0.032130907393790986,-0.0018356092730713591
Hillingdon,Q4_1819,2019-01-01 00:00:00,0.025351325154683302,-0.003852072193636813,0.005762451647157052
Hillingdon,Q4_1920,2020-01-01 00:00:00,-0.025146001981779187,0.03576047051834197,0.02599412804066692
Hillingdon,Q4_2021,2021-01-01 00:00:00,0.03663347299786801,0.02935602946340421,0.049823602545153944
Hillingdon,Q4_2122,2022-01-01 00:00:00,-0.0462430471357409,0.004905785324177625,0.03650517890870342
Hillingdon,Q4_2223,2023-01-01 00:00:00,0.06618507947169427,0.02679748855392794,0.08537405298744927
Hillingdon,Q4_2324,2024-01-01 00:00:00,-0.03492659295098688,-0.03406859244282512,-0.034108082132940476
Hillingdon,Q4_2425,2025-01-01 00:00:00,-0.006801145177310786,-0.027738224104714937,-0.03789326556219763
Hillingdon,Q4_2526,2026-01-01 00:00:00,-0.2307752386085532,-0.20641594454785184,-0.1867251005927062
Hounslow,Q1_1516,2015-04-01 00:00:00,-0.016875587954347515,,-0.0107631196440513
Hounslow,Q1_1617,2016-04-01 00:00:00,-0.014676695723185862,0.002729857921549006,-5.809102174847425e-07
Hounslow,Q1_1718,2017-04-01 00:00:00,0.21941818257135937,0.09309537504337007,0.03262993564631944
Hounslow,Q1_1819,2018-04-01 00:00:00,0.10077588784160685,0.044399268954161686,0.11310076493163956
Hounslow,Q1_1920,2019-04-01 00:00:00,0.03707741121547303,0.07045103743142289,0.0752860269406801
Hounslow,Q1_2021,2020-04-01 00:00:00,0.040873493968388575,0.06488934706132266,0.10966678177457623
Hounslow,Q1_2122,2021-04-01 00:00:00,0.009905185548730655,0.013563076120067019,0.002798820063879992
Hounslow,Q1_2223,2022-04-01 00:00:00,-0.02802874121393606,-0.02445273749394561,-0.02648470058889374
Hounslow,Q1_2324,2023-04-01 00:00:00,-0.051432064520450904,-0.04811751381868623,-0.03419708438739244
Hounslow,Q1_2425,2024-04-01 00:00:00,-0.09509196568372674,-0.04163235827386369,-0.12546627637390773
Hounslow,Q1_2526,2025-04-01 00:00:00,-0.07611930476730844,-0.08301532025471892,-0.09235470892309616
Hounslow,Q2_1516,2015-07-01 00:00:00,-0.014735726387109627,,-0.040021051748709735
Hounslow,Q2_1617,2016-07-01 00:00:00,-0.0031566561271478832,0.014189652191239577,0.020526543180956147
Hounslow,Q2_1718,2017-07-01 00:00:00,0.2084146612846547,0.0721316273701762,0.042281931391952354
Hounslow,Q2_1819,2018-07-01 00:00:00,0.0871307443443119,0.060898597258884135,0.09183669065474742
Hounslow,Q2_1920,2019-07-01 00:00:00,0.01600010159886356,0.07941642595872955,0.11491243413819763
Hounslow,Q2_2021,2020-07-01 00:00:00,0.03551309862149221,0.03894872488203249,0.06474354972063723
Hounslow,Q2_2122,2021-07-01 00:00:00,-0.0030758629794214176,-0.009299821379714523,-0.008234957279975252
Hounslow,Q2_2223,2022-07-01 00:00:00,-0.012515071672145273,-0.01876125650351801,-0.028040484314299507
Hounslow,Q2_2324,2023-07-01 00:00:00,-0.06360480401546176,-0.04099681985959591,-0.038014891162753695
Hounslow,Q2_2425,2024-07-01 00:00:00,-0.0651452988125657,-0.022079918101324925,-0.12201694008797515
Hounslow,Q2_2526,2025-07-01 00:00:00,-0.10322680223504205,-0.0902374593143368,-0.07135163783697918
Hounslow,Q3_1516,2015-10-01 00:00:00,-0.022477803492024107,,-0.019238042176383807
Hounslow,Q3_1617,2016-10-01 00:00:00,0.016799070874909283,0.014147133911539878,0.010511190052087005
Hounslow,Q3_1718,2017-10-01 00:00:00,0.19991994321471163,0.06357724887996696,0.06280393777350302
Hounslow,Q3_1819,2018-10-01 00:00:00,0.07707741121547307,0.09045103743142291,0.11528602694068002
Hounslow,Q3_1920,2019-10-01 00:00:00,0.02908445378888236,0.06237853277781058,0.10598203544941409
Hounslow,Q3_2021,2020-10-01 00:00:00,0.0014490429416456063,0.025442084697419043,0.029866372449875
Hounslow,Q3_2122,2021-10-01 00:00:00,-0.01320868197324998,0.010572623781186175,0.0017189833334173565
Hounslow,Q3_2223,2022-10-01 00:00:00,-0.011791946039078627,-0.05806679126842251,-0.0377897165427703
Hounslow,Q3_2324,2023-10-01 00:00:00,-0.0844074155135181,-0.05137128010632941,-0.061761054606822796
Hounslow,Q3_2425,2024-10-01 00:00:00,-0.06864286565005107,-0.05543886219760341,-0.11322983726863689
Hounslow,Q3_2526,2025-10-01 00:00:00,-0.15509196568372674,-0.11163235827386375,-0.10546627637390771
Hounslow,Q4_1415,2015-01-01 00:00:00,0.020409001505157454,,0.008295221785308393
Hounslow,Q4_1516,2016-01-01 00:00:00,-0.025237487030462025,-0.027808706954647655,-0.0001950538758932474
Hounslow,Q4_1617,2017-01-01 00:00:00,0.04572176125829985,0.003112522438846521,-0.009862402750395294
Hounslow,Q4_1718,2018-01-01 00:00:00,0.15329375118926458,0.04721367968490775,0.07050608615275566
Hounslow,Q4_1819,2019-01-01 00:00:00,0.07380120936770185,0.06730468473364304,0.09414989540436391
Hounslow,Q4_1920,2020-01-01 00:00:00,0.019359151907435534,0.07303868400377045,0.1226094648078273
Hounslow,Q4_2021,2021-01-01 00:00:00,-0.009087930568753566,-0.004677265871116165,0.006212327779020588
Hounslow,Q4_2122,2022-01-01 00:00:00,-0.016588187482887817,-0.012672938235892994,-0.009452972170259977
Hounslow,Q4_2223,2023-01-01 00:00:00,-0.04162961171328816,-0.047910890909523496,-0.02773342173691684
Hounslow,Q4_2324,2024-01-01 00:00:00,-0.11349813775778411,-0.05010170020467353,-0.13491356373461882
Hounslow,Q4_2425,2025-01-01 00:00:00,-0.07220516068654526,-0.06846362854561994,-0.07793301241221551
Hounslow,Q4_2526,2026-01-01 00:00:00,-0.21047178857515192,-0.14521359496608455,-0.101203233464772
Islington,Q1_1516,2015-04-01 00:00:00,0.019455403769928492,,0.04307234543914085
Islington,Q1_1617,2016-04-01 00:00:00,0.05995246394214615,0.06939907911777932,0.03350842664074449
Islington,Q1_1718,2017-04-01 00:00:00,0.19490495903099392,0.15349741235678915,0.22963712514612988
Islington,Q1_1819,2018-04-01 00:00:00,0.06038530645720952,0.1416623242296211,0.12180590282286707
Islington,Q1_1920,2019-04-01 00:00:00,0.020463789642296448,0.0916937566981344,-0.00812524225056388
Islington,Q1_2021,2020-04-01 00:00:00,-0.01805203093867358,0.024253211686112608,0.0017644068547022496
Islington,Q1_2122,2021-04-01 00:00:00,0.036068467944737836,-0.03608654299083125,-0.06707417904642621
Islington,Q1_2223,2022-04-01 00:00:00,-0.018758116271771375,-0.10000959907827967,-0.0937622265764202
Islington,Q1_2324,2023-04-01 00:00:00,-0.056992112940970674,-0.1212923278106195,-0.10466646027461857
Islington,Q1_2425,2024-04-01 00:00:00,-0.05228312183574929,-0.08940637969982757,-0.02053516468047878
Islington,Q1_2526,2025-04-01 00:00:00,-0.0936302848467338,-0.06193592968319095,-0.02417064379924727
Islington,Q2_1516,2015-07-01 00:00:00,0.04760444282178811,,0.022675251527222384
Islington,Q2_1617,2016-07-01 00:00:00,0.01809502856175338,0.048655177362966984,0.05187886004527831
Islington,Q2_1718,2017-07-01 00:00:00,0.19582059619034253,0.1738641244894431,0.20044043262276823
Islington,Q2_1819,2018-07-01 00:00:00,0.04289676837999412,0.13266816322204344,0.09400926047307501
Islington,Q2_1920,2019-07-01 00:00:00,0.041706571739183684,0.08020147817570655,0.03051149120744434
Islington,Q2_2021,2020-07-01 00:00:00,0.0478541579049816,0.036643606757013836,0.020812066214017322
Islington,Q2_2122,2021-07-01 00:00:00,0.04134652797501137,-0.06996768912026208,-0.06367042000766154
Islington,Q2_2223,2022-07-01 00:00:00,-0.031746951737330775,-0.11720163189110067,-0.10761118646958989
Islington,Q2_2324,2023-07-01 00:00:00,-0.06350621730319345,-0.10390122269721491,-0.0703814191798452
Islington,Q2_2425,2024-07-01 00:00:00,-0.05375461572295959,-0.06599071812139345,-0.02305292932664771
Islington,Q2_2526,2025-07-01 00:00:00,-0.13438248120365576,-0.05624217786949903,-0.05360376873919981
Islington,Q3_1516,2015-10-01 00:00:00,0.05524347283692488,,0.039377131046604674
Islington,Q3_1617,2016-10-01 00:00:00,0.018958343597710647,0.05900093451661215,0.06263626423753721
Islington,Q3_1718,2017-10-01 00:00:00,0.13989498404992962,0.16348093239058348,0.15769535521280975
Islington,Q3_1819,2018-10-01 00:00:00,0.01151023211012342,0.13211285627831026,0.07279282343702276
Islington,Q3_1920,2019-10-01 00:00:00,0.04356400711957653,0.05094537993051884,0.022141057802910646
Islington,Q3_2021,2020-10-01 00:00:00,0.037147545906512924,0.03034063308816859,-0.014900689033102155
Islington,Q3_2122,2021-10-01 00:00:00,0.024014956267970122,-0.07889898519081329,-0.08132935250431572
Islington,Q3_2223,2022-10-01 00:00:00,-0.04672402789176133,-0.11518995390625608,-0.1032044711691742
Islington,Q3_2324,2023-10-01 00:00:00,-0.08028193228237307,-0.11661489247885437,-0.06632589450696857
Islington,Q3_2425,2024-10-01 00:00:00,-0.07655384932439668,-0.06711180949836415,-0.025508755040941966
Islington,Q3_2526,2025-10-01 00:00:00,-0.1383786492108413,-0.08184763475435264,-0.045882897310670856
Islington,Q4_1415,2015-01-01 00:00:00,0.025609727700664275,,0.029698454037260014
Islington,Q4_1516,2016-01-01 00:00:00,0.034308149048133174,0.08313354039414866,0.04978334461132461
Islington,Q4_1617,2017-01-01 00:00:00,-0.010570757291767263,0.049189529327691384,0.04304939379695116
Islington,Q4_1718,2018-01-01 00:00:00,0.07801112427515561,0.13670647169404027,0.09094977606715537
Islington,Q4_1819,2019-01-01 00:00:00,0.013661913601421216,0.10896960942699041,0.0459073307801231
Islington,Q4_1920,2020-01-01 00:00:00,0.01716749586864158,0.04037359302057997,0.008982850833538225
Islington,Q4_2021,2021-01-01 00:00:00,0.018030284239227812,0.008679187269772237,-0.0504458667901998
Islington,Q4_2122,2022-01-01 00:00:00,-0.011400383503034406,-0.13106782551822405,-0.11608034243757648
Islington,Q4_2223,2023-01-01 00:00:00,-0.042767233143462036,-0.10761025398177226,-0.10850630051498689
Islington,Q4_2324,2024-01-01 00:00:00,-0.09619433222559531,-0.10898280510684855,-0.06151296564183295
Islington,Q4_2425,2025-01-01 00:00:00,-0.09053033070213917,-0.0687043879030328,-0.03899740465377122
Islington,Q4_2526,2026-01-01 00:00:00,-0.22716929260595875,-0.11740823413228374,-0.12378077090239537
Kensington and Chelsea,Q1_1516,2015-04-01 00:00:00,0.020052482070945565,,-0.03255112076052502
Kensington and Chelsea,Q1_1617,2016-04-01 00:00:00,0.058634207480652845,0.034957719659394426,0.027377995159350244
Kensington and Chelsea,Q1_1718,2017-04-01 00:00:00,0.11798118082237774,0.08856816064143946,0.10284305790024262
Kensington and Chelsea,Q1_1819,2018-04-01 00:00:00,0.15590370818307575,0.08754962102468156,0.09273922769836962
Kensington and Chelsea,Q1_1920,2019-04-01 00:00:00,0.179986575593729,0.0844541443882807,0.11344307666298947
Kensington and Chelsea,Q1_2021,2020-04-01 00:00:00,-0.004666935378678683,0.017658717547419323,0.07071154365986898
Kensington and Chelsea,Q1_2122,2021-04-01 00:00:00,-0.04865857599049339,-0.04958994994278476,-0.05798858208206714
Kensington and Chelsea,Q1_2223,2022-04-01 00:00:00,-0.09905026503372139,-0.054879204215279476,-0.10750836739840441
Kensington and Chelsea,Q1_2324,2023-04-01 00:00:00,-0.04768409261292472,-0.04930661727359453,-0.056940296390080136
Kensington and Chelsea,Q1_2425,2024-04-01 00:00:00,-0.07518713030607138,-0.02808241100345288,-0.036815500474367324
Kensington and Chelsea,Q1_2526,2025-04-01 00:00:00,-0.19444802946324263,-0.08772004594749094,-0.06677856088331635
Kensington and Chelsea,Q2_1516,2015-07-01 00:00:00,0.044167475952640034,,-0.04234545709143034
Kensington and Chelsea,Q2_1617,2016-07-01 00:00:00,0.04720378211777376,0.03915919557852077,0.06780629474207633
Kensington and Chelsea,Q2_1718,2017-07-01 00:00:00,0.13755736530810858,0.09816593779935034,0.09382145787943053
Kensington and Chelsea,Q2_1819,2018-07-01 00:00:00,0.1647607675244328,0.08679482677679162,0.10368168645383224
Kensington and Chelsea,Q2_1920,2019-07-01 00:00:00,0.19869165427331592,0.08852761966982958,0.11487773051002315
Kensington and Chelsea,Q2_2021,2020-07-01 00:00:00,0.04005082853581121,0.014680081527469357,0.05244670607193902
Kensington and Chelsea,Q2_2122,2021-07-01 00:00:00,-0.06905026503372147,-0.03487920421527946,-0.10750836739840441
Kensington and Chelsea,Q2_2223,2022-07-01 00:00:00,-0.09958178396613326,-0.06023701403890225,-0.09703514128602164
Kensington and Chelsea,Q2_2324,2023-07-01 00:00:00,-0.030425089147953943,-0.0408449035343752,-0.03607770702067359
Kensington and Chelsea,Q2_2425,2024-07-01 00:00:00,-0.0951793053802028,-0.033175792272724935,-0.03631531844419067
Kensington and Chelsea,Q2_2526,2025-07-01 00:00:00,-0.16044506484640875,-0.0808546971845363,-0.08607870538799922
Kensington and Chelsea,Q3_1516,2015-10-01 00:00:00,0.05131095107359973,,-0.0124882236190057
Kensington and Chelsea,Q3_1617,2016-10-01 00:00:00,0.020551874532316328,0.035897910074863315,0.08747383842261758
Kensington and Chelsea,Q3_1718,2017-10-01 00:00:00,0.14612344086607887,0.09765735117645402,0.08275020973895231
Kensington and Chelsea,Q3_1819,2018-10-01 00:00:00,0.18487279678929314,0.09194696994703055,0.13318749462760981
Kensington and Chelsea,Q3_1920,2019-10-01 00:00:00,0.16782487431388982,0.10319987398217301,0.1243346186848413
Kensington and Chelsea,Q3_2021,2020-10-01 00:00:00,-0.0033528651273778687,-0.06189145773065119,-0.00822319840360708
Kensington and Chelsea,Q3_2122,2021-10-01 00:00:00,-0.09471553846902392,-0.002753982130313637,-0.09729172168872713
Kensington and Chelsea,Q3_2223,2022-10-01 00:00:00,-0.10463563567520462,-0.08271480752966909,-0.11728772821942435
Kensington and Chelsea,Q3_2324,2023-10-01 00:00:00,-0.026477725779766592,-0.02381237953319859,-0.006380212320361234
Kensington and Chelsea,Q3_2425,2024-10-01 00:00:00,-0.1286750526097976,-0.04488968105092328,-0.07649003272618837
Kensington and Chelsea,Q3_2526,2025-10-01 00:00:00,-0.17461565997674977,-0.10270501387950792,-0.09728672985209863
Kensington and Chelsea,Q4_1415,2015-01-01 00:00:00,-0.009807688039870643,,-0.022544132189245114
Kensington and Chelsea,Q4_1516,2016-01-01 00:00:00,0.04769534965327604,0.034497418101821165,0.007331071895042229
Kensington and Chelsea,Q4_1617,2017-01-01 00:00:00,0.02157063515351254,0.046397386233081095,0.09752475515622838
Kensington and Chelsea,Q4_1718,2018-01-01 00:00:00,0.15148907882455886,0.08538522433907103,0.08251858851938942
Kensington and Chelsea,Q4_1819,2019-01-01 00:00:00,0.18285525124535562,0.08095781128075608,0.12308665952771392
Kensington and Chelsea,Q4_1920,2020-01-01 00:00:00,0.04670273612126874,0.04794136703112695,0.08277916239139771
Kensington and Chelsea,Q4_2021,2021-01-01 00:00:00,-0.004187518615762831,-0.04210623484871345,0.000735504475685822
Kensington and Chelsea,Q4_2122,2022-01-01 00:00:00,-0.12336501589996418,-0.05699463265008442,-0.13772401474075602
Kensington and Chelsea,Q4_2223,2023-01-01 00:00:00,-0.09314528321696114,-0.05688690249831185,-0.06771303270017337
Kensington and Chelsea,Q4_2324,2024-01-01 00:00:00,-0.05950188117231403,-0.030197839438257712,-0.027031147816718892
Kensington and Chelsea,Q4_2425,2025-01-01 00:00:00,-0.1523783817498091,-0.07160812506146097,-0.07717491271161991
Kensington and Chelsea,Q4_2526,2026-01-01 00:00:00,-0.28675223294384916,-0.16826644080006647,-0.14989246857218075
Kingston upon Thames,Q1_1516,2015-04-01 00:00:00,-0.014538100291654033,,-0.042683780194552434
Kingston upon Thames,Q1_1617,2016-04-01 00:00:00,0.03902502967153876,0.011911544116180894,-0.003376675418931274
Kingston upon Thames,Q1_1718,2017-04-01 00:00:00,0.1331691217479004,0.09144331441334563,0.0663712022076498
Kingston upon Thames,Q1_1819,2018-04-01 00:00:00,0.12126362351210995,0.056070365358718455,0.05479712501313716
Kingston upon Thames,Q1_1920,2019-04-01 00:00:00,0.06217764720911079,0.02802542521757634,0.09073013130482677
Kingston upon Thames,Q1_2021,2020-04-01 00:00:00,0.035461916718820485,0.05703765346535905,0.07786996470386032
Kingston upon Thames,Q1_2122,2021-04-01 00:00:00,0.042348054370472954,0.02669025735139996,0.05458624385789135
Kingston upon Thames,Q1_2223,2022-04-01 00:00:00,-0.046412596077112234,-0.05260129465696406,-0.025654763176675255
Kingston upon Thames,Q1_2324,2023-04-01 00:00:00,-0.14572320618753398,-0.05649093072910327,-0.13773344884981154
Kingston upon Thames,Q1_2425,2024-04-01 00:00:00,-0.06330647796241995,-0.09654203661043947,-0.09431416154689876
Kingston upon Thames,Q1_2526,2025-04-01 00:00:00,-0.10567673228036578,-0.012180653661930108,-0.06579786110344898
Kingston upon Thames,Q2_1516,2015-07-01 00:00:00,-0.021246078043052008,,-0.023323955130119867
Kingston upon Thames,Q2_1617,2016-07-01 00:00:00,0.030225649550440714,0.012597853108078372,0.016389849016332447
Kingston upon Thames,Q2_1718,2017-07-01 00:00:00,0.15750684518135238,0.08392288238407175,0.06552767758666689
Kingston upon Thames,Q2_1819,2018-07-01 00:00:00,0.13047354157454039,0.06705130922907676,0.08106151597735578
Kingston upon Thames,Q2_1920,2019-07-01 00:00:00,0.07244875492370162,0.0381803982157467,0.060677411016015426
Kingston upon Thames,Q2_2021,2020-07-01 00:00:00,0.0247028202211087,0.05375259826802148,0.062183704982056276
Kingston upon Thames,Q2_2122,2021-07-01 00:00:00,0.04687942617148988,0.03928052032081919,0.03370506188775746
Kingston upon Thames,Q2_2223,2022-07-01 00:00:00,-0.0532677482889069,-0.046519897610700744,-0.03432169301672905
Kingston upon Thames,Q2_2324,2023-07-01 00:00:00,-0.14591685455509884,-0.09660162572779651,-0.11769579150066045
Kingston upon Thames,Q2_2425,2024-07-01 00:00:00,-0.07056441537665448,-0.06925830569643154,-0.11679201512103599
Kingston upon Thames,Q2_2526,2025-07-01 00:00:00,-0.08959617353883043,-0.018704830702965802,-0.05698030186679115
Kingston upon Thames,Q3_1516,2015-10-01 00:00:00,-0.0013235373900779557,,0.006691107809540631
Kingston upon Thames,Q3_1617,2016-10-01 00:00:00,0.025887926116988647,0.020118285137352254,0.03723337363731527
Kingston upon Thames,Q3_1718,2017-10-01 00:00:00,0.1537810522904527,0.06750940034172914,0.034307579474173844
Kingston upon Thames,Q3_1819,2018-10-01 00:00:00,0.12128686471831263,0.07751622822358795,0.10090335511092152
Kingston upon Thames,Q3_1920,2019-10-01 00:00:00,0.0704348119010274,0.03702917022933816,0.08106904744718602
Kingston upon Thames,Q3_2021,2020-10-01 00:00:00,-0.013376193075790632,0.027701823457517816,0.04764402060895434
Kingston upon Thames,Q3_2122,2021-10-01 00:00:00,0.037925127356339905,0.019878273313762018,0.05350171220234201
Kingston upon Thames,Q3_2223,2022-10-01 00:00:00,-0.09877510616140295,-0.06395177364102023,-0.09519534351703274
Kingston upon Thames,Q3_2324,2023-10-01 00:00:00,-0.11277200676689358,-0.10052022868153321,-0.12636272134071436
Kingston upon Thames,Q3_2425,2024-10-01 00:00:00,-0.09408107143267908,-0.05698481660521193,-0.0841635321502947
Kingston upon Thames,Q3_2526,2025-10-01 00:00:00,-0.08800825692479886,-0.037797131713682264,-0.04728909212982957
Kingston upon Thames,Q4_1415,2015-01-01 00:00:00,0.00317684897108117,,0.007760576525429608
Kingston upon Thames,Q4_1516,2016-01-01 00:00:00,-0.004654289312192916,-0.00019166085898847385,-0.0026611857850619147
Kingston upon Thames,Q4_1617,2017-01-01 00:00:00,0.05689489762832578,0.020693899130556526,0.03703755542173004
Kingston upon Thames,Q4_1718,2018-01-01 00:00:00,0.12913349146889685,0.054852720373093966,0.03521135585379831
Kingston upon Thames,Q4_1819,2019-01-01 00:00:00,0.11942784038969023,0.0464535562361339,0.10126486566277126
Kingston upon Thames,Q4_1920,2020-01-01 00:00:00,0.03388949707733635,0.07328767927351043,0.11234186584849049
Kingston upon Thames,Q4_2021,2021-01-01 00:00:00,-0.013902920037661803,0.015968153596046197,0.04163569961896252
Kingston upon Thames,Q4_2122,2022-01-01 00:00:00,-0.01051794146948637,-0.03494802862925839,0.025143572625326516
Kingston upon Thames,Q4_2223,2023-01-01 00:00:00,-0.11649005542413815,-0.04264557265644131,-0.10563970023701474
Kingston upon Thames,Q4_2324,2024-01-01 00:00:00,-0.09113761624569383,-0.11530225262507643,-0.1247359238573903
Kingston upon Thames,Q4_2425,2025-01-01 00:00:00,-0.08722591922088441,-0.023066213651475098,-0.0754966023102408
Kingston upon Thames,Q4_2526,2026-01-01 00:00:00,-0.15900749270771797,-0.10266605630201786,-0.005427027147257957
Lambeth,Q1_1516,2015-04-01 00:00:00,-0.0428448224905843,,-0.04027154684589629
Lambeth,Q1_1617,2016-04-01 00:00:00,0.05043157497425654,0.03939777038750558,0.051784193018943214
Lambeth,Q1_1718,2017-04-01 00:00:00,0.16327727821309668,0.15785282964143477,0.2076855629501908
Lambeth,Q1_1819,2018-04-01 00:00:00,0.09734635248394741,0.14127257364139523,0.13023865923394295
Lambeth,Q1_1920,2019-04-01 00:00:00,0.11155634707586659,0.11481075033399513,0.12288017443661303
Lambeth,Q1_2021,2020-04-01 00:00:00,0.014383269598211457,0.005165406472980694,-0.006718058671129401
Lambeth,Q1_2122,2021-04-01 00:00:00,-0.02847195355598331,-0.002021496107369125,-0.06968636441458309
Lambeth,Q1_2223,2022-04-01 00:00:00,-0.08827818811451421,-0.1518586511549901,-0.20956478840107107
Lambeth,Q1_2324,2023-04-01 00:00:00,-0.060134696776954544,-0.11661044197767678,-0.06818085259040085
Lambeth,Q1_2425,2024-04-01 00:00:00,-0.04281911232567187,-0.06205802486961953,-0.017316377928372928
Lambeth,Q1_2526,2025-04-01 00:00:00,-0.048385465007874606,0.003263883771126963,-0.010808925225627042
Lambeth,Q2_1516,2015-07-01 00:00:00,0.028018314475959816,,-0.01972998096752454
Lambeth,Q2_1617,2016-07-01 00:00:00,0.03481771996751126,0.033083987945904614,0.0745362318702606
Lambeth,Q2_1718,2017-07-01 00:00:00,0.16655901847379567,0.16901511092269117,0.19601904605819587
Lambeth,Q2_1819,2018-07-01 00:00:00,0.0786322504136967,0.12235327196172907,0.11104548186906804
Lambeth,Q2_1920,2019-07-01 00:00:00,0.12043432730317727,0.11227200997027265,0.1284505663284361
Lambeth,Q2_2021,2020-07-01 00:00:00,0.03995337842371327,0.03346357845522285,-0.008125590766077218
Lambeth,Q2_2122,2021-07-01 00:00:00,-0.020768838221762453,-0.027143389094553827,-0.10857873772553117
Lambeth,Q2_2223,2022-07-01 00:00:00,-0.08566581937889023,-0.1912589251637703,-0.19165129515792556
Lambeth,Q2_2324,2023-07-01 00:00:00,-0.04735152043585311,-0.08427139629805003,-0.04643457894177372
Lambeth,Q2_2425,2024-07-01 00:00:00,-0.036530542997993465,-0.016772965960589636,0.0066293163283349665
Lambeth,Q2_2526,2025-07-01 00:00:00,-0.06509145250290022,-0.003967752038428696,-0.018742132995922867
Lambeth,Q3_1516,2015-10-01 00:00:00,-0.021259468878564447,,-0.029276834008070685
Lambeth,Q3_1617,2016-10-01 00:00:00,0.059339442485976335,0.02847991701955077,0.08109894639733006
Lambeth,Q3_1718,2017-10-01 00:00:00,0.15257267660775453,0.1772606661782381,0.18724346835560157
Lambeth,Q3_1819,2018-10-01 00:00:00,0.07007134090878997,0.10515848588388998,0.10567403254481011
Lambeth,Q3_1920,2019-10-01 00:00:00,0.1000942987447816,0.08358201114786212,0.12196282815284054
Lambeth,Q3_2021,2020-10-01 00:00:00,-0.004325489676181071,-0.015345174029293362,-0.06963349279283848
Lambeth,Q3_2122,2021-10-01 00:00:00,-0.06780258203090822,-0.061458940817332275,-0.1392663745497234
Lambeth,Q3_2223,2022-10-01 00:00:00,-0.07929986044226028,-0.17271728817662513,-0.17020582556322533
Lambeth,Q3_2324,2023-10-01 00:00:00,-0.04619427058289677,-0.09170304776116778,-0.03198286610386736
Lambeth,Q3_2425,2024-10-01 00:00:00,-0.06513202537902546,-0.022406081388980814,-0.015041980968818036
Lambeth,Q3_2526,2025-10-01 00:00:00,-0.1455601291380889,-0.06117010064429085,-0.051584980968737204
Lambeth,Q4_1415,2015-01-01 00:00:00,0.004565766609783473,,-0.011896244481011342
Lambeth,Q4_1516,2016-01-01 00:00:00,0.034512921489382675,-0.005576402703346139,0.008070598424394393
Lambeth,Q4_1617,2017-01-01 00:00:00,0.007877394154891415,0.0372511778334178,0.08018160011355757
Lambeth,Q4_1718,2018-01-01 00:00:00,0.12045352899587003,0.13707545461125603,0.13963944132866857
Lambeth,Q4_1819,2019-01-01 00:00:00,0.1003179514706597,0.10536574309600877,0.11582876565291633
Lambeth,Q4_1920,2020-01-01 00:00:00,0.021827502126287146,0.0182301733644894,0.030501525788117267
Lambeth,Q4_2021,2021-01-01 00:00:00,-0.015569228077246033,-0.003198902444671692,-0.05296264481970081
Lambeth,Q4_2122,2022-01-01 00:00:00,-0.12752608418462952,-0.13963079660944577,-0.20536727995505344
Lambeth,Q4_2223,2023-01-01 00:00:00,-0.041167054696416905,-0.13428652135409624,-0.10137737623888654
Lambeth,Q4_2324,2024-01-01 00:00:00,-0.05388670032540127,-0.07976371241919888,-0.03053500630658801
Lambeth,Q4_2425,2025-01-01 00:00:00,-0.08461425976673514,-0.038779401146367576,-0.03726589650920753
Lambeth,Q4_2526,2026-01-01 00:00:00,-0.2583630900100637,-0.14235539047908274,-0.1372644049546593
Lewisham,Q1_1516,2015-04-01 00:00:00,-0.034695165928000815,,-0.03076793645077891
Lewisham,Q1_1617,2016-04-01 00:00:00,0.0158019890155513,-0.011661970554682322,-0.010385176601510504
Lewisham,Q1_1718,2017-04-01 00:00:00,0.13829378147219706,0.13491394084714237,0.131620323228549
Lewisham,Q1_1819,2018-04-01 00:00:00,0.12626373211935915,0.11251487278626382,0.11005738717736924
Lewisham,Q1_1920,2019-04-01 00:00:00,0.14255079975967866,0.12358035614600682,0.160295814207442
Lewisham,Q1_2021,2020-04-01 00:00:00,0.07676613030189816,0.024926377958359724,-0.0018568110068334365
Lewisham,Q1_2122,2021-04-01 00:00:00,-0.049463778042831474,-0.02061820992858021,-0.04895421548321377
Lewisham,Q1_2223,2022-04-01 00:00:00,-0.10643941880288921,-0.05704408812359796,-0.09662575973349696
Lewisham,Q1_2324,2023-04-01 00:00:00,-0.07052521737023393,-0.07641924991789406,-0.07667440259037561
Lewisham,Q1_2425,2024-04-01 00:00:00,-0.024564601286595045,-0.04119290575331547,-0.01978432636568228
Lewisham,Q1_2526,2025-04-01 00:00:00,-0.10740252742270517,-0.0245467049812782,-0.041969247171923296
Lewisham,Q2_1516,2015-07-01 00:00:00,-0.04374228561952587,,-0.020034313406347648
Lewisham,Q2_1617,2016-07-01 00:00:00,0.030234953928891306,0.013576810721113608,0.013027765387800483
Lewisham,Q2_1718,2017-07-01 00:00:00,0.1397438167242241,0.136627560890627,0.10273670612224883
Lewisham,Q2_1819,2018-07-01 00:00:00,0.1337210562726413,0.101327775867042,0.11579878491639695
Lewisham,Q2_1920,2019-07-01 00:00:00,0.12458609235150342,0.12780340250692923,0.14956179222515065
Lewisham,Q2_2021,2020-07-01 00:00:00,0.07969740207324061,0.01202605493175235,-0.004202012959323098
Lewisham,Q2_2122,2021-07-01 00:00:00,-0.08296457743701108,-0.024755378319278765,-0.05164948275514625
Lewisham,Q2_2223,2022-07-01 00:00:00,-0.07233789051858402,-0.042196991429169994,-0.06346799097703171
Lewisham,Q2_2324,2023-07-01 00:00:00,-0.06274169982690386,-0.09903864055579203,-0.06838087358503109
Lewisham,Q2_2425,2024-07-01 00:00:00,-0.0709809427351567,-0.046957816217274906,-0.02702526578553832
Lewisham,Q2_2526,2025-07-01 00:00:00,-0.06272622827657603,-0.04083813856950047,-0.036067967224507
Lewisham,Q3_1516,2015-10-01 00:00:00,-0.03341084899049118,,0.010220859826498008
Lewisham,Q3_1617,2016-10-01 00:00:00,0.018370622890570787,0.0013735849509189935,0.0115924159530435
Lewisham,Q3_1718,2017-10-01 00:00:00,0.1394692812241466,0.13448533886822156,0.09482633590403278
Lewisham,Q3_1819,2018-10-01 00:00:00,0.16010121138156042,0.10886770405837443,0.1507108696486763
Lewisham,Q3_1920,2019-10-01 00:00:00,0.0837729723292443,0.11502469303980101,0.11123676550356043
Lewisham,Q3_2021,2020-10-01 00:00:00,0.019272619808973546,-0.05211150739504544,-0.03992706343343788
Lewisham,Q3_2122,2021-10-01 00:00:00,-0.06594226385933716,-0.016456561251546042,-0.07624299988422845
Lewisham,Q3_2223,2022-10-01 00:00:00,-0.12329601406604584,-0.06514706290064676,-0.0819046559879919
Lewisham,Q3_2324,2023-10-01 00:00:00,-0.05134358063147976,-0.1310219376850662,-0.09270247127849474
Lewisham,Q3_2425,2024-10-01 00:00:00,-0.11036474229470333,-0.058047385927254,-0.06424985794048166
Lewisham,Q3_2526,2025-10-01 00:00:00,-0.03724205234717465,-0.0561748409906383,-0.009544702522029547
Lewisham,Q4_1415,2015-01-01 00:00:00,-0.038485972372585886,,-0.04368648030145139
Lewisham,Q4_1516,2016-01-01 00:00:00,0.0033576438764200134,-0.03455064434227073,0.007732920806252652
Lewisham,Q4_1617,2017-01-01 00:00:00,0.0072520242675784274,-0.00994835051119769,0.030731206292189395
Lewisham,Q4_1718,2018-01-01 00:00:00,0.14768780934308479,0.10238003424336894,0.08345477977748728
Lewisham,Q4_1819,2019-01-01 00:00:00,0.10852688739364524,0.1270072022968768,0.1294987967926593
Lewisham,Q4_1920,2020-01-01 00:00:00,0.06635183451560467,0.03443677223164987,0.0478242224521096
Lewisham,Q4_2021,2021-01-01 00:00:00,-0.030012849042986622,-0.054902653973391,-0.034774955919645856
Lewisham,Q4_2122,2022-01-01 00:00:00,-0.11246742249345898,-0.034167851447226893,-0.11126672290587769
Lewisham,Q4_2223,2023-01-01 00:00:00,-0.082027168678864,-0.08182978713413758,-0.06322876607123895
Lewisham,Q4_2324,2024-01-01 00:00:00,-0.03597845019897955,-0.09468154352417313,-0.05857185457180525
Lewisham,Q4_2425,2025-01-01 00:00:00,-0.13161811613155738,-0.06316415970747169,-0.07061284149671065
Lewisham,Q4_2526,2026-01-01 00:00:00,-0.12104884667535293,-0.17339810120400623,-0.11636859181135117
Merton,Q1_1516,2015-04-01 00:00:00,0.009577801432908983,,-0.030918862132592317
Merton,Q1_1617,2016-04-01 00:00:00,0.02084788638906232,0.0026138189426198055,-0.010885740056141624
Merton,Q1_1718,2017-04-01 00:00:00,0.05458931248557841,0.07014334672624156,0.0705157627450066
Merton,Q1_1819,2018-04-01 00:00:00,0.14122282224035243,0.06716598450744982,0.06042796928935379
Merton,Q1_1920,2019-04-01 00:00:00,0.0539619211216954,0.05958847467637585,0.11049940123736213
Merton,Q1_2021,2020-04-01 00:00:00,0.06845311890223471,0.024716427409261943,0.08035573921902128
Merton,Q1_2122,2021-04-01 00:00:00,-0.007706021772530325,-0.03188667296838921,-0.019544096429302216
Merton,Q1_2223,2022-04-01 00:00:00,-0.10313065548470046,-0.0678401670437585,-0.12942477714184675
Merton,Q1_2324,2023-04-01 00:00:00,-0.06296233097243908,-0.04769129893281898,-0.01942038746906416
Merton,Q1_2425,2024-04-01 00:00:00,-0.06551780311313338,-0.05995138752617457,-0.07948703068312779
Merton,Q1_2526,2025-04-01 00:00:00,-0.05291642428727694,0.012349301461073603,-0.03941919028557794
Merton,Q2_1516,2015-07-01 00:00:00,0.011215139870359714,,-0.0308761625882521
Merton,Q2_1617,2016-07-01 00:00:00,0.0015670911232696927,0.003249891780270686,0.019133015818475152
Merton,Q2_1718,2017-07-01 00:00:00,0.09302848519006446,0.0687629333338926,0.07047505850647673
Merton,Q2_1819,2018-07-01 00:00:00,0.114772939226227,0.07030574830181202,0.08052055147895132
Merton,Q2_1920,2019-07-01 00:00:00,0.07265358684573331,0.07727548258671102,0.11072606797741114
Merton,Q2_2021,2020-07-01 00:00:00,0.06058778601343551,0.015448464861543276,0.020672194720533388
Merton,Q2_2122,2021-07-01 00:00:00,-0.054921016206025075,-0.039423582405570534,-0.06947146729780751
Merton,Q2_2223,2022-07-01 00:00:00,-0.08082001899820446,-0.05579661388449686,-0.05936451890637595
Merton,Q2_2324,2023-07-01 00:00:00,-0.07740762206781626,-0.06277865127181248,-0.04927552826723702
Merton,Q2_2425,2024-07-01 00:00:00,-0.027239297555555098,-0.03262978316087284,-0.05927113859445432
Merton,Q2_2526,2025-07-01 00:00:00,-0.04303884211437603,0.03224103374402665,-0.019422382774874514
Merton,Q3_1516,2015-10-01 00:00:00,-0.018723651216090764,,-0.04087456634360387
Merton,Q3_1617,2016-10-01 00:00:00,-0.02051401193741542,0.011409340590472161,0.049078743500435285
Merton,Q3_1718,2017-10-01 00:00:00,0.15249290719650588,0.0782892620718122,0.09046109136580471
Merton,Q3_1819,2018-10-01 00:00:00,0.10864440300823686,0.053729714853422594,0.07062151395295202
Merton,Q3_1920,2019-10-01 00:00:00,0.03683874005852483,0.0621327660269797,0.08057442473582921
Merton,Q3_2021,2020-10-01 00:00:00,0.03327332084426282,-0.021020531232013417,0.01048144348506952
Merton,Q3_2122,2021-10-01 00:00:00,-0.08987893820353965,-0.053808424945973043,-0.09960076311431443
Merton,Q3_2223,2022-10-01 00:00:00,-0.07623700784734067,-0.050587460363825554,-0.019505786557744598
Merton,Q3_2324,2023-10-01 00:00:00,-0.09291642428727698,-0.08765069853892637,-0.05941919028557796
Merton,Q3_2425,2024-10-01 00:00:00,-0.025165851860223465,-0.009640117839664453,-0.059477852276400456
Merton,Q3_2526,2025-10-01 00:00:00,-0.06782843959962936,-0.001994940685436264,-0.02954728891859859
Merton,Q4_1415,2015-01-01 00:00:00,0.0390881301245124,,0.029068367910221826
Merton,Q4_1516,2016-01-01 00:00:00,0.021261046555521967,-0.007020777512346754,-0.04087496540476587
Merton,Q4_1617,2017-01-01 00:00:00,-0.040330385196766794,0.0015717421660426112,0.05908353223438001
Merton,Q4_1718,2018-01-01 00:00:00,0.18045771082098294,0.07648931127590619,0.07040801623125093
Merton,Q4_1819,2019-01-01 00:00:00,0.0754156328184975,0.07087415381630868,0.11053731204775763
Merton,Q4_1920,2020-01-01 00:00:00,0.065553352873984,0.030995954997986463,0.09054090359821632
Merton,Q4_2021,2021-01-01 00:00:00,-0.004500211176531765,-0.01789553126449628,-0.009721279585256037
Merton,Q4_2122,2022-01-01 00:00:00,-0.11779783514285458,-0.08196787375617443,-0.11954649079627455
Merton,Q4_2223,2023-01-01 00:00:00,-0.0688536889015845,-0.05290168281570462,-0.029574026016456423
Merton,Q4_2324,2024-01-01 00:00:00,-0.07560961648345765,-0.07003258831395975,-0.07948942505010015
Merton,Q4_2425,2025-01-01 00:00:00,-0.048318110908025846,-0.0024280115536241542,-0.059560058875784416
Merton,Q4_2526,2026-01-01 00:00:00,-0.09316892980914826,-0.03440635811415982,-0.020208134202966854
Newham,Q1_1516,2015-04-01 00:00:00,-0.031443755311895805,,-0.018754924417489494
Newham,Q1_1617,2016-04-01 00:00:00,0.008931923152481702,-0.004771491639712577,0.021351763253494416
Newham,Q1_1718,2017-04-01 00:00:00,0.16918541945283305,0.09568890639902738,0.03402175128178242
Newham,Q1_1819,2018-04-01 00:00:00,0.14689597563063383,0.0739941563166786,0.10905131291388204
Newham,Q1_1920,2019-04-01 00:00:00,0.06813034772787441,0.0845730070685149,0.12940185811854354
Newham,Q1_2021,2020-04-01 00:00:00,-0.00301538884681396,-0.014722017992695013,0.05771701796316053
Newham,Q1_2122,2021-04-01 00:00:00,-0.06526905376764403,0.01360001020761814,0.012756740325830074
Newham,Q1_2223,2022-04-01 00:00:00,-0.08952654009787236,-0.11370707542514336,-0.1356124624177012
Newham,Q1_2324,2023-04-01 00:00:00,-0.04891789290915877,-0.07404278461187663,-0.11975988160943984
Newham,Q1_2425,2024-04-01 00:00:00,-0.03322884465872328,0.013314492335376071,-0.05530440125453928
Newham,Q1_2526,2025-04-01 00:00:00,-0.0632825130107772,-0.026710675088616798,-0.0253196423503943
Newham,Q2_1516,2015-07-01 00:00:00,-0.04757963396401199,,0.012342434484059583
Newham,Q2_1617,2016-07-01 00:00:00,0.07490699968115389,0.018030481564828338,0.0030486052586674584
Newham,Q2_1718,2017-07-01 00:00:00,0.18029476832799896,0.09089856316555411,0.08717665812373587
Newham,Q2_1819,2018-07-01 00:00:00,0.09378321121150512,0.05253444572509136,0.08816732935430094
Newham,Q2_1920,2019-07-01 00:00:00,0.06498180440737644,0.08309651819426578,0.12850771382839254
Newham,Q2_2021,2020-07-01 00:00:00,0.013854769014243762,-0.0174319977095847,0.05818765081544075
Newham,Q2_2122,2021-07-01 00:00:00,-0.07970543460471874,0.006209033161546973,-0.005663266070550788
Newham,Q2_2223,2022-07-01 00:00:00,-0.07763025832529974,-0.12281782644406158,-0.17507394369749651
Newham,Q2_2324,2023-07-01 00:00:00,-0.04101075570654483,-0.060334784143591946,-0.07751436015349222
Newham,Q2_2425,2024-07-01 00:00:00,-0.03768311494648263,0.005915126147973959,-0.07372948801620505
Newham,Q2_2526,2025-07-01 00:00:00,-0.06274582949023783,-0.01645900084868801,-0.015167231391845837
Newham,Q3_1516,2015-10-01 00:00:00,-0.005808578346231941,,0.002845390647269519
Newham,Q3_1617,2016-10-01 00:00:00,0.05510378363868507,0.00812276211946894,0.0031044892768018473
Newham,Q3_1718,2017-10-01 00:00:00,0.20737899079911915,0.09422066313261457,0.08918848277657565
Newham,Q3_1819,2018-10-01 00:00:00,0.05088532313331018,0.06586493483348288,0.12018423437242576
Newham,Q3_1920,2019-10-01 00:00:00,0.06263848930040539,0.046687070683916976,0.11068211017035079
Newham,Q3_2021,2020-10-01 00:00:00,-0.038667846465009204,-0.0033043966412572567,0.03463139511597635
Newham,Q3_2122,2021-10-01 00:00:00,-0.05857819627886823,-0.01857292093059537,-0.02250327886331238
Newham,Q3_2223,2022-10-01 00:00:00,-0.07346201631577692,-0.09086315651394772,-0.16389021858610353
Newham,Q3_2324,2023-10-01 00:00:00,-0.02999085408480212,-0.06516707308372005,-0.07438485513796356
Newham,Q3_2425,2024-10-01 00:00:00,-0.058327135171129973,-0.014386882939940615,-0.04391238116646323
Newham,Q3_2526,2025-10-01 00:00:00,-0.01795145670675241,-0.004210710971990439,-0.003805693495479434
Newham,Q4_1415,2015-01-01 00:00:00,-0.07160476036805763,,-0.05880064770505411
Newham,Q4_1516,2016-01-01 00:00:00,-0.01011993596123184,-0.01432686714917164,0.011621022613596765
Newham,Q4_1617,2017-01-01 00:00:00,0.04347584362638213,0.007359350258351438,-0.007357823964128429
Newham,Q4_1718,2018-01-01 00:00:00,0.15358622432125635,0.08775263516644372,0.10527152114187988
Newham,Q4_1819,2019-01-01 00:00:00,0.03809436589378745,0.059866698781845806,0.10655177319368714
Newham,Q4_1920,2020-01-01 00:00:00,0.05004431601841386,0.000781115186920589,0.07710553300974665
Newham,Q4_2021,2021-01-01 00:00:00,-0.06278282598791363,0.015387040844607403,0.037783062711864934
Newham,Q4_2122,2022-01-01 00:00:00,-0.11208452861305912,-0.09021719263146377,-0.12349903045916244
Newham,Q4_2223,2023-01-01 00:00:00,-0.04033156537868143,-0.044084586785036683,-0.12584107885552398
Newham,Q4_2324,2024-01-01 00:00:00,-0.05466020364621277,-0.05204616897510794,-0.06855075467162186
Newham,Q4_2425,2025-01-01 00:00:00,-0.07253135901473978,-0.011047861156723515,-0.017946191202713013
Newham,Q4_2526,2026-01-01 00:00:00,-0.09423227735880557,-0.06467153961121452,-0.028308295264789174
Redbridge,Q1_1516,2015-04-01 00:00:00,-0.039628166530655484,,0.009745772944196318
Redbridge,Q1_1617,2016-04-01 00:00:00,0.02988591162020482,-0.017678939465156418,-0.020487459168166744
Redbridge,Q1_1718,2017-04-01 00:00:00,0.16086102197686358,0.12477585629971011,0.09677715672190856
Redbridge,Q1_1819,2018-04-01 00:00:00,0.10226479620771156,0.06584371633321218,0.047450938379846486
Redbridge,Q1_1920,2019-04-01 00:00:00,0.06812285405567309,0.07029997839609592,0.08026268106777978
Redbridge,Q1_2021,2020-04-01 00:00:00,-0.009709669636715823,0.03912759965492918,0.06690366396520253
Redbridge,Q1_2122,2021-04-01 00:00:00,-0.022104717644962357,0.017733927090860635,-0.025046762005806134
Redbridge,Q1_2223,2022-04-01 00:00:00,-0.04588410980493757,-0.05514108069164503,-0.06686078954640817
Redbridge,Q1_2324,2023-04-01 00:00:00,-0.037245499153565675,-0.09856963433163202,-0.07271444088217471
Redbridge,Q1_2425,2024-04-01 00:00:00,-0.0492161822084099,-0.05006874553251006,-0.05366032667120302
Redbridge,Q1_2526,2025-04-01 00:00:00,-0.06967510839926405,-0.01041785362038572,-0.013880601443990503
Redbridge,Q2_1516,2015-07-01 00:00:00,-8.709272150964065e-05,,0.019525498171408917
Redbridge,Q2_1617,2016-07-01 00:00:00,0.02795761344758041,-0.0015387442725193212,-0.02661321463502364
Redbridge,Q2_1718,2017-07-01 00:00:00,0.20052546764308588,0.1221276619149746,0.1214158842900197
Redbridge,Q2_1819,2018-07-01 00:00:00,0.04932226945458795,0.0336053174168327,0.05603858836609199
Redbridge,Q2_1920,2019-07-01 00:00:00,0.07399251833798581,0.0871580056052147,0.0682802081126932
Redbridge,Q2_2021,2020-07-01 00:00:00,-0.020500367371764527,0.05134730265972298,0.060923505386141996
Redbridge,Q2_2122,2021-07-01 00:00:00,-0.06658599692036166,-0.03567501070839607,-0.06719768037537721
Redbridge,Q2_2223,2022-07-01 00:00:00,-0.004090789923740901,-0.05138395473365742,-0.06079982077742996
Redbridge,Q2_2324,2023-07-01 00:00:00,-0.03651661637985615,-0.11801516854500593,-0.08236459271363006
Redbridge,Q2_2425,2024-07-01 00:00:00,-0.07850268865863469,-0.03713305036952397,-0.028117651485254025
Redbridge,Q2_2526,2025-07-01 00:00:00,-0.05708352520385246,-0.008446419712381803,-0.022636696844720472
Redbridge,Q3_1516,2015-10-01 00:00:00,0.0022615295493321197,,0.000652786714497311
Redbridge,Q3_1617,2016-10-01 00:00:00,0.0352696540533779,0.008809443886211632,-0.01270316423561646
Redbridge,Q3_1718,2017-10-01 00:00:00,0.1541274966294136,0.08726068445459001,0.08834499481057179
Redbridge,Q3_1819,2018-10-01 00:00:00,0.08982358052766193,0.06159373189822348,0.08107899346105074
Redbridge,Q3_1920,2019-10-01 00:00:00,0.07392692058706352,0.0847151689192297,0.07304850907656169
Redbridge,Q3_2021,2020-10-01 00:00:00,-0.04073172186198315,0.04356424587708263,0.05601267368694052
Redbridge,Q3_2122,2021-10-01 00:00:00,-0.031240856579825227,-0.04160892827313811,-0.09463212713938274
Redbridge,Q3_2223,2022-10-01 00:00:00,-0.048016766809495015,-0.05676340651177325,-0.047884419372890896
Redbridge,Q3_2324,2023-10-01 00:00:00,-0.06696393613635915,-0.13596251148664662,-0.09737908312943744
Redbridge,Q3_2425,2024-10-01 00:00:00,-0.055830118488366554,-0.005100009151894902,0.0031651251327432517
Redbridge,Q3_2526,2025-10-01 00:00:00,-0.04816335153527396,-0.029267850507383564,-0.03315499042774961
Redbridge,Q4_1415,2015-01-01 00:00:00,-0.08494631121290641,,-0.002806822952222454
Redbridge,Q4_1516,2016-01-01 00:00:00,0.020560803077343204,-0.017165545218280398,-0.020163525678773553
Redbridge,Q4_1617,2017-01-01 00:00:00,0.031721616383621254,0.003717492886346263,0.0003936399229828025
Redbridge,Q4_1718,2018-01-01 00:00:00,0.15064505671057937,0.09461157014070976,0.07667349800530265
Redbridge,Q4_1819,2019-01-01 00:00:00,0.031049991584862324,0.034919606688835314,0.06686785809893869
Redbridge,Q4_1920,2020-01-01 00:00:00,0.06723199733225038,0.07962229799021958,0.0798350888617807
Redbridge,Q4_2021,2021-01-01 00:00:00,-0.07350066823104223,0.013850826726188536,-0.00011614793237957333
Redbridge,Q4_2122,2022-01-01 00:00:00,-0.05368585504945783,-0.06107591818553182,-0.08060546068379404
Redbridge,Q4_2223,2023-01-01 00:00:00,-0.034657698747737276,-0.0818152059010333,-0.08107192490852033
Redbridge,Q4_2324,2024-01-01 00:00:00,-0.06018802590668931,-0.10080803324801146,-0.06412679089592921
Redbridge,Q4_2425,2025-01-01 00:00:00,-0.08838309959114138,-0.014649142143788763,-0.04286003776997105
Redbridge,Q4_2526,2026-01-01 00:00:00,-0.14641215847069528,-0.09639928222889094,-0.03551253350080952
Richmond upon Thames,Q1_1516,2015-04-01 00:00:00,0.017695913424922827,,0.013795489315121978
Richmond upon Thames,Q1_1617,2016-04-01 00:00:00,0.041712185021077874,0.03309384986000108,-0.005347691428952195
Richmond upon Thames,Q1_1718,2017-04-01 00:00:00,0.18069075954094993,0.08187086696303969,0.08643494784554973
Richmond upon Thames,Q1_1819,2018-04-01 00:00:00,0.13102776318477471,0.12015359708423379,0.0722401035717457
Richmond upon Thames,Q1_1920,2019-04-01 00:00:00,0.04240719937388038,0.1069346553970747,0.09466775813020245
Richmond upon Thames,Q1_2021,2020-04-01 00:00:00,0.03897894839631,0.032973652988284474,0.09966964580396787
Richmond upon Thames,Q1_2122,2021-04-01 00:00:00,0.0030370561549247777,0.05539189804837852,0.0005353902604763316
Richmond upon Thames,Q1_2223,2022-04-01 00:00:00,0.01638394915172059,-0.08261367303608003,-0.00875059369291864
Richmond upon Thames,Q1_2324,2023-04-01 00:00:00,-0.09445277409747832,-0.12311228026496546,-0.11892909770456994
Richmond upon Thames,Q1_2425,2024-04-01 00:00:00,-0.1261692139304088,-0.10817606869900043,-0.12716190798922278
Richmond upon Thames,Q1_2526,2025-04-01 00:00:00,-0.10809483457563895,-0.033364508940256554,-0.07543934427678833
Richmond upon Thames,Q2_1516,2015-07-01 00:00:00,0.009536704573160582,,0.004188198140754662
Richmond upon Thames,Q2_1617,2016-07-01 00:00:00,0.04229789129551709,0.04344287492022081,-0.005222738620796252
Richmond upon Thames,Q2_1718,2017-07-01 00:00:00,0.1603979064037303,0.09169635443292978,0.09637247144147176
Richmond upon Thames,Q2_1819,2018-07-01 00:00:00,0.1602317189259631,0.10563827660197267,0.05420364769990926
Richmond upon Thames,Q2_1920,2019-07-01 00:00:00,0.0233705882825318,0.09154969732511276,0.09273991480436916
Richmond upon Thames,Q2_2021,2020-07-01 00:00:00,0.05253155068918758,0.05296780286658742,0.11682765667118233
Richmond upon Thames,Q2_2122,2021-07-01 00:00:00,0.016887140273312506,0.021727134916071034,0.009223385774839832
Richmond upon Thames,Q2_2223,2022-07-01 00:00:00,-0.03294551507684773,-0.07817314363815187,-0.060740913422829834
Richmond upon Thames,Q2_2324,2023-07-01 00:00:00,-0.1194335917743573,-0.1641622805064732,-0.13572495069543034
Richmond upon Thames,Q2_2425,2024-07-01 00:00:00,-0.09223661465917377,-0.035832614723239176,-0.08632293913446187
Richmond upon Thames,Q2_2526,2025-07-01 00:00:00,-0.12144057040036216,-0.041317294240978075,-0.07828648326262544
Richmond upon Thames,Q3_1516,2015-10-01 00:00:00,0.027737749587382843,,0.013804414515704466
Richmond upon Thames,Q3_1617,2016-10-01 00:00:00,-0.02092349321389886,0.03152323708901217,0.024090020934346534
Richmond upon Thames,Q3_1718,2017-10-01 00:00:00,0.19592259419258862,0.09307044937321307,0.08328435203990547
Richmond upon Thames,Q3_1819,2018-10-01 00:00:00,0.1114449676373015,0.10636125708385646,0.07446247851680354
Richmond upon Thames,Q3_1920,2019-10-01 00:00:00,0.05462451598425766,0.05825596455362081,0.1051407937610781
Richmond upon Thames,Q3_2021,2020-10-01 00:00:00,-0.015122152696837587,0.04648883395192627,0.0709280990861092
Richmond upon Thames,Q3_2122,2021-10-01 00:00:00,0.06801671665973108,0.0024002546750662157,0.029464366190569025
Richmond upon Thames,Q3_2223,2022-10-01 00:00:00,-0.09198328334026884,-0.10759974532493377,-0.08053563380943096
Richmond upon Thames,Q3_2324,2023-10-01 00:00:00,-0.1358752036211166,-0.1539599125540705,-0.149232554524377
Richmond upon Thames,Q3_2425,2024-10-01 00:00:00,-0.11365904418281203,-0.04668024701234419,-0.11662639595426905
Richmond upon Thames,Q3_2526,2025-10-01 00:00:00,-0.1356648656367443,-0.06979361713202925,-0.07132105146069634
Richmond upon Thames,Q4_1415,2015-01-01 00:00:00,0.0753949244896257,,0.043304603283081056
Richmond upon Thames,Q4_1516,2016-01-01 00:00:00,0.01815611121198224,0.03097476913723829,-0.016106333478469903
Richmond upon Thames,Q4_1617,2017-01-01 00:00:00,-0.0028479566870565076,0.010376440462575798,0.04367946170754866
Richmond upon Thames,Q4_1718,2018-01-01 00:00:00,0.15994118013288872,0.08354705130150264,0.09987492541736687
Richmond upon Thames,Q4_1819,2019-01-01 00:00:00,0.08081858237247497,0.10002894527701234,0.052195477568832915
Richmond upon Thames,Q4_1920,2020-01-01 00:00:00,0.019772678310976288,0.0694056862409057,0.12197234755426878
Richmond upon Thames,Q4_2021,2021-01-01 00:00:00,-0.020474867147565523,0.021381034916699848,0.02551942753307679
Richmond upon Thames,Q4_2122,2022-01-01 00:00:00,0.037012648760692435,-0.04819807399959608,0.029250161376587536
Richmond upon Thames,Q4_2223,2023-01-01 00:00:00,-0.09796701174411393,-0.125206430626284,-0.11967881455350504
Richmond upon Thames,Q4_2324,2024-01-01 00:00:00,-0.12763232244443434,-0.12500698773472985,-0.1296074129488446
Richmond upon Thames,Q4_2425,2025-01-01 00:00:00,-0.14298735123930761,-0.04819807399959608,-0.10074983862341247
Richmond upon Thames,Q4_2526,2026-01-01 00:00:00,-0.1861192775634406,-0.09985963303381662,-0.0720848433632656
Southwark,Q1_1516,2015-04-01 00:00:00,-0.013916245021151519,,0.01095231182843992
Southwark,Q1_1617,2016-04-01 00:00:00,0.019858728024342076,0.024731381979437472,0.04269280137104425
Southwark,Q1_1718,2017-04-01 00:00:00,0.19273214732463861,0.07998762167661533,0.10856603787140295
Southwark,Q1_1819,2018-04-01 00:00:00,0.18241503782698087,0.1164433763101208,0.14303043257261217
Southwark,Q1_1920,2019-04-01 00:00:00,0.09872135223369427,0.07398226215009884,0.12515922516995304
Southwark,Q1_2021,2020-04-01 00:00:00,0.028638893003454124,0.08725704504745468,0.09284699778707561
Southwark,Q1_2122,2021-04-01 00:00:00,-0.028372706118607205,0.012583819159867948,-0.06655396724047324
Southwark,Q1_2223,2022-04-01 00:00:00,-0.0754226864782368,-0.02878217333203481,-0.13058322957189805
Southwark,Q1_2324,2023-04-01 00:00:00,-0.06686945572549685,-0.09641240571259091,-0.12202907468986102
Southwark,Q1_2425,2024-04-01 00:00:00,-0.14050900372899966,-0.08883895684231746,-0.07370712514573496
Southwark,Q1_2526,2025-04-01 00:00:00,-0.09275592007502625,-0.08366983862178345,-0.060132487430431314
Southwark,Q2_1516,2015-07-01 00:00:00,0.01461100764719847,,0.010273286760249078
Southwark,Q2_1617,2016-07-01 00:00:00,0.04420925749829663,0.01763195705078513,0.034698657032251834
Southwark,Q2_1718,2017-07-01 00:00:00,0.19317680368817913,0.0969512591047147,0.1233816524354695
Southwark,Q2_1819,2018-07-01 00:00:00,0.1419625032873325,0.11280884066903174,0.16743238818709105
Southwark,Q2_1920,2019-07-01 00:00:00,0.12713463296737293,0.09959154545928095,0.12903825343306663
Southwark,Q2_2021,2020-07-01 00:00:00,0.05793360828810612,0.08012270499984586,0.07557482535686766
Southwark,Q2_2122,2021-07-01 00:00:00,-0.08310805761121487,-0.0039061464152716496,-0.10412664774383673
Southwark,Q2_2223,2022-07-01 00:00:00,-0.018334324881039032,-0.02072341423581614,-0.11192566993659736
Southwark,Q2_2324,2023-07-01 00:00:00,-0.09830834679664907,-0.12737173988015726,-0.1326924899863693
Southwark,Q2_2425,2024-07-01 00:00:00,-0.12028441305869414,-0.0720220411104342,-0.04899297409760517
Southwark,Q2_2526,2025-07-01 00:00:00,-0.09850695938256487,-0.0708369812563816,-0.03817346108427133
Southwark,Q3_1516,2015-10-01 00:00:00,0.02711637092402841,,0.0014284098647576737
Southwark,Q3_1617,2016-10-01 00:00:00,0.00019729062931905794,-0.005042892334076399,0.0328488990878697
Southwark,Q3_1718,2017-10-01 00:00:00,0.2126012472597183,0.11656752543768822,0.14311628631686613
Southwark,Q3_1819,2018-10-01 00:00:00,0.1396264213129912,0.09125133343227687,0.1263553139409952
Southwark,Q3_1920,2019-10-01 00:00:00,0.11711770483712403,0.12958025917495664,0.16903044854722538
Southwark,Q3_2021,2020-10-01 00:00:00,0.007259836277189291,0.03967195780419597,-0.00856762778752207
Southwark,Q3_2122,2021-10-01 00:00:00,-0.07231696046658931,-4.588508769631794e-05,-0.12837250564149028
Southwark,Q3_2223,2022-10-01 00:00:00,-0.07601969601401704,-0.09584738731905296,-0.12546908810853608
Southwark,Q3_2324,2023-10-01 00:00:00,-0.1252319520684289,-0.1119878301688001,-0.13588468829545075
Southwark,Q3_2425,2024-10-01 00:00:00,-0.10873942822897825,-0.07432479520125468,-0.04367004195385582
Southwark,Q3_2526,2025-10-01 00:00:00,-0.12010272860302723,-0.1285680860185341,-0.06351980788554445
Southwark,Q4_1415,2015-01-01 00:00:00,0.0043740138237146065,,-0.009835981641528768
Southwark,Q4_1516,2016-01-01 00:00:00,-0.0038146762396584766,0.042282258281062135,0.0009991411434876474
Southwark,Q4_1617,2017-01-01 00:00:00,0.05234716317092314,-0.003609534224888966,0.0738401195897117
Southwark,Q4_1718,2018-01-01 00:00:00,0.18379409455324558,0.09402846355337957,0.12444505814720996
Southwark,Q4_1819,2019-01-01 00:00:00,0.08668545162676178,0.06595771399551431,0.11960995133680674
Southwark,Q4_1920,2020-01-01 00:00:00,0.07740431127332126,0.12310263615012496,0.14072018636359485
Southwark,Q4_2021,2021-01-01 00:00:00,-0.043477123277652185,0.005846259506915974,-0.05812861294308369
Southwark,Q4_2122,2022-01-01 00:00:00,-0.09754775271348404,-0.03353334694390819,-0.14078421536644414
Southwark,Q4_2223,2023-01-01 00:00:00,-0.06441152364037628,-0.10477519030824345,-0.11472762395361491
Southwark,Q4_2324,2024-01-01 00:00:00,-0.1265862024883369,-0.09289073291474492,-0.10650907916275265
Southwark,Q4_2425,2025-01-01 00:00:00,-0.1101365848635249,-0.07859065858718273,-0.053535417657227025
Southwark,Q4_2526,2026-01-01 00:00:00,-0.22514512999618053,-0.18860018442820115,-0.11811886681991524
Sutton,Q1_1516,2015-04-01 00:00:00,0.0036261013310663337,,-0.008591168327719112
Sutton,Q1_1617,2016-04-01 00:00:00,0.032426505594755906,-0.002362544741876804,-0.018574218419138755
Sutton,Q1_1718,2017-04-01 00:00:00,0.055609992767137406,0.04332834683791542,0.009685237843506944
Sutton,Q1_1819,2018-04-01 00:00:00,0.15668799947832834,0.090019024806269,0.04981130278857404
Sutton,Q1_1920,2019-04-01 00:00:00,0.0539038277458721,0.020113847474232727,0.0394267517376552
Sutton,Q1_2021,2020-04-01 00:00:00,0.08987442565290293,0.061200925531856964,0.09976627959390716
Sutton,Q1_2122,2021-04-01 00:00:00,0.01648132912745104,0.047360714019333505,0.0195316292969967
Sutton,Q1_2223,2022-04-01 00:00:00,-0.028354541184550608,-0.05443299414067648,-0.020400041384038503
Sutton,Q1_2324,2023-04-01 00:00:00,-0.08745484438231765,-0.024099280994628103,-0.020412753815473805
Sutton,Q1_2425,2024-04-01 00:00:00,-0.07685504651416242,-0.06387680556392927,-0.100421228769764
Sutton,Q1_2526,2025-04-01 00:00:00,-0.11305969554659201,-0.05875987065785393,-0.0406161527184391
Sutton,Q2_1516,2015-07-01 00:00:00,0.020739574090569257,,-0.008550382610197471
Sutton,Q2_1617,2016-07-01 00:00:00,-0.029447862743229303,-0.01305778046281103,0.01145226581301828
Sutton,Q2_1718,2017-07-01 00:00:00,0.1055633784755372,0.05960188337370842,0.009827193327868189
Sutton,Q2_1819,2018-07-01 00:00:00,0.11092407192217457,0.08159025753558014,0.049751448423899336
Sutton,Q2_1920,2019-07-01 00:00:00,0.056893690161807786,0.007513665877939002,0.029525802765922093
Sutton,Q2_2021,2020-07-01 00:00:00,0.06516014436602102,0.06316149026489126,0.07969159405922455
Sutton,Q2_2122,2021-07-01 00:00:00,0.036031480726334664,0.03719385744630932,-0.010462014487285676
Sutton,Q2_2223,2022-07-01 00:00:00,-0.025009038618096446,-0.04948291580762543,-0.0005886091169958751
Sutton,Q2_2324,2023-07-01 00:00:00,-0.08254399933679668,-0.012277763405780684,-0.010482142503725034
Sutton,Q2_2425,2024-07-01 00:00:00,-0.1074832048242369,-0.09040062695925855,-0.09055364993054871
Sutton,Q2_2526,2025-07-01 00:00:00,-0.07665848275552345,-0.040094723242047436,-0.04056530299269778
Sutton,Q3_1516,2015-10-01 00:00:00,0.01946500362073933,,-0.03853237333233073
Sutton,Q3_1617,2016-10-01 00:00:00,-0.05248433945076514,-0.014184062330724334,0.011495170269112509
Sutton,Q3_1718,2017-10-01 00:00:00,0.13413885853866858,0.0690735042257985,0.019847321344307445
Sutton,Q3_1819,2018-10-01 00:00:00,0.10444788439758657,0.06289730069093635,0.0397016580674443
Sutton,Q3_1920,2019-10-01 00:00:00,0.05809328589811835,0.02795861673933686,0.049508852857341745
Sutton,Q3_2021,2020-10-01 00:00:00,0.035460043300098554,0.033272727980240724,0.03968735658207956
Sutton,Q3_2122,2021-10-01 00:00:00,0.06461608771430649,0.020378037048187747,0.009416687729435491
Sutton,Q3_2223,2022-10-01 00:00:00,-0.08562709033593274,-0.027130508737901016,-0.02029728256326957
Sutton,Q3_2324,2023-10-01 00:00:00,-0.0755804760443326,-0.06340404527369403,-0.04043923804763072
Sutton,Q3_2425,2024-10-01 00:00:00,-0.1254305265772938,-0.08334842641601925,-0.08044135678620323
Sutton,Q3_2526,2025-10-01 00:00:00,-0.08501816554293695,-0.04319547455741368,-0.020447183317277795
Sutton,Q4_1415,2015-01-01 00:00:00,-0.011134794247415924,,0.0014761016219595469
Sutton,Q4_1516,2016-01-01 00:00:00,0.019689927821297637,-0.02337758889444075,-0.0285355514401896
Sutton,Q4_1617,2017-01-01 00:00:00,-0.045849075534297845,0.008277072121382623,0.04140141608727699
Sutton,Q4_1718,2018-01-01 00:00:00,0.14615404941885202,0.08611180005461905,0.029960144173296066
Sutton,Q4_1819,2019-01-01 00:00:00,0.06183289564924799,0.02563652943141681,0.029597310192745918
Sutton,Q4_1920,2020-01-01 00:00:00,0.07679035498636921,0.04118451048447136,0.07938596602013337
Sutton,Q4_2021,2021-01-01 00:00:00,0.00225536327584297,0.044665709755076,0.02001523137618244
Sutton,Q4_2122,2022-01-01 00:00:00,0.010558325179418016,-0.024836230858818364,-0.0003846805293874489
Sutton,Q4_2223,2023-01-01 00:00:00,-0.07985403585493855,-0.024989182717423786,-0.03037885399831286
Sutton,Q4_2324,2024-01-01 00:00:00,-0.08374359507310714,-0.05272271426717856,-0.07046519259514461
Sutton,Q4_2425,2025-01-01 00:00:00,-0.11480236826721935,-0.07682460502069,-0.060308935625418614
Sutton,Q4_2526,2026-01-01 00:00:00,-0.15103341840677265,-0.08768167664871451,-0.009514408660710183
Tower Hamlets,Q1_1516,2015-04-01 00:00:00,-0.0572306277318797,,-0.03644014362480896
Tower Hamlets,Q1_1617,2016-04-01 00:00:00,0.05113909680903472,-0.004121982803302782,-0.002635592012233623
Tower Hamlets,Q1_1718,2017-04-01 00:00:00,0.18126990093926038,0.1131156851641798,0.1356080389649562
Tower Hamlets,Q1_1819,2018-04-01 00:00:00,0.10649419984276842,0.08615140895016438,0.06798280228252496
Tower Hamlets,Q1_1920,2019-04-01 00:00:00,0.06982039706853155,0.04808418810802306,0.04949476231862404
Tower Hamlets,Q1_2021,2020-04-01 00:00:00,-0.015101342638104365,0.041981165242376606,0.02907508465717712
Tower Hamlets,Q1_2122,2021-04-01 00:00:00,-0.0498870372262224,-0.017556585847249284,-0.044917860178034674
Tower Hamlets,Q1_2223,2022-04-01 00:00:00,-0.0335205461521918,-0.06966793699251905,-0.08656951217399078
Tower Hamlets,Q1_2324,2023-04-01 00:00:00,-0.05205962745037801,-0.06300825228554918,-0.0913598237887363
Tower Hamlets,Q1_2425,2024-04-01 00:00:00,-0.037377643311939934,-0.030287655536171965,-0.009231575694444771
Tower Hamlets,Q1_2526,2025-04-01 00:00:00,-0.07231603883795285,-0.03734646986116952,0.0030692330561408188
Tower Hamlets,Q2_1516,2015-07-01 00:00:00,-0.027248704890715403,,-0.03644836079891822
Tower Hamlets,Q2_1617,2016-07-01 00:00:00,0.0735252817753429,0.007264576157769764,0.058449074970185255
Tower Hamlets,Q2_1718,2017-07-01 00:00:00,0.14637099089479422,0.1002690376001596,0.10338118478135383
Tower Hamlets,Q2_1819,2018-07-01 00:00:00,0.07973001127435309,0.0780316669352552,0.049453676448077855
Tower Hamlets,Q2_1920,2019-07-01 00:00:00,0.07168567559248062,0.053357282558912034,0.0957970339694687
Tower Hamlets,Q2_2021,2020-07-01 00:00:00,0.016711125748796518,0.06627745976480737,0.008081408371835686
Tower Hamlets,Q2_2122,2021-07-01 00:00:00,-0.0486397132665613,-0.026831793663052328,-0.05435087516449755
Tower Hamlets,Q2_2223,2022-07-01 00:00:00,-0.04793137290809485,-0.1022309702235924,-0.13857450265664395
Tower Hamlets,Q2_2324,2023-07-01 00:00:00,-0.03211719009076047,-0.02723092328108012,-0.03684037802865747
Tower Hamlets,Q2_2425,2024-07-01 00:00:00,-0.06836047221681685,-0.059237200785805744,-0.02058710853153023
Tower Hamlets,Q2_2526,2025-07-01 00:00:00,-0.006390061903728983,-0.018092239219465456,0.04030856344637623
Tower Hamlets,Q3_1516,2015-10-01 00:00:00,-0.005151754465777869,,-0.00549516860224708
Tower Hamlets,Q3_1617,2016-10-01 00:00:00,0.040759476473485656,0.005657428271072074,0.047191847331472414
Tower Hamlets,Q3_1718,2017-10-01 00:00:00,0.11507276662250154,0.09370389100417198,0.09824545096308246
Tower Hamlets,Q3_1819,2018-10-01 00:00:00,0.07870294438459535,0.08162408385757136,0.06444120024144506
Tower Hamlets,Q3_1920,2019-10-01 00:00:00,0.08222465919367528,0.03948125130364932,0.08058764647515226
Tower Hamlets,Q3_2021,2020-10-01 00:00:00,-0.050642946733445104,0.04619339459337046,-0.029807078773029017
Tower Hamlets,Q3_2122,2021-10-01 00:00:00,-0.026412891565898766,-0.03134861452109172,-0.047884260031468284
Tower Hamlets,Q3_2223,2022-10-01 00:00:00,-0.046919052013297324,-0.10164273308859195,-0.12811434090652685
Tower Hamlets,Q3_2324,2023-10-01 00:00:00,-0.04807123767544619,-0.039069133032948455,-0.05045563374578255
Tower Hamlets,Q3_2425,2024-10-01 00:00:00,-0.06773918648865329,-0.040497740227243506,-0.009395919176629408
Tower Hamlets,Q3_2526,2025-10-01 00:00:00,-0.04347297700343561,-0.04801874087259872,0.022543333913149888
Tower Hamlets,Q4_1415,2015-01-01 00:00:00,-0.10026759041627198,,-0.06782062887516038
Tower Hamlets,Q4_1516,2016-01-01 00:00:00,0.011829360008665635,0.00046833640160348633,-0.016867436678489223
Tower Hamlets,Q4_1617,2017-01-01 00:00:00,0.044125159180795404,-0.008197625810091869,0.0741761444333835
Tower Hamlets,Q4_1718,2018-01-01 00:00:00,0.10780574877056281,0.08948118871363286,0.0749421469711703
Tower Hamlets,Q4_1819,2019-01-01 00:00:00,0.03125182378042468,0.03310518092962622,0.025599821790847077
Tower Hamlets,Q4_1920,2020-01-01 00:00:00,0.05915820451936249,0.06607784801328109,0.07010253231176944
Tower Hamlets,Q4_2021,2021-01-01 00:00:00,-0.06702085263856067,0.006676558087826967,-0.01725183851599521
Tower Hamlets,Q4_2122,2022-01-01 00:00:00,-0.06659033199037995,-0.07726249857475742,-0.09251052905496715
Tower Hamlets,Q4_2223,2023-01-01 00:00:00,-0.03095358959752692,-0.05817633568591063,-0.09540267345047959
Tower Hamlets,Q4_2324,2024-01-01 00:00:00,-0.058712021901904,-0.05687381060126673,-0.054383743860934475
Tower Hamlets,Q4_2425,2025-01-01 00:00:00,-0.10265284252807971,-0.039163733733947104,-0.01617508781674759
Tower Hamlets,Q4_2526,2026-01-01 00:00:00,-0.10488916923541036,-0.10113865501005315,-0.009010915557247312
Waltham Forest,Q1_1516,2015-04-01 00:00:00,-0.02695895900201617,,0.014823924532168076
Waltham Forest,Q1_1617,2016-04-01 00:00:00,0.029821995523991895,-0.02090529813328823,-0.021510811463564705
Waltham Forest,Q1_1718,2017-04-01 00:00:00,0.18944193761058997,0.15945416998912476,0.10179365405965435
Waltham Forest,Q1_1819,2018-04-01 00:00:00,0.06841005322619742,0.028910909597523515,0.0912358964937876
Waltham Forest,Q1_1920,2019-04-01 00:00:00,0.0688026030975794,0.07438231782722127,0.06685331197858857
Waltham Forest,Q1_2021,2020-04-01 00:00:00,0.020855185411894905,0.054933467444729156,0.03715231431512023
Waltham Forest,Q1_2122,2021-04-01 00:00:00,0.07301667994223554,0.07133617920288604,0.03372588562712142
Waltham Forest,Q1_2223,2022-04-01 00:00:00,-0.0745990606198943,-0.03793805176802001,-0.055795832818747004
Waltham Forest,Q1_2324,2023-04-01 00:00:00,-0.09538580718781797,-0.15308751255729514,-0.15081585455207946
Waltham Forest,Q1_2425,2024-04-01 00:00:00,-0.07719325168566482,-0.1082448625724769,-0.09557712105607685
Waltham Forest,Q1_2526,2025-04-01 00:00:00,-0.04773321361195998,0.006206120570453777,0.018725783806855523
Waltham Forest,Q2_1516,2015-07-01 00:00:00,0.002156568668504444,,0.004345846618567961
Waltham Forest,Q2_1617,2016-07-01 00:00:00,0.04048534977110141,0.009443940689883967,-0.001152253028364636
Waltham Forest,Q2_1718,2017-07-01 00:00:00,0.14509328199064997,0.12716471548166264,0.09944310431778725
Waltham Forest,Q2_1819,2018-07-01 00:00:00,0.059723928440787,0.024867371748293787,0.0873513098052553
Waltham Forest,Q2_1920,2019-07-01 00:00:00,0.06508044871102059,0.07242269998608841,0.0648414007588548
Waltham Forest,Q2_2021,2020-07-01 00:00:00,0.0718485699573993,0.08125068134960778,0.04390496120418974
Waltham Forest,Q2_2122,2021-07-01 00:00:00,0.030449802260883563,0.04472004371945726,0.03693319527138683
Waltham Forest,Q2_2223,2022-07-01 00:00:00,-0.07851831335472387,-0.0747366958889415,-0.10250904716274634
Waltham Forest,Q2_2324,2023-07-01 00:00:00,-0.09296634156137928,-0.15654898570123799,-0.11410284384861158
Waltham Forest,Q2_2425,2024-07-01 00:00:00,-0.06980981566037442,-0.07962241570832274,-0.11699143488381036
Waltham Forest,Q2_2526,2025-07-01 00:00:00,-0.05531210116036145,-0.003048708243609255,0.059223985274053925
Waltham Forest,Q3_1516,2015-10-01 00:00:00,0.027242284563010588,,0.00709479462176843
Waltham Forest,Q3_1617,2016-10-01 00:00:00,0.01598928209624817,0.027076877555050283,0.006417517577501641
Waltham Forest,Q3_1718,2017-10-01 00:00:00,0.09328748431796297,0.08621400979636051,0.07846702857752041
Waltham Forest,Q3_1819,2018-10-01 00:00:00,0.1157678226922289,0.06804932547052933,0.10061817554818919
Waltham Forest,Q3_1920,2019-10-01 00:00:00,-0.007720380332330634,0.060948136066028,0.04332748736578784
Waltham Forest,Q3_2021,2020-10-01 00:00:00,0.0705603613020685,0.054778250189986055,0.016992955010586952
Waltham Forest,Q3_2122,2021-10-01 00:00:00,-0.004967590757177287,0.031867926663551094,0.004004968050586366
Waltham Forest,Q3_2223,2022-10-01 00:00:00,-0.10341976418058851,-0.09731718274904722,-0.1351583956006135
Waltham Forest,Q3_2324,2023-10-01 00:00:00,-0.08676220197539469,-0.1585474078560566,-0.10615459489447865
Waltham Forest,Q3_2425,2024-10-01 00:00:00,-0.054724099765868395,-0.04694491806400258,-0.06424248688061007
Waltham Forest,Q3_2526,2025-10-01 00:00:00,-0.06301438102957713,-0.017103759023775256,0.04506072344311984
Waltham Forest,Q4_1415,2015-01-01 00:00:00,-0.01743804818048411,,0.024564965662301375
Waltham Forest,Q4_1516,2016-01-01 00:00:00,0.013520130176451706,-0.004223066953424004,-0.004917116597965232
Waltham Forest,Q4_1617,2017-01-01 00:00:00,0.0031147470254403453,0.025563509321304134,-0.005136235641698628
Waltham Forest,Q4_1718,2018-01-01 00:00:00,0.09413510363371397,0.06666025940374731,0.07892518657805381
Waltham Forest,Q4_1819,2019-01-01 00:00:00,0.04043696898125415,0.059978028223883095,0.07233149171245445
Waltham Forest,Q4_1920,2020-01-01 00:00:00,0.024232829395269495,0.05197645037870169,0.044383242758321395
Waltham Forest,Q4_2021,2021-01-01 00:00:00,0.06165476525944813,0.05482494372957847,0.04677403960738513
Waltham Forest,Q4_2122,2022-01-01 00:00:00,-0.026515417333766056,0.01105303607614927,-0.026831668298213818
Waltham Forest,Q4_2223,2023-01-01 00:00:00,-0.11757132145225752,-0.12476761097672062,-0.13280764221821473
Waltham Forest,Q4_2324,2024-01-01 00:00:00,-0.11302721430920654,-0.16184577451934956,-0.11954098011581249
Waltham Forest,Q4_2425,2025-01-01 00:00:00,-0.06814978321744092,-0.03454267432051261,-0.04230984803207971
Waltham Forest,Q4_2526,2026-01-01 00:00:00,-0.14334111767765229,-0.0746584454457222,-0.03376298348328832
Wandsworth,Q1_1516,2015-04-01 00:00:00,-0.011782845851775137,,0.004298580234301408
Wandsworth,Q1_1617,2016-04-01 00:00:00,0.02911212462621049,0.006675279385255806,-0.01546062957615324
Wandsworth,Q1_1718,2017-04-01 00:00:00,0.14916868520431392,0.10890829283940373,0.10684037105889277
Wandsworth,Q1_1819,2018-04-01 00:00:00,0.17642167511965523,0.10387624473157075,0.14879177488666606
Wandsworth,Q1_1920,2019-04-01 00:00:00,0.09176037054681385,0.05068347359264591,0.1375376593161176
Wandsworth,Q1_2021,2020-04-01 00:00:00,-0.020930860113778205,-0.0048589363116401385,0.11143262471868787
Wandsworth,Q1_2122,2021-04-01 00:00:00,-0.008910857311675402,-0.009776285451359223,-0.05264293332604131
Wandsworth,Q1_2223,2022-04-01 00:00:00,-0.09297551489919309,-0.06256038188450175,-0.1737365221035595
Wandsworth,Q1_2324,2023-04-01 00:00:00,-0.05802204982951786,-0.10231797207083082,-0.08971331935324012
Wandsworth,Q1_2425,2024-04-01 00:00:00,-0.06525639452656773,-0.057273152878442146,-0.06165970671873133
Wandsworth,Q1_2526,2025-04-01 00:00:00,-0.07571004276138849,0.019265642414075912,-0.05909127803024805
Wandsworth,Q2_1516,2015-07-01 00:00:00,-0.03167097454202683,,0.004328679007994607
Wandsworth,Q2_1617,2016-07-01 00:00:00,0.03175974562358441,-0.0015112266078349812,-0.004748291932081705
Wandsworth,Q2_1718,2017-07-01 00:00:00,0.16039926961154416,0.12975118442007993,0.13717145756951743
Wandsworth,Q2_1819,2018-07-01 00:00:00,0.18412831326981727,0.09230540133121978,0.10817475002595633
Wandsworth,Q2_1920,2019-07-01 00:00:00,0.044724960255140944,0.04271407603700206,0.13833527681898639
Wandsworth,Q2_2021,2020-07-01 00:00:00,0.029827587071147077,0.03305865452711865,0.09239861126756344
Wandsworth,Q2_2122,2021-07-01 00:00:00,-0.022534192656028296,-0.025408574533310024,-0.11092730322553113
Wandsworth,Q2_2223,2022-07-01 00:00:00,-0.06534345762219651,-0.0841823096230756,-0.1343736128133981
Wandsworth,Q2_2324,2023-07-01 00:00:00,-0.07710843413324087,-0.10169218892760157,-0.09946751270141263
Wandsworth,Q2_2425,2024-07-01 00:00:00,-0.07886108465262931,-0.03289267087583725,-0.04993906015593885
Wandsworth,Q2_2526,2025-07-01 00:00:00,-0.08013512249227017,0.003084196696230057,-0.05759135580787211
Wandsworth,Q3_1516,2015-10-01 00:00:00,-0.03051497100796219,,-0.0353603003305093
Wandsworth,Q3_1617,2016-10-01 00:00:00,0.039093479407919074,0.01666250830070004,0.04453435396156458
Wandsworth,Q3_1718,2017-10-01 00:00:00,0.18420289414298274,0.1423564856694426,0.13819481587508498
Wandsworth,Q3_1819,2018-10-01 00:00:00,0.15624138593256953,0.07690323256415887,0.10605278648058836
Wandsworth,Q3_1920,2019-10-01 00:00:00,0.03685051514035653,0.044169979676351834,0.1489071535191565
Wandsworth,Q3_2021,2020-10-01 00:00:00,-0.012714481843114078,-0.0023815867007218605,0.016333708368391098
Wandsworth,Q3_2122,2021-10-01 00:00:00,-0.04350374400717927,-0.036072670930206385,-0.08118815926420508
Wandsworth,Q3_2223,2022-10-01 00:00:00,-0.081384508348599,-0.08832014101912211,-0.13599894659282896
Wandsworth,Q3_2324,2023-10-01 00:00:00,-0.07449810357244968,-0.08990423708980377,-0.10876520798190559
Wandsworth,Q3_2425,2024-10-01 00:00:00,-0.0774378850666575,-0.008767369771458977,-0.04224663280574803
Wandsworth,Q3_2526,2025-10-01 00:00:00,-0.10585304151189145,-0.02768182758422455,-0.06182023351176158
Wandsworth,Q4_1415,2015-01-01 00:00:00,-0.004113498138195837,,0.0036715224490272425
Wandsworth,Q4_1516,2016-01-01 00:00:00,-0.0019133623798146537,0.005972869734692354,-0.03573653500167384
Wandsworth,Q4_1617,2017-01-01 00:00:00,0.05987657857615647,0.017198893852039432,0.06474504537741677
Wandsworth,Q4_1718,2018-01-01 00:00:00,0.15683803291789322,0.10731190726994133,0.14621331327361842
Wandsworth,Q4_1819,2019-01-01 00:00:00,0.128870361711652,0.05870395548651253,0.11676010766237765
Wandsworth,Q4_1920,2020-01-01 00:00:00,-0.02428068017958862,0.016545642196599375,0.13591232553668686
Wandsworth,Q4_2021,2021-01-01 00:00:00,-0.004255871965469393,-0.02028688804069978,-0.026771481784286788
Wandsworth,Q4_2122,2022-01-01 00:00:00,-0.06627571853676484,-0.0648208638508605,-0.13462443592750784
Wandsworth,Q4_2223,2023-01-01 00:00:00,-0.08030308568769984,-0.08757941811489156,-0.09570799178046174
Wandsworth,Q4_2324,2024-01-01 00:00:00,-0.09585304151189145,-0.0876818275842246,-0.0918202335117616
Wandsworth,Q4_2425,2025-01-01 00:00:00,-0.05344164535647722,0.017120341001605865,-0.043861933660614416
Wandsworth,Q4_2526,2026-01-01 00:00:00,-0.21369050865170774,-0.09729773187600388,-0.10738129951112674
Westminster,Q1_1516,2015-04-01 00:00:00,-0.0012902468233984,,-0.01813047313207239
Westminster,Q1_1617,2016-04-01 00:00:00,0.048629043401392846,0.02477190269982177,0.021838069604677712
Westminster,Q1_1718,2017-04-01 00:00:00,0.19076053811346683,0.06330483872077286,0.11164461480883914
Westminster,Q1_1819,2018-04-01 00:00:00,0.08285899226889437,0.0747129569979238,0.10246250365333687
Westminster,Q1_1920,2019-04-01 00:00:00,0.11582478224963733,0.05025440389716562,0.15310633266109264
Westminster,Q1_2021,2020-04-01 00:00:00,-0.007088193267405729,0.004486808907391282,-0.010902378625536446
Westminster,Q1_2122,2021-04-01 00:00:00,-0.145974574924432,-0.02463512971408266,-0.028775603642694714
Westminster,Q1_2223,2022-04-01 00:00:00,-0.11583491338727969,-0.06770035446396505,-0.15313085805307114
Westminster,Q1_2324,2023-04-01 00:00:00,-0.006987894564751906,-0.07834324135274617,-0.051887507879831096
Westminster,Q1_2425,2024-04-01 00:00:00,-0.0051181181057492475,0.0029114281377921047,-0.011158747947874859
Westminster,Q1_2526,2025-04-01 00:00:00,-0.14257032068335712,-0.042089197025936054,-0.09406330192128343
Westminster,Q2_1516,2015-07-01 00:00:00,0.0473847677002579,,0.011353103462908187
Westminster,Q2_1617,2016-07-01 00:00:00,0.05279232263924427,0.017565573256092426,0.04346074010065237
Westminster,Q2_1718,2017-07-01 00:00:00,0.16703572313594728,0.07751565395340687,0.1240904170265199
Westminster,Q2_1819,2018-07-01 00:00:00,0.07224822945151232,0.07101338364825283,0.08612203194474344
Westminster,Q2_1920,2019-07-01 00:00:00,0.1392065806825198,0.055813415484612716,0.1605268370745997
Westminster,Q2_2021,2020-07-01 00:00:00,-0.03244223594776474,0.004445427893698284,-0.023501269171125938
Westminster,Q2_2122,2021-07-01 00:00:00,-0.125776953678442,-0.02108199129650512,-0.05090342351440391
Westminster,Q2_2223,2022-07-01 00:00:00,-0.08904856645514392,-0.06314653606125586,-0.15048582650147424
Westminster,Q2_2324,2023-07-01 00:00:00,0.011935975099131357,-0.049065353289746594,-0.02230693805649664
Westminster,Q2_2425,2024-07-01 00:00:00,-0.04220040088031707,-0.011840971047592186,-0.053919122798054664
Westminster,Q2_2526,2025-07-01 00:00:00,-0.1341508871145286,-0.03314979893340553,-0.05467933999326091
Westminster,Q3_1516,2015-10-01 00:00:00,0.059664818849905155,,-0.0077582288502817676
Westminster,Q3_1617,2016-10-01 00:00:00,0.04061988452320875,0.016107809783272753,0.0626140154315088
Westminster,Q3_1718,2017-10-01 00:00:00,0.11500452712652698,0.05615266767231841,0.1032987425680637
Westminster,Q3_1819,2018-10-01 00:00:00,0.12314533541597827,0.08503589482488072,0.09426684168786692
Westminster,Q3_1920,2019-10-01 00:00:00,0.16857564042133566,0.0721003025361231,0.15417850105019382
Westminster,Q3_2021,2020-10-01 00:00:00,-0.09346713238964444,-0.029662834075448452,-0.041695886247728464
Westminster,Q3_2122,2021-10-01 00:00:00,-0.14316476499079023,-0.00590861422028266,-0.07209014692721971
Westminster,Q3_2223,2022-10-01 00:00:00,-0.021848085898510172,-0.06818402903907084,-0.13598664958186824
Westminster,Q3_2324,2023-10-01 00:00:00,0.04601023817771033,-0.009490356269971079,0.004871349116560286
Westminster,Q3_2425,2024-10-01 00:00:00,-0.02446858097022586,0.02347807874348673,-0.029212852228720054
Westminster,Q3_2526,2025-10-01 00:00:00,-0.14540732813358054,-0.057282639445276784,-0.0712714698078536
Westminster,Q4_1415,2015-01-01 00:00:00,0.007909381239114777,,-0.03844242432596745
Westminster,Q4_1516,2016-01-01 00:00:00,0.0782322203399497,0.02450562392305289,0.02168340472703234
Westminster,Q4_1617,2017-01-01 00:00:00,0.052166821881376446,-0.0028541543072890807,0.03321694631046557
Westminster,Q4_1718,2018-01-01 00:00:00,0.09751196966131459,0.07112496331095264,0.10037845996303008
Westminster,Q4_1819,2019-01-01 00:00:00,0.1194150809351423,0.07595332467240667,0.15060810167132865
Westminster,Q4_1920,2020-01-01 00:00:00,0.1334950777752162,0.055270581204405866,0.05440315649528327
Westminster,Q4_2021,2021-01-01 00:00:00,-0.17443278281140195,-0.040441605062637054,-0.023764989581278595
Westminster,Q4_2122,2022-01-01 00:00:00,-0.1251568924238905,-0.04395564911823158,-0.15676417195843617
Westminster,Q4_2223,2023-01-01 00:00:00,-0.03966476877584213,-0.07013949479603487,-0.05293084044428653
Westminster,Q4_2324,2024-01-01 00:00:00,0.016584799299519726,-0.019235604547327645,-0.016597444776637382
Westminster,Q4_2425,2025-01-01 00:00:00,-0.11893165498436264,-0.019647556038953295,-0.07264510363643317
Westminster,Q4_2526,2026-01-01 00:00:00,-0.251987453177484,-0.16866993016207288,-0.15111916975481332
