date,quarter,metric,borough,borough_value,london_mean,trend,seasonal,residual,borough_deviation,borough_residual,heterogeneity,borough_count
1/1/2026,Q4_2526,Fair treatment,Barking and Dagenham,0.73,0.639688,0.666504,-0.00136709,-0.0254493,0.0903125,0.0648632,0.00591553,32
1/1/2026,Q4_2526,Fair treatment,Barnet,0.64,0.639688,0.666504,-0.00136709,-0.0254493,0.0003125,-0.0251368,0.00591553,32
1/1/2026,Q4_2526,Fair treatment,Bexley,0.67,0.639688,0.666504,-0.00136709,-0.0254493,0.0303125,0.00486319,0.00591553,32
1/1/2026,Q4_2526,Fair treatment,Brent,0.66,0.639688,0.666504,-0.00136709,-0.0254493,0.0203125,-0.00513681,0.00591553,32
1/1/2026,Q4_2526,Fair treatment,Bromley,0.64,0.639688,0.666504,-0.00136709,-0.0254493,0.0003125,-0.0251368,0.00591553,32
1/1/2026,Q4_2526,Fair treatment,Camden,0.5,0.639688,0.666504,-0.00136709,-0.0254493,-0.139688,-0.165137,0.00591553,32
1/1/2026,Q4_2526,Fair treatment,Croydon,0.54,0.639688,0.666504,-0.00136709,-0.0254493,-0.0996875,-0.125137,0.00591553,32
1/1/2026,Q4_2526,Fair treatment,Ealing,0.65,0.639688,0.666504,-0.00136709,-0.0254493,0.0103125,-0.0151368,0.00591553,32
1/1/2026,Q4_2526,Fair treatment,Enfield,0.7,0.639688,0.666504,-0.00136709,-0.0254493,0.0603125,0.0348632,0.00591553,32
1/1/2026,Q4_2526,Fair treatment,Greenwich,0.74,0.639688,0.666504,-0.00136709,-0.0254493,0.100312,0.0748632,0.00591553,32
1/1/2026,Q4_2526,Fair treatment,Hackney,0.58,0.639688,0.666504,-0.00136709,-0.0254493,-0.0596875,-0.0851368,0.00591553,32
1/1/2026,Q4_2526,Fair treatment,Hammersmith and Fulham,0.64,0.639688,0.666504,-0.00136709,-0.0254493,0.0003125,-0.0251368,0.00591553,32
1/1/2026,Q4_2526,Fair treatment,Haringey,0.55,0.639688,0.666504,-0.00136709,-0.0254493,-0.0896875,-0.115137,0.00591553,32
1/1/2026,Q4_2526,Fair treatment,Harrow,0.68,0.639688,0.666504,-0.00136709,-0.0254493,0.0403125,0.0148632,0.00591553,32
1/1/2026,Q4_2526,Fair treatment,Havering,0.74,0.639688,0.666504,-0.00136709,-0.0254493,0.100312,0.0748632,0.00591553,32
1/1/2026,Q4_2526,Fair treatment,Hillingdon,0.57,0.639688,0.666504,-0.00136709,-0.0254493,-0.0696875,-0.0951368,0.00591553,32
1/1/2026,Q4_2526,Fair treatment,Hounslow,0.65,0.639688,0.666504,-0.00136709,-0.0254493,0.0103125,-0.0151368,0.00591553,32
1/1/2026,Q4_2526,Fair treatment,Islington,0.53,0.639688,0.666504,-0.00136709,-0.0254493,-0.109688,-0.135137,0.00591553,32
1/1/2026,Q4_2526,Fair treatment,Kensington and Chelsea,0.61,0.639688,0.666504,-0.00136709,-0.0254493,-0.0296875,-0.0551368,0.00591553,32
1/1/2026,Q4_2526,Fair treatment,Kingston upon Thames,0.73,0.639688,0.666504,-0.00136709,-0.0254493,0.0903125,0.0648632,0.00591553,32
1/1/2026,Q4_2526,Fair treatment,Lambeth,0.49,0.639688,0.666504,-0.00136709,-0.0254493,-0.149688,-0.175137,0.00591553,32
1/1/2026,Q4_2526,Fair treatment,Lewisham,0.53,0.639688,0.666504,-0.00136709,-0.0254493,-0.109688,-0.135137,0.00591553,32
1/1/2026,Q4_2526,Fair treatment,Merton,0.69,0.639688,0.666504,-0.00136709,-0.0254493,0.0503125,0.0248632,0.00591553,32
1/1/2026,Q4_2526,Fair treatment,Newham,0.72,0.639688,0.666504,-0.00136709,-0.0254493,0.0803125,0.0548632,0.00591553,32
1/1/2026,Q4_2526,Fair treatment,Redbridge,0.74,0.639688,0.666504,-0.00136709,-0.0254493,0.100312,0.0748632,0.00591553,32
1/1/2026,Q4_2526,Fair treatment,Richmond upon Thames,0.66,0.639688,0.666504,-0.00136709,-0.0254493,0.0203125,-0.00513681,0.00591553,32
1/1/2026,Q4_2526,Fair treatment,Southwark,0.55,0.639688,0.666504,-0.00136709,-0.0254493,-0.0896875,-0.115137,0.00591553,32
1/1/2026,Q4_2526,Fair treatment,Sutton,0.75,0.639688,0.666504,-0.00136709,-0.0254493,0.110312,0.0848632,0.00591553,32
1/1/2026,Q4_2526,Fair treatment,Tower Hamlets,0.73,0.639688,0.666504,-0.00136709,-0.0254493,0.0903125,0.0648632,0.00591553,32
1/1/2026,Q4_2526,Fair treatment,Waltham Forest,0.67,0.639688,0.666504,-0.00136709,-0.0254493,0.0303125,0.00486319,0.00591553,32
1/1/2026,Q4_2526,Fair treatment,Wandsworth,0.59,0.639688,0.666504,-0.00136709,-0.0254493,-0.0496875,-0.0751368,0.00591553,32
1/1/2026,Q4_2526,Fair treatment,Westminster,0.6,0.639688,0.666504,-0.00136709,-0.0254493,-0.0396875,-0.0651368,0.00591553,32
1/1/2026,Q4_2526,Good job,Barking and Dagenham,0.49,0.44875,0.442211,0.000292591,0.00624647,0.04125,0.0474965,0.00338594,32
1/1/2026,Q4_2526,Good job,Barnet,0.45,0.44875,0.442211,0.000292591,0.00624647,0.00125,0.00749647,0.00338594,32
1/1/2026,Q4_2526,Good job,Bexley,0.47,0.44875,0.442211,0.000292591,0.00624647,0.02125,0.0274965,0.00338594,32
1/1/2026,Q4_2526,Good job,Brent,0.45,0.44875,0.442211,0.000292591,0.00624647,0.00125,0.00749647,0.00338594,32
1/1/2026,Q4_2526,Good job,Bromley,0.45,0.44875,0.442211,0.000292591,0.00624647,0.00125,0.00749647,0.00338594,32
1/1/2026,Q4_2526,Good job,Camden,0.36,0.44875,0.442211,0.000292591,0.00624647,-0.08875,-0.0825035,0.00338594,32
1/1/2026,Q4_2526,Good job,Croydon,0.44,0.44875,0.442211,0.000292591,0.00624647,-0.00875,-0.00250353,0.00338594,32
1/1/2026,Q4_2526,Good job,Ealing,0.41,0.44875,0.442211,0.000292591,0.00624647,-0.03875,-0.0325035,0.00338594,32
1/1/2026,Q4_2526,Good job,Enfield,0.58,0.44875,0.442211,0.000292591,0.00624647,0.13125,0.137496,0.00338594,32
1/1/2026,Q4_2526,Good job,Greenwich,0.52,0.44875,0.442211,0.000292591,0.00624647,0.07125,0.0774965,0.00338594,32
1/1/2026,Q4_2526,Good job,Hackney,0.44,0.44875,0.442211,0.000292591,0.00624647,-0.00875,-0.00250353,0.00338594,32
1/1/2026,Q4_2526,Good job,Hammersmith and Fulham,0.46,0.44875,0.442211,0.000292591,0.00624647,0.01125,0.0174965,0.00338594,32
1/1/2026,Q4_2526,Good job,Haringey,0.43,0.44875,0.442211,0.000292591,0.00624647,-0.01875,-0.0125035,0.00338594,32
1/1/2026,Q4_2526,Good job,Harrow,0.49,0.44875,0.442211,0.000292591,0.00624647,0.04125,0.0474965,0.00338594,32
1/1/2026,Q4_2526,Good job,Havering,0.52,0.44875,0.442211,0.000292591,0.00624647,0.07125,0.0774965,0.00338594,32
1/1/2026,Q4_2526,Good job,Hillingdon,0.35,0.44875,0.442211,0.000292591,0.00624647,-0.09875,-0.0925035,0.00338594,32
1/1/2026,Q4_2526,Good job,Hounslow,0.39,0.44875,0.442211,0.000292591,0.00624647,-0.05875,-0.0525035,0.00338594,32
1/1/2026,Q4_2526,Good job,Islington,0.35,0.44875,0.442211,0.000292591,0.00624647,-0.09875,-0.0925035,0.00338594,32
1/1/2026,Q4_2526,Good job,Kensington and Chelsea,0.42,0.44875,0.442211,0.000292591,0.00624647,-0.02875,-0.0225035,0.00338594,32
1/1/2026,Q4_2526,Good job,Kingston upon Thames,0.52,0.44875,0.442211,0.000292591,0.00624647,0.07125,0.0774965,0.00338594,32
1/1/2026,Q4_2526,Good job,Lambeth,0.32,0.44875,0.442211,0.000292591,0.00624647,-0.12875,-0.122504,0.00338594,32
1/1/2026,Q4_2526,Good job,Lewisham,0.45,0.44875,0.442211,0.000292591,0.00624647,0.00125,0.00749647,0.00338594,32
1/1/2026,Q4_2526,Good job,Merton,0.54,0.44875,0.442211,0.000292591,0.00624647,0.09125,0.0974965,0.00338594,32
1/1/2026,Q4_2526,Good job,Newham,0.48,0.44875,0.442211,0.000292591,0.00624647,0.03125,0.0374965,0.00338594,32
1/1/2026,Q4_2526,Good job,Redbridge,0.44,0.44875,0.442211,0.000292591,0.00624647,-0.00875,-0.00250353,0.00338594,32
1/1/2026,Q4_2526,Good job,Richmond upon Thames,0.5,0.44875,0.442211,0.000292591,0.00624647,0.05125,0.0574965,0.00338594,32
1/1/2026,Q4_2526,Good job,Southwark,0.39,0.44875,0.442211,0.000292591,0.00624647,-0.05875,-0.0525035,0.00338594,32
1/1/2026,Q4_2526,Good job,Sutton,0.51,0.44875,0.442211,0.000292591,0.00624647,0.06125,0.0674965,0.00338594,32
1/1/2026,Q4_2526,Good job,Tower Hamlets,0.47,0.44875,0.442211,0.000292591,0.00624647,0.02125,0.0274965,0.00338594,32
1/1/2026,Q4_2526,Good job,Waltham Forest,0.43,0.44875,0.442211,0.000292591,0.00624647,-0.01875,-0.0125035,0.00338594,32
1/1/2026,Q4_2526,Good job,Wandsworth,0.42,0.44875,0.442211,0.000292591,0.00624647,-0.02875,-0.0225035,0.00338594,32
1/1/2026,Q4_2526,Good job,Westminster,0.42,0.44875,0.442211,0.000292591,0.00624647,-0.02875,-0.0225035,0.00338594,32
1/1/2026,Q4_2526,Trust MPS,Barking and Dagenham,0.76,0.708125,0.757625,-0.00355419,-0.0459458,0.051875,0.00592919,0.00318398,32
1/1/2026,Q4_2526,Trust MPS,Barnet,0.78,0.708125,0.757625,-0.00355419,-0.0459458,0.071875,0.0259292,0.00318398,32
1/1/2026,Q4_2526,Trust MPS,Bexley,0.74,0.708125,0.757625,-0.00355419,-0.0459458,0.031875,-0.0140708,0.00318398,32
1/1/2026,Q4_2526,Trust MPS,Brent,0.74,0.708125,0.757625,-0.00355419,-0.0459458,0.031875,-0.0140708,0.00318398,32
1/1/2026,Q4_2526,Trust MPS,Bromley,0.69,0.708125,0.757625,-0.00355419,-0.0459458,-0.018125,-0.0640708,0.00318398,32
1/1/2026,Q4_2526,Trust MPS,Camden,0.67,0.708125,0.757625,-0.00355419,-0.0459458,-0.038125,-0.0840708,0.00318398,32
1/1/2026,Q4_2526,Trust MPS,Croydon,0.65,0.708125,0.757625,-0.00355419,-0.0459458,-0.058125,-0.104071,0.00318398,32
1/1/2026,Q4_2526,Trust MPS,Ealing,0.71,0.708125,0.757625,-0.00355419,-0.0459458,0.001875,-0.0440708,0.00318398,32
1/1/2026,Q4_2526,Trust MPS,Enfield,0.75,0.708125,0.757625,-0.00355419,-0.0459458,0.041875,-0.00407081,0.00318398,32
1/1/2026,Q4_2526,Trust MPS,Greenwich,0.69,0.708125,0.757625,-0.00355419,-0.0459458,-0.018125,-0.0640708,0.00318398,32
1/1/2026,Q4_2526,Trust MPS,Hackney,0.59,0.708125,0.757625,-0.00355419,-0.0459458,-0.118125,-0.164071,0.00318398,32
1/1/2026,Q4_2526,Trust MPS,Hammersmith and Fulham,0.75,0.708125,0.757625,-0.00355419,-0.0459458,0.041875,-0.00407081,0.00318398,32
1/1/2026,Q4_2526,Trust MPS,Haringey,0.69,0.708125,0.757625,-0.00355419,-0.0459458,-0.018125,-0.0640708,0.00318398,32
1/1/2026,Q4_2526,Trust MPS,Harrow,0.78,0.708125,0.757625,-0.00355419,-0.0459458,0.071875,0.0259292,0.00318398,32
1/1/2026,Q4_2526,Trust MPS,Havering,0.76,0.708125,0.757625,-0.00355419,-0.0459458,0.051875,0.00592919,0.00318398,32
1/1/2026,Q4_2526,Trust MPS,Hillingdon,0.62,0.708125,0.757625,-0.00355419,-0.0459458,-0.088125,-0.134071,0.00318398,32
1/1/2026,Q4_2526,Trust MPS,Hounslow,0.7,0.708125,0.757625,-0.00355419,-0.0459458,-0.008125,-0.0540708,0.00318398,32
1/1/2026,Q4_2526,Trust MPS,Islington,0.64,0.708125,0.757625,-0.00355419,-0.0459458,-0.068125,-0.114071,0.00318398,32
1/1/2026,Q4_2526,Trust MPS,Kensington and Chelsea,0.69,0.708125,0.757625,-0.00355419,-0.0459458,-0.018125,-0.0640708,0.00318398,32
1/1/2026,Q4_2526,Trust MPS,Kingston upon Thames,0.75,0.708125,0.757625,-0.00355419,-0.0459458,0.041875,-0.00407081,0.00318398,32
1/1/2026,Q4_2526,Trust MPS,Lambeth,0.64,0.708125,0.757625,-0.00355419,-0.0459458,-0.068125,-0.114071,0.00318398,32
1/1/2026,Q4_2526,Trust MPS,Lewisham,0.6,0.708125,0.757625,-0.00355419,-0.0459458,-0.108125,-0.154071,0.00318398,32
1/1/2026,Q4_2526,Trust MPS,Merton,0.81,0.708125,0.757625,-0.00355419,-0.0459458,0.101875,0.0559292,0.00318398,32
1/1/2026,Q4_2526,Trust MPS,Newham,0.75,0.708125,0.757625,-0.00355419,-0.0459458,0.041875,-0.00407081,0.00318398,32
1/1/2026,Q4_2526,Trust MPS,Redbridge,0.74,0.708125,0.757625,-0.00355419,-0.0459458,0.031875,-0.0140708,0.00318398,32
1/1/2026,Q4_2526,Trust MPS,Richmond upon Thames,0.75,0.708125,0.757625,-0.00355419,-0.0459458,0.041875,-0.00407081,0.00318398,32
1/1/2026,Q4_2526,Trust MPS,Southwark,0.6,0.708125,0.757625,-0.00355419,-0.0459458,-0.108125,-0.154071,0.00318398,32
1/1/2026,Q4_2526,Trust MPS,Sutton,0.76,0.708125,0.757625,-0.00355419,-0.0459458,0.051875,0.00592919,0.00318398,32
1/1/2026,Q4_2526,Trust MPS,Tower Hamlets,0.72,0.708125,0.757625,-0.00355419,-0.0459458,0.011875,-0.0340708,0.00318398,32
1/1/2026,Q4_2526,Trust MPS,Waltham Forest,0.71,0.708125,0.757625,-0.00355419,-0.0459458,0.001875,-0.0440708,0.00318398,32
1/1/2026,Q4_2526,Trust MPS,Wandsworth,0.73,0.708125,0.757625,-0.00355419,-0.0459458,0.021875,-0.0240708,0.00318398,32
1/1/2026,Q4_2526,Trust MPS,Westminster,0.7,0.708125,0.757625,-0.00355419,-0.0459458,-0.008125,-0.0540708,0.00318398,32
10/1/2025,Q3_2526,Fair treatment,Barking and Dagenham,0.69,0.648125,0.659648,-2.69E-05,-0.0114965,0.041875,0.0303785,0.00434023,32
10/1/2025,Q3_2526,Fair treatment,Barnet,0.62,0.648125,0.659648,-2.69E-05,-0.0114965,-0.028125,-0.0396215,0.00434023,32
10/1/2025,Q3_2526,Fair treatment,Bexley,0.69,0.648125,0.659648,-2.69E-05,-0.0114965,0.041875,0.0303785,0.00434023,32
10/1/2025,Q3_2526,Fair treatment,Brent,0.66,0.648125,0.659648,-2.69E-05,-0.0114965,0.011875,0.000378485,0.00434023,32
10/1/2025,Q3_2526,Fair treatment,Bromley,0.66,0.648125,0.659648,-2.69E-05,-0.0114965,0.011875,0.000378485,0.00434023,32
10/1/2025,Q3_2526,Fair treatment,Camden,0.52,0.648125,0.659648,-2.69E-05,-0.0114965,-0.128125,-0.139622,0.00434023,32
10/1/2025,Q3_2526,Fair treatment,Croydon,0.57,0.648125,0.659648,-2.69E-05,-0.0114965,-0.078125,-0.0896215,0.00434023,32
10/1/2025,Q3_2526,Fair treatment,Ealing,0.7,0.648125,0.659648,-2.69E-05,-0.0114965,0.051875,0.0403785,0.00434023,32
10/1/2025,Q3_2526,Fair treatment,Enfield,0.68,0.648125,0.659648,-2.69E-05,-0.0114965,0.031875,0.0203785,0.00434023,32
10/1/2025,Q3_2526,Fair treatment,Greenwich,0.73,0.648125,0.659648,-2.69E-05,-0.0114965,0.081875,0.0703785,0.00434023,32
10/1/2025,Q3_2526,Fair treatment,Hackney,0.55,0.648125,0.659648,-2.69E-05,-0.0114965,-0.098125,-0.109622,0.00434023,32
10/1/2025,Q3_2526,Fair treatment,Hammersmith and Fulham,0.64,0.648125,0.659648,-2.69E-05,-0.0114965,-0.008125,-0.0196215,0.00434023,32
10/1/2025,Q3_2526,Fair treatment,Haringey,0.55,0.648125,0.659648,-2.69E-05,-0.0114965,-0.098125,-0.109622,0.00434023,32
10/1/2025,Q3_2526,Fair treatment,Harrow,0.69,0.648125,0.659648,-2.69E-05,-0.0114965,0.041875,0.0303785,0.00434023,32
10/1/2025,Q3_2526,Fair treatment,Havering,0.76,0.648125,0.659648,-2.69E-05,-0.0114965,0.111875,0.100378,0.00434023,32
10/1/2025,Q3_2526,Fair treatment,Hillingdon,0.65,0.648125,0.659648,-2.69E-05,-0.0114965,0.001875,-0.00962152,0.00434023,32
10/1/2025,Q3_2526,Fair treatment,Hounslow,0.63,0.648125,0.659648,-2.69E-05,-0.0114965,-0.018125,-0.0296215,0.00434023,32
10/1/2025,Q3_2526,Fair treatment,Islington,0.53,0.648125,0.659648,-2.69E-05,-0.0114965,-0.118125,-0.129622,0.00434023,32
10/1/2025,Q3_2526,Fair treatment,Kensington and Chelsea,0.66,0.648125,0.659648,-2.69E-05,-0.0114965,0.011875,0.000378485,0.00434023,32
10/1/2025,Q3_2526,Fair treatment,Kingston upon Thames,0.7,0.648125,0.659648,-2.69E-05,-0.0114965,0.051875,0.0403785,0.00434023,32
10/1/2025,Q3_2526,Fair treatment,Lambeth,0.53,0.648125,0.659648,-2.69E-05,-0.0114965,-0.118125,-0.129622,0.00434023,32
10/1/2025,Q3_2526,Fair treatment,Lewisham,0.58,0.648125,0.659648,-2.69E-05,-0.0114965,-0.068125,-0.0796215,0.00434023,32
10/1/2025,Q3_2526,Fair treatment,Merton,0.68,0.648125,0.659648,-2.69E-05,-0.0114965,0.031875,0.0203785,0.00434023,32
10/1/2025,Q3_2526,Fair treatment,Newham,0.72,0.648125,0.659648,-2.69E-05,-0.0114965,0.071875,0.0603785,0.00434023,32
10/1/2025,Q3_2526,Fair treatment,Redbridge,0.7,0.648125,0.659648,-2.69E-05,-0.0114965,0.051875,0.0403785,0.00434023,32
10/1/2025,Q3_2526,Fair treatment,Richmond upon Thames,0.65,0.648125,0.659648,-2.69E-05,-0.0114965,0.001875,-0.00962152,0.00434023,32
10/1/2025,Q3_2526,Fair treatment,Southwark,0.57,0.648125,0.659648,-2.69E-05,-0.0114965,-0.078125,-0.0896215,0.00434023,32
10/1/2025,Q3_2526,Fair treatment,Sutton,0.74,0.648125,0.659648,-2.69E-05,-0.0114965,0.091875,0.0803785,0.00434023,32
10/1/2025,Q3_2526,Fair treatment,Tower Hamlets,0.72,0.648125,0.659648,-2.69E-05,-0.0114965,0.071875,0.0603785,0.00434023,32
10/1/2025,Q3_2526,Fair treatment,Waltham Forest,0.7,0.648125,0.659648,-2.69E-05,-0.0114965,0.051875,0.0403785,0.00434023,32
10/1/2025,Q3_2526,Fair treatment,Wandsworth,0.62,0.648125,0.659648,-2.69E-05,-0.0114965,-0.028125,-0.0396215,0.00434023,32
10/1/2025,Q3_2526,Fair treatment,Westminster,0.65,0.648125,0.659648,-2.69E-05,-0.0114965,0.001875,-0.00962152,0.00434023,32
10/1/2025,Q3_2526,Good job,Barking and Dagenham,0.45,0.45375,0.446164,0.000660104,0.00692583,-0.00375,0.00317583,0.00235469,32
10/1/2025,Q3_2526,Good job,Barnet,0.45,0.45375,0.446164,0.000660104,0.00692583,-0.00375,0.00317583,0.00235469,32
10/1/2025,Q3_2526,Good job,Bexley,0.48,0.45375,0.446164,0.000660104,0.00692583,0.02625,0.0331758,0.00235469,32
10/1/2025,Q3_2526,Good job,Brent,0.45,0.45375,0.446164,0.000660104,0.00692583,-0.00375,0.00317583,0.00235469,32
10/1/2025,Q3_2526,Good job,Bromley,0.45,0.45375,0.446164,0.000660104,0.00692583,-0.00375,0.00317583,0.00235469,32
10/1/2025,Q3_2526,Good job,Camden,0.38,0.45375,0.446164,0.000660104,0.00692583,-0.07375,-0.0668242,0.00235469,32
10/1/2025,Q3_2526,Good job,Croydon,0.44,0.45375,0.446164,0.000660104,0.00692583,-0.01375,-0.00682417,0.00235469,32
10/1/2025,Q3_2526,Good job,Ealing,0.45,0.45375,0.446164,0.000660104,0.00692583,-0.00375,0.00317583,0.00235469,32
10/1/2025,Q3_2526,Good job,Enfield,0.55,0.45375,0.446164,0.000660104,0.00692583,0.09625,0.103176,0.00235469,32
10/1/2025,Q3_2526,Good job,Greenwich,0.48,0.45375,0.446164,0.000660104,0.00692583,0.02625,0.0331758,0.00235469,32
10/1/2025,Q3_2526,Good job,Hackney,0.41,0.45375,0.446164,0.000660104,0.00692583,-0.04375,-0.0368242,0.00235469,32
10/1/2025,Q3_2526,Good job,Hammersmith and Fulham,0.46,0.45375,0.446164,0.000660104,0.00692583,0.00625,0.0131758,0.00235469,32
10/1/2025,Q3_2526,Good job,Haringey,0.41,0.45375,0.446164,0.000660104,0.00692583,-0.04375,-0.0368242,0.00235469,32
10/1/2025,Q3_2526,Good job,Harrow,0.51,0.45375,0.446164,0.000660104,0.00692583,0.05625,0.0631758,0.00235469,32
10/1/2025,Q3_2526,Good job,Havering,0.51,0.45375,0.446164,0.000660104,0.00692583,0.05625,0.0631758,0.00235469,32
10/1/2025,Q3_2526,Good job,Hillingdon,0.39,0.45375,0.446164,0.000660104,0.00692583,-0.06375,-0.0568242,0.00235469,32
10/1/2025,Q3_2526,Good job,Hounslow,0.4,0.45375,0.446164,0.000660104,0.00692583,-0.05375,-0.0468242,0.00235469,32
10/1/2025,Q3_2526,Good job,Islington,0.35,0.45375,0.446164,0.000660104,0.00692583,-0.10375,-0.0968242,0.00235469,32
10/1/2025,Q3_2526,Good job,Kensington and Chelsea,0.48,0.45375,0.446164,0.000660104,0.00692583,0.02625,0.0331758,0.00235469,32
10/1/2025,Q3_2526,Good job,Kingston upon Thames,0.53,0.45375,0.446164,0.000660104,0.00692583,0.07625,0.0831758,0.00235469,32
10/1/2025,Q3_2526,Good job,Lambeth,0.36,0.45375,0.446164,0.000660104,0.00692583,-0.09375,-0.0868242,0.00235469,32
10/1/2025,Q3_2526,Good job,Lewisham,0.46,0.45375,0.446164,0.000660104,0.00692583,0.00625,0.0131758,0.00235469,32
10/1/2025,Q3_2526,Good job,Merton,0.54,0.45375,0.446164,0.000660104,0.00692583,0.08625,0.0931758,0.00235469,32
10/1/2025,Q3_2526,Good job,Newham,0.47,0.45375,0.446164,0.000660104,0.00692583,0.01625,0.0231758,0.00235469,32
10/1/2025,Q3_2526,Good job,Redbridge,0.45,0.45375,0.446164,0.000660104,0.00692583,-0.00375,0.00317583,0.00235469,32
10/1/2025,Q3_2526,Good job,Richmond upon Thames,0.5,0.45375,0.446164,0.000660104,0.00692583,0.04625,0.0531758,0.00235469,32
10/1/2025,Q3_2526,Good job,Southwark,0.42,0.45375,0.446164,0.000660104,0.00692583,-0.03375,-0.0268242,0.00235469,32
10/1/2025,Q3_2526,Good job,Sutton,0.51,0.45375,0.446164,0.000660104,0.00692583,0.05625,0.0631758,0.00235469,32
10/1/2025,Q3_2526,Good job,Tower Hamlets,0.44,0.45375,0.446164,0.000660104,0.00692583,-0.01375,-0.00682417,0.00235469,32
10/1/2025,Q3_2526,Good job,Waltham Forest,0.42,0.45375,0.446164,0.000660104,0.00692583,-0.03375,-0.0268242,0.00235469,32
10/1/2025,Q3_2526,Good job,Wandsworth,0.47,0.45375,0.446164,0.000660104,0.00692583,0.01625,0.0231758,0.00235469,32
10/1/2025,Q3_2526,Good job,Westminster,0.45,0.45375,0.446164,0.000660104,0.00692583,-0.00375,0.00317583,0.00235469,32
10/1/2025,Q3_2526,Trust MPS,Barking and Dagenham,0.76,0.722812,0.75182,-0.000922301,-0.0280855,0.0371875,0.00910199,0.00307646,32
10/1/2025,Q3_2526,Trust MPS,Barnet,0.78,0.722812,0.75182,-0.000922301,-0.0280855,0.0571875,0.029102,0.00307646,32
10/1/2025,Q3_2526,Trust MPS,Bexley,0.75,0.722812,0.75182,-0.000922301,-0.0280855,0.0271875,-0.000898011,0.00307646,32
10/1/2025,Q3_2526,Trust MPS,Brent,0.77,0.722812,0.75182,-0.000922301,-0.0280855,0.0471875,0.019102,0.00307646,32
10/1/2025,Q3_2526,Trust MPS,Bromley,0.71,0.722812,0.75182,-0.000922301,-0.0280855,-0.0128125,-0.040898,0.00307646,32
10/1/2025,Q3_2526,Trust MPS,Camden,0.68,0.722812,0.75182,-0.000922301,-0.0280855,-0.0428125,-0.070898,0.00307646,32
10/1/2025,Q3_2526,Trust MPS,Croydon,0.65,0.722812,0.75182,-0.000922301,-0.0280855,-0.0728125,-0.100898,0.00307646,32
10/1/2025,Q3_2526,Trust MPS,Ealing,0.76,0.722812,0.75182,-0.000922301,-0.0280855,0.0371875,0.00910199,0.00307646,32
10/1/2025,Q3_2526,Trust MPS,Enfield,0.74,0.722812,0.75182,-0.000922301,-0.0280855,0.0171875,-0.010898,0.00307646,32
10/1/2025,Q3_2526,Trust MPS,Greenwich,0.7,0.722812,0.75182,-0.000922301,-0.0280855,-0.0228125,-0.050898,0.00307646,32
10/1/2025,Q3_2526,Trust MPS,Hackney,0.59,0.722812,0.75182,-0.000922301,-0.0280855,-0.132812,-0.160898,0.00307646,32
10/1/2025,Q3_2526,Trust MPS,Hammersmith and Fulham,0.75,0.722812,0.75182,-0.000922301,-0.0280855,0.0271875,-0.000898011,0.00307646,32
10/1/2025,Q3_2526,Trust MPS,Haringey,0.69,0.722812,0.75182,-0.000922301,-0.0280855,-0.0328125,-0.060898,0.00307646,32
10/1/2025,Q3_2526,Trust MPS,Harrow,0.78,0.722812,0.75182,-0.000922301,-0.0280855,0.0571875,0.029102,0.00307646,32
10/1/2025,Q3_2526,Trust MPS,Havering,0.77,0.722812,0.75182,-0.000922301,-0.0280855,0.0471875,0.019102,0.00307646,32
10/1/2025,Q3_2526,Trust MPS,Hillingdon,0.69,0.722812,0.75182,-0.000922301,-0.0280855,-0.0328125,-0.060898,0.00307646,32
10/1/2025,Q3_2526,Trust MPS,Hounslow,0.69,0.722812,0.75182,-0.000922301,-0.0280855,-0.0328125,-0.060898,0.00307646,32
10/1/2025,Q3_2526,Trust MPS,Islington,0.64,0.722812,0.75182,-0.000922301,-0.0280855,-0.0828125,-0.110898,0.00307646,32
10/1/2025,Q3_2526,Trust MPS,Kensington and Chelsea,0.73,0.722812,0.75182,-0.000922301,-0.0280855,0.0071875,-0.020898,0.00307646,32
10/1/2025,Q3_2526,Trust MPS,Kingston upon Thames,0.78,0.722812,0.75182,-0.000922301,-0.0280855,0.0571875,0.029102,0.00307646,32
10/1/2025,Q3_2526,Trust MPS,Lambeth,0.66,0.722812,0.75182,-0.000922301,-0.0280855,-0.0628125,-0.090898,0.00307646,32
10/1/2025,Q3_2526,Trust MPS,Lewisham,0.63,0.722812,0.75182,-0.000922301,-0.0280855,-0.0928125,-0.120898,0.00307646,32
10/1/2025,Q3_2526,Trust MPS,Merton,0.82,0.722812,0.75182,-0.000922301,-0.0280855,0.0971875,0.069102,0.00307646,32
10/1/2025,Q3_2526,Trust MPS,Newham,0.77,0.722812,0.75182,-0.000922301,-0.0280855,0.0471875,0.019102,0.00307646,32
10/1/2025,Q3_2526,Trust MPS,Redbridge,0.74,0.722812,0.75182,-0.000922301,-0.0280855,0.0171875,-0.010898,0.00307646,32
10/1/2025,Q3_2526,Trust MPS,Richmond upon Thames,0.75,0.722812,0.75182,-0.000922301,-0.0280855,0.0271875,-0.000898011,0.00307646,32
10/1/2025,Q3_2526,Trust MPS,Southwark,0.61,0.722812,0.75182,-0.000922301,-0.0280855,-0.112812,-0.140898,0.00307646,32
10/1/2025,Q3_2526,Trust MPS,Sutton,0.78,0.722812,0.75182,-0.000922301,-0.0280855,0.0571875,0.029102,0.00307646,32
10/1/2025,Q3_2526,Trust MPS,Tower Hamlets,0.72,0.722812,0.75182,-0.000922301,-0.0280855,-0.0028125,-0.030898,0.00307646,32
10/1/2025,Q3_2526,Trust MPS,Waltham Forest,0.72,0.722812,0.75182,-0.000922301,-0.0280855,-0.0028125,-0.030898,0.00307646,32
10/1/2025,Q3_2526,Trust MPS,Wandsworth,0.76,0.722812,0.75182,-0.000922301,-0.0280855,0.0371875,0.00910199,0.00307646,32
10/1/2025,Q3_2526,Trust MPS,Westminster,0.76,0.722812,0.75182,-0.000922301,-0.0280855,0.0371875,0.00910199,0.00307646,32
7/1/2025,Q2_2526,Fair treatment,Barking and Dagenham,0.69,0.656562,0.647656,0.00141079,0.00749546,0.0334375,0.040933,0.00392881,32
7/1/2025,Q2_2526,Fair treatment,Barnet,0.67,0.656562,0.647656,0.00141079,0.00749546,0.0134375,0.020933,0.00392881,32
7/1/2025,Q2_2526,Fair treatment,Bexley,0.72,0.656562,0.647656,0.00141079,0.00749546,0.0634375,0.070933,0.00392881,32
7/1/2025,Q2_2526,Fair treatment,Brent,0.67,0.656562,0.647656,0.00141079,0.00749546,0.0134375,0.020933,0.00392881,32
7/1/2025,Q2_2526,Fair treatment,Bromley,0.65,0.656562,0.647656,0.00141079,0.00749546,-0.0065625,0.000932965,0.00392881,32
7/1/2025,Q2_2526,Fair treatment,Camden,0.53,0.656562,0.647656,0.00141079,0.00749546,-0.126562,-0.119067,0.00392881,32
7/1/2025,Q2_2526,Fair treatment,Croydon,0.6,0.656562,0.647656,0.00141079,0.00749546,-0.0565625,-0.049067,0.00392881,32
7/1/2025,Q2_2526,Fair treatment,Ealing,0.69,0.656562,0.647656,0.00141079,0.00749546,0.0334375,0.040933,0.00392881,32
7/1/2025,Q2_2526,Fair treatment,Enfield,0.69,0.656562,0.647656,0.00141079,0.00749546,0.0334375,0.040933,0.00392881,32
7/1/2025,Q2_2526,Fair treatment,Greenwich,0.71,0.656562,0.647656,0.00141079,0.00749546,0.0534375,0.060933,0.00392881,32
7/1/2025,Q2_2526,Fair treatment,Hackney,0.57,0.656562,0.647656,0.00141079,0.00749546,-0.0865625,-0.079067,0.00392881,32
7/1/2025,Q2_2526,Fair treatment,Hammersmith and Fulham,0.67,0.656562,0.647656,0.00141079,0.00749546,0.0134375,0.020933,0.00392881,32
7/1/2025,Q2_2526,Fair treatment,Haringey,0.6,0.656562,0.647656,0.00141079,0.00749546,-0.0565625,-0.049067,0.00392881,32
7/1/2025,Q2_2526,Fair treatment,Harrow,0.67,0.656562,0.647656,0.00141079,0.00749546,0.0134375,0.020933,0.00392881,32
7/1/2025,Q2_2526,Fair treatment,Havering,0.77,0.656562,0.647656,0.00141079,0.00749546,0.113438,0.120933,0.00392881,32
7/1/2025,Q2_2526,Fair treatment,Hillingdon,0.69,0.656562,0.647656,0.00141079,0.00749546,0.0334375,0.040933,0.00392881,32
7/1/2025,Q2_2526,Fair treatment,Hounslow,0.66,0.656562,0.647656,0.00141079,0.00749546,0.0034375,0.010933,0.00392881,32
7/1/2025,Q2_2526,Fair treatment,Islington,0.51,0.656562,0.647656,0.00141079,0.00749546,-0.146562,-0.139067,0.00392881,32
7/1/2025,Q2_2526,Fair treatment,Kensington and Chelsea,0.67,0.656562,0.647656,0.00141079,0.00749546,0.0134375,0.020933,0.00392881,32
7/1/2025,Q2_2526,Fair treatment,Kingston upon Thames,0.69,0.656562,0.647656,0.00141079,0.00749546,0.0334375,0.040933,0.00392881,32
7/1/2025,Q2_2526,Fair treatment,Lambeth,0.55,0.656562,0.647656,0.00141079,0.00749546,-0.106562,-0.099067,0.00392881,32
7/1/2025,Q2_2526,Fair treatment,Lewisham,0.55,0.656562,0.647656,0.00141079,0.00749546,-0.106562,-0.099067,0.00392881,32
7/1/2025,Q2_2526,Fair treatment,Merton,0.69,0.656562,0.647656,0.00141079,0.00749546,0.0334375,0.040933,0.00392881,32
7/1/2025,Q2_2526,Fair treatment,Newham,0.71,0.656562,0.647656,0.00141079,0.00749546,0.0534375,0.060933,0.00392881,32
7/1/2025,Q2_2526,Fair treatment,Redbridge,0.71,0.656562,0.647656,0.00141079,0.00749546,0.0534375,0.060933,0.00392881,32
7/1/2025,Q2_2526,Fair treatment,Richmond upon Thames,0.64,0.656562,0.647656,0.00141079,0.00749546,-0.0165625,-0.00906704,0.00392881,32
7/1/2025,Q2_2526,Fair treatment,Southwark,0.59,0.656562,0.647656,0.00141079,0.00749546,-0.0665625,-0.059067,0.00392881,32
7/1/2025,Q2_2526,Fair treatment,Sutton,0.72,0.656562,0.647656,0.00141079,0.00749546,0.0634375,0.070933,0.00392881,32
7/1/2025,Q2_2526,Fair treatment,Tower Hamlets,0.73,0.656562,0.647656,0.00141079,0.00749546,0.0734375,0.080933,0.00392881,32
7/1/2025,Q2_2526,Fair treatment,Waltham Forest,0.71,0.656562,0.647656,0.00141079,0.00749546,0.0534375,0.060933,0.00392881,32
7/1/2025,Q2_2526,Fair treatment,Wandsworth,0.62,0.656562,0.647656,0.00141079,0.00749546,-0.0365625,-0.029067,0.00392881,32
7/1/2025,Q2_2526,Fair treatment,Westminster,0.67,0.656562,0.647656,0.00141079,0.00749546,0.0134375,0.020933,0.00392881,32
7/1/2025,Q2_2526,Good job,Barking and Dagenham,0.46,0.459375,0.453633,0.000102487,0.0056397,0.000625,0.0062647,0.00191211,32
7/1/2025,Q2_2526,Good job,Barnet,0.47,0.459375,0.453633,0.000102487,0.0056397,0.010625,0.0162647,0.00191211,32
7/1/2025,Q2_2526,Good job,Bexley,0.49,0.459375,0.453633,0.000102487,0.0056397,0.030625,0.0362647,0.00191211,32
7/1/2025,Q2_2526,Good job,Brent,0.44,0.459375,0.453633,0.000102487,0.0056397,-0.019375,-0.0137353,0.00191211,32
7/1/2025,Q2_2526,Good job,Bromley,0.45,0.459375,0.453633,0.000102487,0.0056397,-0.009375,-0.0037353,0.00191211,32
7/1/2025,Q2_2526,Good job,Camden,0.38,0.459375,0.453633,0.000102487,0.0056397,-0.079375,-0.0737353,0.00191211,32
7/1/2025,Q2_2526,Good job,Croydon,0.44,0.459375,0.453633,0.000102487,0.0056397,-0.019375,-0.0137353,0.00191211,32
7/1/2025,Q2_2526,Good job,Ealing,0.43,0.459375,0.453633,0.000102487,0.0056397,-0.029375,-0.0237353,0.00191211,32
7/1/2025,Q2_2526,Good job,Enfield,0.55,0.459375,0.453633,0.000102487,0.0056397,0.090625,0.0962647,0.00191211,32
7/1/2025,Q2_2526,Good job,Greenwich,0.47,0.459375,0.453633,0.000102487,0.0056397,0.010625,0.0162647,0.00191211,32
7/1/2025,Q2_2526,Good job,Hackney,0.44,0.459375,0.453633,0.000102487,0.0056397,-0.019375,-0.0137353,0.00191211,32
7/1/2025,Q2_2526,Good job,Hammersmith and Fulham,0.49,0.459375,0.453633,0.000102487,0.0056397,0.030625,0.0362647,0.00191211,32
7/1/2025,Q2_2526,Good job,Haringey,0.44,0.459375,0.453633,0.000102487,0.0056397,-0.019375,-0.0137353,0.00191211,32
7/1/2025,Q2_2526,Good job,Harrow,0.48,0.459375,0.453633,0.000102487,0.0056397,0.020625,0.0262647,0.00191211,32
7/1/2025,Q2_2526,Good job,Havering,0.49,0.459375,0.453633,0.000102487,0.0056397,0.030625,0.0362647,0.00191211,32
7/1/2025,Q2_2526,Good job,Hillingdon,0.45,0.459375,0.453633,0.000102487,0.0056397,-0.009375,-0.0037353,0.00191211,32
7/1/2025,Q2_2526,Good job,Hounslow,0.44,0.459375,0.453633,0.000102487,0.0056397,-0.019375,-0.0137353,0.00191211,32
7/1/2025,Q2_2526,Good job,Islington,0.34,0.459375,0.453633,0.000102487,0.0056397,-0.119375,-0.113735,0.00191211,32
7/1/2025,Q2_2526,Good job,Kensington and Chelsea,0.47,0.459375,0.453633,0.000102487,0.0056397,0.010625,0.0162647,0.00191211,32
7/1/2025,Q2_2526,Good job,Kingston upon Thames,0.53,0.459375,0.453633,0.000102487,0.0056397,0.070625,0.0762647,0.00191211,32
7/1/2025,Q2_2526,Good job,Lambeth,0.42,0.459375,0.453633,0.000102487,0.0056397,-0.039375,-0.0337353,0.00191211,32
7/1/2025,Q2_2526,Good job,Lewisham,0.43,0.459375,0.453633,0.000102487,0.0056397,-0.029375,-0.0237353,0.00191211,32
7/1/2025,Q2_2526,Good job,Merton,0.56,0.459375,0.453633,0.000102487,0.0056397,0.100625,0.106265,0.00191211,32
7/1/2025,Q2_2526,Good job,Newham,0.43,0.459375,0.453633,0.000102487,0.0056397,-0.029375,-0.0237353,0.00191211,32
7/1/2025,Q2_2526,Good job,Redbridge,0.44,0.459375,0.453633,0.000102487,0.0056397,-0.019375,-0.0137353,0.00191211,32
7/1/2025,Q2_2526,Good job,Richmond upon Thames,0.5,0.459375,0.453633,0.000102487,0.0056397,0.040625,0.0462647,0.00191211,32
7/1/2025,Q2_2526,Good job,Southwark,0.43,0.459375,0.453633,0.000102487,0.0056397,-0.029375,-0.0237353,0.00191211,32
7/1/2025,Q2_2526,Good job,Sutton,0.51,0.459375,0.453633,0.000102487,0.0056397,0.050625,0.0562647,0.00191211,32
7/1/2025,Q2_2526,Good job,Tower Hamlets,0.46,0.459375,0.453633,0.000102487,0.0056397,0.000625,0.0062647,0.00191211,32
7/1/2025,Q2_2526,Good job,Waltham Forest,0.42,0.459375,0.453633,0.000102487,0.0056397,-0.039375,-0.0337353,0.00191211,32
7/1/2025,Q2_2526,Good job,Wandsworth,0.48,0.459375,0.453633,0.000102487,0.0056397,0.020625,0.0262647,0.00191211,32
7/1/2025,Q2_2526,Good job,Westminster,0.47,0.459375,0.453633,0.000102487,0.0056397,0.010625,0.0162647,0.00191211,32
7/1/2025,Q2_2526,Trust MPS,Barking and Dagenham,0.77,0.743125,0.733281,0.00257614,0.00726761,0.026875,0.0341426,0.00258398,32
7/1/2025,Q2_2526,Trust MPS,Barnet,0.79,0.743125,0.733281,0.00257614,0.00726761,0.046875,0.0541426,0.00258398,32
7/1/2025,Q2_2526,Trust MPS,Bexley,0.78,0.743125,0.733281,0.00257614,0.00726761,0.036875,0.0441426,0.00258398,32
7/1/2025,Q2_2526,Trust MPS,Brent,0.78,0.743125,0.733281,0.00257614,0.00726761,0.036875,0.0441426,0.00258398,32
7/1/2025,Q2_2526,Trust MPS,Bromley,0.7,0.743125,0.733281,0.00257614,0.00726761,-0.043125,-0.0358574,0.00258398,32
7/1/2025,Q2_2526,Trust MPS,Camden,0.67,0.743125,0.733281,0.00257614,0.00726761,-0.073125,-0.0658574,0.00258398,32
7/1/2025,Q2_2526,Trust MPS,Croydon,0.67,0.743125,0.733281,0.00257614,0.00726761,-0.073125,-0.0658574,0.00258398,32
7/1/2025,Q2_2526,Trust MPS,Ealing,0.78,0.743125,0.733281,0.00257614,0.00726761,0.036875,0.0441426,0.00258398,32
7/1/2025,Q2_2526,Trust MPS,Enfield,0.79,0.743125,0.733281,0.00257614,0.00726761,0.046875,0.0541426,0.00258398,32
7/1/2025,Q2_2526,Trust MPS,Greenwich,0.74,0.743125,0.733281,0.00257614,0.00726761,-0.003125,0.00414261,0.00258398,32
7/1/2025,Q2_2526,Trust MPS,Hackney,0.65,0.743125,0.733281,0.00257614,0.00726761,-0.093125,-0.0858574,0.00258398,32
7/1/2025,Q2_2526,Trust MPS,Hammersmith and Fulham,0.77,0.743125,0.733281,0.00257614,0.00726761,0.026875,0.0341426,0.00258398,32
7/1/2025,Q2_2526,Trust MPS,Haringey,0.74,0.743125,0.733281,0.00257614,0.00726761,-0.003125,0.00414261,0.00258398,32
7/1/2025,Q2_2526,Trust MPS,Harrow,0.75,0.743125,0.733281,0.00257614,0.00726761,0.006875,0.0141426,0.00258398,32
7/1/2025,Q2_2526,Trust MPS,Havering,0.79,0.743125,0.733281,0.00257614,0.00726761,0.046875,0.0541426,0.00258398,32
7/1/2025,Q2_2526,Trust MPS,Hillingdon,0.75,0.743125,0.733281,0.00257614,0.00726761,0.006875,0.0141426,0.00258398,32
7/1/2025,Q2_2526,Trust MPS,Hounslow,0.7,0.743125,0.733281,0.00257614,0.00726761,-0.043125,-0.0358574,0.00258398,32
7/1/2025,Q2_2526,Trust MPS,Islington,0.66,0.743125,0.733281,0.00257614,0.00726761,-0.083125,-0.0758574,0.00258398,32
7/1/2025,Q2_2526,Trust MPS,Kensington and Chelsea,0.74,0.743125,0.733281,0.00257614,0.00726761,-0.003125,0.00414261,0.00258398,32
7/1/2025,Q2_2526,Trust MPS,Kingston upon Thames,0.8,0.743125,0.733281,0.00257614,0.00726761,0.056875,0.0641426,0.00258398,32
7/1/2025,Q2_2526,Trust MPS,Lambeth,0.7,0.743125,0.733281,0.00257614,0.00726761,-0.043125,-0.0358574,0.00258398,32
7/1/2025,Q2_2526,Trust MPS,Lewisham,0.64,0.743125,0.733281,0.00257614,0.00726761,-0.103125,-0.0958574,0.00258398,32
7/1/2025,Q2_2526,Trust MPS,Merton,0.85,0.743125,0.733281,0.00257614,0.00726761,0.106875,0.114143,0.00258398,32
7/1/2025,Q2_2526,Trust MPS,Newham,0.76,0.743125,0.733281,0.00257614,0.00726761,0.016875,0.0241426,0.00258398,32
7/1/2025,Q2_2526,Trust MPS,Redbridge,0.76,0.743125,0.733281,0.00257614,0.00726761,0.016875,0.0241426,0.00258398,32
7/1/2025,Q2_2526,Trust MPS,Richmond upon Thames,0.77,0.743125,0.733281,0.00257614,0.00726761,0.026875,0.0341426,0.00258398,32
7/1/2025,Q2_2526,Trust MPS,Southwark,0.66,0.743125,0.733281,0.00257614,0.00726761,-0.083125,-0.0758574,0.00258398,32
7/1/2025,Q2_2526,Trust MPS,Sutton,0.78,0.743125,0.733281,0.00257614,0.00726761,0.036875,0.0441426,0.00258398,32
7/1/2025,Q2_2526,Trust MPS,Tower Hamlets,0.74,0.743125,0.733281,0.00257614,0.00726761,-0.003125,0.00414261,0.00258398,32
7/1/2025,Q2_2526,Trust MPS,Waltham Forest,0.73,0.743125,0.733281,0.00257614,0.00726761,-0.013125,-0.00585739,0.00258398,32
7/1/2025,Q2_2526,Trust MPS,Wandsworth,0.78,0.743125,0.733281,0.00257614,0.00726761,0.036875,0.0441426,0.00258398,32
7/1/2025,Q2_2526,Trust MPS,Westminster,0.79,0.743125,0.733281,0.00257614,0.00726761,0.046875,0.0541426,0.00258398,32
4/1/2025,Q1_2526,Fair treatment,Barking and Dagenham,0.69,0.64625,0.645742,-1.68E-05,0.000524584,0.04375,0.0442746,0.00350469,32
4/1/2025,Q1_2526,Fair treatment,Barnet,0.65,0.64625,0.645742,-1.68E-05,0.000524584,0.00375,0.00427458,0.00350469,32
4/1/2025,Q1_2526,Fair treatment,Bexley,0.72,0.64625,0.645742,-1.68E-05,0.000524584,0.07375,0.0742746,0.00350469,32
4/1/2025,Q1_2526,Fair treatment,Brent,0.64,0.64625,0.645742,-1.68E-05,0.000524584,-0.00625,-0.00572542,0.00350469,32
4/1/2025,Q1_2526,Fair treatment,Bromley,0.63,0.64625,0.645742,-1.68E-05,0.000524584,-0.01625,-0.0157254,0.00350469,32
4/1/2025,Q1_2526,Fair treatment,Camden,0.51,0.64625,0.645742,-1.68E-05,0.000524584,-0.13625,-0.135725,0.00350469,32
4/1/2025,Q1_2526,Fair treatment,Croydon,0.59,0.64625,0.645742,-1.68E-05,0.000524584,-0.05625,-0.0557254,0.00350469,32
4/1/2025,Q1_2526,Fair treatment,Ealing,0.64,0.64625,0.645742,-1.68E-05,0.000524584,-0.00625,-0.00572542,0.00350469,32
4/1/2025,Q1_2526,Fair treatment,Enfield,0.67,0.64625,0.645742,-1.68E-05,0.000524584,0.02375,0.0242746,0.00350469,32
4/1/2025,Q1_2526,Fair treatment,Greenwich,0.67,0.64625,0.645742,-1.68E-05,0.000524584,0.02375,0.0242746,0.00350469,32
4/1/2025,Q1_2526,Fair treatment,Hackney,0.59,0.64625,0.645742,-1.68E-05,0.000524584,-0.05625,-0.0557254,0.00350469,32
4/1/2025,Q1_2526,Fair treatment,Hammersmith and Fulham,0.64,0.64625,0.645742,-1.68E-05,0.000524584,-0.00625,-0.00572542,0.00350469,32
4/1/2025,Q1_2526,Fair treatment,Haringey,0.62,0.64625,0.645742,-1.68E-05,0.000524584,-0.02625,-0.0257254,0.00350469,32
4/1/2025,Q1_2526,Fair treatment,Harrow,0.68,0.64625,0.645742,-1.68E-05,0.000524584,0.03375,0.0342746,0.00350469,32
4/1/2025,Q1_2526,Fair treatment,Havering,0.76,0.64625,0.645742,-1.68E-05,0.000524584,0.11375,0.114275,0.00350469,32
4/1/2025,Q1_2526,Fair treatment,Hillingdon,0.71,0.64625,0.645742,-1.68E-05,0.000524584,0.06375,0.0642746,0.00350469,32
4/1/2025,Q1_2526,Fair treatment,Hounslow,0.64,0.64625,0.645742,-1.68E-05,0.000524584,-0.00625,-0.00572542,0.00350469,32
4/1/2025,Q1_2526,Fair treatment,Islington,0.53,0.64625,0.645742,-1.68E-05,0.000524584,-0.11625,-0.115725,0.00350469,32
4/1/2025,Q1_2526,Fair treatment,Kensington and Chelsea,0.69,0.64625,0.645742,-1.68E-05,0.000524584,0.04375,0.0442746,0.00350469,32
4/1/2025,Q1_2526,Fair treatment,Kingston upon Thames,0.68,0.64625,0.645742,-1.68E-05,0.000524584,0.03375,0.0342746,0.00350469,32
4/1/2025,Q1_2526,Fair treatment,Lambeth,0.56,0.64625,0.645742,-1.68E-05,0.000524584,-0.08625,-0.0857254,0.00350469,32
4/1/2025,Q1_2526,Fair treatment,Lewisham,0.54,0.64625,0.645742,-1.68E-05,0.000524584,-0.10625,-0.105725,0.00350469,32
4/1/2025,Q1_2526,Fair treatment,Merton,0.67,0.64625,0.645742,-1.68E-05,0.000524584,0.02375,0.0242746,0.00350469,32
4/1/2025,Q1_2526,Fair treatment,Newham,0.7,0.64625,0.645742,-1.68E-05,0.000524584,0.05375,0.0542746,0.00350469,32
4/1/2025,Q1_2526,Fair treatment,Redbridge,0.72,0.64625,0.645742,-1.68E-05,0.000524584,0.07375,0.0742746,0.00350469,32
4/1/2025,Q1_2526,Fair treatment,Richmond upon Thames,0.64,0.64625,0.645742,-1.68E-05,0.000524584,-0.00625,-0.00572542,0.00350469,32
4/1/2025,Q1_2526,Fair treatment,Southwark,0.57,0.64625,0.645742,-1.68E-05,0.000524584,-0.07625,-0.0757254,0.00350469,32
4/1/2025,Q1_2526,Fair treatment,Sutton,0.72,0.64625,0.645742,-1.68E-05,0.000524584,0.07375,0.0742746,0.00350469,32
4/1/2025,Q1_2526,Fair treatment,Tower Hamlets,0.7,0.64625,0.645742,-1.68E-05,0.000524584,0.05375,0.0542746,0.00350469,32
4/1/2025,Q1_2526,Fair treatment,Waltham Forest,0.66,0.64625,0.645742,-1.68E-05,0.000524584,0.01375,0.0142746,0.00350469,32
4/1/2025,Q1_2526,Fair treatment,Wandsworth,0.62,0.64625,0.645742,-1.68E-05,0.000524584,-0.02625,-0.0257254,0.00350469,32
4/1/2025,Q1_2526,Fair treatment,Westminster,0.63,0.64625,0.645742,-1.68E-05,0.000524584,-0.01625,-0.0157254,0.00350469,32
4/1/2025,Q1_2526,Good job,Barking and Dagenham,0.43,0.449688,0.455273,-0.00105518,-0.00453075,-0.0196875,-0.0242183,0.00237178,32
4/1/2025,Q1_2526,Good job,Barnet,0.49,0.449688,0.455273,-0.00105518,-0.00453075,0.0403125,0.0357817,0.00237178,32
4/1/2025,Q1_2526,Good job,Bexley,0.45,0.449688,0.455273,-0.00105518,-0.00453075,0.0003125,-0.00421825,0.00237178,32
4/1/2025,Q1_2526,Good job,Brent,0.4,0.449688,0.455273,-0.00105518,-0.00453075,-0.0496875,-0.0542183,0.00237178,32
4/1/2025,Q1_2526,Good job,Bromley,0.44,0.449688,0.455273,-0.00105518,-0.00453075,-0.0096875,-0.0142183,0.00237178,32
4/1/2025,Q1_2526,Good job,Camden,0.35,0.449688,0.455273,-0.00105518,-0.00453075,-0.0996875,-0.104218,0.00237178,32
4/1/2025,Q1_2526,Good job,Croydon,0.41,0.449688,0.455273,-0.00105518,-0.00453075,-0.0396875,-0.0442183,0.00237178,32
4/1/2025,Q1_2526,Good job,Ealing,0.38,0.449688,0.455273,-0.00105518,-0.00453075,-0.0696875,-0.0742183,0.00237178,32
4/1/2025,Q1_2526,Good job,Enfield,0.55,0.449688,0.455273,-0.00105518,-0.00453075,0.100313,0.0957817,0.00237178,32
4/1/2025,Q1_2526,Good job,Greenwich,0.47,0.449688,0.455273,-0.00105518,-0.00453075,0.0203125,0.0157817,0.00237178,32
4/1/2025,Q1_2526,Good job,Hackney,0.41,0.449688,0.455273,-0.00105518,-0.00453075,-0.0396875,-0.0442183,0.00237178,32
4/1/2025,Q1_2526,Good job,Hammersmith and Fulham,0.49,0.449688,0.455273,-0.00105518,-0.00453075,0.0403125,0.0357817,0.00237178,32
4/1/2025,Q1_2526,Good job,Haringey,0.45,0.449688,0.455273,-0.00105518,-0.00453075,0.0003125,-0.00421825,0.00237178,32
4/1/2025,Q1_2526,Good job,Harrow,0.48,0.449688,0.455273,-0.00105518,-0.00453075,0.0303125,0.0257817,0.00237178,32
4/1/2025,Q1_2526,Good job,Havering,0.45,0.449688,0.455273,-0.00105518,-0.00453075,0.0003125,-0.00421825,0.00237178,32
4/1/2025,Q1_2526,Good job,Hillingdon,0.52,0.449688,0.455273,-0.00105518,-0.00453075,0.0703125,0.0657817,0.00237178,32
4/1/2025,Q1_2526,Good job,Hounslow,0.47,0.449688,0.455273,-0.00105518,-0.00453075,0.0203125,0.0157817,0.00237178,32
4/1/2025,Q1_2526,Good job,Islington,0.37,0.449688,0.455273,-0.00105518,-0.00453075,-0.0796875,-0.0842183,0.00237178,32
4/1/2025,Q1_2526,Good job,Kensington and Chelsea,0.45,0.449688,0.455273,-0.00105518,-0.00453075,0.0003125,-0.00421825,0.00237178,32
4/1/2025,Q1_2526,Good job,Kingston upon Thames,0.52,0.449688,0.455273,-0.00105518,-0.00453075,0.0703125,0.0657817,0.00237178,32
4/1/2025,Q1_2526,Good job,Lambeth,0.44,0.449688,0.455273,-0.00105518,-0.00453075,-0.0096875,-0.0142183,0.00237178,32
4/1/2025,Q1_2526,Good job,Lewisham,0.38,0.449688,0.455273,-0.00105518,-0.00453075,-0.0696875,-0.0742183,0.00237178,32
4/1/2025,Q1_2526,Good job,Merton,0.55,0.449688,0.455273,-0.00105518,-0.00453075,0.100313,0.0957817,0.00237178,32
4/1/2025,Q1_2526,Good job,Newham,0.43,0.449688,0.455273,-0.00105518,-0.00453075,-0.0196875,-0.0242183,0.00237178,32
4/1/2025,Q1_2526,Good job,Redbridge,0.43,0.449688,0.455273,-0.00105518,-0.00453075,-0.0196875,-0.0242183,0.00237178,32
4/1/2025,Q1_2526,Good job,Richmond upon Thames,0.5,0.449688,0.455273,-0.00105518,-0.00453075,0.0503125,0.0457817,0.00237178,32
4/1/2025,Q1_2526,Good job,Southwark,0.44,0.449688,0.455273,-0.00105518,-0.00453075,-0.0096875,-0.0142183,0.00237178,32
4/1/2025,Q1_2526,Good job,Sutton,0.47,0.449688,0.455273,-0.00105518,-0.00453075,0.0203125,0.0157817,0.00237178,32
4/1/2025,Q1_2526,Good job,Tower Hamlets,0.41,0.449688,0.455273,-0.00105518,-0.00453075,-0.0396875,-0.0442183,0.00237178,32
4/1/2025,Q1_2526,Good job,Waltham Forest,0.41,0.449688,0.455273,-0.00105518,-0.00453075,-0.0396875,-0.0442183,0.00237178,32
4/1/2025,Q1_2526,Good job,Wandsworth,0.49,0.449688,0.455273,-0.00105518,-0.00453075,0.0403125,0.0357817,0.00237178,32
4/1/2025,Q1_2526,Good job,Westminster,0.46,0.449688,0.455273,-0.00105518,-0.00453075,0.0103125,0.00578175,0.00237178,32
4/1/2025,Q1_2526,Trust MPS,Barking and Dagenham,0.77,0.742812,0.73832,0.00190036,0.00259183,0.0271875,0.0297793,0.00241396,32
4/1/2025,Q1_2526,Trust MPS,Barnet,0.76,0.742812,0.73832,0.00190036,0.00259183,0.0171875,0.0197793,0.00241396,32
4/1/2025,Q1_2526,Trust MPS,Bexley,0.76,0.742812,0.73832,0.00190036,0.00259183,0.0171875,0.0197793,0.00241396,32
4/1/2025,Q1_2526,Trust MPS,Brent,0.79,0.742812,0.73832,0.00190036,0.00259183,0.0471875,0.0497793,0.00241396,32
4/1/2025,Q1_2526,Trust MPS,Bromley,0.69,0.742812,0.73832,0.00190036,0.00259183,-0.0528125,-0.0502207,0.00241396,32
4/1/2025,Q1_2526,Trust MPS,Camden,0.67,0.742812,0.73832,0.00190036,0.00259183,-0.0728125,-0.0702207,0.00241396,32
4/1/2025,Q1_2526,Trust MPS,Croydon,0.67,0.742812,0.73832,0.00190036,0.00259183,-0.0728125,-0.0702207,0.00241396,32
4/1/2025,Q1_2526,Trust MPS,Ealing,0.77,0.742812,0.73832,0.00190036,0.00259183,0.0271875,0.0297793,0.00241396,32
4/1/2025,Q1_2526,Trust MPS,Enfield,0.81,0.742812,0.73832,0.00190036,0.00259183,0.0671875,0.0697793,0.00241396,32
4/1/2025,Q1_2526,Trust MPS,Greenwich,0.74,0.742812,0.73832,0.00190036,0.00259183,-0.0028125,-0.000220668,0.00241396,32
4/1/2025,Q1_2526,Trust MPS,Hackney,0.68,0.742812,0.73832,0.00190036,0.00259183,-0.0628125,-0.0602207,0.00241396,32
4/1/2025,Q1_2526,Trust MPS,Hammersmith and Fulham,0.76,0.742812,0.73832,0.00190036,0.00259183,0.0171875,0.0197793,0.00241396,32
4/1/2025,Q1_2526,Trust MPS,Haringey,0.74,0.742812,0.73832,0.00190036,0.00259183,-0.0028125,-0.000220668,0.00241396,32
4/1/2025,Q1_2526,Trust MPS,Harrow,0.76,0.742812,0.73832,0.00190036,0.00259183,0.0171875,0.0197793,0.00241396,32
4/1/2025,Q1_2526,Trust MPS,Havering,0.8,0.742812,0.73832,0.00190036,0.00259183,0.0571875,0.0597793,0.00241396,32
4/1/2025,Q1_2526,Trust MPS,Hillingdon,0.77,0.742812,0.73832,0.00190036,0.00259183,0.0271875,0.0297793,0.00241396,32
4/1/2025,Q1_2526,Trust MPS,Hounslow,0.71,0.742812,0.73832,0.00190036,0.00259183,-0.0328125,-0.0302207,0.00241396,32
4/1/2025,Q1_2526,Trust MPS,Islington,0.65,0.742812,0.73832,0.00190036,0.00259183,-0.0928125,-0.0902207,0.00241396,32
4/1/2025,Q1_2526,Trust MPS,Kensington and Chelsea,0.74,0.742812,0.73832,0.00190036,0.00259183,-0.0028125,-0.000220668,0.00241396,32
4/1/2025,Q1_2526,Trust MPS,Kingston upon Thames,0.81,0.742812,0.73832,0.00190036,0.00259183,0.0671875,0.0697793,0.00241396,32
4/1/2025,Q1_2526,Trust MPS,Lambeth,0.71,0.742812,0.73832,0.00190036,0.00259183,-0.0328125,-0.0302207,0.00241396,32
4/1/2025,Q1_2526,Trust MPS,Lewisham,0.65,0.742812,0.73832,0.00190036,0.00259183,-0.0928125,-0.0902207,0.00241396,32
4/1/2025,Q1_2526,Trust MPS,Merton,0.83,0.742812,0.73832,0.00190036,0.00259183,0.0871875,0.0897793,0.00241396,32
4/1/2025,Q1_2526,Trust MPS,Newham,0.75,0.742812,0.73832,0.00190036,0.00259183,0.0071875,0.00977933,0.00241396,32
4/1/2025,Q1_2526,Trust MPS,Redbridge,0.76,0.742812,0.73832,0.00190036,0.00259183,0.0171875,0.0197793,0.00241396,32
4/1/2025,Q1_2526,Trust MPS,Richmond upon Thames,0.77,0.742812,0.73832,0.00190036,0.00259183,0.0271875,0.0297793,0.00241396,32
4/1/2025,Q1_2526,Trust MPS,Southwark,0.65,0.742812,0.73832,0.00190036,0.00259183,-0.0928125,-0.0902207,0.00241396,32
4/1/2025,Q1_2526,Trust MPS,Sutton,0.76,0.742812,0.73832,0.00190036,0.00259183,0.0171875,0.0197793,0.00241396,32
4/1/2025,Q1_2526,Trust MPS,Tower Hamlets,0.73,0.742812,0.73832,0.00190036,0.00259183,-0.0128125,-0.0102207,0.00241396,32
4/1/2025,Q1_2526,Trust MPS,Waltham Forest,0.73,0.742812,0.73832,0.00190036,0.00259183,-0.0128125,-0.0102207,0.00241396,32
4/1/2025,Q1_2526,Trust MPS,Wandsworth,0.8,0.742812,0.73832,0.00190036,0.00259183,0.0571875,0.0597793,0.00241396,32
4/1/2025,Q1_2526,Trust MPS,Westminster,0.78,0.742812,0.73832,0.00190036,0.00259183,0.0371875,0.0397793,0.00241396,32
1/1/2025,Q4_2425,Fair treatment,Barking and Dagenham,0.66,0.639687,0.639531,-0.00136709,0.00152334,0.0203125,0.0218358,0.00350928,32
1/1/2025,Q4_2425,Fair treatment,Barnet,0.65,0.639687,0.639531,-0.00136709,0.00152334,0.0103125,0.0118358,0.00350928,32
1/1/2025,Q4_2425,Fair treatment,Bexley,0.74,0.639687,0.639531,-0.00136709,0.00152334,0.100313,0.101836,0.00350928,32
1/1/2025,Q4_2425,Fair treatment,Brent,0.64,0.639687,0.639531,-0.00136709,0.00152334,0.0003125,0.00183584,0.00350928,32
1/1/2025,Q4_2425,Fair treatment,Bromley,0.61,0.639687,0.639531,-0.00136709,0.00152334,-0.0296875,-0.0281642,0.00350928,32
1/1/2025,Q4_2425,Fair treatment,Camden,0.52,0.639687,0.639531,-0.00136709,0.00152334,-0.119687,-0.118164,0.00350928,32
1/1/2025,Q4_2425,Fair treatment,Croydon,0.59,0.639687,0.639531,-0.00136709,0.00152334,-0.0496875,-0.0481642,0.00350928,32
1/1/2025,Q4_2425,Fair treatment,Ealing,0.61,0.639687,0.639531,-0.00136709,0.00152334,-0.0296875,-0.0281642,0.00350928,32
1/1/2025,Q4_2425,Fair treatment,Enfield,0.65,0.639687,0.639531,-0.00136709,0.00152334,0.0103125,0.0118358,0.00350928,32
1/1/2025,Q4_2425,Fair treatment,Greenwich,0.67,0.639687,0.639531,-0.00136709,0.00152334,0.0303125,0.0318358,0.00350928,32
1/1/2025,Q4_2425,Fair treatment,Hackney,0.59,0.639687,0.639531,-0.00136709,0.00152334,-0.0496875,-0.0481642,0.00350928,32
1/1/2025,Q4_2425,Fair treatment,Hammersmith and Fulham,0.62,0.639687,0.639531,-0.00136709,0.00152334,-0.0196875,-0.0181642,0.00350928,32
1/1/2025,Q4_2425,Fair treatment,Haringey,0.59,0.639687,0.639531,-0.00136709,0.00152334,-0.0496875,-0.0481642,0.00350928,32
1/1/2025,Q4_2425,Fair treatment,Harrow,0.68,0.639687,0.639531,-0.00136709,0.00152334,0.0403125,0.0418358,0.00350928,32
1/1/2025,Q4_2425,Fair treatment,Havering,0.75,0.639687,0.639531,-0.00136709,0.00152334,0.110313,0.111836,0.00350928,32
1/1/2025,Q4_2425,Fair treatment,Hillingdon,0.73,0.639687,0.639531,-0.00136709,0.00152334,0.0903125,0.0918358,0.00350928,32
1/1/2025,Q4_2425,Fair treatment,Hounslow,0.66,0.639687,0.639531,-0.00136709,0.00152334,0.0203125,0.0218358,0.00350928,32
1/1/2025,Q4_2425,Fair treatment,Islington,0.53,0.639687,0.639531,-0.00136709,0.00152334,-0.109687,-0.108164,0.00350928,32
1/1/2025,Q4_2425,Fair treatment,Kensington and Chelsea,0.68,0.639687,0.639531,-0.00136709,0.00152334,0.0403125,0.0418358,0.00350928,32
1/1/2025,Q4_2425,Fair treatment,Kingston upon Thames,0.67,0.639687,0.639531,-0.00136709,0.00152334,0.0303125,0.0318358,0.00350928,32
1/1/2025,Q4_2425,Fair treatment,Lambeth,0.55,0.639687,0.639531,-0.00136709,0.00152334,-0.0896875,-0.0881642,0.00350928,32
1/1/2025,Q4_2425,Fair treatment,Lewisham,0.53,0.639687,0.639531,-0.00136709,0.00152334,-0.109687,-0.108164,0.00350928,32
1/1/2025,Q4_2425,Fair treatment,Merton,0.65,0.639687,0.639531,-0.00136709,0.00152334,0.0103125,0.0118358,0.00350928,32
1/1/2025,Q4_2425,Fair treatment,Newham,0.71,0.639687,0.639531,-0.00136709,0.00152334,0.0703125,0.0718358,0.00350928,32
1/1/2025,Q4_2425,Fair treatment,Redbridge,0.7,0.639687,0.639531,-0.00136709,0.00152334,0.0603125,0.0618358,0.00350928,32
1/1/2025,Q4_2425,Fair treatment,Richmond upon Thames,0.62,0.639687,0.639531,-0.00136709,0.00152334,-0.0196875,-0.0181642,0.00350928,32
1/1/2025,Q4_2425,Fair treatment,Southwark,0.58,0.639687,0.639531,-0.00136709,0.00152334,-0.0596875,-0.0581642,0.00350928,32
1/1/2025,Q4_2425,Fair treatment,Sutton,0.7,0.639687,0.639531,-0.00136709,0.00152334,0.0603125,0.0618358,0.00350928,32
1/1/2025,Q4_2425,Fair treatment,Tower Hamlets,0.69,0.639687,0.639531,-0.00136709,0.00152334,0.0503125,0.0518358,0.00350928,32
1/1/2025,Q4_2425,Fair treatment,Waltham Forest,0.61,0.639687,0.639531,-0.00136709,0.00152334,-0.0296875,-0.0281642,0.00350928,32
1/1/2025,Q4_2425,Fair treatment,Wandsworth,0.64,0.639687,0.639531,-0.00136709,0.00152334,0.0003125,0.00183584,0.00350928,32
1/1/2025,Q4_2425,Fair treatment,Westminster,0.65,0.639687,0.639531,-0.00136709,0.00152334,0.0103125,0.0118358,0.00350928,32
1/1/2025,Q4_2425,Good job,Barking and Dagenham,0.4,0.454688,0.456797,0.000292591,-0.00240197,-0.0546875,-0.0570895,0.0027249,32
1/1/2025,Q4_2425,Good job,Barnet,0.46,0.454688,0.456797,0.000292591,-0.00240197,0.0053125,0.00291053,0.0027249,32
1/1/2025,Q4_2425,Good job,Bexley,0.49,0.454688,0.456797,0.000292591,-0.00240197,0.0353125,0.0329105,0.0027249,32
1/1/2025,Q4_2425,Good job,Brent,0.42,0.454688,0.456797,0.000292591,-0.00240197,-0.0346875,-0.0370895,0.0027249,32
1/1/2025,Q4_2425,Good job,Bromley,0.43,0.454688,0.456797,0.000292591,-0.00240197,-0.0246875,-0.0270895,0.0027249,32
1/1/2025,Q4_2425,Good job,Camden,0.38,0.454688,0.456797,0.000292591,-0.00240197,-0.0746875,-0.0770895,0.0027249,32
1/1/2025,Q4_2425,Good job,Croydon,0.43,0.454688,0.456797,0.000292591,-0.00240197,-0.0246875,-0.0270895,0.0027249,32
1/1/2025,Q4_2425,Good job,Ealing,0.37,0.454688,0.456797,0.000292591,-0.00240197,-0.0846875,-0.0870895,0.0027249,32
1/1/2025,Q4_2425,Good job,Enfield,0.54,0.454688,0.456797,0.000292591,-0.00240197,0.0853125,0.0829105,0.0027249,32
1/1/2025,Q4_2425,Good job,Greenwich,0.46,0.454688,0.456797,0.000292591,-0.00240197,0.0053125,0.00291053,0.0027249,32
1/1/2025,Q4_2425,Good job,Hackney,0.41,0.454688,0.456797,0.000292591,-0.00240197,-0.0446875,-0.0470895,0.0027249,32
1/1/2025,Q4_2425,Good job,Hammersmith and Fulham,0.46,0.454688,0.456797,0.000292591,-0.00240197,0.0053125,0.00291053,0.0027249,32
1/1/2025,Q4_2425,Good job,Haringey,0.44,0.454688,0.456797,0.000292591,-0.00240197,-0.0146875,-0.0170895,0.0027249,32
1/1/2025,Q4_2425,Good job,Harrow,0.49,0.454688,0.456797,0.000292591,-0.00240197,0.0353125,0.0329105,0.0027249,32
1/1/2025,Q4_2425,Good job,Havering,0.44,0.454688,0.456797,0.000292591,-0.00240197,-0.0146875,-0.0170895,0.0027249,32
1/1/2025,Q4_2425,Good job,Hillingdon,0.55,0.454688,0.456797,0.000292591,-0.00240197,0.0953125,0.0929105,0.0027249,32
1/1/2025,Q4_2425,Good job,Hounslow,0.49,0.454688,0.456797,0.000292591,-0.00240197,0.0353125,0.0329105,0.0027249,32
1/1/2025,Q4_2425,Good job,Islington,0.39,0.454688,0.456797,0.000292591,-0.00240197,-0.0646875,-0.0670895,0.0027249,32
1/1/2025,Q4_2425,Good job,Kensington and Chelsea,0.5,0.454688,0.456797,0.000292591,-0.00240197,0.0453125,0.0429105,0.0027249,32
1/1/2025,Q4_2425,Good job,Kingston upon Thames,0.54,0.454688,0.456797,0.000292591,-0.00240197,0.0853125,0.0829105,0.0027249,32
1/1/2025,Q4_2425,Good job,Lambeth,0.43,0.454688,0.456797,0.000292591,-0.00240197,-0.0246875,-0.0270895,0.0027249,32
1/1/2025,Q4_2425,Good job,Lewisham,0.38,0.454688,0.456797,0.000292591,-0.00240197,-0.0746875,-0.0770895,0.0027249,32
1/1/2025,Q4_2425,Good job,Merton,0.56,0.454688,0.456797,0.000292591,-0.00240197,0.105313,0.102911,0.0027249,32
1/1/2025,Q4_2425,Good job,Newham,0.43,0.454688,0.456797,0.000292591,-0.00240197,-0.0246875,-0.0270895,0.0027249,32
1/1/2025,Q4_2425,Good job,Redbridge,0.43,0.454688,0.456797,0.000292591,-0.00240197,-0.0246875,-0.0270895,0.0027249,32
1/1/2025,Q4_2425,Good job,Richmond upon Thames,0.49,0.454688,0.456797,0.000292591,-0.00240197,0.0353125,0.0329105,0.0027249,32
1/1/2025,Q4_2425,Good job,Southwark,0.43,0.454688,0.456797,0.000292591,-0.00240197,-0.0246875,-0.0270895,0.0027249,32
1/1/2025,Q4_2425,Good job,Sutton,0.49,0.454688,0.456797,0.000292591,-0.00240197,0.0353125,0.0329105,0.0027249,32
1/1/2025,Q4_2425,Good job,Tower Hamlets,0.4,0.454688,0.456797,0.000292591,-0.00240197,-0.0546875,-0.0570895,0.0027249,32
1/1/2025,Q4_2425,Good job,Waltham Forest,0.41,0.454688,0.456797,0.000292591,-0.00240197,-0.0446875,-0.0470895,0.0027249,32
1/1/2025,Q4_2425,Good job,Wandsworth,0.53,0.454688,0.456797,0.000292591,-0.00240197,0.0753125,0.0729105,0.0027249,32
1/1/2025,Q4_2425,Good job,Westminster,0.48,0.454688,0.456797,0.000292591,-0.00240197,0.0253125,0.0229105,0.0027249,32
1/1/2025,Q4_2425,Trust MPS,Barking and Dagenham,0.74,0.740625,0.736523,-0.00355419,0.00765575,-0.000625,0.00703075,0.00244961,32
1/1/2025,Q4_2425,Trust MPS,Barnet,0.74,0.740625,0.736523,-0.00355419,0.00765575,-0.000625,0.00703075,0.00244961,32
1/1/2025,Q4_2425,Trust MPS,Bexley,0.76,0.740625,0.736523,-0.00355419,0.00765575,0.019375,0.0270308,0.00244961,32
1/1/2025,Q4_2425,Trust MPS,Brent,0.77,0.740625,0.736523,-0.00355419,0.00765575,0.029375,0.0370308,0.00244961,32
1/1/2025,Q4_2425,Trust MPS,Bromley,0.7,0.740625,0.736523,-0.00355419,0.00765575,-0.040625,-0.0329692,0.00244961,32
1/1/2025,Q4_2425,Trust MPS,Camden,0.65,0.740625,0.736523,-0.00355419,0.00765575,-0.090625,-0.0829692,0.00244961,32
1/1/2025,Q4_2425,Trust MPS,Croydon,0.66,0.740625,0.736523,-0.00355419,0.00765575,-0.080625,-0.0729692,0.00244961,32
1/1/2025,Q4_2425,Trust MPS,Ealing,0.76,0.740625,0.736523,-0.00355419,0.00765575,0.019375,0.0270308,0.00244961,32
1/1/2025,Q4_2425,Trust MPS,Enfield,0.79,0.740625,0.736523,-0.00355419,0.00765575,0.049375,0.0570308,0.00244961,32
1/1/2025,Q4_2425,Trust MPS,Greenwich,0.75,0.740625,0.736523,-0.00355419,0.00765575,0.009375,0.0170308,0.00244961,32
1/1/2025,Q4_2425,Trust MPS,Hackney,0.7,0.740625,0.736523,-0.00355419,0.00765575,-0.040625,-0.0329692,0.00244961,32
1/1/2025,Q4_2425,Trust MPS,Hammersmith and Fulham,0.75,0.740625,0.736523,-0.00355419,0.00765575,0.009375,0.0170308,0.00244961,32
1/1/2025,Q4_2425,Trust MPS,Haringey,0.72,0.740625,0.736523,-0.00355419,0.00765575,-0.020625,-0.0129692,0.00244961,32
1/1/2025,Q4_2425,Trust MPS,Harrow,0.76,0.740625,0.736523,-0.00355419,0.00765575,0.019375,0.0270308,0.00244961,32
1/1/2025,Q4_2425,Trust MPS,Havering,0.8,0.740625,0.736523,-0.00355419,0.00765575,0.059375,0.0670308,0.00244961,32
1/1/2025,Q4_2425,Trust MPS,Hillingdon,0.78,0.740625,0.736523,-0.00355419,0.00765575,0.039375,0.0470308,0.00244961,32
1/1/2025,Q4_2425,Trust MPS,Hounslow,0.74,0.740625,0.736523,-0.00355419,0.00765575,-0.000625,0.00703075,0.00244961,32
1/1/2025,Q4_2425,Trust MPS,Islington,0.65,0.740625,0.736523,-0.00355419,0.00765575,-0.090625,-0.0829692,0.00244961,32
1/1/2025,Q4_2425,Trust MPS,Kensington and Chelsea,0.76,0.740625,0.736523,-0.00355419,0.00765575,0.019375,0.0270308,0.00244961,32
1/1/2025,Q4_2425,Trust MPS,Kingston upon Thames,0.8,0.740625,0.736523,-0.00355419,0.00765575,0.059375,0.0670308,0.00244961,32
1/1/2025,Q4_2425,Trust MPS,Lambeth,0.69,0.740625,0.736523,-0.00355419,0.00765575,-0.050625,-0.0429692,0.00244961,32
1/1/2025,Q4_2425,Trust MPS,Lewisham,0.64,0.740625,0.736523,-0.00355419,0.00765575,-0.100625,-0.0929692,0.00244961,32
1/1/2025,Q4_2425,Trust MPS,Merton,0.82,0.740625,0.736523,-0.00355419,0.00765575,0.079375,0.0870308,0.00244961,32
1/1/2025,Q4_2425,Trust MPS,Newham,0.77,0.740625,0.736523,-0.00355419,0.00765575,0.029375,0.0370308,0.00244961,32
1/1/2025,Q4_2425,Trust MPS,Redbridge,0.77,0.740625,0.736523,-0.00355419,0.00765575,0.029375,0.0370308,0.00244961,32
1/1/2025,Q4_2425,Trust MPS,Richmond upon Thames,0.77,0.740625,0.736523,-0.00355419,0.00765575,0.029375,0.0370308,0.00244961,32
1/1/2025,Q4_2425,Trust MPS,Southwark,0.66,0.740625,0.736523,-0.00355419,0.00765575,-0.080625,-0.0729692,0.00244961,32
1/1/2025,Q4_2425,Trust MPS,Sutton,0.75,0.740625,0.736523,-0.00355419,0.00765575,0.009375,0.0170308,0.00244961,32
1/1/2025,Q4_2425,Trust MPS,Tower Hamlets,0.74,0.740625,0.736523,-0.00355419,0.00765575,-0.000625,0.00703075,0.00244961,32
1/1/2025,Q4_2425,Trust MPS,Waltham Forest,0.7,0.740625,0.736523,-0.00355419,0.00765575,-0.040625,-0.0329692,0.00244961,32
1/1/2025,Q4_2425,Trust MPS,Wandsworth,0.81,0.740625,0.736523,-0.00355419,0.00765575,0.069375,0.0770308,0.00244961,32
1/1/2025,Q4_2425,Trust MPS,Westminster,0.8,0.740625,0.736523,-0.00355419,0.00765575,0.059375,0.0670308,0.00244961,32
10/1/2024,Q3_2425,Fair treatment,Barking and Dagenham,0.68,0.632812,0.631914,-2.69E-05,0.00092536,0.0471875,0.0481129,0.00380771,32
10/1/2024,Q3_2425,Fair treatment,Barnet,0.66,0.632812,0.631914,-2.69E-05,0.00092536,0.0271875,0.0281129,0.00380771,32
10/1/2024,Q3_2425,Fair treatment,Bexley,0.75,0.632812,0.631914,-2.69E-05,0.00092536,0.117188,0.118113,0.00380771,32
10/1/2024,Q3_2425,Fair treatment,Brent,0.63,0.632812,0.631914,-2.69E-05,0.00092536,-0.0028125,-0.00188714,0.00380771,32
10/1/2024,Q3_2425,Fair treatment,Bromley,0.58,0.632812,0.631914,-2.69E-05,0.00092536,-0.0528125,-0.0518871,0.00380771,32
10/1/2024,Q3_2425,Fair treatment,Camden,0.54,0.632812,0.631914,-2.69E-05,0.00092536,-0.0928125,-0.0918871,0.00380771,32
10/1/2024,Q3_2425,Fair treatment,Croydon,0.59,0.632812,0.631914,-2.69E-05,0.00092536,-0.0428125,-0.0418871,0.00380771,32
10/1/2024,Q3_2425,Fair treatment,Ealing,0.57,0.632812,0.631914,-2.69E-05,0.00092536,-0.0628125,-0.0618871,0.00380771,32
10/1/2024,Q3_2425,Fair treatment,Enfield,0.63,0.632812,0.631914,-2.69E-05,0.00092536,-0.0028125,-0.00188714,0.00380771,32
10/1/2024,Q3_2425,Fair treatment,Greenwich,0.65,0.632812,0.631914,-2.69E-05,0.00092536,0.0171875,0.0181129,0.00380771,32
10/1/2024,Q3_2425,Fair treatment,Hackney,0.55,0.632812,0.631914,-2.69E-05,0.00092536,-0.0828125,-0.0818871,0.00380771,32
10/1/2024,Q3_2425,Fair treatment,Hammersmith and Fulham,0.64,0.632812,0.631914,-2.69E-05,0.00092536,0.0071875,0.00811286,0.00380771,32
10/1/2024,Q3_2425,Fair treatment,Haringey,0.57,0.632812,0.631914,-2.69E-05,0.00092536,-0.0628125,-0.0618871,0.00380771,32
10/1/2024,Q3_2425,Fair treatment,Harrow,0.68,0.632812,0.631914,-2.69E-05,0.00092536,0.0471875,0.0481129,0.00380771,32
10/1/2024,Q3_2425,Fair treatment,Havering,0.72,0.632812,0.631914,-2.69E-05,0.00092536,0.0871875,0.0881129,0.00380771,32
10/1/2024,Q3_2425,Fair treatment,Hillingdon,0.72,0.632812,0.631914,-2.69E-05,0.00092536,0.0871875,0.0881129,0.00380771,32
10/1/2024,Q3_2425,Fair treatment,Hounslow,0.62,0.632812,0.631914,-2.69E-05,0.00092536,-0.0128125,-0.0118871,0.00380771,32
10/1/2024,Q3_2425,Fair treatment,Islington,0.54,0.632812,0.631914,-2.69E-05,0.00092536,-0.0928125,-0.0918871,0.00380771,32
10/1/2024,Q3_2425,Fair treatment,Kensington and Chelsea,0.68,0.632812,0.631914,-2.69E-05,0.00092536,0.0471875,0.0481129,0.00380771,32
10/1/2024,Q3_2425,Fair treatment,Kingston upon Thames,0.66,0.632812,0.631914,-2.69E-05,0.00092536,0.0271875,0.0281129,0.00380771,32
10/1/2024,Q3_2425,Fair treatment,Lambeth,0.56,0.632812,0.631914,-2.69E-05,0.00092536,-0.0728125,-0.0718871,0.00380771,32
10/1/2024,Q3_2425,Fair treatment,Lewisham,0.52,0.632812,0.631914,-2.69E-05,0.00092536,-0.112812,-0.111887,0.00380771,32
10/1/2024,Q3_2425,Fair treatment,Merton,0.65,0.632812,0.631914,-2.69E-05,0.00092536,0.0171875,0.0181129,0.00380771,32
10/1/2024,Q3_2425,Fair treatment,Newham,0.68,0.632812,0.631914,-2.69E-05,0.00092536,0.0471875,0.0481129,0.00380771,32
10/1/2024,Q3_2425,Fair treatment,Redbridge,0.74,0.632812,0.631914,-2.69E-05,0.00092536,0.107187,0.108113,0.00380771,32
10/1/2024,Q3_2425,Fair treatment,Richmond upon Thames,0.6,0.632812,0.631914,-2.69E-05,0.00092536,-0.0328125,-0.0318871,0.00380771,32
10/1/2024,Q3_2425,Fair treatment,Southwark,0.58,0.632812,0.631914,-2.69E-05,0.00092536,-0.0528125,-0.0518871,0.00380771,32
10/1/2024,Q3_2425,Fair treatment,Sutton,0.68,0.632812,0.631914,-2.69E-05,0.00092536,0.0471875,0.0481129,0.00380771,32
10/1/2024,Q3_2425,Fair treatment,Tower Hamlets,0.69,0.632812,0.631914,-2.69E-05,0.00092536,0.0571875,0.0581129,0.00380771,32
10/1/2024,Q3_2425,Fair treatment,Waltham Forest,0.57,0.632812,0.631914,-2.69E-05,0.00092536,-0.0628125,-0.0618871,0.00380771,32
10/1/2024,Q3_2425,Fair treatment,Wandsworth,0.64,0.632812,0.631914,-2.69E-05,0.00092536,0.0071875,0.00811286,0.00380771,32
10/1/2024,Q3_2425,Fair treatment,Westminster,0.68,0.632812,0.631914,-2.69E-05,0.00092536,0.0471875,0.0481129,0.00380771,32
10/1/2024,Q3_2425,Good job,Barking and Dagenham,0.43,0.460938,0.46082,0.000660104,-0.000542917,-0.0309375,-0.0314804,0.00291475,32
10/1/2024,Q3_2425,Good job,Barnet,0.46,0.460938,0.46082,0.000660104,-0.000542917,-0.0009375,-0.00148042,0.00291475,32
10/1/2024,Q3_2425,Good job,Bexley,0.5,0.460938,0.46082,0.000660104,-0.000542917,0.0390625,0.0385196,0.00291475,32
10/1/2024,Q3_2425,Good job,Brent,0.43,0.460938,0.46082,0.000660104,-0.000542917,-0.0309375,-0.0314804,0.00291475,32
10/1/2024,Q3_2425,Good job,Bromley,0.46,0.460938,0.46082,0.000660104,-0.000542917,-0.0009375,-0.00148042,0.00291475,32
10/1/2024,Q3_2425,Good job,Camden,0.39,0.460938,0.46082,0.000660104,-0.000542917,-0.0709375,-0.0714804,0.00291475,32
10/1/2024,Q3_2425,Good job,Croydon,0.44,0.460938,0.46082,0.000660104,-0.000542917,-0.0209375,-0.0214804,0.00291475,32
10/1/2024,Q3_2425,Good job,Ealing,0.36,0.460938,0.46082,0.000660104,-0.000542917,-0.100938,-0.10148,0.00291475,32
10/1/2024,Q3_2425,Good job,Enfield,0.51,0.460938,0.46082,0.000660104,-0.000542917,0.0490625,0.0485196,0.00291475,32
10/1/2024,Q3_2425,Good job,Greenwich,0.48,0.460938,0.46082,0.000660104,-0.000542917,0.0190625,0.0185196,0.00291475,32
10/1/2024,Q3_2425,Good job,Hackney,0.4,0.460938,0.46082,0.000660104,-0.000542917,-0.0609375,-0.0614804,0.00291475,32
10/1/2024,Q3_2425,Good job,Hammersmith and Fulham,0.51,0.460938,0.46082,0.000660104,-0.000542917,0.0490625,0.0485196,0.00291475,32
10/1/2024,Q3_2425,Good job,Haringey,0.46,0.460938,0.46082,0.000660104,-0.000542917,-0.0009375,-0.00148042,0.00291475,32
10/1/2024,Q3_2425,Good job,Harrow,0.49,0.460938,0.46082,0.000660104,-0.000542917,0.0290625,0.0285196,0.00291475,32
10/1/2024,Q3_2425,Good job,Havering,0.44,0.460938,0.46082,0.000660104,-0.000542917,-0.0209375,-0.0214804,0.00291475,32
10/1/2024,Q3_2425,Good job,Hillingdon,0.56,0.460938,0.46082,0.000660104,-0.000542917,0.0990625,0.0985196,0.00291475,32
10/1/2024,Q3_2425,Good job,Hounslow,0.48,0.460938,0.46082,0.000660104,-0.000542917,0.0190625,0.0185196,0.00291475,32
10/1/2024,Q3_2425,Good job,Islington,0.4,0.460938,0.46082,0.000660104,-0.000542917,-0.0609375,-0.0614804,0.00291475,32
10/1/2024,Q3_2425,Good job,Kensington and Chelsea,0.51,0.460938,0.46082,0.000660104,-0.000542917,0.0490625,0.0485196,0.00291475,32
10/1/2024,Q3_2425,Good job,Kingston upon Thames,0.54,0.460938,0.46082,0.000660104,-0.000542917,0.0790625,0.0785196,0.00291475,32
10/1/2024,Q3_2425,Good job,Lambeth,0.43,0.460938,0.46082,0.000660104,-0.000542917,-0.0309375,-0.0314804,0.00291475,32
10/1/2024,Q3_2425,Good job,Lewisham,0.38,0.460938,0.46082,0.000660104,-0.000542917,-0.0809375,-0.0814804,0.00291475,32
10/1/2024,Q3_2425,Good job,Merton,0.58,0.460938,0.46082,0.000660104,-0.000542917,0.119062,0.11852,0.00291475,32
10/1/2024,Q3_2425,Good job,Newham,0.43,0.460938,0.46082,0.000660104,-0.000542917,-0.0309375,-0.0314804,0.00291475,32
10/1/2024,Q3_2425,Good job,Redbridge,0.45,0.460938,0.46082,0.000660104,-0.000542917,-0.0109375,-0.0114804,0.00291475,32
10/1/2024,Q3_2425,Good job,Richmond upon Thames,0.5,0.460938,0.46082,0.000660104,-0.000542917,0.0390625,0.0385196,0.00291475,32
10/1/2024,Q3_2425,Good job,Southwark,0.41,0.460938,0.46082,0.000660104,-0.000542917,-0.0509375,-0.0514804,0.00291475,32
10/1/2024,Q3_2425,Good job,Sutton,0.47,0.460938,0.46082,0.000660104,-0.000542917,0.0090625,0.00851958,0.00291475,32
10/1/2024,Q3_2425,Good job,Tower Hamlets,0.42,0.460938,0.46082,0.000660104,-0.000542917,-0.0409375,-0.0414804,0.00291475,32
10/1/2024,Q3_2425,Good job,Waltham Forest,0.39,0.460938,0.46082,0.000660104,-0.000542917,-0.0709375,-0.0714804,0.00291475,32
10/1/2024,Q3_2425,Good job,Wandsworth,0.5,0.460938,0.46082,0.000660104,-0.000542917,0.0390625,0.0385196,0.00291475,32
10/1/2024,Q3_2425,Good job,Westminster,0.54,0.460938,0.46082,0.000660104,-0.000542917,0.0790625,0.0785196,0.00291475,32
10/1/2024,Q3_2425,Trust MPS,Barking and Dagenham,0.75,0.730625,0.730039,-0.000922301,0.00150824,0.019375,0.0208832,0.00252461,32
10/1/2024,Q3_2425,Trust MPS,Barnet,0.7,0.730625,0.730039,-0.000922301,0.00150824,-0.030625,-0.0291168,0.00252461,32
10/1/2024,Q3_2425,Trust MPS,Bexley,0.75,0.730625,0.730039,-0.000922301,0.00150824,0.019375,0.0208832,0.00252461,32
10/1/2024,Q3_2425,Trust MPS,Brent,0.75,0.730625,0.730039,-0.000922301,0.00150824,0.019375,0.0208832,0.00252461,32
10/1/2024,Q3_2425,Trust MPS,Bromley,0.71,0.730625,0.730039,-0.000922301,0.00150824,-0.020625,-0.0191168,0.00252461,32
10/1/2024,Q3_2425,Trust MPS,Camden,0.64,0.730625,0.730039,-0.000922301,0.00150824,-0.090625,-0.0891168,0.00252461,32
10/1/2024,Q3_2425,Trust MPS,Croydon,0.69,0.730625,0.730039,-0.000922301,0.00150824,-0.040625,-0.0391168,0.00252461,32
10/1/2024,Q3_2425,Trust MPS,Ealing,0.72,0.730625,0.730039,-0.000922301,0.00150824,-0.010625,-0.00911676,0.00252461,32
10/1/2024,Q3_2425,Trust MPS,Enfield,0.76,0.730625,0.730039,-0.000922301,0.00150824,0.029375,0.0308832,0.00252461,32
10/1/2024,Q3_2425,Trust MPS,Greenwich,0.73,0.730625,0.730039,-0.000922301,0.00150824,-0.000625,0.000883239,0.00252461,32
10/1/2024,Q3_2425,Trust MPS,Hackney,0.68,0.730625,0.730039,-0.000922301,0.00150824,-0.050625,-0.0491168,0.00252461,32
10/1/2024,Q3_2425,Trust MPS,Hammersmith and Fulham,0.74,0.730625,0.730039,-0.000922301,0.00150824,0.009375,0.0108832,0.00252461,32
10/1/2024,Q3_2425,Trust MPS,Haringey,0.68,0.730625,0.730039,-0.000922301,0.00150824,-0.050625,-0.0491168,0.00252461,32
10/1/2024,Q3_2425,Trust MPS,Harrow,0.77,0.730625,0.730039,-0.000922301,0.00150824,0.039375,0.0408832,0.00252461,32
10/1/2024,Q3_2425,Trust MPS,Havering,0.79,0.730625,0.730039,-0.000922301,0.00150824,0.059375,0.0608832,0.00252461,32
10/1/2024,Q3_2425,Trust MPS,Hillingdon,0.78,0.730625,0.730039,-0.000922301,0.00150824,0.049375,0.0508832,0.00252461,32
10/1/2024,Q3_2425,Trust MPS,Hounslow,0.74,0.730625,0.730039,-0.000922301,0.00150824,0.009375,0.0108832,0.00252461,32
10/1/2024,Q3_2425,Trust MPS,Islington,0.65,0.730625,0.730039,-0.000922301,0.00150824,-0.080625,-0.0791168,0.00252461,32
10/1/2024,Q3_2425,Trust MPS,Kensington and Chelsea,0.78,0.730625,0.730039,-0.000922301,0.00150824,0.049375,0.0508832,0.00252461,32
10/1/2024,Q3_2425,Trust MPS,Kingston upon Thames,0.77,0.730625,0.730039,-0.000922301,0.00150824,0.039375,0.0408832,0.00252461,32
10/1/2024,Q3_2425,Trust MPS,Lambeth,0.69,0.730625,0.730039,-0.000922301,0.00150824,-0.040625,-0.0391168,0.00252461,32
10/1/2024,Q3_2425,Trust MPS,Lewisham,0.62,0.730625,0.730039,-0.000922301,0.00150824,-0.110625,-0.109117,0.00252461,32
10/1/2024,Q3_2425,Trust MPS,Merton,0.81,0.730625,0.730039,-0.000922301,0.00150824,0.079375,0.0808832,0.00252461,32
10/1/2024,Q3_2425,Trust MPS,Newham,0.76,0.730625,0.730039,-0.000922301,0.00150824,0.029375,0.0308832,0.00252461,32
10/1/2024,Q3_2425,Trust MPS,Redbridge,0.77,0.730625,0.730039,-0.000922301,0.00150824,0.039375,0.0408832,0.00252461,32
10/1/2024,Q3_2425,Trust MPS,Richmond upon Thames,0.76,0.730625,0.730039,-0.000922301,0.00150824,0.029375,0.0308832,0.00252461,32
10/1/2024,Q3_2425,Trust MPS,Southwark,0.65,0.730625,0.730039,-0.000922301,0.00150824,-0.080625,-0.0791168,0.00252461,32
10/1/2024,Q3_2425,Trust MPS,Sutton,0.74,0.730625,0.730039,-0.000922301,0.00150824,0.009375,0.0108832,0.00252461,32
10/1/2024,Q3_2425,Trust MPS,Tower Hamlets,0.73,0.730625,0.730039,-0.000922301,0.00150824,-0.000625,0.000883239,0.00252461,32
10/1/2024,Q3_2425,Trust MPS,Waltham Forest,0.67,0.730625,0.730039,-0.000922301,0.00150824,-0.060625,-0.0591168,0.00252461,32
10/1/2024,Q3_2425,Trust MPS,Wandsworth,0.78,0.730625,0.730039,-0.000922301,0.00150824,0.049375,0.0508832,0.00252461,32
10/1/2024,Q3_2425,Trust MPS,Westminster,0.82,0.730625,0.730039,-0.000922301,0.00150824,0.089375,0.0908832,0.00252461,32
7/1/2024,Q2_2425,Fair treatment,Barking and Dagenham,0.67,0.622188,0.62543,0.00141079,-0.00465297,0.0478125,0.0431595,0.00383584,32
7/1/2024,Q2_2425,Fair treatment,Barnet,0.57,0.622188,0.62543,0.00141079,-0.00465297,-0.0521875,-0.0568405,0.00383584,32
7/1/2024,Q2_2425,Fair treatment,Bexley,0.74,0.622188,0.62543,0.00141079,-0.00465297,0.117812,0.11316,0.00383584,32
7/1/2024,Q2_2425,Fair treatment,Brent,0.63,0.622188,0.62543,0.00141079,-0.00465297,0.0078125,0.00315953,0.00383584,32
7/1/2024,Q2_2425,Fair treatment,Bromley,0.59,0.622188,0.62543,0.00141079,-0.00465297,-0.0321875,-0.0368405,0.00383584,32
7/1/2024,Q2_2425,Fair treatment,Camden,0.54,0.622188,0.62543,0.00141079,-0.00465297,-0.0821875,-0.0868405,0.00383584,32
7/1/2024,Q2_2425,Fair treatment,Croydon,0.57,0.622188,0.62543,0.00141079,-0.00465297,-0.0521875,-0.0568405,0.00383584,32
7/1/2024,Q2_2425,Fair treatment,Ealing,0.58,0.622188,0.62543,0.00141079,-0.00465297,-0.0421875,-0.0468405,0.00383584,32
7/1/2024,Q2_2425,Fair treatment,Enfield,0.59,0.622188,0.62543,0.00141079,-0.00465297,-0.0321875,-0.0368405,0.00383584,32
7/1/2024,Q2_2425,Fair treatment,Greenwich,0.62,0.622188,0.62543,0.00141079,-0.00465297,-0.0021875,-0.00684047,0.00383584,32
7/1/2024,Q2_2425,Fair treatment,Hackney,0.52,0.622188,0.62543,0.00141079,-0.00465297,-0.102187,-0.10684,0.00383584,32
7/1/2024,Q2_2425,Fair treatment,Hammersmith and Fulham,0.64,0.622188,0.62543,0.00141079,-0.00465297,0.0178125,0.0131595,0.00383584,32
7/1/2024,Q2_2425,Fair treatment,Haringey,0.54,0.622188,0.62543,0.00141079,-0.00465297,-0.0821875,-0.0868405,0.00383584,32
7/1/2024,Q2_2425,Fair treatment,Harrow,0.69,0.622188,0.62543,0.00141079,-0.00465297,0.0678125,0.0631595,0.00383584,32
7/1/2024,Q2_2425,Fair treatment,Havering,0.71,0.622188,0.62543,0.00141079,-0.00465297,0.0878125,0.0831595,0.00383584,32
7/1/2024,Q2_2425,Fair treatment,Hillingdon,0.71,0.622188,0.62543,0.00141079,-0.00465297,0.0878125,0.0831595,0.00383584,32
7/1/2024,Q2_2425,Fair treatment,Hounslow,0.61,0.622188,0.62543,0.00141079,-0.00465297,-0.0121875,-0.0168405,0.00383584,32
7/1/2024,Q2_2425,Fair treatment,Islington,0.54,0.622188,0.62543,0.00141079,-0.00465297,-0.0821875,-0.0868405,0.00383584,32
7/1/2024,Q2_2425,Fair treatment,Kensington and Chelsea,0.72,0.622188,0.62543,0.00141079,-0.00465297,0.0978125,0.0931595,0.00383584,32
7/1/2024,Q2_2425,Fair treatment,Kingston upon Thames,0.63,0.622188,0.62543,0.00141079,-0.00465297,0.0078125,0.00315953,0.00383584,32
7/1/2024,Q2_2425,Fair treatment,Lambeth,0.57,0.622188,0.62543,0.00141079,-0.00465297,-0.0521875,-0.0568405,0.00383584,32
7/1/2024,Q2_2425,Fair treatment,Lewisham,0.55,0.622188,0.62543,0.00141079,-0.00465297,-0.0721875,-0.0768405,0.00383584,32
7/1/2024,Q2_2425,Fair treatment,Merton,0.65,0.622188,0.62543,0.00141079,-0.00465297,0.0278125,0.0231595,0.00383584,32
7/1/2024,Q2_2425,Fair treatment,Newham,0.65,0.622188,0.62543,0.00141079,-0.00465297,0.0278125,0.0231595,0.00383584,32
7/1/2024,Q2_2425,Fair treatment,Redbridge,0.71,0.622188,0.62543,0.00141079,-0.00465297,0.0878125,0.0831595,0.00383584,32
7/1/2024,Q2_2425,Fair treatment,Richmond upon Thames,0.63,0.622188,0.62543,0.00141079,-0.00465297,0.0078125,0.00315953,0.00383584,32
7/1/2024,Q2_2425,Fair treatment,Southwark,0.58,0.622188,0.62543,0.00141079,-0.00465297,-0.0421875,-0.0468405,0.00383584,32
7/1/2024,Q2_2425,Fair treatment,Sutton,0.67,0.622188,0.62543,0.00141079,-0.00465297,0.0478125,0.0431595,0.00383584,32
7/1/2024,Q2_2425,Fair treatment,Tower Hamlets,0.67,0.622188,0.62543,0.00141079,-0.00465297,0.0478125,0.0431595,0.00383584,32
7/1/2024,Q2_2425,Fair treatment,Waltham Forest,0.52,0.622188,0.62543,0.00141079,-0.00465297,-0.102187,-0.10684,0.00383584,32
7/1/2024,Q2_2425,Fair treatment,Wandsworth,0.63,0.622188,0.62543,0.00141079,-0.00465297,0.0078125,0.00315953,0.00383584,32
7/1/2024,Q2_2425,Fair treatment,Westminster,0.67,0.622188,0.62543,0.00141079,-0.00465297,0.0478125,0.0431595,0.00383584,32
7/1/2024,Q2_2425,Good job,Barking and Dagenham,0.42,0.464375,0.467109,0.000102487,-0.00283686,-0.044375,-0.0472119,0.00326211,32
7/1/2024,Q2_2425,Good job,Barnet,0.44,0.464375,0.467109,0.000102487,-0.00283686,-0.024375,-0.0272119,0.00326211,32
7/1/2024,Q2_2425,Good job,Bexley,0.52,0.464375,0.467109,0.000102487,-0.00283686,0.055625,0.0527881,0.00326211,32
7/1/2024,Q2_2425,Good job,Brent,0.45,0.464375,0.467109,0.000102487,-0.00283686,-0.014375,-0.0172119,0.00326211,32
7/1/2024,Q2_2425,Good job,Bromley,0.47,0.464375,0.467109,0.000102487,-0.00283686,0.005625,0.00278814,0.00326211,32
7/1/2024,Q2_2425,Good job,Camden,0.41,0.464375,0.467109,0.000102487,-0.00283686,-0.054375,-0.0572119,0.00326211,32
7/1/2024,Q2_2425,Good job,Croydon,0.42,0.464375,0.467109,0.000102487,-0.00283686,-0.044375,-0.0472119,0.00326211,32
7/1/2024,Q2_2425,Good job,Ealing,0.39,0.464375,0.467109,0.000102487,-0.00283686,-0.074375,-0.0772119,0.00326211,32
7/1/2024,Q2_2425,Good job,Enfield,0.49,0.464375,0.467109,0.000102487,-0.00283686,0.025625,0.0227881,0.00326211,32
7/1/2024,Q2_2425,Good job,Greenwich,0.5,0.464375,0.467109,0.000102487,-0.00283686,0.035625,0.0327881,0.00326211,32
7/1/2024,Q2_2425,Good job,Hackney,0.37,0.464375,0.467109,0.000102487,-0.00283686,-0.094375,-0.0972119,0.00326211,32
7/1/2024,Q2_2425,Good job,Hammersmith and Fulham,0.52,0.464375,0.467109,0.000102487,-0.00283686,0.055625,0.0527881,0.00326211,32
7/1/2024,Q2_2425,Good job,Haringey,0.43,0.464375,0.467109,0.000102487,-0.00283686,-0.034375,-0.0372119,0.00326211,32
7/1/2024,Q2_2425,Good job,Harrow,0.52,0.464375,0.467109,0.000102487,-0.00283686,0.055625,0.0527881,0.00326211,32
7/1/2024,Q2_2425,Good job,Havering,0.42,0.464375,0.467109,0.000102487,-0.00283686,-0.044375,-0.0472119,0.00326211,32
7/1/2024,Q2_2425,Good job,Hillingdon,0.56,0.464375,0.467109,0.000102487,-0.00283686,0.095625,0.0927881,0.00326211,32
7/1/2024,Q2_2425,Good job,Hounslow,0.48,0.464375,0.467109,0.000102487,-0.00283686,0.015625,0.0127881,0.00326211,32
7/1/2024,Q2_2425,Good job,Islington,0.42,0.464375,0.467109,0.000102487,-0.00283686,-0.044375,-0.0472119,0.00326211,32
7/1/2024,Q2_2425,Good job,Kensington and Chelsea,0.54,0.464375,0.467109,0.000102487,-0.00283686,0.075625,0.0727881,0.00326211,32
7/1/2024,Q2_2425,Good job,Kingston upon Thames,0.55,0.464375,0.467109,0.000102487,-0.00283686,0.085625,0.0827881,0.00326211,32
7/1/2024,Q2_2425,Good job,Lambeth,0.44,0.464375,0.467109,0.000102487,-0.00283686,-0.024375,-0.0272119,0.00326211,32
7/1/2024,Q2_2425,Good job,Lewisham,0.41,0.464375,0.467109,0.000102487,-0.00283686,-0.054375,-0.0572119,0.00326211,32
7/1/2024,Q2_2425,Good job,Merton,0.57,0.464375,0.467109,0.000102487,-0.00283686,0.105625,0.102788,0.00326211,32
7/1/2024,Q2_2425,Good job,Newham,0.45,0.464375,0.467109,0.000102487,-0.00283686,-0.014375,-0.0172119,0.00326211,32
7/1/2024,Q2_2425,Good job,Redbridge,0.43,0.464375,0.467109,0.000102487,-0.00283686,-0.034375,-0.0372119,0.00326211,32
7/1/2024,Q2_2425,Good job,Richmond upon Thames,0.52,0.464375,0.467109,0.000102487,-0.00283686,0.055625,0.0527881,0.00326211,32
7/1/2024,Q2_2425,Good job,Southwark,0.41,0.464375,0.467109,0.000102487,-0.00283686,-0.054375,-0.0572119,0.00326211,32
7/1/2024,Q2_2425,Good job,Sutton,0.48,0.464375,0.467109,0.000102487,-0.00283686,0.015625,0.0127881,0.00326211,32
7/1/2024,Q2_2425,Good job,Tower Hamlets,0.4,0.464375,0.467109,0.000102487,-0.00283686,-0.064375,-0.0672119,0.00326211,32
7/1/2024,Q2_2425,Good job,Waltham Forest,0.38,0.464375,0.467109,0.000102487,-0.00283686,-0.084375,-0.0872119,0.00326211,32
7/1/2024,Q2_2425,Good job,Wandsworth,0.49,0.464375,0.467109,0.000102487,-0.00283686,0.025625,0.0227881,0.00326211,32
7/1/2024,Q2_2425,Good job,Westminster,0.56,0.464375,0.467109,0.000102487,-0.00283686,0.095625,0.0927881,0.00326211,32
7/1/2024,Q2_2425,Trust MPS,Barking and Dagenham,0.75,0.720938,0.721133,0.00257614,-0.00277145,0.0290625,0.0262911,0.00272725,32
7/1/2024,Q2_2425,Trust MPS,Barnet,0.69,0.720938,0.721133,0.00257614,-0.00277145,-0.0309375,-0.0337089,0.00272725,32
7/1/2024,Q2_2425,Trust MPS,Bexley,0.74,0.720938,0.721133,0.00257614,-0.00277145,0.0190625,0.0162911,0.00272725,32
7/1/2024,Q2_2425,Trust MPS,Brent,0.75,0.720938,0.721133,0.00257614,-0.00277145,0.0290625,0.0262911,0.00272725,32
7/1/2024,Q2_2425,Trust MPS,Bromley,0.72,0.720938,0.721133,0.00257614,-0.00277145,-0.0009375,-0.00370895,0.00272725,32
7/1/2024,Q2_2425,Trust MPS,Camden,0.65,0.720938,0.721133,0.00257614,-0.00277145,-0.0709375,-0.0737089,0.00272725,32
7/1/2024,Q2_2425,Trust MPS,Croydon,0.68,0.720938,0.721133,0.00257614,-0.00277145,-0.0409375,-0.0437089,0.00272725,32
7/1/2024,Q2_2425,Trust MPS,Ealing,0.7,0.720938,0.721133,0.00257614,-0.00277145,-0.0209375,-0.0237089,0.00272725,32
7/1/2024,Q2_2425,Trust MPS,Enfield,0.71,0.720938,0.721133,0.00257614,-0.00277145,-0.0109375,-0.0137089,0.00272725,32
7/1/2024,Q2_2425,Trust MPS,Greenwich,0.7,0.720938,0.721133,0.00257614,-0.00277145,-0.0209375,-0.0237089,0.00272725,32
7/1/2024,Q2_2425,Trust MPS,Hackney,0.65,0.720938,0.721133,0.00257614,-0.00277145,-0.0709375,-0.0737089,0.00272725,32
7/1/2024,Q2_2425,Trust MPS,Hammersmith and Fulham,0.73,0.720938,0.721133,0.00257614,-0.00277145,0.0090625,0.00629105,0.00272725,32
7/1/2024,Q2_2425,Trust MPS,Haringey,0.64,0.720938,0.721133,0.00257614,-0.00277145,-0.0809375,-0.0837089,0.00272725,32
7/1/2024,Q2_2425,Trust MPS,Harrow,0.79,0.720938,0.721133,0.00257614,-0.00277145,0.0690625,0.0662911,0.00272725,32
7/1/2024,Q2_2425,Trust MPS,Havering,0.77,0.720938,0.721133,0.00257614,-0.00277145,0.0490625,0.0462911,0.00272725,32
7/1/2024,Q2_2425,Trust MPS,Hillingdon,0.78,0.720938,0.721133,0.00257614,-0.00277145,0.0590625,0.0562911,0.00272725,32
7/1/2024,Q2_2425,Trust MPS,Hounslow,0.77,0.720938,0.721133,0.00257614,-0.00277145,0.0490625,0.0462911,0.00272725,32
7/1/2024,Q2_2425,Trust MPS,Islington,0.65,0.720938,0.721133,0.00257614,-0.00277145,-0.0709375,-0.0737089,0.00272725,32
7/1/2024,Q2_2425,Trust MPS,Kensington and Chelsea,0.79,0.720938,0.721133,0.00257614,-0.00277145,0.0690625,0.0662911,0.00272725,32
7/1/2024,Q2_2425,Trust MPS,Kingston upon Thames,0.75,0.720938,0.721133,0.00257614,-0.00277145,0.0290625,0.0262911,0.00272725,32
7/1/2024,Q2_2425,Trust MPS,Lambeth,0.68,0.720938,0.721133,0.00257614,-0.00277145,-0.0409375,-0.0437089,0.00272725,32
7/1/2024,Q2_2425,Trust MPS,Lewisham,0.62,0.720938,0.721133,0.00257614,-0.00277145,-0.100938,-0.103709,0.00272725,32
7/1/2024,Q2_2425,Trust MPS,Merton,0.78,0.720938,0.721133,0.00257614,-0.00277145,0.0590625,0.0562911,0.00272725,32
7/1/2024,Q2_2425,Trust MPS,Newham,0.78,0.720938,0.721133,0.00257614,-0.00277145,0.0590625,0.0562911,0.00272725,32
7/1/2024,Q2_2425,Trust MPS,Redbridge,0.74,0.720938,0.721133,0.00257614,-0.00277145,0.0190625,0.0162911,0.00272725,32
7/1/2024,Q2_2425,Trust MPS,Richmond upon Thames,0.77,0.720938,0.721133,0.00257614,-0.00277145,0.0490625,0.0462911,0.00272725,32
7/1/2024,Q2_2425,Trust MPS,Southwark,0.66,0.720938,0.721133,0.00257614,-0.00277145,-0.0609375,-0.0637089,0.00272725,32
7/1/2024,Q2_2425,Trust MPS,Sutton,0.73,0.720938,0.721133,0.00257614,-0.00277145,0.0090625,0.00629105,0.00272725,32
7/1/2024,Q2_2425,Trust MPS,Tower Hamlets,0.7,0.720938,0.721133,0.00257614,-0.00277145,-0.0209375,-0.0237089,0.00272725,32
7/1/2024,Q2_2425,Trust MPS,Waltham Forest,0.64,0.720938,0.721133,0.00257614,-0.00277145,-0.0809375,-0.0837089,0.00272725,32
7/1/2024,Q2_2425,Trust MPS,Wandsworth,0.75,0.720938,0.721133,0.00257614,-0.00277145,0.0290625,0.0262911,0.00272725,32
7/1/2024,Q2_2425,Trust MPS,Westminster,0.81,0.720938,0.721133,0.00257614,-0.00277145,0.0890625,0.0862911,0.00272725,32
4/1/2024,Q1_2425,Fair treatment,Barking and Dagenham,0.64,0.619687,0.620742,-1.68E-05,-0.00103792,0.0203125,0.0192746,0.00392803,32
4/1/2024,Q1_2425,Fair treatment,Barnet,0.59,0.619687,0.620742,-1.68E-05,-0.00103792,-0.0296875,-0.0307254,0.00392803,32
4/1/2024,Q1_2425,Fair treatment,Bexley,0.72,0.619687,0.620742,-1.68E-05,-0.00103792,0.100313,0.0992746,0.00392803,32
4/1/2024,Q1_2425,Fair treatment,Brent,0.63,0.619687,0.620742,-1.68E-05,-0.00103792,0.0103125,0.00927458,0.00392803,32
4/1/2024,Q1_2425,Fair treatment,Bromley,0.58,0.619687,0.620742,-1.68E-05,-0.00103792,-0.0396875,-0.0407254,0.00392803,32
4/1/2024,Q1_2425,Fair treatment,Camden,0.55,0.619687,0.620742,-1.68E-05,-0.00103792,-0.0696875,-0.0707254,0.00392803,32
4/1/2024,Q1_2425,Fair treatment,Croydon,0.56,0.619687,0.620742,-1.68E-05,-0.00103792,-0.0596875,-0.0607254,0.00392803,32
4/1/2024,Q1_2425,Fair treatment,Ealing,0.58,0.619687,0.620742,-1.68E-05,-0.00103792,-0.0396875,-0.0407254,0.00392803,32
4/1/2024,Q1_2425,Fair treatment,Enfield,0.59,0.619687,0.620742,-1.68E-05,-0.00103792,-0.0296875,-0.0307254,0.00392803,32
4/1/2024,Q1_2425,Fair treatment,Greenwich,0.61,0.619687,0.620742,-1.68E-05,-0.00103792,-0.0096875,-0.0107254,0.00392803,32
4/1/2024,Q1_2425,Fair treatment,Hackney,0.52,0.619687,0.620742,-1.68E-05,-0.00103792,-0.0996875,-0.100725,0.00392803,32
4/1/2024,Q1_2425,Fair treatment,Hammersmith and Fulham,0.64,0.619687,0.620742,-1.68E-05,-0.00103792,0.0203125,0.0192746,0.00392803,32
4/1/2024,Q1_2425,Fair treatment,Haringey,0.51,0.619687,0.620742,-1.68E-05,-0.00103792,-0.109687,-0.110725,0.00392803,32
4/1/2024,Q1_2425,Fair treatment,Harrow,0.69,0.619687,0.620742,-1.68E-05,-0.00103792,0.0703125,0.0692746,0.00392803,32
4/1/2024,Q1_2425,Fair treatment,Havering,0.72,0.619687,0.620742,-1.68E-05,-0.00103792,0.100313,0.0992746,0.00392803,32
4/1/2024,Q1_2425,Fair treatment,Hillingdon,0.71,0.619687,0.620742,-1.68E-05,-0.00103792,0.0903125,0.0892746,0.00392803,32
4/1/2024,Q1_2425,Fair treatment,Hounslow,0.61,0.619687,0.620742,-1.68E-05,-0.00103792,-0.0096875,-0.0107254,0.00392803,32
4/1/2024,Q1_2425,Fair treatment,Islington,0.55,0.619687,0.620742,-1.68E-05,-0.00103792,-0.0696875,-0.0707254,0.00392803,32
4/1/2024,Q1_2425,Fair treatment,Kensington and Chelsea,0.72,0.619687,0.620742,-1.68E-05,-0.00103792,0.100313,0.0992746,0.00392803,32
4/1/2024,Q1_2425,Fair treatment,Kingston upon Thames,0.65,0.619687,0.620742,-1.68E-05,-0.00103792,0.0303125,0.0292746,0.00392803,32
4/1/2024,Q1_2425,Fair treatment,Lambeth,0.55,0.619687,0.620742,-1.68E-05,-0.00103792,-0.0696875,-0.0707254,0.00392803,32
4/1/2024,Q1_2425,Fair treatment,Lewisham,0.56,0.619687,0.620742,-1.68E-05,-0.00103792,-0.0596875,-0.0607254,0.00392803,32
4/1/2024,Q1_2425,Fair treatment,Merton,0.63,0.619687,0.620742,-1.68E-05,-0.00103792,0.0103125,0.00927458,0.00392803,32
4/1/2024,Q1_2425,Fair treatment,Newham,0.67,0.619687,0.620742,-1.68E-05,-0.00103792,0.0503125,0.0492746,0.00392803,32
4/1/2024,Q1_2425,Fair treatment,Redbridge,0.68,0.619687,0.620742,-1.68E-05,-0.00103792,0.0603125,0.0592746,0.00392803,32
4/1/2024,Q1_2425,Fair treatment,Richmond upon Thames,0.59,0.619687,0.620742,-1.68E-05,-0.00103792,-0.0296875,-0.0307254,0.00392803,32
4/1/2024,Q1_2425,Fair treatment,Southwark,0.56,0.619687,0.620742,-1.68E-05,-0.00103792,-0.0596875,-0.0607254,0.00392803,32
4/1/2024,Q1_2425,Fair treatment,Sutton,0.66,0.619687,0.620742,-1.68E-05,-0.00103792,0.0403125,0.0392746,0.00392803,32
4/1/2024,Q1_2425,Fair treatment,Tower Hamlets,0.69,0.619687,0.620742,-1.68E-05,-0.00103792,0.0703125,0.0692746,0.00392803,32
4/1/2024,Q1_2425,Fair treatment,Waltham Forest,0.54,0.619687,0.620742,-1.68E-05,-0.00103792,-0.0796875,-0.0807254,0.00392803,32
4/1/2024,Q1_2425,Fair treatment,Wandsworth,0.62,0.619687,0.620742,-1.68E-05,-0.00103792,0.0003125,-0.000725416,0.00392803,32
4/1/2024,Q1_2425,Fair treatment,Westminster,0.71,0.619687,0.620742,-1.68E-05,-0.00103792,0.0903125,0.0892746,0.00392803,32
4/1/2024,Q1_2425,Good job,Barking and Dagenham,0.43,0.476875,0.472305,-0.00105518,0.0056255,-0.046875,-0.0412495,0.00289023,32
4/1/2024,Q1_2425,Good job,Barnet,0.47,0.476875,0.472305,-0.00105518,0.0056255,-0.006875,-0.0012495,0.00289023,32
4/1/2024,Q1_2425,Good job,Bexley,0.54,0.476875,0.472305,-0.00105518,0.0056255,0.063125,0.0687505,0.00289023,32
4/1/2024,Q1_2425,Good job,Brent,0.48,0.476875,0.472305,-0.00105518,0.0056255,0.003125,0.0087505,0.00289023,32
4/1/2024,Q1_2425,Good job,Bromley,0.48,0.476875,0.472305,-0.00105518,0.0056255,0.003125,0.0087505,0.00289023,32
4/1/2024,Q1_2425,Good job,Camden,0.46,0.476875,0.472305,-0.00105518,0.0056255,-0.016875,-0.0112495,0.00289023,32
4/1/2024,Q1_2425,Good job,Croydon,0.42,0.476875,0.472305,-0.00105518,0.0056255,-0.056875,-0.0512495,0.00289023,32
4/1/2024,Q1_2425,Good job,Ealing,0.44,0.476875,0.472305,-0.00105518,0.0056255,-0.036875,-0.0312495,0.00289023,32
4/1/2024,Q1_2425,Good job,Enfield,0.45,0.476875,0.472305,-0.00105518,0.0056255,-0.026875,-0.0212495,0.00289023,32
4/1/2024,Q1_2425,Good job,Greenwich,0.5,0.476875,0.472305,-0.00105518,0.0056255,0.023125,0.0287505,0.00289023,32
4/1/2024,Q1_2425,Good job,Hackney,0.41,0.476875,0.472305,-0.00105518,0.0056255,-0.066875,-0.0612495,0.00289023,32
4/1/2024,Q1_2425,Good job,Hammersmith and Fulham,0.51,0.476875,0.472305,-0.00105518,0.0056255,0.033125,0.0387505,0.00289023,32
4/1/2024,Q1_2425,Good job,Haringey,0.41,0.476875,0.472305,-0.00105518,0.0056255,-0.066875,-0.0612495,0.00289023,32
4/1/2024,Q1_2425,Good job,Harrow,0.55,0.476875,0.472305,-0.00105518,0.0056255,0.073125,0.0787505,0.00289023,32
4/1/2024,Q1_2425,Good job,Havering,0.46,0.476875,0.472305,-0.00105518,0.0056255,-0.016875,-0.0112495,0.00289023,32
4/1/2024,Q1_2425,Good job,Hillingdon,0.54,0.476875,0.472305,-0.00105518,0.0056255,0.063125,0.0687505,0.00289023,32
4/1/2024,Q1_2425,Good job,Hounslow,0.46,0.476875,0.472305,-0.00105518,0.0056255,-0.016875,-0.0112495,0.00289023,32
4/1/2024,Q1_2425,Good job,Islington,0.43,0.476875,0.472305,-0.00105518,0.0056255,-0.046875,-0.0412495,0.00289023,32
4/1/2024,Q1_2425,Good job,Kensington and Chelsea,0.57,0.476875,0.472305,-0.00105518,0.0056255,0.093125,0.0987505,0.00289023,32
4/1/2024,Q1_2425,Good job,Kingston upon Thames,0.57,0.476875,0.472305,-0.00105518,0.0056255,0.093125,0.0987505,0.00289023,32
4/1/2024,Q1_2425,Good job,Lambeth,0.44,0.476875,0.472305,-0.00105518,0.0056255,-0.036875,-0.0312495,0.00289023,32
4/1/2024,Q1_2425,Good job,Lewisham,0.46,0.476875,0.472305,-0.00105518,0.0056255,-0.016875,-0.0112495,0.00289023,32
4/1/2024,Q1_2425,Good job,Merton,0.54,0.476875,0.472305,-0.00105518,0.0056255,0.063125,0.0687505,0.00289023,32
4/1/2024,Q1_2425,Good job,Newham,0.46,0.476875,0.472305,-0.00105518,0.0056255,-0.016875,-0.0112495,0.00289023,32
4/1/2024,Q1_2425,Good job,Redbridge,0.45,0.476875,0.472305,-0.00105518,0.0056255,-0.026875,-0.0212495,0.00289023,32
4/1/2024,Q1_2425,Good job,Richmond upon Thames,0.49,0.476875,0.472305,-0.00105518,0.0056255,0.013125,0.0187505,0.00289023,32
4/1/2024,Q1_2425,Good job,Southwark,0.4,0.476875,0.472305,-0.00105518,0.0056255,-0.076875,-0.0712495,0.00289023,32
4/1/2024,Q1_2425,Good job,Sutton,0.52,0.476875,0.472305,-0.00105518,0.0056255,0.043125,0.0487505,0.00289023,32
4/1/2024,Q1_2425,Good job,Tower Hamlets,0.45,0.476875,0.472305,-0.00105518,0.0056255,-0.026875,-0.0212495,0.00289023,32
4/1/2024,Q1_2425,Good job,Waltham Forest,0.37,0.476875,0.472305,-0.00105518,0.0056255,-0.106875,-0.10125,0.00289023,32
4/1/2024,Q1_2425,Good job,Wandsworth,0.51,0.476875,0.472305,-0.00105518,0.0056255,0.033125,0.0387505,0.00289023,32
4/1/2024,Q1_2425,Good job,Westminster,0.59,0.476875,0.472305,-0.00105518,0.0056255,0.113125,0.11875,0.00289023,32
4/1/2024,Q1_2425,Trust MPS,Barking and Dagenham,0.74,0.713125,0.711172,0.00190036,5.28E-05,0.026875,0.0269278,0.00343398,32
4/1/2024,Q1_2425,Trust MPS,Barnet,0.7,0.713125,0.711172,0.00190036,5.28E-05,-0.013125,-0.0130722,0.00343398,32
4/1/2024,Q1_2425,Trust MPS,Bexley,0.76,0.713125,0.711172,0.00190036,5.28E-05,0.046875,0.0469278,0.00343398,32
4/1/2024,Q1_2425,Trust MPS,Brent,0.74,0.713125,0.711172,0.00190036,5.28E-05,0.026875,0.0269278,0.00343398,32
4/1/2024,Q1_2425,Trust MPS,Bromley,0.73,0.713125,0.711172,0.00190036,5.28E-05,0.016875,0.0169278,0.00343398,32
4/1/2024,Q1_2425,Trust MPS,Camden,0.65,0.713125,0.711172,0.00190036,5.28E-05,-0.063125,-0.0630722,0.00343398,32
4/1/2024,Q1_2425,Trust MPS,Croydon,0.69,0.713125,0.711172,0.00190036,5.28E-05,-0.023125,-0.0230722,0.00343398,32
4/1/2024,Q1_2425,Trust MPS,Ealing,0.71,0.713125,0.711172,0.00190036,5.28E-05,-0.003125,-0.00307223,0.00343398,32
4/1/2024,Q1_2425,Trust MPS,Enfield,0.67,0.713125,0.711172,0.00190036,5.28E-05,-0.043125,-0.0430722,0.00343398,32
4/1/2024,Q1_2425,Trust MPS,Greenwich,0.69,0.713125,0.711172,0.00190036,5.28E-05,-0.023125,-0.0230722,0.00343398,32
4/1/2024,Q1_2425,Trust MPS,Hackney,0.65,0.713125,0.711172,0.00190036,5.28E-05,-0.063125,-0.0630722,0.00343398,32
4/1/2024,Q1_2425,Trust MPS,Hammersmith and Fulham,0.74,0.713125,0.711172,0.00190036,5.28E-05,0.026875,0.0269278,0.00343398,32
4/1/2024,Q1_2425,Trust MPS,Haringey,0.58,0.713125,0.711172,0.00190036,5.28E-05,-0.133125,-0.133072,0.00343398,32
4/1/2024,Q1_2425,Trust MPS,Harrow,0.78,0.713125,0.711172,0.00190036,5.28E-05,0.066875,0.0669278,0.00343398,32
4/1/2024,Q1_2425,Trust MPS,Havering,0.74,0.713125,0.711172,0.00190036,5.28E-05,0.026875,0.0269278,0.00343398,32
4/1/2024,Q1_2425,Trust MPS,Hillingdon,0.78,0.713125,0.711172,0.00190036,5.28E-05,0.066875,0.0669278,0.00343398,32
4/1/2024,Q1_2425,Trust MPS,Hounslow,0.76,0.713125,0.711172,0.00190036,5.28E-05,0.046875,0.0469278,0.00343398,32
4/1/2024,Q1_2425,Trust MPS,Islington,0.63,0.713125,0.711172,0.00190036,5.28E-05,-0.083125,-0.0830722,0.00343398,32
4/1/2024,Q1_2425,Trust MPS,Kensington and Chelsea,0.8,0.713125,0.711172,0.00190036,5.28E-05,0.086875,0.0869278,0.00343398,32
4/1/2024,Q1_2425,Trust MPS,Kingston upon Thames,0.73,0.713125,0.711172,0.00190036,5.28E-05,0.016875,0.0169278,0.00343398,32
4/1/2024,Q1_2425,Trust MPS,Lambeth,0.64,0.713125,0.711172,0.00190036,5.28E-05,-0.073125,-0.0730722,0.00343398,32
4/1/2024,Q1_2425,Trust MPS,Lewisham,0.63,0.713125,0.711172,0.00190036,5.28E-05,-0.083125,-0.0830722,0.00343398,32
4/1/2024,Q1_2425,Trust MPS,Merton,0.76,0.713125,0.711172,0.00190036,5.28E-05,0.046875,0.0469278,0.00343398,32
4/1/2024,Q1_2425,Trust MPS,Newham,0.79,0.713125,0.711172,0.00190036,5.28E-05,0.076875,0.0769278,0.00343398,32
4/1/2024,Q1_2425,Trust MPS,Redbridge,0.72,0.713125,0.711172,0.00190036,5.28E-05,0.006875,0.00692777,0.00343398,32
4/1/2024,Q1_2425,Trust MPS,Richmond upon Thames,0.7,0.713125,0.711172,0.00190036,5.28E-05,-0.013125,-0.0130722,0.00343398,32
4/1/2024,Q1_2425,Trust MPS,Southwark,0.65,0.713125,0.711172,0.00190036,5.28E-05,-0.063125,-0.0630722,0.00343398,32
4/1/2024,Q1_2425,Trust MPS,Sutton,0.76,0.713125,0.711172,0.00190036,5.28E-05,0.046875,0.0469278,0.00343398,32
4/1/2024,Q1_2425,Trust MPS,Tower Hamlets,0.74,0.713125,0.711172,0.00190036,5.28E-05,0.026875,0.0269278,0.00343398,32
4/1/2024,Q1_2425,Trust MPS,Waltham Forest,0.61,0.713125,0.711172,0.00190036,5.28E-05,-0.103125,-0.103072,0.00343398,32
4/1/2024,Q1_2425,Trust MPS,Wandsworth,0.73,0.713125,0.711172,0.00190036,5.28E-05,0.016875,0.0169278,0.00343398,32
4/1/2024,Q1_2425,Trust MPS,Westminster,0.82,0.713125,0.711172,0.00190036,5.28E-05,0.106875,0.106928,0.00343398,32
1/1/2024,Q4_2324,Fair treatment,Barking and Dagenham,0.65,0.614375,0.620195,-0.00136709,-0.00445322,0.035625,0.0311718,0.00493711,32
1/1/2024,Q4_2324,Fair treatment,Barnet,0.6,0.614375,0.620195,-0.00136709,-0.00445322,-0.014375,-0.0188282,0.00493711,32
1/1/2024,Q4_2324,Fair treatment,Bexley,0.72,0.614375,0.620195,-0.00136709,-0.00445322,0.105625,0.101172,0.00493711,32
1/1/2024,Q4_2324,Fair treatment,Brent,0.57,0.614375,0.620195,-0.00136709,-0.00445322,-0.044375,-0.0488282,0.00493711,32
1/1/2024,Q4_2324,Fair treatment,Bromley,0.59,0.614375,0.620195,-0.00136709,-0.00445322,-0.024375,-0.0288282,0.00493711,32
1/1/2024,Q4_2324,Fair treatment,Camden,0.53,0.614375,0.620195,-0.00136709,-0.00445322,-0.084375,-0.0888282,0.00493711,32
1/1/2024,Q4_2324,Fair treatment,Croydon,0.57,0.614375,0.620195,-0.00136709,-0.00445322,-0.044375,-0.0488282,0.00493711,32
1/1/2024,Q4_2324,Fair treatment,Ealing,0.62,0.614375,0.620195,-0.00136709,-0.00445322,0.005625,0.00117178,0.00493711,32
1/1/2024,Q4_2324,Fair treatment,Enfield,0.63,0.614375,0.620195,-0.00136709,-0.00445322,0.015625,0.0111718,0.00493711,32
1/1/2024,Q4_2324,Fair treatment,Greenwich,0.59,0.614375,0.620195,-0.00136709,-0.00445322,-0.024375,-0.0288282,0.00493711,32
1/1/2024,Q4_2324,Fair treatment,Hackney,0.47,0.614375,0.620195,-0.00136709,-0.00445322,-0.144375,-0.148828,0.00493711,32
1/1/2024,Q4_2324,Fair treatment,Hammersmith and Fulham,0.63,0.614375,0.620195,-0.00136709,-0.00445322,0.015625,0.0111718,0.00493711,32
1/1/2024,Q4_2324,Fair treatment,Haringey,0.52,0.614375,0.620195,-0.00136709,-0.00445322,-0.094375,-0.0988282,0.00493711,32
1/1/2024,Q4_2324,Fair treatment,Harrow,0.72,0.614375,0.620195,-0.00136709,-0.00445322,0.105625,0.101172,0.00493711,32
1/1/2024,Q4_2324,Fair treatment,Havering,0.72,0.614375,0.620195,-0.00136709,-0.00445322,0.105625,0.101172,0.00493711,32
1/1/2024,Q4_2324,Fair treatment,Hillingdon,0.73,0.614375,0.620195,-0.00136709,-0.00445322,0.115625,0.111172,0.00493711,32
1/1/2024,Q4_2324,Fair treatment,Hounslow,0.6,0.614375,0.620195,-0.00136709,-0.00445322,-0.014375,-0.0188282,0.00493711,32
1/1/2024,Q4_2324,Fair treatment,Islington,0.53,0.614375,0.620195,-0.00136709,-0.00445322,-0.084375,-0.0888282,0.00493711,32
1/1/2024,Q4_2324,Fair treatment,Kensington and Chelsea,0.73,0.614375,0.620195,-0.00136709,-0.00445322,0.115625,0.111172,0.00493711,32
1/1/2024,Q4_2324,Fair treatment,Kingston upon Thames,0.62,0.614375,0.620195,-0.00136709,-0.00445322,0.005625,0.00117178,0.00493711,32
1/1/2024,Q4_2324,Fair treatment,Lambeth,0.55,0.614375,0.620195,-0.00136709,-0.00445322,-0.064375,-0.0688282,0.00493711,32
1/1/2024,Q4_2324,Fair treatment,Lewisham,0.53,0.614375,0.620195,-0.00136709,-0.00445322,-0.084375,-0.0888282,0.00493711,32
1/1/2024,Q4_2324,Fair treatment,Merton,0.63,0.614375,0.620195,-0.00136709,-0.00445322,0.015625,0.0111718,0.00493711,32
1/1/2024,Q4_2324,Fair treatment,Newham,0.66,0.614375,0.620195,-0.00136709,-0.00445322,0.045625,0.0411718,0.00493711,32
1/1/2024,Q4_2324,Fair treatment,Redbridge,0.67,0.614375,0.620195,-0.00136709,-0.00445322,0.055625,0.0511718,0.00493711,32
1/1/2024,Q4_2324,Fair treatment,Richmond upon Thames,0.59,0.614375,0.620195,-0.00136709,-0.00445322,-0.024375,-0.0288282,0.00493711,32
1/1/2024,Q4_2324,Fair treatment,Southwark,0.53,0.614375,0.620195,-0.00136709,-0.00445322,-0.084375,-0.0888282,0.00493711,32
1/1/2024,Q4_2324,Fair treatment,Sutton,0.69,0.614375,0.620195,-0.00136709,-0.00445322,0.075625,0.0711718,0.00493711,32
1/1/2024,Q4_2324,Fair treatment,Tower Hamlets,0.65,0.614375,0.620195,-0.00136709,-0.00445322,0.035625,0.0311718,0.00493711,32
1/1/2024,Q4_2324,Fair treatment,Waltham Forest,0.53,0.614375,0.620195,-0.00136709,-0.00445322,-0.084375,-0.0888282,0.00493711,32
1/1/2024,Q4_2324,Fair treatment,Wandsworth,0.59,0.614375,0.620195,-0.00136709,-0.00445322,-0.024375,-0.0288282,0.00493711,32
1/1/2024,Q4_2324,Fair treatment,Westminster,0.7,0.614375,0.620195,-0.00136709,-0.00445322,0.085625,0.0811718,0.00493711,32
1/1/2024,Q4_2324,Good job,Barking and Dagenham,0.48,0.477812,0.476523,0.000292591,0.000996471,0.0021875,0.00318397,0.00306084,32
1/1/2024,Q4_2324,Good job,Barnet,0.48,0.477812,0.476523,0.000292591,0.000996471,0.0021875,0.00318397,0.00306084,32
1/1/2024,Q4_2324,Good job,Bexley,0.55,0.477812,0.476523,0.000292591,0.000996471,0.0721875,0.073184,0.00306084,32
1/1/2024,Q4_2324,Good job,Brent,0.46,0.477812,0.476523,0.000292591,0.000996471,-0.0178125,-0.016816,0.00306084,32
1/1/2024,Q4_2324,Good job,Bromley,0.5,0.477812,0.476523,0.000292591,0.000996471,0.0221875,0.023184,0.00306084,32
1/1/2024,Q4_2324,Good job,Camden,0.48,0.477812,0.476523,0.000292591,0.000996471,0.0021875,0.00318397,0.00306084,32
1/1/2024,Q4_2324,Good job,Croydon,0.41,0.477812,0.476523,0.000292591,0.000996471,-0.0678125,-0.066816,0.00306084,32
1/1/2024,Q4_2324,Good job,Ealing,0.47,0.477812,0.476523,0.000292591,0.000996471,-0.0078125,-0.00681603,0.00306084,32
1/1/2024,Q4_2324,Good job,Enfield,0.45,0.477812,0.476523,0.000292591,0.000996471,-0.0278125,-0.026816,0.00306084,32
1/1/2024,Q4_2324,Good job,Greenwich,0.46,0.477812,0.476523,0.000292591,0.000996471,-0.0178125,-0.016816,0.00306084,32
1/1/2024,Q4_2324,Good job,Hackney,0.41,0.477812,0.476523,0.000292591,0.000996471,-0.0678125,-0.066816,0.00306084,32
1/1/2024,Q4_2324,Good job,Hammersmith and Fulham,0.54,0.477812,0.476523,0.000292591,0.000996471,0.0621875,0.063184,0.00306084,32
1/1/2024,Q4_2324,Good job,Haringey,0.41,0.477812,0.476523,0.000292591,0.000996471,-0.0678125,-0.066816,0.00306084,32
1/1/2024,Q4_2324,Good job,Harrow,0.56,0.477812,0.476523,0.000292591,0.000996471,0.0821875,0.083184,0.00306084,32
1/1/2024,Q4_2324,Good job,Havering,0.48,0.477812,0.476523,0.000292591,0.000996471,0.0021875,0.00318397,0.00306084,32
1/1/2024,Q4_2324,Good job,Hillingdon,0.53,0.477812,0.476523,0.000292591,0.000996471,0.0521875,0.053184,0.00306084,32
1/1/2024,Q4_2324,Good job,Hounslow,0.44,0.477812,0.476523,0.000292591,0.000996471,-0.0378125,-0.036816,0.00306084,32
1/1/2024,Q4_2324,Good job,Islington,0.41,0.477812,0.476523,0.000292591,0.000996471,-0.0678125,-0.066816,0.00306084,32
1/1/2024,Q4_2324,Good job,Kensington and Chelsea,0.59,0.477812,0.476523,0.000292591,0.000996471,0.112187,0.113184,0.00306084,32
1/1/2024,Q4_2324,Good job,Kingston upon Thames,0.54,0.477812,0.476523,0.000292591,0.000996471,0.0621875,0.063184,0.00306084,32
1/1/2024,Q4_2324,Good job,Lambeth,0.45,0.477812,0.476523,0.000292591,0.000996471,-0.0278125,-0.026816,0.00306084,32
1/1/2024,Q4_2324,Good job,Lewisham,0.46,0.477812,0.476523,0.000292591,0.000996471,-0.0178125,-0.016816,0.00306084,32
1/1/2024,Q4_2324,Good job,Merton,0.53,0.477812,0.476523,0.000292591,0.000996471,0.0521875,0.053184,0.00306084,32
1/1/2024,Q4_2324,Good job,Newham,0.45,0.477812,0.476523,0.000292591,0.000996471,-0.0278125,-0.026816,0.00306084,32
1/1/2024,Q4_2324,Good job,Redbridge,0.44,0.477812,0.476523,0.000292591,0.000996471,-0.0378125,-0.036816,0.00306084,32
1/1/2024,Q4_2324,Good job,Richmond upon Thames,0.5,0.477812,0.476523,0.000292591,0.000996471,0.0221875,0.023184,0.00306084,32
1/1/2024,Q4_2324,Good job,Southwark,0.42,0.477812,0.476523,0.000292591,0.000996471,-0.0578125,-0.056816,0.00306084,32
1/1/2024,Q4_2324,Good job,Sutton,0.51,0.477812,0.476523,0.000292591,0.000996471,0.0321875,0.033184,0.00306084,32
1/1/2024,Q4_2324,Good job,Tower Hamlets,0.44,0.477812,0.476523,0.000292591,0.000996471,-0.0378125,-0.036816,0.00306084,32
1/1/2024,Q4_2324,Good job,Waltham Forest,0.36,0.477812,0.476523,0.000292591,0.000996471,-0.117812,-0.116816,0.00306084,32
1/1/2024,Q4_2324,Good job,Wandsworth,0.48,0.477812,0.476523,0.000292591,0.000996471,0.0021875,0.00318397,0.00306084,32
1/1/2024,Q4_2324,Good job,Westminster,0.6,0.477812,0.476523,0.000292591,0.000996471,0.122188,0.123184,0.00306084,32
1/1/2024,Q4_2324,Trust MPS,Barking and Dagenham,0.74,0.699063,0.703398,-0.00355419,-0.000781747,0.0409375,0.0401558,0.00398975,32
1/1/2024,Q4_2324,Trust MPS,Barnet,0.69,0.699063,0.703398,-0.00355419,-0.000781747,-0.0090625,-0.00984425,0.00398975,32
1/1/2024,Q4_2324,Trust MPS,Bexley,0.76,0.699063,0.703398,-0.00355419,-0.000781747,0.0609375,0.0601558,0.00398975,32
1/1/2024,Q4_2324,Trust MPS,Brent,0.73,0.699063,0.703398,-0.00355419,-0.000781747,0.0309375,0.0301558,0.00398975,32
1/1/2024,Q4_2324,Trust MPS,Bromley,0.69,0.699063,0.703398,-0.00355419,-0.000781747,-0.0090625,-0.00984425,0.00398975,32
1/1/2024,Q4_2324,Trust MPS,Camden,0.67,0.699063,0.703398,-0.00355419,-0.000781747,-0.0290625,-0.0298442,0.00398975,32
1/1/2024,Q4_2324,Trust MPS,Croydon,0.7,0.699063,0.703398,-0.00355419,-0.000781747,0.0009375,0.000155753,0.00398975,32
1/1/2024,Q4_2324,Trust MPS,Ealing,0.73,0.699063,0.703398,-0.00355419,-0.000781747,0.0309375,0.0301558,0.00398975,32
1/1/2024,Q4_2324,Trust MPS,Enfield,0.67,0.699063,0.703398,-0.00355419,-0.000781747,-0.0290625,-0.0298442,0.00398975,32
1/1/2024,Q4_2324,Trust MPS,Greenwich,0.65,0.699063,0.703398,-0.00355419,-0.000781747,-0.0490625,-0.0498442,0.00398975,32
1/1/2024,Q4_2324,Trust MPS,Hackney,0.59,0.699063,0.703398,-0.00355419,-0.000781747,-0.109063,-0.109844,0.00398975,32
1/1/2024,Q4_2324,Trust MPS,Hammersmith and Fulham,0.73,0.699063,0.703398,-0.00355419,-0.000781747,0.0309375,0.0301558,0.00398975,32
1/1/2024,Q4_2324,Trust MPS,Haringey,0.57,0.699063,0.703398,-0.00355419,-0.000781747,-0.129063,-0.129844,0.00398975,32
1/1/2024,Q4_2324,Trust MPS,Harrow,0.78,0.699063,0.703398,-0.00355419,-0.000781747,0.0809375,0.0801558,0.00398975,32
1/1/2024,Q4_2324,Trust MPS,Havering,0.74,0.699063,0.703398,-0.00355419,-0.000781747,0.0409375,0.0401558,0.00398975,32
1/1/2024,Q4_2324,Trust MPS,Hillingdon,0.78,0.699063,0.703398,-0.00355419,-0.000781747,0.0809375,0.0801558,0.00398975,32
1/1/2024,Q4_2324,Trust MPS,Hounslow,0.75,0.699063,0.703398,-0.00355419,-0.000781747,0.0509375,0.0501558,0.00398975,32
1/1/2024,Q4_2324,Trust MPS,Islington,0.62,0.699063,0.703398,-0.00355419,-0.000781747,-0.0790625,-0.0798442,0.00398975,32
1/1/2024,Q4_2324,Trust MPS,Kensington and Chelsea,0.8,0.699063,0.703398,-0.00355419,-0.000781747,0.100938,0.100156,0.00398975,32
1/1/2024,Q4_2324,Trust MPS,Kingston upon Thames,0.71,0.699063,0.703398,-0.00355419,-0.000781747,0.0109375,0.0101558,0.00398975,32
1/1/2024,Q4_2324,Trust MPS,Lambeth,0.64,0.699063,0.703398,-0.00355419,-0.000781747,-0.0590625,-0.0598442,0.00398975,32
1/1/2024,Q4_2324,Trust MPS,Lewisham,0.59,0.699063,0.703398,-0.00355419,-0.000781747,-0.109063,-0.109844,0.00398975,32
1/1/2024,Q4_2324,Trust MPS,Merton,0.75,0.699063,0.703398,-0.00355419,-0.000781747,0.0509375,0.0501558,0.00398975,32
1/1/2024,Q4_2324,Trust MPS,Newham,0.73,0.699063,0.703398,-0.00355419,-0.000781747,0.0309375,0.0301558,0.00398975,32
1/1/2024,Q4_2324,Trust MPS,Redbridge,0.67,0.699063,0.703398,-0.00355419,-0.000781747,-0.0290625,-0.0298442,0.00398975,32
1/1/2024,Q4_2324,Trust MPS,Richmond upon Thames,0.69,0.699063,0.703398,-0.00355419,-0.000781747,-0.0090625,-0.00984425,0.00398975,32
1/1/2024,Q4_2324,Trust MPS,Southwark,0.65,0.699063,0.703398,-0.00355419,-0.000781747,-0.0490625,-0.0498442,0.00398975,32
1/1/2024,Q4_2324,Trust MPS,Sutton,0.77,0.699063,0.703398,-0.00355419,-0.000781747,0.0709375,0.0701558,0.00398975,32
1/1/2024,Q4_2324,Trust MPS,Tower Hamlets,0.72,0.699063,0.703398,-0.00355419,-0.000781747,0.0209375,0.0201558,0.00398975,32
1/1/2024,Q4_2324,Trust MPS,Waltham Forest,0.57,0.699063,0.703398,-0.00355419,-0.000781747,-0.129063,-0.129844,0.00398975,32
1/1/2024,Q4_2324,Trust MPS,Wandsworth,0.7,0.699063,0.703398,-0.00355419,-0.000781747,0.0009375,0.000155753,0.00398975,32
1/1/2024,Q4_2324,Trust MPS,Westminster,0.79,0.699063,0.703398,-0.00355419,-0.000781747,0.0909375,0.0901558,0.00398975,32
10/1/2023,Q3_2324,Fair treatment,Barking and Dagenham,0.63,0.620625,0.622578,-2.69E-05,-0.0019262,0.009375,0.0074488,0.00631211,32
10/1/2023,Q3_2324,Fair treatment,Barnet,0.6,0.620625,0.622578,-2.69E-05,-0.0019262,-0.020625,-0.0225512,0.00631211,32
10/1/2023,Q3_2324,Fair treatment,Bexley,0.71,0.620625,0.622578,-2.69E-05,-0.0019262,0.089375,0.0874488,0.00631211,32
10/1/2023,Q3_2324,Fair treatment,Brent,0.64,0.620625,0.622578,-2.69E-05,-0.0019262,0.019375,0.0174488,0.00631211,32
10/1/2023,Q3_2324,Fair treatment,Bromley,0.6,0.620625,0.622578,-2.69E-05,-0.0019262,-0.020625,-0.0225512,0.00631211,32
10/1/2023,Q3_2324,Fair treatment,Camden,0.52,0.620625,0.622578,-2.69E-05,-0.0019262,-0.100625,-0.102551,0.00631211,32
10/1/2023,Q3_2324,Fair treatment,Croydon,0.55,0.620625,0.622578,-2.69E-05,-0.0019262,-0.070625,-0.0725512,0.00631211,32
10/1/2023,Q3_2324,Fair treatment,Ealing,0.68,0.620625,0.622578,-2.69E-05,-0.0019262,0.059375,0.0574488,0.00631211,32
10/1/2023,Q3_2324,Fair treatment,Enfield,0.62,0.620625,0.622578,-2.69E-05,-0.0019262,-0.000625,-0.0025512,0.00631211,32
10/1/2023,Q3_2324,Fair treatment,Greenwich,0.61,0.620625,0.622578,-2.69E-05,-0.0019262,-0.010625,-0.0125512,0.00631211,32
10/1/2023,Q3_2324,Fair treatment,Hackney,0.5,0.620625,0.622578,-2.69E-05,-0.0019262,-0.120625,-0.122551,0.00631211,32
10/1/2023,Q3_2324,Fair treatment,Hammersmith and Fulham,0.61,0.620625,0.622578,-2.69E-05,-0.0019262,-0.010625,-0.0125512,0.00631211,32
10/1/2023,Q3_2324,Fair treatment,Haringey,0.53,0.620625,0.622578,-2.69E-05,-0.0019262,-0.090625,-0.0925512,0.00631211,32
10/1/2023,Q3_2324,Fair treatment,Harrow,0.78,0.620625,0.622578,-2.69E-05,-0.0019262,0.159375,0.157449,0.00631211,32
10/1/2023,Q3_2324,Fair treatment,Havering,0.71,0.620625,0.622578,-2.69E-05,-0.0019262,0.089375,0.0874488,0.00631211,32
10/1/2023,Q3_2324,Fair treatment,Hillingdon,0.77,0.620625,0.622578,-2.69E-05,-0.0019262,0.149375,0.147449,0.00631211,32
10/1/2023,Q3_2324,Fair treatment,Hounslow,0.67,0.620625,0.622578,-2.69E-05,-0.0019262,0.049375,0.0474488,0.00631211,32
10/1/2023,Q3_2324,Fair treatment,Islington,0.52,0.620625,0.622578,-2.69E-05,-0.0019262,-0.100625,-0.102551,0.00631211,32
10/1/2023,Q3_2324,Fair treatment,Kensington and Chelsea,0.75,0.620625,0.622578,-2.69E-05,-0.0019262,0.129375,0.127449,0.00631211,32
10/1/2023,Q3_2324,Fair treatment,Kingston upon Thames,0.62,0.620625,0.622578,-2.69E-05,-0.0019262,-0.000625,-0.0025512,0.00631211,32
10/1/2023,Q3_2324,Fair treatment,Lambeth,0.55,0.620625,0.622578,-2.69E-05,-0.0019262,-0.070625,-0.0725512,0.00631211,32
10/1/2023,Q3_2324,Fair treatment,Lewisham,0.5,0.620625,0.622578,-2.69E-05,-0.0019262,-0.120625,-0.122551,0.00631211,32
10/1/2023,Q3_2324,Fair treatment,Merton,0.65,0.620625,0.622578,-2.69E-05,-0.0019262,0.029375,0.0274488,0.00631211,32
10/1/2023,Q3_2324,Fair treatment,Newham,0.65,0.620625,0.622578,-2.69E-05,-0.0019262,0.029375,0.0274488,0.00631211,32
10/1/2023,Q3_2324,Fair treatment,Redbridge,0.64,0.620625,0.622578,-2.69E-05,-0.0019262,0.019375,0.0174488,0.00631211,32
10/1/2023,Q3_2324,Fair treatment,Richmond upon Thames,0.57,0.620625,0.622578,-2.69E-05,-0.0019262,-0.050625,-0.0525512,0.00631211,32
10/1/2023,Q3_2324,Fair treatment,Southwark,0.5,0.620625,0.622578,-2.69E-05,-0.0019262,-0.120625,-0.122551,0.00631211,32
10/1/2023,Q3_2324,Fair treatment,Sutton,0.72,0.620625,0.622578,-2.69E-05,-0.0019262,0.099375,0.0974488,0.00631211,32
10/1/2023,Q3_2324,Fair treatment,Tower Hamlets,0.64,0.620625,0.622578,-2.69E-05,-0.0019262,0.019375,0.0174488,0.00631211,32
10/1/2023,Q3_2324,Fair treatment,Waltham Forest,0.54,0.620625,0.622578,-2.69E-05,-0.0019262,-0.080625,-0.0825512,0.00631211,32
10/1/2023,Q3_2324,Fair treatment,Wandsworth,0.57,0.620625,0.622578,-2.69E-05,-0.0019262,-0.050625,-0.0525512,0.00631211,32
10/1/2023,Q3_2324,Fair treatment,Westminster,0.71,0.620625,0.622578,-2.69E-05,-0.0019262,0.089375,0.0874488,0.00631211,32
10/1/2023,Q3_2324,Good job,Barking and Dagenham,0.48,0.479375,0.479805,0.000660104,-0.00108979,0.000625,-0.000464792,0.00359336,32
10/1/2023,Q3_2324,Good job,Barnet,0.47,0.479375,0.479805,0.000660104,-0.00108979,-0.009375,-0.0104648,0.00359336,32
10/1/2023,Q3_2324,Good job,Bexley,0.54,0.479375,0.479805,0.000660104,-0.00108979,0.060625,0.0595352,0.00359336,32
10/1/2023,Q3_2324,Good job,Brent,0.49,0.479375,0.479805,0.000660104,-0.00108979,0.010625,0.00953521,0.00359336,32
10/1/2023,Q3_2324,Good job,Bromley,0.51,0.479375,0.479805,0.000660104,-0.00108979,0.030625,0.0295352,0.00359336,32
10/1/2023,Q3_2324,Good job,Camden,0.48,0.479375,0.479805,0.000660104,-0.00108979,0.000625,-0.000464792,0.00359336,32
10/1/2023,Q3_2324,Good job,Croydon,0.38,0.479375,0.479805,0.000660104,-0.00108979,-0.099375,-0.100465,0.00359336,32
10/1/2023,Q3_2324,Good job,Ealing,0.48,0.479375,0.479805,0.000660104,-0.00108979,0.000625,-0.000464792,0.00359336,32
10/1/2023,Q3_2324,Good job,Enfield,0.42,0.479375,0.479805,0.000660104,-0.00108979,-0.059375,-0.0604648,0.00359336,32
10/1/2023,Q3_2324,Good job,Greenwich,0.47,0.479375,0.479805,0.000660104,-0.00108979,-0.009375,-0.0104648,0.00359336,32
10/1/2023,Q3_2324,Good job,Hackney,0.41,0.479375,0.479805,0.000660104,-0.00108979,-0.069375,-0.0704648,0.00359336,32
10/1/2023,Q3_2324,Good job,Hammersmith and Fulham,0.51,0.479375,0.479805,0.000660104,-0.00108979,0.030625,0.0295352,0.00359336,32
10/1/2023,Q3_2324,Good job,Haringey,0.4,0.479375,0.479805,0.000660104,-0.00108979,-0.079375,-0.0804648,0.00359336,32
10/1/2023,Q3_2324,Good job,Harrow,0.61,0.479375,0.479805,0.000660104,-0.00108979,0.130625,0.129535,0.00359336,32
10/1/2023,Q3_2324,Good job,Havering,0.48,0.479375,0.479805,0.000660104,-0.00108979,0.000625,-0.000464792,0.00359336,32
10/1/2023,Q3_2324,Good job,Hillingdon,0.57,0.479375,0.479805,0.000660104,-0.00108979,0.090625,0.0895352,0.00359336,32
10/1/2023,Q3_2324,Good job,Hounslow,0.46,0.479375,0.479805,0.000660104,-0.00108979,-0.019375,-0.0204648,0.00359336,32
10/1/2023,Q3_2324,Good job,Islington,0.42,0.479375,0.479805,0.000660104,-0.00108979,-0.059375,-0.0604648,0.00359336,32
10/1/2023,Q3_2324,Good job,Kensington and Chelsea,0.61,0.479375,0.479805,0.000660104,-0.00108979,0.130625,0.129535,0.00359336,32
10/1/2023,Q3_2324,Good job,Kingston upon Thames,0.51,0.479375,0.479805,0.000660104,-0.00108979,0.030625,0.0295352,0.00359336,32
10/1/2023,Q3_2324,Good job,Lambeth,0.46,0.479375,0.479805,0.000660104,-0.00108979,-0.019375,-0.0204648,0.00359336,32
10/1/2023,Q3_2324,Good job,Lewisham,0.45,0.479375,0.479805,0.000660104,-0.00108979,-0.029375,-0.0304648,0.00359336,32
10/1/2023,Q3_2324,Good job,Merton,0.51,0.479375,0.479805,0.000660104,-0.00108979,0.030625,0.0295352,0.00359336,32
10/1/2023,Q3_2324,Good job,Newham,0.46,0.479375,0.479805,0.000660104,-0.00108979,-0.019375,-0.0204648,0.00359336,32
10/1/2023,Q3_2324,Good job,Redbridge,0.44,0.479375,0.479805,0.000660104,-0.00108979,-0.039375,-0.0404648,0.00359336,32
10/1/2023,Q3_2324,Good job,Richmond upon Thames,0.49,0.479375,0.479805,0.000660104,-0.00108979,0.010625,0.00953521,0.00359336,32
10/1/2023,Q3_2324,Good job,Southwark,0.42,0.479375,0.479805,0.000660104,-0.00108979,-0.059375,-0.0604648,0.00359336,32
10/1/2023,Q3_2324,Good job,Sutton,0.52,0.479375,0.479805,0.000660104,-0.00108979,0.040625,0.0395352,0.00359336,32
10/1/2023,Q3_2324,Good job,Tower Hamlets,0.42,0.479375,0.479805,0.000660104,-0.00108979,-0.059375,-0.0604648,0.00359336,32
10/1/2023,Q3_2324,Good job,Waltham Forest,0.38,0.479375,0.479805,0.000660104,-0.00108979,-0.099375,-0.100465,0.00359336,32
10/1/2023,Q3_2324,Good job,Wandsworth,0.49,0.479375,0.479805,0.000660104,-0.00108979,0.010625,0.00953521,0.00359336,32
10/1/2023,Q3_2324,Good job,Westminster,0.6,0.479375,0.479805,0.000660104,-0.00108979,0.120625,0.119535,0.00359336,32
10/1/2023,Q3_2324,Trust MPS,Barking and Dagenham,0.71,0.6925,0.698906,-0.000922301,-0.00548395,0.0175,0.0120161,0.004475,32
10/1/2023,Q3_2324,Trust MPS,Barnet,0.7,0.6925,0.698906,-0.000922301,-0.00548395,0.0075,0.00201605,0.004475,32
10/1/2023,Q3_2324,Trust MPS,Bexley,0.74,0.6925,0.698906,-0.000922301,-0.00548395,0.0475,0.0420161,0.004475,32
10/1/2023,Q3_2324,Trust MPS,Brent,0.75,0.6925,0.698906,-0.000922301,-0.00548395,0.0575,0.0520161,0.004475,32
10/1/2023,Q3_2324,Trust MPS,Bromley,0.68,0.6925,0.698906,-0.000922301,-0.00548395,-0.0125,-0.0179839,0.004475,32
10/1/2023,Q3_2324,Trust MPS,Camden,0.66,0.6925,0.698906,-0.000922301,-0.00548395,-0.0325,-0.0379839,0.004475,32
10/1/2023,Q3_2324,Trust MPS,Croydon,0.65,0.6925,0.698906,-0.000922301,-0.00548395,-0.0425,-0.0479839,0.004475,32
10/1/2023,Q3_2324,Trust MPS,Ealing,0.76,0.6925,0.698906,-0.000922301,-0.00548395,0.0675,0.0620161,0.004475,32
10/1/2023,Q3_2324,Trust MPS,Enfield,0.66,0.6925,0.698906,-0.000922301,-0.00548395,-0.0325,-0.0379839,0.004475,32
10/1/2023,Q3_2324,Trust MPS,Greenwich,0.68,0.6925,0.698906,-0.000922301,-0.00548395,-0.0125,-0.0179839,0.004475,32
10/1/2023,Q3_2324,Trust MPS,Hackney,0.59,0.6925,0.698906,-0.000922301,-0.00548395,-0.1025,-0.107984,0.004475,32
10/1/2023,Q3_2324,Trust MPS,Hammersmith and Fulham,0.7,0.6925,0.698906,-0.000922301,-0.00548395,0.0075,0.00201605,0.004475,32
10/1/2023,Q3_2324,Trust MPS,Haringey,0.59,0.6925,0.698906,-0.000922301,-0.00548395,-0.1025,-0.107984,0.004475,32
10/1/2023,Q3_2324,Trust MPS,Harrow,0.82,0.6925,0.698906,-0.000922301,-0.00548395,0.1275,0.122016,0.004475,32
10/1/2023,Q3_2324,Trust MPS,Havering,0.73,0.6925,0.698906,-0.000922301,-0.00548395,0.0375,0.0320161,0.004475,32
10/1/2023,Q3_2324,Trust MPS,Hillingdon,0.79,0.6925,0.698906,-0.000922301,-0.00548395,0.0975,0.0920161,0.004475,32
10/1/2023,Q3_2324,Trust MPS,Hounslow,0.74,0.6925,0.698906,-0.000922301,-0.00548395,0.0475,0.0420161,0.004475,32
10/1/2023,Q3_2324,Trust MPS,Islington,0.61,0.6925,0.698906,-0.000922301,-0.00548395,-0.0825,-0.0879839,0.004475,32
10/1/2023,Q3_2324,Trust MPS,Kensington and Chelsea,0.8,0.6925,0.698906,-0.000922301,-0.00548395,0.1075,0.102016,0.004475,32
10/1/2023,Q3_2324,Trust MPS,Kingston upon Thames,0.72,0.6925,0.698906,-0.000922301,-0.00548395,0.0275,0.0220161,0.004475,32
10/1/2023,Q3_2324,Trust MPS,Lambeth,0.63,0.6925,0.698906,-0.000922301,-0.00548395,-0.0625,-0.0679839,0.004475,32
10/1/2023,Q3_2324,Trust MPS,Lewisham,0.56,0.6925,0.698906,-0.000922301,-0.00548395,-0.1325,-0.137984,0.004475,32
10/1/2023,Q3_2324,Trust MPS,Merton,0.73,0.6925,0.698906,-0.000922301,-0.00548395,0.0375,0.0320161,0.004475,32
10/1/2023,Q3_2324,Trust MPS,Newham,0.71,0.6925,0.698906,-0.000922301,-0.00548395,0.0175,0.0120161,0.004475,32
10/1/2023,Q3_2324,Trust MPS,Redbridge,0.64,0.6925,0.698906,-0.000922301,-0.00548395,-0.0525,-0.0579839,0.004475,32
10/1/2023,Q3_2324,Trust MPS,Richmond upon Thames,0.66,0.6925,0.698906,-0.000922301,-0.00548395,-0.0325,-0.0379839,0.004475,32
10/1/2023,Q3_2324,Trust MPS,Southwark,0.63,0.6925,0.698906,-0.000922301,-0.00548395,-0.0625,-0.0679839,0.004475,32
10/1/2023,Q3_2324,Trust MPS,Sutton,0.76,0.6925,0.698906,-0.000922301,-0.00548395,0.0675,0.0620161,0.004475,32
10/1/2023,Q3_2324,Trust MPS,Tower Hamlets,0.72,0.6925,0.698906,-0.000922301,-0.00548395,0.0275,0.0220161,0.004475,32
10/1/2023,Q3_2324,Trust MPS,Waltham Forest,0.57,0.6925,0.698906,-0.000922301,-0.00548395,-0.1225,-0.127984,0.004475,32
10/1/2023,Q3_2324,Trust MPS,Wandsworth,0.69,0.6925,0.698906,-0.000922301,-0.00548395,-0.0025,-0.00798395,0.004475,32
10/1/2023,Q3_2324,Trust MPS,Westminster,0.78,0.6925,0.698906,-0.000922301,-0.00548395,0.0875,0.0820161,0.004475,32
7/1/2023,Q2_2324,Fair treatment,Barking and Dagenham,0.63,0.63,0.627305,0.00141079,0.00128453,0,0.00128453,0.00760625,32
7/1/2023,Q2_2324,Fair treatment,Barnet,0.67,0.63,0.627305,0.00141079,0.00128453,0.04,0.0412845,0.00760625,32
7/1/2023,Q2_2324,Fair treatment,Bexley,0.72,0.63,0.627305,0.00141079,0.00128453,0.09,0.0912845,0.00760625,32
7/1/2023,Q2_2324,Fair treatment,Brent,0.67,0.63,0.627305,0.00141079,0.00128453,0.04,0.0412845,0.00760625,32
7/1/2023,Q2_2324,Fair treatment,Bromley,0.64,0.63,0.627305,0.00141079,0.00128453,0.01,0.0112845,0.00760625,32
7/1/2023,Q2_2324,Fair treatment,Camden,0.5,0.63,0.627305,0.00141079,0.00128453,-0.13,-0.128715,0.00760625,32
7/1/2023,Q2_2324,Fair treatment,Croydon,0.58,0.63,0.627305,0.00141079,0.00128453,-0.05,-0.0487155,0.00760625,32
7/1/2023,Q2_2324,Fair treatment,Ealing,0.71,0.63,0.627305,0.00141079,0.00128453,0.08,0.0812845,0.00760625,32
7/1/2023,Q2_2324,Fair treatment,Enfield,0.67,0.63,0.627305,0.00141079,0.00128453,0.04,0.0412845,0.00760625,32
7/1/2023,Q2_2324,Fair treatment,Greenwich,0.6,0.63,0.627305,0.00141079,0.00128453,-0.03,-0.0287155,0.00760625,32
7/1/2023,Q2_2324,Fair treatment,Hackney,0.49,0.63,0.627305,0.00141079,0.00128453,-0.14,-0.138715,0.00760625,32
7/1/2023,Q2_2324,Fair treatment,Hammersmith and Fulham,0.59,0.63,0.627305,0.00141079,0.00128453,-0.04,-0.0387155,0.00760625,32
7/1/2023,Q2_2324,Fair treatment,Haringey,0.52,0.63,0.627305,0.00141079,0.00128453,-0.11,-0.108715,0.00760625,32
7/1/2023,Q2_2324,Fair treatment,Harrow,0.81,0.63,0.627305,0.00141079,0.00128453,0.18,0.181285,0.00760625,32
7/1/2023,Q2_2324,Fair treatment,Havering,0.72,0.63,0.627305,0.00141079,0.00128453,0.09,0.0912845,0.00760625,32
7/1/2023,Q2_2324,Fair treatment,Hillingdon,0.79,0.63,0.627305,0.00141079,0.00128453,0.16,0.161285,0.00760625,32
7/1/2023,Q2_2324,Fair treatment,Hounslow,0.69,0.63,0.627305,0.00141079,0.00128453,0.06,0.0612845,0.00760625,32
7/1/2023,Q2_2324,Fair treatment,Islington,0.51,0.63,0.627305,0.00141079,0.00128453,-0.12,-0.118715,0.00760625,32
7/1/2023,Q2_2324,Fair treatment,Kensington and Chelsea,0.72,0.63,0.627305,0.00141079,0.00128453,0.09,0.0912845,0.00760625,32
7/1/2023,Q2_2324,Fair treatment,Kingston upon Thames,0.63,0.63,0.627305,0.00141079,0.00128453,0,0.00128453,0.00760625,32
7/1/2023,Q2_2324,Fair treatment,Lambeth,0.53,0.63,0.627305,0.00141079,0.00128453,-0.1,-0.0987155,0.00760625,32
7/1/2023,Q2_2324,Fair treatment,Lewisham,0.51,0.63,0.627305,0.00141079,0.00128453,-0.12,-0.118715,0.00760625,32
7/1/2023,Q2_2324,Fair treatment,Merton,0.66,0.63,0.627305,0.00141079,0.00128453,0.03,0.0312845,0.00760625,32
7/1/2023,Q2_2324,Fair treatment,Newham,0.65,0.63,0.627305,0.00141079,0.00128453,0.02,0.0212845,0.00760625,32
7/1/2023,Q2_2324,Fair treatment,Redbridge,0.65,0.63,0.627305,0.00141079,0.00128453,0.02,0.0212845,0.00760625,32
7/1/2023,Q2_2324,Fair treatment,Richmond upon Thames,0.58,0.63,0.627305,0.00141079,0.00128453,-0.05,-0.0487155,0.00760625,32
7/1/2023,Q2_2324,Fair treatment,Southwark,0.5,0.63,0.627305,0.00141079,0.00128453,-0.13,-0.128715,0.00760625,32
7/1/2023,Q2_2324,Fair treatment,Sutton,0.75,0.63,0.627305,0.00141079,0.00128453,0.12,0.121285,0.00760625,32
7/1/2023,Q2_2324,Fair treatment,Tower Hamlets,0.66,0.63,0.627305,0.00141079,0.00128453,0.03,0.0312845,0.00760625,32
7/1/2023,Q2_2324,Fair treatment,Waltham Forest,0.53,0.63,0.627305,0.00141079,0.00128453,-0.1,-0.0987155,0.00760625,32
7/1/2023,Q2_2324,Fair treatment,Wandsworth,0.58,0.63,0.627305,0.00141079,0.00128453,-0.05,-0.0487155,0.00760625,32
7/1/2023,Q2_2324,Fair treatment,Westminster,0.7,0.63,0.627305,0.00141079,0.00128453,0.07,0.0712845,0.00760625,32
7/1/2023,Q2_2324,Good job,Barking and Dagenham,0.47,0.479687,0.484062,0.000102487,-0.00447749,-0.0096875,-0.014165,0.00371553,32
7/1/2023,Q2_2324,Good job,Barnet,0.47,0.479687,0.484062,0.000102487,-0.00447749,-0.0096875,-0.014165,0.00371553,32
7/1/2023,Q2_2324,Good job,Bexley,0.52,0.479687,0.484062,0.000102487,-0.00447749,0.0403125,0.035835,0.00371553,32
7/1/2023,Q2_2324,Good job,Brent,0.51,0.479687,0.484062,0.000102487,-0.00447749,0.0303125,0.025835,0.00371553,32
7/1/2023,Q2_2324,Good job,Bromley,0.52,0.479687,0.484062,0.000102487,-0.00447749,0.0403125,0.035835,0.00371553,32
7/1/2023,Q2_2324,Good job,Camden,0.47,0.479687,0.484062,0.000102487,-0.00447749,-0.0096875,-0.014165,0.00371553,32
7/1/2023,Q2_2324,Good job,Croydon,0.38,0.479687,0.484062,0.000102487,-0.00447749,-0.0996875,-0.104165,0.00371553,32
7/1/2023,Q2_2324,Good job,Ealing,0.48,0.479687,0.484062,0.000102487,-0.00447749,0.0003125,-0.00416499,0.00371553,32
7/1/2023,Q2_2324,Good job,Enfield,0.42,0.479687,0.484062,0.000102487,-0.00447749,-0.0596875,-0.064165,0.00371553,32
7/1/2023,Q2_2324,Good job,Greenwich,0.45,0.479687,0.484062,0.000102487,-0.00447749,-0.0296875,-0.034165,0.00371553,32
7/1/2023,Q2_2324,Good job,Hackney,0.4,0.479687,0.484062,0.000102487,-0.00447749,-0.0796875,-0.084165,0.00371553,32
7/1/2023,Q2_2324,Good job,Hammersmith and Fulham,0.48,0.479687,0.484062,0.000102487,-0.00447749,0.0003125,-0.00416499,0.00371553,32
7/1/2023,Q2_2324,Good job,Haringey,0.41,0.479687,0.484062,0.000102487,-0.00447749,-0.0696875,-0.074165,0.00371553,32
7/1/2023,Q2_2324,Good job,Harrow,0.62,0.479687,0.484062,0.000102487,-0.00447749,0.140313,0.135835,0.00371553,32
7/1/2023,Q2_2324,Good job,Havering,0.53,0.479687,0.484062,0.000102487,-0.00447749,0.0503125,0.045835,0.00371553,32
7/1/2023,Q2_2324,Good job,Hillingdon,0.58,0.479687,0.484062,0.000102487,-0.00447749,0.100312,0.095835,0.00371553,32
7/1/2023,Q2_2324,Good job,Hounslow,0.47,0.479687,0.484062,0.000102487,-0.00447749,-0.0096875,-0.014165,0.00371553,32
7/1/2023,Q2_2324,Good job,Islington,0.43,0.479687,0.484062,0.000102487,-0.00447749,-0.0496875,-0.054165,0.00371553,32
7/1/2023,Q2_2324,Good job,Kensington and Chelsea,0.6,0.479687,0.484062,0.000102487,-0.00447749,0.120312,0.115835,0.00371553,32
7/1/2023,Q2_2324,Good job,Kingston upon Thames,0.47,0.479687,0.484062,0.000102487,-0.00447749,-0.0096875,-0.014165,0.00371553,32
7/1/2023,Q2_2324,Good job,Lambeth,0.45,0.479687,0.484062,0.000102487,-0.00447749,-0.0296875,-0.034165,0.00371553,32
7/1/2023,Q2_2324,Good job,Lewisham,0.42,0.479687,0.484062,0.000102487,-0.00447749,-0.0596875,-0.064165,0.00371553,32
7/1/2023,Q2_2324,Good job,Merton,0.52,0.479687,0.484062,0.000102487,-0.00447749,0.0403125,0.035835,0.00371553,32
7/1/2023,Q2_2324,Good job,Newham,0.46,0.479687,0.484062,0.000102487,-0.00447749,-0.0196875,-0.024165,0.00371553,32
7/1/2023,Q2_2324,Good job,Redbridge,0.46,0.479687,0.484062,0.000102487,-0.00447749,-0.0196875,-0.024165,0.00371553,32
7/1/2023,Q2_2324,Good job,Richmond upon Thames,0.49,0.479687,0.484062,0.000102487,-0.00447749,0.0103125,0.00583501,0.00371553,32
7/1/2023,Q2_2324,Good job,Southwark,0.44,0.479687,0.484062,0.000102487,-0.00447749,-0.0396875,-0.044165,0.00371553,32
7/1/2023,Q2_2324,Good job,Sutton,0.51,0.479687,0.484062,0.000102487,-0.00447749,0.0303125,0.025835,0.00371553,32
7/1/2023,Q2_2324,Good job,Tower Hamlets,0.45,0.479687,0.484062,0.000102487,-0.00447749,-0.0296875,-0.034165,0.00371553,32
7/1/2023,Q2_2324,Good job,Waltham Forest,0.37,0.479687,0.484062,0.000102487,-0.00447749,-0.109687,-0.114165,0.00371553,32
7/1/2023,Q2_2324,Good job,Wandsworth,0.49,0.479687,0.484062,0.000102487,-0.00447749,0.0103125,0.00583501,0.00371553,32
7/1/2023,Q2_2324,Good job,Westminster,0.61,0.479687,0.484062,0.000102487,-0.00447749,0.130312,0.125835,0.00371553,32
7/1/2023,Q2_2324,Trust MPS,Barking and Dagenham,0.69,0.696875,0.699492,0.00257614,-0.00519332,-0.006875,-0.0120683,0.00489023,32
7/1/2023,Q2_2324,Trust MPS,Barnet,0.72,0.696875,0.699492,0.00257614,-0.00519332,0.023125,0.0179317,0.00489023,32
7/1/2023,Q2_2324,Trust MPS,Bexley,0.75,0.696875,0.699492,0.00257614,-0.00519332,0.053125,0.0479317,0.00489023,32
7/1/2023,Q2_2324,Trust MPS,Brent,0.75,0.696875,0.699492,0.00257614,-0.00519332,0.053125,0.0479317,0.00489023,32
7/1/2023,Q2_2324,Trust MPS,Bromley,0.69,0.696875,0.699492,0.00257614,-0.00519332,-0.006875,-0.0120683,0.00489023,32
7/1/2023,Q2_2324,Trust MPS,Camden,0.67,0.696875,0.699492,0.00257614,-0.00519332,-0.026875,-0.0320683,0.00489023,32
7/1/2023,Q2_2324,Trust MPS,Croydon,0.65,0.696875,0.699492,0.00257614,-0.00519332,-0.046875,-0.0520683,0.00489023,32
7/1/2023,Q2_2324,Trust MPS,Ealing,0.77,0.696875,0.699492,0.00257614,-0.00519332,0.073125,0.0679317,0.00489023,32
7/1/2023,Q2_2324,Trust MPS,Enfield,0.69,0.696875,0.699492,0.00257614,-0.00519332,-0.006875,-0.0120683,0.00489023,32
7/1/2023,Q2_2324,Trust MPS,Greenwich,0.67,0.696875,0.699492,0.00257614,-0.00519332,-0.026875,-0.0320683,0.00489023,32
7/1/2023,Q2_2324,Trust MPS,Hackney,0.59,0.696875,0.699492,0.00257614,-0.00519332,-0.106875,-0.112068,0.00489023,32
7/1/2023,Q2_2324,Trust MPS,Hammersmith and Fulham,0.7,0.696875,0.699492,0.00257614,-0.00519332,0.003125,-0.00206832,0.00489023,32
7/1/2023,Q2_2324,Trust MPS,Haringey,0.59,0.696875,0.699492,0.00257614,-0.00519332,-0.106875,-0.112068,0.00489023,32
7/1/2023,Q2_2324,Trust MPS,Harrow,0.82,0.696875,0.699492,0.00257614,-0.00519332,0.123125,0.117932,0.00489023,32
7/1/2023,Q2_2324,Trust MPS,Havering,0.74,0.696875,0.699492,0.00257614,-0.00519332,0.043125,0.0379317,0.00489023,32
7/1/2023,Q2_2324,Trust MPS,Hillingdon,0.81,0.696875,0.699492,0.00257614,-0.00519332,0.113125,0.107932,0.00489023,32
7/1/2023,Q2_2324,Trust MPS,Hounslow,0.74,0.696875,0.699492,0.00257614,-0.00519332,0.043125,0.0379317,0.00489023,32
7/1/2023,Q2_2324,Trust MPS,Islington,0.62,0.696875,0.699492,0.00257614,-0.00519332,-0.076875,-0.0820683,0.00489023,32
7/1/2023,Q2_2324,Trust MPS,Kensington and Chelsea,0.78,0.696875,0.699492,0.00257614,-0.00519332,0.083125,0.0779317,0.00489023,32
7/1/2023,Q2_2324,Trust MPS,Kingston upon Thames,0.72,0.696875,0.699492,0.00257614,-0.00519332,0.023125,0.0179317,0.00489023,32
7/1/2023,Q2_2324,Trust MPS,Lambeth,0.63,0.696875,0.699492,0.00257614,-0.00519332,-0.066875,-0.0720683,0.00489023,32
7/1/2023,Q2_2324,Trust MPS,Lewisham,0.57,0.696875,0.699492,0.00257614,-0.00519332,-0.126875,-0.132068,0.00489023,32
7/1/2023,Q2_2324,Trust MPS,Merton,0.75,0.696875,0.699492,0.00257614,-0.00519332,0.053125,0.0479317,0.00489023,32
7/1/2023,Q2_2324,Trust MPS,Newham,0.72,0.696875,0.699492,0.00257614,-0.00519332,0.023125,0.0179317,0.00489023,32
7/1/2023,Q2_2324,Trust MPS,Redbridge,0.65,0.696875,0.699492,0.00257614,-0.00519332,-0.046875,-0.0520683,0.00489023,32
7/1/2023,Q2_2324,Trust MPS,Richmond upon Thames,0.64,0.696875,0.699492,0.00257614,-0.00519332,-0.056875,-0.0620683,0.00489023,32
7/1/2023,Q2_2324,Trust MPS,Southwark,0.61,0.696875,0.699492,0.00257614,-0.00519332,-0.086875,-0.0920683,0.00489023,32
7/1/2023,Q2_2324,Trust MPS,Sutton,0.81,0.696875,0.699492,0.00257614,-0.00519332,0.113125,0.107932,0.00489023,32
7/1/2023,Q2_2324,Trust MPS,Tower Hamlets,0.74,0.696875,0.699492,0.00257614,-0.00519332,0.043125,0.0379317,0.00489023,32
7/1/2023,Q2_2324,Trust MPS,Waltham Forest,0.57,0.696875,0.699492,0.00257614,-0.00519332,-0.126875,-0.132068,0.00489023,32
7/1/2023,Q2_2324,Trust MPS,Wandsworth,0.68,0.696875,0.699492,0.00257614,-0.00519332,-0.016875,-0.0220683,0.00489023,32
7/1/2023,Q2_2324,Trust MPS,Westminster,0.77,0.696875,0.699492,0.00257614,-0.00519332,0.073125,0.0679317,0.00489023,32
4/1/2023,Q1_2324,Fair treatment,Barking and Dagenham,0.66,0.630937,0.630977,-1.68E-05,-2.23E-05,0.0290625,0.0290402,0.00981475,32
4/1/2023,Q1_2324,Fair treatment,Barnet,0.68,0.630937,0.630977,-1.68E-05,-2.23E-05,0.0490625,0.0490402,0.00981475,32
4/1/2023,Q1_2324,Fair treatment,Bexley,0.72,0.630937,0.630977,-1.68E-05,-2.23E-05,0.0890625,0.0890402,0.00981475,32
4/1/2023,Q1_2324,Fair treatment,Brent,0.71,0.630937,0.630977,-1.68E-05,-2.23E-05,0.0790625,0.0790402,0.00981475,32
4/1/2023,Q1_2324,Fair treatment,Bromley,0.65,0.630937,0.630977,-1.68E-05,-2.23E-05,0.0190625,0.0190402,0.00981475,32
4/1/2023,Q1_2324,Fair treatment,Camden,0.48,0.630937,0.630977,-1.68E-05,-2.23E-05,-0.150937,-0.15096,0.00981475,32
4/1/2023,Q1_2324,Fair treatment,Croydon,0.58,0.630937,0.630977,-1.68E-05,-2.23E-05,-0.0509375,-0.0509598,0.00981475,32
4/1/2023,Q1_2324,Fair treatment,Ealing,0.76,0.630937,0.630977,-1.68E-05,-2.23E-05,0.129063,0.12904,0.00981475,32
4/1/2023,Q1_2324,Fair treatment,Enfield,0.66,0.630937,0.630977,-1.68E-05,-2.23E-05,0.0290625,0.0290402,0.00981475,32
4/1/2023,Q1_2324,Fair treatment,Greenwich,0.62,0.630937,0.630977,-1.68E-05,-2.23E-05,-0.0109375,-0.0109598,0.00981475,32
4/1/2023,Q1_2324,Fair treatment,Hackney,0.48,0.630937,0.630977,-1.68E-05,-2.23E-05,-0.150937,-0.15096,0.00981475,32
4/1/2023,Q1_2324,Fair treatment,Hammersmith and Fulham,0.59,0.630937,0.630977,-1.68E-05,-2.23E-05,-0.0409375,-0.0409598,0.00981475,32
4/1/2023,Q1_2324,Fair treatment,Haringey,0.53,0.630937,0.630977,-1.68E-05,-2.23E-05,-0.100937,-0.10096,0.00981475,32
4/1/2023,Q1_2324,Fair treatment,Harrow,0.85,0.630937,0.630977,-1.68E-05,-2.23E-05,0.219063,0.21904,0.00981475,32
4/1/2023,Q1_2324,Fair treatment,Havering,0.71,0.630937,0.630977,-1.68E-05,-2.23E-05,0.0790625,0.0790402,0.00981475,32
4/1/2023,Q1_2324,Fair treatment,Hillingdon,0.84,0.630937,0.630977,-1.68E-05,-2.23E-05,0.209063,0.20904,0.00981475,32
4/1/2023,Q1_2324,Fair treatment,Hounslow,0.7,0.630937,0.630977,-1.68E-05,-2.23E-05,0.0690625,0.0690402,0.00981475,32
4/1/2023,Q1_2324,Fair treatment,Islington,0.47,0.630937,0.630977,-1.68E-05,-2.23E-05,-0.160937,-0.16096,0.00981475,32
4/1/2023,Q1_2324,Fair treatment,Kensington and Chelsea,0.7,0.630937,0.630977,-1.68E-05,-2.23E-05,0.0690625,0.0690402,0.00981475,32
4/1/2023,Q1_2324,Fair treatment,Kingston upon Thames,0.61,0.630937,0.630977,-1.68E-05,-2.23E-05,-0.0209375,-0.0209598,0.00981475,32
4/1/2023,Q1_2324,Fair treatment,Lambeth,0.51,0.630937,0.630977,-1.68E-05,-2.23E-05,-0.120937,-0.12096,0.00981475,32
4/1/2023,Q1_2324,Fair treatment,Lewisham,0.5,0.630937,0.630977,-1.68E-05,-2.23E-05,-0.130937,-0.13096,0.00981475,32
4/1/2023,Q1_2324,Fair treatment,Merton,0.69,0.630937,0.630977,-1.68E-05,-2.23E-05,0.0590625,0.0590402,0.00981475,32
4/1/2023,Q1_2324,Fair treatment,Newham,0.61,0.630937,0.630977,-1.68E-05,-2.23E-05,-0.0209375,-0.0209598,0.00981475,32
4/1/2023,Q1_2324,Fair treatment,Redbridge,0.66,0.630937,0.630977,-1.68E-05,-2.23E-05,0.0290625,0.0290402,0.00981475,32
4/1/2023,Q1_2324,Fair treatment,Richmond upon Thames,0.6,0.630937,0.630977,-1.68E-05,-2.23E-05,-0.0309375,-0.0309598,0.00981475,32
4/1/2023,Q1_2324,Fair treatment,Southwark,0.51,0.630937,0.630977,-1.68E-05,-2.23E-05,-0.120937,-0.12096,0.00981475,32
4/1/2023,Q1_2324,Fair treatment,Sutton,0.74,0.630937,0.630977,-1.68E-05,-2.23E-05,0.109063,0.10904,0.00981475,32
4/1/2023,Q1_2324,Fair treatment,Tower Hamlets,0.61,0.630937,0.630977,-1.68E-05,-2.23E-05,-0.0209375,-0.0209598,0.00981475,32
4/1/2023,Q1_2324,Fair treatment,Waltham Forest,0.5,0.630937,0.630977,-1.68E-05,-2.23E-05,-0.130937,-0.13096,0.00981475,32
4/1/2023,Q1_2324,Fair treatment,Wandsworth,0.59,0.630937,0.630977,-1.68E-05,-2.23E-05,-0.0409375,-0.0409598,0.00981475,32
4/1/2023,Q1_2324,Fair treatment,Westminster,0.67,0.630937,0.630977,-1.68E-05,-2.23E-05,0.0390625,0.0390402,0.00981475,32
4/1/2023,Q1_2324,Good job,Barking and Dagenham,0.49,0.487812,0.488477,-0.00105518,0.000391121,0.0021875,0.00257862,0.00402959,32
4/1/2023,Q1_2324,Good job,Barnet,0.48,0.487812,0.488477,-0.00105518,0.000391121,-0.0078125,-0.00742138,0.00402959,32
4/1/2023,Q1_2324,Good job,Bexley,0.54,0.487812,0.488477,-0.00105518,0.000391121,0.0521875,0.0525786,0.00402959,32
4/1/2023,Q1_2324,Good job,Brent,0.53,0.487812,0.488477,-0.00105518,0.000391121,0.0421875,0.0425786,0.00402959,32
4/1/2023,Q1_2324,Good job,Bromley,0.54,0.487812,0.488477,-0.00105518,0.000391121,0.0521875,0.0525786,0.00402959,32
4/1/2023,Q1_2324,Good job,Camden,0.44,0.487812,0.488477,-0.00105518,0.000391121,-0.0478125,-0.0474214,0.00402959,32
4/1/2023,Q1_2324,Good job,Croydon,0.38,0.487812,0.488477,-0.00105518,0.000391121,-0.107812,-0.107421,0.00402959,32
4/1/2023,Q1_2324,Good job,Ealing,0.5,0.487812,0.488477,-0.00105518,0.000391121,0.0121875,0.0125786,0.00402959,32
4/1/2023,Q1_2324,Good job,Enfield,0.42,0.487812,0.488477,-0.00105518,0.000391121,-0.0678125,-0.0674214,0.00402959,32
4/1/2023,Q1_2324,Good job,Greenwich,0.46,0.487812,0.488477,-0.00105518,0.000391121,-0.0278125,-0.0274214,0.00402959,32
4/1/2023,Q1_2324,Good job,Hackney,0.4,0.487812,0.488477,-0.00105518,0.000391121,-0.0878125,-0.0874214,0.00402959,32
4/1/2023,Q1_2324,Good job,Hammersmith and Fulham,0.5,0.487812,0.488477,-0.00105518,0.000391121,0.0121875,0.0125786,0.00402959,32
4/1/2023,Q1_2324,Good job,Haringey,0.44,0.487812,0.488477,-0.00105518,0.000391121,-0.0478125,-0.0474214,0.00402959,32
4/1/2023,Q1_2324,Good job,Harrow,0.63,0.487812,0.488477,-0.00105518,0.000391121,0.142188,0.142579,0.00402959,32
4/1/2023,Q1_2324,Good job,Havering,0.51,0.487812,0.488477,-0.00105518,0.000391121,0.0221875,0.0225786,0.00402959,32
4/1/2023,Q1_2324,Good job,Hillingdon,0.61,0.487812,0.488477,-0.00105518,0.000391121,0.122188,0.122579,0.00402959,32
4/1/2023,Q1_2324,Good job,Hounslow,0.5,0.487812,0.488477,-0.00105518,0.000391121,0.0121875,0.0125786,0.00402959,32
4/1/2023,Q1_2324,Good job,Islington,0.43,0.487812,0.488477,-0.00105518,0.000391121,-0.0578125,-0.0574214,0.00402959,32
4/1/2023,Q1_2324,Good job,Kensington and Chelsea,0.6,0.487812,0.488477,-0.00105518,0.000391121,0.112187,0.112579,0.00402959,32
4/1/2023,Q1_2324,Good job,Kingston upon Thames,0.47,0.487812,0.488477,-0.00105518,0.000391121,-0.0178125,-0.0174214,0.00402959,32
4/1/2023,Q1_2324,Good job,Lambeth,0.44,0.487812,0.488477,-0.00105518,0.000391121,-0.0478125,-0.0474214,0.00402959,32
4/1/2023,Q1_2324,Good job,Lewisham,0.41,0.487812,0.488477,-0.00105518,0.000391121,-0.0778125,-0.0774214,0.00402959,32
4/1/2023,Q1_2324,Good job,Merton,0.54,0.487812,0.488477,-0.00105518,0.000391121,0.0521875,0.0525786,0.00402959,32
4/1/2023,Q1_2324,Good job,Newham,0.46,0.487812,0.488477,-0.00105518,0.000391121,-0.0278125,-0.0274214,0.00402959,32
4/1/2023,Q1_2324,Good job,Redbridge,0.46,0.487812,0.488477,-0.00105518,0.000391121,-0.0278125,-0.0274214,0.00402959,32
4/1/2023,Q1_2324,Good job,Richmond upon Thames,0.53,0.487812,0.488477,-0.00105518,0.000391121,0.0421875,0.0425786,0.00402959,32
4/1/2023,Q1_2324,Good job,Southwark,0.47,0.487812,0.488477,-0.00105518,0.000391121,-0.0178125,-0.0174214,0.00402959,32
4/1/2023,Q1_2324,Good job,Sutton,0.51,0.487812,0.488477,-0.00105518,0.000391121,0.0221875,0.0225786,0.00402959,32
4/1/2023,Q1_2324,Good job,Tower Hamlets,0.44,0.487812,0.488477,-0.00105518,0.000391121,-0.0478125,-0.0474214,0.00402959,32
4/1/2023,Q1_2324,Good job,Waltham Forest,0.38,0.487812,0.488477,-0.00105518,0.000391121,-0.107812,-0.107421,0.00402959,32
4/1/2023,Q1_2324,Good job,Wandsworth,0.51,0.487812,0.488477,-0.00105518,0.000391121,0.0221875,0.0225786,0.00402959,32
4/1/2023,Q1_2324,Good job,Westminster,0.59,0.487812,0.488477,-0.00105518,0.000391121,0.102187,0.102579,0.00402959,32
4/1/2023,Q1_2324,Trust MPS,Barking and Dagenham,0.71,0.70125,0.703672,0.00190036,-0.00432223,0.00875,0.00442777,0.00499219,32
4/1/2023,Q1_2324,Trust MPS,Barnet,0.73,0.70125,0.703672,0.00190036,-0.00432223,0.02875,0.0244278,0.00499219,32
4/1/2023,Q1_2324,Trust MPS,Bexley,0.73,0.70125,0.703672,0.00190036,-0.00432223,0.02875,0.0244278,0.00499219,32
4/1/2023,Q1_2324,Trust MPS,Brent,0.77,0.70125,0.703672,0.00190036,-0.00432223,0.06875,0.0644278,0.00499219,32
4/1/2023,Q1_2324,Trust MPS,Bromley,0.68,0.70125,0.703672,0.00190036,-0.00432223,-0.02125,-0.0255722,0.00499219,32
4/1/2023,Q1_2324,Trust MPS,Camden,0.67,0.70125,0.703672,0.00190036,-0.00432223,-0.03125,-0.0355722,0.00499219,32
4/1/2023,Q1_2324,Trust MPS,Croydon,0.64,0.70125,0.703672,0.00190036,-0.00432223,-0.06125,-0.0655722,0.00499219,32
4/1/2023,Q1_2324,Trust MPS,Ealing,0.79,0.70125,0.703672,0.00190036,-0.00432223,0.08875,0.0844278,0.00499219,32
4/1/2023,Q1_2324,Trust MPS,Enfield,0.7,0.70125,0.703672,0.00190036,-0.00432223,-0.00125,-0.00557223,0.00499219,32
4/1/2023,Q1_2324,Trust MPS,Greenwich,0.68,0.70125,0.703672,0.00190036,-0.00432223,-0.02125,-0.0255722,0.00499219,32
4/1/2023,Q1_2324,Trust MPS,Hackney,0.58,0.70125,0.703672,0.00190036,-0.00432223,-0.12125,-0.125572,0.00499219,32
4/1/2023,Q1_2324,Trust MPS,Hammersmith and Fulham,0.66,0.70125,0.703672,0.00190036,-0.00432223,-0.04125,-0.0455722,0.00499219,32
4/1/2023,Q1_2324,Trust MPS,Haringey,0.62,0.70125,0.703672,0.00190036,-0.00432223,-0.08125,-0.0855722,0.00499219,32
4/1/2023,Q1_2324,Trust MPS,Harrow,0.82,0.70125,0.703672,0.00190036,-0.00432223,0.11875,0.114428,0.00499219,32
4/1/2023,Q1_2324,Trust MPS,Havering,0.75,0.70125,0.703672,0.00190036,-0.00432223,0.04875,0.0444278,0.00499219,32
4/1/2023,Q1_2324,Trust MPS,Hillingdon,0.84,0.70125,0.703672,0.00190036,-0.00432223,0.13875,0.134428,0.00499219,32
4/1/2023,Q1_2324,Trust MPS,Hounslow,0.75,0.70125,0.703672,0.00190036,-0.00432223,0.04875,0.0444278,0.00499219,32
4/1/2023,Q1_2324,Trust MPS,Islington,0.6,0.70125,0.703672,0.00190036,-0.00432223,-0.10125,-0.105572,0.00499219,32
4/1/2023,Q1_2324,Trust MPS,Kensington and Chelsea,0.78,0.70125,0.703672,0.00190036,-0.00432223,0.07875,0.0744278,0.00499219,32
4/1/2023,Q1_2324,Trust MPS,Kingston upon Thames,0.76,0.70125,0.703672,0.00190036,-0.00432223,0.05875,0.0544278,0.00499219,32
4/1/2023,Q1_2324,Trust MPS,Lambeth,0.6,0.70125,0.703672,0.00190036,-0.00432223,-0.10125,-0.105572,0.00499219,32
4/1/2023,Q1_2324,Trust MPS,Lewisham,0.59,0.70125,0.703672,0.00190036,-0.00432223,-0.11125,-0.115572,0.00499219,32
4/1/2023,Q1_2324,Trust MPS,Merton,0.77,0.70125,0.703672,0.00190036,-0.00432223,0.06875,0.0644278,0.00499219,32
4/1/2023,Q1_2324,Trust MPS,Newham,0.71,0.70125,0.703672,0.00190036,-0.00432223,0.00875,0.00442777,0.00499219,32
4/1/2023,Q1_2324,Trust MPS,Redbridge,0.67,0.70125,0.703672,0.00190036,-0.00432223,-0.03125,-0.0355722,0.00499219,32
4/1/2023,Q1_2324,Trust MPS,Richmond upon Thames,0.69,0.70125,0.703672,0.00190036,-0.00432223,-0.01125,-0.0155722,0.00499219,32
4/1/2023,Q1_2324,Trust MPS,Southwark,0.64,0.70125,0.703672,0.00190036,-0.00432223,-0.06125,-0.0655722,0.00499219,32
4/1/2023,Q1_2324,Trust MPS,Sutton,0.8,0.70125,0.703672,0.00190036,-0.00432223,0.09875,0.0944278,0.00499219,32
4/1/2023,Q1_2324,Trust MPS,Tower Hamlets,0.71,0.70125,0.703672,0.00190036,-0.00432223,0.00875,0.00442777,0.00499219,32
4/1/2023,Q1_2324,Trust MPS,Waltham Forest,0.58,0.70125,0.703672,0.00190036,-0.00432223,-0.12125,-0.125572,0.00499219,32
4/1/2023,Q1_2324,Trust MPS,Wandsworth,0.68,0.70125,0.703672,0.00190036,-0.00432223,-0.02125,-0.0255722,0.00499219,32
4/1/2023,Q1_2324,Trust MPS,Westminster,0.74,0.70125,0.703672,0.00190036,-0.00432223,0.03875,0.0344278,0.00499219,32
1/1/2023,Q4_2223,Fair treatment,Barking and Dagenham,0.67,0.640938,0.630625,-0.00136709,0.0116796,0.0290625,0.0407421,0.0100835,32
1/1/2023,Q4_2223,Fair treatment,Barnet,0.71,0.640938,0.630625,-0.00136709,0.0116796,0.0690625,0.0807421,0.0100835,32
1/1/2023,Q4_2223,Fair treatment,Bexley,0.7,0.640938,0.630625,-0.00136709,0.0116796,0.0590625,0.0707421,0.0100835,32
1/1/2023,Q4_2223,Fair treatment,Brent,0.8,0.640938,0.630625,-0.00136709,0.0116796,0.159062,0.170742,0.0100835,32
1/1/2023,Q4_2223,Fair treatment,Bromley,0.66,0.640938,0.630625,-0.00136709,0.0116796,0.0190625,0.0307421,0.0100835,32
1/1/2023,Q4_2223,Fair treatment,Camden,0.49,0.640938,0.630625,-0.00136709,0.0116796,-0.150938,-0.139258,0.0100835,32
1/1/2023,Q4_2223,Fair treatment,Croydon,0.59,0.640938,0.630625,-0.00136709,0.0116796,-0.0509375,-0.0392579,0.0100835,32
1/1/2023,Q4_2223,Fair treatment,Ealing,0.79,0.640938,0.630625,-0.00136709,0.0116796,0.149062,0.160742,0.0100835,32
1/1/2023,Q4_2223,Fair treatment,Enfield,0.65,0.640938,0.630625,-0.00136709,0.0116796,0.0090625,0.0207421,0.0100835,32
1/1/2023,Q4_2223,Fair treatment,Greenwich,0.62,0.640938,0.630625,-0.00136709,0.0116796,-0.0209375,-0.00925791,0.0100835,32
1/1/2023,Q4_2223,Fair treatment,Hackney,0.51,0.640938,0.630625,-0.00136709,0.0116796,-0.130938,-0.119258,0.0100835,32
1/1/2023,Q4_2223,Fair treatment,Hammersmith and Fulham,0.62,0.640938,0.630625,-0.00136709,0.0116796,-0.0209375,-0.00925791,0.0100835,32
1/1/2023,Q4_2223,Fair treatment,Haringey,0.52,0.640938,0.630625,-0.00136709,0.0116796,-0.120938,-0.109258,0.0100835,32
1/1/2023,Q4_2223,Fair treatment,Harrow,0.86,0.640938,0.630625,-0.00136709,0.0116796,0.219062,0.230742,0.0100835,32
1/1/2023,Q4_2223,Fair treatment,Havering,0.72,0.640938,0.630625,-0.00136709,0.0116796,0.0790625,0.0907421,0.0100835,32
1/1/2023,Q4_2223,Fair treatment,Hillingdon,0.85,0.640938,0.630625,-0.00136709,0.0116796,0.209062,0.220742,0.0100835,32
1/1/2023,Q4_2223,Fair treatment,Hounslow,0.71,0.640938,0.630625,-0.00136709,0.0116796,0.0690625,0.0807421,0.0100835,32
1/1/2023,Q4_2223,Fair treatment,Islington,0.48,0.640938,0.630625,-0.00136709,0.0116796,-0.160938,-0.149258,0.0100835,32
1/1/2023,Q4_2223,Fair treatment,Kensington and Chelsea,0.69,0.640938,0.630625,-0.00136709,0.0116796,0.0490625,0.0607421,0.0100835,32
1/1/2023,Q4_2223,Fair treatment,Kingston upon Thames,0.64,0.640938,0.630625,-0.00136709,0.0116796,-0.0009375,0.0107421,0.0100835,32
1/1/2023,Q4_2223,Fair treatment,Lambeth,0.49,0.640938,0.630625,-0.00136709,0.0116796,-0.150938,-0.139258,0.0100835,32
1/1/2023,Q4_2223,Fair treatment,Lewisham,0.53,0.640938,0.630625,-0.00136709,0.0116796,-0.110938,-0.0992579,0.0100835,32
1/1/2023,Q4_2223,Fair treatment,Merton,0.68,0.640938,0.630625,-0.00136709,0.0116796,0.0390625,0.0507421,0.0100835,32
1/1/2023,Q4_2223,Fair treatment,Newham,0.61,0.640938,0.630625,-0.00136709,0.0116796,-0.0309375,-0.0192579,0.0100835,32
1/1/2023,Q4_2223,Fair treatment,Redbridge,0.66,0.640938,0.630625,-0.00136709,0.0116796,0.0190625,0.0307421,0.0100835,32
1/1/2023,Q4_2223,Fair treatment,Richmond upon Thames,0.6,0.640938,0.630625,-0.00136709,0.0116796,-0.0409375,-0.0292579,0.0100835,32
1/1/2023,Q4_2223,Fair treatment,Southwark,0.53,0.640938,0.630625,-0.00136709,0.0116796,-0.110938,-0.0992579,0.0100835,32
1/1/2023,Q4_2223,Fair treatment,Sutton,0.73,0.640938,0.630625,-0.00136709,0.0116796,0.0890625,0.100742,0.0100835,32
1/1/2023,Q4_2223,Fair treatment,Tower Hamlets,0.61,0.640938,0.630625,-0.00136709,0.0116796,-0.0309375,-0.0192579,0.0100835,32
1/1/2023,Q4_2223,Fair treatment,Waltham Forest,0.53,0.640938,0.630625,-0.00136709,0.0116796,-0.110938,-0.0992579,0.0100835,32
1/1/2023,Q4_2223,Fair treatment,Wandsworth,0.59,0.640938,0.630625,-0.00136709,0.0116796,-0.0509375,-0.0392579,0.0100835,32
1/1/2023,Q4_2223,Fair treatment,Westminster,0.67,0.640938,0.630625,-0.00136709,0.0116796,0.0290625,0.0407421,0.0100835,32
1/1/2023,Q4_2223,Good job,Barking and Dagenham,0.48,0.500938,0.492734,0.000292591,0.00791053,-0.0209375,-0.013027,0.003221,32
1/1/2023,Q4_2223,Good job,Barnet,0.48,0.500938,0.492734,0.000292591,0.00791053,-0.0209375,-0.013027,0.003221,32
1/1/2023,Q4_2223,Good job,Bexley,0.51,0.500938,0.492734,0.000292591,0.00791053,0.0090625,0.016973,0.003221,32
1/1/2023,Q4_2223,Good job,Brent,0.56,0.500938,0.492734,0.000292591,0.00791053,0.0590625,0.066973,0.003221,32
1/1/2023,Q4_2223,Good job,Bromley,0.54,0.500938,0.492734,0.000292591,0.00791053,0.0390625,0.046973,0.003221,32
1/1/2023,Q4_2223,Good job,Camden,0.44,0.500938,0.492734,0.000292591,0.00791053,-0.0609375,-0.053027,0.003221,32
1/1/2023,Q4_2223,Good job,Croydon,0.4,0.500938,0.492734,0.000292591,0.00791053,-0.100938,-0.093027,0.003221,32
1/1/2023,Q4_2223,Good job,Ealing,0.52,0.500938,0.492734,0.000292591,0.00791053,0.0190625,0.026973,0.003221,32
1/1/2023,Q4_2223,Good job,Enfield,0.45,0.500938,0.492734,0.000292591,0.00791053,-0.0509375,-0.043027,0.003221,32
1/1/2023,Q4_2223,Good job,Greenwich,0.5,0.500938,0.492734,0.000292591,0.00791053,-0.0009375,0.00697303,0.003221,32
1/1/2023,Q4_2223,Good job,Hackney,0.42,0.500938,0.492734,0.000292591,0.00791053,-0.0809375,-0.073027,0.003221,32
1/1/2023,Q4_2223,Good job,Hammersmith and Fulham,0.53,0.500938,0.492734,0.000292591,0.00791053,0.0290625,0.036973,0.003221,32
1/1/2023,Q4_2223,Good job,Haringey,0.46,0.500938,0.492734,0.000292591,0.00791053,-0.0409375,-0.033027,0.003221,32
1/1/2023,Q4_2223,Good job,Harrow,0.63,0.500938,0.492734,0.000292591,0.00791053,0.129062,0.136973,0.003221,32
1/1/2023,Q4_2223,Good job,Havering,0.54,0.500938,0.492734,0.000292591,0.00791053,0.0390625,0.046973,0.003221,32
1/1/2023,Q4_2223,Good job,Hillingdon,0.63,0.500938,0.492734,0.000292591,0.00791053,0.129062,0.136973,0.003221,32
1/1/2023,Q4_2223,Good job,Hounslow,0.52,0.500938,0.492734,0.000292591,0.00791053,0.0190625,0.026973,0.003221,32
1/1/2023,Q4_2223,Good job,Islington,0.46,0.500938,0.492734,0.000292591,0.00791053,-0.0409375,-0.033027,0.003221,32
1/1/2023,Q4_2223,Good job,Kensington and Chelsea,0.57,0.500938,0.492734,0.000292591,0.00791053,0.0690625,0.076973,0.003221,32
1/1/2023,Q4_2223,Good job,Kingston upon Thames,0.51,0.500938,0.492734,0.000292591,0.00791053,0.0090625,0.016973,0.003221,32
1/1/2023,Q4_2223,Good job,Lambeth,0.48,0.500938,0.492734,0.000292591,0.00791053,-0.0209375,-0.013027,0.003221,32
1/1/2023,Q4_2223,Good job,Lewisham,0.42,0.500938,0.492734,0.000292591,0.00791053,-0.0809375,-0.073027,0.003221,32
1/1/2023,Q4_2223,Good job,Merton,0.54,0.500938,0.492734,0.000292591,0.00791053,0.0390625,0.046973,0.003221,32
1/1/2023,Q4_2223,Good job,Newham,0.49,0.500938,0.492734,0.000292591,0.00791053,-0.0109375,-0.00302697,0.003221,32
1/1/2023,Q4_2223,Good job,Redbridge,0.48,0.500938,0.492734,0.000292591,0.00791053,-0.0209375,-0.013027,0.003221,32
1/1/2023,Q4_2223,Good job,Richmond upon Thames,0.53,0.500938,0.492734,0.000292591,0.00791053,0.0290625,0.036973,0.003221,32
1/1/2023,Q4_2223,Good job,Southwark,0.5,0.500938,0.492734,0.000292591,0.00791053,-0.0009375,0.00697303,0.003221,32
1/1/2023,Q4_2223,Good job,Sutton,0.52,0.500938,0.492734,0.000292591,0.00791053,0.0190625,0.026973,0.003221,32
1/1/2023,Q4_2223,Good job,Tower Hamlets,0.47,0.500938,0.492734,0.000292591,0.00791053,-0.0309375,-0.023027,0.003221,32
1/1/2023,Q4_2223,Good job,Waltham Forest,0.38,0.500938,0.492734,0.000292591,0.00791053,-0.120938,-0.113027,0.003221,32
1/1/2023,Q4_2223,Good job,Wandsworth,0.51,0.500938,0.492734,0.000292591,0.00791053,0.0090625,0.016973,0.003221,32
1/1/2023,Q4_2223,Good job,Westminster,0.56,0.500938,0.492734,0.000292591,0.00791053,0.0590625,0.066973,0.003221,32
1/1/2023,Q4_2223,Trust MPS,Barking and Dagenham,0.71,0.715625,0.708281,-0.00355419,0.0108979,-0.005625,0.00527294,0.00404336,32
1/1/2023,Q4_2223,Trust MPS,Barnet,0.74,0.715625,0.708281,-0.00355419,0.0108979,0.024375,0.0352729,0.00404336,32
1/1/2023,Q4_2223,Trust MPS,Bexley,0.75,0.715625,0.708281,-0.00355419,0.0108979,0.034375,0.0452729,0.00404336,32
1/1/2023,Q4_2223,Trust MPS,Brent,0.78,0.715625,0.708281,-0.00355419,0.0108979,0.064375,0.0752729,0.00404336,32
1/1/2023,Q4_2223,Trust MPS,Bromley,0.71,0.715625,0.708281,-0.00355419,0.0108979,-0.005625,0.00527294,0.00404336,32
1/1/2023,Q4_2223,Trust MPS,Camden,0.67,0.715625,0.708281,-0.00355419,0.0108979,-0.045625,-0.0347271,0.00404336,32
1/1/2023,Q4_2223,Trust MPS,Croydon,0.66,0.715625,0.708281,-0.00355419,0.0108979,-0.055625,-0.0447271,0.00404336,32
1/1/2023,Q4_2223,Trust MPS,Ealing,0.78,0.715625,0.708281,-0.00355419,0.0108979,0.064375,0.0752729,0.00404336,32
1/1/2023,Q4_2223,Trust MPS,Enfield,0.7,0.715625,0.708281,-0.00355419,0.0108979,-0.015625,-0.00472706,0.00404336,32
1/1/2023,Q4_2223,Trust MPS,Greenwich,0.68,0.715625,0.708281,-0.00355419,0.0108979,-0.035625,-0.0247271,0.00404336,32
1/1/2023,Q4_2223,Trust MPS,Hackney,0.62,0.715625,0.708281,-0.00355419,0.0108979,-0.095625,-0.0847271,0.00404336,32
1/1/2023,Q4_2223,Trust MPS,Hammersmith and Fulham,0.7,0.715625,0.708281,-0.00355419,0.0108979,-0.015625,-0.00472706,0.00404336,32
1/1/2023,Q4_2223,Trust MPS,Haringey,0.66,0.715625,0.708281,-0.00355419,0.0108979,-0.055625,-0.0447271,0.00404336,32
1/1/2023,Q4_2223,Trust MPS,Harrow,0.82,0.715625,0.708281,-0.00355419,0.0108979,0.104375,0.115273,0.00404336,32
1/1/2023,Q4_2223,Trust MPS,Havering,0.77,0.715625,0.708281,-0.00355419,0.0108979,0.054375,0.0652729,0.00404336,32
1/1/2023,Q4_2223,Trust MPS,Hillingdon,0.84,0.715625,0.708281,-0.00355419,0.0108979,0.124375,0.135273,0.00404336,32
1/1/2023,Q4_2223,Trust MPS,Hounslow,0.76,0.715625,0.708281,-0.00355419,0.0108979,0.044375,0.0552729,0.00404336,32
1/1/2023,Q4_2223,Trust MPS,Islington,0.62,0.715625,0.708281,-0.00355419,0.0108979,-0.095625,-0.0847271,0.00404336,32
1/1/2023,Q4_2223,Trust MPS,Kensington and Chelsea,0.78,0.715625,0.708281,-0.00355419,0.0108979,0.064375,0.0752729,0.00404336,32
1/1/2023,Q4_2223,Trust MPS,Kingston upon Thames,0.78,0.715625,0.708281,-0.00355419,0.0108979,0.064375,0.0752729,0.00404336,32
1/1/2023,Q4_2223,Trust MPS,Lambeth,0.6,0.715625,0.708281,-0.00355419,0.0108979,-0.115625,-0.104727,0.00404336,32
1/1/2023,Q4_2223,Trust MPS,Lewisham,0.61,0.715625,0.708281,-0.00355419,0.0108979,-0.105625,-0.0947271,0.00404336,32
1/1/2023,Q4_2223,Trust MPS,Merton,0.77,0.715625,0.708281,-0.00355419,0.0108979,0.054375,0.0652729,0.00404336,32
1/1/2023,Q4_2223,Trust MPS,Newham,0.75,0.715625,0.708281,-0.00355419,0.0108979,0.034375,0.0452729,0.00404336,32
1/1/2023,Q4_2223,Trust MPS,Redbridge,0.7,0.715625,0.708281,-0.00355419,0.0108979,-0.015625,-0.00472706,0.00404336,32
1/1/2023,Q4_2223,Trust MPS,Richmond upon Thames,0.69,0.715625,0.708281,-0.00355419,0.0108979,-0.025625,-0.0147271,0.00404336,32
1/1/2023,Q4_2223,Trust MPS,Southwark,0.65,0.715625,0.708281,-0.00355419,0.0108979,-0.065625,-0.0547271,0.00404336,32
1/1/2023,Q4_2223,Trust MPS,Sutton,0.8,0.715625,0.708281,-0.00355419,0.0108979,0.084375,0.0952729,0.00404336,32
1/1/2023,Q4_2223,Trust MPS,Tower Hamlets,0.72,0.715625,0.708281,-0.00355419,0.0108979,0.004375,0.0152729,0.00404336,32
1/1/2023,Q4_2223,Trust MPS,Waltham Forest,0.62,0.715625,0.708281,-0.00355419,0.0108979,-0.095625,-0.0847271,0.00404336,32
1/1/2023,Q4_2223,Trust MPS,Wandsworth,0.71,0.715625,0.708281,-0.00355419,0.0108979,-0.005625,0.00527294,0.00404336,32
1/1/2023,Q4_2223,Trust MPS,Westminster,0.75,0.715625,0.708281,-0.00355419,0.0108979,0.034375,0.0452729,0.00404336,32
10/1/2022,Q3_2223,Fair treatment,Barking and Dagenham,0.69,0.623437,0.62832,-2.69E-05,-0.00485589,0.0665625,0.0617066,0.00944131,32
10/1/2022,Q3_2223,Fair treatment,Barnet,0.72,0.623437,0.62832,-2.69E-05,-0.00485589,0.0965625,0.0917066,0.00944131,32
10/1/2022,Q3_2223,Fair treatment,Bexley,0.67,0.623437,0.62832,-2.69E-05,-0.00485589,0.0465625,0.0417066,0.00944131,32
10/1/2022,Q3_2223,Fair treatment,Brent,0.72,0.623437,0.62832,-2.69E-05,-0.00485589,0.0965625,0.0917066,0.00944131,32
10/1/2022,Q3_2223,Fair treatment,Bromley,0.67,0.623437,0.62832,-2.69E-05,-0.00485589,0.0465625,0.0417066,0.00944131,32
10/1/2022,Q3_2223,Fair treatment,Camden,0.47,0.623437,0.62832,-2.69E-05,-0.00485589,-0.153438,-0.158293,0.00944131,32
10/1/2022,Q3_2223,Fair treatment,Croydon,0.55,0.623437,0.62832,-2.69E-05,-0.00485589,-0.0734375,-0.0782934,0.00944131,32
10/1/2022,Q3_2223,Fair treatment,Ealing,0.73,0.623437,0.62832,-2.69E-05,-0.00485589,0.106563,0.101707,0.00944131,32
10/1/2022,Q3_2223,Fair treatment,Enfield,0.65,0.623437,0.62832,-2.69E-05,-0.00485589,0.0265625,0.0217066,0.00944131,32
10/1/2022,Q3_2223,Fair treatment,Greenwich,0.59,0.623437,0.62832,-2.69E-05,-0.00485589,-0.0334375,-0.0382934,0.00944131,32
10/1/2022,Q3_2223,Fair treatment,Hackney,0.55,0.623437,0.62832,-2.69E-05,-0.00485589,-0.0734375,-0.0782934,0.00944131,32
10/1/2022,Q3_2223,Fair treatment,Hammersmith and Fulham,0.56,0.623437,0.62832,-2.69E-05,-0.00485589,-0.0634375,-0.0682934,0.00944131,32
10/1/2022,Q3_2223,Fair treatment,Haringey,0.55,0.623437,0.62832,-2.69E-05,-0.00485589,-0.0734375,-0.0782934,0.00944131,32
10/1/2022,Q3_2223,Fair treatment,Harrow,0.79,0.623437,0.62832,-2.69E-05,-0.00485589,0.166563,0.161707,0.00944131,32
10/1/2022,Q3_2223,Fair treatment,Havering,0.71,0.623437,0.62832,-2.69E-05,-0.00485589,0.0865625,0.0817066,0.00944131,32
10/1/2022,Q3_2223,Fair treatment,Hillingdon,0.84,0.623437,0.62832,-2.69E-05,-0.00485589,0.216562,0.211707,0.00944131,32
10/1/2022,Q3_2223,Fair treatment,Hounslow,0.7,0.623437,0.62832,-2.69E-05,-0.00485589,0.0765625,0.0717066,0.00944131,32
10/1/2022,Q3_2223,Fair treatment,Islington,0.48,0.623437,0.62832,-2.69E-05,-0.00485589,-0.143437,-0.148293,0.00944131,32
10/1/2022,Q3_2223,Fair treatment,Kensington and Chelsea,0.64,0.623437,0.62832,-2.69E-05,-0.00485589,0.0165625,0.0117066,0.00944131,32
10/1/2022,Q3_2223,Fair treatment,Kingston upon Thames,0.65,0.623437,0.62832,-2.69E-05,-0.00485589,0.0265625,0.0217066,0.00944131,32
10/1/2022,Q3_2223,Fair treatment,Lambeth,0.42,0.623437,0.62832,-2.69E-05,-0.00485589,-0.203437,-0.208293,0.00944131,32
10/1/2022,Q3_2223,Fair treatment,Lewisham,0.52,0.623437,0.62832,-2.69E-05,-0.00485589,-0.103437,-0.108293,0.00944131,32
10/1/2022,Q3_2223,Fair treatment,Merton,0.69,0.623437,0.62832,-2.69E-05,-0.00485589,0.0665625,0.0617066,0.00944131,32
10/1/2022,Q3_2223,Fair treatment,Newham,0.57,0.623437,0.62832,-2.69E-05,-0.00485589,-0.0534375,-0.0582934,0.00944131,32
10/1/2022,Q3_2223,Fair treatment,Redbridge,0.69,0.623437,0.62832,-2.69E-05,-0.00485589,0.0665625,0.0617066,0.00944131,32
10/1/2022,Q3_2223,Fair treatment,Richmond upon Thames,0.64,0.623437,0.62832,-2.69E-05,-0.00485589,0.0165625,0.0117066,0.00944131,32
10/1/2022,Q3_2223,Fair treatment,Southwark,0.52,0.623437,0.62832,-2.69E-05,-0.00485589,-0.103437,-0.108293,0.00944131,32
10/1/2022,Q3_2223,Fair treatment,Sutton,0.74,0.623437,0.62832,-2.69E-05,-0.00485589,0.116563,0.111707,0.00944131,32
10/1/2022,Q3_2223,Fair treatment,Tower Hamlets,0.58,0.623437,0.62832,-2.69E-05,-0.00485589,-0.0434375,-0.0482934,0.00944131,32
10/1/2022,Q3_2223,Fair treatment,Waltham Forest,0.52,0.623437,0.62832,-2.69E-05,-0.00485589,-0.103437,-0.108293,0.00944131,32
10/1/2022,Q3_2223,Fair treatment,Wandsworth,0.55,0.623437,0.62832,-2.69E-05,-0.00485589,-0.0734375,-0.0782934,0.00944131,32
10/1/2022,Q3_2223,Fair treatment,Westminster,0.58,0.623437,0.62832,-2.69E-05,-0.00485589,-0.0434375,-0.0482934,0.00944131,32
10/1/2022,Q3_2223,Good job,Barking and Dagenham,0.46,0.491563,0.496016,0.000660104,-0.00511323,-0.0315625,-0.0366757,0.00312568,32
10/1/2022,Q3_2223,Good job,Barnet,0.49,0.491563,0.496016,0.000660104,-0.00511323,-0.0015625,-0.00667573,0.00312568,32
10/1/2022,Q3_2223,Good job,Bexley,0.49,0.491563,0.496016,0.000660104,-0.00511323,-0.0015625,-0.00667573,0.00312568,32
10/1/2022,Q3_2223,Good job,Brent,0.53,0.491563,0.496016,0.000660104,-0.00511323,0.0384375,0.0333243,0.00312568,32
10/1/2022,Q3_2223,Good job,Bromley,0.55,0.491563,0.496016,0.000660104,-0.00511323,0.0584375,0.0533243,0.00312568,32
10/1/2022,Q3_2223,Good job,Camden,0.41,0.491563,0.496016,0.000660104,-0.00511323,-0.0815625,-0.0866757,0.00312568,32
10/1/2022,Q3_2223,Good job,Croydon,0.38,0.491563,0.496016,0.000660104,-0.00511323,-0.111563,-0.116676,0.00312568,32
10/1/2022,Q3_2223,Good job,Ealing,0.52,0.491563,0.496016,0.000660104,-0.00511323,0.0284375,0.0233243,0.00312568,32
10/1/2022,Q3_2223,Good job,Enfield,0.45,0.491563,0.496016,0.000660104,-0.00511323,-0.0415625,-0.0466757,0.00312568,32
10/1/2022,Q3_2223,Good job,Greenwich,0.48,0.491563,0.496016,0.000660104,-0.00511323,-0.0115625,-0.0166757,0.00312568,32
10/1/2022,Q3_2223,Good job,Hackney,0.45,0.491563,0.496016,0.000660104,-0.00511323,-0.0415625,-0.0466757,0.00312568,32
10/1/2022,Q3_2223,Good job,Hammersmith and Fulham,0.5,0.491563,0.496016,0.000660104,-0.00511323,0.0084375,0.00332427,0.00312568,32
10/1/2022,Q3_2223,Good job,Haringey,0.49,0.491563,0.496016,0.000660104,-0.00511323,-0.0015625,-0.00667573,0.00312568,32
10/1/2022,Q3_2223,Good job,Harrow,0.59,0.491563,0.496016,0.000660104,-0.00511323,0.0984375,0.0933243,0.00312568,32
10/1/2022,Q3_2223,Good job,Havering,0.54,0.491563,0.496016,0.000660104,-0.00511323,0.0484375,0.0433243,0.00312568,32
10/1/2022,Q3_2223,Good job,Hillingdon,0.59,0.491563,0.496016,0.000660104,-0.00511323,0.0984375,0.0933243,0.00312568,32
10/1/2022,Q3_2223,Good job,Hounslow,0.55,0.491563,0.496016,0.000660104,-0.00511323,0.0584375,0.0533243,0.00312568,32
10/1/2022,Q3_2223,Good job,Islington,0.45,0.491563,0.496016,0.000660104,-0.00511323,-0.0415625,-0.0466757,0.00312568,32
10/1/2022,Q3_2223,Good job,Kensington and Chelsea,0.55,0.491563,0.496016,0.000660104,-0.00511323,0.0584375,0.0533243,0.00312568,32
10/1/2022,Q3_2223,Good job,Kingston upon Thames,0.53,0.491563,0.496016,0.000660104,-0.00511323,0.0384375,0.0333243,0.00312568,32
10/1/2022,Q3_2223,Good job,Lambeth,0.44,0.491563,0.496016,0.000660104,-0.00511323,-0.0515625,-0.0566757,0.00312568,32
10/1/2022,Q3_2223,Good job,Lewisham,0.39,0.491563,0.496016,0.000660104,-0.00511323,-0.101562,-0.106676,0.00312568,32
10/1/2022,Q3_2223,Good job,Merton,0.53,0.491563,0.496016,0.000660104,-0.00511323,0.0384375,0.0333243,0.00312568,32
10/1/2022,Q3_2223,Good job,Newham,0.45,0.491563,0.496016,0.000660104,-0.00511323,-0.0415625,-0.0466757,0.00312568,32
10/1/2022,Q3_2223,Good job,Redbridge,0.46,0.491563,0.496016,0.000660104,-0.00511323,-0.0315625,-0.0366757,0.00312568,32
10/1/2022,Q3_2223,Good job,Richmond upon Thames,0.54,0.491563,0.496016,0.000660104,-0.00511323,0.0484375,0.0433243,0.00312568,32
10/1/2022,Q3_2223,Good job,Southwark,0.49,0.491563,0.496016,0.000660104,-0.00511323,-0.0015625,-0.00667573,0.00312568,32
10/1/2022,Q3_2223,Good job,Sutton,0.52,0.491563,0.496016,0.000660104,-0.00511323,0.0284375,0.0233243,0.00312568,32
10/1/2022,Q3_2223,Good job,Tower Hamlets,0.46,0.491563,0.496016,0.000660104,-0.00511323,-0.0315625,-0.0366757,0.00312568,32
10/1/2022,Q3_2223,Good job,Waltham Forest,0.38,0.491563,0.496016,0.000660104,-0.00511323,-0.111563,-0.116676,0.00312568,32
10/1/2022,Q3_2223,Good job,Wandsworth,0.51,0.491563,0.496016,0.000660104,-0.00511323,0.0184375,0.0133243,0.00312568,32
10/1/2022,Q3_2223,Good job,Westminster,0.56,0.491563,0.496016,0.000660104,-0.00511323,0.0684375,0.0633243,0.00312568,32
10/1/2022,Q3_2223,Trust MPS,Barking and Dagenham,0.73,0.709375,0.713711,-0.000922301,-0.00341364,0.020625,0.0172114,0.00341836,32
10/1/2022,Q3_2223,Trust MPS,Barnet,0.76,0.709375,0.713711,-0.000922301,-0.00341364,0.050625,0.0472114,0.00341836,32
10/1/2022,Q3_2223,Trust MPS,Bexley,0.73,0.709375,0.713711,-0.000922301,-0.00341364,0.020625,0.0172114,0.00341836,32
10/1/2022,Q3_2223,Trust MPS,Brent,0.73,0.709375,0.713711,-0.000922301,-0.00341364,0.020625,0.0172114,0.00341836,32
10/1/2022,Q3_2223,Trust MPS,Bromley,0.72,0.709375,0.713711,-0.000922301,-0.00341364,0.010625,0.00721136,0.00341836,32
10/1/2022,Q3_2223,Trust MPS,Camden,0.68,0.709375,0.713711,-0.000922301,-0.00341364,-0.029375,-0.0327886,0.00341836,32
10/1/2022,Q3_2223,Trust MPS,Croydon,0.62,0.709375,0.713711,-0.000922301,-0.00341364,-0.089375,-0.0927886,0.00341836,32
10/1/2022,Q3_2223,Trust MPS,Ealing,0.76,0.709375,0.713711,-0.000922301,-0.00341364,0.050625,0.0472114,0.00341836,32
10/1/2022,Q3_2223,Trust MPS,Enfield,0.7,0.709375,0.713711,-0.000922301,-0.00341364,-0.009375,-0.0127886,0.00341836,32
10/1/2022,Q3_2223,Trust MPS,Greenwich,0.68,0.709375,0.713711,-0.000922301,-0.00341364,-0.029375,-0.0327886,0.00341836,32
10/1/2022,Q3_2223,Trust MPS,Hackney,0.65,0.709375,0.713711,-0.000922301,-0.00341364,-0.059375,-0.0627886,0.00341836,32
10/1/2022,Q3_2223,Trust MPS,Hammersmith and Fulham,0.69,0.709375,0.713711,-0.000922301,-0.00341364,-0.019375,-0.0227886,0.00341836,32
10/1/2022,Q3_2223,Trust MPS,Haringey,0.67,0.709375,0.713711,-0.000922301,-0.00341364,-0.039375,-0.0427886,0.00341836,32
10/1/2022,Q3_2223,Trust MPS,Harrow,0.79,0.709375,0.713711,-0.000922301,-0.00341364,0.080625,0.0772114,0.00341836,32
10/1/2022,Q3_2223,Trust MPS,Havering,0.76,0.709375,0.713711,-0.000922301,-0.00341364,0.050625,0.0472114,0.00341836,32
10/1/2022,Q3_2223,Trust MPS,Hillingdon,0.83,0.709375,0.713711,-0.000922301,-0.00341364,0.120625,0.117211,0.00341836,32
10/1/2022,Q3_2223,Trust MPS,Hounslow,0.75,0.709375,0.713711,-0.000922301,-0.00341364,0.040625,0.0372114,0.00341836,32
10/1/2022,Q3_2223,Trust MPS,Islington,0.61,0.709375,0.713711,-0.000922301,-0.00341364,-0.099375,-0.102789,0.00341836,32
10/1/2022,Q3_2223,Trust MPS,Kensington and Chelsea,0.75,0.709375,0.713711,-0.000922301,-0.00341364,0.040625,0.0372114,0.00341836,32
10/1/2022,Q3_2223,Trust MPS,Kingston upon Thames,0.76,0.709375,0.713711,-0.000922301,-0.00341364,0.050625,0.0472114,0.00341836,32
10/1/2022,Q3_2223,Trust MPS,Lambeth,0.56,0.709375,0.713711,-0.000922301,-0.00341364,-0.149375,-0.152789,0.00341836,32
10/1/2022,Q3_2223,Trust MPS,Lewisham,0.64,0.709375,0.713711,-0.000922301,-0.00341364,-0.069375,-0.0727886,0.00341836,32
10/1/2022,Q3_2223,Trust MPS,Merton,0.77,0.709375,0.713711,-0.000922301,-0.00341364,0.060625,0.0572114,0.00341836,32
10/1/2022,Q3_2223,Trust MPS,Newham,0.7,0.709375,0.713711,-0.000922301,-0.00341364,-0.009375,-0.0127886,0.00341836,32
10/1/2022,Q3_2223,Trust MPS,Redbridge,0.72,0.709375,0.713711,-0.000922301,-0.00341364,0.010625,0.00721136,0.00341836,32
10/1/2022,Q3_2223,Trust MPS,Richmond upon Thames,0.71,0.709375,0.713711,-0.000922301,-0.00341364,0.000625,-0.00278864,0.00341836,32
10/1/2022,Q3_2223,Trust MPS,Southwark,0.66,0.709375,0.713711,-0.000922301,-0.00341364,-0.049375,-0.0527886,0.00341836,32
10/1/2022,Q3_2223,Trust MPS,Sutton,0.8,0.709375,0.713711,-0.000922301,-0.00341364,0.090625,0.0872114,0.00341836,32
10/1/2022,Q3_2223,Trust MPS,Tower Hamlets,0.68,0.709375,0.713711,-0.000922301,-0.00341364,-0.029375,-0.0327886,0.00341836,32
10/1/2022,Q3_2223,Trust MPS,Waltham Forest,0.64,0.709375,0.713711,-0.000922301,-0.00341364,-0.069375,-0.0727886,0.00341836,32
10/1/2022,Q3_2223,Trust MPS,Wandsworth,0.71,0.709375,0.713711,-0.000922301,-0.00341364,0.000625,-0.00278864,0.00341836,32
10/1/2022,Q3_2223,Trust MPS,Westminster,0.74,0.709375,0.713711,-0.000922301,-0.00341364,0.030625,0.0272114,0.00341836,32
7/1/2022,Q2_2223,Fair treatment,Barking and Dagenham,0.71,0.624375,0.624531,0.00141079,-0.00156704,0.085625,0.084058,0.00873711,32
7/1/2022,Q2_2223,Fair treatment,Barnet,0.71,0.624375,0.624531,0.00141079,-0.00156704,0.085625,0.084058,0.00873711,32
7/1/2022,Q2_2223,Fair treatment,Bexley,0.68,0.624375,0.624531,0.00141079,-0.00156704,0.055625,0.054058,0.00873711,32
7/1/2022,Q2_2223,Fair treatment,Brent,0.71,0.624375,0.624531,0.00141079,-0.00156704,0.085625,0.084058,0.00873711,32
7/1/2022,Q2_2223,Fair treatment,Bromley,0.64,0.624375,0.624531,0.00141079,-0.00156704,0.015625,0.014058,0.00873711,32
7/1/2022,Q2_2223,Fair treatment,Camden,0.5,0.624375,0.624531,0.00141079,-0.00156704,-0.124375,-0.125942,0.00873711,32
7/1/2022,Q2_2223,Fair treatment,Croydon,0.57,0.624375,0.624531,0.00141079,-0.00156704,-0.054375,-0.055942,0.00873711,32
7/1/2022,Q2_2223,Fair treatment,Ealing,0.71,0.624375,0.624531,0.00141079,-0.00156704,0.085625,0.084058,0.00873711,32
7/1/2022,Q2_2223,Fair treatment,Enfield,0.61,0.624375,0.624531,0.00141079,-0.00156704,-0.014375,-0.015942,0.00873711,32
7/1/2022,Q2_2223,Fair treatment,Greenwich,0.6,0.624375,0.624531,0.00141079,-0.00156704,-0.024375,-0.025942,0.00873711,32
7/1/2022,Q2_2223,Fair treatment,Hackney,0.56,0.624375,0.624531,0.00141079,-0.00156704,-0.064375,-0.065942,0.00873711,32
7/1/2022,Q2_2223,Fair treatment,Hammersmith and Fulham,0.61,0.624375,0.624531,0.00141079,-0.00156704,-0.014375,-0.015942,0.00873711,32
7/1/2022,Q2_2223,Fair treatment,Haringey,0.53,0.624375,0.624531,0.00141079,-0.00156704,-0.094375,-0.095942,0.00873711,32
7/1/2022,Q2_2223,Fair treatment,Harrow,0.74,0.624375,0.624531,0.00141079,-0.00156704,0.115625,0.114058,0.00873711,32
7/1/2022,Q2_2223,Fair treatment,Havering,0.7,0.624375,0.624531,0.00141079,-0.00156704,0.075625,0.074058,0.00873711,32
7/1/2022,Q2_2223,Fair treatment,Hillingdon,0.83,0.624375,0.624531,0.00141079,-0.00156704,0.205625,0.204058,0.00873711,32
7/1/2022,Q2_2223,Fair treatment,Hounslow,0.71,0.624375,0.624531,0.00141079,-0.00156704,0.085625,0.084058,0.00873711,32
7/1/2022,Q2_2223,Fair treatment,Islington,0.48,0.624375,0.624531,0.00141079,-0.00156704,-0.144375,-0.145942,0.00873711,32
7/1/2022,Q2_2223,Fair treatment,Kensington and Chelsea,0.66,0.624375,0.624531,0.00141079,-0.00156704,0.035625,0.034058,0.00873711,32
7/1/2022,Q2_2223,Fair treatment,Kingston upon Thames,0.71,0.624375,0.624531,0.00141079,-0.00156704,0.085625,0.084058,0.00873711,32
7/1/2022,Q2_2223,Fair treatment,Lambeth,0.39,0.624375,0.624531,0.00141079,-0.00156704,-0.234375,-0.235942,0.00873711,32
7/1/2022,Q2_2223,Fair treatment,Lewisham,0.53,0.624375,0.624531,0.00141079,-0.00156704,-0.094375,-0.095942,0.00873711,32
7/1/2022,Q2_2223,Fair treatment,Merton,0.65,0.624375,0.624531,0.00141079,-0.00156704,0.025625,0.024058,0.00873711,32
7/1/2022,Q2_2223,Fair treatment,Newham,0.56,0.624375,0.624531,0.00141079,-0.00156704,-0.064375,-0.065942,0.00873711,32
7/1/2022,Q2_2223,Fair treatment,Redbridge,0.68,0.624375,0.624531,0.00141079,-0.00156704,0.055625,0.054058,0.00873711,32
7/1/2022,Q2_2223,Fair treatment,Richmond upon Thames,0.66,0.624375,0.624531,0.00141079,-0.00156704,0.035625,0.034058,0.00873711,32
7/1/2022,Q2_2223,Fair treatment,Southwark,0.53,0.624375,0.624531,0.00141079,-0.00156704,-0.094375,-0.095942,0.00873711,32
7/1/2022,Q2_2223,Fair treatment,Sutton,0.76,0.624375,0.624531,0.00141079,-0.00156704,0.135625,0.134058,0.00873711,32
7/1/2022,Q2_2223,Fair treatment,Tower Hamlets,0.57,0.624375,0.624531,0.00141079,-0.00156704,-0.054375,-0.055942,0.00873711,32
7/1/2022,Q2_2223,Fair treatment,Waltham Forest,0.55,0.624375,0.624531,0.00141079,-0.00156704,-0.074375,-0.075942,0.00873711,32
7/1/2022,Q2_2223,Fair treatment,Wandsworth,0.55,0.624375,0.624531,0.00141079,-0.00156704,-0.074375,-0.075942,0.00873711,32
7/1/2022,Q2_2223,Fair treatment,Westminster,0.58,0.624375,0.624531,0.00141079,-0.00156704,-0.044375,-0.045942,0.00873711,32
7/1/2022,Q2_2223,Good job,Barking and Dagenham,0.5,0.501563,0.495703,0.000102487,0.00575689,-0.0015625,0.00419439,0.00290068,32
7/1/2022,Q2_2223,Good job,Barnet,0.49,0.501563,0.495703,0.000102487,0.00575689,-0.0115625,-0.00580561,0.00290068,32
7/1/2022,Q2_2223,Good job,Bexley,0.5,0.501563,0.495703,0.000102487,0.00575689,-0.0015625,0.00419439,0.00290068,32
7/1/2022,Q2_2223,Good job,Brent,0.54,0.501563,0.495703,0.000102487,0.00575689,0.0384375,0.0441944,0.00290068,32
7/1/2022,Q2_2223,Good job,Bromley,0.56,0.501563,0.495703,0.000102487,0.00575689,0.0584375,0.0641944,0.00290068,32
7/1/2022,Q2_2223,Good job,Camden,0.46,0.501563,0.495703,0.000102487,0.00575689,-0.0415625,-0.0358056,0.00290068,32
7/1/2022,Q2_2223,Good job,Croydon,0.38,0.501563,0.495703,0.000102487,0.00575689,-0.121563,-0.115806,0.00290068,32
7/1/2022,Q2_2223,Good job,Ealing,0.5,0.501563,0.495703,0.000102487,0.00575689,-0.0015625,0.00419439,0.00290068,32
7/1/2022,Q2_2223,Good job,Enfield,0.44,0.501563,0.495703,0.000102487,0.00575689,-0.0615625,-0.0558056,0.00290068,32
7/1/2022,Q2_2223,Good job,Greenwich,0.45,0.501563,0.495703,0.000102487,0.00575689,-0.0515625,-0.0458056,0.00290068,32
7/1/2022,Q2_2223,Good job,Hackney,0.47,0.501563,0.495703,0.000102487,0.00575689,-0.0315625,-0.0258056,0.00290068,32
7/1/2022,Q2_2223,Good job,Hammersmith and Fulham,0.55,0.501563,0.495703,0.000102487,0.00575689,0.0484375,0.0541944,0.00290068,32
7/1/2022,Q2_2223,Good job,Haringey,0.5,0.501563,0.495703,0.000102487,0.00575689,-0.0015625,0.00419439,0.00290068,32
7/1/2022,Q2_2223,Good job,Harrow,0.53,0.501563,0.495703,0.000102487,0.00575689,0.0284375,0.0341944,0.00290068,32
7/1/2022,Q2_2223,Good job,Havering,0.51,0.501563,0.495703,0.000102487,0.00575689,0.0084375,0.0141944,0.00290068,32
7/1/2022,Q2_2223,Good job,Hillingdon,0.58,0.501563,0.495703,0.000102487,0.00575689,0.0784375,0.0841944,0.00290068,32
7/1/2022,Q2_2223,Good job,Hounslow,0.55,0.501563,0.495703,0.000102487,0.00575689,0.0484375,0.0541944,0.00290068,32
7/1/2022,Q2_2223,Good job,Islington,0.47,0.501563,0.495703,0.000102487,0.00575689,-0.0315625,-0.0258056,0.00290068,32
7/1/2022,Q2_2223,Good job,Kensington and Chelsea,0.55,0.501563,0.495703,0.000102487,0.00575689,0.0484375,0.0541944,0.00290068,32
7/1/2022,Q2_2223,Good job,Kingston upon Thames,0.58,0.501563,0.495703,0.000102487,0.00575689,0.0784375,0.0841944,0.00290068,32
7/1/2022,Q2_2223,Good job,Lambeth,0.42,0.501563,0.495703,0.000102487,0.00575689,-0.0815625,-0.0758056,0.00290068,32
7/1/2022,Q2_2223,Good job,Lewisham,0.43,0.501563,0.495703,0.000102487,0.00575689,-0.0715625,-0.0658056,0.00290068,32
7/1/2022,Q2_2223,Good job,Merton,0.52,0.501563,0.495703,0.000102487,0.00575689,0.0184375,0.0241944,0.00290068,32
7/1/2022,Q2_2223,Good job,Newham,0.45,0.501563,0.495703,0.000102487,0.00575689,-0.0515625,-0.0458056,0.00290068,32
7/1/2022,Q2_2223,Good job,Redbridge,0.51,0.501563,0.495703,0.000102487,0.00575689,0.0084375,0.0141944,0.00290068,32
7/1/2022,Q2_2223,Good job,Richmond upon Thames,0.6,0.501563,0.495703,0.000102487,0.00575689,0.0984375,0.104194,0.00290068,32
7/1/2022,Q2_2223,Good job,Southwark,0.54,0.501563,0.495703,0.000102487,0.00575689,0.0384375,0.0441944,0.00290068,32
7/1/2022,Q2_2223,Good job,Sutton,0.56,0.501563,0.495703,0.000102487,0.00575689,0.0584375,0.0641944,0.00290068,32
7/1/2022,Q2_2223,Good job,Tower Hamlets,0.46,0.501563,0.495703,0.000102487,0.00575689,-0.0415625,-0.0358056,0.00290068,32
7/1/2022,Q2_2223,Good job,Waltham Forest,0.4,0.501563,0.495703,0.000102487,0.00575689,-0.101562,-0.0958056,0.00290068,32
7/1/2022,Q2_2223,Good job,Wandsworth,0.52,0.501563,0.495703,0.000102487,0.00575689,0.0184375,0.0241944,0.00290068,32
7/1/2022,Q2_2223,Good job,Westminster,0.53,0.501563,0.495703,0.000102487,0.00575689,0.0284375,0.0341944,0.00290068,32
7/1/2022,Q2_2223,Trust MPS,Barking and Dagenham,0.77,0.716875,0.719297,0.00257614,-0.00499801,0.053125,0.048127,0.00359023,32
7/1/2022,Q2_2223,Trust MPS,Barnet,0.74,0.716875,0.719297,0.00257614,-0.00499801,0.023125,0.018127,0.00359023,32
7/1/2022,Q2_2223,Trust MPS,Bexley,0.74,0.716875,0.719297,0.00257614,-0.00499801,0.023125,0.018127,0.00359023,32
7/1/2022,Q2_2223,Trust MPS,Brent,0.73,0.716875,0.719297,0.00257614,-0.00499801,0.013125,0.00812699,0.00359023,32
7/1/2022,Q2_2223,Trust MPS,Bromley,0.73,0.716875,0.719297,0.00257614,-0.00499801,0.013125,0.00812699,0.00359023,32
7/1/2022,Q2_2223,Trust MPS,Camden,0.66,0.716875,0.719297,0.00257614,-0.00499801,-0.056875,-0.061873,0.00359023,32
7/1/2022,Q2_2223,Trust MPS,Croydon,0.67,0.716875,0.719297,0.00257614,-0.00499801,-0.046875,-0.051873,0.00359023,32
7/1/2022,Q2_2223,Trust MPS,Ealing,0.77,0.716875,0.719297,0.00257614,-0.00499801,0.053125,0.048127,0.00359023,32
7/1/2022,Q2_2223,Trust MPS,Enfield,0.67,0.716875,0.719297,0.00257614,-0.00499801,-0.046875,-0.051873,0.00359023,32
7/1/2022,Q2_2223,Trust MPS,Greenwich,0.67,0.716875,0.719297,0.00257614,-0.00499801,-0.046875,-0.051873,0.00359023,32
7/1/2022,Q2_2223,Trust MPS,Hackney,0.67,0.716875,0.719297,0.00257614,-0.00499801,-0.046875,-0.051873,0.00359023,32
7/1/2022,Q2_2223,Trust MPS,Hammersmith and Fulham,0.74,0.716875,0.719297,0.00257614,-0.00499801,0.023125,0.018127,0.00359023,32
7/1/2022,Q2_2223,Trust MPS,Haringey,0.67,0.716875,0.719297,0.00257614,-0.00499801,-0.046875,-0.051873,0.00359023,32
7/1/2022,Q2_2223,Trust MPS,Harrow,0.78,0.716875,0.719297,0.00257614,-0.00499801,0.063125,0.058127,0.00359023,32
7/1/2022,Q2_2223,Trust MPS,Havering,0.78,0.716875,0.719297,0.00257614,-0.00499801,0.063125,0.058127,0.00359023,32
7/1/2022,Q2_2223,Trust MPS,Hillingdon,0.8,0.716875,0.719297,0.00257614,-0.00499801,0.083125,0.078127,0.00359023,32
7/1/2022,Q2_2223,Trust MPS,Hounslow,0.79,0.716875,0.719297,0.00257614,-0.00499801,0.073125,0.068127,0.00359023,32
7/1/2022,Q2_2223,Trust MPS,Islington,0.61,0.716875,0.719297,0.00257614,-0.00499801,-0.106875,-0.111873,0.00359023,32
7/1/2022,Q2_2223,Trust MPS,Kensington and Chelsea,0.77,0.716875,0.719297,0.00257614,-0.00499801,0.053125,0.048127,0.00359023,32
7/1/2022,Q2_2223,Trust MPS,Kingston upon Thames,0.78,0.716875,0.719297,0.00257614,-0.00499801,0.063125,0.058127,0.00359023,32
7/1/2022,Q2_2223,Trust MPS,Lambeth,0.53,0.716875,0.719297,0.00257614,-0.00499801,-0.186875,-0.191873,0.00359023,32
7/1/2022,Q2_2223,Trust MPS,Lewisham,0.65,0.716875,0.719297,0.00257614,-0.00499801,-0.066875,-0.071873,0.00359023,32
7/1/2022,Q2_2223,Trust MPS,Merton,0.76,0.716875,0.719297,0.00257614,-0.00499801,0.043125,0.038127,0.00359023,32
7/1/2022,Q2_2223,Trust MPS,Newham,0.67,0.716875,0.719297,0.00257614,-0.00499801,-0.046875,-0.051873,0.00359023,32
7/1/2022,Q2_2223,Trust MPS,Redbridge,0.73,0.716875,0.719297,0.00257614,-0.00499801,0.013125,0.00812699,0.00359023,32
7/1/2022,Q2_2223,Trust MPS,Richmond upon Thames,0.74,0.716875,0.719297,0.00257614,-0.00499801,0.023125,0.018127,0.00359023,32
7/1/2022,Q2_2223,Trust MPS,Southwark,0.73,0.716875,0.719297,0.00257614,-0.00499801,0.013125,0.00812699,0.00359023,32
7/1/2022,Q2_2223,Trust MPS,Sutton,0.77,0.716875,0.719297,0.00257614,-0.00499801,0.053125,0.048127,0.00359023,32
7/1/2022,Q2_2223,Trust MPS,Tower Hamlets,0.68,0.716875,0.719297,0.00257614,-0.00499801,-0.036875,-0.041873,0.00359023,32
7/1/2022,Q2_2223,Trust MPS,Waltham Forest,0.66,0.716875,0.719297,0.00257614,-0.00499801,-0.056875,-0.061873,0.00359023,32
7/1/2022,Q2_2223,Trust MPS,Wandsworth,0.71,0.716875,0.719297,0.00257614,-0.00499801,-0.006875,-0.011873,0.00359023,32
7/1/2022,Q2_2223,Trust MPS,Westminster,0.77,0.716875,0.719297,0.00257614,-0.00499801,0.053125,0.048127,0.00359023,32
4/1/2022,Q1_2223,Fair treatment,Barking and Dagenham,0.7,0.618125,0.625898,-1.68E-05,-0.00775667,0.081875,0.0741183,0.00786523,32
4/1/2022,Q1_2223,Fair treatment,Barnet,0.71,0.618125,0.625898,-1.68E-05,-0.00775667,0.091875,0.0841183,0.00786523,32
4/1/2022,Q1_2223,Fair treatment,Bexley,0.68,0.618125,0.625898,-1.68E-05,-0.00775667,0.061875,0.0541183,0.00786523,32
4/1/2022,Q1_2223,Fair treatment,Brent,0.69,0.618125,0.625898,-1.68E-05,-0.00775667,0.071875,0.0641183,0.00786523,32
4/1/2022,Q1_2223,Fair treatment,Bromley,0.62,0.618125,0.625898,-1.68E-05,-0.00775667,0.001875,-0.00588167,0.00786523,32
4/1/2022,Q1_2223,Fair treatment,Camden,0.51,0.618125,0.625898,-1.68E-05,-0.00775667,-0.108125,-0.115882,0.00786523,32
4/1/2022,Q1_2223,Fair treatment,Croydon,0.57,0.618125,0.625898,-1.68E-05,-0.00775667,-0.048125,-0.0558817,0.00786523,32
4/1/2022,Q1_2223,Fair treatment,Ealing,0.67,0.618125,0.625898,-1.68E-05,-0.00775667,0.051875,0.0441183,0.00786523,32
4/1/2022,Q1_2223,Fair treatment,Enfield,0.61,0.618125,0.625898,-1.68E-05,-0.00775667,-0.008125,-0.0158817,0.00786523,32
4/1/2022,Q1_2223,Fair treatment,Greenwich,0.58,0.618125,0.625898,-1.68E-05,-0.00775667,-0.038125,-0.0458817,0.00786523,32
4/1/2022,Q1_2223,Fair treatment,Hackney,0.54,0.618125,0.625898,-1.68E-05,-0.00775667,-0.078125,-0.0858817,0.00786523,32
4/1/2022,Q1_2223,Fair treatment,Hammersmith and Fulham,0.62,0.618125,0.625898,-1.68E-05,-0.00775667,0.001875,-0.00588167,0.00786523,32
4/1/2022,Q1_2223,Fair treatment,Haringey,0.53,0.618125,0.625898,-1.68E-05,-0.00775667,-0.088125,-0.0958817,0.00786523,32
4/1/2022,Q1_2223,Fair treatment,Harrow,0.7,0.618125,0.625898,-1.68E-05,-0.00775667,0.081875,0.0741183,0.00786523,32
4/1/2022,Q1_2223,Fair treatment,Havering,0.69,0.618125,0.625898,-1.68E-05,-0.00775667,0.071875,0.0641183,0.00786523,32
4/1/2022,Q1_2223,Fair treatment,Hillingdon,0.78,0.618125,0.625898,-1.68E-05,-0.00775667,0.161875,0.154118,0.00786523,32
4/1/2022,Q1_2223,Fair treatment,Hounslow,0.71,0.618125,0.625898,-1.68E-05,-0.00775667,0.091875,0.0841183,0.00786523,32
4/1/2022,Q1_2223,Fair treatment,Islington,0.5,0.618125,0.625898,-1.68E-05,-0.00775667,-0.118125,-0.125882,0.00786523,32
4/1/2022,Q1_2223,Fair treatment,Kensington and Chelsea,0.65,0.618125,0.625898,-1.68E-05,-0.00775667,0.031875,0.0241183,0.00786523,32
4/1/2022,Q1_2223,Fair treatment,Kingston upon Thames,0.72,0.618125,0.625898,-1.68E-05,-0.00775667,0.101875,0.0941183,0.00786523,32
4/1/2022,Q1_2223,Fair treatment,Lambeth,0.38,0.618125,0.625898,-1.68E-05,-0.00775667,-0.238125,-0.245882,0.00786523,32
4/1/2022,Q1_2223,Fair treatment,Lewisham,0.5,0.618125,0.625898,-1.68E-05,-0.00775667,-0.118125,-0.125882,0.00786523,32
4/1/2022,Q1_2223,Fair treatment,Merton,0.58,0.618125,0.625898,-1.68E-05,-0.00775667,-0.038125,-0.0458817,0.00786523,32
4/1/2022,Q1_2223,Fair treatment,Newham,0.6,0.618125,0.625898,-1.68E-05,-0.00775667,-0.018125,-0.0258817,0.00786523,32
4/1/2022,Q1_2223,Fair treatment,Redbridge,0.67,0.618125,0.625898,-1.68E-05,-0.00775667,0.051875,0.0441183,0.00786523,32
4/1/2022,Q1_2223,Fair treatment,Richmond upon Thames,0.71,0.618125,0.625898,-1.68E-05,-0.00775667,0.091875,0.0841183,0.00786523,32
4/1/2022,Q1_2223,Fair treatment,Southwark,0.51,0.618125,0.625898,-1.68E-05,-0.00775667,-0.108125,-0.115882,0.00786523,32
4/1/2022,Q1_2223,Fair treatment,Sutton,0.74,0.618125,0.625898,-1.68E-05,-0.00775667,0.121875,0.114118,0.00786523,32
4/1/2022,Q1_2223,Fair treatment,Tower Hamlets,0.62,0.618125,0.625898,-1.68E-05,-0.00775667,0.001875,-0.00588167,0.00786523,32
4/1/2022,Q1_2223,Fair treatment,Waltham Forest,0.6,0.618125,0.625898,-1.68E-05,-0.00775667,-0.018125,-0.0258817,0.00786523,32
4/1/2022,Q1_2223,Fair treatment,Wandsworth,0.51,0.618125,0.625898,-1.68E-05,-0.00775667,-0.108125,-0.115882,0.00786523,32
4/1/2022,Q1_2223,Fair treatment,Westminster,0.58,0.618125,0.625898,-1.68E-05,-0.00775667,-0.038125,-0.0458817,0.00786523,32
4/1/2022,Q1_2223,Good job,Barking and Dagenham,0.47,0.492187,0.498164,-0.00105518,-0.00492138,-0.0221875,-0.0271089,0.00313584,32
4/1/2022,Q1_2223,Good job,Barnet,0.49,0.492187,0.498164,-0.00105518,-0.00492138,-0.0021875,-0.00710888,0.00313584,32
4/1/2022,Q1_2223,Good job,Bexley,0.48,0.492187,0.498164,-0.00105518,-0.00492138,-0.0121875,-0.0171089,0.00313584,32
4/1/2022,Q1_2223,Good job,Brent,0.56,0.492187,0.498164,-0.00105518,-0.00492138,0.0678125,0.0628911,0.00313584,32
4/1/2022,Q1_2223,Good job,Bromley,0.56,0.492187,0.498164,-0.00105518,-0.00492138,0.0678125,0.0628911,0.00313584,32
4/1/2022,Q1_2223,Good job,Camden,0.45,0.492187,0.498164,-0.00105518,-0.00492138,-0.0421875,-0.0471089,0.00313584,32
4/1/2022,Q1_2223,Good job,Croydon,0.38,0.492187,0.498164,-0.00105518,-0.00492138,-0.112187,-0.117109,0.00313584,32
4/1/2022,Q1_2223,Good job,Ealing,0.48,0.492187,0.498164,-0.00105518,-0.00492138,-0.0121875,-0.0171089,0.00313584,32
4/1/2022,Q1_2223,Good job,Enfield,0.45,0.492187,0.498164,-0.00105518,-0.00492138,-0.0421875,-0.0471089,0.00313584,32
4/1/2022,Q1_2223,Good job,Greenwich,0.45,0.492187,0.498164,-0.00105518,-0.00492138,-0.0421875,-0.0471089,0.00313584,32
4/1/2022,Q1_2223,Good job,Hackney,0.45,0.492187,0.498164,-0.00105518,-0.00492138,-0.0421875,-0.0471089,0.00313584,32
4/1/2022,Q1_2223,Good job,Hammersmith and Fulham,0.55,0.492187,0.498164,-0.00105518,-0.00492138,0.0578125,0.0528911,0.00313584,32
4/1/2022,Q1_2223,Good job,Haringey,0.49,0.492187,0.498164,-0.00105518,-0.00492138,-0.0021875,-0.00710888,0.00313584,32
4/1/2022,Q1_2223,Good job,Harrow,0.49,0.492187,0.498164,-0.00105518,-0.00492138,-0.0021875,-0.00710888,0.00313584,32
4/1/2022,Q1_2223,Good job,Havering,0.53,0.492187,0.498164,-0.00105518,-0.00492138,0.0378125,0.0328911,0.00313584,32
4/1/2022,Q1_2223,Good job,Hillingdon,0.51,0.492187,0.498164,-0.00105518,-0.00492138,0.0178125,0.0128911,0.00313584,32
4/1/2022,Q1_2223,Good job,Hounslow,0.53,0.492187,0.498164,-0.00105518,-0.00492138,0.0378125,0.0328911,0.00313584,32
4/1/2022,Q1_2223,Good job,Islington,0.49,0.492187,0.498164,-0.00105518,-0.00492138,-0.0021875,-0.00710888,0.00313584,32
4/1/2022,Q1_2223,Good job,Kensington and Chelsea,0.56,0.492187,0.498164,-0.00105518,-0.00492138,0.0678125,0.0628911,0.00313584,32
4/1/2022,Q1_2223,Good job,Kingston upon Thames,0.58,0.492187,0.498164,-0.00105518,-0.00492138,0.0878125,0.0828911,0.00313584,32
4/1/2022,Q1_2223,Good job,Lambeth,0.43,0.492187,0.498164,-0.00105518,-0.00492138,-0.0621875,-0.0671089,0.00313584,32
4/1/2022,Q1_2223,Good job,Lewisham,0.4,0.492187,0.498164,-0.00105518,-0.00492138,-0.0921875,-0.0971089,0.00313584,32
4/1/2022,Q1_2223,Good job,Merton,0.5,0.492187,0.498164,-0.00105518,-0.00492138,0.0078125,0.00289112,0.00313584,32
4/1/2022,Q1_2223,Good job,Newham,0.44,0.492187,0.498164,-0.00105518,-0.00492138,-0.0521875,-0.0571089,0.00313584,32
4/1/2022,Q1_2223,Good job,Redbridge,0.46,0.492187,0.498164,-0.00105518,-0.00492138,-0.0321875,-0.0371089,0.00313584,32
4/1/2022,Q1_2223,Good job,Richmond upon Thames,0.64,0.492187,0.498164,-0.00105518,-0.00492138,0.147813,0.142891,0.00313584,32
4/1/2022,Q1_2223,Good job,Southwark,0.48,0.492187,0.498164,-0.00105518,-0.00492138,-0.0121875,-0.0171089,0.00313584,32
4/1/2022,Q1_2223,Good job,Sutton,0.57,0.492187,0.498164,-0.00105518,-0.00492138,0.0778125,0.0728911,0.00313584,32
4/1/2022,Q1_2223,Good job,Tower Hamlets,0.47,0.492187,0.498164,-0.00105518,-0.00492138,-0.0221875,-0.0271089,0.00313584,32
4/1/2022,Q1_2223,Good job,Waltham Forest,0.41,0.492187,0.498164,-0.00105518,-0.00492138,-0.0821875,-0.0871089,0.00313584,32
4/1/2022,Q1_2223,Good job,Wandsworth,0.49,0.492187,0.498164,-0.00105518,-0.00492138,-0.0021875,-0.00710888,0.00313584,32
4/1/2022,Q1_2223,Good job,Westminster,0.51,0.492187,0.498164,-0.00105518,-0.00492138,0.0178125,0.0128911,0.00313584,32
4/1/2022,Q1_2223,Trust MPS,Barking and Dagenham,0.75,0.724688,0.729336,0.00190036,-0.00654879,0.0253125,0.0187637,0.00274365,32
4/1/2022,Q1_2223,Trust MPS,Barnet,0.75,0.724688,0.729336,0.00190036,-0.00654879,0.0253125,0.0187637,0.00274365,32
4/1/2022,Q1_2223,Trust MPS,Bexley,0.77,0.724688,0.729336,0.00190036,-0.00654879,0.0453125,0.0387637,0.00274365,32
4/1/2022,Q1_2223,Trust MPS,Brent,0.76,0.724688,0.729336,0.00190036,-0.00654879,0.0353125,0.0287637,0.00274365,32
4/1/2022,Q1_2223,Trust MPS,Bromley,0.75,0.724688,0.729336,0.00190036,-0.00654879,0.0253125,0.0187637,0.00274365,32
4/1/2022,Q1_2223,Trust MPS,Camden,0.68,0.724688,0.729336,0.00190036,-0.00654879,-0.0446875,-0.0512363,0.00274365,32
4/1/2022,Q1_2223,Trust MPS,Croydon,0.67,0.724688,0.729336,0.00190036,-0.00654879,-0.0546875,-0.0612363,0.00274365,32
4/1/2022,Q1_2223,Trust MPS,Ealing,0.78,0.724688,0.729336,0.00190036,-0.00654879,0.0553125,0.0487637,0.00274365,32
4/1/2022,Q1_2223,Trust MPS,Enfield,0.68,0.724688,0.729336,0.00190036,-0.00654879,-0.0446875,-0.0512363,0.00274365,32
4/1/2022,Q1_2223,Trust MPS,Greenwich,0.68,0.724688,0.729336,0.00190036,-0.00654879,-0.0446875,-0.0512363,0.00274365,32
4/1/2022,Q1_2223,Trust MPS,Hackney,0.67,0.724688,0.729336,0.00190036,-0.00654879,-0.0546875,-0.0612363,0.00274365,32
4/1/2022,Q1_2223,Trust MPS,Hammersmith and Fulham,0.75,0.724688,0.729336,0.00190036,-0.00654879,0.0253125,0.0187637,0.00274365,32
4/1/2022,Q1_2223,Trust MPS,Haringey,0.68,0.724688,0.729336,0.00190036,-0.00654879,-0.0446875,-0.0512363,0.00274365,32
4/1/2022,Q1_2223,Trust MPS,Harrow,0.77,0.724688,0.729336,0.00190036,-0.00654879,0.0453125,0.0387637,0.00274365,32
4/1/2022,Q1_2223,Trust MPS,Havering,0.79,0.724688,0.729336,0.00190036,-0.00654879,0.0653125,0.0587637,0.00274365,32
4/1/2022,Q1_2223,Trust MPS,Hillingdon,0.8,0.724688,0.729336,0.00190036,-0.00654879,0.0753125,0.0687637,0.00274365,32
4/1/2022,Q1_2223,Trust MPS,Hounslow,0.78,0.724688,0.729336,0.00190036,-0.00654879,0.0553125,0.0487637,0.00274365,32
4/1/2022,Q1_2223,Trust MPS,Islington,0.63,0.724688,0.729336,0.00190036,-0.00654879,-0.0946875,-0.101236,0.00274365,32
4/1/2022,Q1_2223,Trust MPS,Kensington and Chelsea,0.78,0.724688,0.729336,0.00190036,-0.00654879,0.0553125,0.0487637,0.00274365,32
4/1/2022,Q1_2223,Trust MPS,Kingston upon Thames,0.77,0.724688,0.729336,0.00190036,-0.00654879,0.0453125,0.0387637,0.00274365,32
4/1/2022,Q1_2223,Trust MPS,Lambeth,0.58,0.724688,0.729336,0.00190036,-0.00654879,-0.144688,-0.151236,0.00274365,32
4/1/2022,Q1_2223,Trust MPS,Lewisham,0.64,0.724688,0.729336,0.00190036,-0.00654879,-0.0846875,-0.0912363,0.00274365,32
4/1/2022,Q1_2223,Trust MPS,Merton,0.75,0.724688,0.729336,0.00190036,-0.00654879,0.0253125,0.0187637,0.00274365,32
4/1/2022,Q1_2223,Trust MPS,Newham,0.68,0.724688,0.729336,0.00190036,-0.00654879,-0.0446875,-0.0512363,0.00274365,32
4/1/2022,Q1_2223,Trust MPS,Redbridge,0.72,0.724688,0.729336,0.00190036,-0.00654879,-0.0046875,-0.0112363,0.00274365,32
4/1/2022,Q1_2223,Trust MPS,Richmond upon Thames,0.73,0.724688,0.729336,0.00190036,-0.00654879,0.0053125,-0.00123629,0.00274365,32
4/1/2022,Q1_2223,Trust MPS,Southwark,0.72,0.724688,0.729336,0.00190036,-0.00654879,-0.0046875,-0.0112363,0.00274365,32
4/1/2022,Q1_2223,Trust MPS,Sutton,0.77,0.724688,0.729336,0.00190036,-0.00654879,0.0453125,0.0387637,0.00274365,32
4/1/2022,Q1_2223,Trust MPS,Tower Hamlets,0.71,0.724688,0.729336,0.00190036,-0.00654879,-0.0146875,-0.0212363,0.00274365,32
4/1/2022,Q1_2223,Trust MPS,Waltham Forest,0.7,0.724688,0.729336,0.00190036,-0.00654879,-0.0246875,-0.0312363,0.00274365,32
4/1/2022,Q1_2223,Trust MPS,Wandsworth,0.73,0.724688,0.729336,0.00190036,-0.00654879,0.0053125,-0.00123629,0.00274365,32
4/1/2022,Q1_2223,Trust MPS,Westminster,0.77,0.724688,0.729336,0.00190036,-0.00654879,0.0453125,0.0387637,0.00274365,32
1/1/2022,Q4_2122,Fair treatment,Barking and Dagenham,0.7,0.623438,0.634414,-0.00136709,-0.00960947,0.0765625,0.066953,0.00867881,32
1/1/2022,Q4_2122,Fair treatment,Barnet,0.73,0.623438,0.634414,-0.00136709,-0.00960947,0.106562,0.096953,0.00867881,32
1/1/2022,Q4_2122,Fair treatment,Bexley,0.71,0.623438,0.634414,-0.00136709,-0.00960947,0.0865625,0.076953,0.00867881,32
1/1/2022,Q4_2122,Fair treatment,Brent,0.68,0.623438,0.634414,-0.00136709,-0.00960947,0.0565625,0.046953,0.00867881,32
1/1/2022,Q4_2122,Fair treatment,Bromley,0.59,0.623438,0.634414,-0.00136709,-0.00960947,-0.0334375,-0.043047,0.00867881,32
1/1/2022,Q4_2122,Fair treatment,Camden,0.52,0.623438,0.634414,-0.00136709,-0.00960947,-0.103438,-0.113047,0.00867881,32
1/1/2022,Q4_2122,Fair treatment,Croydon,0.56,0.623438,0.634414,-0.00136709,-0.00960947,-0.0634375,-0.073047,0.00867881,32
1/1/2022,Q4_2122,Fair treatment,Ealing,0.63,0.623438,0.634414,-0.00136709,-0.00960947,0.0065625,-0.00304697,0.00867881,32
1/1/2022,Q4_2122,Fair treatment,Enfield,0.58,0.623438,0.634414,-0.00136709,-0.00960947,-0.0434375,-0.053047,0.00867881,32
1/1/2022,Q4_2122,Fair treatment,Greenwich,0.6,0.623438,0.634414,-0.00136709,-0.00960947,-0.0234375,-0.033047,0.00867881,32
1/1/2022,Q4_2122,Fair treatment,Hackney,0.55,0.623438,0.634414,-0.00136709,-0.00960947,-0.0734375,-0.083047,0.00867881,32
1/1/2022,Q4_2122,Fair treatment,Hammersmith and Fulham,0.63,0.623438,0.634414,-0.00136709,-0.00960947,0.0065625,-0.00304697,0.00867881,32
1/1/2022,Q4_2122,Fair treatment,Haringey,0.56,0.623438,0.634414,-0.00136709,-0.00960947,-0.0634375,-0.073047,0.00867881,32
1/1/2022,Q4_2122,Fair treatment,Harrow,0.68,0.623438,0.634414,-0.00136709,-0.00960947,0.0565625,0.046953,0.00867881,32
1/1/2022,Q4_2122,Fair treatment,Havering,0.69,0.623438,0.634414,-0.00136709,-0.00960947,0.0665625,0.056953,0.00867881,32
1/1/2022,Q4_2122,Fair treatment,Hillingdon,0.8,0.623438,0.634414,-0.00136709,-0.00960947,0.176562,0.166953,0.00867881,32
1/1/2022,Q4_2122,Fair treatment,Hounslow,0.73,0.623438,0.634414,-0.00136709,-0.00960947,0.106562,0.096953,0.00867881,32
1/1/2022,Q4_2122,Fair treatment,Islington,0.48,0.623438,0.634414,-0.00136709,-0.00960947,-0.143438,-0.153047,0.00867881,32
1/1/2022,Q4_2122,Fair treatment,Kensington and Chelsea,0.62,0.623438,0.634414,-0.00136709,-0.00960947,-0.0034375,-0.013047,0.00867881,32
1/1/2022,Q4_2122,Fair treatment,Kingston upon Thames,0.77,0.623438,0.634414,-0.00136709,-0.00960947,0.146562,0.136953,0.00867881,32
1/1/2022,Q4_2122,Fair treatment,Lambeth,0.39,0.623438,0.634414,-0.00136709,-0.00960947,-0.233438,-0.243047,0.00867881,32
1/1/2022,Q4_2122,Fair treatment,Lewisham,0.49,0.623438,0.634414,-0.00136709,-0.00960947,-0.133438,-0.143047,0.00867881,32
1/1/2022,Q4_2122,Fair treatment,Merton,0.59,0.623438,0.634414,-0.00136709,-0.00960947,-0.0334375,-0.043047,0.00867881,32
1/1/2022,Q4_2122,Fair treatment,Newham,0.61,0.623438,0.634414,-0.00136709,-0.00960947,-0.0134375,-0.023047,0.00867881,32
1/1/2022,Q4_2122,Fair treatment,Redbridge,0.66,0.623438,0.634414,-0.00136709,-0.00960947,0.0365625,0.026953,0.00867881,32
1/1/2022,Q4_2122,Fair treatment,Richmond upon Thames,0.75,0.623438,0.634414,-0.00136709,-0.00960947,0.126562,0.116953,0.00867881,32
1/1/2022,Q4_2122,Fair treatment,Southwark,0.51,0.623438,0.634414,-0.00136709,-0.00960947,-0.113438,-0.123047,0.00867881,32
1/1/2022,Q4_2122,Fair treatment,Sutton,0.76,0.623438,0.634414,-0.00136709,-0.00960947,0.136562,0.126953,0.00867881,32
1/1/2022,Q4_2122,Fair treatment,Tower Hamlets,0.62,0.623438,0.634414,-0.00136709,-0.00960947,-0.0034375,-0.013047,0.00867881,32
1/1/2022,Q4_2122,Fair treatment,Waltham Forest,0.63,0.623438,0.634414,-0.00136709,-0.00960947,0.0065625,-0.00304697,0.00867881,32
1/1/2022,Q4_2122,Fair treatment,Wandsworth,0.55,0.623438,0.634414,-0.00136709,-0.00960947,-0.0734375,-0.083047,0.00867881,32
1/1/2022,Q4_2122,Fair treatment,Westminster,0.58,0.623438,0.634414,-0.00136709,-0.00960947,-0.0434375,-0.053047,0.00867881,32
1/1/2022,Q4_2122,Good job,Barking and Dagenham,0.46,0.494062,0.504922,0.000292591,-0.011152,-0.0340625,-0.0452145,0.00424287,32
1/1/2022,Q4_2122,Good job,Barnet,0.51,0.494062,0.504922,0.000292591,-0.011152,0.0159375,0.00478553,0.00424287,32
1/1/2022,Q4_2122,Good job,Bexley,0.51,0.494062,0.504922,0.000292591,-0.011152,0.0159375,0.00478553,0.00424287,32
1/1/2022,Q4_2122,Good job,Brent,0.56,0.494062,0.504922,0.000292591,-0.011152,0.0659375,0.0547855,0.00424287,32
1/1/2022,Q4_2122,Good job,Bromley,0.58,0.494062,0.504922,0.000292591,-0.011152,0.0859375,0.0747855,0.00424287,32
1/1/2022,Q4_2122,Good job,Camden,0.46,0.494062,0.504922,0.000292591,-0.011152,-0.0340625,-0.0452145,0.00424287,32
1/1/2022,Q4_2122,Good job,Croydon,0.37,0.494062,0.504922,0.000292591,-0.011152,-0.124062,-0.135214,0.00424287,32
1/1/2022,Q4_2122,Good job,Ealing,0.44,0.494062,0.504922,0.000292591,-0.011152,-0.0540625,-0.0652145,0.00424287,32
1/1/2022,Q4_2122,Good job,Enfield,0.44,0.494062,0.504922,0.000292591,-0.011152,-0.0540625,-0.0652145,0.00424287,32
1/1/2022,Q4_2122,Good job,Greenwich,0.45,0.494062,0.504922,0.000292591,-0.011152,-0.0440625,-0.0552145,0.00424287,32
1/1/2022,Q4_2122,Good job,Hackney,0.46,0.494062,0.504922,0.000292591,-0.011152,-0.0340625,-0.0452145,0.00424287,32
1/1/2022,Q4_2122,Good job,Hammersmith and Fulham,0.51,0.494062,0.504922,0.000292591,-0.011152,0.0159375,0.00478553,0.00424287,32
1/1/2022,Q4_2122,Good job,Haringey,0.49,0.494062,0.504922,0.000292591,-0.011152,-0.0040625,-0.0152145,0.00424287,32
1/1/2022,Q4_2122,Good job,Harrow,0.48,0.494062,0.504922,0.000292591,-0.011152,-0.0140625,-0.0252145,0.00424287,32
1/1/2022,Q4_2122,Good job,Havering,0.5,0.494062,0.504922,0.000292591,-0.011152,0.0059375,-0.00521447,0.00424287,32
1/1/2022,Q4_2122,Good job,Hillingdon,0.52,0.494062,0.504922,0.000292591,-0.011152,0.0259375,0.0147855,0.00424287,32
1/1/2022,Q4_2122,Good job,Hounslow,0.55,0.494062,0.504922,0.000292591,-0.011152,0.0559375,0.0447855,0.00424287,32
1/1/2022,Q4_2122,Good job,Islington,0.5,0.494062,0.504922,0.000292591,-0.011152,0.0059375,-0.00521447,0.00424287,32
1/1/2022,Q4_2122,Good job,Kensington and Chelsea,0.54,0.494062,0.504922,0.000292591,-0.011152,0.0459375,0.0347855,0.00424287,32
1/1/2022,Q4_2122,Good job,Kingston upon Thames,0.62,0.494062,0.504922,0.000292591,-0.011152,0.125938,0.114786,0.00424287,32
1/1/2022,Q4_2122,Good job,Lambeth,0.4,0.494062,0.504922,0.000292591,-0.011152,-0.0940625,-0.105214,0.00424287,32
1/1/2022,Q4_2122,Good job,Lewisham,0.4,0.494062,0.504922,0.000292591,-0.011152,-0.0940625,-0.105214,0.00424287,32
1/1/2022,Q4_2122,Good job,Merton,0.49,0.494062,0.504922,0.000292591,-0.011152,-0.0040625,-0.0152145,0.00424287,32
1/1/2022,Q4_2122,Good job,Newham,0.41,0.494062,0.504922,0.000292591,-0.011152,-0.0840625,-0.0952145,0.00424287,32
1/1/2022,Q4_2122,Good job,Redbridge,0.46,0.494062,0.504922,0.000292591,-0.011152,-0.0340625,-0.0452145,0.00424287,32
1/1/2022,Q4_2122,Good job,Richmond upon Thames,0.67,0.494062,0.504922,0.000292591,-0.011152,0.175938,0.164786,0.00424287,32
1/1/2022,Q4_2122,Good job,Southwark,0.48,0.494062,0.504922,0.000292591,-0.011152,-0.0140625,-0.0252145,0.00424287,32
1/1/2022,Q4_2122,Good job,Sutton,0.61,0.494062,0.504922,0.000292591,-0.011152,0.115938,0.104786,0.00424287,32
1/1/2022,Q4_2122,Good job,Tower Hamlets,0.45,0.494062,0.504922,0.000292591,-0.011152,-0.0440625,-0.0552145,0.00424287,32
1/1/2022,Q4_2122,Good job,Waltham Forest,0.46,0.494062,0.504922,0.000292591,-0.011152,-0.0340625,-0.0452145,0.00424287,32
1/1/2022,Q4_2122,Good job,Wandsworth,0.52,0.494062,0.504922,0.000292591,-0.011152,0.0259375,0.0147855,0.00424287,32
1/1/2022,Q4_2122,Good job,Westminster,0.51,0.494062,0.504922,0.000292591,-0.011152,0.0159375,0.00478553,0.00424287,32
1/1/2022,Q4_2122,Trust MPS,Barking and Dagenham,0.77,0.736875,0.744375,-0.00355419,-0.00394581,0.033125,0.0291792,0.00307148,32
1/1/2022,Q4_2122,Trust MPS,Barnet,0.77,0.736875,0.744375,-0.00355419,-0.00394581,0.033125,0.0291792,0.00307148,32
1/1/2022,Q4_2122,Trust MPS,Bexley,0.79,0.736875,0.744375,-0.00355419,-0.00394581,0.053125,0.0491792,0.00307148,32
1/1/2022,Q4_2122,Trust MPS,Brent,0.78,0.736875,0.744375,-0.00355419,-0.00394581,0.043125,0.0391792,0.00307148,32
1/1/2022,Q4_2122,Trust MPS,Bromley,0.75,0.736875,0.744375,-0.00355419,-0.00394581,0.013125,0.00917919,0.00307148,32
1/1/2022,Q4_2122,Trust MPS,Camden,0.7,0.736875,0.744375,-0.00355419,-0.00394581,-0.036875,-0.0408208,0.00307148,32
1/1/2022,Q4_2122,Trust MPS,Croydon,0.65,0.736875,0.744375,-0.00355419,-0.00394581,-0.086875,-0.0908208,0.00307148,32
1/1/2022,Q4_2122,Trust MPS,Ealing,0.76,0.736875,0.744375,-0.00355419,-0.00394581,0.023125,0.0191792,0.00307148,32
1/1/2022,Q4_2122,Trust MPS,Enfield,0.7,0.736875,0.744375,-0.00355419,-0.00394581,-0.036875,-0.0408208,0.00307148,32
1/1/2022,Q4_2122,Trust MPS,Greenwich,0.72,0.736875,0.744375,-0.00355419,-0.00394581,-0.016875,-0.0208208,0.00307148,32
1/1/2022,Q4_2122,Trust MPS,Hackney,0.68,0.736875,0.744375,-0.00355419,-0.00394581,-0.056875,-0.0608208,0.00307148,32
1/1/2022,Q4_2122,Trust MPS,Hammersmith and Fulham,0.76,0.736875,0.744375,-0.00355419,-0.00394581,0.023125,0.0191792,0.00307148,32
1/1/2022,Q4_2122,Trust MPS,Haringey,0.68,0.736875,0.744375,-0.00355419,-0.00394581,-0.056875,-0.0608208,0.00307148,32
1/1/2022,Q4_2122,Trust MPS,Harrow,0.79,0.736875,0.744375,-0.00355419,-0.00394581,0.053125,0.0491792,0.00307148,32
1/1/2022,Q4_2122,Trust MPS,Havering,0.77,0.736875,0.744375,-0.00355419,-0.00394581,0.033125,0.0291792,0.00307148,32
1/1/2022,Q4_2122,Trust MPS,Hillingdon,0.82,0.736875,0.744375,-0.00355419,-0.00394581,0.083125,0.0791792,0.00307148,32
1/1/2022,Q4_2122,Trust MPS,Hounslow,0.8,0.736875,0.744375,-0.00355419,-0.00394581,0.063125,0.0591792,0.00307148,32
1/1/2022,Q4_2122,Trust MPS,Islington,0.6,0.736875,0.744375,-0.00355419,-0.00394581,-0.136875,-0.140821,0.00307148,32
1/1/2022,Q4_2122,Trust MPS,Kensington and Chelsea,0.78,0.736875,0.744375,-0.00355419,-0.00394581,0.043125,0.0391792,0.00307148,32
1/1/2022,Q4_2122,Trust MPS,Kingston upon Thames,0.79,0.736875,0.744375,-0.00355419,-0.00394581,0.053125,0.0491792,0.00307148,32
1/1/2022,Q4_2122,Trust MPS,Lambeth,0.6,0.736875,0.744375,-0.00355419,-0.00394581,-0.136875,-0.140821,0.00307148,32
1/1/2022,Q4_2122,Trust MPS,Lewisham,0.67,0.736875,0.744375,-0.00355419,-0.00394581,-0.066875,-0.0708208,0.00307148,32
1/1/2022,Q4_2122,Trust MPS,Merton,0.74,0.736875,0.744375,-0.00355419,-0.00394581,0.003125,-0.00082081,0.00307148,32
1/1/2022,Q4_2122,Trust MPS,Newham,0.7,0.736875,0.744375,-0.00355419,-0.00394581,-0.036875,-0.0408208,0.00307148,32
1/1/2022,Q4_2122,Trust MPS,Redbridge,0.72,0.736875,0.744375,-0.00355419,-0.00394581,-0.016875,-0.0208208,0.00307148,32
1/1/2022,Q4_2122,Trust MPS,Richmond upon Thames,0.77,0.736875,0.744375,-0.00355419,-0.00394581,0.033125,0.0291792,0.00307148,32
1/1/2022,Q4_2122,Trust MPS,Southwark,0.73,0.736875,0.744375,-0.00355419,-0.00394581,-0.006875,-0.0108208,0.00307148,32
1/1/2022,Q4_2122,Trust MPS,Sutton,0.8,0.736875,0.744375,-0.00355419,-0.00394581,0.063125,0.0591792,0.00307148,32
1/1/2022,Q4_2122,Trust MPS,Tower Hamlets,0.71,0.736875,0.744375,-0.00355419,-0.00394581,-0.026875,-0.0308208,0.00307148,32
1/1/2022,Q4_2122,Trust MPS,Waltham Forest,0.75,0.736875,0.744375,-0.00355419,-0.00394581,0.013125,0.00917919,0.00307148,32
1/1/2022,Q4_2122,Trust MPS,Wandsworth,0.73,0.736875,0.744375,-0.00355419,-0.00394581,-0.006875,-0.0108208,0.00307148,32
1/1/2022,Q4_2122,Trust MPS,Westminster,0.8,0.736875,0.744375,-0.00355419,-0.00394581,0.063125,0.0591792,0.00307148,32
10/1/2021,Q3_2122,Fair treatment,Barking and Dagenham,0.7,0.651875,0.647813,-2.69E-05,0.00408942,0.048125,0.0522144,0.00777148,32
10/1/2021,Q3_2122,Fair treatment,Barnet,0.74,0.651875,0.647813,-2.69E-05,0.00408942,0.088125,0.0922144,0.00777148,32
10/1/2021,Q3_2122,Fair treatment,Bexley,0.79,0.651875,0.647813,-2.69E-05,0.00408942,0.138125,0.142214,0.00777148,32
10/1/2021,Q3_2122,Fair treatment,Brent,0.7,0.651875,0.647813,-2.69E-05,0.00408942,0.048125,0.0522144,0.00777148,32
10/1/2021,Q3_2122,Fair treatment,Bromley,0.62,0.651875,0.647813,-2.69E-05,0.00408942,-0.031875,-0.0277856,0.00777148,32
10/1/2021,Q3_2122,Fair treatment,Camden,0.56,0.651875,0.647813,-2.69E-05,0.00408942,-0.091875,-0.0877856,0.00777148,32
10/1/2021,Q3_2122,Fair treatment,Croydon,0.63,0.651875,0.647813,-2.69E-05,0.00408942,-0.021875,-0.0177856,0.00777148,32
10/1/2021,Q3_2122,Fair treatment,Ealing,0.64,0.651875,0.647813,-2.69E-05,0.00408942,-0.011875,-0.00778558,0.00777148,32
10/1/2021,Q3_2122,Fair treatment,Enfield,0.62,0.651875,0.647813,-2.69E-05,0.00408942,-0.031875,-0.0277856,0.00777148,32
10/1/2021,Q3_2122,Fair treatment,Greenwich,0.64,0.651875,0.647813,-2.69E-05,0.00408942,-0.011875,-0.00778558,0.00777148,32
10/1/2021,Q3_2122,Fair treatment,Hackney,0.51,0.651875,0.647813,-2.69E-05,0.00408942,-0.141875,-0.137786,0.00777148,32
10/1/2021,Q3_2122,Fair treatment,Hammersmith and Fulham,0.68,0.651875,0.647813,-2.69E-05,0.00408942,0.028125,0.0322144,0.00777148,32
10/1/2021,Q3_2122,Fair treatment,Haringey,0.57,0.651875,0.647813,-2.69E-05,0.00408942,-0.081875,-0.0777856,0.00777148,32
10/1/2021,Q3_2122,Fair treatment,Harrow,0.71,0.651875,0.647813,-2.69E-05,0.00408942,0.058125,0.0622144,0.00777148,32
10/1/2021,Q3_2122,Fair treatment,Havering,0.73,0.651875,0.647813,-2.69E-05,0.00408942,0.078125,0.0822144,0.00777148,32
10/1/2021,Q3_2122,Fair treatment,Hillingdon,0.76,0.651875,0.647813,-2.69E-05,0.00408942,0.108125,0.112214,0.00777148,32
10/1/2021,Q3_2122,Fair treatment,Hounslow,0.74,0.651875,0.647813,-2.69E-05,0.00408942,0.088125,0.0922144,0.00777148,32
10/1/2021,Q3_2122,Fair treatment,Islington,0.51,0.651875,0.647813,-2.69E-05,0.00408942,-0.141875,-0.137786,0.00777148,32
10/1/2021,Q3_2122,Fair treatment,Kensington and Chelsea,0.66,0.651875,0.647813,-2.69E-05,0.00408942,0.008125,0.0122144,0.00777148,32
10/1/2021,Q3_2122,Fair treatment,Kingston upon Thames,0.8,0.651875,0.647813,-2.69E-05,0.00408942,0.148125,0.152214,0.00777148,32
10/1/2021,Q3_2122,Fair treatment,Lambeth,0.45,0.651875,0.647813,-2.69E-05,0.00408942,-0.201875,-0.197786,0.00777148,32
10/1/2021,Q3_2122,Fair treatment,Lewisham,0.52,0.651875,0.647813,-2.69E-05,0.00408942,-0.131875,-0.127786,0.00777148,32
10/1/2021,Q3_2122,Fair treatment,Merton,0.61,0.651875,0.647813,-2.69E-05,0.00408942,-0.041875,-0.0377856,0.00777148,32
10/1/2021,Q3_2122,Fair treatment,Newham,0.71,0.651875,0.647813,-2.69E-05,0.00408942,0.058125,0.0622144,0.00777148,32
10/1/2021,Q3_2122,Fair treatment,Redbridge,0.64,0.651875,0.647813,-2.69E-05,0.00408942,-0.011875,-0.00778558,0.00777148,32
10/1/2021,Q3_2122,Fair treatment,Richmond upon Thames,0.75,0.651875,0.647813,-2.69E-05,0.00408942,0.098125,0.102214,0.00777148,32
10/1/2021,Q3_2122,Fair treatment,Southwark,0.52,0.651875,0.647813,-2.69E-05,0.00408942,-0.131875,-0.127786,0.00777148,32
10/1/2021,Q3_2122,Fair treatment,Sutton,0.77,0.651875,0.647813,-2.69E-05,0.00408942,0.118125,0.122214,0.00777148,32
10/1/2021,Q3_2122,Fair treatment,Tower Hamlets,0.66,0.651875,0.647813,-2.69E-05,0.00408942,0.008125,0.0122144,0.00777148,32
10/1/2021,Q3_2122,Fair treatment,Waltham Forest,0.66,0.651875,0.647813,-2.69E-05,0.00408942,0.008125,0.0122144,0.00777148,32
10/1/2021,Q3_2122,Fair treatment,Wandsworth,0.6,0.651875,0.647813,-2.69E-05,0.00408942,-0.051875,-0.0477856,0.00777148,32
10/1/2021,Q3_2122,Fair treatment,Westminster,0.66,0.651875,0.647813,-2.69E-05,0.00408942,0.008125,0.0122144,0.00777148,32
10/1/2021,Q3_2122,Good job,Barking and Dagenham,0.5,0.518125,0.514961,0.000660104,0.00250396,-0.018125,-0.015621,0.00401523,32
10/1/2021,Q3_2122,Good job,Barnet,0.52,0.518125,0.514961,0.000660104,0.00250396,0.001875,0.00437896,0.00401523,32
10/1/2021,Q3_2122,Good job,Bexley,0.55,0.518125,0.514961,0.000660104,0.00250396,0.031875,0.034379,0.00401523,32
10/1/2021,Q3_2122,Good job,Brent,0.58,0.518125,0.514961,0.000660104,0.00250396,0.061875,0.064379,0.00401523,32
10/1/2021,Q3_2122,Good job,Bromley,0.56,0.518125,0.514961,0.000660104,0.00250396,0.041875,0.044379,0.00401523,32
10/1/2021,Q3_2122,Good job,Camden,0.49,0.518125,0.514961,0.000660104,0.00250396,-0.028125,-0.025621,0.00401523,32
10/1/2021,Q3_2122,Good job,Croydon,0.43,0.518125,0.514961,0.000660104,0.00250396,-0.088125,-0.085621,0.00401523,32
10/1/2021,Q3_2122,Good job,Ealing,0.45,0.518125,0.514961,0.000660104,0.00250396,-0.068125,-0.065621,0.00401523,32
10/1/2021,Q3_2122,Good job,Enfield,0.46,0.518125,0.514961,0.000660104,0.00250396,-0.058125,-0.055621,0.00401523,32
10/1/2021,Q3_2122,Good job,Greenwich,0.5,0.518125,0.514961,0.000660104,0.00250396,-0.018125,-0.015621,0.00401523,32
10/1/2021,Q3_2122,Good job,Hackney,0.46,0.518125,0.514961,0.000660104,0.00250396,-0.058125,-0.055621,0.00401523,32
10/1/2021,Q3_2122,Good job,Hammersmith and Fulham,0.55,0.518125,0.514961,0.000660104,0.00250396,0.031875,0.034379,0.00401523,32
10/1/2021,Q3_2122,Good job,Haringey,0.5,0.518125,0.514961,0.000660104,0.00250396,-0.018125,-0.015621,0.00401523,32
10/1/2021,Q3_2122,Good job,Harrow,0.47,0.518125,0.514961,0.000660104,0.00250396,-0.048125,-0.045621,0.00401523,32
10/1/2021,Q3_2122,Good job,Havering,0.53,0.518125,0.514961,0.000660104,0.00250396,0.011875,0.014379,0.00401523,32
10/1/2021,Q3_2122,Good job,Hillingdon,0.57,0.518125,0.514961,0.000660104,0.00250396,0.051875,0.054379,0.00401523,32
10/1/2021,Q3_2122,Good job,Hounslow,0.55,0.518125,0.514961,0.000660104,0.00250396,0.031875,0.034379,0.00401523,32
10/1/2021,Q3_2122,Good job,Islington,0.53,0.518125,0.514961,0.000660104,0.00250396,0.011875,0.014379,0.00401523,32
10/1/2021,Q3_2122,Good job,Kensington and Chelsea,0.56,0.518125,0.514961,0.000660104,0.00250396,0.041875,0.044379,0.00401523,32
10/1/2021,Q3_2122,Good job,Kingston upon Thames,0.66,0.518125,0.514961,0.000660104,0.00250396,0.141875,0.144379,0.00401523,32
10/1/2021,Q3_2122,Good job,Lambeth,0.45,0.518125,0.514961,0.000660104,0.00250396,-0.068125,-0.065621,0.00401523,32
10/1/2021,Q3_2122,Good job,Lewisham,0.44,0.518125,0.514961,0.000660104,0.00250396,-0.078125,-0.075621,0.00401523,32
10/1/2021,Q3_2122,Good job,Merton,0.52,0.518125,0.514961,0.000660104,0.00250396,0.001875,0.00437896,0.00401523,32
10/1/2021,Q3_2122,Good job,Newham,0.46,0.518125,0.514961,0.000660104,0.00250396,-0.058125,-0.055621,0.00401523,32
10/1/2021,Q3_2122,Good job,Redbridge,0.47,0.518125,0.514961,0.000660104,0.00250396,-0.048125,-0.045621,0.00401523,32
10/1/2021,Q3_2122,Good job,Richmond upon Thames,0.7,0.518125,0.514961,0.000660104,0.00250396,0.181875,0.184379,0.00401523,32
10/1/2021,Q3_2122,Good job,Southwark,0.5,0.518125,0.514961,0.000660104,0.00250396,-0.018125,-0.015621,0.00401523,32
10/1/2021,Q3_2122,Good job,Sutton,0.65,0.518125,0.514961,0.000660104,0.00250396,0.131875,0.134379,0.00401523,32
10/1/2021,Q3_2122,Good job,Tower Hamlets,0.48,0.518125,0.514961,0.000660104,0.00250396,-0.038125,-0.035621,0.00401523,32
10/1/2021,Q3_2122,Good job,Waltham Forest,0.48,0.518125,0.514961,0.000660104,0.00250396,-0.038125,-0.035621,0.00401523,32
10/1/2021,Q3_2122,Good job,Wandsworth,0.53,0.518125,0.514961,0.000660104,0.00250396,0.011875,0.014379,0.00401523,32
10/1/2021,Q3_2122,Good job,Westminster,0.48,0.518125,0.514961,0.000660104,0.00250396,-0.038125,-0.035621,0.00401523,32
10/1/2021,Q3_2122,Trust MPS,Barking and Dagenham,0.78,0.768438,0.76043,-0.000922301,0.00893011,0.0115625,0.0204926,0.00287568,32
10/1/2021,Q3_2122,Trust MPS,Barnet,0.78,0.768438,0.76043,-0.000922301,0.00893011,0.0115625,0.0204926,0.00287568,32
10/1/2021,Q3_2122,Trust MPS,Bexley,0.85,0.768438,0.76043,-0.000922301,0.00893011,0.0815625,0.0904926,0.00287568,32
10/1/2021,Q3_2122,Trust MPS,Brent,0.81,0.768438,0.76043,-0.000922301,0.00893011,0.0415625,0.0504926,0.00287568,32
10/1/2021,Q3_2122,Trust MPS,Bromley,0.79,0.768438,0.76043,-0.000922301,0.00893011,0.0215625,0.0304926,0.00287568,32
10/1/2021,Q3_2122,Trust MPS,Camden,0.73,0.768438,0.76043,-0.000922301,0.00893011,-0.0384375,-0.0295074,0.00287568,32
10/1/2021,Q3_2122,Trust MPS,Croydon,0.75,0.768438,0.76043,-0.000922301,0.00893011,-0.0184375,-0.00950739,0.00287568,32
10/1/2021,Q3_2122,Trust MPS,Ealing,0.78,0.768438,0.76043,-0.000922301,0.00893011,0.0115625,0.0204926,0.00287568,32
10/1/2021,Q3_2122,Trust MPS,Enfield,0.73,0.768438,0.76043,-0.000922301,0.00893011,-0.0384375,-0.0295074,0.00287568,32
10/1/2021,Q3_2122,Trust MPS,Greenwich,0.72,0.768438,0.76043,-0.000922301,0.00893011,-0.0484375,-0.0395074,0.00287568,32
10/1/2021,Q3_2122,Trust MPS,Hackney,0.67,0.768438,0.76043,-0.000922301,0.00893011,-0.0984375,-0.0895074,0.00287568,32
10/1/2021,Q3_2122,Trust MPS,Hammersmith and Fulham,0.79,0.768438,0.76043,-0.000922301,0.00893011,0.0215625,0.0304926,0.00287568,32
10/1/2021,Q3_2122,Trust MPS,Haringey,0.7,0.768438,0.76043,-0.000922301,0.00893011,-0.0684375,-0.0595074,0.00287568,32
10/1/2021,Q3_2122,Trust MPS,Harrow,0.81,0.768438,0.76043,-0.000922301,0.00893011,0.0415625,0.0504926,0.00287568,32
10/1/2021,Q3_2122,Trust MPS,Havering,0.8,0.768438,0.76043,-0.000922301,0.00893011,0.0315625,0.0404926,0.00287568,32
10/1/2021,Q3_2122,Trust MPS,Hillingdon,0.82,0.768438,0.76043,-0.000922301,0.00893011,0.0515625,0.0604926,0.00287568,32
10/1/2021,Q3_2122,Trust MPS,Hounslow,0.82,0.768438,0.76043,-0.000922301,0.00893011,0.0515625,0.0604926,0.00287568,32
10/1/2021,Q3_2122,Trust MPS,Islington,0.65,0.768438,0.76043,-0.000922301,0.00893011,-0.118438,-0.109507,0.00287568,32
10/1/2021,Q3_2122,Trust MPS,Kensington and Chelsea,0.83,0.768438,0.76043,-0.000922301,0.00893011,0.0615625,0.0704926,0.00287568,32
10/1/2021,Q3_2122,Trust MPS,Kingston upon Thames,0.84,0.768438,0.76043,-0.000922301,0.00893011,0.0715625,0.0804926,0.00287568,32
10/1/2021,Q3_2122,Trust MPS,Lambeth,0.67,0.768438,0.76043,-0.000922301,0.00893011,-0.0984375,-0.0895074,0.00287568,32
10/1/2021,Q3_2122,Trust MPS,Lewisham,0.68,0.768438,0.76043,-0.000922301,0.00893011,-0.0884375,-0.0795074,0.00287568,32
10/1/2021,Q3_2122,Trust MPS,Merton,0.77,0.768438,0.76043,-0.000922301,0.00893011,0.0015625,0.0104926,0.00287568,32
10/1/2021,Q3_2122,Trust MPS,Newham,0.77,0.768438,0.76043,-0.000922301,0.00893011,0.0015625,0.0104926,0.00287568,32
10/1/2021,Q3_2122,Trust MPS,Redbridge,0.73,0.768438,0.76043,-0.000922301,0.00893011,-0.0384375,-0.0295074,0.00287568,32
10/1/2021,Q3_2122,Trust MPS,Richmond upon Thames,0.82,0.768438,0.76043,-0.000922301,0.00893011,0.0515625,0.0604926,0.00287568,32
10/1/2021,Q3_2122,Trust MPS,Southwark,0.76,0.768438,0.76043,-0.000922301,0.00893011,-0.0084375,0.000492614,0.00287568,32
10/1/2021,Q3_2122,Trust MPS,Sutton,0.84,0.768438,0.76043,-0.000922301,0.00893011,0.0715625,0.0804926,0.00287568,32
10/1/2021,Q3_2122,Trust MPS,Tower Hamlets,0.75,0.768438,0.76043,-0.000922301,0.00893011,-0.0184375,-0.00950739,0.00287568,32
10/1/2021,Q3_2122,Trust MPS,Waltham Forest,0.77,0.768438,0.76043,-0.000922301,0.00893011,0.0015625,0.0104926,0.00287568,32
10/1/2021,Q3_2122,Trust MPS,Wandsworth,0.75,0.768438,0.76043,-0.000922301,0.00893011,-0.0184375,-0.00950739,0.00287568,32
10/1/2021,Q3_2122,Trust MPS,Westminster,0.83,0.768438,0.76043,-0.000922301,0.00893011,0.0615625,0.0704926,0.00287568,32
7/1/2021,Q2_2122,Fair treatment,Barking and Dagenham,0.66,0.664062,0.666836,0.00141079,-0.00418422,-0.0040625,-0.00824672,0.00673662,32
7/1/2021,Q2_2122,Fair treatment,Barnet,0.72,0.664062,0.666836,0.00141079,-0.00418422,0.0559375,0.0517533,0.00673662,32
7/1/2021,Q2_2122,Fair treatment,Bexley,0.78,0.664062,0.666836,0.00141079,-0.00418422,0.115938,0.111753,0.00673662,32
7/1/2021,Q2_2122,Fair treatment,Brent,0.71,0.664062,0.666836,0.00141079,-0.00418422,0.0459375,0.0417533,0.00673662,32
7/1/2021,Q2_2122,Fair treatment,Bromley,0.66,0.664062,0.666836,0.00141079,-0.00418422,-0.0040625,-0.00824672,0.00673662,32
7/1/2021,Q2_2122,Fair treatment,Camden,0.57,0.664062,0.666836,0.00141079,-0.00418422,-0.0940625,-0.0982467,0.00673662,32
7/1/2021,Q2_2122,Fair treatment,Croydon,0.63,0.664062,0.666836,0.00141079,-0.00418422,-0.0340625,-0.0382467,0.00673662,32
7/1/2021,Q2_2122,Fair treatment,Ealing,0.67,0.664062,0.666836,0.00141079,-0.00418422,0.0059375,0.00175328,0.00673662,32
7/1/2021,Q2_2122,Fair treatment,Enfield,0.64,0.664062,0.666836,0.00141079,-0.00418422,-0.0240625,-0.0282467,0.00673662,32
7/1/2021,Q2_2122,Fair treatment,Greenwich,0.66,0.664062,0.666836,0.00141079,-0.00418422,-0.0040625,-0.00824672,0.00673662,32
7/1/2021,Q2_2122,Fair treatment,Hackney,0.54,0.664062,0.666836,0.00141079,-0.00418422,-0.124062,-0.128247,0.00673662,32
7/1/2021,Q2_2122,Fair treatment,Hammersmith and Fulham,0.67,0.664062,0.666836,0.00141079,-0.00418422,0.0059375,0.00175328,0.00673662,32
7/1/2021,Q2_2122,Fair treatment,Haringey,0.63,0.664062,0.666836,0.00141079,-0.00418422,-0.0340625,-0.0382467,0.00673662,32
7/1/2021,Q2_2122,Fair treatment,Harrow,0.77,0.664062,0.666836,0.00141079,-0.00418422,0.105938,0.101753,0.00673662,32
7/1/2021,Q2_2122,Fair treatment,Havering,0.78,0.664062,0.666836,0.00141079,-0.00418422,0.115938,0.111753,0.00673662,32
7/1/2021,Q2_2122,Fair treatment,Hillingdon,0.79,0.664062,0.666836,0.00141079,-0.00418422,0.125938,0.121753,0.00673662,32
7/1/2021,Q2_2122,Fair treatment,Hounslow,0.73,0.664062,0.666836,0.00141079,-0.00418422,0.0659375,0.0617533,0.00673662,32
7/1/2021,Q2_2122,Fair treatment,Islington,0.53,0.664062,0.666836,0.00141079,-0.00418422,-0.134062,-0.138247,0.00673662,32
7/1/2021,Q2_2122,Fair treatment,Kensington and Chelsea,0.65,0.664062,0.666836,0.00141079,-0.00418422,-0.0140625,-0.0182467,0.00673662,32
7/1/2021,Q2_2122,Fair treatment,Kingston upon Thames,0.78,0.664062,0.666836,0.00141079,-0.00418422,0.115938,0.111753,0.00673662,32
7/1/2021,Q2_2122,Fair treatment,Lambeth,0.47,0.664062,0.666836,0.00141079,-0.00418422,-0.194063,-0.198247,0.00673662,32
7/1/2021,Q2_2122,Fair treatment,Lewisham,0.55,0.664062,0.666836,0.00141079,-0.00418422,-0.114062,-0.118247,0.00673662,32
7/1/2021,Q2_2122,Fair treatment,Merton,0.64,0.664062,0.666836,0.00141079,-0.00418422,-0.0240625,-0.0282467,0.00673662,32
7/1/2021,Q2_2122,Fair treatment,Newham,0.73,0.664062,0.666836,0.00141079,-0.00418422,0.0659375,0.0617533,0.00673662,32
7/1/2021,Q2_2122,Fair treatment,Redbridge,0.67,0.664062,0.666836,0.00141079,-0.00418422,0.0059375,0.00175328,0.00673662,32
7/1/2021,Q2_2122,Fair treatment,Richmond upon Thames,0.73,0.664062,0.666836,0.00141079,-0.00418422,0.0659375,0.0617533,0.00673662,32
7/1/2021,Q2_2122,Fair treatment,Southwark,0.54,0.664062,0.666836,0.00141079,-0.00418422,-0.124062,-0.128247,0.00673662,32
7/1/2021,Q2_2122,Fair treatment,Sutton,0.75,0.664062,0.666836,0.00141079,-0.00418422,0.0859375,0.0817533,0.00673662,32
7/1/2021,Q2_2122,Fair treatment,Tower Hamlets,0.65,0.664062,0.666836,0.00141079,-0.00418422,-0.0140625,-0.0182467,0.00673662,32
7/1/2021,Q2_2122,Fair treatment,Waltham Forest,0.69,0.664062,0.666836,0.00141079,-0.00418422,0.0259375,0.0217533,0.00673662,32
7/1/2021,Q2_2122,Fair treatment,Wandsworth,0.57,0.664062,0.666836,0.00141079,-0.00418422,-0.0940625,-0.0982467,0.00673662,32
7/1/2021,Q2_2122,Fair treatment,Westminster,0.69,0.664062,0.666836,0.00141079,-0.00418422,0.0259375,0.0217533,0.00673662,32
7/1/2021,Q2_2122,Good job,Barking and Dagenham,0.44,0.529062,0.529961,0.000102487,-0.00100092,-0.0890625,-0.0900634,0.003746,32
7/1/2021,Q2_2122,Good job,Barnet,0.49,0.529062,0.529961,0.000102487,-0.00100092,-0.0390625,-0.0400634,0.003746,32
7/1/2021,Q2_2122,Good job,Bexley,0.58,0.529062,0.529961,0.000102487,-0.00100092,0.0509375,0.0499366,0.003746,32
7/1/2021,Q2_2122,Good job,Brent,0.57,0.529062,0.529961,0.000102487,-0.00100092,0.0409375,0.0399366,0.003746,32
7/1/2021,Q2_2122,Good job,Bromley,0.6,0.529062,0.529961,0.000102487,-0.00100092,0.0709375,0.0699366,0.003746,32
7/1/2021,Q2_2122,Good job,Camden,0.49,0.529062,0.529961,0.000102487,-0.00100092,-0.0390625,-0.0400634,0.003746,32
7/1/2021,Q2_2122,Good job,Croydon,0.49,0.529062,0.529961,0.000102487,-0.00100092,-0.0390625,-0.0400634,0.003746,32
7/1/2021,Q2_2122,Good job,Ealing,0.49,0.529062,0.529961,0.000102487,-0.00100092,-0.0390625,-0.0400634,0.003746,32
7/1/2021,Q2_2122,Good job,Enfield,0.5,0.529062,0.529961,0.000102487,-0.00100092,-0.0290625,-0.0300634,0.003746,32
7/1/2021,Q2_2122,Good job,Greenwich,0.55,0.529062,0.529961,0.000102487,-0.00100092,0.0209375,0.0199366,0.003746,32
7/1/2021,Q2_2122,Good job,Hackney,0.48,0.529062,0.529961,0.000102487,-0.00100092,-0.0490625,-0.0500634,0.003746,32
7/1/2021,Q2_2122,Good job,Hammersmith and Fulham,0.57,0.529062,0.529961,0.000102487,-0.00100092,0.0409375,0.0399366,0.003746,32
7/1/2021,Q2_2122,Good job,Haringey,0.51,0.529062,0.529961,0.000102487,-0.00100092,-0.0190625,-0.0200634,0.003746,32
7/1/2021,Q2_2122,Good job,Harrow,0.51,0.529062,0.529961,0.000102487,-0.00100092,-0.0190625,-0.0200634,0.003746,32
7/1/2021,Q2_2122,Good job,Havering,0.57,0.529062,0.529961,0.000102487,-0.00100092,0.0409375,0.0399366,0.003746,32
7/1/2021,Q2_2122,Good job,Hillingdon,0.58,0.529062,0.529961,0.000102487,-0.00100092,0.0509375,0.0499366,0.003746,32
7/1/2021,Q2_2122,Good job,Hounslow,0.56,0.529062,0.529961,0.000102487,-0.00100092,0.0309375,0.0299366,0.003746,32
7/1/2021,Q2_2122,Good job,Islington,0.55,0.529062,0.529961,0.000102487,-0.00100092,0.0209375,0.0199366,0.003746,32
7/1/2021,Q2_2122,Good job,Kensington and Chelsea,0.59,0.529062,0.529961,0.000102487,-0.00100092,0.0609375,0.0599366,0.003746,32
7/1/2021,Q2_2122,Good job,Kingston upon Thames,0.67,0.529062,0.529961,0.000102487,-0.00100092,0.140938,0.139937,0.003746,32
7/1/2021,Q2_2122,Good job,Lambeth,0.48,0.529062,0.529961,0.000102487,-0.00100092,-0.0490625,-0.0500634,0.003746,32
7/1/2021,Q2_2122,Good job,Lewisham,0.43,0.529062,0.529961,0.000102487,-0.00100092,-0.0990625,-0.100063,0.003746,32
7/1/2021,Q2_2122,Good job,Merton,0.55,0.529062,0.529961,0.000102487,-0.00100092,0.0209375,0.0199366,0.003746,32
7/1/2021,Q2_2122,Good job,Newham,0.45,0.529062,0.529961,0.000102487,-0.00100092,-0.0790625,-0.0800634,0.003746,32
7/1/2021,Q2_2122,Good job,Redbridge,0.44,0.529062,0.529961,0.000102487,-0.00100092,-0.0890625,-0.0900634,0.003746,32
7/1/2021,Q2_2122,Good job,Richmond upon Thames,0.65,0.529062,0.529961,0.000102487,-0.00100092,0.120938,0.119937,0.003746,32
7/1/2021,Q2_2122,Good job,Southwark,0.48,0.529062,0.529961,0.000102487,-0.00100092,-0.0490625,-0.0500634,0.003746,32
7/1/2021,Q2_2122,Good job,Sutton,0.63,0.529062,0.529961,0.000102487,-0.00100092,0.100938,0.0999366,0.003746,32
7/1/2021,Q2_2122,Good job,Tower Hamlets,0.45,0.529062,0.529961,0.000102487,-0.00100092,-0.0790625,-0.0800634,0.003746,32
7/1/2021,Q2_2122,Good job,Waltham Forest,0.51,0.529062,0.529961,0.000102487,-0.00100092,-0.0190625,-0.0200634,0.003746,32
7/1/2021,Q2_2122,Good job,Wandsworth,0.55,0.529062,0.529961,0.000102487,-0.00100092,0.0209375,0.0199366,0.003746,32
7/1/2021,Q2_2122,Good job,Westminster,0.52,0.529062,0.529961,0.000102487,-0.00100092,-0.0090625,-0.0100634,0.003746,32
7/1/2021,Q2_2122,Trust MPS,Barking and Dagenham,0.77,0.778125,0.777227,0.00257614,-0.0016777,-0.008125,-0.0098027,0.00279023,32
7/1/2021,Q2_2122,Trust MPS,Barnet,0.77,0.778125,0.777227,0.00257614,-0.0016777,-0.008125,-0.0098027,0.00279023,32
7/1/2021,Q2_2122,Trust MPS,Bexley,0.85,0.778125,0.777227,0.00257614,-0.0016777,0.071875,0.0701973,0.00279023,32
7/1/2021,Q2_2122,Trust MPS,Brent,0.83,0.778125,0.777227,0.00257614,-0.0016777,0.051875,0.0501973,0.00279023,32
7/1/2021,Q2_2122,Trust MPS,Bromley,0.81,0.778125,0.777227,0.00257614,-0.0016777,0.031875,0.0301973,0.00279023,32
7/1/2021,Q2_2122,Trust MPS,Camden,0.77,0.778125,0.777227,0.00257614,-0.0016777,-0.008125,-0.0098027,0.00279023,32
7/1/2021,Q2_2122,Trust MPS,Croydon,0.75,0.778125,0.777227,0.00257614,-0.0016777,-0.028125,-0.0298027,0.00279023,32
7/1/2021,Q2_2122,Trust MPS,Ealing,0.79,0.778125,0.777227,0.00257614,-0.0016777,0.011875,0.0101973,0.00279023,32
7/1/2021,Q2_2122,Trust MPS,Enfield,0.74,0.778125,0.777227,0.00257614,-0.0016777,-0.038125,-0.0398027,0.00279023,32
7/1/2021,Q2_2122,Trust MPS,Greenwich,0.74,0.778125,0.777227,0.00257614,-0.0016777,-0.038125,-0.0398027,0.00279023,32
7/1/2021,Q2_2122,Trust MPS,Hackney,0.69,0.778125,0.777227,0.00257614,-0.0016777,-0.088125,-0.0898027,0.00279023,32
7/1/2021,Q2_2122,Trust MPS,Hammersmith and Fulham,0.78,0.778125,0.777227,0.00257614,-0.0016777,0.001875,0.000197301,0.00279023,32
7/1/2021,Q2_2122,Trust MPS,Haringey,0.73,0.778125,0.777227,0.00257614,-0.0016777,-0.048125,-0.0498027,0.00279023,32
7/1/2021,Q2_2122,Trust MPS,Harrow,0.82,0.778125,0.777227,0.00257614,-0.0016777,0.041875,0.0401973,0.00279023,32
7/1/2021,Q2_2122,Trust MPS,Havering,0.82,0.778125,0.777227,0.00257614,-0.0016777,0.041875,0.0401973,0.00279023,32
7/1/2021,Q2_2122,Trust MPS,Hillingdon,0.86,0.778125,0.777227,0.00257614,-0.0016777,0.081875,0.0801973,0.00279023,32
7/1/2021,Q2_2122,Trust MPS,Hounslow,0.8,0.778125,0.777227,0.00257614,-0.0016777,0.021875,0.0201973,0.00279023,32
7/1/2021,Q2_2122,Trust MPS,Islington,0.66,0.778125,0.777227,0.00257614,-0.0016777,-0.118125,-0.119803,0.00279023,32
7/1/2021,Q2_2122,Trust MPS,Kensington and Chelsea,0.8,0.778125,0.777227,0.00257614,-0.0016777,0.021875,0.0201973,0.00279023,32
7/1/2021,Q2_2122,Trust MPS,Kingston upon Thames,0.86,0.778125,0.777227,0.00257614,-0.0016777,0.081875,0.0801973,0.00279023,32
7/1/2021,Q2_2122,Trust MPS,Lambeth,0.69,0.778125,0.777227,0.00257614,-0.0016777,-0.088125,-0.0898027,0.00279023,32
7/1/2021,Q2_2122,Trust MPS,Lewisham,0.68,0.778125,0.777227,0.00257614,-0.0016777,-0.098125,-0.0998027,0.00279023,32
7/1/2021,Q2_2122,Trust MPS,Merton,0.78,0.778125,0.777227,0.00257614,-0.0016777,0.001875,0.000197301,0.00279023,32
7/1/2021,Q2_2122,Trust MPS,Newham,0.8,0.778125,0.777227,0.00257614,-0.0016777,0.021875,0.0201973,0.00279023,32
7/1/2021,Q2_2122,Trust MPS,Redbridge,0.74,0.778125,0.777227,0.00257614,-0.0016777,-0.038125,-0.0398027,0.00279023,32
7/1/2021,Q2_2122,Trust MPS,Richmond upon Thames,0.84,0.778125,0.777227,0.00257614,-0.0016777,0.061875,0.0601973,0.00279023,32
7/1/2021,Q2_2122,Trust MPS,Southwark,0.75,0.778125,0.777227,0.00257614,-0.0016777,-0.028125,-0.0298027,0.00279023,32
7/1/2021,Q2_2122,Trust MPS,Sutton,0.86,0.778125,0.777227,0.00257614,-0.0016777,0.081875,0.0801973,0.00279023,32
7/1/2021,Q2_2122,Trust MPS,Tower Hamlets,0.75,0.778125,0.777227,0.00257614,-0.0016777,-0.028125,-0.0298027,0.00279023,32
7/1/2021,Q2_2122,Trust MPS,Waltham Forest,0.78,0.778125,0.777227,0.00257614,-0.0016777,0.001875,0.000197301,0.00279023,32
7/1/2021,Q2_2122,Trust MPS,Wandsworth,0.76,0.778125,0.777227,0.00257614,-0.0016777,-0.018125,-0.0198027,0.00279023,32
7/1/2021,Q2_2122,Trust MPS,Westminster,0.83,0.778125,0.777227,0.00257614,-0.0016777,0.051875,0.0501973,0.00279023,32
4/1/2021,Q1_2122,Fair treatment,Barking and Dagenham,0.66,0.685625,0.685703,-1.68E-05,-6.14E-05,-0.025625,-0.0256864,0.00616836,32
4/1/2021,Q1_2122,Fair treatment,Barnet,0.72,0.685625,0.685703,-1.68E-05,-6.14E-05,0.034375,0.0343136,0.00616836,32
4/1/2021,Q1_2122,Fair treatment,Bexley,0.81,0.685625,0.685703,-1.68E-05,-6.14E-05,0.124375,0.124314,0.00616836,32
4/1/2021,Q1_2122,Fair treatment,Brent,0.7,0.685625,0.685703,-1.68E-05,-6.14E-05,0.014375,0.0143136,0.00616836,32
4/1/2021,Q1_2122,Fair treatment,Bromley,0.71,0.685625,0.685703,-1.68E-05,-6.14E-05,0.024375,0.0243136,0.00616836,32
4/1/2021,Q1_2122,Fair treatment,Camden,0.58,0.685625,0.685703,-1.68E-05,-6.14E-05,-0.105625,-0.105686,0.00616836,32
4/1/2021,Q1_2122,Fair treatment,Croydon,0.63,0.685625,0.685703,-1.68E-05,-6.14E-05,-0.055625,-0.0556864,0.00616836,32
4/1/2021,Q1_2122,Fair treatment,Ealing,0.71,0.685625,0.685703,-1.68E-05,-6.14E-05,0.024375,0.0243136,0.00616836,32
4/1/2021,Q1_2122,Fair treatment,Enfield,0.67,0.685625,0.685703,-1.68E-05,-6.14E-05,-0.015625,-0.0156864,0.00616836,32
4/1/2021,Q1_2122,Fair treatment,Greenwich,0.7,0.685625,0.685703,-1.68E-05,-6.14E-05,0.014375,0.0143136,0.00616836,32
4/1/2021,Q1_2122,Fair treatment,Hackney,0.56,0.685625,0.685703,-1.68E-05,-6.14E-05,-0.125625,-0.125686,0.00616836,32
4/1/2021,Q1_2122,Fair treatment,Hammersmith and Fulham,0.69,0.685625,0.685703,-1.68E-05,-6.14E-05,0.004375,0.00431365,0.00616836,32
4/1/2021,Q1_2122,Fair treatment,Haringey,0.66,0.685625,0.685703,-1.68E-05,-6.14E-05,-0.025625,-0.0256864,0.00616836,32
4/1/2021,Q1_2122,Fair treatment,Harrow,0.78,0.685625,0.685703,-1.68E-05,-6.14E-05,0.094375,0.0943136,0.00616836,32
4/1/2021,Q1_2122,Fair treatment,Havering,0.78,0.685625,0.685703,-1.68E-05,-6.14E-05,0.094375,0.0943136,0.00616836,32
4/1/2021,Q1_2122,Fair treatment,Hillingdon,0.81,0.685625,0.685703,-1.68E-05,-6.14E-05,0.124375,0.124314,0.00616836,32
4/1/2021,Q1_2122,Fair treatment,Hounslow,0.74,0.685625,0.685703,-1.68E-05,-6.14E-05,0.054375,0.0543136,0.00616836,32
4/1/2021,Q1_2122,Fair treatment,Islington,0.54,0.685625,0.685703,-1.68E-05,-6.14E-05,-0.145625,-0.145686,0.00616836,32
4/1/2021,Q1_2122,Fair treatment,Kensington and Chelsea,0.7,0.685625,0.685703,-1.68E-05,-6.14E-05,0.014375,0.0143136,0.00616836,32
4/1/2021,Q1_2122,Fair treatment,Kingston upon Thames,0.8,0.685625,0.685703,-1.68E-05,-6.14E-05,0.114375,0.114314,0.00616836,32
4/1/2021,Q1_2122,Fair treatment,Lambeth,0.52,0.685625,0.685703,-1.68E-05,-6.14E-05,-0.165625,-0.165686,0.00616836,32
4/1/2021,Q1_2122,Fair treatment,Lewisham,0.55,0.685625,0.685703,-1.68E-05,-6.14E-05,-0.135625,-0.135686,0.00616836,32
4/1/2021,Q1_2122,Fair treatment,Merton,0.69,0.685625,0.685703,-1.68E-05,-6.14E-05,0.004375,0.00431365,0.00616836,32
4/1/2021,Q1_2122,Fair treatment,Newham,0.75,0.685625,0.685703,-1.68E-05,-6.14E-05,0.064375,0.0643136,0.00616836,32
4/1/2021,Q1_2122,Fair treatment,Redbridge,0.71,0.685625,0.685703,-1.68E-05,-6.14E-05,0.024375,0.0243136,0.00616836,32
4/1/2021,Q1_2122,Fair treatment,Richmond upon Thames,0.72,0.685625,0.685703,-1.68E-05,-6.14E-05,0.034375,0.0343136,0.00616836,32
4/1/2021,Q1_2122,Fair treatment,Southwark,0.58,0.685625,0.685703,-1.68E-05,-6.14E-05,-0.105625,-0.105686,0.00616836,32
4/1/2021,Q1_2122,Fair treatment,Sutton,0.78,0.685625,0.685703,-1.68E-05,-6.14E-05,0.094375,0.0943136,0.00616836,32
4/1/2021,Q1_2122,Fair treatment,Tower Hamlets,0.66,0.685625,0.685703,-1.68E-05,-6.14E-05,-0.025625,-0.0256864,0.00616836,32
4/1/2021,Q1_2122,Fair treatment,Waltham Forest,0.68,0.685625,0.685703,-1.68E-05,-6.14E-05,-0.005625,-0.00568635,0.00616836,32
4/1/2021,Q1_2122,Fair treatment,Wandsworth,0.63,0.685625,0.685703,-1.68E-05,-6.14E-05,-0.055625,-0.0556864,0.00616836,32
4/1/2021,Q1_2122,Fair treatment,Westminster,0.72,0.685625,0.685703,-1.68E-05,-6.14E-05,0.034375,0.0343136,0.00616836,32
4/1/2021,Q1_2122,Good job,Barking and Dagenham,0.47,0.545,0.544492,-0.00105518,0.001563,-0.075,-0.073437,0.00298125,32
4/1/2021,Q1_2122,Good job,Barnet,0.51,0.545,0.544492,-0.00105518,0.001563,-0.035,-0.033437,0.00298125,32
4/1/2021,Q1_2122,Good job,Bexley,0.59,0.545,0.544492,-0.00105518,0.001563,0.045,0.046563,0.00298125,32
4/1/2021,Q1_2122,Good job,Brent,0.53,0.545,0.544492,-0.00105518,0.001563,-0.015,-0.013437,0.00298125,32
4/1/2021,Q1_2122,Good job,Bromley,0.62,0.545,0.544492,-0.00105518,0.001563,0.075,0.076563,0.00298125,32
4/1/2021,Q1_2122,Good job,Camden,0.53,0.545,0.544492,-0.00105518,0.001563,-0.015,-0.013437,0.00298125,32
4/1/2021,Q1_2122,Good job,Croydon,0.5,0.545,0.544492,-0.00105518,0.001563,-0.045,-0.043437,0.00298125,32
4/1/2021,Q1_2122,Good job,Ealing,0.53,0.545,0.544492,-0.00105518,0.001563,-0.015,-0.013437,0.00298125,32
4/1/2021,Q1_2122,Good job,Enfield,0.52,0.545,0.544492,-0.00105518,0.001563,-0.025,-0.023437,0.00298125,32
4/1/2021,Q1_2122,Good job,Greenwich,0.55,0.545,0.544492,-0.00105518,0.001563,0.005,0.006563,0.00298125,32
4/1/2021,Q1_2122,Good job,Hackney,0.49,0.545,0.544492,-0.00105518,0.001563,-0.055,-0.053437,0.00298125,32
4/1/2021,Q1_2122,Good job,Hammersmith and Fulham,0.6,0.545,0.544492,-0.00105518,0.001563,0.055,0.056563,0.00298125,32
4/1/2021,Q1_2122,Good job,Haringey,0.53,0.545,0.544492,-0.00105518,0.001563,-0.015,-0.013437,0.00298125,32
4/1/2021,Q1_2122,Good job,Harrow,0.52,0.545,0.544492,-0.00105518,0.001563,-0.025,-0.023437,0.00298125,32
4/1/2021,Q1_2122,Good job,Havering,0.57,0.545,0.544492,-0.00105518,0.001563,0.025,0.026563,0.00298125,32
4/1/2021,Q1_2122,Good job,Hillingdon,0.6,0.545,0.544492,-0.00105518,0.001563,0.055,0.056563,0.00298125,32
4/1/2021,Q1_2122,Good job,Hounslow,0.57,0.545,0.544492,-0.00105518,0.001563,0.025,0.026563,0.00298125,32
4/1/2021,Q1_2122,Good job,Islington,0.56,0.545,0.544492,-0.00105518,0.001563,0.015,0.016563,0.00298125,32
4/1/2021,Q1_2122,Good job,Kensington and Chelsea,0.62,0.545,0.544492,-0.00105518,0.001563,0.075,0.076563,0.00298125,32
4/1/2021,Q1_2122,Good job,Kingston upon Thames,0.67,0.545,0.544492,-0.00105518,0.001563,0.125,0.126563,0.00298125,32
4/1/2021,Q1_2122,Good job,Lambeth,0.49,0.545,0.544492,-0.00105518,0.001563,-0.055,-0.053437,0.00298125,32
4/1/2021,Q1_2122,Good job,Lewisham,0.46,0.545,0.544492,-0.00105518,0.001563,-0.085,-0.083437,0.00298125,32
4/1/2021,Q1_2122,Good job,Merton,0.6,0.545,0.544492,-0.00105518,0.001563,0.055,0.056563,0.00298125,32
4/1/2021,Q1_2122,Good job,Newham,0.47,0.545,0.544492,-0.00105518,0.001563,-0.075,-0.073437,0.00298125,32
4/1/2021,Q1_2122,Good job,Redbridge,0.48,0.545,0.544492,-0.00105518,0.001563,-0.065,-0.063437,0.00298125,32
4/1/2021,Q1_2122,Good job,Richmond upon Thames,0.63,0.545,0.544492,-0.00105518,0.001563,0.085,0.086563,0.00298125,32
4/1/2021,Q1_2122,Good job,Southwark,0.54,0.545,0.544492,-0.00105518,0.001563,-0.005,-0.003437,0.00298125,32
4/1/2021,Q1_2122,Good job,Sutton,0.61,0.545,0.544492,-0.00105518,0.001563,0.065,0.066563,0.00298125,32
4/1/2021,Q1_2122,Good job,Tower Hamlets,0.45,0.545,0.544492,-0.00105518,0.001563,-0.095,-0.093437,0.00298125,32
4/1/2021,Q1_2122,Good job,Waltham Forest,0.54,0.545,0.544492,-0.00105518,0.001563,-0.005,-0.003437,0.00298125,32
4/1/2021,Q1_2122,Good job,Wandsworth,0.57,0.545,0.544492,-0.00105518,0.001563,0.025,0.026563,0.00298125,32
4/1/2021,Q1_2122,Good job,Westminster,0.52,0.545,0.544492,-0.00105518,0.001563,-0.025,-0.023437,0.00298125,32
4/1/2021,Q1_2122,Trust MPS,Barking and Dagenham,0.81,0.791875,0.790625,0.00190036,-0.000650355,0.018125,0.0174746,0.00242148,32
4/1/2021,Q1_2122,Trust MPS,Barnet,0.79,0.791875,0.790625,0.00190036,-0.000650355,-0.001875,-0.00252536,0.00242148,32
4/1/2021,Q1_2122,Trust MPS,Bexley,0.87,0.791875,0.790625,0.00190036,-0.000650355,0.078125,0.0774746,0.00242148,32
4/1/2021,Q1_2122,Trust MPS,Brent,0.8,0.791875,0.790625,0.00190036,-0.000650355,0.008125,0.00747464,0.00242148,32
4/1/2021,Q1_2122,Trust MPS,Bromley,0.84,0.791875,0.790625,0.00190036,-0.000650355,0.048125,0.0474746,0.00242148,32
4/1/2021,Q1_2122,Trust MPS,Camden,0.77,0.791875,0.790625,0.00190036,-0.000650355,-0.021875,-0.0225254,0.00242148,32
4/1/2021,Q1_2122,Trust MPS,Croydon,0.76,0.791875,0.790625,0.00190036,-0.000650355,-0.031875,-0.0325254,0.00242148,32
4/1/2021,Q1_2122,Trust MPS,Ealing,0.8,0.791875,0.790625,0.00190036,-0.000650355,0.008125,0.00747464,0.00242148,32
4/1/2021,Q1_2122,Trust MPS,Enfield,0.75,0.791875,0.790625,0.00190036,-0.000650355,-0.041875,-0.0425254,0.00242148,32
4/1/2021,Q1_2122,Trust MPS,Greenwich,0.75,0.791875,0.790625,0.00190036,-0.000650355,-0.041875,-0.0425254,0.00242148,32
4/1/2021,Q1_2122,Trust MPS,Hackney,0.69,0.791875,0.790625,0.00190036,-0.000650355,-0.101875,-0.102525,0.00242148,32
4/1/2021,Q1_2122,Trust MPS,Hammersmith and Fulham,0.81,0.791875,0.790625,0.00190036,-0.000650355,0.018125,0.0174746,0.00242148,32
4/1/2021,Q1_2122,Trust MPS,Haringey,0.75,0.791875,0.790625,0.00190036,-0.000650355,-0.041875,-0.0425254,0.00242148,32
4/1/2021,Q1_2122,Trust MPS,Harrow,0.83,0.791875,0.790625,0.00190036,-0.000650355,0.038125,0.0374746,0.00242148,32
4/1/2021,Q1_2122,Trust MPS,Havering,0.82,0.791875,0.790625,0.00190036,-0.000650355,0.028125,0.0274746,0.00242148,32
4/1/2021,Q1_2122,Trust MPS,Hillingdon,0.85,0.791875,0.790625,0.00190036,-0.000650355,0.058125,0.0574746,0.00242148,32
4/1/2021,Q1_2122,Trust MPS,Hounslow,0.82,0.791875,0.790625,0.00190036,-0.000650355,0.028125,0.0274746,0.00242148,32
4/1/2021,Q1_2122,Trust MPS,Islington,0.7,0.791875,0.790625,0.00190036,-0.000650355,-0.091875,-0.0925254,0.00242148,32
4/1/2021,Q1_2122,Trust MPS,Kensington and Chelsea,0.79,0.791875,0.790625,0.00190036,-0.000650355,-0.001875,-0.00252536,0.00242148,32
4/1/2021,Q1_2122,Trust MPS,Kingston upon Thames,0.85,0.791875,0.790625,0.00190036,-0.000650355,0.058125,0.0574746,0.00242148,32
4/1/2021,Q1_2122,Trust MPS,Lambeth,0.73,0.791875,0.790625,0.00190036,-0.000650355,-0.061875,-0.0625254,0.00242148,32
4/1/2021,Q1_2122,Trust MPS,Lewisham,0.68,0.791875,0.790625,0.00190036,-0.000650355,-0.111875,-0.112525,0.00242148,32
4/1/2021,Q1_2122,Trust MPS,Merton,0.79,0.791875,0.790625,0.00190036,-0.000650355,-0.001875,-0.00252536,0.00242148,32
4/1/2021,Q1_2122,Trust MPS,Newham,0.81,0.791875,0.790625,0.00190036,-0.000650355,0.018125,0.0174746,0.00242148,32
4/1/2021,Q1_2122,Trust MPS,Redbridge,0.79,0.791875,0.790625,0.00190036,-0.000650355,-0.001875,-0.00252536,0.00242148,32
4/1/2021,Q1_2122,Trust MPS,Richmond upon Thames,0.87,0.791875,0.790625,0.00190036,-0.000650355,0.078125,0.0774746,0.00242148,32
4/1/2021,Q1_2122,Trust MPS,Southwark,0.77,0.791875,0.790625,0.00190036,-0.000650355,-0.021875,-0.0225254,0.00242148,32
4/1/2021,Q1_2122,Trust MPS,Sutton,0.87,0.791875,0.790625,0.00190036,-0.000650355,0.078125,0.0774746,0.00242148,32
4/1/2021,Q1_2122,Trust MPS,Tower Hamlets,0.76,0.791875,0.790625,0.00190036,-0.000650355,-0.031875,-0.0325254,0.00242148,32
4/1/2021,Q1_2122,Trust MPS,Waltham Forest,0.8,0.791875,0.790625,0.00190036,-0.000650355,0.008125,0.00747464,0.00242148,32
4/1/2021,Q1_2122,Trust MPS,Wandsworth,0.78,0.791875,0.790625,0.00190036,-0.000650355,-0.011875,-0.0125254,0.00242148,32
4/1/2021,Q1_2122,Trust MPS,Westminster,0.84,0.791875,0.790625,0.00190036,-0.000650355,0.048125,0.0474746,0.00242148,32
1/1/2021,Q4_2021,Fair treatment,Barking and Dagenham,0.68,0.708125,0.703516,-0.00136709,0.00597647,-0.028125,-0.0221485,0.00515273,32
1/1/2021,Q4_2021,Fair treatment,Barnet,0.72,0.708125,0.703516,-0.00136709,0.00597647,0.011875,0.0178515,0.00515273,32
1/1/2021,Q4_2021,Fair treatment,Bexley,0.83,0.708125,0.703516,-0.00136709,0.00597647,0.121875,0.127851,0.00515273,32
1/1/2021,Q4_2021,Fair treatment,Brent,0.7,0.708125,0.703516,-0.00136709,0.00597647,-0.008125,-0.00214853,0.00515273,32
1/1/2021,Q4_2021,Fair treatment,Bromley,0.78,0.708125,0.703516,-0.00136709,0.00597647,0.071875,0.0778515,0.00515273,32
1/1/2021,Q4_2021,Fair treatment,Camden,0.61,0.708125,0.703516,-0.00136709,0.00597647,-0.098125,-0.0921485,0.00515273,32
1/1/2021,Q4_2021,Fair treatment,Croydon,0.67,0.708125,0.703516,-0.00136709,0.00597647,-0.038125,-0.0321485,0.00515273,32
1/1/2021,Q4_2021,Fair treatment,Ealing,0.73,0.708125,0.703516,-0.00136709,0.00597647,0.021875,0.0278515,0.00515273,32
1/1/2021,Q4_2021,Fair treatment,Enfield,0.71,0.708125,0.703516,-0.00136709,0.00597647,0.001875,0.00785147,0.00515273,32
1/1/2021,Q4_2021,Fair treatment,Greenwich,0.71,0.708125,0.703516,-0.00136709,0.00597647,0.001875,0.00785147,0.00515273,32
1/1/2021,Q4_2021,Fair treatment,Hackney,0.6,0.708125,0.703516,-0.00136709,0.00597647,-0.108125,-0.102149,0.00515273,32
1/1/2021,Q4_2021,Fair treatment,Hammersmith and Fulham,0.67,0.708125,0.703516,-0.00136709,0.00597647,-0.038125,-0.0321485,0.00515273,32
1/1/2021,Q4_2021,Fair treatment,Haringey,0.66,0.708125,0.703516,-0.00136709,0.00597647,-0.048125,-0.0421485,0.00515273,32
1/1/2021,Q4_2021,Fair treatment,Harrow,0.78,0.708125,0.703516,-0.00136709,0.00597647,0.071875,0.0778515,0.00515273,32
1/1/2021,Q4_2021,Fair treatment,Havering,0.81,0.708125,0.703516,-0.00136709,0.00597647,0.101875,0.107851,0.00515273,32
1/1/2021,Q4_2021,Fair treatment,Hillingdon,0.81,0.708125,0.703516,-0.00136709,0.00597647,0.101875,0.107851,0.00515273,32
1/1/2021,Q4_2021,Fair treatment,Hounslow,0.75,0.708125,0.703516,-0.00136709,0.00597647,0.041875,0.0478515,0.00515273,32
1/1/2021,Q4_2021,Fair treatment,Islington,0.59,0.708125,0.703516,-0.00136709,0.00597647,-0.118125,-0.112149,0.00515273,32
1/1/2021,Q4_2021,Fair treatment,Kensington and Chelsea,0.76,0.708125,0.703516,-0.00136709,0.00597647,0.051875,0.0578515,0.00515273,32
1/1/2021,Q4_2021,Fair treatment,Kingston upon Thames,0.78,0.708125,0.703516,-0.00136709,0.00597647,0.071875,0.0778515,0.00515273,32
1/1/2021,Q4_2021,Fair treatment,Lambeth,0.56,0.708125,0.703516,-0.00136709,0.00597647,-0.148125,-0.142149,0.00515273,32
1/1/2021,Q4_2021,Fair treatment,Lewisham,0.58,0.708125,0.703516,-0.00136709,0.00597647,-0.128125,-0.122149,0.00515273,32
1/1/2021,Q4_2021,Fair treatment,Merton,0.7,0.708125,0.703516,-0.00136709,0.00597647,-0.008125,-0.00214853,0.00515273,32
1/1/2021,Q4_2021,Fair treatment,Newham,0.78,0.708125,0.703516,-0.00136709,0.00597647,0.071875,0.0778515,0.00515273,32
1/1/2021,Q4_2021,Fair treatment,Redbridge,0.75,0.708125,0.703516,-0.00136709,0.00597647,0.041875,0.0478515,0.00515273,32
1/1/2021,Q4_2021,Fair treatment,Richmond upon Thames,0.75,0.708125,0.703516,-0.00136709,0.00597647,0.041875,0.0478515,0.00515273,32
1/1/2021,Q4_2021,Fair treatment,Southwark,0.6,0.708125,0.703516,-0.00136709,0.00597647,-0.108125,-0.102149,0.00515273,32
1/1/2021,Q4_2021,Fair treatment,Sutton,0.78,0.708125,0.703516,-0.00136709,0.00597647,0.071875,0.0778515,0.00515273,32
1/1/2021,Q4_2021,Fair treatment,Tower Hamlets,0.7,0.708125,0.703516,-0.00136709,0.00597647,-0.008125,-0.00214853,0.00515273,32
1/1/2021,Q4_2021,Fair treatment,Waltham Forest,0.71,0.708125,0.703516,-0.00136709,0.00597647,0.001875,0.00785147,0.00515273,32
1/1/2021,Q4_2021,Fair treatment,Wandsworth,0.66,0.708125,0.703516,-0.00136709,0.00597647,-0.048125,-0.0421485,0.00515273,32
1/1/2021,Q4_2021,Fair treatment,Westminster,0.74,0.708125,0.703516,-0.00136709,0.00597647,0.031875,0.0378515,0.00515273,32
1/1/2021,Q4_2021,Good job,Barking and Dagenham,0.5,0.56125,0.556719,0.000292591,0.00423866,-0.06125,-0.0570113,0.00312344,32
1/1/2021,Q4_2021,Good job,Barnet,0.51,0.56125,0.556719,0.000292591,0.00423866,-0.05125,-0.0470113,0.00312344,32
1/1/2021,Q4_2021,Good job,Bexley,0.59,0.56125,0.556719,0.000292591,0.00423866,0.02875,0.0329887,0.00312344,32
1/1/2021,Q4_2021,Good job,Brent,0.55,0.56125,0.556719,0.000292591,0.00423866,-0.01125,-0.00701134,0.00312344,32
1/1/2021,Q4_2021,Good job,Bromley,0.62,0.56125,0.556719,0.000292591,0.00423866,0.05875,0.0629887,0.00312344,32
1/1/2021,Q4_2021,Good job,Camden,0.54,0.56125,0.556719,0.000292591,0.00423866,-0.02125,-0.0170113,0.00312344,32
1/1/2021,Q4_2021,Good job,Croydon,0.53,0.56125,0.556719,0.000292591,0.00423866,-0.03125,-0.0270113,0.00312344,32
1/1/2021,Q4_2021,Good job,Ealing,0.56,0.56125,0.556719,0.000292591,0.00423866,-0.00125,0.00298866,0.00312344,32
1/1/2021,Q4_2021,Good job,Enfield,0.51,0.56125,0.556719,0.000292591,0.00423866,-0.05125,-0.0470113,0.00312344,32
1/1/2021,Q4_2021,Good job,Greenwich,0.56,0.56125,0.556719,0.000292591,0.00423866,-0.00125,0.00298866,0.00312344,32
1/1/2021,Q4_2021,Good job,Hackney,0.5,0.56125,0.556719,0.000292591,0.00423866,-0.06125,-0.0570113,0.00312344,32
1/1/2021,Q4_2021,Good job,Hammersmith and Fulham,0.63,0.56125,0.556719,0.000292591,0.00423866,0.06875,0.0729887,0.00312344,32
1/1/2021,Q4_2021,Good job,Haringey,0.55,0.56125,0.556719,0.000292591,0.00423866,-0.01125,-0.00701134,0.00312344,32
1/1/2021,Q4_2021,Good job,Harrow,0.53,0.56125,0.556719,0.000292591,0.00423866,-0.03125,-0.0270113,0.00312344,32
1/1/2021,Q4_2021,Good job,Havering,0.63,0.56125,0.556719,0.000292591,0.00423866,0.06875,0.0729887,0.00312344,32
1/1/2021,Q4_2021,Good job,Hillingdon,0.61,0.56125,0.556719,0.000292591,0.00423866,0.04875,0.0529887,0.00312344,32
1/1/2021,Q4_2021,Good job,Hounslow,0.57,0.56125,0.556719,0.000292591,0.00423866,0.00875,0.0129887,0.00312344,32
1/1/2021,Q4_2021,Good job,Islington,0.58,0.56125,0.556719,0.000292591,0.00423866,0.01875,0.0229887,0.00312344,32
1/1/2021,Q4_2021,Good job,Kensington and Chelsea,0.69,0.56125,0.556719,0.000292591,0.00423866,0.12875,0.132989,0.00312344,32
1/1/2021,Q4_2021,Good job,Kingston upon Thames,0.65,0.56125,0.556719,0.000292591,0.00423866,0.08875,0.0929887,0.00312344,32
1/1/2021,Q4_2021,Good job,Lambeth,0.54,0.56125,0.556719,0.000292591,0.00423866,-0.02125,-0.0170113,0.00312344,32
1/1/2021,Q4_2021,Good job,Lewisham,0.5,0.56125,0.556719,0.000292591,0.00423866,-0.06125,-0.0570113,0.00312344,32
1/1/2021,Q4_2021,Good job,Merton,0.61,0.56125,0.556719,0.000292591,0.00423866,0.04875,0.0529887,0.00312344,32
1/1/2021,Q4_2021,Good job,Newham,0.49,0.56125,0.556719,0.000292591,0.00423866,-0.07125,-0.0670113,0.00312344,32
1/1/2021,Q4_2021,Good job,Redbridge,0.46,0.56125,0.556719,0.000292591,0.00423866,-0.10125,-0.0970113,0.00312344,32
1/1/2021,Q4_2021,Good job,Richmond upon Thames,0.63,0.56125,0.556719,0.000292591,0.00423866,0.06875,0.0729887,0.00312344,32
1/1/2021,Q4_2021,Good job,Southwark,0.55,0.56125,0.556719,0.000292591,0.00423866,-0.01125,-0.00701134,0.00312344,32
1/1/2021,Q4_2021,Good job,Sutton,0.63,0.56125,0.556719,0.000292591,0.00423866,0.06875,0.0729887,0.00312344,32
1/1/2021,Q4_2021,Good job,Tower Hamlets,0.46,0.56125,0.556719,0.000292591,0.00423866,-0.10125,-0.0970113,0.00312344,32
1/1/2021,Q4_2021,Good job,Waltham Forest,0.56,0.56125,0.556719,0.000292591,0.00423866,-0.00125,0.00298866,0.00312344,32
1/1/2021,Q4_2021,Good job,Wandsworth,0.59,0.56125,0.556719,0.000292591,0.00423866,0.02875,0.0329887,0.00312344,32
1/1/2021,Q4_2021,Good job,Westminster,0.53,0.56125,0.556719,0.000292591,0.00423866,-0.03125,-0.0270113,0.00312344,32
1/1/2021,Q4_2021,Trust MPS,Barking and Dagenham,0.81,0.804063,0.800938,-0.00355419,0.00667919,0.0059375,0.0126167,0.00193037,32
1/1/2021,Q4_2021,Trust MPS,Barnet,0.8,0.804063,0.800938,-0.00355419,0.00667919,-0.0040625,0.00261669,0.00193037,32
1/1/2021,Q4_2021,Trust MPS,Bexley,0.88,0.804063,0.800938,-0.00355419,0.00667919,0.0759375,0.0826167,0.00193037,32
1/1/2021,Q4_2021,Trust MPS,Brent,0.77,0.804063,0.800938,-0.00355419,0.00667919,-0.0340625,-0.0273833,0.00193037,32
1/1/2021,Q4_2021,Trust MPS,Bromley,0.87,0.804063,0.800938,-0.00355419,0.00667919,0.0659375,0.0726167,0.00193037,32
1/1/2021,Q4_2021,Trust MPS,Camden,0.77,0.804063,0.800938,-0.00355419,0.00667919,-0.0340625,-0.0273833,0.00193037,32
1/1/2021,Q4_2021,Trust MPS,Croydon,0.79,0.804063,0.800938,-0.00355419,0.00667919,-0.0140625,-0.00738331,0.00193037,32
1/1/2021,Q4_2021,Trust MPS,Ealing,0.83,0.804063,0.800938,-0.00355419,0.00667919,0.0259375,0.0326167,0.00193037,32
1/1/2021,Q4_2021,Trust MPS,Enfield,0.77,0.804063,0.800938,-0.00355419,0.00667919,-0.0340625,-0.0273833,0.00193037,32
1/1/2021,Q4_2021,Trust MPS,Greenwich,0.76,0.804063,0.800938,-0.00355419,0.00667919,-0.0440625,-0.0373833,0.00193037,32
1/1/2021,Q4_2021,Trust MPS,Hackney,0.74,0.804063,0.800938,-0.00355419,0.00667919,-0.0640625,-0.0573833,0.00193037,32
1/1/2021,Q4_2021,Trust MPS,Hammersmith and Fulham,0.79,0.804063,0.800938,-0.00355419,0.00667919,-0.0140625,-0.00738331,0.00193037,32
1/1/2021,Q4_2021,Trust MPS,Haringey,0.78,0.804063,0.800938,-0.00355419,0.00667919,-0.0240625,-0.0173833,0.00193037,32
1/1/2021,Q4_2021,Trust MPS,Harrow,0.82,0.804063,0.800938,-0.00355419,0.00667919,0.0159375,0.0226167,0.00193037,32
1/1/2021,Q4_2021,Trust MPS,Havering,0.84,0.804063,0.800938,-0.00355419,0.00667919,0.0359375,0.0426167,0.00193037,32
1/1/2021,Q4_2021,Trust MPS,Hillingdon,0.85,0.804063,0.800938,-0.00355419,0.00667919,0.0459375,0.0526167,0.00193037,32
1/1/2021,Q4_2021,Trust MPS,Hounslow,0.82,0.804063,0.800938,-0.00355419,0.00667919,0.0159375,0.0226167,0.00193037,32
1/1/2021,Q4_2021,Trust MPS,Islington,0.76,0.804063,0.800938,-0.00355419,0.00667919,-0.0440625,-0.0373833,0.00193037,32
1/1/2021,Q4_2021,Trust MPS,Kensington and Chelsea,0.81,0.804063,0.800938,-0.00355419,0.00667919,0.0059375,0.0126167,0.00193037,32
1/1/2021,Q4_2021,Trust MPS,Kingston upon Thames,0.86,0.804063,0.800938,-0.00355419,0.00667919,0.0559375,0.0626167,0.00193037,32
1/1/2021,Q4_2021,Trust MPS,Lambeth,0.76,0.804063,0.800938,-0.00355419,0.00667919,-0.0440625,-0.0373833,0.00193037,32
1/1/2021,Q4_2021,Trust MPS,Lewisham,0.67,0.804063,0.800938,-0.00355419,0.00667919,-0.134062,-0.127383,0.00193037,32
1/1/2021,Q4_2021,Trust MPS,Merton,0.81,0.804063,0.800938,-0.00355419,0.00667919,0.0059375,0.0126167,0.00193037,32
1/1/2021,Q4_2021,Trust MPS,Newham,0.82,0.804063,0.800938,-0.00355419,0.00667919,0.0159375,0.0226167,0.00193037,32
1/1/2021,Q4_2021,Trust MPS,Redbridge,0.81,0.804063,0.800938,-0.00355419,0.00667919,0.0059375,0.0126167,0.00193037,32
1/1/2021,Q4_2021,Trust MPS,Richmond upon Thames,0.85,0.804063,0.800938,-0.00355419,0.00667919,0.0459375,0.0526167,0.00193037,32
1/1/2021,Q4_2021,Trust MPS,Southwark,0.78,0.804063,0.800938,-0.00355419,0.00667919,-0.0240625,-0.0173833,0.00193037,32
1/1/2021,Q4_2021,Trust MPS,Sutton,0.88,0.804063,0.800938,-0.00355419,0.00667919,0.0759375,0.0826167,0.00193037,32
1/1/2021,Q4_2021,Trust MPS,Tower Hamlets,0.8,0.804063,0.800938,-0.00355419,0.00667919,-0.0040625,0.00261669,0.00193037,32
1/1/2021,Q4_2021,Trust MPS,Waltham Forest,0.8,0.804063,0.800938,-0.00355419,0.00667919,-0.0040625,0.00261669,0.00193037,32
1/1/2021,Q4_2021,Trust MPS,Wandsworth,0.78,0.804063,0.800938,-0.00355419,0.00667919,-0.0240625,-0.0173833,0.00193037,32
1/1/2021,Q4_2021,Trust MPS,Westminster,0.85,0.804063,0.800938,-0.00355419,0.00667919,0.0459375,0.0526167,0.00193037,32
10/1/2020,Q3_2021,Fair treatment,Barking and Dagenham,0.69,0.718125,0.722383,-2.69E-05,-0.00423089,-0.028125,-0.0323559,0.00674023,32
10/1/2020,Q3_2021,Fair treatment,Barnet,0.74,0.718125,0.722383,-2.69E-05,-0.00423089,0.021875,0.0176441,0.00674023,32
10/1/2020,Q3_2021,Fair treatment,Bexley,0.83,0.718125,0.722383,-2.69E-05,-0.00423089,0.111875,0.107644,0.00674023,32
10/1/2020,Q3_2021,Fair treatment,Brent,0.76,0.718125,0.722383,-2.69E-05,-0.00423089,0.041875,0.0376441,0.00674023,32
10/1/2020,Q3_2021,Fair treatment,Bromley,0.81,0.718125,0.722383,-2.69E-05,-0.00423089,0.091875,0.0876441,0.00674023,32
10/1/2020,Q3_2021,Fair treatment,Camden,0.61,0.718125,0.722383,-2.69E-05,-0.00423089,-0.108125,-0.112356,0.00674023,32
10/1/2020,Q3_2021,Fair treatment,Croydon,0.63,0.718125,0.722383,-2.69E-05,-0.00423089,-0.088125,-0.0923559,0.00674023,32
10/1/2020,Q3_2021,Fair treatment,Ealing,0.79,0.718125,0.722383,-2.69E-05,-0.00423089,0.071875,0.0676441,0.00674023,32
10/1/2020,Q3_2021,Fair treatment,Enfield,0.68,0.718125,0.722383,-2.69E-05,-0.00423089,-0.038125,-0.0423559,0.00674023,32
10/1/2020,Q3_2021,Fair treatment,Greenwich,0.71,0.718125,0.722383,-2.69E-05,-0.00423089,-0.008125,-0.0123559,0.00674023,32
10/1/2020,Q3_2021,Fair treatment,Hackney,0.6,0.718125,0.722383,-2.69E-05,-0.00423089,-0.118125,-0.122356,0.00674023,32
10/1/2020,Q3_2021,Fair treatment,Hammersmith and Fulham,0.72,0.718125,0.722383,-2.69E-05,-0.00423089,0.001875,-0.00235589,0.00674023,32
10/1/2020,Q3_2021,Fair treatment,Haringey,0.66,0.718125,0.722383,-2.69E-05,-0.00423089,-0.058125,-0.0623559,0.00674023,32
10/1/2020,Q3_2021,Fair treatment,Harrow,0.81,0.718125,0.722383,-2.69E-05,-0.00423089,0.091875,0.0876441,0.00674023,32
10/1/2020,Q3_2021,Fair treatment,Havering,0.83,0.718125,0.722383,-2.69E-05,-0.00423089,0.111875,0.107644,0.00674023,32
10/1/2020,Q3_2021,Fair treatment,Hillingdon,0.83,0.718125,0.722383,-2.69E-05,-0.00423089,0.111875,0.107644,0.00674023,32
10/1/2020,Q3_2021,Fair treatment,Hounslow,0.77,0.718125,0.722383,-2.69E-05,-0.00423089,0.051875,0.0476441,0.00674023,32
10/1/2020,Q3_2021,Fair treatment,Islington,0.6,0.718125,0.722383,-2.69E-05,-0.00423089,-0.118125,-0.122356,0.00674023,32
10/1/2020,Q3_2021,Fair treatment,Kensington and Chelsea,0.75,0.718125,0.722383,-2.69E-05,-0.00423089,0.031875,0.0276441,0.00674023,32
10/1/2020,Q3_2021,Fair treatment,Kingston upon Thames,0.79,0.718125,0.722383,-2.69E-05,-0.00423089,0.071875,0.0676441,0.00674023,32
10/1/2020,Q3_2021,Fair treatment,Lambeth,0.53,0.718125,0.722383,-2.69E-05,-0.00423089,-0.188125,-0.192356,0.00674023,32
10/1/2020,Q3_2021,Fair treatment,Lewisham,0.56,0.718125,0.722383,-2.69E-05,-0.00423089,-0.158125,-0.162356,0.00674023,32
10/1/2020,Q3_2021,Fair treatment,Merton,0.72,0.718125,0.722383,-2.69E-05,-0.00423089,0.001875,-0.00235589,0.00674023,32
10/1/2020,Q3_2021,Fair treatment,Newham,0.77,0.718125,0.722383,-2.69E-05,-0.00423089,0.051875,0.0476441,0.00674023,32
10/1/2020,Q3_2021,Fair treatment,Redbridge,0.8,0.718125,0.722383,-2.69E-05,-0.00423089,0.081875,0.0776441,0.00674023,32
10/1/2020,Q3_2021,Fair treatment,Richmond upon Thames,0.79,0.718125,0.722383,-2.69E-05,-0.00423089,0.071875,0.0676441,0.00674023,32
10/1/2020,Q3_2021,Fair treatment,Southwark,0.64,0.718125,0.722383,-2.69E-05,-0.00423089,-0.078125,-0.0823559,0.00674023,32
10/1/2020,Q3_2021,Fair treatment,Sutton,0.8,0.718125,0.722383,-2.69E-05,-0.00423089,0.081875,0.0776441,0.00674023,32
10/1/2020,Q3_2021,Fair treatment,Tower Hamlets,0.68,0.718125,0.722383,-2.69E-05,-0.00423089,-0.038125,-0.0423559,0.00674023,32
10/1/2020,Q3_2021,Fair treatment,Waltham Forest,0.67,0.718125,0.722383,-2.69E-05,-0.00423089,-0.048125,-0.0523559,0.00674023,32
10/1/2020,Q3_2021,Fair treatment,Wandsworth,0.7,0.718125,0.722383,-2.69E-05,-0.00423089,-0.018125,-0.0223559,0.00674023,32
10/1/2020,Q3_2021,Fair treatment,Westminster,0.71,0.718125,0.722383,-2.69E-05,-0.00423089,-0.008125,-0.0123559,0.00674023,32
10/1/2020,Q3_2021,Good job,Barking and Dagenham,0.53,0.567188,0.568359,0.000660104,-0.00183198,-0.0371875,-0.0390195,0.00330771,32
10/1/2020,Q3_2021,Good job,Barnet,0.53,0.567188,0.568359,0.000660104,-0.00183198,-0.0371875,-0.0390195,0.00330771,32
10/1/2020,Q3_2021,Good job,Bexley,0.59,0.567188,0.568359,0.000660104,-0.00183198,0.0228125,0.0209805,0.00330771,32
10/1/2020,Q3_2021,Good job,Brent,0.57,0.567188,0.568359,0.000660104,-0.00183198,0.0028125,0.000980521,0.00330771,32
10/1/2020,Q3_2021,Good job,Bromley,0.67,0.567188,0.568359,0.000660104,-0.00183198,0.102812,0.100981,0.00330771,32
10/1/2020,Q3_2021,Good job,Camden,0.56,0.567188,0.568359,0.000660104,-0.00183198,-0.0071875,-0.00901948,0.00330771,32
10/1/2020,Q3_2021,Good job,Croydon,0.5,0.567188,0.568359,0.000660104,-0.00183198,-0.0671875,-0.0690195,0.00330771,32
10/1/2020,Q3_2021,Good job,Ealing,0.62,0.567188,0.568359,0.000660104,-0.00183198,0.0528125,0.0509805,0.00330771,32
10/1/2020,Q3_2021,Good job,Enfield,0.54,0.567188,0.568359,0.000660104,-0.00183198,-0.0271875,-0.0290195,0.00330771,32
10/1/2020,Q3_2021,Good job,Greenwich,0.55,0.567188,0.568359,0.000660104,-0.00183198,-0.0171875,-0.0190195,0.00330771,32
10/1/2020,Q3_2021,Good job,Hackney,0.45,0.567188,0.568359,0.000660104,-0.00183198,-0.117188,-0.119019,0.00330771,32
10/1/2020,Q3_2021,Good job,Hammersmith and Fulham,0.63,0.567188,0.568359,0.000660104,-0.00183198,0.0628125,0.0609805,0.00330771,32
10/1/2020,Q3_2021,Good job,Haringey,0.5,0.567188,0.568359,0.000660104,-0.00183198,-0.0671875,-0.0690195,0.00330771,32
10/1/2020,Q3_2021,Good job,Harrow,0.59,0.567188,0.568359,0.000660104,-0.00183198,0.0228125,0.0209805,0.00330771,32
10/1/2020,Q3_2021,Good job,Havering,0.64,0.567188,0.568359,0.000660104,-0.00183198,0.0728125,0.0709805,0.00330771,32
10/1/2020,Q3_2021,Good job,Hillingdon,0.58,0.567188,0.568359,0.000660104,-0.00183198,0.0128125,0.0109805,0.00330771,32
10/1/2020,Q3_2021,Good job,Hounslow,0.57,0.567188,0.568359,0.000660104,-0.00183198,0.0028125,0.000980521,0.00330771,32
10/1/2020,Q3_2021,Good job,Islington,0.57,0.567188,0.568359,0.000660104,-0.00183198,0.0028125,0.000980521,0.00330771,32
10/1/2020,Q3_2021,Good job,Kensington and Chelsea,0.67,0.567188,0.568359,0.000660104,-0.00183198,0.102812,0.100981,0.00330771,32
10/1/2020,Q3_2021,Good job,Kingston upon Thames,0.63,0.567188,0.568359,0.000660104,-0.00183198,0.0628125,0.0609805,0.00330771,32
10/1/2020,Q3_2021,Good job,Lambeth,0.53,0.567188,0.568359,0.000660104,-0.00183198,-0.0371875,-0.0390195,0.00330771,32
10/1/2020,Q3_2021,Good job,Lewisham,0.53,0.567188,0.568359,0.000660104,-0.00183198,-0.0371875,-0.0390195,0.00330771,32
10/1/2020,Q3_2021,Good job,Merton,0.64,0.567188,0.568359,0.000660104,-0.00183198,0.0728125,0.0709805,0.00330771,32
10/1/2020,Q3_2021,Good job,Newham,0.49,0.567188,0.568359,0.000660104,-0.00183198,-0.0771875,-0.0790195,0.00330771,32
10/1/2020,Q3_2021,Good job,Redbridge,0.48,0.567188,0.568359,0.000660104,-0.00183198,-0.0871875,-0.0890195,0.00330771,32
10/1/2020,Q3_2021,Good job,Richmond upon Thames,0.61,0.567188,0.568359,0.000660104,-0.00183198,0.0428125,0.0409805,0.00330771,32
10/1/2020,Q3_2021,Good job,Southwark,0.58,0.567188,0.568359,0.000660104,-0.00183198,0.0128125,0.0109805,0.00330771,32
10/1/2020,Q3_2021,Good job,Sutton,0.64,0.567188,0.568359,0.000660104,-0.00183198,0.0728125,0.0709805,0.00330771,32
10/1/2020,Q3_2021,Good job,Tower Hamlets,0.46,0.567188,0.568359,0.000660104,-0.00183198,-0.107188,-0.109019,0.00330771,32
10/1/2020,Q3_2021,Good job,Waltham Forest,0.55,0.567188,0.568359,0.000660104,-0.00183198,-0.0171875,-0.0190195,0.00330771,32
10/1/2020,Q3_2021,Good job,Wandsworth,0.57,0.567188,0.568359,0.000660104,-0.00183198,0.0028125,0.000980521,0.00330771,32
10/1/2020,Q3_2021,Good job,Westminster,0.58,0.567188,0.568359,0.000660104,-0.00183198,0.0128125,0.0109805,0.00330771,32
10/1/2020,Q3_2021,Trust MPS,Barking and Dagenham,0.84,0.808437,0.811719,-0.000922301,-0.00235895,0.0315625,0.0292036,0.00266318,32
10/1/2020,Q3_2021,Trust MPS,Barnet,0.84,0.808437,0.811719,-0.000922301,-0.00235895,0.0315625,0.0292036,0.00266318,32
10/1/2020,Q3_2021,Trust MPS,Bexley,0.89,0.808437,0.811719,-0.000922301,-0.00235895,0.0815625,0.0792036,0.00266318,32
10/1/2020,Q3_2021,Trust MPS,Brent,0.81,0.808437,0.811719,-0.000922301,-0.00235895,0.0015625,-0.000796449,0.00266318,32
10/1/2020,Q3_2021,Trust MPS,Bromley,0.89,0.808437,0.811719,-0.000922301,-0.00235895,0.0815625,0.0792036,0.00266318,32
10/1/2020,Q3_2021,Trust MPS,Camden,0.74,0.808437,0.811719,-0.000922301,-0.00235895,-0.0684375,-0.0707964,0.00266318,32
10/1/2020,Q3_2021,Trust MPS,Croydon,0.75,0.808437,0.811719,-0.000922301,-0.00235895,-0.0584375,-0.0607964,0.00266318,32
10/1/2020,Q3_2021,Trust MPS,Ealing,0.86,0.808437,0.811719,-0.000922301,-0.00235895,0.0515625,0.0492036,0.00266318,32
10/1/2020,Q3_2021,Trust MPS,Enfield,0.77,0.808437,0.811719,-0.000922301,-0.00235895,-0.0384375,-0.0407964,0.00266318,32
10/1/2020,Q3_2021,Trust MPS,Greenwich,0.79,0.808437,0.811719,-0.000922301,-0.00235895,-0.0184375,-0.0207964,0.00266318,32
10/1/2020,Q3_2021,Trust MPS,Hackney,0.72,0.808437,0.811719,-0.000922301,-0.00235895,-0.0884375,-0.0907964,0.00266318,32
10/1/2020,Q3_2021,Trust MPS,Hammersmith and Fulham,0.82,0.808437,0.811719,-0.000922301,-0.00235895,0.0115625,0.00920355,0.00266318,32
10/1/2020,Q3_2021,Trust MPS,Haringey,0.8,0.808437,0.811719,-0.000922301,-0.00235895,-0.0084375,-0.0107964,0.00266318,32
10/1/2020,Q3_2021,Trust MPS,Harrow,0.84,0.808437,0.811719,-0.000922301,-0.00235895,0.0315625,0.0292036,0.00266318,32
10/1/2020,Q3_2021,Trust MPS,Havering,0.85,0.808437,0.811719,-0.000922301,-0.00235895,0.0415625,0.0392036,0.00266318,32
10/1/2020,Q3_2021,Trust MPS,Hillingdon,0.84,0.808437,0.811719,-0.000922301,-0.00235895,0.0315625,0.0292036,0.00266318,32
10/1/2020,Q3_2021,Trust MPS,Hounslow,0.84,0.808437,0.811719,-0.000922301,-0.00235895,0.0315625,0.0292036,0.00266318,32
10/1/2020,Q3_2021,Trust MPS,Islington,0.77,0.808437,0.811719,-0.000922301,-0.00235895,-0.0384375,-0.0407964,0.00266318,32
10/1/2020,Q3_2021,Trust MPS,Kensington and Chelsea,0.78,0.808437,0.811719,-0.000922301,-0.00235895,-0.0284375,-0.0307964,0.00266318,32
10/1/2020,Q3_2021,Trust MPS,Kingston upon Thames,0.86,0.808437,0.811719,-0.000922301,-0.00235895,0.0515625,0.0492036,0.00266318,32
10/1/2020,Q3_2021,Trust MPS,Lambeth,0.73,0.808437,0.811719,-0.000922301,-0.00235895,-0.0784375,-0.0807964,0.00266318,32
10/1/2020,Q3_2021,Trust MPS,Lewisham,0.65,0.808437,0.811719,-0.000922301,-0.00235895,-0.158437,-0.160796,0.00266318,32
10/1/2020,Q3_2021,Trust MPS,Merton,0.8,0.808437,0.811719,-0.000922301,-0.00235895,-0.0084375,-0.0107964,0.00266318,32
10/1/2020,Q3_2021,Trust MPS,Newham,0.79,0.808437,0.811719,-0.000922301,-0.00235895,-0.0184375,-0.0207964,0.00266318,32
10/1/2020,Q3_2021,Trust MPS,Redbridge,0.83,0.808437,0.811719,-0.000922301,-0.00235895,0.0215625,0.0192036,0.00266318,32
10/1/2020,Q3_2021,Trust MPS,Richmond upon Thames,0.86,0.808437,0.811719,-0.000922301,-0.00235895,0.0515625,0.0492036,0.00266318,32
10/1/2020,Q3_2021,Trust MPS,Southwark,0.8,0.808437,0.811719,-0.000922301,-0.00235895,-0.0084375,-0.0107964,0.00266318,32
10/1/2020,Q3_2021,Trust MPS,Sutton,0.86,0.808437,0.811719,-0.000922301,-0.00235895,0.0515625,0.0492036,0.00266318,32
10/1/2020,Q3_2021,Trust MPS,Tower Hamlets,0.83,0.808437,0.811719,-0.000922301,-0.00235895,0.0215625,0.0192036,0.00266318,32
10/1/2020,Q3_2021,Trust MPS,Waltham Forest,0.79,0.808437,0.811719,-0.000922301,-0.00235895,-0.0184375,-0.0207964,0.00266318,32
10/1/2020,Q3_2021,Trust MPS,Wandsworth,0.79,0.808437,0.811719,-0.000922301,-0.00235895,-0.0184375,-0.0207964,0.00266318,32
10/1/2020,Q3_2021,Trust MPS,Westminster,0.84,0.808437,0.811719,-0.000922301,-0.00235895,0.0315625,0.0292036,0.00266318,32
7/1/2020,Q2_2021,Fair treatment,Barking and Dagenham,0.73,0.740312,0.739141,0.00141079,-0.00023891,-0.0103125,-0.0105514,0.00722178,32
7/1/2020,Q2_2021,Fair treatment,Barnet,0.79,0.740312,0.739141,0.00141079,-0.00023891,0.0496875,0.0494486,0.00722178,32
7/1/2020,Q2_2021,Fair treatment,Bexley,0.83,0.740312,0.739141,0.00141079,-0.00023891,0.0896875,0.0894486,0.00722178,32
7/1/2020,Q2_2021,Fair treatment,Brent,0.81,0.740312,0.739141,0.00141079,-0.00023891,0.0696875,0.0694486,0.00722178,32
7/1/2020,Q2_2021,Fair treatment,Bromley,0.82,0.740312,0.739141,0.00141079,-0.00023891,0.0796875,0.0794486,0.00722178,32
7/1/2020,Q2_2021,Fair treatment,Camden,0.63,0.740312,0.739141,0.00141079,-0.00023891,-0.110312,-0.110551,0.00722178,32
7/1/2020,Q2_2021,Fair treatment,Croydon,0.65,0.740312,0.739141,0.00141079,-0.00023891,-0.0903125,-0.0905514,0.00722178,32
7/1/2020,Q2_2021,Fair treatment,Ealing,0.81,0.740312,0.739141,0.00141079,-0.00023891,0.0696875,0.0694486,0.00722178,32
7/1/2020,Q2_2021,Fair treatment,Enfield,0.7,0.740312,0.739141,0.00141079,-0.00023891,-0.0403125,-0.0405514,0.00722178,32
7/1/2020,Q2_2021,Fair treatment,Greenwich,0.76,0.740312,0.739141,0.00141079,-0.00023891,0.0196875,0.0194486,0.00722178,32
7/1/2020,Q2_2021,Fair treatment,Hackney,0.56,0.740312,0.739141,0.00141079,-0.00023891,-0.180312,-0.180551,0.00722178,32
7/1/2020,Q2_2021,Fair treatment,Hammersmith and Fulham,0.77,0.740312,0.739141,0.00141079,-0.00023891,0.0296875,0.0294486,0.00722178,32
7/1/2020,Q2_2021,Fair treatment,Haringey,0.63,0.740312,0.739141,0.00141079,-0.00023891,-0.110312,-0.110551,0.00722178,32
7/1/2020,Q2_2021,Fair treatment,Harrow,0.82,0.740312,0.739141,0.00141079,-0.00023891,0.0796875,0.0794486,0.00722178,32
7/1/2020,Q2_2021,Fair treatment,Havering,0.83,0.740312,0.739141,0.00141079,-0.00023891,0.0896875,0.0894486,0.00722178,32
7/1/2020,Q2_2021,Fair treatment,Hillingdon,0.8,0.740312,0.739141,0.00141079,-0.00023891,0.0596875,0.0594486,0.00722178,32
7/1/2020,Q2_2021,Fair treatment,Hounslow,0.8,0.740312,0.739141,0.00141079,-0.00023891,0.0596875,0.0594486,0.00722178,32
7/1/2020,Q2_2021,Fair treatment,Islington,0.6,0.740312,0.739141,0.00141079,-0.00023891,-0.140312,-0.140551,0.00722178,32
7/1/2020,Q2_2021,Fair treatment,Kensington and Chelsea,0.81,0.740312,0.739141,0.00141079,-0.00023891,0.0696875,0.0694486,0.00722178,32
7/1/2020,Q2_2021,Fair treatment,Kingston upon Thames,0.81,0.740312,0.739141,0.00141079,-0.00023891,0.0696875,0.0694486,0.00722178,32
7/1/2020,Q2_2021,Fair treatment,Lambeth,0.57,0.740312,0.739141,0.00141079,-0.00023891,-0.170312,-0.170551,0.00722178,32
7/1/2020,Q2_2021,Fair treatment,Lewisham,0.58,0.740312,0.739141,0.00141079,-0.00023891,-0.160312,-0.160551,0.00722178,32
7/1/2020,Q2_2021,Fair treatment,Merton,0.73,0.740312,0.739141,0.00141079,-0.00023891,-0.0103125,-0.0105514,0.00722178,32
7/1/2020,Q2_2021,Fair treatment,Newham,0.79,0.740312,0.739141,0.00141079,-0.00023891,0.0496875,0.0494486,0.00722178,32
7/1/2020,Q2_2021,Fair treatment,Redbridge,0.8,0.740312,0.739141,0.00141079,-0.00023891,0.0596875,0.0594486,0.00722178,32
7/1/2020,Q2_2021,Fair treatment,Richmond upon Thames,0.83,0.740312,0.739141,0.00141079,-0.00023891,0.0896875,0.0894486,0.00722178,32
7/1/2020,Q2_2021,Fair treatment,Southwark,0.71,0.740312,0.739141,0.00141079,-0.00023891,-0.0303125,-0.0305514,0.00722178,32
7/1/2020,Q2_2021,Fair treatment,Sutton,0.84,0.740312,0.739141,0.00141079,-0.00023891,0.0996875,0.0994486,0.00722178,32
7/1/2020,Q2_2021,Fair treatment,Tower Hamlets,0.71,0.740312,0.739141,0.00141079,-0.00023891,-0.0303125,-0.0305514,0.00722178,32
7/1/2020,Q2_2021,Fair treatment,Waltham Forest,0.68,0.740312,0.739141,0.00141079,-0.00023891,-0.0603125,-0.0605514,0.00722178,32
7/1/2020,Q2_2021,Fair treatment,Wandsworth,0.77,0.740312,0.739141,0.00141079,-0.00023891,0.0296875,0.0294486,0.00722178,32
7/1/2020,Q2_2021,Fair treatment,Westminster,0.72,0.740312,0.739141,0.00141079,-0.00023891,-0.0203125,-0.0205514,0.00722178,32
7/1/2020,Q2_2021,Good job,Barking and Dagenham,0.59,0.577812,0.576484,0.000102487,0.00122564,0.0121875,0.0134131,0.00347959,32
7/1/2020,Q2_2021,Good job,Barnet,0.6,0.577812,0.576484,0.000102487,0.00122564,0.0221875,0.0234131,0.00347959,32
7/1/2020,Q2_2021,Good job,Bexley,0.56,0.577812,0.576484,0.000102487,0.00122564,-0.0178125,-0.0165869,0.00347959,32
7/1/2020,Q2_2021,Good job,Brent,0.57,0.577812,0.576484,0.000102487,0.00122564,-0.0078125,-0.00658686,0.00347959,32
7/1/2020,Q2_2021,Good job,Bromley,0.64,0.577812,0.576484,0.000102487,0.00122564,0.0621875,0.0634131,0.00347959,32
7/1/2020,Q2_2021,Good job,Camden,0.59,0.577812,0.576484,0.000102487,0.00122564,0.0121875,0.0134131,0.00347959,32
7/1/2020,Q2_2021,Good job,Croydon,0.49,0.577812,0.576484,0.000102487,0.00122564,-0.0878125,-0.0865869,0.00347959,32
7/1/2020,Q2_2021,Good job,Ealing,0.6,0.577812,0.576484,0.000102487,0.00122564,0.0221875,0.0234131,0.00347959,32
7/1/2020,Q2_2021,Good job,Enfield,0.51,0.577812,0.576484,0.000102487,0.00122564,-0.0678125,-0.0665869,0.00347959,32
7/1/2020,Q2_2021,Good job,Greenwich,0.56,0.577812,0.576484,0.000102487,0.00122564,-0.0178125,-0.0165869,0.00347959,32
7/1/2020,Q2_2021,Good job,Hackney,0.47,0.577812,0.576484,0.000102487,0.00122564,-0.107812,-0.106587,0.00347959,32
7/1/2020,Q2_2021,Good job,Hammersmith and Fulham,0.62,0.577812,0.576484,0.000102487,0.00122564,0.0421875,0.0434131,0.00347959,32
7/1/2020,Q2_2021,Good job,Haringey,0.48,0.577812,0.576484,0.000102487,0.00122564,-0.0978125,-0.0965869,0.00347959,32
7/1/2020,Q2_2021,Good job,Harrow,0.58,0.577812,0.576484,0.000102487,0.00122564,0.0021875,0.00341314,0.00347959,32
7/1/2020,Q2_2021,Good job,Havering,0.66,0.577812,0.576484,0.000102487,0.00122564,0.0821875,0.0834131,0.00347959,32
7/1/2020,Q2_2021,Good job,Hillingdon,0.55,0.577812,0.576484,0.000102487,0.00122564,-0.0278125,-0.0265869,0.00347959,32
7/1/2020,Q2_2021,Good job,Hounslow,0.59,0.577812,0.576484,0.000102487,0.00122564,0.0121875,0.0134131,0.00347959,32
7/1/2020,Q2_2021,Good job,Islington,0.54,0.577812,0.576484,0.000102487,0.00122564,-0.0378125,-0.0365869,0.00347959,32
7/1/2020,Q2_2021,Good job,Kensington and Chelsea,0.7,0.577812,0.576484,0.000102487,0.00122564,0.122188,0.123413,0.00347959,32
7/1/2020,Q2_2021,Good job,Kingston upon Thames,0.64,0.577812,0.576484,0.000102487,0.00122564,0.0621875,0.0634131,0.00347959,32
7/1/2020,Q2_2021,Good job,Lambeth,0.54,0.577812,0.576484,0.000102487,0.00122564,-0.0378125,-0.0365869,0.00347959,32
7/1/2020,Q2_2021,Good job,Lewisham,0.57,0.577812,0.576484,0.000102487,0.00122564,-0.0078125,-0.00658686,0.00347959,32
7/1/2020,Q2_2021,Good job,Merton,0.66,0.577812,0.576484,0.000102487,0.00122564,0.0821875,0.0834131,0.00347959,32
7/1/2020,Q2_2021,Good job,Newham,0.53,0.577812,0.576484,0.000102487,0.00122564,-0.0478125,-0.0465869,0.00347959,32
7/1/2020,Q2_2021,Good job,Redbridge,0.49,0.577812,0.576484,0.000102487,0.00122564,-0.0878125,-0.0865869,0.00347959,32
7/1/2020,Q2_2021,Good job,Richmond upon Thames,0.65,0.577812,0.576484,0.000102487,0.00122564,0.0721875,0.0734131,0.00347959,32
7/1/2020,Q2_2021,Good job,Southwark,0.6,0.577812,0.576484,0.000102487,0.00122564,0.0221875,0.0234131,0.00347959,32
7/1/2020,Q2_2021,Good job,Sutton,0.67,0.577812,0.576484,0.000102487,0.00122564,0.0921875,0.0934131,0.00347959,32
7/1/2020,Q2_2021,Good job,Tower Hamlets,0.51,0.577812,0.576484,0.000102487,0.00122564,-0.0678125,-0.0665869,0.00347959,32
7/1/2020,Q2_2021,Good job,Waltham Forest,0.52,0.577812,0.576484,0.000102487,0.00122564,-0.0578125,-0.0565869,0.00347959,32
7/1/2020,Q2_2021,Good job,Wandsworth,0.59,0.577812,0.576484,0.000102487,0.00122564,0.0121875,0.0134131,0.00347959,32
7/1/2020,Q2_2021,Good job,Westminster,0.62,0.577812,0.576484,0.000102487,0.00122564,0.0421875,0.0434131,0.00347959,32
7/1/2020,Q2_2021,Trust MPS,Barking and Dagenham,0.85,0.820625,0.821016,0.00257614,-0.00296676,0.029375,0.0264082,0.00251836,32
7/1/2020,Q2_2021,Trust MPS,Barnet,0.88,0.820625,0.821016,0.00257614,-0.00296676,0.059375,0.0564082,0.00251836,32
7/1/2020,Q2_2021,Trust MPS,Bexley,0.9,0.820625,0.821016,0.00257614,-0.00296676,0.079375,0.0764082,0.00251836,32
7/1/2020,Q2_2021,Trust MPS,Brent,0.81,0.820625,0.821016,0.00257614,-0.00296676,-0.010625,-0.0135918,0.00251836,32
7/1/2020,Q2_2021,Trust MPS,Bromley,0.89,0.820625,0.821016,0.00257614,-0.00296676,0.069375,0.0664082,0.00251836,32
7/1/2020,Q2_2021,Trust MPS,Camden,0.76,0.820625,0.821016,0.00257614,-0.00296676,-0.060625,-0.0635918,0.00251836,32
7/1/2020,Q2_2021,Trust MPS,Croydon,0.76,0.820625,0.821016,0.00257614,-0.00296676,-0.060625,-0.0635918,0.00251836,32
7/1/2020,Q2_2021,Trust MPS,Ealing,0.88,0.820625,0.821016,0.00257614,-0.00296676,0.059375,0.0564082,0.00251836,32
7/1/2020,Q2_2021,Trust MPS,Enfield,0.78,0.820625,0.821016,0.00257614,-0.00296676,-0.040625,-0.0435918,0.00251836,32
7/1/2020,Q2_2021,Trust MPS,Greenwich,0.82,0.820625,0.821016,0.00257614,-0.00296676,-0.000625,-0.00359176,0.00251836,32
7/1/2020,Q2_2021,Trust MPS,Hackney,0.73,0.820625,0.821016,0.00257614,-0.00296676,-0.090625,-0.0935918,0.00251836,32
7/1/2020,Q2_2021,Trust MPS,Hammersmith and Fulham,0.84,0.820625,0.821016,0.00257614,-0.00296676,0.019375,0.0164082,0.00251836,32
7/1/2020,Q2_2021,Trust MPS,Haringey,0.78,0.820625,0.821016,0.00257614,-0.00296676,-0.040625,-0.0435918,0.00251836,32
7/1/2020,Q2_2021,Trust MPS,Harrow,0.86,0.820625,0.821016,0.00257614,-0.00296676,0.039375,0.0364082,0.00251836,32
7/1/2020,Q2_2021,Trust MPS,Havering,0.84,0.820625,0.821016,0.00257614,-0.00296676,0.019375,0.0164082,0.00251836,32
7/1/2020,Q2_2021,Trust MPS,Hillingdon,0.82,0.820625,0.821016,0.00257614,-0.00296676,-0.000625,-0.00359176,0.00251836,32
7/1/2020,Q2_2021,Trust MPS,Hounslow,0.84,0.820625,0.821016,0.00257614,-0.00296676,0.019375,0.0164082,0.00251836,32
7/1/2020,Q2_2021,Trust MPS,Islington,0.76,0.820625,0.821016,0.00257614,-0.00296676,-0.060625,-0.0635918,0.00251836,32
7/1/2020,Q2_2021,Trust MPS,Kensington and Chelsea,0.85,0.820625,0.821016,0.00257614,-0.00296676,0.029375,0.0264082,0.00251836,32
7/1/2020,Q2_2021,Trust MPS,Kingston upon Thames,0.87,0.820625,0.821016,0.00257614,-0.00296676,0.049375,0.0464082,0.00251836,32
7/1/2020,Q2_2021,Trust MPS,Lambeth,0.75,0.820625,0.821016,0.00257614,-0.00296676,-0.070625,-0.0735918,0.00251836,32
7/1/2020,Q2_2021,Trust MPS,Lewisham,0.69,0.820625,0.821016,0.00257614,-0.00296676,-0.130625,-0.133592,0.00251836,32
7/1/2020,Q2_2021,Trust MPS,Merton,0.83,0.820625,0.821016,0.00257614,-0.00296676,0.009375,0.00640824,0.00251836,32
7/1/2020,Q2_2021,Trust MPS,Newham,0.77,0.820625,0.821016,0.00257614,-0.00296676,-0.050625,-0.0535918,0.00251836,32
7/1/2020,Q2_2021,Trust MPS,Redbridge,0.83,0.820625,0.821016,0.00257614,-0.00296676,0.009375,0.00640824,0.00251836,32
7/1/2020,Q2_2021,Trust MPS,Richmond upon Thames,0.85,0.820625,0.821016,0.00257614,-0.00296676,0.029375,0.0264082,0.00251836,32
7/1/2020,Q2_2021,Trust MPS,Southwark,0.82,0.820625,0.821016,0.00257614,-0.00296676,-0.000625,-0.00359176,0.00251836,32
7/1/2020,Q2_2021,Trust MPS,Sutton,0.89,0.820625,0.821016,0.00257614,-0.00296676,0.069375,0.0664082,0.00251836,32
7/1/2020,Q2_2021,Trust MPS,Tower Hamlets,0.84,0.820625,0.821016,0.00257614,-0.00296676,0.019375,0.0164082,0.00251836,32
7/1/2020,Q2_2021,Trust MPS,Waltham Forest,0.8,0.820625,0.821016,0.00257614,-0.00296676,-0.020625,-0.0235918,0.00251836,32
7/1/2020,Q2_2021,Trust MPS,Wandsworth,0.81,0.820625,0.821016,0.00257614,-0.00296676,-0.010625,-0.0135918,0.00251836,32
7/1/2020,Q2_2021,Trust MPS,Westminster,0.86,0.820625,0.821016,0.00257614,-0.00296676,0.039375,0.0364082,0.00251836,32
4/1/2020,Q1_2021,Fair treatment,Barking and Dagenham,0.76,0.760312,0.75375,-1.68E-05,0.00657927,-0.0003125,0.00626677,0.00825303,32
4/1/2020,Q1_2021,Fair treatment,Barnet,0.81,0.760312,0.75375,-1.68E-05,0.00657927,0.0496875,0.0562668,0.00825303,32
4/1/2020,Q1_2021,Fair treatment,Bexley,0.85,0.760312,0.75375,-1.68E-05,0.00657927,0.0896875,0.0962668,0.00825303,32
4/1/2020,Q1_2021,Fair treatment,Brent,0.88,0.760312,0.75375,-1.68E-05,0.00657927,0.119688,0.126267,0.00825303,32
4/1/2020,Q1_2021,Fair treatment,Bromley,0.84,0.760312,0.75375,-1.68E-05,0.00657927,0.0796875,0.0862668,0.00825303,32
4/1/2020,Q1_2021,Fair treatment,Camden,0.64,0.760312,0.75375,-1.68E-05,0.00657927,-0.120312,-0.113733,0.00825303,32
4/1/2020,Q1_2021,Fair treatment,Croydon,0.7,0.760312,0.75375,-1.68E-05,0.00657927,-0.0603125,-0.0537332,0.00825303,32
4/1/2020,Q1_2021,Fair treatment,Ealing,0.84,0.760312,0.75375,-1.68E-05,0.00657927,0.0796875,0.0862668,0.00825303,32
4/1/2020,Q1_2021,Fair treatment,Enfield,0.67,0.760312,0.75375,-1.68E-05,0.00657927,-0.0903125,-0.0837332,0.00825303,32
4/1/2020,Q1_2021,Fair treatment,Greenwich,0.79,0.760312,0.75375,-1.68E-05,0.00657927,0.0296875,0.0362668,0.00825303,32
4/1/2020,Q1_2021,Fair treatment,Hackney,0.53,0.760312,0.75375,-1.68E-05,0.00657927,-0.230312,-0.223733,0.00825303,32
4/1/2020,Q1_2021,Fair treatment,Hammersmith and Fulham,0.78,0.760312,0.75375,-1.68E-05,0.00657927,0.0196875,0.0262668,0.00825303,32
4/1/2020,Q1_2021,Fair treatment,Haringey,0.61,0.760312,0.75375,-1.68E-05,0.00657927,-0.150312,-0.143733,0.00825303,32
4/1/2020,Q1_2021,Fair treatment,Harrow,0.83,0.760312,0.75375,-1.68E-05,0.00657927,0.0696875,0.0762668,0.00825303,32
4/1/2020,Q1_2021,Fair treatment,Havering,0.83,0.760312,0.75375,-1.68E-05,0.00657927,0.0696875,0.0762668,0.00825303,32
4/1/2020,Q1_2021,Fair treatment,Hillingdon,0.81,0.760312,0.75375,-1.68E-05,0.00657927,0.0496875,0.0562668,0.00825303,32
4/1/2020,Q1_2021,Fair treatment,Hounslow,0.85,0.760312,0.75375,-1.68E-05,0.00657927,0.0896875,0.0962668,0.00825303,32
4/1/2020,Q1_2021,Fair treatment,Islington,0.63,0.760312,0.75375,-1.68E-05,0.00657927,-0.130312,-0.123733,0.00825303,32
4/1/2020,Q1_2021,Fair treatment,Kensington and Chelsea,0.83,0.760312,0.75375,-1.68E-05,0.00657927,0.0696875,0.0762668,0.00825303,32
4/1/2020,Q1_2021,Fair treatment,Kingston upon Thames,0.82,0.760312,0.75375,-1.68E-05,0.00657927,0.0596875,0.0662668,0.00825303,32
4/1/2020,Q1_2021,Fair treatment,Lambeth,0.6,0.760312,0.75375,-1.68E-05,0.00657927,-0.160312,-0.153733,0.00825303,32
4/1/2020,Q1_2021,Fair treatment,Lewisham,0.6,0.760312,0.75375,-1.68E-05,0.00657927,-0.160312,-0.153733,0.00825303,32
4/1/2020,Q1_2021,Fair treatment,Merton,0.79,0.760312,0.75375,-1.68E-05,0.00657927,0.0296875,0.0362668,0.00825303,32
4/1/2020,Q1_2021,Fair treatment,Newham,0.8,0.760312,0.75375,-1.68E-05,0.00657927,0.0396875,0.0462668,0.00825303,32
4/1/2020,Q1_2021,Fair treatment,Redbridge,0.82,0.760312,0.75375,-1.68E-05,0.00657927,0.0596875,0.0662668,0.00825303,32
4/1/2020,Q1_2021,Fair treatment,Richmond upon Thames,0.82,0.760312,0.75375,-1.68E-05,0.00657927,0.0596875,0.0662668,0.00825303,32
4/1/2020,Q1_2021,Fair treatment,Southwark,0.75,0.760312,0.75375,-1.68E-05,0.00657927,-0.0103125,-0.00373323,0.00825303,32
4/1/2020,Q1_2021,Fair treatment,Sutton,0.86,0.760312,0.75375,-1.68E-05,0.00657927,0.0996875,0.106267,0.00825303,32
4/1/2020,Q1_2021,Fair treatment,Tower Hamlets,0.75,0.760312,0.75375,-1.68E-05,0.00657927,-0.0103125,-0.00373323,0.00825303,32
4/1/2020,Q1_2021,Fair treatment,Waltham Forest,0.69,0.760312,0.75375,-1.68E-05,0.00657927,-0.0703125,-0.0637332,0.00825303,32
4/1/2020,Q1_2021,Fair treatment,Wandsworth,0.8,0.760312,0.75375,-1.68E-05,0.00657927,0.0396875,0.0462668,0.00825303,32
4/1/2020,Q1_2021,Fair treatment,Westminster,0.75,0.760312,0.75375,-1.68E-05,0.00657927,-0.0103125,-0.00373323,0.00825303,32
4/1/2020,Q1_2021,Good job,Barking and Dagenham,0.61,0.589375,0.581836,-0.00105518,0.00859425,0.020625,0.0292192,0.00409336,32
4/1/2020,Q1_2021,Good job,Barnet,0.59,0.589375,0.581836,-0.00105518,0.00859425,0.000625,0.00921925,0.00409336,32
4/1/2020,Q1_2021,Good job,Bexley,0.61,0.589375,0.581836,-0.00105518,0.00859425,0.020625,0.0292192,0.00409336,32
4/1/2020,Q1_2021,Good job,Brent,0.6,0.589375,0.581836,-0.00105518,0.00859425,0.010625,0.0192192,0.00409336,32
4/1/2020,Q1_2021,Good job,Bromley,0.66,0.589375,0.581836,-0.00105518,0.00859425,0.070625,0.0792192,0.00409336,32
4/1/2020,Q1_2021,Good job,Camden,0.58,0.589375,0.581836,-0.00105518,0.00859425,-0.009375,-0.000780754,0.00409336,32
4/1/2020,Q1_2021,Good job,Croydon,0.53,0.589375,0.581836,-0.00105518,0.00859425,-0.059375,-0.0507808,0.00409336,32
4/1/2020,Q1_2021,Good job,Ealing,0.59,0.589375,0.581836,-0.00105518,0.00859425,0.000625,0.00921925,0.00409336,32
4/1/2020,Q1_2021,Good job,Enfield,0.5,0.589375,0.581836,-0.00105518,0.00859425,-0.089375,-0.0807808,0.00409336,32
4/1/2020,Q1_2021,Good job,Greenwich,0.55,0.589375,0.581836,-0.00105518,0.00859425,-0.039375,-0.0307808,0.00409336,32
4/1/2020,Q1_2021,Good job,Hackney,0.46,0.589375,0.581836,-0.00105518,0.00859425,-0.129375,-0.120781,0.00409336,32
4/1/2020,Q1_2021,Good job,Hammersmith and Fulham,0.63,0.589375,0.581836,-0.00105518,0.00859425,0.040625,0.0492192,0.00409336,32
4/1/2020,Q1_2021,Good job,Haringey,0.48,0.589375,0.581836,-0.00105518,0.00859425,-0.109375,-0.100781,0.00409336,32
4/1/2020,Q1_2021,Good job,Harrow,0.57,0.589375,0.581836,-0.00105518,0.00859425,-0.019375,-0.0107808,0.00409336,32
4/1/2020,Q1_2021,Good job,Havering,0.63,0.589375,0.581836,-0.00105518,0.00859425,0.040625,0.0492192,0.00409336,32
4/1/2020,Q1_2021,Good job,Hillingdon,0.57,0.589375,0.581836,-0.00105518,0.00859425,-0.019375,-0.0107808,0.00409336,32
4/1/2020,Q1_2021,Good job,Hounslow,0.61,0.589375,0.581836,-0.00105518,0.00859425,0.020625,0.0292192,0.00409336,32
4/1/2020,Q1_2021,Good job,Islington,0.53,0.589375,0.581836,-0.00105518,0.00859425,-0.059375,-0.0507808,0.00409336,32
4/1/2020,Q1_2021,Good job,Kensington and Chelsea,0.69,0.589375,0.581836,-0.00105518,0.00859425,0.100625,0.109219,0.00409336,32
4/1/2020,Q1_2021,Good job,Kingston upon Thames,0.68,0.589375,0.581836,-0.00105518,0.00859425,0.090625,0.0992192,0.00409336,32
4/1/2020,Q1_2021,Good job,Lambeth,0.56,0.589375,0.581836,-0.00105518,0.00859425,-0.029375,-0.0207808,0.00409336,32
4/1/2020,Q1_2021,Good job,Lewisham,0.59,0.589375,0.581836,-0.00105518,0.00859425,0.000625,0.00921925,0.00409336,32
4/1/2020,Q1_2021,Good job,Merton,0.68,0.589375,0.581836,-0.00105518,0.00859425,0.090625,0.0992192,0.00409336,32
4/1/2020,Q1_2021,Good job,Newham,0.55,0.589375,0.581836,-0.00105518,0.00859425,-0.039375,-0.0307808,0.00409336,32
4/1/2020,Q1_2021,Good job,Redbridge,0.53,0.589375,0.581836,-0.00105518,0.00859425,-0.059375,-0.0507808,0.00409336,32
4/1/2020,Q1_2021,Good job,Richmond upon Thames,0.67,0.589375,0.581836,-0.00105518,0.00859425,0.080625,0.0892192,0.00409336,32
4/1/2020,Q1_2021,Good job,Southwark,0.62,0.589375,0.581836,-0.00105518,0.00859425,0.030625,0.0392192,0.00409336,32
4/1/2020,Q1_2021,Good job,Sutton,0.7,0.589375,0.581836,-0.00105518,0.00859425,0.110625,0.119219,0.00409336,32
4/1/2020,Q1_2021,Good job,Tower Hamlets,0.52,0.589375,0.581836,-0.00105518,0.00859425,-0.069375,-0.0607808,0.00409336,32
4/1/2020,Q1_2021,Good job,Waltham Forest,0.5,0.589375,0.581836,-0.00105518,0.00859425,-0.089375,-0.0807808,0.00409336,32
4/1/2020,Q1_2021,Good job,Wandsworth,0.58,0.589375,0.581836,-0.00105518,0.00859425,-0.009375,-0.000780754,0.00409336,32
4/1/2020,Q1_2021,Good job,Westminster,0.69,0.589375,0.581836,-0.00105518,0.00859425,0.100625,0.109219,0.00409336,32
4/1/2020,Q1_2021,Trust MPS,Barking and Dagenham,0.86,0.835625,0.828672,0.00190036,0.00505277,0.024375,0.0294278,0.00229961,32
4/1/2020,Q1_2021,Trust MPS,Barnet,0.88,0.835625,0.828672,0.00190036,0.00505277,0.044375,0.0494278,0.00229961,32
4/1/2020,Q1_2021,Trust MPS,Bexley,0.89,0.835625,0.828672,0.00190036,0.00505277,0.054375,0.0594278,0.00229961,32
4/1/2020,Q1_2021,Trust MPS,Brent,0.87,0.835625,0.828672,0.00190036,0.00505277,0.034375,0.0394278,0.00229961,32
4/1/2020,Q1_2021,Trust MPS,Bromley,0.9,0.835625,0.828672,0.00190036,0.00505277,0.064375,0.0694278,0.00229961,32
4/1/2020,Q1_2021,Trust MPS,Camden,0.8,0.835625,0.828672,0.00190036,0.00505277,-0.035625,-0.0305722,0.00229961,32
4/1/2020,Q1_2021,Trust MPS,Croydon,0.8,0.835625,0.828672,0.00190036,0.00505277,-0.035625,-0.0305722,0.00229961,32
4/1/2020,Q1_2021,Trust MPS,Ealing,0.89,0.835625,0.828672,0.00190036,0.00505277,0.054375,0.0594278,0.00229961,32
4/1/2020,Q1_2021,Trust MPS,Enfield,0.78,0.835625,0.828672,0.00190036,0.00505277,-0.055625,-0.0505722,0.00229961,32
4/1/2020,Q1_2021,Trust MPS,Greenwich,0.82,0.835625,0.828672,0.00190036,0.00505277,-0.015625,-0.0105722,0.00229961,32
4/1/2020,Q1_2021,Trust MPS,Hackney,0.75,0.835625,0.828672,0.00190036,0.00505277,-0.085625,-0.0805722,0.00229961,32
4/1/2020,Q1_2021,Trust MPS,Hammersmith and Fulham,0.85,0.835625,0.828672,0.00190036,0.00505277,0.014375,0.0194278,0.00229961,32
4/1/2020,Q1_2021,Trust MPS,Haringey,0.77,0.835625,0.828672,0.00190036,0.00505277,-0.065625,-0.0605722,0.00229961,32
4/1/2020,Q1_2021,Trust MPS,Harrow,0.88,0.835625,0.828672,0.00190036,0.00505277,0.044375,0.0494278,0.00229961,32
4/1/2020,Q1_2021,Trust MPS,Havering,0.85,0.835625,0.828672,0.00190036,0.00505277,0.014375,0.0194278,0.00229961,32
4/1/2020,Q1_2021,Trust MPS,Hillingdon,0.85,0.835625,0.828672,0.00190036,0.00505277,0.014375,0.0194278,0.00229961,32
4/1/2020,Q1_2021,Trust MPS,Hounslow,0.88,0.835625,0.828672,0.00190036,0.00505277,0.044375,0.0494278,0.00229961,32
4/1/2020,Q1_2021,Trust MPS,Islington,0.77,0.835625,0.828672,0.00190036,0.00505277,-0.065625,-0.0605722,0.00229961,32
4/1/2020,Q1_2021,Trust MPS,Kensington and Chelsea,0.87,0.835625,0.828672,0.00190036,0.00505277,0.034375,0.0394278,0.00229961,32
4/1/2020,Q1_2021,Trust MPS,Kingston upon Thames,0.89,0.835625,0.828672,0.00190036,0.00505277,0.054375,0.0594278,0.00229961,32
4/1/2020,Q1_2021,Trust MPS,Lambeth,0.76,0.835625,0.828672,0.00190036,0.00505277,-0.075625,-0.0705722,0.00229961,32
4/1/2020,Q1_2021,Trust MPS,Lewisham,0.73,0.835625,0.828672,0.00190036,0.00505277,-0.105625,-0.100572,0.00229961,32
4/1/2020,Q1_2021,Trust MPS,Merton,0.85,0.835625,0.828672,0.00190036,0.00505277,0.014375,0.0194278,0.00229961,32
4/1/2020,Q1_2021,Trust MPS,Newham,0.79,0.835625,0.828672,0.00190036,0.00505277,-0.045625,-0.0405722,0.00229961,32
4/1/2020,Q1_2021,Trust MPS,Redbridge,0.84,0.835625,0.828672,0.00190036,0.00505277,0.004375,0.00942777,0.00229961,32
4/1/2020,Q1_2021,Trust MPS,Richmond upon Thames,0.85,0.835625,0.828672,0.00190036,0.00505277,0.014375,0.0194278,0.00229961,32
4/1/2020,Q1_2021,Trust MPS,Southwark,0.86,0.835625,0.828672,0.00190036,0.00505277,0.024375,0.0294278,0.00229961,32
4/1/2020,Q1_2021,Trust MPS,Sutton,0.89,0.835625,0.828672,0.00190036,0.00505277,0.054375,0.0594278,0.00229961,32
4/1/2020,Q1_2021,Trust MPS,Tower Hamlets,0.84,0.835625,0.828672,0.00190036,0.00505277,0.004375,0.00942777,0.00229961,32
4/1/2020,Q1_2021,Trust MPS,Waltham Forest,0.79,0.835625,0.828672,0.00190036,0.00505277,-0.045625,-0.0405722,0.00229961,32
4/1/2020,Q1_2021,Trust MPS,Wandsworth,0.8,0.835625,0.828672,0.00190036,0.00505277,-0.035625,-0.0305722,0.00229961,32
4/1/2020,Q1_2021,Trust MPS,Westminster,0.89,0.835625,0.828672,0.00190036,0.00505277,0.054375,0.0594278,0.00229961,32
1/1/2020,Q4_1920,Fair treatment,Barking and Dagenham,0.76,0.7675,0.764961,-0.00136709,0.00390615,-0.0075,-0.00359385,0.0100438,32
1/1/2020,Q4_1920,Fair treatment,Barnet,0.83,0.7675,0.764961,-0.00136709,0.00390615,0.0625,0.0664062,0.0100438,32
1/1/2020,Q4_1920,Fair treatment,Bexley,0.85,0.7675,0.764961,-0.00136709,0.00390615,0.0825,0.0864062,0.0100438,32
1/1/2020,Q4_1920,Fair treatment,Brent,0.88,0.7675,0.764961,-0.00136709,0.00390615,0.1125,0.116406,0.0100438,32
1/1/2020,Q4_1920,Fair treatment,Bromley,0.83,0.7675,0.764961,-0.00136709,0.00390615,0.0625,0.0664062,0.0100438,32
1/1/2020,Q4_1920,Fair treatment,Camden,0.66,0.7675,0.764961,-0.00136709,0.00390615,-0.1075,-0.103594,0.0100438,32
1/1/2020,Q4_1920,Fair treatment,Croydon,0.73,0.7675,0.764961,-0.00136709,0.00390615,-0.0375,-0.0335938,0.0100438,32
1/1/2020,Q4_1920,Fair treatment,Ealing,0.86,0.7675,0.764961,-0.00136709,0.00390615,0.0925,0.0964062,0.0100438,32
1/1/2020,Q4_1920,Fair treatment,Enfield,0.63,0.7675,0.764961,-0.00136709,0.00390615,-0.1375,-0.133594,0.0100438,32
1/1/2020,Q4_1920,Fair treatment,Greenwich,0.82,0.7675,0.764961,-0.00136709,0.00390615,0.0525,0.0564062,0.0100438,32
1/1/2020,Q4_1920,Fair treatment,Hackney,0.48,0.7675,0.764961,-0.00136709,0.00390615,-0.2875,-0.283594,0.0100438,32
1/1/2020,Q4_1920,Fair treatment,Hammersmith and Fulham,0.79,0.7675,0.764961,-0.00136709,0.00390615,0.0225,0.0264062,0.0100438,32
1/1/2020,Q4_1920,Fair treatment,Haringey,0.58,0.7675,0.764961,-0.00136709,0.00390615,-0.1875,-0.183594,0.0100438,32
1/1/2020,Q4_1920,Fair treatment,Harrow,0.85,0.7675,0.764961,-0.00136709,0.00390615,0.0825,0.0864062,0.0100438,32
1/1/2020,Q4_1920,Fair treatment,Havering,0.85,0.7675,0.764961,-0.00136709,0.00390615,0.0825,0.0864062,0.0100438,32
1/1/2020,Q4_1920,Fair treatment,Hillingdon,0.79,0.7675,0.764961,-0.00136709,0.00390615,0.0225,0.0264062,0.0100438,32
1/1/2020,Q4_1920,Fair treatment,Hounslow,0.86,0.7675,0.764961,-0.00136709,0.00390615,0.0925,0.0964062,0.0100438,32
1/1/2020,Q4_1920,Fair treatment,Islington,0.58,0.7675,0.764961,-0.00136709,0.00390615,-0.1875,-0.183594,0.0100438,32
1/1/2020,Q4_1920,Fair treatment,Kensington and Chelsea,0.84,0.7675,0.764961,-0.00136709,0.00390615,0.0725,0.0764062,0.0100438,32
1/1/2020,Q4_1920,Fair treatment,Kingston upon Thames,0.86,0.7675,0.764961,-0.00136709,0.00390615,0.0925,0.0964062,0.0100438,32
1/1/2020,Q4_1920,Fair treatment,Lambeth,0.62,0.7675,0.764961,-0.00136709,0.00390615,-0.1475,-0.143594,0.0100438,32
1/1/2020,Q4_1920,Fair treatment,Lewisham,0.65,0.7675,0.764961,-0.00136709,0.00390615,-0.1175,-0.113594,0.0100438,32
1/1/2020,Q4_1920,Fair treatment,Merton,0.8,0.7675,0.764961,-0.00136709,0.00390615,0.0325,0.0364062,0.0100438,32
1/1/2020,Q4_1920,Fair treatment,Newham,0.81,0.7675,0.764961,-0.00136709,0.00390615,0.0425,0.0464062,0.0100438,32
1/1/2020,Q4_1920,Fair treatment,Redbridge,0.82,0.7675,0.764961,-0.00136709,0.00390615,0.0525,0.0564062,0.0100438,32
1/1/2020,Q4_1920,Fair treatment,Richmond upon Thames,0.84,0.7675,0.764961,-0.00136709,0.00390615,0.0725,0.0764062,0.0100438,32
1/1/2020,Q4_1920,Fair treatment,Southwark,0.78,0.7675,0.764961,-0.00136709,0.00390615,0.0125,0.0164062,0.0100438,32
1/1/2020,Q4_1920,Fair treatment,Sutton,0.84,0.7675,0.764961,-0.00136709,0.00390615,0.0725,0.0764062,0.0100438,32
1/1/2020,Q4_1920,Fair treatment,Tower Hamlets,0.78,0.7675,0.764961,-0.00136709,0.00390615,0.0125,0.0164062,0.0100438,32
1/1/2020,Q4_1920,Fair treatment,Waltham Forest,0.69,0.7675,0.764961,-0.00136709,0.00390615,-0.0775,-0.0735938,0.0100438,32
1/1/2020,Q4_1920,Fair treatment,Wandsworth,0.82,0.7675,0.764961,-0.00136709,0.00390615,0.0525,0.0564062,0.0100438,32
1/1/2020,Q4_1920,Fair treatment,Westminster,0.78,0.7675,0.764961,-0.00136709,0.00390615,0.0125,0.0164062,0.0100438,32
1/1/2020,Q4_1920,Good job,Barking and Dagenham,0.57,0.581875,0.586641,0.000292591,-0.00505822,-0.011875,-0.0169332,0.00492773,32
1/1/2020,Q4_1920,Good job,Barnet,0.62,0.581875,0.586641,0.000292591,-0.00505822,0.038125,0.0330668,0.00492773,32
1/1/2020,Q4_1920,Good job,Bexley,0.62,0.581875,0.586641,0.000292591,-0.00505822,0.038125,0.0330668,0.00492773,32
1/1/2020,Q4_1920,Good job,Brent,0.57,0.581875,0.586641,0.000292591,-0.00505822,-0.011875,-0.0169332,0.00492773,32
1/1/2020,Q4_1920,Good job,Bromley,0.65,0.581875,0.586641,0.000292591,-0.00505822,0.068125,0.0630668,0.00492773,32
1/1/2020,Q4_1920,Good job,Camden,0.61,0.581875,0.586641,0.000292591,-0.00505822,0.028125,0.0230668,0.00492773,32
1/1/2020,Q4_1920,Good job,Croydon,0.52,0.581875,0.586641,0.000292591,-0.00505822,-0.061875,-0.0669332,0.00492773,32
1/1/2020,Q4_1920,Good job,Ealing,0.57,0.581875,0.586641,0.000292591,-0.00505822,-0.011875,-0.0169332,0.00492773,32
1/1/2020,Q4_1920,Good job,Enfield,0.45,0.581875,0.586641,0.000292591,-0.00505822,-0.131875,-0.136933,0.00492773,32
1/1/2020,Q4_1920,Good job,Greenwich,0.55,0.581875,0.586641,0.000292591,-0.00505822,-0.031875,-0.0369332,0.00492773,32
1/1/2020,Q4_1920,Good job,Hackney,0.42,0.581875,0.586641,0.000292591,-0.00505822,-0.161875,-0.166933,0.00492773,32
1/1/2020,Q4_1920,Good job,Hammersmith and Fulham,0.62,0.581875,0.586641,0.000292591,-0.00505822,0.038125,0.0330668,0.00492773,32
1/1/2020,Q4_1920,Good job,Haringey,0.46,0.581875,0.586641,0.000292591,-0.00505822,-0.121875,-0.126933,0.00492773,32
1/1/2020,Q4_1920,Good job,Harrow,0.57,0.581875,0.586641,0.000292591,-0.00505822,-0.011875,-0.0169332,0.00492773,32
1/1/2020,Q4_1920,Good job,Havering,0.62,0.581875,0.586641,0.000292591,-0.00505822,0.038125,0.0330668,0.00492773,32
1/1/2020,Q4_1920,Good job,Hillingdon,0.54,0.581875,0.586641,0.000292591,-0.00505822,-0.041875,-0.0469332,0.00492773,32
1/1/2020,Q4_1920,Good job,Hounslow,0.58,0.581875,0.586641,0.000292591,-0.00505822,-0.001875,-0.00693322,0.00492773,32
1/1/2020,Q4_1920,Good job,Islington,0.5,0.581875,0.586641,0.000292591,-0.00505822,-0.081875,-0.0869332,0.00492773,32
1/1/2020,Q4_1920,Good job,Kensington and Chelsea,0.7,0.581875,0.586641,0.000292591,-0.00505822,0.118125,0.113067,0.00492773,32
1/1/2020,Q4_1920,Good job,Kingston upon Thames,0.65,0.581875,0.586641,0.000292591,-0.00505822,0.068125,0.0630668,0.00492773,32
1/1/2020,Q4_1920,Good job,Lambeth,0.54,0.581875,0.586641,0.000292591,-0.00505822,-0.041875,-0.0469332,0.00492773,32
1/1/2020,Q4_1920,Good job,Lewisham,0.58,0.581875,0.586641,0.000292591,-0.00505822,-0.001875,-0.00693322,0.00492773,32
1/1/2020,Q4_1920,Good job,Merton,0.67,0.581875,0.586641,0.000292591,-0.00505822,0.088125,0.0830668,0.00492773,32
1/1/2020,Q4_1920,Good job,Newham,0.57,0.581875,0.586641,0.000292591,-0.00505822,-0.011875,-0.0169332,0.00492773,32
1/1/2020,Q4_1920,Good job,Redbridge,0.58,0.581875,0.586641,0.000292591,-0.00505822,-0.001875,-0.00693322,0.00492773,32
1/1/2020,Q4_1920,Good job,Richmond upon Thames,0.64,0.581875,0.586641,0.000292591,-0.00505822,0.058125,0.0530668,0.00492773,32
1/1/2020,Q4_1920,Good job,Southwark,0.63,0.581875,0.586641,0.000292591,-0.00505822,0.048125,0.0430668,0.00492773,32
1/1/2020,Q4_1920,Good job,Sutton,0.66,0.581875,0.586641,0.000292591,-0.00505822,0.078125,0.0730668,0.00492773,32
1/1/2020,Q4_1920,Good job,Tower Hamlets,0.57,0.581875,0.586641,0.000292591,-0.00505822,-0.011875,-0.0169332,0.00492773,32
1/1/2020,Q4_1920,Good job,Waltham Forest,0.49,0.581875,0.586641,0.000292591,-0.00505822,-0.091875,-0.0969332,0.00492773,32
1/1/2020,Q4_1920,Good job,Wandsworth,0.56,0.581875,0.586641,0.000292591,-0.00505822,-0.021875,-0.0269332,0.00492773,32
1/1/2020,Q4_1920,Good job,Westminster,0.74,0.581875,0.586641,0.000292591,-0.00505822,0.158125,0.153067,0.00492773,32
1/1/2020,Q4_1920,Trust MPS,Barking and Dagenham,0.85,0.834688,0.834922,-0.00355419,0.00331982,0.0153125,0.0186323,0.00289365,32
1/1/2020,Q4_1920,Trust MPS,Barnet,0.91,0.834688,0.834922,-0.00355419,0.00331982,0.0753125,0.0786323,0.00289365,32
1/1/2020,Q4_1920,Trust MPS,Bexley,0.88,0.834688,0.834922,-0.00355419,0.00331982,0.0453125,0.0486323,0.00289365,32
1/1/2020,Q4_1920,Trust MPS,Brent,0.91,0.834688,0.834922,-0.00355419,0.00331982,0.0753125,0.0786323,0.00289365,32
1/1/2020,Q4_1920,Trust MPS,Bromley,0.89,0.834688,0.834922,-0.00355419,0.00331982,0.0553125,0.0586323,0.00289365,32
1/1/2020,Q4_1920,Trust MPS,Camden,0.79,0.834688,0.834922,-0.00355419,0.00331982,-0.0446875,-0.0413677,0.00289365,32
1/1/2020,Q4_1920,Trust MPS,Croydon,0.81,0.834688,0.834922,-0.00355419,0.00331982,-0.0246875,-0.0213677,0.00289365,32
1/1/2020,Q4_1920,Trust MPS,Ealing,0.89,0.834688,0.834922,-0.00355419,0.00331982,0.0553125,0.0586323,0.00289365,32
1/1/2020,Q4_1920,Trust MPS,Enfield,0.74,0.834688,0.834922,-0.00355419,0.00331982,-0.0946875,-0.0913677,0.00289365,32
1/1/2020,Q4_1920,Trust MPS,Greenwich,0.81,0.834688,0.834922,-0.00355419,0.00331982,-0.0246875,-0.0213677,0.00289365,32
1/1/2020,Q4_1920,Trust MPS,Hackney,0.72,0.834688,0.834922,-0.00355419,0.00331982,-0.114688,-0.111368,0.00289365,32
1/1/2020,Q4_1920,Trust MPS,Hammersmith and Fulham,0.84,0.834688,0.834922,-0.00355419,0.00331982,0.0053125,0.00863232,0.00289365,32
1/1/2020,Q4_1920,Trust MPS,Haringey,0.77,0.834688,0.834922,-0.00355419,0.00331982,-0.0646875,-0.0613677,0.00289365,32
1/1/2020,Q4_1920,Trust MPS,Harrow,0.87,0.834688,0.834922,-0.00355419,0.00331982,0.0353125,0.0386323,0.00289365,32
1/1/2020,Q4_1920,Trust MPS,Havering,0.85,0.834688,0.834922,-0.00355419,0.00331982,0.0153125,0.0186323,0.00289365,32
1/1/2020,Q4_1920,Trust MPS,Hillingdon,0.85,0.834688,0.834922,-0.00355419,0.00331982,0.0153125,0.0186323,0.00289365,32
1/1/2020,Q4_1920,Trust MPS,Hounslow,0.88,0.834688,0.834922,-0.00355419,0.00331982,0.0453125,0.0486323,0.00289365,32
1/1/2020,Q4_1920,Trust MPS,Islington,0.76,0.834688,0.834922,-0.00355419,0.00331982,-0.0746875,-0.0713677,0.00289365,32
1/1/2020,Q4_1920,Trust MPS,Kensington and Chelsea,0.88,0.834688,0.834922,-0.00355419,0.00331982,0.0453125,0.0486323,0.00289365,32
1/1/2020,Q4_1920,Trust MPS,Kingston upon Thames,0.89,0.834688,0.834922,-0.00355419,0.00331982,0.0553125,0.0586323,0.00289365,32
1/1/2020,Q4_1920,Trust MPS,Lambeth,0.75,0.834688,0.834922,-0.00355419,0.00331982,-0.0846875,-0.0813677,0.00289365,32
1/1/2020,Q4_1920,Trust MPS,Lewisham,0.74,0.834688,0.834922,-0.00355419,0.00331982,-0.0946875,-0.0913677,0.00289365,32
1/1/2020,Q4_1920,Trust MPS,Merton,0.85,0.834688,0.834922,-0.00355419,0.00331982,0.0153125,0.0186323,0.00289365,32
1/1/2020,Q4_1920,Trust MPS,Newham,0.79,0.834688,0.834922,-0.00355419,0.00331982,-0.0446875,-0.0413677,0.00289365,32
1/1/2020,Q4_1920,Trust MPS,Redbridge,0.86,0.834688,0.834922,-0.00355419,0.00331982,0.0253125,0.0286323,0.00289365,32
1/1/2020,Q4_1920,Trust MPS,Richmond upon Thames,0.88,0.834688,0.834922,-0.00355419,0.00331982,0.0453125,0.0486323,0.00289365,32
1/1/2020,Q4_1920,Trust MPS,Southwark,0.87,0.834688,0.834922,-0.00355419,0.00331982,0.0353125,0.0386323,0.00289365,32
1/1/2020,Q4_1920,Trust MPS,Sutton,0.86,0.834688,0.834922,-0.00355419,0.00331982,0.0253125,0.0286323,0.00289365,32
1/1/2020,Q4_1920,Trust MPS,Tower Hamlets,0.85,0.834688,0.834922,-0.00355419,0.00331982,0.0153125,0.0186323,0.00289365,32
1/1/2020,Q4_1920,Trust MPS,Waltham Forest,0.78,0.834688,0.834922,-0.00355419,0.00331982,-0.0546875,-0.0513677,0.00289365,32
1/1/2020,Q4_1920,Trust MPS,Wandsworth,0.81,0.834688,0.834922,-0.00355419,0.00331982,-0.0246875,-0.0213677,0.00289365,32
1/1/2020,Q4_1920,Trust MPS,Westminster,0.88,0.834688,0.834922,-0.00355419,0.00331982,0.0453125,0.0486323,0.00289365,32
10/1/2019,Q3_1920,Fair treatment,Barking and Dagenham,0.76,0.775625,0.769492,-2.69E-05,0.00615973,-0.015625,-0.00946527,0.00848086,32
10/1/2019,Q3_1920,Fair treatment,Barnet,0.83,0.775625,0.769492,-2.69E-05,0.00615973,0.054375,0.0605347,0.00848086,32
10/1/2019,Q3_1920,Fair treatment,Bexley,0.81,0.775625,0.769492,-2.69E-05,0.00615973,0.034375,0.0405347,0.00848086,32
10/1/2019,Q3_1920,Fair treatment,Brent,0.85,0.775625,0.769492,-2.69E-05,0.00615973,0.074375,0.0805347,0.00848086,32
10/1/2019,Q3_1920,Fair treatment,Bromley,0.8,0.775625,0.769492,-2.69E-05,0.00615973,0.024375,0.0305347,0.00848086,32
10/1/2019,Q3_1920,Fair treatment,Camden,0.71,0.775625,0.769492,-2.69E-05,0.00615973,-0.065625,-0.0594653,0.00848086,32
10/1/2019,Q3_1920,Fair treatment,Croydon,0.78,0.775625,0.769492,-2.69E-05,0.00615973,0.004375,0.0105347,0.00848086,32
10/1/2019,Q3_1920,Fair treatment,Ealing,0.87,0.775625,0.769492,-2.69E-05,0.00615973,0.094375,0.100535,0.00848086,32
10/1/2019,Q3_1920,Fair treatment,Enfield,0.67,0.775625,0.769492,-2.69E-05,0.00615973,-0.105625,-0.0994653,0.00848086,32
10/1/2019,Q3_1920,Fair treatment,Greenwich,0.83,0.775625,0.769492,-2.69E-05,0.00615973,0.054375,0.0605347,0.00848086,32
10/1/2019,Q3_1920,Fair treatment,Hackney,0.47,0.775625,0.769492,-2.69E-05,0.00615973,-0.305625,-0.299465,0.00848086,32
10/1/2019,Q3_1920,Fair treatment,Hammersmith and Fulham,0.78,0.775625,0.769492,-2.69E-05,0.00615973,0.004375,0.0105347,0.00848086,32
10/1/2019,Q3_1920,Fair treatment,Haringey,0.61,0.775625,0.769492,-2.69E-05,0.00615973,-0.165625,-0.159465,0.00848086,32
10/1/2019,Q3_1920,Fair treatment,Harrow,0.86,0.775625,0.769492,-2.69E-05,0.00615973,0.084375,0.0905347,0.00848086,32
10/1/2019,Q3_1920,Fair treatment,Havering,0.85,0.775625,0.769492,-2.69E-05,0.00615973,0.074375,0.0805347,0.00848086,32
10/1/2019,Q3_1920,Fair treatment,Hillingdon,0.79,0.775625,0.769492,-2.69E-05,0.00615973,0.014375,0.0205347,0.00848086,32
10/1/2019,Q3_1920,Fair treatment,Hounslow,0.84,0.775625,0.769492,-2.69E-05,0.00615973,0.064375,0.0705347,0.00848086,32
10/1/2019,Q3_1920,Fair treatment,Islington,0.57,0.775625,0.769492,-2.69E-05,0.00615973,-0.205625,-0.199465,0.00848086,32
10/1/2019,Q3_1920,Fair treatment,Kensington and Chelsea,0.88,0.775625,0.769492,-2.69E-05,0.00615973,0.104375,0.110535,0.00848086,32
10/1/2019,Q3_1920,Fair treatment,Kingston upon Thames,0.83,0.775625,0.769492,-2.69E-05,0.00615973,0.054375,0.0605347,0.00848086,32
10/1/2019,Q3_1920,Fair treatment,Lambeth,0.7,0.775625,0.769492,-2.69E-05,0.00615973,-0.075625,-0.0694653,0.00848086,32
10/1/2019,Q3_1920,Fair treatment,Lewisham,0.7,0.775625,0.769492,-2.69E-05,0.00615973,-0.075625,-0.0694653,0.00848086,32
10/1/2019,Q3_1920,Fair treatment,Merton,0.79,0.775625,0.769492,-2.69E-05,0.00615973,0.014375,0.0205347,0.00848086,32
10/1/2019,Q3_1920,Fair treatment,Newham,0.84,0.775625,0.769492,-2.69E-05,0.00615973,0.064375,0.0705347,0.00848086,32
10/1/2019,Q3_1920,Fair treatment,Redbridge,0.81,0.775625,0.769492,-2.69E-05,0.00615973,0.034375,0.0405347,0.00848086,32
10/1/2019,Q3_1920,Fair treatment,Richmond upon Thames,0.82,0.775625,0.769492,-2.69E-05,0.00615973,0.044375,0.0505347,0.00848086,32
10/1/2019,Q3_1920,Fair treatment,Southwark,0.79,0.775625,0.769492,-2.69E-05,0.00615973,0.014375,0.0205347,0.00848086,32
10/1/2019,Q3_1920,Fair treatment,Sutton,0.81,0.775625,0.769492,-2.69E-05,0.00615973,0.034375,0.0405347,0.00848086,32
10/1/2019,Q3_1920,Fair treatment,Tower Hamlets,0.78,0.775625,0.769492,-2.69E-05,0.00615973,0.004375,0.0105347,0.00848086,32
10/1/2019,Q3_1920,Fair treatment,Waltham Forest,0.69,0.775625,0.769492,-2.69E-05,0.00615973,-0.085625,-0.0794653,0.00848086,32
10/1/2019,Q3_1920,Fair treatment,Wandsworth,0.83,0.775625,0.769492,-2.69E-05,0.00615973,0.054375,0.0605347,0.00848086,32
10/1/2019,Q3_1920,Fair treatment,Westminster,0.87,0.775625,0.769492,-2.69E-05,0.00615973,0.094375,0.100535,0.00848086,32
10/1/2019,Q3_1920,Good job,Barking and Dagenham,0.55,0.589375,0.589609,0.000660104,-0.000894479,-0.039375,-0.0402695,0.00556836,32
10/1/2019,Q3_1920,Good job,Barnet,0.6,0.589375,0.589609,0.000660104,-0.000894479,0.010625,0.00973052,0.00556836,32
10/1/2019,Q3_1920,Good job,Bexley,0.62,0.589375,0.589609,0.000660104,-0.000894479,0.030625,0.0297305,0.00556836,32
10/1/2019,Q3_1920,Good job,Brent,0.55,0.589375,0.589609,0.000660104,-0.000894479,-0.039375,-0.0402695,0.00556836,32
10/1/2019,Q3_1920,Good job,Bromley,0.65,0.589375,0.589609,0.000660104,-0.000894479,0.060625,0.0597305,0.00556836,32
10/1/2019,Q3_1920,Good job,Camden,0.6,0.589375,0.589609,0.000660104,-0.000894479,0.010625,0.00973052,0.00556836,32
10/1/2019,Q3_1920,Good job,Croydon,0.55,0.589375,0.589609,0.000660104,-0.000894479,-0.039375,-0.0402695,0.00556836,32
10/1/2019,Q3_1920,Good job,Ealing,0.56,0.589375,0.589609,0.000660104,-0.000894479,-0.029375,-0.0302695,0.00556836,32
10/1/2019,Q3_1920,Good job,Enfield,0.45,0.589375,0.589609,0.000660104,-0.000894479,-0.139375,-0.140269,0.00556836,32
10/1/2019,Q3_1920,Good job,Greenwich,0.55,0.589375,0.589609,0.000660104,-0.000894479,-0.039375,-0.0402695,0.00556836,32
10/1/2019,Q3_1920,Good job,Hackney,0.46,0.589375,0.589609,0.000660104,-0.000894479,-0.129375,-0.130269,0.00556836,32
10/1/2019,Q3_1920,Good job,Hammersmith and Fulham,0.64,0.589375,0.589609,0.000660104,-0.000894479,0.050625,0.0497305,0.00556836,32
10/1/2019,Q3_1920,Good job,Haringey,0.48,0.589375,0.589609,0.000660104,-0.000894479,-0.109375,-0.110269,0.00556836,32
10/1/2019,Q3_1920,Good job,Harrow,0.56,0.589375,0.589609,0.000660104,-0.000894479,-0.029375,-0.0302695,0.00556836,32
10/1/2019,Q3_1920,Good job,Havering,0.62,0.589375,0.589609,0.000660104,-0.000894479,0.030625,0.0297305,0.00556836,32
10/1/2019,Q3_1920,Good job,Hillingdon,0.57,0.589375,0.589609,0.000660104,-0.000894479,-0.019375,-0.0202695,0.00556836,32
10/1/2019,Q3_1920,Good job,Hounslow,0.58,0.589375,0.589609,0.000660104,-0.000894479,-0.009375,-0.0102695,0.00556836,32
10/1/2019,Q3_1920,Good job,Islington,0.5,0.589375,0.589609,0.000660104,-0.000894479,-0.089375,-0.0902695,0.00556836,32
10/1/2019,Q3_1920,Good job,Kensington and Chelsea,0.79,0.589375,0.589609,0.000660104,-0.000894479,0.200625,0.199731,0.00556836,32
10/1/2019,Q3_1920,Good job,Kingston upon Thames,0.68,0.589375,0.589609,0.000660104,-0.000894479,0.090625,0.0897305,0.00556836,32
10/1/2019,Q3_1920,Good job,Lambeth,0.6,0.589375,0.589609,0.000660104,-0.000894479,0.010625,0.00973052,0.00556836,32
10/1/2019,Q3_1920,Good job,Lewisham,0.58,0.589375,0.589609,0.000660104,-0.000894479,-0.009375,-0.0102695,0.00556836,32
10/1/2019,Q3_1920,Good job,Merton,0.64,0.589375,0.589609,0.000660104,-0.000894479,0.050625,0.0497305,0.00556836,32
10/1/2019,Q3_1920,Good job,Newham,0.57,0.589375,0.589609,0.000660104,-0.000894479,-0.019375,-0.0202695,0.00556836,32
10/1/2019,Q3_1920,Good job,Redbridge,0.58,0.589375,0.589609,0.000660104,-0.000894479,-0.009375,-0.0102695,0.00556836,32
10/1/2019,Q3_1920,Good job,Richmond upon Thames,0.66,0.589375,0.589609,0.000660104,-0.000894479,0.070625,0.0697305,0.00556836,32
10/1/2019,Q3_1920,Good job,Southwark,0.63,0.589375,0.589609,0.000660104,-0.000894479,0.040625,0.0397305,0.00556836,32
10/1/2019,Q3_1920,Good job,Sutton,0.65,0.589375,0.589609,0.000660104,-0.000894479,0.060625,0.0597305,0.00556836,32
10/1/2019,Q3_1920,Good job,Tower Hamlets,0.57,0.589375,0.589609,0.000660104,-0.000894479,-0.019375,-0.0202695,0.00556836,32
10/1/2019,Q3_1920,Good job,Waltham Forest,0.46,0.589375,0.589609,0.000660104,-0.000894479,-0.129375,-0.130269,0.00556836,32
10/1/2019,Q3_1920,Good job,Wandsworth,0.61,0.589375,0.589609,0.000660104,-0.000894479,0.020625,0.0197305,0.00556836,32
10/1/2019,Q3_1920,Good job,Westminster,0.75,0.589375,0.589609,0.000660104,-0.000894479,0.160625,0.159731,0.00556836,32
10/1/2019,Q3_1920,Trust MPS,Barking and Dagenham,0.84,0.839062,0.837109,-0.000922301,0.00287543,0.0009375,0.00381293,0.002021,32
10/1/2019,Q3_1920,Trust MPS,Barnet,0.9,0.839062,0.837109,-0.000922301,0.00287543,0.0609375,0.0638129,0.002021,32
10/1/2019,Q3_1920,Trust MPS,Bexley,0.85,0.839062,0.837109,-0.000922301,0.00287543,0.0109375,0.0138129,0.002021,32
10/1/2019,Q3_1920,Trust MPS,Brent,0.89,0.839062,0.837109,-0.000922301,0.00287543,0.0509375,0.0538129,0.002021,32
10/1/2019,Q3_1920,Trust MPS,Bromley,0.88,0.839062,0.837109,-0.000922301,0.00287543,0.0409375,0.0438129,0.002021,32
10/1/2019,Q3_1920,Trust MPS,Camden,0.83,0.839062,0.837109,-0.000922301,0.00287543,-0.0090625,-0.00618707,0.002021,32
10/1/2019,Q3_1920,Trust MPS,Croydon,0.84,0.839062,0.837109,-0.000922301,0.00287543,0.0009375,0.00381293,0.002021,32
10/1/2019,Q3_1920,Trust MPS,Ealing,0.91,0.839062,0.837109,-0.000922301,0.00287543,0.0709375,0.0738129,0.002021,32
10/1/2019,Q3_1920,Trust MPS,Enfield,0.76,0.839062,0.837109,-0.000922301,0.00287543,-0.0790625,-0.0761871,0.002021,32
10/1/2019,Q3_1920,Trust MPS,Greenwich,0.8,0.839062,0.837109,-0.000922301,0.00287543,-0.0390625,-0.0361871,0.002021,32
10/1/2019,Q3_1920,Trust MPS,Hackney,0.75,0.839062,0.837109,-0.000922301,0.00287543,-0.0890625,-0.0861871,0.002021,32
10/1/2019,Q3_1920,Trust MPS,Hammersmith and Fulham,0.85,0.839062,0.837109,-0.000922301,0.00287543,0.0109375,0.0138129,0.002021,32
10/1/2019,Q3_1920,Trust MPS,Haringey,0.74,0.839062,0.837109,-0.000922301,0.00287543,-0.0990625,-0.0961871,0.002021,32
10/1/2019,Q3_1920,Trust MPS,Harrow,0.87,0.839062,0.837109,-0.000922301,0.00287543,0.0309375,0.0338129,0.002021,32
10/1/2019,Q3_1920,Trust MPS,Havering,0.85,0.839062,0.837109,-0.000922301,0.00287543,0.0109375,0.0138129,0.002021,32
10/1/2019,Q3_1920,Trust MPS,Hillingdon,0.86,0.839062,0.837109,-0.000922301,0.00287543,0.0209375,0.0238129,0.002021,32
10/1/2019,Q3_1920,Trust MPS,Hounslow,0.86,0.839062,0.837109,-0.000922301,0.00287543,0.0209375,0.0238129,0.002021,32
10/1/2019,Q3_1920,Trust MPS,Islington,0.76,0.839062,0.837109,-0.000922301,0.00287543,-0.0790625,-0.0761871,0.002021,32
10/1/2019,Q3_1920,Trust MPS,Kensington and Chelsea,0.92,0.839062,0.837109,-0.000922301,0.00287543,0.0809375,0.0838129,0.002021,32
10/1/2019,Q3_1920,Trust MPS,Kingston upon Thames,0.85,0.839062,0.837109,-0.000922301,0.00287543,0.0109375,0.0138129,0.002021,32
10/1/2019,Q3_1920,Trust MPS,Lambeth,0.8,0.839062,0.837109,-0.000922301,0.00287543,-0.0390625,-0.0361871,0.002021,32
10/1/2019,Q3_1920,Trust MPS,Lewisham,0.8,0.839062,0.837109,-0.000922301,0.00287543,-0.0390625,-0.0361871,0.002021,32
10/1/2019,Q3_1920,Trust MPS,Merton,0.88,0.839062,0.837109,-0.000922301,0.00287543,0.0409375,0.0438129,0.002021,32
10/1/2019,Q3_1920,Trust MPS,Newham,0.83,0.839062,0.837109,-0.000922301,0.00287543,-0.0090625,-0.00618707,0.002021,32
10/1/2019,Q3_1920,Trust MPS,Redbridge,0.86,0.839062,0.837109,-0.000922301,0.00287543,0.0209375,0.0238129,0.002021,32
10/1/2019,Q3_1920,Trust MPS,Richmond upon Thames,0.86,0.839062,0.837109,-0.000922301,0.00287543,0.0209375,0.0238129,0.002021,32
10/1/2019,Q3_1920,Trust MPS,Southwark,0.85,0.839062,0.837109,-0.000922301,0.00287543,0.0109375,0.0138129,0.002021,32
10/1/2019,Q3_1920,Trust MPS,Sutton,0.85,0.839062,0.837109,-0.000922301,0.00287543,0.0109375,0.0138129,0.002021,32
10/1/2019,Q3_1920,Trust MPS,Tower Hamlets,0.81,0.839062,0.837109,-0.000922301,0.00287543,-0.0290625,-0.0261871,0.002021,32
10/1/2019,Q3_1920,Trust MPS,Waltham Forest,0.79,0.839062,0.837109,-0.000922301,0.00287543,-0.0490625,-0.0461871,0.002021,32
10/1/2019,Q3_1920,Trust MPS,Wandsworth,0.83,0.839062,0.837109,-0.000922301,0.00287543,-0.0090625,-0.00618707,0.002021,32
10/1/2019,Q3_1920,Trust MPS,Westminster,0.88,0.839062,0.837109,-0.000922301,0.00287543,0.0409375,0.0438129,0.002021,32
7/1/2019,Q2_1920,Fair treatment,Barking and Dagenham,0.79,0.7725,0.769375,0.00141079,0.00171421,0.0175,0.0192142,0.0076375,32
7/1/2019,Q2_1920,Fair treatment,Barnet,0.79,0.7725,0.769375,0.00141079,0.00171421,0.0175,0.0192142,0.0076375,32
7/1/2019,Q2_1920,Fair treatment,Bexley,0.8,0.7725,0.769375,0.00141079,0.00171421,0.0275,0.0292142,0.0076375,32
7/1/2019,Q2_1920,Fair treatment,Brent,0.8,0.7725,0.769375,0.00141079,0.00171421,0.0275,0.0292142,0.0076375,32
7/1/2019,Q2_1920,Fair treatment,Bromley,0.84,0.7725,0.769375,0.00141079,0.00171421,0.0675,0.0692142,0.0076375,32
7/1/2019,Q2_1920,Fair treatment,Camden,0.72,0.7725,0.769375,0.00141079,0.00171421,-0.0525,-0.0507858,0.0076375,32
7/1/2019,Q2_1920,Fair treatment,Croydon,0.78,0.7725,0.769375,0.00141079,0.00171421,0.0075,0.00921421,0.0076375,32
7/1/2019,Q2_1920,Fair treatment,Ealing,0.85,0.7725,0.769375,0.00141079,0.00171421,0.0775,0.0792142,0.0076375,32
7/1/2019,Q2_1920,Fair treatment,Enfield,0.64,0.7725,0.769375,0.00141079,0.00171421,-0.1325,-0.130786,0.0076375,32
7/1/2019,Q2_1920,Fair treatment,Greenwich,0.8,0.7725,0.769375,0.00141079,0.00171421,0.0275,0.0292142,0.0076375,32
7/1/2019,Q2_1920,Fair treatment,Hackney,0.48,0.7725,0.769375,0.00141079,0.00171421,-0.2925,-0.290786,0.0076375,32
7/1/2019,Q2_1920,Fair treatment,Hammersmith and Fulham,0.73,0.7725,0.769375,0.00141079,0.00171421,-0.0425,-0.0407858,0.0076375,32
7/1/2019,Q2_1920,Fair treatment,Haringey,0.63,0.7725,0.769375,0.00141079,0.00171421,-0.1425,-0.140786,0.0076375,32
7/1/2019,Q2_1920,Fair treatment,Harrow,0.84,0.7725,0.769375,0.00141079,0.00171421,0.0675,0.0692142,0.0076375,32
7/1/2019,Q2_1920,Fair treatment,Havering,0.84,0.7725,0.769375,0.00141079,0.00171421,0.0675,0.0692142,0.0076375,32
7/1/2019,Q2_1920,Fair treatment,Hillingdon,0.8,0.7725,0.769375,0.00141079,0.00171421,0.0275,0.0292142,0.0076375,32
7/1/2019,Q2_1920,Fair treatment,Hounslow,0.85,0.7725,0.769375,0.00141079,0.00171421,0.0775,0.0792142,0.0076375,32
7/1/2019,Q2_1920,Fair treatment,Islington,0.58,0.7725,0.769375,0.00141079,0.00171421,-0.1925,-0.190786,0.0076375,32
7/1/2019,Q2_1920,Fair treatment,Kensington and Chelsea,0.87,0.7725,0.769375,0.00141079,0.00171421,0.0975,0.0992142,0.0076375,32
7/1/2019,Q2_1920,Fair treatment,Kingston upon Thames,0.81,0.7725,0.769375,0.00141079,0.00171421,0.0375,0.0392142,0.0076375,32
7/1/2019,Q2_1920,Fair treatment,Lambeth,0.7,0.7725,0.769375,0.00141079,0.00171421,-0.0725,-0.0707858,0.0076375,32
7/1/2019,Q2_1920,Fair treatment,Lewisham,0.73,0.7725,0.769375,0.00141079,0.00171421,-0.0425,-0.0407858,0.0076375,32
7/1/2019,Q2_1920,Fair treatment,Merton,0.82,0.7725,0.769375,0.00141079,0.00171421,0.0475,0.0492142,0.0076375,32
7/1/2019,Q2_1920,Fair treatment,Newham,0.86,0.7725,0.769375,0.00141079,0.00171421,0.0875,0.0892142,0.0076375,32
7/1/2019,Q2_1920,Fair treatment,Redbridge,0.81,0.7725,0.769375,0.00141079,0.00171421,0.0375,0.0392142,0.0076375,32
7/1/2019,Q2_1920,Fair treatment,Richmond upon Thames,0.81,0.7725,0.769375,0.00141079,0.00171421,0.0375,0.0392142,0.0076375,32
7/1/2019,Q2_1920,Fair treatment,Southwark,0.75,0.7725,0.769375,0.00141079,0.00171421,-0.0225,-0.0207858,0.0076375,32
7/1/2019,Q2_1920,Fair treatment,Sutton,0.79,0.7725,0.769375,0.00141079,0.00171421,0.0175,0.0192142,0.0076375,32
7/1/2019,Q2_1920,Fair treatment,Tower Hamlets,0.8,0.7725,0.769375,0.00141079,0.00171421,0.0275,0.0292142,0.0076375,32
7/1/2019,Q2_1920,Fair treatment,Waltham Forest,0.71,0.7725,0.769375,0.00141079,0.00171421,-0.0625,-0.0607858,0.0076375,32
7/1/2019,Q2_1920,Fair treatment,Wandsworth,0.82,0.7725,0.769375,0.00141079,0.00171421,0.0475,0.0492142,0.0076375,32
7/1/2019,Q2_1920,Fair treatment,Westminster,0.88,0.7725,0.769375,0.00141079,0.00171421,0.1075,0.109214,0.0076375,32
7/1/2019,Q2_1920,Good job,Barking and Dagenham,0.57,0.594063,0.594453,0.000102487,-0.000493112,-0.0240625,-0.0245556,0.00569287,32
7/1/2019,Q2_1920,Good job,Barnet,0.58,0.594063,0.594453,0.000102487,-0.000493112,-0.0140625,-0.0145556,0.00569287,32
7/1/2019,Q2_1920,Good job,Bexley,0.64,0.594063,0.594453,0.000102487,-0.000493112,0.0459375,0.0454444,0.00569287,32
7/1/2019,Q2_1920,Good job,Brent,0.52,0.594063,0.594453,0.000102487,-0.000493112,-0.0740625,-0.0745556,0.00569287,32
7/1/2019,Q2_1920,Good job,Bromley,0.69,0.594063,0.594453,0.000102487,-0.000493112,0.0959375,0.0954444,0.00569287,32
7/1/2019,Q2_1920,Good job,Camden,0.54,0.594063,0.594453,0.000102487,-0.000493112,-0.0540625,-0.0545556,0.00569287,32
7/1/2019,Q2_1920,Good job,Croydon,0.56,0.594063,0.594453,0.000102487,-0.000493112,-0.0340625,-0.0345556,0.00569287,32
7/1/2019,Q2_1920,Good job,Ealing,0.57,0.594063,0.594453,0.000102487,-0.000493112,-0.0240625,-0.0245556,0.00569287,32
7/1/2019,Q2_1920,Good job,Enfield,0.45,0.594063,0.594453,0.000102487,-0.000493112,-0.144063,-0.144556,0.00569287,32
7/1/2019,Q2_1920,Good job,Greenwich,0.57,0.594063,0.594453,0.000102487,-0.000493112,-0.0240625,-0.0245556,0.00569287,32
7/1/2019,Q2_1920,Good job,Hackney,0.44,0.594063,0.594453,0.000102487,-0.000493112,-0.154063,-0.154556,0.00569287,32
7/1/2019,Q2_1920,Good job,Hammersmith and Fulham,0.66,0.594063,0.594453,0.000102487,-0.000493112,0.0659375,0.0654444,0.00569287,32
7/1/2019,Q2_1920,Good job,Haringey,0.52,0.594063,0.594453,0.000102487,-0.000493112,-0.0740625,-0.0745556,0.00569287,32
7/1/2019,Q2_1920,Good job,Harrow,0.55,0.594063,0.594453,0.000102487,-0.000493112,-0.0440625,-0.0445556,0.00569287,32
7/1/2019,Q2_1920,Good job,Havering,0.6,0.594063,0.594453,0.000102487,-0.000493112,0.0059375,0.00544439,0.00569287,32
7/1/2019,Q2_1920,Good job,Hillingdon,0.55,0.594063,0.594453,0.000102487,-0.000493112,-0.0440625,-0.0445556,0.00569287,32
7/1/2019,Q2_1920,Good job,Hounslow,0.57,0.594063,0.594453,0.000102487,-0.000493112,-0.0240625,-0.0245556,0.00569287,32
7/1/2019,Q2_1920,Good job,Islington,0.5,0.594063,0.594453,0.000102487,-0.000493112,-0.0940625,-0.0945556,0.00569287,32
7/1/2019,Q2_1920,Good job,Kensington and Chelsea,0.81,0.594063,0.594453,0.000102487,-0.000493112,0.215938,0.215444,0.00569287,32
7/1/2019,Q2_1920,Good job,Kingston upon Thames,0.68,0.594063,0.594453,0.000102487,-0.000493112,0.0859375,0.0854444,0.00569287,32
7/1/2019,Q2_1920,Good job,Lambeth,0.61,0.594063,0.594453,0.000102487,-0.000493112,0.0159375,0.0154444,0.00569287,32
7/1/2019,Q2_1920,Good job,Lewisham,0.61,0.594063,0.594453,0.000102487,-0.000493112,0.0159375,0.0154444,0.00569287,32
7/1/2019,Q2_1920,Good job,Merton,0.67,0.594063,0.594453,0.000102487,-0.000493112,0.0759375,0.0754444,0.00569287,32
7/1/2019,Q2_1920,Good job,Newham,0.58,0.594063,0.594453,0.000102487,-0.000493112,-0.0140625,-0.0145556,0.00569287,32
7/1/2019,Q2_1920,Good job,Redbridge,0.59,0.594063,0.594453,0.000102487,-0.000493112,-0.0040625,-0.00455561,0.00569287,32
7/1/2019,Q2_1920,Good job,Richmond upon Thames,0.64,0.594063,0.594453,0.000102487,-0.000493112,0.0459375,0.0454444,0.00569287,32
7/1/2019,Q2_1920,Good job,Southwark,0.64,0.594063,0.594453,0.000102487,-0.000493112,0.0459375,0.0454444,0.00569287,32
7/1/2019,Q2_1920,Good job,Sutton,0.65,0.594063,0.594453,0.000102487,-0.000493112,0.0559375,0.0554444,0.00569287,32
7/1/2019,Q2_1920,Good job,Tower Hamlets,0.57,0.594063,0.594453,0.000102487,-0.000493112,-0.0240625,-0.0245556,0.00569287,32
7/1/2019,Q2_1920,Good job,Waltham Forest,0.53,0.594063,0.594453,0.000102487,-0.000493112,-0.0640625,-0.0645556,0.00569287,32
7/1/2019,Q2_1920,Good job,Wandsworth,0.62,0.594063,0.594453,0.000102487,-0.000493112,0.0259375,0.0254444,0.00569287,32
7/1/2019,Q2_1920,Good job,Westminster,0.73,0.594063,0.594453,0.000102487,-0.000493112,0.135937,0.135444,0.00569287,32
7/1/2019,Q2_1920,Trust MPS,Barking and Dagenham,0.84,0.84,0.837383,0.00257614,4.11E-05,-1.11E-16,4.11E-05,0.0017125,32
7/1/2019,Q2_1920,Trust MPS,Barnet,0.89,0.84,0.837383,0.00257614,4.11E-05,0.05,0.0500411,0.0017125,32
7/1/2019,Q2_1920,Trust MPS,Bexley,0.83,0.84,0.837383,0.00257614,4.11E-05,-0.01,-0.00995895,0.0017125,32
7/1/2019,Q2_1920,Trust MPS,Brent,0.88,0.84,0.837383,0.00257614,4.11E-05,0.04,0.0400411,0.0017125,32
7/1/2019,Q2_1920,Trust MPS,Bromley,0.89,0.84,0.837383,0.00257614,4.11E-05,0.05,0.0500411,0.0017125,32
7/1/2019,Q2_1920,Trust MPS,Camden,0.82,0.84,0.837383,0.00257614,4.11E-05,-0.02,-0.0199589,0.0017125,32
7/1/2019,Q2_1920,Trust MPS,Croydon,0.84,0.84,0.837383,0.00257614,4.11E-05,-1.11E-16,4.11E-05,0.0017125,32
7/1/2019,Q2_1920,Trust MPS,Ealing,0.88,0.84,0.837383,0.00257614,4.11E-05,0.04,0.0400411,0.0017125,32
7/1/2019,Q2_1920,Trust MPS,Enfield,0.76,0.84,0.837383,0.00257614,4.11E-05,-0.08,-0.0799589,0.0017125,32
7/1/2019,Q2_1920,Trust MPS,Greenwich,0.81,0.84,0.837383,0.00257614,4.11E-05,-0.03,-0.0299589,0.0017125,32
7/1/2019,Q2_1920,Trust MPS,Hackney,0.73,0.84,0.837383,0.00257614,4.11E-05,-0.11,-0.109959,0.0017125,32
7/1/2019,Q2_1920,Trust MPS,Hammersmith and Fulham,0.84,0.84,0.837383,0.00257614,4.11E-05,-1.11E-16,4.11E-05,0.0017125,32
7/1/2019,Q2_1920,Trust MPS,Haringey,0.77,0.84,0.837383,0.00257614,4.11E-05,-0.07,-0.0699589,0.0017125,32
7/1/2019,Q2_1920,Trust MPS,Harrow,0.86,0.84,0.837383,0.00257614,4.11E-05,0.02,0.0200411,0.0017125,32
7/1/2019,Q2_1920,Trust MPS,Havering,0.83,0.84,0.837383,0.00257614,4.11E-05,-0.01,-0.00995895,0.0017125,32
7/1/2019,Q2_1920,Trust MPS,Hillingdon,0.86,0.84,0.837383,0.00257614,4.11E-05,0.02,0.0200411,0.0017125,32
7/1/2019,Q2_1920,Trust MPS,Hounslow,0.88,0.84,0.837383,0.00257614,4.11E-05,0.04,0.0400411,0.0017125,32
7/1/2019,Q2_1920,Trust MPS,Islington,0.79,0.84,0.837383,0.00257614,4.11E-05,-0.05,-0.0499589,0.0017125,32
7/1/2019,Q2_1920,Trust MPS,Kensington and Chelsea,0.9,0.84,0.837383,0.00257614,4.11E-05,0.06,0.0600411,0.0017125,32
7/1/2019,Q2_1920,Trust MPS,Kingston upon Thames,0.85,0.84,0.837383,0.00257614,4.11E-05,0.01,0.0100411,0.0017125,32
7/1/2019,Q2_1920,Trust MPS,Lambeth,0.82,0.84,0.837383,0.00257614,4.11E-05,-0.02,-0.0199589,0.0017125,32
7/1/2019,Q2_1920,Trust MPS,Lewisham,0.8,0.84,0.837383,0.00257614,4.11E-05,-0.04,-0.0399589,0.0017125,32
7/1/2019,Q2_1920,Trust MPS,Merton,0.89,0.84,0.837383,0.00257614,4.11E-05,0.05,0.0500411,0.0017125,32
7/1/2019,Q2_1920,Trust MPS,Newham,0.87,0.84,0.837383,0.00257614,4.11E-05,0.03,0.0300411,0.0017125,32
7/1/2019,Q2_1920,Trust MPS,Redbridge,0.87,0.84,0.837383,0.00257614,4.11E-05,0.03,0.0300411,0.0017125,32
7/1/2019,Q2_1920,Trust MPS,Richmond upon Thames,0.9,0.84,0.837383,0.00257614,4.11E-05,0.06,0.0600411,0.0017125,32
7/1/2019,Q2_1920,Trust MPS,Southwark,0.82,0.84,0.837383,0.00257614,4.11E-05,-0.02,-0.0199589,0.0017125,32
7/1/2019,Q2_1920,Trust MPS,Sutton,0.83,0.84,0.837383,0.00257614,4.11E-05,-0.01,-0.00995895,0.0017125,32
7/1/2019,Q2_1920,Trust MPS,Tower Hamlets,0.83,0.84,0.837383,0.00257614,4.11E-05,-0.01,-0.00995895,0.0017125,32
7/1/2019,Q2_1920,Trust MPS,Waltham Forest,0.8,0.84,0.837383,0.00257614,4.11E-05,-0.04,-0.0399589,0.0017125,32
7/1/2019,Q2_1920,Trust MPS,Wandsworth,0.83,0.84,0.837383,0.00257614,4.11E-05,-0.01,-0.00995895,0.0017125,32
7/1/2019,Q2_1920,Trust MPS,Westminster,0.87,0.84,0.837383,0.00257614,4.11E-05,0.03,0.0300411,0.0017125,32
4/1/2019,Q1_1920,Fair treatment,Barking and Dagenham,0.76,0.764375,0.767344,-1.68E-05,-0.00295198,-0.004375,-0.00732698,0.00658086,32
4/1/2019,Q1_1920,Fair treatment,Barnet,0.78,0.764375,0.767344,-1.68E-05,-0.00295198,0.015625,0.012673,0.00658086,32
4/1/2019,Q1_1920,Fair treatment,Bexley,0.77,0.764375,0.767344,-1.68E-05,-0.00295198,0.005625,0.00267302,0.00658086,32
4/1/2019,Q1_1920,Fair treatment,Brent,0.72,0.764375,0.767344,-1.68E-05,-0.00295198,-0.044375,-0.047327,0.00658086,32
4/1/2019,Q1_1920,Fair treatment,Bromley,0.84,0.764375,0.767344,-1.68E-05,-0.00295198,0.075625,0.072673,0.00658086,32
4/1/2019,Q1_1920,Fair treatment,Camden,0.72,0.764375,0.767344,-1.68E-05,-0.00295198,-0.044375,-0.047327,0.00658086,32
4/1/2019,Q1_1920,Fair treatment,Croydon,0.77,0.764375,0.767344,-1.68E-05,-0.00295198,0.005625,0.00267302,0.00658086,32
4/1/2019,Q1_1920,Fair treatment,Ealing,0.82,0.764375,0.767344,-1.68E-05,-0.00295198,0.055625,0.052673,0.00658086,32
4/1/2019,Q1_1920,Fair treatment,Enfield,0.66,0.764375,0.767344,-1.68E-05,-0.00295198,-0.104375,-0.107327,0.00658086,32
4/1/2019,Q1_1920,Fair treatment,Greenwich,0.76,0.764375,0.767344,-1.68E-05,-0.00295198,-0.004375,-0.00732698,0.00658086,32
4/1/2019,Q1_1920,Fair treatment,Hackney,0.52,0.764375,0.767344,-1.68E-05,-0.00295198,-0.244375,-0.247327,0.00658086,32
4/1/2019,Q1_1920,Fair treatment,Hammersmith and Fulham,0.73,0.764375,0.767344,-1.68E-05,-0.00295198,-0.034375,-0.037327,0.00658086,32
4/1/2019,Q1_1920,Fair treatment,Haringey,0.64,0.764375,0.767344,-1.68E-05,-0.00295198,-0.124375,-0.127327,0.00658086,32
4/1/2019,Q1_1920,Fair treatment,Harrow,0.82,0.764375,0.767344,-1.68E-05,-0.00295198,0.055625,0.052673,0.00658086,32
4/1/2019,Q1_1920,Fair treatment,Havering,0.84,0.764375,0.767344,-1.68E-05,-0.00295198,0.075625,0.072673,0.00658086,32
4/1/2019,Q1_1920,Fair treatment,Hillingdon,0.77,0.764375,0.767344,-1.68E-05,-0.00295198,0.005625,0.00267302,0.00658086,32
4/1/2019,Q1_1920,Fair treatment,Hounslow,0.81,0.764375,0.767344,-1.68E-05,-0.00295198,0.045625,0.042673,0.00658086,32
4/1/2019,Q1_1920,Fair treatment,Islington,0.56,0.764375,0.767344,-1.68E-05,-0.00295198,-0.204375,-0.207327,0.00658086,32
4/1/2019,Q1_1920,Fair treatment,Kensington and Chelsea,0.87,0.764375,0.767344,-1.68E-05,-0.00295198,0.105625,0.102673,0.00658086,32
4/1/2019,Q1_1920,Fair treatment,Kingston upon Thames,0.84,0.764375,0.767344,-1.68E-05,-0.00295198,0.075625,0.072673,0.00658086,32
4/1/2019,Q1_1920,Fair treatment,Lambeth,0.7,0.764375,0.767344,-1.68E-05,-0.00295198,-0.064375,-0.067327,0.00658086,32
4/1/2019,Q1_1920,Fair treatment,Lewisham,0.75,0.764375,0.767344,-1.68E-05,-0.00295198,-0.014375,-0.017327,0.00658086,32
4/1/2019,Q1_1920,Fair treatment,Merton,0.82,0.764375,0.767344,-1.68E-05,-0.00295198,0.055625,0.052673,0.00658086,32
4/1/2019,Q1_1920,Fair treatment,Newham,0.86,0.764375,0.767344,-1.68E-05,-0.00295198,0.095625,0.092673,0.00658086,32
4/1/2019,Q1_1920,Fair treatment,Redbridge,0.82,0.764375,0.767344,-1.68E-05,-0.00295198,0.055625,0.052673,0.00658086,32
4/1/2019,Q1_1920,Fair treatment,Richmond upon Thames,0.81,0.764375,0.767344,-1.68E-05,-0.00295198,0.045625,0.042673,0.00658086,32
4/1/2019,Q1_1920,Fair treatment,Southwark,0.75,0.764375,0.767344,-1.68E-05,-0.00295198,-0.014375,-0.017327,0.00658086,32
4/1/2019,Q1_1920,Fair treatment,Sutton,0.8,0.764375,0.767344,-1.68E-05,-0.00295198,0.035625,0.032673,0.00658086,32
4/1/2019,Q1_1920,Fair treatment,Tower Hamlets,0.75,0.764375,0.767344,-1.68E-05,-0.00295198,-0.014375,-0.017327,0.00658086,32
4/1/2019,Q1_1920,Fair treatment,Waltham Forest,0.71,0.764375,0.767344,-1.68E-05,-0.00295198,-0.054375,-0.057327,0.00658086,32
4/1/2019,Q1_1920,Fair treatment,Wandsworth,0.82,0.764375,0.767344,-1.68E-05,-0.00295198,0.055625,0.052673,0.00658086,32
4/1/2019,Q1_1920,Fair treatment,Westminster,0.87,0.764375,0.767344,-1.68E-05,-0.00295198,0.105625,0.102673,0.00658086,32
4/1/2019,Q1_1920,Good job,Barking and Dagenham,0.57,0.596875,0.60375,-0.00105518,-0.00581982,-0.026875,-0.0326948,0.00559648,32
4/1/2019,Q1_1920,Good job,Barnet,0.61,0.596875,0.60375,-0.00105518,-0.00581982,0.013125,0.00730518,0.00559648,32
4/1/2019,Q1_1920,Good job,Bexley,0.63,0.596875,0.60375,-0.00105518,-0.00581982,0.033125,0.0273052,0.00559648,32
4/1/2019,Q1_1920,Good job,Brent,0.51,0.596875,0.60375,-0.00105518,-0.00581982,-0.086875,-0.0926948,0.00559648,32
4/1/2019,Q1_1920,Good job,Bromley,0.65,0.596875,0.60375,-0.00105518,-0.00581982,0.053125,0.0473052,0.00559648,32
4/1/2019,Q1_1920,Good job,Camden,0.58,0.596875,0.60375,-0.00105518,-0.00581982,-0.016875,-0.0226948,0.00559648,32
4/1/2019,Q1_1920,Good job,Croydon,0.54,0.596875,0.60375,-0.00105518,-0.00581982,-0.056875,-0.0626948,0.00559648,32
4/1/2019,Q1_1920,Good job,Ealing,0.6,0.596875,0.60375,-0.00105518,-0.00581982,0.003125,-0.00269482,0.00559648,32
4/1/2019,Q1_1920,Good job,Enfield,0.44,0.596875,0.60375,-0.00105518,-0.00581982,-0.156875,-0.162695,0.00559648,32
4/1/2019,Q1_1920,Good job,Greenwich,0.62,0.596875,0.60375,-0.00105518,-0.00581982,0.023125,0.0173052,0.00559648,32
4/1/2019,Q1_1920,Good job,Hackney,0.45,0.596875,0.60375,-0.00105518,-0.00581982,-0.146875,-0.152695,0.00559648,32
4/1/2019,Q1_1920,Good job,Hammersmith and Fulham,0.67,0.596875,0.60375,-0.00105518,-0.00581982,0.073125,0.0673052,0.00559648,32
4/1/2019,Q1_1920,Good job,Haringey,0.5,0.596875,0.60375,-0.00105518,-0.00581982,-0.096875,-0.102695,0.00559648,32
4/1/2019,Q1_1920,Good job,Harrow,0.58,0.596875,0.60375,-0.00105518,-0.00581982,-0.016875,-0.0226948,0.00559648,32
4/1/2019,Q1_1920,Good job,Havering,0.59,0.596875,0.60375,-0.00105518,-0.00581982,-0.006875,-0.0126948,0.00559648,32
4/1/2019,Q1_1920,Good job,Hillingdon,0.54,0.596875,0.60375,-0.00105518,-0.00581982,-0.056875,-0.0626948,0.00559648,32
4/1/2019,Q1_1920,Good job,Hounslow,0.59,0.596875,0.60375,-0.00105518,-0.00581982,-0.006875,-0.0126948,0.00559648,32
4/1/2019,Q1_1920,Good job,Islington,0.5,0.596875,0.60375,-0.00105518,-0.00581982,-0.096875,-0.102695,0.00559648,32
4/1/2019,Q1_1920,Good job,Kensington and Chelsea,0.82,0.596875,0.60375,-0.00105518,-0.00581982,0.223125,0.217305,0.00559648,32
4/1/2019,Q1_1920,Good job,Kingston upon Thames,0.67,0.596875,0.60375,-0.00105518,-0.00581982,0.073125,0.0673052,0.00559648,32
4/1/2019,Q1_1920,Good job,Lambeth,0.61,0.596875,0.60375,-0.00105518,-0.00581982,0.013125,0.00730518,0.00559648,32
4/1/2019,Q1_1920,Good job,Lewisham,0.64,0.596875,0.60375,-0.00105518,-0.00581982,0.043125,0.0373052,0.00559648,32
4/1/2019,Q1_1920,Good job,Merton,0.66,0.596875,0.60375,-0.00105518,-0.00581982,0.063125,0.0573052,0.00559648,32
4/1/2019,Q1_1920,Good job,Newham,0.58,0.596875,0.60375,-0.00105518,-0.00581982,-0.016875,-0.0226948,0.00559648,32
4/1/2019,Q1_1920,Good job,Redbridge,0.58,0.596875,0.60375,-0.00105518,-0.00581982,-0.016875,-0.0226948,0.00559648,32
4/1/2019,Q1_1920,Good job,Richmond upon Thames,0.65,0.596875,0.60375,-0.00105518,-0.00581982,0.053125,0.0473052,0.00559648,32
4/1/2019,Q1_1920,Good job,Southwark,0.62,0.596875,0.60375,-0.00105518,-0.00581982,0.023125,0.0173052,0.00559648,32
4/1/2019,Q1_1920,Good job,Sutton,0.64,0.596875,0.60375,-0.00105518,-0.00581982,0.043125,0.0373052,0.00559648,32
4/1/2019,Q1_1920,Good job,Tower Hamlets,0.56,0.596875,0.60375,-0.00105518,-0.00581982,-0.036875,-0.0426948,0.00559648,32
4/1/2019,Q1_1920,Good job,Waltham Forest,0.53,0.596875,0.60375,-0.00105518,-0.00581982,-0.066875,-0.0726948,0.00559648,32
4/1/2019,Q1_1920,Good job,Wandsworth,0.67,0.596875,0.60375,-0.00105518,-0.00581982,0.073125,0.0673052,0.00559648,32
4/1/2019,Q1_1920,Good job,Westminster,0.7,0.596875,0.60375,-0.00105518,-0.00581982,0.103125,0.0973052,0.00559648,32
4/1/2019,Q1_1920,Trust MPS,Barking and Dagenham,0.82,0.83375,0.838906,0.00190036,-0.00705661,-0.01375,-0.0208066,0.00161719,32
4/1/2019,Q1_1920,Trust MPS,Barnet,0.9,0.83375,0.838906,0.00190036,-0.00705661,0.06625,0.0591934,0.00161719,32
4/1/2019,Q1_1920,Trust MPS,Bexley,0.84,0.83375,0.838906,0.00190036,-0.00705661,0.00625,-0.000806605,0.00161719,32
4/1/2019,Q1_1920,Trust MPS,Brent,0.83,0.83375,0.838906,0.00190036,-0.00705661,-0.00375,-0.0108066,0.00161719,32
4/1/2019,Q1_1920,Trust MPS,Bromley,0.88,0.83375,0.838906,0.00190036,-0.00705661,0.04625,0.0391934,0.00161719,32
4/1/2019,Q1_1920,Trust MPS,Camden,0.81,0.83375,0.838906,0.00190036,-0.00705661,-0.02375,-0.0308066,0.00161719,32
4/1/2019,Q1_1920,Trust MPS,Croydon,0.8,0.83375,0.838906,0.00190036,-0.00705661,-0.03375,-0.0408066,0.00161719,32
4/1/2019,Q1_1920,Trust MPS,Ealing,0.87,0.83375,0.838906,0.00190036,-0.00705661,0.03625,0.0291934,0.00161719,32
4/1/2019,Q1_1920,Trust MPS,Enfield,0.76,0.83375,0.838906,0.00190036,-0.00705661,-0.07375,-0.0808066,0.00161719,32
4/1/2019,Q1_1920,Trust MPS,Greenwich,0.81,0.83375,0.838906,0.00190036,-0.00705661,-0.02375,-0.0308066,0.00161719,32
4/1/2019,Q1_1920,Trust MPS,Hackney,0.74,0.83375,0.838906,0.00190036,-0.00705661,-0.09375,-0.100807,0.00161719,32
4/1/2019,Q1_1920,Trust MPS,Hammersmith and Fulham,0.85,0.83375,0.838906,0.00190036,-0.00705661,0.01625,0.00919339,0.00161719,32
4/1/2019,Q1_1920,Trust MPS,Haringey,0.76,0.83375,0.838906,0.00190036,-0.00705661,-0.07375,-0.0808066,0.00161719,32
4/1/2019,Q1_1920,Trust MPS,Harrow,0.82,0.83375,0.838906,0.00190036,-0.00705661,-0.01375,-0.0208066,0.00161719,32
4/1/2019,Q1_1920,Trust MPS,Havering,0.82,0.83375,0.838906,0.00190036,-0.00705661,-0.01375,-0.0208066,0.00161719,32
4/1/2019,Q1_1920,Trust MPS,Hillingdon,0.83,0.83375,0.838906,0.00190036,-0.00705661,-0.00375,-0.0108066,0.00161719,32
4/1/2019,Q1_1920,Trust MPS,Hounslow,0.87,0.83375,0.838906,0.00190036,-0.00705661,0.03625,0.0291934,0.00161719,32
4/1/2019,Q1_1920,Trust MPS,Islington,0.81,0.83375,0.838906,0.00190036,-0.00705661,-0.02375,-0.0308066,0.00161719,32
4/1/2019,Q1_1920,Trust MPS,Kensington and Chelsea,0.91,0.83375,0.838906,0.00190036,-0.00705661,0.07625,0.0691934,0.00161719,32
4/1/2019,Q1_1920,Trust MPS,Kingston upon Thames,0.84,0.83375,0.838906,0.00190036,-0.00705661,0.00625,-0.000806605,0.00161719,32
4/1/2019,Q1_1920,Trust MPS,Lambeth,0.83,0.83375,0.838906,0.00190036,-0.00705661,-0.00375,-0.0108066,0.00161719,32
4/1/2019,Q1_1920,Trust MPS,Lewisham,0.81,0.83375,0.838906,0.00190036,-0.00705661,-0.02375,-0.0308066,0.00161719,32
4/1/2019,Q1_1920,Trust MPS,Merton,0.88,0.83375,0.838906,0.00190036,-0.00705661,0.04625,0.0391934,0.00161719,32
4/1/2019,Q1_1920,Trust MPS,Newham,0.87,0.83375,0.838906,0.00190036,-0.00705661,0.03625,0.0291934,0.00161719,32
4/1/2019,Q1_1920,Trust MPS,Redbridge,0.85,0.83375,0.838906,0.00190036,-0.00705661,0.01625,0.00919339,0.00161719,32
4/1/2019,Q1_1920,Trust MPS,Richmond upon Thames,0.91,0.83375,0.838906,0.00190036,-0.00705661,0.07625,0.0691934,0.00161719,32
4/1/2019,Q1_1920,Trust MPS,Southwark,0.8,0.83375,0.838906,0.00190036,-0.00705661,-0.03375,-0.0408066,0.00161719,32
4/1/2019,Q1_1920,Trust MPS,Sutton,0.84,0.83375,0.838906,0.00190036,-0.00705661,0.00625,-0.000806605,0.00161719,32
4/1/2019,Q1_1920,Trust MPS,Tower Hamlets,0.82,0.83375,0.838906,0.00190036,-0.00705661,-0.01375,-0.0208066,0.00161719,32
4/1/2019,Q1_1920,Trust MPS,Waltham Forest,0.8,0.83375,0.838906,0.00190036,-0.00705661,-0.03375,-0.0408066,0.00161719,32
4/1/2019,Q1_1920,Trust MPS,Wandsworth,0.84,0.83375,0.838906,0.00190036,-0.00705661,0.00625,-0.000806605,0.00161719,32
4/1/2019,Q1_1920,Trust MPS,Westminster,0.86,0.83375,0.838906,0.00190036,-0.00705661,0.02625,0.0191934,0.00161719,32
1/1/2019,Q4_1819,Fair treatment,Barking and Dagenham,0.79,0.7625,0.764687,-0.00136709,-0.000820409,0.0275,0.0266796,0.00565625,32
1/1/2019,Q4_1819,Fair treatment,Barnet,0.76,0.7625,0.764687,-0.00136709,-0.000820409,-0.0025,-0.00332041,0.00565625,32
1/1/2019,Q4_1819,Fair treatment,Bexley,0.75,0.7625,0.764687,-0.00136709,-0.000820409,-0.0125,-0.0133204,0.00565625,32
1/1/2019,Q4_1819,Fair treatment,Brent,0.73,0.7625,0.764687,-0.00136709,-0.000820409,-0.0325,-0.0333204,0.00565625,32
1/1/2019,Q4_1819,Fair treatment,Bromley,0.83,0.7625,0.764687,-0.00136709,-0.000820409,0.0675,0.0666796,0.00565625,32
1/1/2019,Q4_1819,Fair treatment,Camden,0.71,0.7625,0.764687,-0.00136709,-0.000820409,-0.0525,-0.0533204,0.00565625,32
1/1/2019,Q4_1819,Fair treatment,Croydon,0.76,0.7625,0.764687,-0.00136709,-0.000820409,-0.0025,-0.00332041,0.00565625,32
1/1/2019,Q4_1819,Fair treatment,Ealing,0.82,0.7625,0.764687,-0.00136709,-0.000820409,0.0575,0.0566796,0.00565625,32
1/1/2019,Q4_1819,Fair treatment,Enfield,0.7,0.7625,0.764687,-0.00136709,-0.000820409,-0.0625,-0.0633204,0.00565625,32
1/1/2019,Q4_1819,Fair treatment,Greenwich,0.74,0.7625,0.764687,-0.00136709,-0.000820409,-0.0225,-0.0233204,0.00565625,32
1/1/2019,Q4_1819,Fair treatment,Hackney,0.52,0.7625,0.764687,-0.00136709,-0.000820409,-0.2425,-0.24332,0.00565625,32
1/1/2019,Q4_1819,Fair treatment,Hammersmith and Fulham,0.74,0.7625,0.764687,-0.00136709,-0.000820409,-0.0225,-0.0233204,0.00565625,32
1/1/2019,Q4_1819,Fair treatment,Haringey,0.63,0.7625,0.764687,-0.00136709,-0.000820409,-0.1325,-0.13332,0.00565625,32
1/1/2019,Q4_1819,Fair treatment,Harrow,0.8,0.7625,0.764687,-0.00136709,-0.000820409,0.0375,0.0366796,0.00565625,32
1/1/2019,Q4_1819,Fair treatment,Havering,0.84,0.7625,0.764687,-0.00136709,-0.000820409,0.0775,0.0766796,0.00565625,32
1/1/2019,Q4_1819,Fair treatment,Hillingdon,0.77,0.7625,0.764687,-0.00136709,-0.000820409,0.0075,0.00667959,0.00565625,32
1/1/2019,Q4_1819,Fair treatment,Hounslow,0.83,0.7625,0.764687,-0.00136709,-0.000820409,0.0675,0.0666796,0.00565625,32
1/1/2019,Q4_1819,Fair treatment,Islington,0.62,0.7625,0.764687,-0.00136709,-0.000820409,-0.1425,-0.14332,0.00565625,32
1/1/2019,Q4_1819,Fair treatment,Kensington and Chelsea,0.88,0.7625,0.764687,-0.00136709,-0.000820409,0.1175,0.11668,0.00565625,32
1/1/2019,Q4_1819,Fair treatment,Kingston upon Thames,0.85,0.7625,0.764687,-0.00136709,-0.000820409,0.0875,0.0866796,0.00565625,32
1/1/2019,Q4_1819,Fair treatment,Lambeth,0.7,0.7625,0.764687,-0.00136709,-0.000820409,-0.0625,-0.0633204,0.00565625,32
1/1/2019,Q4_1819,Fair treatment,Lewisham,0.73,0.7625,0.764687,-0.00136709,-0.000820409,-0.0325,-0.0333204,0.00565625,32
1/1/2019,Q4_1819,Fair treatment,Merton,0.82,0.7625,0.764687,-0.00136709,-0.000820409,0.0575,0.0566796,0.00565625,32
1/1/2019,Q4_1819,Fair treatment,Newham,0.84,0.7625,0.764687,-0.00136709,-0.000820409,0.0775,0.0766796,0.00565625,32
1/1/2019,Q4_1819,Fair treatment,Redbridge,0.81,0.7625,0.764687,-0.00136709,-0.000820409,0.0475,0.0466796,0.00565625,32
1/1/2019,Q4_1819,Fair treatment,Richmond upon Thames,0.77,0.7625,0.764687,-0.00136709,-0.000820409,0.0075,0.00667959,0.00565625,32
1/1/2019,Q4_1819,Fair treatment,Southwark,0.75,0.7625,0.764687,-0.00136709,-0.000820409,-0.0125,-0.0133204,0.00565625,32
1/1/2019,Q4_1819,Fair treatment,Sutton,0.79,0.7625,0.764687,-0.00136709,-0.000820409,0.0275,0.0266796,0.00565625,32
1/1/2019,Q4_1819,Fair treatment,Tower Hamlets,0.73,0.7625,0.764687,-0.00136709,-0.000820409,-0.0325,-0.0333204,0.00565625,32
1/1/2019,Q4_1819,Fair treatment,Waltham Forest,0.72,0.7625,0.764687,-0.00136709,-0.000820409,-0.0425,-0.0433204,0.00565625,32
1/1/2019,Q4_1819,Fair treatment,Wandsworth,0.8,0.7625,0.764687,-0.00136709,-0.000820409,0.0375,0.0366796,0.00565625,32
1/1/2019,Q4_1819,Fair treatment,Westminster,0.87,0.7625,0.764687,-0.00136709,-0.000820409,0.1075,0.10668,0.00565625,32
1/1/2019,Q4_1819,Good job,Barking and Dagenham,0.59,0.613125,0.615391,0.000292591,-0.00255822,-0.023125,-0.0256832,0.00632148,32
1/1/2019,Q4_1819,Good job,Barnet,0.61,0.613125,0.615391,0.000292591,-0.00255822,-0.003125,-0.00568322,0.00632148,32
1/1/2019,Q4_1819,Good job,Bexley,0.67,0.613125,0.615391,0.000292591,-0.00255822,0.056875,0.0543168,0.00632148,32
1/1/2019,Q4_1819,Good job,Brent,0.52,0.613125,0.615391,0.000292591,-0.00255822,-0.093125,-0.0956832,0.00632148,32
1/1/2019,Q4_1819,Good job,Bromley,0.66,0.613125,0.615391,0.000292591,-0.00255822,0.046875,0.0443168,0.00632148,32
1/1/2019,Q4_1819,Good job,Camden,0.59,0.613125,0.615391,0.000292591,-0.00255822,-0.023125,-0.0256832,0.00632148,32
1/1/2019,Q4_1819,Good job,Croydon,0.56,0.613125,0.615391,0.000292591,-0.00255822,-0.053125,-0.0556832,0.00632148,32
1/1/2019,Q4_1819,Good job,Ealing,0.65,0.613125,0.615391,0.000292591,-0.00255822,0.036875,0.0343168,0.00632148,32
1/1/2019,Q4_1819,Good job,Enfield,0.5,0.613125,0.615391,0.000292591,-0.00255822,-0.113125,-0.115683,0.00632148,32
1/1/2019,Q4_1819,Good job,Greenwich,0.67,0.613125,0.615391,0.000292591,-0.00255822,0.056875,0.0543168,0.00632148,32
1/1/2019,Q4_1819,Good job,Hackney,0.5,0.613125,0.615391,0.000292591,-0.00255822,-0.113125,-0.115683,0.00632148,32
1/1/2019,Q4_1819,Good job,Hammersmith and Fulham,0.69,0.613125,0.615391,0.000292591,-0.00255822,0.076875,0.0743168,0.00632148,32
1/1/2019,Q4_1819,Good job,Haringey,0.49,0.613125,0.615391,0.000292591,-0.00255822,-0.123125,-0.125683,0.00632148,32
1/1/2019,Q4_1819,Good job,Harrow,0.6,0.613125,0.615391,0.000292591,-0.00255822,-0.013125,-0.0156832,0.00632148,32
1/1/2019,Q4_1819,Good job,Havering,0.58,0.613125,0.615391,0.000292591,-0.00255822,-0.033125,-0.0356832,0.00632148,32
1/1/2019,Q4_1819,Good job,Hillingdon,0.59,0.613125,0.615391,0.000292591,-0.00255822,-0.023125,-0.0256832,0.00632148,32
1/1/2019,Q4_1819,Good job,Hounslow,0.63,0.613125,0.615391,0.000292591,-0.00255822,0.016875,0.0143168,0.00632148,32
1/1/2019,Q4_1819,Good job,Islington,0.5,0.613125,0.615391,0.000292591,-0.00255822,-0.113125,-0.115683,0.00632148,32
1/1/2019,Q4_1819,Good job,Kensington and Chelsea,0.83,0.613125,0.615391,0.000292591,-0.00255822,0.216875,0.214317,0.00632148,32
1/1/2019,Q4_1819,Good job,Kingston upon Thames,0.73,0.613125,0.615391,0.000292591,-0.00255822,0.116875,0.114317,0.00632148,32
1/1/2019,Q4_1819,Good job,Lambeth,0.61,0.613125,0.615391,0.000292591,-0.00255822,-0.003125,-0.00568322,0.00632148,32
1/1/2019,Q4_1819,Good job,Lewisham,0.62,0.613125,0.615391,0.000292591,-0.00255822,0.006875,0.00431678,0.00632148,32
1/1/2019,Q4_1819,Good job,Merton,0.68,0.613125,0.615391,0.000292591,-0.00255822,0.066875,0.0643168,0.00632148,32
1/1/2019,Q4_1819,Good job,Newham,0.56,0.613125,0.615391,0.000292591,-0.00255822,-0.053125,-0.0556832,0.00632148,32
1/1/2019,Q4_1819,Good job,Redbridge,0.55,0.613125,0.615391,0.000292591,-0.00255822,-0.063125,-0.0656832,0.00632148,32
1/1/2019,Q4_1819,Good job,Richmond upon Thames,0.7,0.613125,0.615391,0.000292591,-0.00255822,0.086875,0.0843168,0.00632148,32
1/1/2019,Q4_1819,Good job,Southwark,0.62,0.613125,0.615391,0.000292591,-0.00255822,0.006875,0.00431678,0.00632148,32
1/1/2019,Q4_1819,Good job,Sutton,0.66,0.613125,0.615391,0.000292591,-0.00255822,0.046875,0.0443168,0.00632148,32
1/1/2019,Q4_1819,Good job,Tower Hamlets,0.53,0.613125,0.615391,0.000292591,-0.00255822,-0.083125,-0.0856832,0.00632148,32
1/1/2019,Q4_1819,Good job,Waltham Forest,0.51,0.613125,0.615391,0.000292591,-0.00255822,-0.103125,-0.105683,0.00632148,32
1/1/2019,Q4_1819,Good job,Wandsworth,0.71,0.613125,0.615391,0.000292591,-0.00255822,0.096875,0.0943168,0.00632148,32
1/1/2019,Q4_1819,Good job,Westminster,0.71,0.613125,0.615391,0.000292591,-0.00255822,0.096875,0.0943168,0.00632148,32
1/1/2019,Q4_1819,Trust MPS,Barking and Dagenham,0.83,0.83875,0.84125,-0.00355419,0.00105419,-0.00875,-0.00769581,0.00149219,32
1/1/2019,Q4_1819,Trust MPS,Barnet,0.89,0.83875,0.84125,-0.00355419,0.00105419,0.05125,0.0523042,0.00149219,32
1/1/2019,Q4_1819,Trust MPS,Bexley,0.84,0.83875,0.84125,-0.00355419,0.00105419,0.00125,0.00230419,0.00149219,32
1/1/2019,Q4_1819,Trust MPS,Brent,0.81,0.83875,0.84125,-0.00355419,0.00105419,-0.02875,-0.0276958,0.00149219,32
1/1/2019,Q4_1819,Trust MPS,Bromley,0.88,0.83875,0.84125,-0.00355419,0.00105419,0.04125,0.0423042,0.00149219,32
1/1/2019,Q4_1819,Trust MPS,Camden,0.84,0.83875,0.84125,-0.00355419,0.00105419,0.00125,0.00230419,0.00149219,32
1/1/2019,Q4_1819,Trust MPS,Croydon,0.8,0.83875,0.84125,-0.00355419,0.00105419,-0.03875,-0.0376958,0.00149219,32
1/1/2019,Q4_1819,Trust MPS,Ealing,0.87,0.83875,0.84125,-0.00355419,0.00105419,0.03125,0.0323042,0.00149219,32
1/1/2019,Q4_1819,Trust MPS,Enfield,0.81,0.83875,0.84125,-0.00355419,0.00105419,-0.02875,-0.0276958,0.00149219,32
1/1/2019,Q4_1819,Trust MPS,Greenwich,0.83,0.83875,0.84125,-0.00355419,0.00105419,-0.00875,-0.00769581,0.00149219,32
1/1/2019,Q4_1819,Trust MPS,Hackney,0.77,0.83875,0.84125,-0.00355419,0.00105419,-0.06875,-0.0676958,0.00149219,32
1/1/2019,Q4_1819,Trust MPS,Hammersmith and Fulham,0.87,0.83875,0.84125,-0.00355419,0.00105419,0.03125,0.0323042,0.00149219,32
1/1/2019,Q4_1819,Trust MPS,Haringey,0.74,0.83875,0.84125,-0.00355419,0.00105419,-0.09875,-0.0976958,0.00149219,32
1/1/2019,Q4_1819,Trust MPS,Harrow,0.84,0.83875,0.84125,-0.00355419,0.00105419,0.00125,0.00230419,0.00149219,32
1/1/2019,Q4_1819,Trust MPS,Havering,0.82,0.83875,0.84125,-0.00355419,0.00105419,-0.01875,-0.0176958,0.00149219,32
1/1/2019,Q4_1819,Trust MPS,Hillingdon,0.81,0.83875,0.84125,-0.00355419,0.00105419,-0.02875,-0.0276958,0.00149219,32
1/1/2019,Q4_1819,Trust MPS,Hounslow,0.87,0.83875,0.84125,-0.00355419,0.00105419,0.03125,0.0323042,0.00149219,32
1/1/2019,Q4_1819,Trust MPS,Islington,0.83,0.83875,0.84125,-0.00355419,0.00105419,-0.00875,-0.00769581,0.00149219,32
1/1/2019,Q4_1819,Trust MPS,Kensington and Chelsea,0.91,0.83875,0.84125,-0.00355419,0.00105419,0.07125,0.0723042,0.00149219,32
1/1/2019,Q4_1819,Trust MPS,Kingston upon Thames,0.86,0.83875,0.84125,-0.00355419,0.00105419,0.02125,0.0223042,0.00149219,32
1/1/2019,Q4_1819,Trust MPS,Lambeth,0.83,0.83875,0.84125,-0.00355419,0.00105419,-0.00875,-0.00769581,0.00149219,32
1/1/2019,Q4_1819,Trust MPS,Lewisham,0.83,0.83875,0.84125,-0.00355419,0.00105419,-0.00875,-0.00769581,0.00149219,32
1/1/2019,Q4_1819,Trust MPS,Merton,0.89,0.83875,0.84125,-0.00355419,0.00105419,0.05125,0.0523042,0.00149219,32
1/1/2019,Q4_1819,Trust MPS,Newham,0.85,0.83875,0.84125,-0.00355419,0.00105419,0.01125,0.0123042,0.00149219,32
1/1/2019,Q4_1819,Trust MPS,Redbridge,0.82,0.83875,0.84125,-0.00355419,0.00105419,-0.01875,-0.0176958,0.00149219,32
1/1/2019,Q4_1819,Trust MPS,Richmond upon Thames,0.91,0.83875,0.84125,-0.00355419,0.00105419,0.07125,0.0723042,0.00149219,32
1/1/2019,Q4_1819,Trust MPS,Southwark,0.8,0.83875,0.84125,-0.00355419,0.00105419,-0.03875,-0.0376958,0.00149219,32
1/1/2019,Q4_1819,Trust MPS,Sutton,0.85,0.83875,0.84125,-0.00355419,0.00105419,0.01125,0.0123042,0.00149219,32
1/1/2019,Q4_1819,Trust MPS,Tower Hamlets,0.81,0.83875,0.84125,-0.00355419,0.00105419,-0.02875,-0.0276958,0.00149219,32
1/1/2019,Q4_1819,Trust MPS,Waltham Forest,0.79,0.83875,0.84125,-0.00355419,0.00105419,-0.04875,-0.0476958,0.00149219,32
1/1/2019,Q4_1819,Trust MPS,Wandsworth,0.85,0.83875,0.84125,-0.00355419,0.00105419,0.01125,0.0123042,0.00149219,32
1/1/2019,Q4_1819,Trust MPS,Westminster,0.89,0.83875,0.84125,-0.00355419,0.00105419,0.05125,0.0523042,0.00149219,32
10/1/2018,Q3_1819,Fair treatment,Barking and Dagenham,0.81,0.764375,0.763867,-2.69E-05,0.000534735,0.045625,0.0461597,0.00523711,32
10/1/2018,Q3_1819,Fair treatment,Barnet,0.78,0.764375,0.763867,-2.69E-05,0.000534735,0.015625,0.0161597,0.00523711,32
10/1/2018,Q3_1819,Fair treatment,Bexley,0.79,0.764375,0.763867,-2.69E-05,0.000534735,0.025625,0.0261597,0.00523711,32
10/1/2018,Q3_1819,Fair treatment,Brent,0.73,0.764375,0.763867,-2.69E-05,0.000534735,-0.034375,-0.0338403,0.00523711,32
10/1/2018,Q3_1819,Fair treatment,Bromley,0.8,0.764375,0.763867,-2.69E-05,0.000534735,0.035625,0.0361597,0.00523711,32
10/1/2018,Q3_1819,Fair treatment,Camden,0.7,0.764375,0.763867,-2.69E-05,0.000534735,-0.064375,-0.0638403,0.00523711,32
10/1/2018,Q3_1819,Fair treatment,Croydon,0.71,0.764375,0.763867,-2.69E-05,0.000534735,-0.054375,-0.0538403,0.00523711,32
10/1/2018,Q3_1819,Fair treatment,Ealing,0.81,0.764375,0.763867,-2.69E-05,0.000534735,0.045625,0.0461597,0.00523711,32
10/1/2018,Q3_1819,Fair treatment,Enfield,0.7,0.764375,0.763867,-2.69E-05,0.000534735,-0.064375,-0.0638403,0.00523711,32
10/1/2018,Q3_1819,Fair treatment,Greenwich,0.75,0.764375,0.763867,-2.69E-05,0.000534735,-0.014375,-0.0138403,0.00523711,32
10/1/2018,Q3_1819,Fair treatment,Hackney,0.54,0.764375,0.763867,-2.69E-05,0.000534735,-0.224375,-0.22384,0.00523711,32
10/1/2018,Q3_1819,Fair treatment,Hammersmith and Fulham,0.74,0.764375,0.763867,-2.69E-05,0.000534735,-0.024375,-0.0238403,0.00523711,32
10/1/2018,Q3_1819,Fair treatment,Haringey,0.61,0.764375,0.763867,-2.69E-05,0.000534735,-0.154375,-0.15384,0.00523711,32
10/1/2018,Q3_1819,Fair treatment,Harrow,0.78,0.764375,0.763867,-2.69E-05,0.000534735,0.015625,0.0161597,0.00523711,32
10/1/2018,Q3_1819,Fair treatment,Havering,0.83,0.764375,0.763867,-2.69E-05,0.000534735,0.065625,0.0661597,0.00523711,32
10/1/2018,Q3_1819,Fair treatment,Hillingdon,0.79,0.764375,0.763867,-2.69E-05,0.000534735,0.025625,0.0261597,0.00523711,32
10/1/2018,Q3_1819,Fair treatment,Hounslow,0.85,0.764375,0.763867,-2.69E-05,0.000534735,0.085625,0.0861597,0.00523711,32
10/1/2018,Q3_1819,Fair treatment,Islington,0.64,0.764375,0.763867,-2.69E-05,0.000534735,-0.124375,-0.12384,0.00523711,32
10/1/2018,Q3_1819,Fair treatment,Kensington and Chelsea,0.89,0.764375,0.763867,-2.69E-05,0.000534735,0.125625,0.12616,0.00523711,32
10/1/2018,Q3_1819,Fair treatment,Kingston upon Thames,0.85,0.764375,0.763867,-2.69E-05,0.000534735,0.085625,0.0861597,0.00523711,32
10/1/2018,Q3_1819,Fair treatment,Lambeth,0.69,0.764375,0.763867,-2.69E-05,0.000534735,-0.074375,-0.0738403,0.00523711,32
10/1/2018,Q3_1819,Fair treatment,Lewisham,0.75,0.764375,0.763867,-2.69E-05,0.000534735,-0.014375,-0.0138403,0.00523711,32
10/1/2018,Q3_1819,Fair treatment,Merton,0.78,0.764375,0.763867,-2.69E-05,0.000534735,0.015625,0.0161597,0.00523711,32
10/1/2018,Q3_1819,Fair treatment,Newham,0.85,0.764375,0.763867,-2.69E-05,0.000534735,0.085625,0.0861597,0.00523711,32
10/1/2018,Q3_1819,Fair treatment,Redbridge,0.82,0.764375,0.763867,-2.69E-05,0.000534735,0.055625,0.0561597,0.00523711,32
10/1/2018,Q3_1819,Fair treatment,Richmond upon Thames,0.79,0.764375,0.763867,-2.69E-05,0.000534735,0.025625,0.0261597,0.00523711,32
10/1/2018,Q3_1819,Fair treatment,Southwark,0.76,0.764375,0.763867,-2.69E-05,0.000534735,-0.004375,-0.00384027,0.00523711,32
10/1/2018,Q3_1819,Fair treatment,Sutton,0.8,0.764375,0.763867,-2.69E-05,0.000534735,0.035625,0.0361597,0.00523711,32
10/1/2018,Q3_1819,Fair treatment,Tower Hamlets,0.77,0.764375,0.763867,-2.69E-05,0.000534735,0.005625,0.00615973,0.00523711,32
10/1/2018,Q3_1819,Fair treatment,Waltham Forest,0.74,0.764375,0.763867,-2.69E-05,0.000534735,-0.024375,-0.0238403,0.00523711,32
10/1/2018,Q3_1819,Fair treatment,Wandsworth,0.79,0.764375,0.763867,-2.69E-05,0.000534735,0.025625,0.0261597,0.00523711,32
10/1/2018,Q3_1819,Fair treatment,Westminster,0.82,0.764375,0.763867,-2.69E-05,0.000534735,0.055625,0.0561597,0.00523711,32
10/1/2018,Q3_1819,Good job,Barking and Dagenham,0.61,0.6325,0.629453,0.000660104,0.00238677,-0.0225,-0.0201132,0.00668125,32
10/1/2018,Q3_1819,Good job,Barnet,0.65,0.6325,0.629453,0.000660104,0.00238677,0.0175,0.0198868,0.00668125,32
10/1/2018,Q3_1819,Good job,Bexley,0.72,0.6325,0.629453,0.000660104,0.00238677,0.0875,0.0898868,0.00668125,32
10/1/2018,Q3_1819,Good job,Brent,0.54,0.6325,0.629453,0.000660104,0.00238677,-0.0925,-0.0901132,0.00668125,32
10/1/2018,Q3_1819,Good job,Bromley,0.68,0.6325,0.629453,0.000660104,0.00238677,0.0475,0.0498868,0.00668125,32
10/1/2018,Q3_1819,Good job,Camden,0.6,0.6325,0.629453,0.000660104,0.00238677,-0.0325,-0.0301132,0.00668125,32
10/1/2018,Q3_1819,Good job,Croydon,0.55,0.6325,0.629453,0.000660104,0.00238677,-0.0825,-0.0801132,0.00668125,32
10/1/2018,Q3_1819,Good job,Ealing,0.67,0.6325,0.629453,0.000660104,0.00238677,0.0375,0.0398868,0.00668125,32
10/1/2018,Q3_1819,Good job,Enfield,0.49,0.6325,0.629453,0.000660104,0.00238677,-0.1425,-0.140113,0.00668125,32
10/1/2018,Q3_1819,Good job,Greenwich,0.68,0.6325,0.629453,0.000660104,0.00238677,0.0475,0.0498868,0.00668125,32
10/1/2018,Q3_1819,Good job,Hackney,0.53,0.6325,0.629453,0.000660104,0.00238677,-0.1025,-0.100113,0.00668125,32
10/1/2018,Q3_1819,Good job,Hammersmith and Fulham,0.69,0.6325,0.629453,0.000660104,0.00238677,0.0575,0.0598868,0.00668125,32
10/1/2018,Q3_1819,Good job,Haringey,0.51,0.6325,0.629453,0.000660104,0.00238677,-0.1225,-0.120113,0.00668125,32
10/1/2018,Q3_1819,Good job,Harrow,0.61,0.6325,0.629453,0.000660104,0.00238677,-0.0225,-0.0201132,0.00668125,32
10/1/2018,Q3_1819,Good job,Havering,0.61,0.6325,0.629453,0.000660104,0.00238677,-0.0225,-0.0201132,0.00668125,32
10/1/2018,Q3_1819,Good job,Hillingdon,0.57,0.6325,0.629453,0.000660104,0.00238677,-0.0625,-0.0601132,0.00668125,32
10/1/2018,Q3_1819,Good job,Hounslow,0.63,0.6325,0.629453,0.000660104,0.00238677,-0.0025,-0.000113229,0.00668125,32
10/1/2018,Q3_1819,Good job,Islington,0.49,0.6325,0.629453,0.000660104,0.00238677,-0.1425,-0.140113,0.00668125,32
10/1/2018,Q3_1819,Good job,Kensington and Chelsea,0.83,0.6325,0.629453,0.000660104,0.00238677,0.1975,0.199887,0.00668125,32
10/1/2018,Q3_1819,Good job,Kingston upon Thames,0.73,0.6325,0.629453,0.000660104,0.00238677,0.0975,0.0998868,0.00668125,32
10/1/2018,Q3_1819,Good job,Lambeth,0.58,0.6325,0.629453,0.000660104,0.00238677,-0.0525,-0.0501132,0.00668125,32
10/1/2018,Q3_1819,Good job,Lewisham,0.67,0.6325,0.629453,0.000660104,0.00238677,0.0375,0.0398868,0.00668125,32
10/1/2018,Q3_1819,Good job,Merton,0.71,0.6325,0.629453,0.000660104,0.00238677,0.0775,0.0798868,0.00668125,32
10/1/2018,Q3_1819,Good job,Newham,0.56,0.6325,0.629453,0.000660104,0.00238677,-0.0725,-0.0701132,0.00668125,32
10/1/2018,Q3_1819,Good job,Redbridge,0.6,0.6325,0.629453,0.000660104,0.00238677,-0.0325,-0.0301132,0.00668125,32
10/1/2018,Q3_1819,Good job,Richmond upon Thames,0.72,0.6325,0.629453,0.000660104,0.00238677,0.0875,0.0898868,0.00668125,32
10/1/2018,Q3_1819,Good job,Southwark,0.68,0.6325,0.629453,0.000660104,0.00238677,0.0475,0.0498868,0.00668125,32
10/1/2018,Q3_1819,Good job,Sutton,0.71,0.6325,0.629453,0.000660104,0.00238677,0.0775,0.0798868,0.00668125,32
10/1/2018,Q3_1819,Good job,Tower Hamlets,0.58,0.6325,0.629453,0.000660104,0.00238677,-0.0525,-0.0501132,0.00668125,32
10/1/2018,Q3_1819,Good job,Waltham Forest,0.57,0.6325,0.629453,0.000660104,0.00238677,-0.0625,-0.0601132,0.00668125,32
10/1/2018,Q3_1819,Good job,Wandsworth,0.74,0.6325,0.629453,0.000660104,0.00238677,0.1075,0.109887,0.00668125,32
10/1/2018,Q3_1819,Good job,Westminster,0.73,0.6325,0.629453,0.000660104,0.00238677,0.0975,0.0998868,0.00668125,32
10/1/2018,Q3_1819,Trust MPS,Barking and Dagenham,0.83,0.847187,0.845469,-0.000922301,0.00264105,-0.0171875,-0.0145464,0.00173896,32
10/1/2018,Q3_1819,Trust MPS,Barnet,0.9,0.847187,0.845469,-0.000922301,0.00264105,0.0528125,0.0554536,0.00173896,32
10/1/2018,Q3_1819,Trust MPS,Bexley,0.87,0.847187,0.845469,-0.000922301,0.00264105,0.0228125,0.0254536,0.00173896,32
10/1/2018,Q3_1819,Trust MPS,Brent,0.82,0.847187,0.845469,-0.000922301,0.00264105,-0.0271875,-0.0245464,0.00173896,32
10/1/2018,Q3_1819,Trust MPS,Bromley,0.88,0.847187,0.845469,-0.000922301,0.00264105,0.0328125,0.0354536,0.00173896,32
10/1/2018,Q3_1819,Trust MPS,Camden,0.85,0.847187,0.845469,-0.000922301,0.00264105,0.0028125,0.00545355,0.00173896,32
10/1/2018,Q3_1819,Trust MPS,Croydon,0.78,0.847187,0.845469,-0.000922301,0.00264105,-0.0671875,-0.0645464,0.00173896,32
10/1/2018,Q3_1819,Trust MPS,Ealing,0.85,0.847187,0.845469,-0.000922301,0.00264105,0.0028125,0.00545355,0.00173896,32
10/1/2018,Q3_1819,Trust MPS,Enfield,0.79,0.847187,0.845469,-0.000922301,0.00264105,-0.0571875,-0.0545464,0.00173896,32
10/1/2018,Q3_1819,Trust MPS,Greenwich,0.84,0.847187,0.845469,-0.000922301,0.00264105,-0.0071875,-0.00454645,0.00173896,32
10/1/2018,Q3_1819,Trust MPS,Hackney,0.79,0.847187,0.845469,-0.000922301,0.00264105,-0.0571875,-0.0545464,0.00173896,32
10/1/2018,Q3_1819,Trust MPS,Hammersmith and Fulham,0.88,0.847187,0.845469,-0.000922301,0.00264105,0.0328125,0.0354536,0.00173896,32
10/1/2018,Q3_1819,Trust MPS,Haringey,0.74,0.847187,0.845469,-0.000922301,0.00264105,-0.107187,-0.104546,0.00173896,32
10/1/2018,Q3_1819,Trust MPS,Harrow,0.83,0.847187,0.845469,-0.000922301,0.00264105,-0.0171875,-0.0145464,0.00173896,32
10/1/2018,Q3_1819,Trust MPS,Havering,0.83,0.847187,0.845469,-0.000922301,0.00264105,-0.0171875,-0.0145464,0.00173896,32
10/1/2018,Q3_1819,Trust MPS,Hillingdon,0.82,0.847187,0.845469,-0.000922301,0.00264105,-0.0271875,-0.0245464,0.00173896,32
10/1/2018,Q3_1819,Trust MPS,Hounslow,0.89,0.847187,0.845469,-0.000922301,0.00264105,0.0428125,0.0454536,0.00173896,32
10/1/2018,Q3_1819,Trust MPS,Islington,0.85,0.847187,0.845469,-0.000922301,0.00264105,0.0028125,0.00545355,0.00173896,32
10/1/2018,Q3_1819,Trust MPS,Kensington and Chelsea,0.92,0.847187,0.845469,-0.000922301,0.00264105,0.0728125,0.0754536,0.00173896,32
10/1/2018,Q3_1819,Trust MPS,Kingston upon Thames,0.89,0.847187,0.845469,-0.000922301,0.00264105,0.0428125,0.0454536,0.00173896,32
10/1/2018,Q3_1819,Trust MPS,Lambeth,0.83,0.847187,0.845469,-0.000922301,0.00264105,-0.0171875,-0.0145464,0.00173896,32
10/1/2018,Q3_1819,Trust MPS,Lewisham,0.81,0.847187,0.845469,-0.000922301,0.00264105,-0.0371875,-0.0345464,0.00173896,32
10/1/2018,Q3_1819,Trust MPS,Merton,0.87,0.847187,0.845469,-0.000922301,0.00264105,0.0228125,0.0254536,0.00173896,32
10/1/2018,Q3_1819,Trust MPS,Newham,0.85,0.847187,0.845469,-0.000922301,0.00264105,0.0028125,0.00545355,0.00173896,32
10/1/2018,Q3_1819,Trust MPS,Redbridge,0.84,0.847187,0.845469,-0.000922301,0.00264105,-0.0071875,-0.00454645,0.00173896,32
10/1/2018,Q3_1819,Trust MPS,Richmond upon Thames,0.91,0.847187,0.845469,-0.000922301,0.00264105,0.0628125,0.0654536,0.00173896,32
10/1/2018,Q3_1819,Trust MPS,Southwark,0.83,0.847187,0.845469,-0.000922301,0.00264105,-0.0171875,-0.0145464,0.00173896,32
10/1/2018,Q3_1819,Trust MPS,Sutton,0.89,0.847187,0.845469,-0.000922301,0.00264105,0.0428125,0.0454536,0.00173896,32
10/1/2018,Q3_1819,Trust MPS,Tower Hamlets,0.86,0.847187,0.845469,-0.000922301,0.00264105,0.0128125,0.0154536,0.00173896,32
10/1/2018,Q3_1819,Trust MPS,Waltham Forest,0.79,0.847187,0.845469,-0.000922301,0.00264105,-0.0571875,-0.0545464,0.00173896,32
10/1/2018,Q3_1819,Trust MPS,Wandsworth,0.87,0.847187,0.845469,-0.000922301,0.00264105,0.0228125,0.0254536,0.00173896,32
10/1/2018,Q3_1819,Trust MPS,Westminster,0.91,0.847187,0.845469,-0.000922301,0.00264105,0.0628125,0.0654536,0.00173896,32
7/1/2018,Q2_1819,Fair treatment,Barking and Dagenham,0.82,0.7625,0.764492,0.00141079,-0.00340297,0.0575,0.054097,0.0048625,32
7/1/2018,Q2_1819,Fair treatment,Barnet,0.79,0.7625,0.764492,0.00141079,-0.00340297,0.0275,0.024097,0.0048625,32
7/1/2018,Q2_1819,Fair treatment,Bexley,0.83,0.7625,0.764492,0.00141079,-0.00340297,0.0675,0.064097,0.0048625,32
7/1/2018,Q2_1819,Fair treatment,Brent,0.74,0.7625,0.764492,0.00141079,-0.00340297,-0.0225,-0.025903,0.0048625,32
7/1/2018,Q2_1819,Fair treatment,Bromley,0.78,0.7625,0.764492,0.00141079,-0.00340297,0.0175,0.014097,0.0048625,32
7/1/2018,Q2_1819,Fair treatment,Camden,0.7,0.7625,0.764492,0.00141079,-0.00340297,-0.0625,-0.065903,0.0048625,32
7/1/2018,Q2_1819,Fair treatment,Croydon,0.69,0.7625,0.764492,0.00141079,-0.00340297,-0.0725,-0.075903,0.0048625,32
7/1/2018,Q2_1819,Fair treatment,Ealing,0.81,0.7625,0.764492,0.00141079,-0.00340297,0.0475,0.044097,0.0048625,32
7/1/2018,Q2_1819,Fair treatment,Enfield,0.68,0.7625,0.764492,0.00141079,-0.00340297,-0.0825,-0.085903,0.0048625,32
7/1/2018,Q2_1819,Fair treatment,Greenwich,0.78,0.7625,0.764492,0.00141079,-0.00340297,0.0175,0.014097,0.0048625,32
7/1/2018,Q2_1819,Fair treatment,Hackney,0.55,0.7625,0.764492,0.00141079,-0.00340297,-0.2125,-0.215903,0.0048625,32
7/1/2018,Q2_1819,Fair treatment,Hammersmith and Fulham,0.77,0.7625,0.764492,0.00141079,-0.00340297,0.0075,0.00409703,0.0048625,32
7/1/2018,Q2_1819,Fair treatment,Haringey,0.6,0.7625,0.764492,0.00141079,-0.00340297,-0.1625,-0.165903,0.0048625,32
7/1/2018,Q2_1819,Fair treatment,Harrow,0.77,0.7625,0.764492,0.00141079,-0.00340297,0.0075,0.00409703,0.0048625,32
7/1/2018,Q2_1819,Fair treatment,Havering,0.83,0.7625,0.764492,0.00141079,-0.00340297,0.0675,0.064097,0.0048625,32
7/1/2018,Q2_1819,Fair treatment,Hillingdon,0.79,0.7625,0.764492,0.00141079,-0.00340297,0.0275,0.024097,0.0048625,32
7/1/2018,Q2_1819,Fair treatment,Hounslow,0.83,0.7625,0.764492,0.00141079,-0.00340297,0.0675,0.064097,0.0048625,32
7/1/2018,Q2_1819,Fair treatment,Islington,0.66,0.7625,0.764492,0.00141079,-0.00340297,-0.1025,-0.105903,0.0048625,32
7/1/2018,Q2_1819,Fair treatment,Kensington and Chelsea,0.86,0.7625,0.764492,0.00141079,-0.00340297,0.0975,0.094097,0.0048625,32
7/1/2018,Q2_1819,Fair treatment,Kingston upon Thames,0.83,0.7625,0.764492,0.00141079,-0.00340297,0.0675,0.064097,0.0048625,32
7/1/2018,Q2_1819,Fair treatment,Lambeth,0.69,0.7625,0.764492,0.00141079,-0.00340297,-0.0725,-0.075903,0.0048625,32
7/1/2018,Q2_1819,Fair treatment,Lewisham,0.72,0.7625,0.764492,0.00141079,-0.00340297,-0.0425,-0.045903,0.0048625,32
7/1/2018,Q2_1819,Fair treatment,Merton,0.79,0.7625,0.764492,0.00141079,-0.00340297,0.0275,0.024097,0.0048625,32
7/1/2018,Q2_1819,Fair treatment,Newham,0.82,0.7625,0.764492,0.00141079,-0.00340297,0.0575,0.054097,0.0048625,32
7/1/2018,Q2_1819,Fair treatment,Redbridge,0.8,0.7625,0.764492,0.00141079,-0.00340297,0.0375,0.034097,0.0048625,32
7/1/2018,Q2_1819,Fair treatment,Richmond upon Thames,0.77,0.7625,0.764492,0.00141079,-0.00340297,0.0075,0.00409703,0.0048625,32
7/1/2018,Q2_1819,Fair treatment,Southwark,0.8,0.7625,0.764492,0.00141079,-0.00340297,0.0375,0.034097,0.0048625,32
7/1/2018,Q2_1819,Fair treatment,Sutton,0.81,0.7625,0.764492,0.00141079,-0.00340297,0.0475,0.044097,0.0048625,32
7/1/2018,Q2_1819,Fair treatment,Tower Hamlets,0.75,0.7625,0.764492,0.00141079,-0.00340297,-0.0125,-0.015903,0.0048625,32
7/1/2018,Q2_1819,Fair treatment,Waltham Forest,0.73,0.7625,0.764492,0.00141079,-0.00340297,-0.0325,-0.035903,0.0048625,32
7/1/2018,Q2_1819,Fair treatment,Wandsworth,0.79,0.7625,0.764492,0.00141079,-0.00340297,0.0275,0.024097,0.0048625,32
7/1/2018,Q2_1819,Fair treatment,Westminster,0.82,0.7625,0.764492,0.00141079,-0.00340297,0.0575,0.054097,0.0048625,32
7/1/2018,Q2_1819,Good job,Barking and Dagenham,0.59,0.644062,0.645039,0.000102487,-0.00107905,-0.0540625,-0.0551415,0.00697412,32
7/1/2018,Q2_1819,Good job,Barnet,0.7,0.644062,0.645039,0.000102487,-0.00107905,0.0559375,0.0548585,0.00697412,32
7/1/2018,Q2_1819,Good job,Bexley,0.75,0.644062,0.645039,0.000102487,-0.00107905,0.105938,0.104858,0.00697412,32
7/1/2018,Q2_1819,Good job,Brent,0.61,0.644062,0.645039,0.000102487,-0.00107905,-0.0340625,-0.0351415,0.00697412,32
7/1/2018,Q2_1819,Good job,Bromley,0.68,0.644062,0.645039,0.000102487,-0.00107905,0.0359375,0.0348585,0.00697412,32
7/1/2018,Q2_1819,Good job,Camden,0.61,0.644062,0.645039,0.000102487,-0.00107905,-0.0340625,-0.0351415,0.00697412,32
7/1/2018,Q2_1819,Good job,Croydon,0.56,0.644062,0.645039,0.000102487,-0.00107905,-0.0840625,-0.0851415,0.00697412,32
7/1/2018,Q2_1819,Good job,Ealing,0.73,0.644062,0.645039,0.000102487,-0.00107905,0.0859375,0.0848585,0.00697412,32
7/1/2018,Q2_1819,Good job,Enfield,0.5,0.644062,0.645039,0.000102487,-0.00107905,-0.144062,-0.145142,0.00697412,32
7/1/2018,Q2_1819,Good job,Greenwich,0.69,0.644062,0.645039,0.000102487,-0.00107905,0.0459375,0.0448585,0.00697412,32
7/1/2018,Q2_1819,Good job,Hackney,0.56,0.644062,0.645039,0.000102487,-0.00107905,-0.0840625,-0.0851415,0.00697412,32
7/1/2018,Q2_1819,Good job,Hammersmith and Fulham,0.72,0.644062,0.645039,0.000102487,-0.00107905,0.0759375,0.0748585,0.00697412,32
7/1/2018,Q2_1819,Good job,Haringey,0.49,0.644062,0.645039,0.000102487,-0.00107905,-0.154062,-0.155142,0.00697412,32
7/1/2018,Q2_1819,Good job,Harrow,0.62,0.644062,0.645039,0.000102487,-0.00107905,-0.0240625,-0.0251415,0.00697412,32
7/1/2018,Q2_1819,Good job,Havering,0.64,0.644062,0.645039,0.000102487,-0.00107905,-0.0040625,-0.00514155,0.00697412,32
7/1/2018,Q2_1819,Good job,Hillingdon,0.6,0.644062,0.645039,0.000102487,-0.00107905,-0.0440625,-0.0451415,0.00697412,32
7/1/2018,Q2_1819,Good job,Hounslow,0.65,0.644062,0.645039,0.000102487,-0.00107905,0.0059375,0.00485845,0.00697412,32
7/1/2018,Q2_1819,Good job,Islington,0.52,0.644062,0.645039,0.000102487,-0.00107905,-0.124062,-0.125142,0.00697412,32
7/1/2018,Q2_1819,Good job,Kensington and Chelsea,0.8,0.644062,0.645039,0.000102487,-0.00107905,0.155938,0.154858,0.00697412,32
7/1/2018,Q2_1819,Good job,Kingston upon Thames,0.74,0.644062,0.645039,0.000102487,-0.00107905,0.0959375,0.0948585,0.00697412,32
7/1/2018,Q2_1819,Good job,Lambeth,0.58,0.644062,0.645039,0.000102487,-0.00107905,-0.0640625,-0.0651415,0.00697412,32
7/1/2018,Q2_1819,Good job,Lewisham,0.65,0.644062,0.645039,0.000102487,-0.00107905,0.0059375,0.00485845,0.00697412,32
7/1/2018,Q2_1819,Good job,Merton,0.72,0.644062,0.645039,0.000102487,-0.00107905,0.0759375,0.0748585,0.00697412,32
7/1/2018,Q2_1819,Good job,Newham,0.61,0.644062,0.645039,0.000102487,-0.00107905,-0.0340625,-0.0351415,0.00697412,32
7/1/2018,Q2_1819,Good job,Redbridge,0.57,0.644062,0.645039,0.000102487,-0.00107905,-0.0740625,-0.0751415,0.00697412,32
7/1/2018,Q2_1819,Good job,Richmond upon Thames,0.77,0.644062,0.645039,0.000102487,-0.00107905,0.125938,0.124858,0.00697412,32
7/1/2018,Q2_1819,Good job,Southwark,0.68,0.644062,0.645039,0.000102487,-0.00107905,0.0359375,0.0348585,0.00697412,32
7/1/2018,Q2_1819,Good job,Sutton,0.72,0.644062,0.645039,0.000102487,-0.00107905,0.0759375,0.0748585,0.00697412,32
7/1/2018,Q2_1819,Good job,Tower Hamlets,0.57,0.644062,0.645039,0.000102487,-0.00107905,-0.0740625,-0.0751415,0.00697412,32
7/1/2018,Q2_1819,Good job,Waltham Forest,0.52,0.644062,0.645039,0.000102487,-0.00107905,-0.124062,-0.125142,0.00697412,32
7/1/2018,Q2_1819,Good job,Wandsworth,0.76,0.644062,0.645039,0.000102487,-0.00107905,0.115938,0.114858,0.00697412,32
7/1/2018,Q2_1819,Good job,Westminster,0.7,0.644062,0.645039,0.000102487,-0.00107905,0.0559375,0.0548585,0.00697412,32
7/1/2018,Q2_1819,Trust MPS,Barking and Dagenham,0.82,0.850625,0.851172,0.00257614,-0.00312301,-0.030625,-0.033748,0.00185586,32
7/1/2018,Q2_1819,Trust MPS,Barnet,0.87,0.850625,0.851172,0.00257614,-0.00312301,0.019375,0.016252,0.00185586,32
7/1/2018,Q2_1819,Trust MPS,Bexley,0.89,0.850625,0.851172,0.00257614,-0.00312301,0.039375,0.036252,0.00185586,32
7/1/2018,Q2_1819,Trust MPS,Brent,0.83,0.850625,0.851172,0.00257614,-0.00312301,-0.020625,-0.023748,0.00185586,32
7/1/2018,Q2_1819,Trust MPS,Bromley,0.88,0.850625,0.851172,0.00257614,-0.00312301,0.029375,0.026252,0.00185586,32
7/1/2018,Q2_1819,Trust MPS,Camden,0.87,0.850625,0.851172,0.00257614,-0.00312301,0.019375,0.016252,0.00185586,32
7/1/2018,Q2_1819,Trust MPS,Croydon,0.79,0.850625,0.851172,0.00257614,-0.00312301,-0.060625,-0.063748,0.00185586,32
7/1/2018,Q2_1819,Trust MPS,Ealing,0.87,0.850625,0.851172,0.00257614,-0.00312301,0.019375,0.016252,0.00185586,32
7/1/2018,Q2_1819,Trust MPS,Enfield,0.79,0.850625,0.851172,0.00257614,-0.00312301,-0.060625,-0.063748,0.00185586,32
7/1/2018,Q2_1819,Trust MPS,Greenwich,0.87,0.850625,0.851172,0.00257614,-0.00312301,0.019375,0.016252,0.00185586,32
7/1/2018,Q2_1819,Trust MPS,Hackney,0.83,0.850625,0.851172,0.00257614,-0.00312301,-0.020625,-0.023748,0.00185586,32
7/1/2018,Q2_1819,Trust MPS,Hammersmith and Fulham,0.89,0.850625,0.851172,0.00257614,-0.00312301,0.039375,0.036252,0.00185586,32
7/1/2018,Q2_1819,Trust MPS,Haringey,0.74,0.850625,0.851172,0.00257614,-0.00312301,-0.110625,-0.113748,0.00185586,32
7/1/2018,Q2_1819,Trust MPS,Harrow,0.81,0.850625,0.851172,0.00257614,-0.00312301,-0.040625,-0.043748,0.00185586,32
7/1/2018,Q2_1819,Trust MPS,Havering,0.86,0.850625,0.851172,0.00257614,-0.00312301,0.009375,0.00625199,0.00185586,32
7/1/2018,Q2_1819,Trust MPS,Hillingdon,0.84,0.850625,0.851172,0.00257614,-0.00312301,-0.010625,-0.013748,0.00185586,32
7/1/2018,Q2_1819,Trust MPS,Hounslow,0.87,0.850625,0.851172,0.00257614,-0.00312301,0.019375,0.016252,0.00185586,32
7/1/2018,Q2_1819,Trust MPS,Islington,0.85,0.850625,0.851172,0.00257614,-0.00312301,-0.000625,-0.00374801,0.00185586,32
7/1/2018,Q2_1819,Trust MPS,Kensington and Chelsea,0.91,0.850625,0.851172,0.00257614,-0.00312301,0.059375,0.056252,0.00185586,32
7/1/2018,Q2_1819,Trust MPS,Kingston upon Thames,0.88,0.850625,0.851172,0.00257614,-0.00312301,0.029375,0.026252,0.00185586,32
7/1/2018,Q2_1819,Trust MPS,Lambeth,0.84,0.850625,0.851172,0.00257614,-0.00312301,-0.010625,-0.013748,0.00185586,32
7/1/2018,Q2_1819,Trust MPS,Lewisham,0.81,0.850625,0.851172,0.00257614,-0.00312301,-0.040625,-0.043748,0.00185586,32
7/1/2018,Q2_1819,Trust MPS,Merton,0.89,0.850625,0.851172,0.00257614,-0.00312301,0.039375,0.036252,0.00185586,32
7/1/2018,Q2_1819,Trust MPS,Newham,0.84,0.850625,0.851172,0.00257614,-0.00312301,-0.010625,-0.013748,0.00185586,32
7/1/2018,Q2_1819,Trust MPS,Redbridge,0.82,0.850625,0.851172,0.00257614,-0.00312301,-0.030625,-0.033748,0.00185586,32
7/1/2018,Q2_1819,Trust MPS,Richmond upon Thames,0.91,0.850625,0.851172,0.00257614,-0.00312301,0.059375,0.056252,0.00185586,32
7/1/2018,Q2_1819,Trust MPS,Southwark,0.85,0.850625,0.851172,0.00257614,-0.00312301,-0.000625,-0.00374801,0.00185586,32
7/1/2018,Q2_1819,Trust MPS,Sutton,0.91,0.850625,0.851172,0.00257614,-0.00312301,0.059375,0.056252,0.00185586,32
7/1/2018,Q2_1819,Trust MPS,Tower Hamlets,0.85,0.850625,0.851172,0.00257614,-0.00312301,-0.000625,-0.00374801,0.00185586,32
7/1/2018,Q2_1819,Trust MPS,Waltham Forest,0.75,0.850625,0.851172,0.00257614,-0.00312301,-0.100625,-0.103748,0.00185586,32
7/1/2018,Q2_1819,Trust MPS,Wandsworth,0.88,0.850625,0.851172,0.00257614,-0.00312301,0.029375,0.026252,0.00185586,32
7/1/2018,Q2_1819,Trust MPS,Westminster,0.91,0.850625,0.851172,0.00257614,-0.00312301,0.059375,0.056252,0.00185586,32
4/1/2018,Q1_1819,Fair treatment,Barking and Dagenham,0.84,0.767813,0.765273,-1.68E-05,0.00255583,0.0721875,0.0747433,0.00537959,32
4/1/2018,Q1_1819,Fair treatment,Barnet,0.78,0.767813,0.765273,-1.68E-05,0.00255583,0.0121875,0.0147433,0.00537959,32
4/1/2018,Q1_1819,Fair treatment,Bexley,0.84,0.767813,0.765273,-1.68E-05,0.00255583,0.0721875,0.0747433,0.00537959,32
4/1/2018,Q1_1819,Fair treatment,Brent,0.75,0.767813,0.765273,-1.68E-05,0.00255583,-0.0178125,-0.0152567,0.00537959,32
4/1/2018,Q1_1819,Fair treatment,Bromley,0.74,0.767813,0.765273,-1.68E-05,0.00255583,-0.0278125,-0.0252567,0.00537959,32
4/1/2018,Q1_1819,Fair treatment,Camden,0.69,0.767813,0.765273,-1.68E-05,0.00255583,-0.0778125,-0.0752567,0.00537959,32
4/1/2018,Q1_1819,Fair treatment,Croydon,0.69,0.767813,0.765273,-1.68E-05,0.00255583,-0.0778125,-0.0752567,0.00537959,32
4/1/2018,Q1_1819,Fair treatment,Ealing,0.82,0.767813,0.765273,-1.68E-05,0.00255583,0.0521875,0.0547433,0.00537959,32
4/1/2018,Q1_1819,Fair treatment,Enfield,0.69,0.767813,0.765273,-1.68E-05,0.00255583,-0.0778125,-0.0752567,0.00537959,32
4/1/2018,Q1_1819,Fair treatment,Greenwich,0.81,0.767813,0.765273,-1.68E-05,0.00255583,0.0421875,0.0447433,0.00537959,32
4/1/2018,Q1_1819,Fair treatment,Hackney,0.54,0.767813,0.765273,-1.68E-05,0.00255583,-0.227812,-0.225257,0.00537959,32
4/1/2018,Q1_1819,Fair treatment,Hammersmith and Fulham,0.8,0.767813,0.765273,-1.68E-05,0.00255583,0.0321875,0.0347433,0.00537959,32
4/1/2018,Q1_1819,Fair treatment,Haringey,0.59,0.767813,0.765273,-1.68E-05,0.00255583,-0.177813,-0.175257,0.00537959,32
4/1/2018,Q1_1819,Fair treatment,Harrow,0.76,0.767813,0.765273,-1.68E-05,0.00255583,-0.0078125,-0.00525667,0.00537959,32
4/1/2018,Q1_1819,Fair treatment,Havering,0.86,0.767813,0.765273,-1.68E-05,0.00255583,0.0921875,0.0947433,0.00537959,32
4/1/2018,Q1_1819,Fair treatment,Hillingdon,0.79,0.767813,0.765273,-1.68E-05,0.00255583,0.0221875,0.0247433,0.00537959,32
4/1/2018,Q1_1819,Fair treatment,Hounslow,0.85,0.767813,0.765273,-1.68E-05,0.00255583,0.0821875,0.0847433,0.00537959,32
4/1/2018,Q1_1819,Fair treatment,Islington,0.69,0.767813,0.765273,-1.68E-05,0.00255583,-0.0778125,-0.0752567,0.00537959,32
4/1/2018,Q1_1819,Fair treatment,Kensington and Chelsea,0.85,0.767813,0.765273,-1.68E-05,0.00255583,0.0821875,0.0847433,0.00537959,32
4/1/2018,Q1_1819,Fair treatment,Kingston upon Thames,0.8,0.767813,0.765273,-1.68E-05,0.00255583,0.0321875,0.0347433,0.00537959,32
4/1/2018,Q1_1819,Fair treatment,Lambeth,0.71,0.767813,0.765273,-1.68E-05,0.00255583,-0.0578125,-0.0552567,0.00537959,32
4/1/2018,Q1_1819,Fair treatment,Lewisham,0.72,0.767813,0.765273,-1.68E-05,0.00255583,-0.0478125,-0.0452567,0.00537959,32
4/1/2018,Q1_1819,Fair treatment,Merton,0.77,0.767813,0.765273,-1.68E-05,0.00255583,0.0021875,0.00474333,0.00537959,32
4/1/2018,Q1_1819,Fair treatment,Newham,0.84,0.767813,0.765273,-1.68E-05,0.00255583,0.0721875,0.0747433,0.00537959,32
4/1/2018,Q1_1819,Fair treatment,Redbridge,0.79,0.767813,0.765273,-1.68E-05,0.00255583,0.0221875,0.0247433,0.00537959,32
4/1/2018,Q1_1819,Fair treatment,Richmond upon Thames,0.79,0.767813,0.765273,-1.68E-05,0.00255583,0.0221875,0.0247433,0.00537959,32
4/1/2018,Q1_1819,Fair treatment,Southwark,0.78,0.767813,0.765273,-1.68E-05,0.00255583,0.0121875,0.0147433,0.00537959,32
4/1/2018,Q1_1819,Fair treatment,Sutton,0.81,0.767813,0.765273,-1.68E-05,0.00255583,0.0421875,0.0447433,0.00537959,32
4/1/2018,Q1_1819,Fair treatment,Tower Hamlets,0.77,0.767813,0.765273,-1.68E-05,0.00255583,0.0021875,0.00474333,0.00537959,32
4/1/2018,Q1_1819,Fair treatment,Waltham Forest,0.74,0.767813,0.765273,-1.68E-05,0.00255583,-0.0278125,-0.0252567,0.00537959,32
4/1/2018,Q1_1819,Fair treatment,Wandsworth,0.83,0.767813,0.765273,-1.68E-05,0.00255583,0.0621875,0.0647433,0.00537959,32
4/1/2018,Q1_1819,Fair treatment,Westminster,0.84,0.767813,0.765273,-1.68E-05,0.00255583,0.0721875,0.0747433,0.00537959,32
4/1/2018,Q1_1819,Good job,Barking and Dagenham,0.59,0.659375,0.65918,-0.00105518,0.0012505,-0.069375,-0.0681245,0.00664336,32
4/1/2018,Q1_1819,Good job,Barnet,0.68,0.659375,0.65918,-0.00105518,0.0012505,0.020625,0.0218755,0.00664336,32
4/1/2018,Q1_1819,Good job,Bexley,0.77,0.659375,0.65918,-0.00105518,0.0012505,0.110625,0.111875,0.00664336,32
4/1/2018,Q1_1819,Good job,Brent,0.63,0.659375,0.65918,-0.00105518,0.0012505,-0.029375,-0.0281245,0.00664336,32
4/1/2018,Q1_1819,Good job,Bromley,0.71,0.659375,0.65918,-0.00105518,0.0012505,0.050625,0.0518755,0.00664336,32
4/1/2018,Q1_1819,Good job,Camden,0.6,0.659375,0.65918,-0.00105518,0.0012505,-0.059375,-0.0581245,0.00664336,32
4/1/2018,Q1_1819,Good job,Croydon,0.57,0.659375,0.65918,-0.00105518,0.0012505,-0.089375,-0.0881245,0.00664336,32
4/1/2018,Q1_1819,Good job,Ealing,0.75,0.659375,0.65918,-0.00105518,0.0012505,0.090625,0.0918755,0.00664336,32
4/1/2018,Q1_1819,Good job,Enfield,0.53,0.659375,0.65918,-0.00105518,0.0012505,-0.129375,-0.128125,0.00664336,32
4/1/2018,Q1_1819,Good job,Greenwich,0.69,0.659375,0.65918,-0.00105518,0.0012505,0.030625,0.0318755,0.00664336,32
4/1/2018,Q1_1819,Good job,Hackney,0.54,0.659375,0.65918,-0.00105518,0.0012505,-0.119375,-0.118125,0.00664336,32
4/1/2018,Q1_1819,Good job,Hammersmith and Fulham,0.72,0.659375,0.65918,-0.00105518,0.0012505,0.060625,0.0618755,0.00664336,32
4/1/2018,Q1_1819,Good job,Haringey,0.52,0.659375,0.65918,-0.00105518,0.0012505,-0.139375,-0.138125,0.00664336,32
4/1/2018,Q1_1819,Good job,Harrow,0.61,0.659375,0.65918,-0.00105518,0.0012505,-0.049375,-0.0481245,0.00664336,32
4/1/2018,Q1_1819,Good job,Havering,0.66,0.659375,0.65918,-0.00105518,0.0012505,0.000625,0.0018755,0.00664336,32
4/1/2018,Q1_1819,Good job,Hillingdon,0.63,0.659375,0.65918,-0.00105518,0.0012505,-0.029375,-0.0281245,0.00664336,32
4/1/2018,Q1_1819,Good job,Hounslow,0.66,0.659375,0.65918,-0.00105518,0.0012505,0.000625,0.0018755,0.00664336,32
4/1/2018,Q1_1819,Good job,Islington,0.54,0.659375,0.65918,-0.00105518,0.0012505,-0.119375,-0.118125,0.00664336,32
4/1/2018,Q1_1819,Good job,Kensington and Chelsea,0.81,0.659375,0.65918,-0.00105518,0.0012505,0.150625,0.151875,0.00664336,32
4/1/2018,Q1_1819,Good job,Kingston upon Thames,0.75,0.659375,0.65918,-0.00105518,0.0012505,0.090625,0.0918755,0.00664336,32
4/1/2018,Q1_1819,Good job,Lambeth,0.6,0.659375,0.65918,-0.00105518,0.0012505,-0.059375,-0.0581245,0.00664336,32
4/1/2018,Q1_1819,Good job,Lewisham,0.65,0.659375,0.65918,-0.00105518,0.0012505,-0.009375,-0.0081245,0.00664336,32
4/1/2018,Q1_1819,Good job,Merton,0.75,0.659375,0.65918,-0.00105518,0.0012505,0.090625,0.0918755,0.00664336,32
4/1/2018,Q1_1819,Good job,Newham,0.66,0.659375,0.65918,-0.00105518,0.0012505,0.000625,0.0018755,0.00664336,32
4/1/2018,Q1_1819,Good job,Redbridge,0.62,0.659375,0.65918,-0.00105518,0.0012505,-0.039375,-0.0381245,0.00664336,32
4/1/2018,Q1_1819,Good job,Richmond upon Thames,0.75,0.659375,0.65918,-0.00105518,0.0012505,0.090625,0.0918755,0.00664336,32
4/1/2018,Q1_1819,Good job,Southwark,0.73,0.659375,0.65918,-0.00105518,0.0012505,0.070625,0.0718755,0.00664336,32
4/1/2018,Q1_1819,Good job,Sutton,0.77,0.659375,0.65918,-0.00105518,0.0012505,0.110625,0.111875,0.00664336,32
4/1/2018,Q1_1819,Good job,Tower Hamlets,0.6,0.659375,0.65918,-0.00105518,0.0012505,-0.059375,-0.0581245,0.00664336,32
4/1/2018,Q1_1819,Good job,Waltham Forest,0.54,0.659375,0.65918,-0.00105518,0.0012505,-0.119375,-0.118125,0.00664336,32
4/1/2018,Q1_1819,Good job,Wandsworth,0.75,0.659375,0.65918,-0.00105518,0.0012505,0.090625,0.0918755,0.00664336,32
4/1/2018,Q1_1819,Good job,Westminster,0.72,0.659375,0.65918,-0.00105518,0.0012505,0.060625,0.0618755,0.00664336,32
4/1/2018,Q1_1819,Trust MPS,Barking and Dagenham,0.84,0.856875,0.85668,0.00190036,-0.00170504,-0.016875,-0.01858,0.00172773,32
4/1/2018,Q1_1819,Trust MPS,Barnet,0.85,0.856875,0.85668,0.00190036,-0.00170504,-0.006875,-0.00858004,0.00172773,32
4/1/2018,Q1_1819,Trust MPS,Bexley,0.89,0.856875,0.85668,0.00190036,-0.00170504,0.033125,0.03142,0.00172773,32
4/1/2018,Q1_1819,Trust MPS,Brent,0.8,0.856875,0.85668,0.00190036,-0.00170504,-0.056875,-0.05858,0.00172773,32
4/1/2018,Q1_1819,Trust MPS,Bromley,0.86,0.856875,0.85668,0.00190036,-0.00170504,0.003125,0.00141996,0.00172773,32
4/1/2018,Q1_1819,Trust MPS,Camden,0.89,0.856875,0.85668,0.00190036,-0.00170504,0.033125,0.03142,0.00172773,32
4/1/2018,Q1_1819,Trust MPS,Croydon,0.81,0.856875,0.85668,0.00190036,-0.00170504,-0.046875,-0.04858,0.00172773,32
4/1/2018,Q1_1819,Trust MPS,Ealing,0.85,0.856875,0.85668,0.00190036,-0.00170504,-0.006875,-0.00858004,0.00172773,32
4/1/2018,Q1_1819,Trust MPS,Enfield,0.82,0.856875,0.85668,0.00190036,-0.00170504,-0.036875,-0.03858,0.00172773,32
4/1/2018,Q1_1819,Trust MPS,Greenwich,0.87,0.856875,0.85668,0.00190036,-0.00170504,0.013125,0.01142,0.00172773,32
4/1/2018,Q1_1819,Trust MPS,Hackney,0.82,0.856875,0.85668,0.00190036,-0.00170504,-0.036875,-0.03858,0.00172773,32
4/1/2018,Q1_1819,Trust MPS,Hammersmith and Fulham,0.89,0.856875,0.85668,0.00190036,-0.00170504,0.033125,0.03142,0.00172773,32
4/1/2018,Q1_1819,Trust MPS,Haringey,0.75,0.856875,0.85668,0.00190036,-0.00170504,-0.106875,-0.10858,0.00172773,32
4/1/2018,Q1_1819,Trust MPS,Harrow,0.82,0.856875,0.85668,0.00190036,-0.00170504,-0.036875,-0.03858,0.00172773,32
4/1/2018,Q1_1819,Trust MPS,Havering,0.87,0.856875,0.85668,0.00190036,-0.00170504,0.013125,0.01142,0.00172773,32
4/1/2018,Q1_1819,Trust MPS,Hillingdon,0.85,0.856875,0.85668,0.00190036,-0.00170504,-0.006875,-0.00858004,0.00172773,32
4/1/2018,Q1_1819,Trust MPS,Hounslow,0.85,0.856875,0.85668,0.00190036,-0.00170504,-0.006875,-0.00858004,0.00172773,32
4/1/2018,Q1_1819,Trust MPS,Islington,0.86,0.856875,0.85668,0.00190036,-0.00170504,0.003125,0.00141996,0.00172773,32
4/1/2018,Q1_1819,Trust MPS,Kensington and Chelsea,0.92,0.856875,0.85668,0.00190036,-0.00170504,0.063125,0.06142,0.00172773,32
4/1/2018,Q1_1819,Trust MPS,Kingston upon Thames,0.88,0.856875,0.85668,0.00190036,-0.00170504,0.023125,0.02142,0.00172773,32
4/1/2018,Q1_1819,Trust MPS,Lambeth,0.86,0.856875,0.85668,0.00190036,-0.00170504,0.003125,0.00141996,0.00172773,32
4/1/2018,Q1_1819,Trust MPS,Lewisham,0.83,0.856875,0.85668,0.00190036,-0.00170504,-0.026875,-0.02858,0.00172773,32
4/1/2018,Q1_1819,Trust MPS,Merton,0.89,0.856875,0.85668,0.00190036,-0.00170504,0.033125,0.03142,0.00172773,32
4/1/2018,Q1_1819,Trust MPS,Newham,0.86,0.856875,0.85668,0.00190036,-0.00170504,0.003125,0.00141996,0.00172773,32
4/1/2018,Q1_1819,Trust MPS,Redbridge,0.85,0.856875,0.85668,0.00190036,-0.00170504,-0.006875,-0.00858004,0.00172773,32
4/1/2018,Q1_1819,Trust MPS,Richmond upon Thames,0.93,0.856875,0.85668,0.00190036,-0.00170504,0.073125,0.07142,0.00172773,32
4/1/2018,Q1_1819,Trust MPS,Southwark,0.86,0.856875,0.85668,0.00190036,-0.00170504,0.003125,0.00141996,0.00172773,32
4/1/2018,Q1_1819,Trust MPS,Sutton,0.92,0.856875,0.85668,0.00190036,-0.00170504,0.063125,0.06142,0.00172773,32
4/1/2018,Q1_1819,Trust MPS,Tower Hamlets,0.86,0.856875,0.85668,0.00190036,-0.00170504,0.003125,0.00141996,0.00172773,32
4/1/2018,Q1_1819,Trust MPS,Waltham Forest,0.76,0.856875,0.85668,0.00190036,-0.00170504,-0.096875,-0.09858,0.00172773,32
4/1/2018,Q1_1819,Trust MPS,Wandsworth,0.89,0.856875,0.85668,0.00190036,-0.00170504,0.033125,0.03142,0.00172773,32
4/1/2018,Q1_1819,Trust MPS,Westminster,0.92,0.856875,0.85668,0.00190036,-0.00170504,0.063125,0.06142,0.00172773,32
1/1/2018,Q4_1718,Fair treatment,Barking and Dagenham,0.84,0.764062,0.768047,-0.00136709,-0.00261728,0.0759375,0.0733202,0.00543662,32
1/1/2018,Q4_1718,Fair treatment,Barnet,0.79,0.764062,0.768047,-0.00136709,-0.00261728,0.0259375,0.0233202,0.00543662,32
1/1/2018,Q4_1718,Fair treatment,Bexley,0.85,0.764062,0.768047,-0.00136709,-0.00261728,0.0859375,0.0833202,0.00543662,32
1/1/2018,Q4_1718,Fair treatment,Brent,0.72,0.764062,0.768047,-0.00136709,-0.00261728,-0.0440625,-0.0466798,0.00543662,32
1/1/2018,Q4_1718,Fair treatment,Bromley,0.77,0.764062,0.768047,-0.00136709,-0.00261728,0.0059375,0.00332022,0.00543662,32
1/1/2018,Q4_1718,Fair treatment,Camden,0.69,0.764062,0.768047,-0.00136709,-0.00261728,-0.0740625,-0.0766798,0.00543662,32
1/1/2018,Q4_1718,Fair treatment,Croydon,0.69,0.764062,0.768047,-0.00136709,-0.00261728,-0.0740625,-0.0766798,0.00543662,32
1/1/2018,Q4_1718,Fair treatment,Ealing,0.77,0.764062,0.768047,-0.00136709,-0.00261728,0.0059375,0.00332022,0.00543662,32
1/1/2018,Q4_1718,Fair treatment,Enfield,0.67,0.764062,0.768047,-0.00136709,-0.00261728,-0.0940625,-0.0966798,0.00543662,32
1/1/2018,Q4_1718,Fair treatment,Greenwich,0.78,0.764062,0.768047,-0.00136709,-0.00261728,0.0159375,0.0133202,0.00543662,32
1/1/2018,Q4_1718,Fair treatment,Hackney,0.54,0.764062,0.768047,-0.00136709,-0.00261728,-0.224062,-0.22668,0.00543662,32
1/1/2018,Q4_1718,Fair treatment,Hammersmith and Fulham,0.83,0.764062,0.768047,-0.00136709,-0.00261728,0.0659375,0.0633202,0.00543662,32
1/1/2018,Q4_1718,Fair treatment,Haringey,0.59,0.764062,0.768047,-0.00136709,-0.00261728,-0.174063,-0.17668,0.00543662,32
1/1/2018,Q4_1718,Fair treatment,Harrow,0.78,0.764062,0.768047,-0.00136709,-0.00261728,0.0159375,0.0133202,0.00543662,32
1/1/2018,Q4_1718,Fair treatment,Havering,0.84,0.764062,0.768047,-0.00136709,-0.00261728,0.0759375,0.0733202,0.00543662,32
1/1/2018,Q4_1718,Fair treatment,Hillingdon,0.76,0.764062,0.768047,-0.00136709,-0.00261728,-0.0040625,-0.00667978,0.00543662,32
1/1/2018,Q4_1718,Fair treatment,Hounslow,0.81,0.764062,0.768047,-0.00136709,-0.00261728,0.0459375,0.0433202,0.00543662,32
1/1/2018,Q4_1718,Fair treatment,Islington,0.67,0.764062,0.768047,-0.00136709,-0.00261728,-0.0940625,-0.0966798,0.00543662,32
1/1/2018,Q4_1718,Fair treatment,Kensington and Chelsea,0.84,0.764062,0.768047,-0.00136709,-0.00261728,0.0759375,0.0733202,0.00543662,32
1/1/2018,Q4_1718,Fair treatment,Kingston upon Thames,0.78,0.764062,0.768047,-0.00136709,-0.00261728,0.0159375,0.0133202,0.00543662,32
1/1/2018,Q4_1718,Fair treatment,Lambeth,0.73,0.764062,0.768047,-0.00136709,-0.00261728,-0.0340625,-0.0366798,0.00543662,32
1/1/2018,Q4_1718,Fair treatment,Lewisham,0.7,0.764062,0.768047,-0.00136709,-0.00261728,-0.0640625,-0.0666798,0.00543662,32
1/1/2018,Q4_1718,Fair treatment,Merton,0.78,0.764062,0.768047,-0.00136709,-0.00261728,0.0159375,0.0133202,0.00543662,32
1/1/2018,Q4_1718,Fair treatment,Newham,0.84,0.764062,0.768047,-0.00136709,-0.00261728,0.0759375,0.0733202,0.00543662,32
1/1/2018,Q4_1718,Fair treatment,Redbridge,0.82,0.764062,0.768047,-0.00136709,-0.00261728,0.0559375,0.0533202,0.00543662,32
1/1/2018,Q4_1718,Fair treatment,Richmond upon Thames,0.82,0.764062,0.768047,-0.00136709,-0.00261728,0.0559375,0.0533202,0.00543662,32
1/1/2018,Q4_1718,Fair treatment,Southwark,0.77,0.764062,0.768047,-0.00136709,-0.00261728,0.0059375,0.00332022,0.00543662,32
1/1/2018,Q4_1718,Fair treatment,Sutton,0.79,0.764062,0.768047,-0.00136709,-0.00261728,0.0259375,0.0233202,0.00543662,32
1/1/2018,Q4_1718,Fair treatment,Tower Hamlets,0.79,0.764062,0.768047,-0.00136709,-0.00261728,0.0259375,0.0233202,0.00543662,32
1/1/2018,Q4_1718,Fair treatment,Waltham Forest,0.73,0.764062,0.768047,-0.00136709,-0.00261728,-0.0340625,-0.0366798,0.00543662,32
1/1/2018,Q4_1718,Fair treatment,Wandsworth,0.83,0.764062,0.768047,-0.00136709,-0.00261728,0.0659375,0.0633202,0.00543662,32
1/1/2018,Q4_1718,Fair treatment,Westminster,0.84,0.764062,0.768047,-0.00136709,-0.00261728,0.0759375,0.0733202,0.00543662,32
1/1/2018,Q4_1718,Good job,Barking and Dagenham,0.59,0.675313,0.670859,0.000292591,0.00416053,-0.0853125,-0.081152,0.00603115,32
1/1/2018,Q4_1718,Good job,Barnet,0.68,0.675313,0.670859,0.000292591,0.00416053,0.0046875,0.00884803,0.00603115,32
1/1/2018,Q4_1718,Good job,Bexley,0.71,0.675313,0.670859,0.000292591,0.00416053,0.0346875,0.038848,0.00603115,32
1/1/2018,Q4_1718,Good job,Brent,0.68,0.675313,0.670859,0.000292591,0.00416053,0.0046875,0.00884803,0.00603115,32
1/1/2018,Q4_1718,Good job,Bromley,0.72,0.675313,0.670859,0.000292591,0.00416053,0.0446875,0.048848,0.00603115,32
1/1/2018,Q4_1718,Good job,Camden,0.57,0.675313,0.670859,0.000292591,0.00416053,-0.105313,-0.101152,0.00603115,32
1/1/2018,Q4_1718,Good job,Croydon,0.59,0.675313,0.670859,0.000292591,0.00416053,-0.0853125,-0.081152,0.00603115,32
1/1/2018,Q4_1718,Good job,Ealing,0.74,0.675313,0.670859,0.000292591,0.00416053,0.0646875,0.068848,0.00603115,32
1/1/2018,Q4_1718,Good job,Enfield,0.55,0.675313,0.670859,0.000292591,0.00416053,-0.125313,-0.121152,0.00603115,32
1/1/2018,Q4_1718,Good job,Greenwich,0.66,0.675313,0.670859,0.000292591,0.00416053,-0.0153125,-0.011152,0.00603115,32
1/1/2018,Q4_1718,Good job,Hackney,0.55,0.675313,0.670859,0.000292591,0.00416053,-0.125313,-0.121152,0.00603115,32
1/1/2018,Q4_1718,Good job,Hammersmith and Fulham,0.75,0.675313,0.670859,0.000292591,0.00416053,0.0746875,0.078848,0.00603115,32
1/1/2018,Q4_1718,Good job,Haringey,0.55,0.675313,0.670859,0.000292591,0.00416053,-0.125313,-0.121152,0.00603115,32
1/1/2018,Q4_1718,Good job,Harrow,0.62,0.675313,0.670859,0.000292591,0.00416053,-0.0553125,-0.051152,0.00603115,32
1/1/2018,Q4_1718,Good job,Havering,0.7,0.675313,0.670859,0.000292591,0.00416053,0.0246875,0.028848,0.00603115,32
1/1/2018,Q4_1718,Good job,Hillingdon,0.64,0.675313,0.670859,0.000292591,0.00416053,-0.0353125,-0.031152,0.00603115,32
1/1/2018,Q4_1718,Good job,Hounslow,0.72,0.675313,0.670859,0.000292591,0.00416053,0.0446875,0.048848,0.00603115,32
1/1/2018,Q4_1718,Good job,Islington,0.57,0.675313,0.670859,0.000292591,0.00416053,-0.105313,-0.101152,0.00603115,32
1/1/2018,Q4_1718,Good job,Kensington and Chelsea,0.81,0.675313,0.670859,0.000292591,0.00416053,0.134687,0.138848,0.00603115,32
1/1/2018,Q4_1718,Good job,Kingston upon Thames,0.76,0.675313,0.670859,0.000292591,0.00416053,0.0846875,0.088848,0.00603115,32
1/1/2018,Q4_1718,Good job,Lambeth,0.64,0.675313,0.670859,0.000292591,0.00416053,-0.0353125,-0.031152,0.00603115,32
1/1/2018,Q4_1718,Good job,Lewisham,0.68,0.675313,0.670859,0.000292591,0.00416053,0.0046875,0.00884803,0.00603115,32
1/1/2018,Q4_1718,Good job,Merton,0.79,0.675313,0.670859,0.000292591,0.00416053,0.114687,0.118848,0.00603115,32
1/1/2018,Q4_1718,Good job,Newham,0.68,0.675313,0.670859,0.000292591,0.00416053,0.0046875,0.00884803,0.00603115,32
1/1/2018,Q4_1718,Good job,Redbridge,0.67,0.675313,0.670859,0.000292591,0.00416053,-0.0053125,-0.00115197,0.00603115,32
1/1/2018,Q4_1718,Good job,Richmond upon Thames,0.79,0.675313,0.670859,0.000292591,0.00416053,0.114687,0.118848,0.00603115,32
1/1/2018,Q4_1718,Good job,Southwark,0.75,0.675313,0.670859,0.000292591,0.00416053,0.0746875,0.078848,0.00603115,32
1/1/2018,Q4_1718,Good job,Sutton,0.77,0.675313,0.670859,0.000292591,0.00416053,0.0946875,0.098848,0.00603115,32
1/1/2018,Q4_1718,Good job,Tower Hamlets,0.63,0.675313,0.670859,0.000292591,0.00416053,-0.0453125,-0.041152,0.00603115,32
1/1/2018,Q4_1718,Good job,Waltham Forest,0.57,0.675313,0.670859,0.000292591,0.00416053,-0.105313,-0.101152,0.00603115,32
1/1/2018,Q4_1718,Good job,Wandsworth,0.74,0.675313,0.670859,0.000292591,0.00416053,0.0646875,0.068848,0.00603115,32
1/1/2018,Q4_1718,Good job,Westminster,0.74,0.675313,0.670859,0.000292591,0.00416053,0.0646875,0.068848,0.00603115,32
1/1/2018,Q4_1718,Trust MPS,Barking and Dagenham,0.86,0.86125,0.862227,-0.00355419,0.00257763,-0.00125,0.00132763,0.00173594,32
1/1/2018,Q4_1718,Trust MPS,Barnet,0.85,0.86125,0.862227,-0.00355419,0.00257763,-0.01125,-0.00867237,0.00173594,32
1/1/2018,Q4_1718,Trust MPS,Bexley,0.9,0.86125,0.862227,-0.00355419,0.00257763,0.03875,0.0413276,0.00173594,32
1/1/2018,Q4_1718,Trust MPS,Brent,0.82,0.86125,0.862227,-0.00355419,0.00257763,-0.04125,-0.0386724,0.00173594,32
1/1/2018,Q4_1718,Trust MPS,Bromley,0.87,0.86125,0.862227,-0.00355419,0.00257763,0.00875,0.0113276,0.00173594,32
1/1/2018,Q4_1718,Trust MPS,Camden,0.89,0.86125,0.862227,-0.00355419,0.00257763,0.02875,0.0313276,0.00173594,32
1/1/2018,Q4_1718,Trust MPS,Croydon,0.82,0.86125,0.862227,-0.00355419,0.00257763,-0.04125,-0.0386724,0.00173594,32
1/1/2018,Q4_1718,Trust MPS,Ealing,0.85,0.86125,0.862227,-0.00355419,0.00257763,-0.01125,-0.00867237,0.00173594,32
1/1/2018,Q4_1718,Trust MPS,Enfield,0.79,0.86125,0.862227,-0.00355419,0.00257763,-0.07125,-0.0686724,0.00173594,32
1/1/2018,Q4_1718,Trust MPS,Greenwich,0.87,0.86125,0.862227,-0.00355419,0.00257763,0.00875,0.0113276,0.00173594,32
1/1/2018,Q4_1718,Trust MPS,Hackney,0.78,0.86125,0.862227,-0.00355419,0.00257763,-0.08125,-0.0786724,0.00173594,32
1/1/2018,Q4_1718,Trust MPS,Hammersmith and Fulham,0.9,0.86125,0.862227,-0.00355419,0.00257763,0.03875,0.0413276,0.00173594,32
1/1/2018,Q4_1718,Trust MPS,Haringey,0.75,0.86125,0.862227,-0.00355419,0.00257763,-0.11125,-0.108672,0.00173594,32
1/1/2018,Q4_1718,Trust MPS,Harrow,0.82,0.86125,0.862227,-0.00355419,0.00257763,-0.04125,-0.0386724,0.00173594,32
1/1/2018,Q4_1718,Trust MPS,Havering,0.89,0.86125,0.862227,-0.00355419,0.00257763,0.02875,0.0313276,0.00173594,32
1/1/2018,Q4_1718,Trust MPS,Hillingdon,0.85,0.86125,0.862227,-0.00355419,0.00257763,-0.01125,-0.00867237,0.00173594,32
1/1/2018,Q4_1718,Trust MPS,Hounslow,0.86,0.86125,0.862227,-0.00355419,0.00257763,-0.00125,0.00132763,0.00173594,32
1/1/2018,Q4_1718,Trust MPS,Islington,0.86,0.86125,0.862227,-0.00355419,0.00257763,-0.00125,0.00132763,0.00173594,32
1/1/2018,Q4_1718,Trust MPS,Kensington and Chelsea,0.92,0.86125,0.862227,-0.00355419,0.00257763,0.05875,0.0613276,0.00173594,32
1/1/2018,Q4_1718,Trust MPS,Kingston upon Thames,0.88,0.86125,0.862227,-0.00355419,0.00257763,0.01875,0.0213276,0.00173594,32
1/1/2018,Q4_1718,Trust MPS,Lambeth,0.87,0.86125,0.862227,-0.00355419,0.00257763,0.00875,0.0113276,0.00173594,32
1/1/2018,Q4_1718,Trust MPS,Lewisham,0.83,0.86125,0.862227,-0.00355419,0.00257763,-0.03125,-0.0286724,0.00173594,32
1/1/2018,Q4_1718,Trust MPS,Merton,0.9,0.86125,0.862227,-0.00355419,0.00257763,0.03875,0.0413276,0.00173594,32
1/1/2018,Q4_1718,Trust MPS,Newham,0.88,0.86125,0.862227,-0.00355419,0.00257763,0.01875,0.0213276,0.00173594,32
1/1/2018,Q4_1718,Trust MPS,Redbridge,0.88,0.86125,0.862227,-0.00355419,0.00257763,0.01875,0.0213276,0.00173594,32
1/1/2018,Q4_1718,Trust MPS,Richmond upon Thames,0.9,0.86125,0.862227,-0.00355419,0.00257763,0.03875,0.0413276,0.00173594,32
1/1/2018,Q4_1718,Trust MPS,Southwark,0.85,0.86125,0.862227,-0.00355419,0.00257763,-0.01125,-0.00867237,0.00173594,32
1/1/2018,Q4_1718,Trust MPS,Sutton,0.92,0.86125,0.862227,-0.00355419,0.00257763,0.05875,0.0613276,0.00173594,32
1/1/2018,Q4_1718,Trust MPS,Tower Hamlets,0.88,0.86125,0.862227,-0.00355419,0.00257763,0.01875,0.0213276,0.00173594,32
1/1/2018,Q4_1718,Trust MPS,Waltham Forest,0.8,0.86125,0.862227,-0.00355419,0.00257763,-0.06125,-0.0586724,0.00173594,32
1/1/2018,Q4_1718,Trust MPS,Wandsworth,0.9,0.86125,0.862227,-0.00355419,0.00257763,0.03875,0.0413276,0.00173594,32
1/1/2018,Q4_1718,Trust MPS,Westminster,0.92,0.86125,0.862227,-0.00355419,0.00257763,0.05875,0.0613276,0.00173594,32
10/1/2017,Q3_1718,Fair treatment,Barking and Dagenham,0.86,0.769062,0.772461,-2.69E-05,-0.00337152,0.0909375,0.087566,0.0047835,32
10/1/2017,Q3_1718,Fair treatment,Barnet,0.8,0.769062,0.772461,-2.69E-05,-0.00337152,0.0309375,0.027566,0.0047835,32
10/1/2017,Q3_1718,Fair treatment,Bexley,0.86,0.769062,0.772461,-2.69E-05,-0.00337152,0.0909375,0.087566,0.0047835,32
10/1/2017,Q3_1718,Fair treatment,Brent,0.67,0.769062,0.772461,-2.69E-05,-0.00337152,-0.0990625,-0.102434,0.0047835,32
10/1/2017,Q3_1718,Fair treatment,Bromley,0.79,0.769062,0.772461,-2.69E-05,-0.00337152,0.0209375,0.017566,0.0047835,32
10/1/2017,Q3_1718,Fair treatment,Camden,0.69,0.769062,0.772461,-2.69E-05,-0.00337152,-0.0790625,-0.082434,0.0047835,32
10/1/2017,Q3_1718,Fair treatment,Croydon,0.71,0.769062,0.772461,-2.69E-05,-0.00337152,-0.0590625,-0.062434,0.0047835,32
10/1/2017,Q3_1718,Fair treatment,Ealing,0.76,0.769062,0.772461,-2.69E-05,-0.00337152,-0.0090625,-0.012434,0.0047835,32
10/1/2017,Q3_1718,Fair treatment,Enfield,0.65,0.769062,0.772461,-2.69E-05,-0.00337152,-0.119062,-0.122434,0.0047835,32
10/1/2017,Q3_1718,Fair treatment,Greenwich,0.79,0.769062,0.772461,-2.69E-05,-0.00337152,0.0209375,0.017566,0.0047835,32
10/1/2017,Q3_1718,Fair treatment,Hackney,0.6,0.769062,0.772461,-2.69E-05,-0.00337152,-0.169063,-0.172434,0.0047835,32
10/1/2017,Q3_1718,Fair treatment,Hammersmith and Fulham,0.85,0.769062,0.772461,-2.69E-05,-0.00337152,0.0809375,0.077566,0.0047835,32
10/1/2017,Q3_1718,Fair treatment,Haringey,0.62,0.769062,0.772461,-2.69E-05,-0.00337152,-0.149062,-0.152434,0.0047835,32
10/1/2017,Q3_1718,Fair treatment,Harrow,0.76,0.769062,0.772461,-2.69E-05,-0.00337152,-0.0090625,-0.012434,0.0047835,32
10/1/2017,Q3_1718,Fair treatment,Havering,0.86,0.769062,0.772461,-2.69E-05,-0.00337152,0.0909375,0.087566,0.0047835,32
10/1/2017,Q3_1718,Fair treatment,Hillingdon,0.73,0.769062,0.772461,-2.69E-05,-0.00337152,-0.0390625,-0.042434,0.0047835,32
10/1/2017,Q3_1718,Fair treatment,Hounslow,0.8,0.769062,0.772461,-2.69E-05,-0.00337152,0.0309375,0.027566,0.0047835,32
10/1/2017,Q3_1718,Fair treatment,Islington,0.7,0.769062,0.772461,-2.69E-05,-0.00337152,-0.0690625,-0.072434,0.0047835,32
10/1/2017,Q3_1718,Fair treatment,Kensington and Chelsea,0.84,0.769062,0.772461,-2.69E-05,-0.00337152,0.0709375,0.067566,0.0047835,32
10/1/2017,Q3_1718,Fair treatment,Kingston upon Thames,0.78,0.769062,0.772461,-2.69E-05,-0.00337152,0.0109375,0.00756598,0.0047835,32
10/1/2017,Q3_1718,Fair treatment,Lambeth,0.77,0.769062,0.772461,-2.69E-05,-0.00337152,0.0009375,-0.00243402,0.0047835,32
10/1/2017,Q3_1718,Fair treatment,Lewisham,0.71,0.769062,0.772461,-2.69E-05,-0.00337152,-0.0590625,-0.062434,0.0047835,32
10/1/2017,Q3_1718,Fair treatment,Merton,0.8,0.769062,0.772461,-2.69E-05,-0.00337152,0.0309375,0.027566,0.0047835,32
10/1/2017,Q3_1718,Fair treatment,Newham,0.82,0.769062,0.772461,-2.69E-05,-0.00337152,0.0509375,0.047566,0.0047835,32
10/1/2017,Q3_1718,Fair treatment,Redbridge,0.83,0.769062,0.772461,-2.69E-05,-0.00337152,0.0609375,0.057566,0.0047835,32
10/1/2017,Q3_1718,Fair treatment,Richmond upon Thames,0.8,0.769062,0.772461,-2.69E-05,-0.00337152,0.0309375,0.027566,0.0047835,32
10/1/2017,Q3_1718,Fair treatment,Southwark,0.78,0.769062,0.772461,-2.69E-05,-0.00337152,0.0109375,0.00756598,0.0047835,32
10/1/2017,Q3_1718,Fair treatment,Sutton,0.78,0.769062,0.772461,-2.69E-05,-0.00337152,0.0109375,0.00756598,0.0047835,32
10/1/2017,Q3_1718,Fair treatment,Tower Hamlets,0.81,0.769062,0.772461,-2.69E-05,-0.00337152,0.0409375,0.037566,0.0047835,32
10/1/2017,Q3_1718,Fair treatment,Waltham Forest,0.73,0.769062,0.772461,-2.69E-05,-0.00337152,-0.0390625,-0.042434,0.0047835,32
10/1/2017,Q3_1718,Fair treatment,Wandsworth,0.82,0.769062,0.772461,-2.69E-05,-0.00337152,0.0509375,0.047566,0.0047835,32
10/1/2017,Q3_1718,Fair treatment,Westminster,0.84,0.769062,0.772461,-2.69E-05,-0.00337152,0.0709375,0.067566,0.0047835,32
10/1/2017,Q3_1718,Good job,Barking and Dagenham,0.6,0.683437,0.680117,0.000660104,0.00266021,-0.0834375,-0.0807773,0.00584756,32
10/1/2017,Q3_1718,Good job,Barnet,0.72,0.683437,0.680117,0.000660104,0.00266021,0.0365625,0.0392227,0.00584756,32
10/1/2017,Q3_1718,Good job,Bexley,0.68,0.683437,0.680117,0.000660104,0.00266021,-0.0034375,-0.000777292,0.00584756,32
10/1/2017,Q3_1718,Good job,Brent,0.67,0.683437,0.680117,0.000660104,0.00266021,-0.0134375,-0.0107773,0.00584756,32
10/1/2017,Q3_1718,Good job,Bromley,0.67,0.683437,0.680117,0.000660104,0.00266021,-0.0134375,-0.0107773,0.00584756,32
10/1/2017,Q3_1718,Good job,Camden,0.6,0.683437,0.680117,0.000660104,0.00266021,-0.0834375,-0.0807773,0.00584756,32
10/1/2017,Q3_1718,Good job,Croydon,0.61,0.683437,0.680117,0.000660104,0.00266021,-0.0734375,-0.0707773,0.00584756,32
10/1/2017,Q3_1718,Good job,Ealing,0.74,0.683437,0.680117,0.000660104,0.00266021,0.0565625,0.0592227,0.00584756,32
10/1/2017,Q3_1718,Good job,Enfield,0.58,0.683437,0.680117,0.000660104,0.00266021,-0.103437,-0.100777,0.00584756,32
10/1/2017,Q3_1718,Good job,Greenwich,0.69,0.683437,0.680117,0.000660104,0.00266021,0.0065625,0.00922271,0.00584756,32
10/1/2017,Q3_1718,Good job,Hackney,0.55,0.683437,0.680117,0.000660104,0.00266021,-0.133437,-0.130777,0.00584756,32
10/1/2017,Q3_1718,Good job,Hammersmith and Fulham,0.79,0.683437,0.680117,0.000660104,0.00266021,0.106563,0.109223,0.00584756,32
10/1/2017,Q3_1718,Good job,Haringey,0.55,0.683437,0.680117,0.000660104,0.00266021,-0.133437,-0.130777,0.00584756,32
10/1/2017,Q3_1718,Good job,Harrow,0.6,0.683437,0.680117,0.000660104,0.00266021,-0.0834375,-0.0807773,0.00584756,32
10/1/2017,Q3_1718,Good job,Havering,0.7,0.683437,0.680117,0.000660104,0.00266021,0.0165625,0.0192227,0.00584756,32
10/1/2017,Q3_1718,Good job,Hillingdon,0.68,0.683437,0.680117,0.000660104,0.00266021,-0.0034375,-0.000777292,0.00584756,32
10/1/2017,Q3_1718,Good job,Hounslow,0.76,0.683437,0.680117,0.000660104,0.00266021,0.0765625,0.0792227,0.00584756,32
10/1/2017,Q3_1718,Good job,Islington,0.59,0.683437,0.680117,0.000660104,0.00266021,-0.0934375,-0.0907773,0.00584756,32
10/1/2017,Q3_1718,Good job,Kensington and Chelsea,0.8,0.683437,0.680117,0.000660104,0.00266021,0.116563,0.119223,0.00584756,32
10/1/2017,Q3_1718,Good job,Kingston upon Thames,0.78,0.683437,0.680117,0.000660104,0.00266021,0.0965625,0.0992227,0.00584756,32
10/1/2017,Q3_1718,Good job,Lambeth,0.66,0.683437,0.680117,0.000660104,0.00266021,-0.0234375,-0.0207773,0.00584756,32
10/1/2017,Q3_1718,Good job,Lewisham,0.67,0.683437,0.680117,0.000660104,0.00266021,-0.0134375,-0.0107773,0.00584756,32
10/1/2017,Q3_1718,Good job,Merton,0.76,0.683437,0.680117,0.000660104,0.00266021,0.0765625,0.0792227,0.00584756,32
10/1/2017,Q3_1718,Good job,Newham,0.72,0.683437,0.680117,0.000660104,0.00266021,0.0365625,0.0392227,0.00584756,32
10/1/2017,Q3_1718,Good job,Redbridge,0.67,0.683437,0.680117,0.000660104,0.00266021,-0.0134375,-0.0107773,0.00584756,32
10/1/2017,Q3_1718,Good job,Richmond upon Thames,0.81,0.683437,0.680117,0.000660104,0.00266021,0.126563,0.129223,0.00584756,32
10/1/2017,Q3_1718,Good job,Southwark,0.76,0.683437,0.680117,0.000660104,0.00266021,0.0765625,0.0792227,0.00584756,32
10/1/2017,Q3_1718,Good job,Sutton,0.75,0.683437,0.680117,0.000660104,0.00266021,0.0665625,0.0692227,0.00584756,32
10/1/2017,Q3_1718,Good job,Tower Hamlets,0.63,0.683437,0.680117,0.000660104,0.00266021,-0.0534375,-0.0507773,0.00584756,32
10/1/2017,Q3_1718,Good job,Waltham Forest,0.57,0.683437,0.680117,0.000660104,0.00266021,-0.113437,-0.110777,0.00584756,32
10/1/2017,Q3_1718,Good job,Wandsworth,0.76,0.683437,0.680117,0.000660104,0.00266021,0.0765625,0.0792227,0.00584756,32
10/1/2017,Q3_1718,Good job,Westminster,0.75,0.683437,0.680117,0.000660104,0.00266021,0.0665625,0.0692227,0.00584756,32
10/1/2017,Q3_1718,Trust MPS,Barking and Dagenham,0.89,0.86875,0.868242,-0.000922301,0.00143011,0.02125,0.0226801,0.00149219,32
10/1/2017,Q3_1718,Trust MPS,Barnet,0.85,0.86875,0.868242,-0.000922301,0.00143011,-0.01875,-0.0173199,0.00149219,32
10/1/2017,Q3_1718,Trust MPS,Bexley,0.91,0.86875,0.868242,-0.000922301,0.00143011,0.04125,0.0426801,0.00149219,32
10/1/2017,Q3_1718,Trust MPS,Brent,0.8,0.86875,0.868242,-0.000922301,0.00143011,-0.06875,-0.0673199,0.00149219,32
10/1/2017,Q3_1718,Trust MPS,Bromley,0.87,0.86875,0.868242,-0.000922301,0.00143011,0.00125,0.00268011,0.00149219,32
10/1/2017,Q3_1718,Trust MPS,Camden,0.88,0.86875,0.868242,-0.000922301,0.00143011,0.01125,0.0126801,0.00149219,32
10/1/2017,Q3_1718,Trust MPS,Croydon,0.84,0.86875,0.868242,-0.000922301,0.00143011,-0.02875,-0.0273199,0.00149219,32
10/1/2017,Q3_1718,Trust MPS,Ealing,0.86,0.86875,0.868242,-0.000922301,0.00143011,-0.00875,-0.00731989,0.00149219,32
10/1/2017,Q3_1718,Trust MPS,Enfield,0.8,0.86875,0.868242,-0.000922301,0.00143011,-0.06875,-0.0673199,0.00149219,32
10/1/2017,Q3_1718,Trust MPS,Greenwich,0.89,0.86875,0.868242,-0.000922301,0.00143011,0.02125,0.0226801,0.00149219,32
10/1/2017,Q3_1718,Trust MPS,Hackney,0.78,0.86875,0.868242,-0.000922301,0.00143011,-0.08875,-0.0873199,0.00149219,32
10/1/2017,Q3_1718,Trust MPS,Hammersmith and Fulham,0.9,0.86875,0.868242,-0.000922301,0.00143011,0.03125,0.0326801,0.00149219,32
10/1/2017,Q3_1718,Trust MPS,Haringey,0.78,0.86875,0.868242,-0.000922301,0.00143011,-0.08875,-0.0873199,0.00149219,32
10/1/2017,Q3_1718,Trust MPS,Harrow,0.83,0.86875,0.868242,-0.000922301,0.00143011,-0.03875,-0.0373199,0.00149219,32
10/1/2017,Q3_1718,Trust MPS,Havering,0.89,0.86875,0.868242,-0.000922301,0.00143011,0.02125,0.0226801,0.00149219,32
10/1/2017,Q3_1718,Trust MPS,Hillingdon,0.87,0.86875,0.868242,-0.000922301,0.00143011,0.00125,0.00268011,0.00149219,32
10/1/2017,Q3_1718,Trust MPS,Hounslow,0.87,0.86875,0.868242,-0.000922301,0.00143011,0.00125,0.00268011,0.00149219,32
10/1/2017,Q3_1718,Trust MPS,Islington,0.87,0.86875,0.868242,-0.000922301,0.00143011,0.00125,0.00268011,0.00149219,32
10/1/2017,Q3_1718,Trust MPS,Kensington and Chelsea,0.93,0.86875,0.868242,-0.000922301,0.00143011,0.06125,0.0626801,0.00149219,32
10/1/2017,Q3_1718,Trust MPS,Kingston upon Thames,0.89,0.86875,0.868242,-0.000922301,0.00143011,0.02125,0.0226801,0.00149219,32
10/1/2017,Q3_1718,Trust MPS,Lambeth,0.9,0.86875,0.868242,-0.000922301,0.00143011,0.03125,0.0326801,0.00149219,32
10/1/2017,Q3_1718,Trust MPS,Lewisham,0.86,0.86875,0.868242,-0.000922301,0.00143011,-0.00875,-0.00731989,0.00149219,32
10/1/2017,Q3_1718,Trust MPS,Merton,0.9,0.86875,0.868242,-0.000922301,0.00143011,0.03125,0.0326801,0.00149219,32
10/1/2017,Q3_1718,Trust MPS,Newham,0.88,0.86875,0.868242,-0.000922301,0.00143011,0.01125,0.0126801,0.00149219,32
10/1/2017,Q3_1718,Trust MPS,Redbridge,0.87,0.86875,0.868242,-0.000922301,0.00143011,0.00125,0.00268011,0.00149219,32
10/1/2017,Q3_1718,Trust MPS,Richmond upon Thames,0.9,0.86875,0.868242,-0.000922301,0.00143011,0.03125,0.0326801,0.00149219,32
10/1/2017,Q3_1718,Trust MPS,Southwark,0.86,0.86875,0.868242,-0.000922301,0.00143011,-0.00875,-0.00731989,0.00149219,32
10/1/2017,Q3_1718,Trust MPS,Sutton,0.9,0.86875,0.868242,-0.000922301,0.00143011,0.03125,0.0326801,0.00149219,32
10/1/2017,Q3_1718,Trust MPS,Tower Hamlets,0.88,0.86875,0.868242,-0.000922301,0.00143011,0.01125,0.0126801,0.00149219,32
10/1/2017,Q3_1718,Trust MPS,Waltham Forest,0.82,0.86875,0.868242,-0.000922301,0.00143011,-0.04875,-0.0473199,0.00149219,32
10/1/2017,Q3_1718,Trust MPS,Wandsworth,0.93,0.86875,0.868242,-0.000922301,0.00143011,0.06125,0.0626801,0.00149219,32
10/1/2017,Q3_1718,Trust MPS,Westminster,0.9,0.86875,0.868242,-0.000922301,0.00143011,0.03125,0.0326801,0.00149219,32
7/1/2017,Q2_1718,Fair treatment,Barking and Dagenham,0.88,0.78,0.777773,0.00141079,0.000815777,0.1,0.100816,0.0039,32
7/1/2017,Q2_1718,Fair treatment,Barnet,0.82,0.78,0.777773,0.00141079,0.000815777,0.04,0.0408158,0.0039,32
7/1/2017,Q2_1718,Fair treatment,Bexley,0.85,0.78,0.777773,0.00141079,0.000815777,0.07,0.0708158,0.0039,32
7/1/2017,Q2_1718,Fair treatment,Brent,0.66,0.78,0.777773,0.00141079,0.000815777,-0.12,-0.119184,0.0039,32
7/1/2017,Q2_1718,Fair treatment,Bromley,0.79,0.78,0.777773,0.00141079,0.000815777,0.01,0.0108158,0.0039,32
7/1/2017,Q2_1718,Fair treatment,Camden,0.69,0.78,0.777773,0.00141079,0.000815777,-0.09,-0.0891842,0.0039,32
7/1/2017,Q2_1718,Fair treatment,Croydon,0.74,0.78,0.777773,0.00141079,0.000815777,-0.04,-0.0391842,0.0039,32
7/1/2017,Q2_1718,Fair treatment,Ealing,0.77,0.78,0.777773,0.00141079,0.000815777,-0.01,-0.00918422,0.0039,32
7/1/2017,Q2_1718,Fair treatment,Enfield,0.7,0.78,0.777773,0.00141079,0.000815777,-0.08,-0.0791842,0.0039,32
7/1/2017,Q2_1718,Fair treatment,Greenwich,0.82,0.78,0.777773,0.00141079,0.000815777,0.04,0.0408158,0.0039,32
7/1/2017,Q2_1718,Fair treatment,Hackney,0.65,0.78,0.777773,0.00141079,0.000815777,-0.13,-0.129184,0.0039,32
7/1/2017,Q2_1718,Fair treatment,Hammersmith and Fulham,0.85,0.78,0.777773,0.00141079,0.000815777,0.07,0.0708158,0.0039,32
7/1/2017,Q2_1718,Fair treatment,Haringey,0.68,0.78,0.777773,0.00141079,0.000815777,-0.1,-0.0991842,0.0039,32
7/1/2017,Q2_1718,Fair treatment,Harrow,0.78,0.78,0.777773,0.00141079,0.000815777,0,0.000815777,0.0039,32
7/1/2017,Q2_1718,Fair treatment,Havering,0.87,0.78,0.777773,0.00141079,0.000815777,0.09,0.0908158,0.0039,32
7/1/2017,Q2_1718,Fair treatment,Hillingdon,0.73,0.78,0.777773,0.00141079,0.000815777,-0.05,-0.0491842,0.0039,32
7/1/2017,Q2_1718,Fair treatment,Hounslow,0.78,0.78,0.777773,0.00141079,0.000815777,0,0.000815777,0.0039,32
7/1/2017,Q2_1718,Fair treatment,Islington,0.72,0.78,0.777773,0.00141079,0.000815777,-0.06,-0.0591842,0.0039,32
7/1/2017,Q2_1718,Fair treatment,Kensington and Chelsea,0.85,0.78,0.777773,0.00141079,0.000815777,0.07,0.0708158,0.0039,32
7/1/2017,Q2_1718,Fair treatment,Kingston upon Thames,0.81,0.78,0.777773,0.00141079,0.000815777,0.03,0.0308158,0.0039,32
7/1/2017,Q2_1718,Fair treatment,Lambeth,0.77,0.78,0.777773,0.00141079,0.000815777,-0.01,-0.00918422,0.0039,32
7/1/2017,Q2_1718,Fair treatment,Lewisham,0.71,0.78,0.777773,0.00141079,0.000815777,-0.07,-0.0691842,0.0039,32
7/1/2017,Q2_1718,Fair treatment,Merton,0.78,0.78,0.777773,0.00141079,0.000815777,0,0.000815777,0.0039,32
7/1/2017,Q2_1718,Fair treatment,Newham,0.82,0.78,0.777773,0.00141079,0.000815777,0.04,0.0408158,0.0039,32
7/1/2017,Q2_1718,Fair treatment,Redbridge,0.86,0.78,0.777773,0.00141079,0.000815777,0.08,0.0808158,0.0039,32
7/1/2017,Q2_1718,Fair treatment,Richmond upon Thames,0.81,0.78,0.777773,0.00141079,0.000815777,0.03,0.0308158,0.0039,32
7/1/2017,Q2_1718,Fair treatment,Southwark,0.76,0.78,0.777773,0.00141079,0.000815777,-0.02,-0.0191842,0.0039,32
7/1/2017,Q2_1718,Fair treatment,Sutton,0.77,0.78,0.777773,0.00141079,0.000815777,-0.01,-0.00918422,0.0039,32
7/1/2017,Q2_1718,Fair treatment,Tower Hamlets,0.81,0.78,0.777773,0.00141079,0.000815777,0.03,0.0308158,0.0039,32
7/1/2017,Q2_1718,Fair treatment,Waltham Forest,0.75,0.78,0.777773,0.00141079,0.000815777,-0.03,-0.0291842,0.0039,32
7/1/2017,Q2_1718,Fair treatment,Wandsworth,0.82,0.78,0.777773,0.00141079,0.000815777,0.04,0.0408158,0.0039,32
7/1/2017,Q2_1718,Fair treatment,Westminster,0.86,0.78,0.777773,0.00141079,0.000815777,0.08,0.0808158,0.0039,32
7/1/2017,Q2_1718,Good job,Barking and Dagenham,0.65,0.686562,0.686523,0.000102487,-6.34E-05,-0.0365625,-0.0366259,0.00372256,32
7/1/2017,Q2_1718,Good job,Barnet,0.7,0.686562,0.686523,0.000102487,-6.34E-05,0.0134375,0.0133741,0.00372256,32
7/1/2017,Q2_1718,Good job,Bexley,0.67,0.686562,0.686523,0.000102487,-6.34E-05,-0.0165625,-0.0166259,0.00372256,32
7/1/2017,Q2_1718,Good job,Brent,0.65,0.686562,0.686523,0.000102487,-6.34E-05,-0.0365625,-0.0366259,0.00372256,32
7/1/2017,Q2_1718,Good job,Bromley,0.67,0.686562,0.686523,0.000102487,-6.34E-05,-0.0165625,-0.0166259,0.00372256,32
7/1/2017,Q2_1718,Good job,Camden,0.63,0.686562,0.686523,0.000102487,-6.34E-05,-0.0565625,-0.0566259,0.00372256,32
7/1/2017,Q2_1718,Good job,Croydon,0.63,0.686562,0.686523,0.000102487,-6.34E-05,-0.0565625,-0.0566259,0.00372256,32
7/1/2017,Q2_1718,Good job,Ealing,0.69,0.686562,0.686523,0.000102487,-6.34E-05,0.0034375,0.00337408,0.00372256,32
7/1/2017,Q2_1718,Good job,Enfield,0.6,0.686562,0.686523,0.000102487,-6.34E-05,-0.0865625,-0.0866259,0.00372256,32
7/1/2017,Q2_1718,Good job,Greenwich,0.73,0.686562,0.686523,0.000102487,-6.34E-05,0.0434375,0.0433741,0.00372256,32
7/1/2017,Q2_1718,Good job,Hackney,0.55,0.686562,0.686523,0.000102487,-6.34E-05,-0.136562,-0.136626,0.00372256,32
7/1/2017,Q2_1718,Good job,Hammersmith and Fulham,0.77,0.686562,0.686523,0.000102487,-6.34E-05,0.0834375,0.0833741,0.00372256,32
7/1/2017,Q2_1718,Good job,Haringey,0.61,0.686562,0.686523,0.000102487,-6.34E-05,-0.0765625,-0.0766259,0.00372256,32
7/1/2017,Q2_1718,Good job,Harrow,0.61,0.686562,0.686523,0.000102487,-6.34E-05,-0.0765625,-0.0766259,0.00372256,32
7/1/2017,Q2_1718,Good job,Havering,0.7,0.686562,0.686523,0.000102487,-6.34E-05,0.0134375,0.0133741,0.00372256,32
7/1/2017,Q2_1718,Good job,Hillingdon,0.7,0.686562,0.686523,0.000102487,-6.34E-05,0.0134375,0.0133741,0.00372256,32
7/1/2017,Q2_1718,Good job,Hounslow,0.77,0.686562,0.686523,0.000102487,-6.34E-05,0.0834375,0.0833741,0.00372256,32
7/1/2017,Q2_1718,Good job,Islington,0.62,0.686562,0.686523,0.000102487,-6.34E-05,-0.0665625,-0.0666259,0.00372256,32
7/1/2017,Q2_1718,Good job,Kensington and Chelsea,0.77,0.686562,0.686523,0.000102487,-6.34E-05,0.0834375,0.0833741,0.00372256,32
7/1/2017,Q2_1718,Good job,Kingston upon Thames,0.79,0.686562,0.686523,0.000102487,-6.34E-05,0.103438,0.103374,0.00372256,32
7/1/2017,Q2_1718,Good job,Lambeth,0.66,0.686562,0.686523,0.000102487,-6.34E-05,-0.0265625,-0.0266259,0.00372256,32
7/1/2017,Q2_1718,Good job,Lewisham,0.66,0.686562,0.686523,0.000102487,-6.34E-05,-0.0265625,-0.0266259,0.00372256,32
7/1/2017,Q2_1718,Good job,Merton,0.7,0.686562,0.686523,0.000102487,-6.34E-05,0.0134375,0.0133741,0.00372256,32
7/1/2017,Q2_1718,Good job,Newham,0.7,0.686562,0.686523,0.000102487,-6.34E-05,0.0134375,0.0133741,0.00372256,32
7/1/2017,Q2_1718,Good job,Redbridge,0.71,0.686562,0.686523,0.000102487,-6.34E-05,0.0234375,0.0233741,0.00372256,32
7/1/2017,Q2_1718,Good job,Richmond upon Thames,0.76,0.686562,0.686523,0.000102487,-6.34E-05,0.0734375,0.0733741,0.00372256,32
7/1/2017,Q2_1718,Good job,Southwark,0.74,0.686562,0.686523,0.000102487,-6.34E-05,0.0534375,0.0533741,0.00372256,32
7/1/2017,Q2_1718,Good job,Sutton,0.72,0.686562,0.686523,0.000102487,-6.34E-05,0.0334375,0.0333741,0.00372256,32
7/1/2017,Q2_1718,Good job,Tower Hamlets,0.65,0.686562,0.686523,0.000102487,-6.34E-05,-0.0365625,-0.0366259,0.00372256,32
7/1/2017,Q2_1718,Good job,Waltham Forest,0.62,0.686562,0.686523,0.000102487,-6.34E-05,-0.0665625,-0.0666259,0.00372256,32
7/1/2017,Q2_1718,Good job,Wandsworth,0.74,0.686562,0.686523,0.000102487,-6.34E-05,0.0534375,0.0533741,0.00372256,32
7/1/2017,Q2_1718,Good job,Westminster,0.8,0.686562,0.686523,0.000102487,-6.34E-05,0.113438,0.113374,0.00372256,32
7/1/2017,Q2_1718,Trust MPS,Barking and Dagenham,0.9,0.873438,0.874219,0.00257614,-0.00335739,0.0265625,0.0232051,0.00107881,32
7/1/2017,Q2_1718,Trust MPS,Barnet,0.89,0.873438,0.874219,0.00257614,-0.00335739,0.0165625,0.0132051,0.00107881,32
7/1/2017,Q2_1718,Trust MPS,Bexley,0.91,0.873438,0.874219,0.00257614,-0.00335739,0.0365625,0.0332051,0.00107881,32
7/1/2017,Q2_1718,Trust MPS,Brent,0.79,0.873438,0.874219,0.00257614,-0.00335739,-0.0834375,-0.0867949,0.00107881,32
7/1/2017,Q2_1718,Trust MPS,Bromley,0.86,0.873438,0.874219,0.00257614,-0.00335739,-0.0134375,-0.0167949,0.00107881,32
7/1/2017,Q2_1718,Trust MPS,Camden,0.87,0.873438,0.874219,0.00257614,-0.00335739,-0.0034375,-0.00679489,0.00107881,32
7/1/2017,Q2_1718,Trust MPS,Croydon,0.85,0.873438,0.874219,0.00257614,-0.00335739,-0.0234375,-0.0267949,0.00107881,32
7/1/2017,Q2_1718,Trust MPS,Ealing,0.86,0.873438,0.874219,0.00257614,-0.00335739,-0.0134375,-0.0167949,0.00107881,32
7/1/2017,Q2_1718,Trust MPS,Enfield,0.83,0.873438,0.874219,0.00257614,-0.00335739,-0.0434375,-0.0467949,0.00107881,32
7/1/2017,Q2_1718,Trust MPS,Greenwich,0.9,0.873438,0.874219,0.00257614,-0.00335739,0.0265625,0.0232051,0.00107881,32
7/1/2017,Q2_1718,Trust MPS,Hackney,0.8,0.873438,0.874219,0.00257614,-0.00335739,-0.0734375,-0.0767949,0.00107881,32
7/1/2017,Q2_1718,Trust MPS,Hammersmith and Fulham,0.89,0.873438,0.874219,0.00257614,-0.00335739,0.0165625,0.0132051,0.00107881,32
7/1/2017,Q2_1718,Trust MPS,Haringey,0.81,0.873438,0.874219,0.00257614,-0.00335739,-0.0634375,-0.0667949,0.00107881,32
7/1/2017,Q2_1718,Trust MPS,Harrow,0.86,0.873438,0.874219,0.00257614,-0.00335739,-0.0134375,-0.0167949,0.00107881,32
7/1/2017,Q2_1718,Trust MPS,Havering,0.89,0.873438,0.874219,0.00257614,-0.00335739,0.0165625,0.0132051,0.00107881,32
7/1/2017,Q2_1718,Trust MPS,Hillingdon,0.86,0.873438,0.874219,0.00257614,-0.00335739,-0.0134375,-0.0167949,0.00107881,32
7/1/2017,Q2_1718,Trust MPS,Hounslow,0.88,0.873438,0.874219,0.00257614,-0.00335739,0.0065625,0.00320511,0.00107881,32
7/1/2017,Q2_1718,Trust MPS,Islington,0.87,0.873438,0.874219,0.00257614,-0.00335739,-0.0034375,-0.00679489,0.00107881,32
7/1/2017,Q2_1718,Trust MPS,Kensington and Chelsea,0.92,0.873438,0.874219,0.00257614,-0.00335739,0.0465625,0.0432051,0.00107881,32
7/1/2017,Q2_1718,Trust MPS,Kingston upon Thames,0.91,0.873438,0.874219,0.00257614,-0.00335739,0.0365625,0.0332051,0.00107881,32
7/1/2017,Q2_1718,Trust MPS,Lambeth,0.88,0.873438,0.874219,0.00257614,-0.00335739,0.0065625,0.00320511,0.00107881,32
7/1/2017,Q2_1718,Trust MPS,Lewisham,0.85,0.873438,0.874219,0.00257614,-0.00335739,-0.0234375,-0.0267949,0.00107881,32
7/1/2017,Q2_1718,Trust MPS,Merton,0.89,0.873438,0.874219,0.00257614,-0.00335739,0.0165625,0.0132051,0.00107881,32
7/1/2017,Q2_1718,Trust MPS,Newham,0.88,0.873438,0.874219,0.00257614,-0.00335739,0.0065625,0.00320511,0.00107881,32
7/1/2017,Q2_1718,Trust MPS,Redbridge,0.9,0.873438,0.874219,0.00257614,-0.00335739,0.0265625,0.0232051,0.00107881,32
7/1/2017,Q2_1718,Trust MPS,Richmond upon Thames,0.89,0.873438,0.874219,0.00257614,-0.00335739,0.0165625,0.0132051,0.00107881,32
7/1/2017,Q2_1718,Trust MPS,Southwark,0.84,0.873438,0.874219,0.00257614,-0.00335739,-0.0334375,-0.0367949,0.00107881,32
7/1/2017,Q2_1718,Trust MPS,Sutton,0.89,0.873438,0.874219,0.00257614,-0.00335739,0.0165625,0.0132051,0.00107881,32
7/1/2017,Q2_1718,Trust MPS,Tower Hamlets,0.88,0.873438,0.874219,0.00257614,-0.00335739,0.0065625,0.00320511,0.00107881,32
7/1/2017,Q2_1718,Trust MPS,Waltham Forest,0.86,0.873438,0.874219,0.00257614,-0.00335739,-0.0134375,-0.0167949,0.00107881,32
7/1/2017,Q2_1718,Trust MPS,Wandsworth,0.92,0.873438,0.874219,0.00257614,-0.00335739,0.0465625,0.0432051,0.00107881,32
7/1/2017,Q2_1718,Trust MPS,Westminster,0.92,0.873438,0.874219,0.00257614,-0.00335739,0.0465625,0.0432051,0.00107881,32
4/1/2017,Q1_1718,Fair treatment,Barking and Dagenham,0.86,0.785625,0.782383,-1.68E-05,0.00325896,0.074375,0.077634,0.00299961,32
4/1/2017,Q1_1718,Fair treatment,Barnet,0.86,0.785625,0.782383,-1.68E-05,0.00325896,0.074375,0.077634,0.00299961,32
4/1/2017,Q1_1718,Fair treatment,Bexley,0.87,0.785625,0.782383,-1.68E-05,0.00325896,0.084375,0.087634,0.00299961,32
4/1/2017,Q1_1718,Fair treatment,Brent,0.67,0.785625,0.782383,-1.68E-05,0.00325896,-0.115625,-0.112366,0.00299961,32
4/1/2017,Q1_1718,Fair treatment,Bromley,0.83,0.785625,0.782383,-1.68E-05,0.00325896,0.044375,0.047634,0.00299961,32
4/1/2017,Q1_1718,Fair treatment,Camden,0.74,0.785625,0.782383,-1.68E-05,0.00325896,-0.045625,-0.042366,0.00299961,32
4/1/2017,Q1_1718,Fair treatment,Croydon,0.73,0.785625,0.782383,-1.68E-05,0.00325896,-0.055625,-0.052366,0.00299961,32
4/1/2017,Q1_1718,Fair treatment,Ealing,0.73,0.785625,0.782383,-1.68E-05,0.00325896,-0.055625,-0.052366,0.00299961,32
4/1/2017,Q1_1718,Fair treatment,Enfield,0.68,0.785625,0.782383,-1.68E-05,0.00325896,-0.105625,-0.102366,0.00299961,32
4/1/2017,Q1_1718,Fair treatment,Greenwich,0.82,0.785625,0.782383,-1.68E-05,0.00325896,0.034375,0.037634,0.00299961,32
4/1/2017,Q1_1718,Fair treatment,Hackney,0.74,0.785625,0.782383,-1.68E-05,0.00325896,-0.045625,-0.042366,0.00299961,32
4/1/2017,Q1_1718,Fair treatment,Hammersmith and Fulham,0.83,0.785625,0.782383,-1.68E-05,0.00325896,0.044375,0.047634,0.00299961,32
4/1/2017,Q1_1718,Fair treatment,Haringey,0.72,0.785625,0.782383,-1.68E-05,0.00325896,-0.065625,-0.062366,0.00299961,32
4/1/2017,Q1_1718,Fair treatment,Harrow,0.8,0.785625,0.782383,-1.68E-05,0.00325896,0.014375,0.017634,0.00299961,32
4/1/2017,Q1_1718,Fair treatment,Havering,0.87,0.785625,0.782383,-1.68E-05,0.00325896,0.084375,0.087634,0.00299961,32
4/1/2017,Q1_1718,Fair treatment,Hillingdon,0.73,0.785625,0.782383,-1.68E-05,0.00325896,-0.055625,-0.052366,0.00299961,32
4/1/2017,Q1_1718,Fair treatment,Hounslow,0.77,0.785625,0.782383,-1.68E-05,0.00325896,-0.015625,-0.012366,0.00299961,32
4/1/2017,Q1_1718,Fair treatment,Islington,0.75,0.785625,0.782383,-1.68E-05,0.00325896,-0.035625,-0.032366,0.00299961,32
4/1/2017,Q1_1718,Fair treatment,Kensington and Chelsea,0.86,0.785625,0.782383,-1.68E-05,0.00325896,0.074375,0.077634,0.00299961,32
4/1/2017,Q1_1718,Fair treatment,Kingston upon Thames,0.81,0.785625,0.782383,-1.68E-05,0.00325896,0.024375,0.027634,0.00299961,32
4/1/2017,Q1_1718,Fair treatment,Lambeth,0.79,0.785625,0.782383,-1.68E-05,0.00325896,0.004375,0.00763396,0.00299961,32
4/1/2017,Q1_1718,Fair treatment,Lewisham,0.74,0.785625,0.782383,-1.68E-05,0.00325896,-0.045625,-0.042366,0.00299961,32
4/1/2017,Q1_1718,Fair treatment,Merton,0.78,0.785625,0.782383,-1.68E-05,0.00325896,-0.005625,-0.00236604,0.00299961,32
4/1/2017,Q1_1718,Fair treatment,Newham,0.77,0.785625,0.782383,-1.68E-05,0.00325896,-0.015625,-0.012366,0.00299961,32
4/1/2017,Q1_1718,Fair treatment,Redbridge,0.84,0.785625,0.782383,-1.68E-05,0.00325896,0.054375,0.057634,0.00299961,32
4/1/2017,Q1_1718,Fair treatment,Richmond upon Thames,0.8,0.785625,0.782383,-1.68E-05,0.00325896,0.014375,0.017634,0.00299961,32
4/1/2017,Q1_1718,Fair treatment,Southwark,0.75,0.785625,0.782383,-1.68E-05,0.00325896,-0.035625,-0.032366,0.00299961,32
4/1/2017,Q1_1718,Fair treatment,Sutton,0.77,0.785625,0.782383,-1.68E-05,0.00325896,-0.015625,-0.012366,0.00299961,32
4/1/2017,Q1_1718,Fair treatment,Tower Hamlets,0.84,0.785625,0.782383,-1.68E-05,0.00325896,0.054375,0.057634,0.00299961,32
4/1/2017,Q1_1718,Fair treatment,Waltham Forest,0.75,0.785625,0.782383,-1.68E-05,0.00325896,-0.035625,-0.032366,0.00299961,32
4/1/2017,Q1_1718,Fair treatment,Wandsworth,0.79,0.785625,0.782383,-1.68E-05,0.00325896,0.004375,0.00763396,0.00299961,32
4/1/2017,Q1_1718,Fair treatment,Westminster,0.85,0.785625,0.782383,-1.68E-05,0.00325896,0.064375,0.067634,0.00299961,32
4/1/2017,Q1_1718,Good job,Barking and Dagenham,0.68,0.690937,0.690469,-0.00105518,0.00152393,-0.0109375,-0.00941357,0.0032835,32
4/1/2017,Q1_1718,Good job,Barnet,0.7,0.690937,0.690469,-0.00105518,0.00152393,0.0090625,0.0105864,0.0032835,32
4/1/2017,Q1_1718,Good job,Bexley,0.68,0.690937,0.690469,-0.00105518,0.00152393,-0.0109375,-0.00941357,0.0032835,32
4/1/2017,Q1_1718,Good job,Brent,0.64,0.690937,0.690469,-0.00105518,0.00152393,-0.0509375,-0.0494136,0.0032835,32
4/1/2017,Q1_1718,Good job,Bromley,0.67,0.690937,0.690469,-0.00105518,0.00152393,-0.0209375,-0.0194136,0.0032835,32
4/1/2017,Q1_1718,Good job,Camden,0.66,0.690937,0.690469,-0.00105518,0.00152393,-0.0309375,-0.0294136,0.0032835,32
4/1/2017,Q1_1718,Good job,Croydon,0.59,0.690937,0.690469,-0.00105518,0.00152393,-0.100938,-0.0994136,0.0032835,32
4/1/2017,Q1_1718,Good job,Ealing,0.66,0.690937,0.690469,-0.00105518,0.00152393,-0.0309375,-0.0294136,0.0032835,32
4/1/2017,Q1_1718,Good job,Enfield,0.62,0.690937,0.690469,-0.00105518,0.00152393,-0.0709375,-0.0694136,0.0032835,32
4/1/2017,Q1_1718,Good job,Greenwich,0.74,0.690937,0.690469,-0.00105518,0.00152393,0.0490625,0.0505864,0.0032835,32
4/1/2017,Q1_1718,Good job,Hackney,0.65,0.690937,0.690469,-0.00105518,0.00152393,-0.0409375,-0.0394136,0.0032835,32
4/1/2017,Q1_1718,Good job,Hammersmith and Fulham,0.77,0.690937,0.690469,-0.00105518,0.00152393,0.0790625,0.0805864,0.0032835,32
4/1/2017,Q1_1718,Good job,Haringey,0.6,0.690937,0.690469,-0.00105518,0.00152393,-0.0909375,-0.0894136,0.0032835,32
4/1/2017,Q1_1718,Good job,Harrow,0.67,0.690937,0.690469,-0.00105518,0.00152393,-0.0209375,-0.0194136,0.0032835,32
4/1/2017,Q1_1718,Good job,Havering,0.73,0.690937,0.690469,-0.00105518,0.00152393,0.0390625,0.0405864,0.0032835,32
4/1/2017,Q1_1718,Good job,Hillingdon,0.65,0.690937,0.690469,-0.00105518,0.00152393,-0.0409375,-0.0394136,0.0032835,32
4/1/2017,Q1_1718,Good job,Hounslow,0.78,0.690937,0.690469,-0.00105518,0.00152393,0.0890625,0.0905864,0.0032835,32
4/1/2017,Q1_1718,Good job,Islington,0.62,0.690937,0.690469,-0.00105518,0.00152393,-0.0709375,-0.0694136,0.0032835,32
4/1/2017,Q1_1718,Good job,Kensington and Chelsea,0.77,0.690937,0.690469,-0.00105518,0.00152393,0.0790625,0.0805864,0.0032835,32
4/1/2017,Q1_1718,Good job,Kingston upon Thames,0.77,0.690937,0.690469,-0.00105518,0.00152393,0.0790625,0.0805864,0.0032835,32
4/1/2017,Q1_1718,Good job,Lambeth,0.67,0.690937,0.690469,-0.00105518,0.00152393,-0.0209375,-0.0194136,0.0032835,32
4/1/2017,Q1_1718,Good job,Lewisham,0.66,0.690937,0.690469,-0.00105518,0.00152393,-0.0309375,-0.0294136,0.0032835,32
4/1/2017,Q1_1718,Good job,Merton,0.66,0.690937,0.690469,-0.00105518,0.00152393,-0.0309375,-0.0294136,0.0032835,32
4/1/2017,Q1_1718,Good job,Newham,0.7,0.690937,0.690469,-0.00105518,0.00152393,0.0090625,0.0105864,0.0032835,32
4/1/2017,Q1_1718,Good job,Redbridge,0.68,0.690937,0.690469,-0.00105518,0.00152393,-0.0109375,-0.00941357,0.0032835,32
4/1/2017,Q1_1718,Good job,Richmond upon Thames,0.78,0.690937,0.690469,-0.00105518,0.00152393,0.0890625,0.0905864,0.0032835,32
4/1/2017,Q1_1718,Good job,Southwark,0.75,0.690937,0.690469,-0.00105518,0.00152393,0.0590625,0.0605864,0.0032835,32
4/1/2017,Q1_1718,Good job,Sutton,0.66,0.690937,0.690469,-0.00105518,0.00152393,-0.0309375,-0.0294136,0.0032835,32
4/1/2017,Q1_1718,Good job,Tower Hamlets,0.68,0.690937,0.690469,-0.00105518,0.00152393,-0.0109375,-0.00941357,0.0032835,32
4/1/2017,Q1_1718,Good job,Waltham Forest,0.66,0.690937,0.690469,-0.00105518,0.00152393,-0.0309375,-0.0294136,0.0032835,32
4/1/2017,Q1_1718,Good job,Wandsworth,0.73,0.690937,0.690469,-0.00105518,0.00152393,0.0390625,0.0405864,0.0032835,32
4/1/2017,Q1_1718,Good job,Westminster,0.83,0.690937,0.690469,-0.00105518,0.00152393,0.139062,0.140586,0.0032835,32
4/1/2017,Q1_1718,Trust MPS,Barking and Dagenham,0.91,0.882188,0.878789,0.00190036,0.00149808,0.0278125,0.0293106,0.00099209,32
4/1/2017,Q1_1718,Trust MPS,Barnet,0.89,0.882188,0.878789,0.00190036,0.00149808,0.0078125,0.00931058,0.00099209,32
4/1/2017,Q1_1718,Trust MPS,Bexley,0.93,0.882188,0.878789,0.00190036,0.00149808,0.0478125,0.0493106,0.00099209,32
4/1/2017,Q1_1718,Trust MPS,Brent,0.86,0.882188,0.878789,0.00190036,0.00149808,-0.0221875,-0.0206894,0.00099209,32
4/1/2017,Q1_1718,Trust MPS,Bromley,0.91,0.882188,0.878789,0.00190036,0.00149808,0.0278125,0.0293106,0.00099209,32
4/1/2017,Q1_1718,Trust MPS,Camden,0.88,0.882188,0.878789,0.00190036,0.00149808,-0.0021875,-0.000689418,0.00099209,32
4/1/2017,Q1_1718,Trust MPS,Croydon,0.83,0.882188,0.878789,0.00190036,0.00149808,-0.0521875,-0.0506894,0.00099209,32
4/1/2017,Q1_1718,Trust MPS,Ealing,0.89,0.882188,0.878789,0.00190036,0.00149808,0.0078125,0.00931058,0.00099209,32
4/1/2017,Q1_1718,Trust MPS,Enfield,0.82,0.882188,0.878789,0.00190036,0.00149808,-0.0621875,-0.0606894,0.00099209,32
4/1/2017,Q1_1718,Trust MPS,Greenwich,0.92,0.882188,0.878789,0.00190036,0.00149808,0.0378125,0.0393106,0.00099209,32
4/1/2017,Q1_1718,Trust MPS,Hackney,0.81,0.882188,0.878789,0.00190036,0.00149808,-0.0721875,-0.0706894,0.00099209,32
4/1/2017,Q1_1718,Trust MPS,Hammersmith and Fulham,0.91,0.882188,0.878789,0.00190036,0.00149808,0.0278125,0.0293106,0.00099209,32
4/1/2017,Q1_1718,Trust MPS,Haringey,0.84,0.882188,0.878789,0.00190036,0.00149808,-0.0421875,-0.0406894,0.00099209,32
4/1/2017,Q1_1718,Trust MPS,Harrow,0.88,0.882188,0.878789,0.00190036,0.00149808,-0.0021875,-0.000689418,0.00099209,32
4/1/2017,Q1_1718,Trust MPS,Havering,0.91,0.882188,0.878789,0.00190036,0.00149808,0.0278125,0.0293106,0.00099209,32
4/1/2017,Q1_1718,Trust MPS,Hillingdon,0.86,0.882188,0.878789,0.00190036,0.00149808,-0.0221875,-0.0206894,0.00099209,32
4/1/2017,Q1_1718,Trust MPS,Hounslow,0.9,0.882188,0.878789,0.00190036,0.00149808,0.0178125,0.0193106,0.00099209,32
4/1/2017,Q1_1718,Trust MPS,Islington,0.85,0.882188,0.878789,0.00190036,0.00149808,-0.0321875,-0.0306894,0.00099209,32
4/1/2017,Q1_1718,Trust MPS,Kensington and Chelsea,0.92,0.882188,0.878789,0.00190036,0.00149808,0.0378125,0.0393106,0.00099209,32
4/1/2017,Q1_1718,Trust MPS,Kingston upon Thames,0.92,0.882188,0.878789,0.00190036,0.00149808,0.0378125,0.0393106,0.00099209,32
4/1/2017,Q1_1718,Trust MPS,Lambeth,0.88,0.882188,0.878789,0.00190036,0.00149808,-0.0021875,-0.000689418,0.00099209,32
4/1/2017,Q1_1718,Trust MPS,Lewisham,0.85,0.882188,0.878789,0.00190036,0.00149808,-0.0321875,-0.0306894,0.00099209,32
4/1/2017,Q1_1718,Trust MPS,Merton,0.89,0.882188,0.878789,0.00190036,0.00149808,0.0078125,0.00931058,0.00099209,32
4/1/2017,Q1_1718,Trust MPS,Newham,0.89,0.882188,0.878789,0.00190036,0.00149808,0.0078125,0.00931058,0.00099209,32
4/1/2017,Q1_1718,Trust MPS,Redbridge,0.91,0.882188,0.878789,0.00190036,0.00149808,0.0278125,0.0293106,0.00099209,32
4/1/2017,Q1_1718,Trust MPS,Richmond upon Thames,0.88,0.882188,0.878789,0.00190036,0.00149808,-0.0021875,-0.000689418,0.00099209,32
4/1/2017,Q1_1718,Trust MPS,Southwark,0.83,0.882188,0.878789,0.00190036,0.00149808,-0.0521875,-0.0506894,0.00099209,32
4/1/2017,Q1_1718,Trust MPS,Sutton,0.87,0.882188,0.878789,0.00190036,0.00149808,-0.0121875,-0.0106894,0.00099209,32
4/1/2017,Q1_1718,Trust MPS,Tower Hamlets,0.89,0.882188,0.878789,0.00190036,0.00149808,0.0078125,0.00931058,0.00099209,32
4/1/2017,Q1_1718,Trust MPS,Waltham Forest,0.89,0.882188,0.878789,0.00190036,0.00149808,0.0078125,0.00931058,0.00099209,32
4/1/2017,Q1_1718,Trust MPS,Wandsworth,0.9,0.882188,0.878789,0.00190036,0.00149808,0.0178125,0.0193106,0.00099209,32
4/1/2017,Q1_1718,Trust MPS,Westminster,0.91,0.882188,0.878789,0.00190036,0.00149808,0.0278125,0.0293106,0.00099209,32
,,,,,,,,,,,,
,,,,,,,,,,,,
,,,,,,,,,,,,
,,,,,,,,,,,,
,,,,,,,,,,,,
,,,,,,,,,,,,
,,,,,,,,,,,,
,,,,,,,,,,,,
,,,,,,,,,,,,
,,,,,,,,,,,,
,,,,,,,,,,,,
,,,,,,,,,,,,
,,,,,,,,,,,,
,,,,,,,,,,,,
,,,,,,,,,,,,
,,,,,,,,,,,,
,,,,,,,,,,,,
,,,,,,,,,,,,
,,,,,,,,,,,,
,,,,,,,,,,,,
,,,,,,,,,,,,
,,,,,,,,,,,,
,,,,,,,,,,,,
,,,,,,,,,,,,
,,,,,,,,,,,,
,,,,,,,,,,,,
,,,,,,,,,,,,
,,,,,,,,,,,,
,,,,,,,,,,,,
,,,,,,,,,,,,
,,,,,,,,,,,,
,,,,,,,,,,,,
,,,,,,,,,,,,
,,,,,,,,,,,,
,,,,,,,,,,,,
,,,,,,,,,,,,
,,,,,,,,,,,,
,,,,,,,,,,,,
,,,,,,,,,,,,
,,,,,,,,,,,,
,,,,,,,,,,,,
,,,,,,,,,,,,
,,,,,,,,,,,,
,,,,,,,,,,,,
,,,,,,,,,,,,
,,,,,,,,,,,,
,,,,,,,,,,,,
,,,,,,,,,,,,
,,,,,,,,,,,,
,,,,,,,,,,,,
,,,,,,,,,,,,
,,,,,,,,,,,,
,,,,,,,,,,,,
,,,,,,,,,,,,
,,,,,,,,,,,,
,,,,,,,,,,,,
,,,,,,,,,,,,
,,,,,,,,,,,,
,,,,,,,,,,,,
,,,,,,,,,,,,
,,,,,,,,,,,,
,,,,,,,,,,,,
,,,,,,,,,,,,
,,,,,,,,,,,,
,,,,,,,,,,,,
,,,,,,,,,,,,
,,,,,,,,,,,,
,,,,,,,,,,,,
,,,,,,,,,,,,
,,,,,,,,,,,,
,,,,,,,,,,,,
,,,,,,,,,,,,
,,,,,,,,,,,,
,,,,,,,,,,,,
,,,,,,,,,,,,
,,,,,,,,,,,,
,,,,,,,,,,,,
,,,,,,,,,,,,
,,,,,,,,,,,,
,,,,,,,,,,,,
,,,,,,,,,,,,
,,,,,,,,,,,,
,,,,,,,,,,,,
,,,,,,,,,,,,
,,,,,,,,,,,,
,,,,,,,,,,,,
,,,,,,,,,,,,
,,,,,,,,,,,,
,,,,,,,,,,,,
,,,,,,,,,,,,
,,,,,,,,,,,,
,,,,,,,,,,,,
,,,,,,,,,,,,
,,,,,,,,,,,,
,,,,,,,,,,,,
,,,,,,,,,,,,
,,,,,,,,,,,,
,,,,,,,,,,,,
,,,,,,,,,,,,
,,,,,,,,,,,,
,,,,,,,,,,,,
,,,,,,,,,,,,
,,,,,,,,,,,,
,,,,,,,,,,,,
,,,,,,,,,,,,
,,,,,,,,,,,,
,,,,,,,,,,,,
,,,,,,,,,,,,
,,,,,,,,,,,,
,,,,,,,,,,,,
,,,,,,,,,,,,
,,,,,,,,,,,,
,,,,,,,,,,,,
,,,,,,,,,,,,
,,,,,,,,,,,,
,,,,,,,,,,,,
,,,,,,,,,,,,
,,,,,,,,,,,,
,,,,,,,,,,,,
,,,,,,,,,,,,
,,,,,,,,,,,,
,,,,,,,,,,,,
,,,,,,,,,,,,
,,,,,,,,,,,,
,,,,,,,,,,,,
,,,,,,,,,,,,
,,,,,,,,,,,,
,,,,,,,,,,,,
,,,,,,,,,,,,
,,,,,,,,,,,,
,,,,,,,,,,,,
,,,,,,,,,,,,
,,,,,,,,,,,,
,,,,,,,,,,,,
,,,,,,,,,,,,
,,,,,,,,,,,,
,,,,,,,,,,,,
,,,,,,,,,,,,
,,,,,,,,,,,,
,,,,,,,,,,,,
,,,,,,,,,,,,
,,,,,,,,,,,,
,,,,,,,,,,,,
,,,,,,,,,,,,
,,,,,,,,,,,,
,,,,,,,,,,,,
,,,,,,,,,,,,
,,,,,,,,,,,,
,,,,,,,,,,,,
,,,,,,,,,,,,
,,,,,,,,,,,,
,,,,,,,,,,,,
,,,,,,,,,,,,
,,,,,,,,,,,,
,,,,,,,,,,,,
,,,,,,,,,,,,
,,,,,,,,,,,,
,,,,,,,,,,,,
,,,,,,,,,,,,
,,,,,,,,,,,,
,,,,,,,,,,,,
,,,,,,,,,,,,
,,,,,,,,,,,,
,,,,,,,,,,,,
,,,,,,,,,,,,
,,,,,,,,,,,,
,,,,,,,,,,,,
,,,,,,,,,,,,
,,,,,,,,,,,,
,,,,,,,,,,,,
,,,,,,,,,,,,
,,,,,,,,,,,,
,,,,,,,,,,,,
,,,,,,,,,,,,
,,,,,,,,,,,,
,,,,,,,,,,,,
,,,,,,,,,,,,
,,,,,,,,,,,,
,,,,,,,,,,,,
,,,,,,,,,,,,
,,,,,,,,,,,,
,,,,,,,,,,,,
,,,,,,,,,,,,
,,,,,,,,,,,,
,,,,,,,,,,,,
,,,,,,,,,,,,
,,,,,,,,,,,,
,,,,,,,,,,,,
,,,,,,,,,,,,
,,,,,,,,,,,,
,,,,,,,,,,,,
,,,,,,,,,,,,
,,,,,,,,,,,,
,,,,,,,,,,,,
,,,,,,,,,,,,
,,,,,,,,,,,,
,,,,,,,,,,,,
,,,,,,,,,,,,
,,,,,,,,,,,,
,,,,,,,,,,,,
,,,,,,,,,,,,
,,,,,,,,,,,,
,,,,,,,,,,,,
,,,,,,,,,,,,
,,,,,,,,,,,,
,,,,,,,,,,,,
,,,,,,,,,,,,
,,,,,,,,,,,,
,,,,,,,,,,,,
,,,,,,,,,,,,
,,,,,,,,,,,,
,,,,,,,,,,,,
,,,,,,,,,,,,
,,,,,,,,,,,,
,,,,,,,,,,,,
,,,,,,,,,,,,
,,,,,,,,,,,,
,,,,,,,,,,,,
,,,,,,,,,,,,
,,,,,,,,,,,,
,,,,,,,,,,,,
,,,,,,,,,,,,
,,,,,,,,,,,,
,,,,,,,,,,,,
,,,,,,,,,,,,
,,,,,,,,,,,,
,,,,,,,,,,,,
,,,,,,,,,,,,
,,,,,,,,,,,,
,,,,,,,,,,,,
,,,,,,,,,,,,
,,,,,,,,,,,,
,,,,,,,,,,,,
,,,,,,,,,,,,
,,,,,,,,,,,,
,,,,,,,,,,,,
,,,,,,,,,,,,
,,,,,,,,,,,,
,,,,,,,,,,,,
,,,,,,,,,,,,
,,,,,,,,,,,,
,,,,,,,,,,,,
,,,,,,,,,,,,
,,,,,,,,,,,,
,,,,,,,,,,,,
,,,,,,,,,,,,
,,,,,,,,,,,,
,,,,,,,,,,,,
,,,,,,,,,,,,
,,,,,,,,,,,,
,,,,,,,,,,,,
,,,,,,,,,,,,
,,,,,,,,,,,,
,,,,,,,,,,,,
,,,,,,,,,,,,
,,,,,,,,,,,,
,,,,,,,,,,,,
,,,,,,,,,,,,
,,,,,,,,,,,,
,,,,,,,,,,,,
,,,,,,,,,,,,
,,,,,,,,,,,,
,,,,,,,,,,,,
,,,,,,,,,,,,
,,,,,,,,,,,,
,,,,,,,,,,,,
,,,,,,,,,,,,
,,,,,,,,,,,,
,,,,,,,,,,,,
,,,,,,,,,,,,
,,,,,,,,,,,,
,,,,,,,,,,,,
,,,,,,,,,,,,
,,,,,,,,,,,,
,,,,,,,,,,,,
,,,,,,,,,,,,
,,,,,,,,,,,,
,,,,,,,,,,,,
,,,,,,,,,,,,
,,,,,,,,,,,,
,,,,,,,,,,,,
,,,,,,,,,,,,
,,,,,,,,,,,,
,,,,,,,,,,,,
,,,,,,,,,,,,
,,,,,,,,,,,,
,,,,,,,,,,,,
,,,,,,,,,,,,
,,,,,,,,,,,,
,,,,,,,,,,,,
,,,,,,,,,,,,
,,,,,,,,,,,,
,,,,,,,,,,,,
,,,,,,,,,,,,
,,,,,,,,,,,,
,,,,,,,,,,,,
,,,,,,,,,,,,
,,,,,,,,,,,,
,,,,,,,,,,,,
,,,,,,,,,,,,
,,,,,,,,,,,,
,,,,,,,,,,,,
,,,,,,,,,,,,
,,,,,,,,,,,,
,,,,,,,,,,,,
,,,,,,,,,,,,
,,,,,,,,,,,,
,,,,,,,,,,,,
,,,,,,,,,,,,
,,,,,,,,,,,,
,,,,,,,,,,,,
,,,,,,,,,,,,
,,,,,,,,,,,,
,,,,,,,,,,,,
,,,,,,,,,,,,
,,,,,,,,,,,,
,,,,,,,,,,,,
,,,,,,,,,,,,
,,,,,,,,,,,,
,,,,,,,,,,,,
,,,,,,,,,,,,
,,,,,,,,,,,,
,,,,,,,,,,,,
,,,,,,,,,,,,
,,,,,,,,,,,,
,,,,,,,,,,,,
,,,,,,,,,,,,
,,,,,,,,,,,,
,,,,,,,,,,,,
,,,,,,,,,,,,
,,,,,,,,,,,,
,,,,,,,,,,,,
,,,,,,,,,,,,
,,,,,,,,,,,,
,,,,,,,,,,,,
,,,,,,,,,,,,
,,,,,,,,,,,,
,,,,,,,,,,,,
,,,,,,,,,,,,
,,,,,,,,,,,,
,,,,,,,,,,,,
,,,,,,,,,,,,
,,,,,,,,,,,,
,,,,,,,,,,,,
,,,,,,,,,,,,
,,,,,,,,,,,,
,,,,,,,,,,,,
,,,,,,,,,,,,
,,,,,,,,,,,,
,,,,,,,,,,,,
,,,,,,,,,,,,
,,,,,,,,,,,,
,,,,,,,,,,,,
,,,,,,,,,,,,
,,,,,,,,,,,,
,,,,,,,,,,,,
,,,,,,,,,,,,
,,,,,,,,,,,,
,,,,,,,,,,,,
,,,,,,,,,,,,
,,,,,,,,,,,,
,,,,,,,,,,,,
,,,,,,,,,,,,
,,,,,,,,,,,,
,,,,,,,,,,,,
,,,,,,,,,,,,
,,,,,,,,,,,,
,,,,,,,,,,,,
,,,,,,,,,,,,
,,,,,,,,,,,,
,,,,,,,,,,,,
,,,,,,,,,,,,
,,,,,,,,,,,,
,,,,,,,,,,,,
,,,,,,,,,,,,
,,,,,,,,,,,,
,,,,,,,,,,,,
,,,,,,,,,,,,
,,,,,,,,,,,,
,,,,,,,,,,,,
,,,,,,,,,,,,
,,,,,,,,,,,,
,,,,,,,,,,,,
,,,,,,,,,,,,
,,,,,,,,,,,,
,,,,,,,,,,,,
,,,,,,,,,,,,
,,,,,,,,,,,,
,,,,,,,,,,,,
,,,,,,,,,,,,
,,,,,,,,,,,,
,,,,,,,,,,,,
,,,,,,,,,,,,
,,,,,,,,,,,,
,,,,,,,,,,,,
,,,,,,,,,,,,
,,,,,,,,,,,,
,,,,,,,,,,,,
,,,,,,,,,,,,
,,,,,,,,,,,,
,,,,,,,,,,,,
,,,,,,,,,,,,
,,,,,,,,,,,,
,,,,,,,,,,,,
,,,,,,,,,,,,
,,,,,,,,,,,,
,,,,,,,,,,,,
,,,,,,,,,,,,
,,,,,,,,,,,,
,,,,,,,,,,,,
,,,,,,,,,,,,
,,,,,,,,,,,,
,,,,,,,,,,,,
,,,,,,,,,,,,
,,,,,,,,,,,,
,,,,,,,,,,,,
,,,,,,,,,,,,
,,,,,,,,,,,,
,,,,,,,,,,,,
,,,,,,,,,,,,
,,,,,,,,,,,,
,,,,,,,,,,,,
,,,,,,,,,,,,
,,,,,,,,,,,,
,,,,,,,,,,,,
,,,,,,,,,,,,
,,,,,,,,,,,,
,,,,,,,,,,,,
,,,,,,,,,,,,
,,,,,,,,,,,,
,,,,,,,,,,,,
,,,,,,,,,,,,
,,,,,,,,,,,,
,,,,,,,,,,,,
,,,,,,,,,,,,
,,,,,,,,,,,,
,,,,,,,,,,,,
,,,,,,,,,,,,
,,,,,,,,,,,,
,,,,,,,,,,,,
,,,,,,,,,,,,
,,,,,,,,,,,,
,,,,,,,,,,,,
,,,,,,,,,,,,
,,,,,,,,,,,,
,,,,,,,,,,,,
,,,,,,,,,,,,
,,,,,,,,,,,,
,,,,,,,,,,,,
,,,,,,,,,,,,
,,,,,,,,,,,,
,,,,,,,,,,,,
,,,,,,,,,,,,
,,,,,,,,,,,,
,,,,,,,,,,,,
,,,,,,,,,,,,
,,,,,,,,,,,,
,,,,,,,,,,,,
,,,,,,,,,,,,
,,,,,,,,,,,,
,,,,,,,,,,,,
,,,,,,,,,,,,
,,,,,,,,,,,,
,,,,,,,,,,,,
,,,,,,,,,,,,
,,,,,,,,,,,,
,,,,,,,,,,,,
,,,,,,,,,,,,
,,,,,,,,,,,,
,,,,,,,,,,,,
,,,,,,,,,,,,
,,,,,,,,,,,,
,,,,,,,,,,,,
,,,,,,,,,,,,
,,,,,,,,,,,,
,,,,,,,,,,,,
,,,,,,,,,,,,
,,,,,,,,,,,,
,,,,,,,,,,,,
,,,,,,,,,,,,
,,,,,,,,,,,,
,,,,,,,,,,,,
,,,,,,,,,,,,
,,,,,,,,,,,,
,,,,,,,,,,,,
,,,,,,,,,,,,
,,,,,,,,,,,,
,,,,,,,,,,,,
,,,,,,,,,,,,
,,,,,,,,,,,,
,,,,,,,,,,,,
,,,,,,,,,,,,
,,,,,,,,,,,,
,,,,,,,,,,,,
,,,,,,,,,,,,
,,,,,,,,,,,,
,,,,,,,,,,,,
,,,,,,,,,,,,
,,,,,,,,,,,,
,,,,,,,,,,,,
,,,,,,,,,,,,
,,,,,,,,,,,,
,,,,,,,,,,,,
,,,,,,,,,,,,
,,,,,,,,,,,,
,,,,,,,,,,,,
,,,,,,,,,,,,
,,,,,,,,,,,,
,,,,,,,,,,,,
,,,,,,,,,,,,
,,,,,,,,,,,,
,,,,,,,,,,,,
,,,,,,,,,,,,
,,,,,,,,,,,,
,,,,,,,,,,,,
,,,,,,,,,,,,
,,,,,,,,,,,,
,,,,,,,,,,,,
,,,,,,,,,,,,
,,,,,,,,,,,,
,,,,,,,,,,,,
,,,,,,,,,,,,
,,,,,,,,,,,,
,,,,,,,,,,,,
,,,,,,,,,,,,
,,,,,,,,,,,,
,,,,,,,,,,,,
,,,,,,,,,,,,
,,,,,,,,,,,,
,,,,,,,,,,,,
,,,,,,,,,,,,
,,,,,,,,,,,,
,,,,,,,,,,,,
,,,,,,,,,,,,
,,,,,,,,,,,,
,,,,,,,,,,,,
,,,,,,,,,,,,
,,,,,,,,,,,,
,,,,,,,,,,,,
,,,,,,,,,,,,
,,,,,,,,,,,,
,,,,,,,,,,,,
,,,,,,,,,,,,
,,,,,,,,,,,,
,,,,,,,,,,,,
,,,,,,,,,,,,
,,,,,,,,,,,,
,,,,,,,,,,,,
,,,,,,,,,,,,
,,,,,,,,,,,,
,,,,,,,,,,,,
,,,,,,,,,,,,
,,,,,,,,,,,,
,,,,,,,,,,,,
,,,,,,,,,,,,
,,,,,,,,,,,,
,,,,,,,,,,,,
,,,,,,,,,,,,
,,,,,,,,,,,,
,,,,,,,,,,,,
,,,,,,,,,,,,
,,,,,,,,,,,,
,,,,,,,,,,,,
,,,,,,,,,,,,
,,,,,,,,,,,,
,,,,,,,,,,,,
,,,,,,,,,,,,
,,,,,,,,,,,,
,,,,,,,,,,,,
,,,,,,,,,,,,
,,,,,,,,,,,,
,,,,,,,,,,,,
,,,,,,,,,,,,
,,,,,,,,,,,,
,,,,,,,,,,,,
,,,,,,,,,,,,
,,,,,,,,,,,,
,,,,,,,,,,,,
,,,,,,,,,,,,
,,,,,,,,,,,,
,,,,,,,,,,,,
,,,,,,,,,,,,
,,,,,,,,,,,,
,,,,,,,,,,,,
,,,,,,,,,,,,
,,,,,,,,,,,,
,,,,,,,,,,,,
,,,,,,,,,,,,
,,,,,,,,,,,,
,,,,,,,,,,,,
,,,,,,,,,,,,
,,,,,,,,,,,,
,,,,,,,,,,,,
,,,,,,,,,,,,
,,,,,,,,,,,,
,,,,,,,,,,,,
,,,,,,,,,,,,
,,,,,,,,,,,,
,,,,,,,,,,,,
,,,,,,,,,,,,
,,,,,,,,,,,,
,,,,,,,,,,,,
,,,,,,,,,,,,
,,,,,,,,,,,,
,,,,,,,,,,,,
,,,,,,,,,,,,
,,,,,,,,,,,,
,,,,,,,,,,,,
,,,,,,,,,,,,
,,,,,,,,,,,,
,,,,,,,,,,,,
,,,,,,,,,,,,
,,,,,,,,,,,,
,,,,,,,,,,,,
,,,,,,,,,,,,
,,,,,,,,,,,,
,,,,,,,,,,,,
,,,,,,,,,,,,
,,,,,,,,,,,,
,,,,,,,,,,,,
,,,,,,,,,,,,
,,,,,,,,,,,,
,,,,,,,,,,,,
,,,,,,,,,,,,
,,,,,,,,,,,,
,,,,,,,,,,,,
,,,,,,,,,,,,
,,,,,,,,,,,,
,,,,,,,,,,,,
,,,,,,,,,,,,
,,,,,,,,,,,,
,,,,,,,,,,,,
,,,,,,,,,,,,
,,,,,,,,,,,,
,,,,,,,,,,,,
,,,,,,,,,,,,
,,,,,,,,,,,,
,,,,,,,,,,,,
,,,,,,,,,,,,
,,,,,,,,,,,,
,,,,,,,,,,,,
,,,,,,,,,,,,
,,,,,,,,,,,,
,,,,,,,,,,,,
,,,,,,,,,,,,
,,,,,,,,,,,,
,,,,,,,,,,,,
,,,,,,,,,,,,
,,,,,,,,,,,,
,,,,,,,,,,,,
,,,,,,,,,,,,
,,,,,,,,,,,,
,,,,,,,,,,,,
,,,,,,,,,,,,
,,,,,,,,,,,,
,,,,,,,,,,,,
,,,,,,,,,,,,
,,,,,,,,,,,,
,,,,,,,,,,,,
,,,,,,,,,,,,
,,,,,,,,,,,,
,,,,,,,,,,,,
,,,,,,,,,,,,
,,,,,,,,,,,,
,,,,,,,,,,,,
,,,,,,,,,,,,
,,,,,,,,,,,,
,,,,,,,,,,,,
,,,,,,,,,,,,
,,,,,,,,,,,,
,,,,,,,,,,,,
,,,,,,,,,,,,
,,,,,,,,,,,,
,,,,,,,,,,,,
,,,,,,,,,,,,
,,,,,,,,,,,,
,,,,,,,,,,,,
,,,,,,,,,,,,
,,,,,,,,,,,,
,,,,,,,,,,,,
,,,,,,,,,,,,
,,,,,,,,,,,,
,,,,,,,,,,,,
,,,,,,,,,,,,
,,,,,,,,,,,,
,,,,,,,,,,,,
,,,,,,,,,,,,
,,,,,,,,,,,,
,,,,,,,,,,,,
,,,,,,,,,,,,
,,,,,,,,,,,,
,,,,,,,,,,,,
,,,,,,,,,,,,
,,,,,,,,,,,,
,,,,,,,,,,,,
,,,,,,,,,,,,
,,,,,,,,,,,,
,,,,,,,,,,,,
,,,,,,,,,,,,
,,,,,,,,,,,,
,,,,,,,,,,,,
,,,,,,,,,,,,
,,,,,,,,,,,,
,,,,,,,,,,,,
,,,,,,,,,,,,
,,,,,,,,,,,,
,,,,,,,,,,,,
,,,,,,,,,,,,
,,,,,,,,,,,,
,,,,,,,,,,,,
,,,,,,,,,,,,
,,,,,,,,,,,,
,,,,,,,,,,,,
,,,,,,,,,,,,
,,,,,,,,,,,,
,,,,,,,,,,,,
,,,,,,,,,,,,
,,,,,,,,,,,,
,,,,,,,,,,,,
,,,,,,,,,,,,
,,,,,,,,,,,,
,,,,,,,,,,,,
,,,,,,,,,,,,
,,,,,,,,,,,,
,,,,,,,,,,,,
,,,,,,,,,,,,
,,,,,,,,,,,,
,,,,,,,,,,,,
,,,,,,,,,,,,
,,,,,,,,,,,,
,,,,,,,,,,,,
,,,,,,,,,,,,
,,,,,,,,,,,,
,,,,,,,,,,,,
,,,,,,,,,,,,
,,,,,,,,,,,,
,,,,,,,,,,,,
,,,,,,,,,,,,
,,,,,,,,,,,,
,,,,,,,,,,,,
,,,,,,,,,,,,
,,,,,,,,,,,,
,,,,,,,,,,,,
,,,,,,,,,,,,
,,,,,,,,,,,,
,,,,,,,,,,,,
,,,,,,,,,,,,
,,,,,,,,,,,,
,,,,,,,,,,,,
,,,,,,,,,,,,
,,,,,,,,,,,,
,,,,,,,,,,,,
,,,,,,,,,,,,
,,,,,,,,,,,,
,,,,,,,,,,,,
,,,,,,,,,,,,
,,,,,,,,,,,,
,,,,,,,,,,,,
,,,,,,,,,,,,
,,,,,,,,,,,,
,,,,,,,,,,,,
,,,,,,,,,,,,
,,,,,,,,,,,,
,,,,,,,,,,,,
,,,,,,,,,,,,
,,,,,,,,,,,,
,,,,,,,,,,,,
,,,,,,,,,,,,
,,,,,,,,,,,,
,,,,,,,,,,,,
,,,,,,,,,,,,
,,,,,,,,,,,,
,,,,,,,,,,,,
,,,,,,,,,,,,
,,,,,,,,,,,,
,,,,,,,,,,,,
,,,,,,,,,,,,
,,,,,,,,,,,,
,,,,,,,,,,,,
,,,,,,,,,,,,
,,,,,,,,,,,,
,,,,,,,,,,,,
,,,,,,,,,,,,
,,,,,,,,,,,,
,,,,,,,,,,,,
,,,,,,,,,,,,
,,,,,,,,,,,,
,,,,,,,,,,,,
,,,,,,,,,,,,
,,,,,,,,,,,,
,,,,,,,,,,,,
,,,,,,,,,,,,
,,,,,,,,,,,,
,,,,,,,,,,,,
,,,,,,,,,,,,
,,,,,,,,,,,,
,,,,,,,,,,,,
,,,,,,,,,,,,
,,,,,,,,,,,,
,,,,,,,,,,,,
