metric,crime_type,params,pvalues,rsquared,rsquared_adj,hc3_params,hc3_bse,hc3_pvalues,durbin_watson,shapiro_p,skew,kurtosis,cooks_d,leverage,diag_plot,breusch_pagan.lm_stat,breusch_pagan.lm_pvalue,breusch_pagan.f_stat,breusch_pagan.f_pvalue
Good job,ARSON AND CRIMINAL DAMAGE,"[-15.528455013962008, 1.668502492738523, -0.04874261075613322]","[0.0751702650298472, 0.07912703875998113, 0.7301483993070041]",0.11750693680543878,0.06402250873304116,"[-15.528455013962008, 1.668502492738523, -0.04874261075613322]","[11.21512484375757, 1.2131116947249854, 0.1509052358483736]","[0.1754662796150451, 0.17827577654792387, 0.7487319751656236]",0.18401915606484223,0.03660658710233267,0.0955286400978521,-1.3162732581825036,"[0.14615924689352439, 0.08232808357462879, 0.09271537709041568, 0.048861064824844896, 0.04044170958029453, 0.07820423147387806, 0.011899342046277388, 0.012284517163875314, 0.003511112881692429, 0.0029381993396843495, 0.003858261137175407, 0.005658974555025891, 0.23907332057570413, 0.0026026626524028487, 0.03033024021592221, 0.14426510250879065, 2.497323551391047e-10, 0.00026254774889049, 0.00041028433710274466, 0.0008609611240436671, 0.003937650706618499, 0.0026517211396595805, 0.047566934485819896, 0.0009268613427111623, 0.013151231121690692, 0.0410038943598363, 0.021442886066775763, 0.022209534923424513, 0.013894804693873386, 0.0942063743149698, 0.025217117384831525, 0.02735470909481944, 0.04233206924131021, 0.035083916122755965, 0.013087300877695373, 0.029122839691985133]","[0.17121768466259824, 0.11500976900331322, 0.1305031675395773, 0.04780030886002412, 0.06594518891387086, 0.11238176561679869, 0.03628140327887278, 0.05677183298568944, 0.042638844325183084, 0.03761355288172445, 0.06374247240523434, 0.03774797831439293, 0.22480686269980338, 0.051481613393207476, 0.1795958143894017, 0.22201374099471088, 0.030540858134267185, 0.03104813973773045, 0.040283009997520436, 0.09543004938257693, 0.030246636747860746, 0.04544126523972536, 0.25633042529199257, 0.08157438209143081, 0.039880893800345936, 0.06686960931317118, 0.07615249933327412, 0.08089794788450722, 0.042645759410219, 0.09639963679991195, 0.06284314694425058, 0.07667278592297869, 0.05602824520538427, 0.04800181956497085, 0.033522689233984576, 0.11363819969949357]",C:\Users\einob\OneDrive - King's College London\AA - Individual Project Files\Visual Python Code\Residual Outputs\diagnostics_multivar\diag_Good_job_ARSON_AND_CRIMINAL_DAMAGE_20170401-20260101.png,5.5941719516868655,0.06098752305308106,3.035728448380612,0.061630617228277625
Good job,BURGLARY,"[-3.148956671640243, 0.28644212956228493, 0.16010024581983617]","[0.27692983310244873, 0.37255639404717295, 0.16498147620685025]",0.18251627561628758,0.13297180747182025,"[-3.148956671640243, 0.28644212956228493, 0.16010024581983617]","[2.997552089715675, 0.34223316886670524, 0.12086604297799419]","[0.3011164773520818, 0.4086246804851574, 0.1944013723035215]",0.1808271918733941,0.5589089800353174,0.295900173885814,-0.6143387422009092,"[0.14221150428234022, 0.041352135828250584, 0.06100963055976643, 0.042562074616847675, 0.08411666315902915, 0.018821110943609255, 0.010149772717357246, 0.0036628247990162103, 0.0014262641264300073, 0.006699142693757452, 0.00013224236747173132, 0.0002961101608779773, 0.05640926863839312, 0.14765797251558865, 0.0021496663613148124, 0.013190381943929264, 0.00610081491617409, 0.0026369488491725683, 0.007034448474186296, 0.0016454398292678008, 0.0022050597435290006, 0.0002949595582607892, 0.001431889953214371, 0.0004964976982067043, 0.022945614306111684, 0.007056495284505668, 0.03438630801487599, 0.03756261788176816, 0.015134028566002988, 0.03305169423316078, 0.09643174701050554, 0.053689661560695975, 0.020858763419630316, 0.01375100325840765, 0.012101908456897204, 0.03470982008889491]","[0.07265831683883767, 0.036930878110840885, 0.06876815304597914, 0.06254217456149569, 0.4142801128814897, 0.06462988326987704, 0.09234597491227266, 0.0750738600216559, 0.051558822736174154, 0.05700126800553809, 0.07122967484216403, 0.09415781927981831, 0.10049899875793217, 0.20340480094282554, 0.031172712658522603, 0.06879676449955047, 0.0805669433015807, 0.0716450041320714, 0.10004976690445994, 0.05827623757915657, 0.08495658615672488, 0.0945144507224602, 0.0577080440272104, 0.05552813279467357, 0.11124117697090308, 0.02969850351382903, 0.09965877400148598, 0.07894906371574789, 0.047892705529443275, 0.04430495049265079, 0.11415116529608885, 0.05729994632475012, 0.03479975080188688, 0.028068999134297907, 0.07750045286579715, 0.10813913036980949]",C:\Users\einob\OneDrive - King's College London\AA - Individual Project Files\Visual Python Code\Residual Outputs\diagnostics_multivar\diag_Good_job_BURGLARY_20170401-20260101.png,7.461045297260304,0.02398029929031543,4.313656498182008,0.021663906011774894
Good job,DOMESTIC ABUSE,"[25.1063605407609, -2.4263006967590863, -0.013487415611704795]","[0.0023227780535248588, 0.0028300446719907914, 0.8042127820833964]",0.30820070478033945,0.27525788119845085,"[25.1063605407609, -2.4263006967590863, -0.013487415611704795]","[7.672610463318532, 0.7594218735848626, 0.05534886666214034]","[0.0021383068866074805, 0.002653970989406949, 0.8086649783310879]",0.2366736701820084,0.053857376723357935,-0.29806182449140395,-1.0327165181139775,"[0.011765714079904862, 0.0018696801669448161, 0.015105514087352815, 0.013542552672787044, 0.006948891751545823, 0.030363773134276295, 0.0589045441751665, 0.011063755969600636, 0.011028218301801148, 0.03530436890162552, 0.02741268335984555, 0.05539169127566616, 0.018243234143940575, 0.02566901569758326, 0.041824457053566015, 0.020266177899781686, 0.012679029772692937, 0.006317640385930422, 0.015116630993185906, 0.004043623977628108, 0.001132916901755997, 0.03300144407005768, 0.08646616851874163, 6.553029233019087e-05, 0.0027871561030194856, 0.0011227675951028394, 0.00030460218553149713, 0.0005995064292822802, 0.006539431632162737, 0.004836227550809065, 0.0019029373524937748, 0.005003226854003276, 0.006369554504023547, 0.0005829183820768119, 0.0033224224803607896, 0.010979707622794349, 0.025622555377500834, 0.03483961941905717, 0.021298449762488677, 0.05644590002565594, 0.08296053382408865, 0.03430595403621194, 0.01385179132430208, 0.04539571471459268, 0.024978184852076094]","[0.1761354924348355, 0.09919470131735686, 0.09182844451671396, 0.09160801820746402, 0.09935276998048659, 0.09177375454075826, 0.10062901305347749, 0.10374292157144716, 0.10341118704714658, 0.04900380920141291, 0.04498892381609061, 0.11738097152103041, 0.14787792782930365, 0.03657255249258044, 0.0468829625883488, 0.07400663699536486, 0.08788585299975624, 0.04637236015101738, 0.05136795048060793, 0.04468788460556214, 0.050510265895620535, 0.0753236854535992, 0.11774379392648102, 0.025929883280179592, 0.04342130279413125, 0.05056027504835654, 0.07335522618914336, 0.03813407188271532, 0.03524389632618218, 0.036366700874885374, 0.06989140614820803, 0.030820186184013505, 0.029444148094428732, 0.09354664700838519, 0.08390818266842881, 0.03068173016651663, 0.028961735349962003, 0.036123675809254296, 0.03260541025454039, 0.055971370582768465, 0.06283092343499837, 0.04969289380493567, 0.045897155804387815, 0.06715438354451894, 0.031176914122603407]",C:\Users\einob\OneDrive - King's College London\AA - Individual Project Files\Visual Python Code\Residual Outputs\diagnostics_multivar\diag_Good_job_DOMESTIC_ABUSE_20150101-20260101.png,1.0876464917304811,0.5805245161814603,0.5201401086835113,0.5982162479908483
Good job,DRUG OFFENCES,"[-0.5559573298550897, -0.23030459986174506, 0.5868943903687722]","[0.804262323429202, 0.3107492029588734, 1.891024638176706e-06]",0.5326589304625451,0.5043352292784569,"[-0.5559573298550897, -0.23030459986174506, 0.5868943903687722]","[2.911198099899865, 0.30029985057652747, 0.08395056938034962]","[0.8497176239097263, 0.4485839761829023, 5.395381808270491e-08]",0.36980599530656133,0.4388911117626926,0.21086054991007,-0.7286096847944123,"[0.10690481372224403, 0.06437794659283125, 0.063639770097325, 0.053774643098063825, 0.007462773949409692, 0.006622417079236245, 9.614216271039433e-05, 0.0034918337861666016, 0.022887741897366674, 0.03227436041565111, 0.007295010833035221, 0.010065347546277753, 0.20852252546284022, 0.0024468567329698973, 0.023748960363242238, 0.003311777572354144, 0.003270247082166762, 0.002695127972293143, 6.858699579914815e-05, 1.6391595205667925e-06, 0.005526594063962577, 0.012522564660944698, 0.13260958353123636, 0.002486435253506634, 0.015659441395729393, 0.027355055441072893, 0.10713207939078748, 0.08174235355525163, 0.07844005977626985, 0.006252158665304845, 0.02318084294477239, 0.014437931255235577, 0.05270128083889743, 0.010382507805017772, 0.0005457184300509928, 0.0031354584807848857]","[0.07113704359128975, 0.047182042311367856, 0.06878540553075146, 0.09233177104475476, 0.12001587970089778, 0.0896750800452839, 0.09785432981721093, 0.10269852476875019, 0.11931506966282102, 0.1717716561651469, 0.08392334846035099, 0.05514040212526039, 0.22771658320992538, 0.05217009280834509, 0.057406132161155685, 0.049422142556844906, 0.03528435385748871, 0.05424751219922935, 0.03668780805653213, 0.053067232452644136, 0.03087612627689608, 0.09208551783013336, 0.19960342720010782, 0.07916711805212062, 0.04679390196119951, 0.03286728300305476, 0.10469276243725849, 0.09591643455368903, 0.0935585850596383, 0.05393348296171302, 0.04986694093337253, 0.050759663603754, 0.09575719207626011, 0.08911892677571825, 0.11639949964063523, 0.08277072710839822]",C:\Users\einob\OneDrive - King's College London\AA - Individual Project Files\Visual Python Code\Residual Outputs\diagnostics_multivar\diag_Good_job_DRUG_OFFENCES_20170401-20260101.png,5.0401304843156325,0.08045435756240706,2.68612737366602,0.08302220126549494
Good job,FRAUD AND FORGERY,"[-0.0891779633366929, -0.07386874208749025, 0.04402361463671507]","[0.765218943521406, 0.0007068873123429772, 0.5806544831393241]",0.49543143447123916,0.44231895388926423,"[-0.0891779633366929, -0.07386874208749025, 0.04402361463671507]","[0.437669551160049, 0.027725249105259375, 0.11202643999313816]","[0.8407103620441372, 0.015322597441416114, 0.6987120839262602]",0.5900805082611545,0.35474966467540536,0.7227899015396535,0.004592462120595275,"[0.5285696766232572, 0.10539791525978476, 0.0465553586841168, 0.004480766226862384, 0.006142247967612353, 0.03905746015189347, 0.042351224539245606, 0.003157336683993993, 1.1635973475133192e-05, 0.0007426359226055664, 0.2596019128326563, 0.003715064682214422, 0.004343362938696611, 0.051188662622760374, 0.41500535947748385, 0.01947588996502404, 0.0050677234218831834, 0.00695333217861926, 0.05490105172750508, 0.0867654878387409, 0.04095438665035485, 0.026674133000019265]","[0.1865591572329217, 0.10300668604574247, 0.13723696516567097, 0.19133214305032564, 0.06468765386464018, 0.1317116991445484, 0.10300668604574247, 0.054517838768728094, 0.054517838768728094, 0.06121048025333767, 0.24266988410065105, 0.045589093793739724, 0.06829497329597717, 0.15926627078047104, 0.364161182368244, 0.1867973485730401, 0.11416315196248383, 0.12203752829452819, 0.23312931679698723, 0.12334557801276502, 0.15397418544830932, 0.09878433823241806]",C:\Users\einob\OneDrive - King's College London\AA - Individual Project Files\Visual Python Code\Residual Outputs\diagnostics_multivar\diag_Good_job_FRAUD_AND_FORGERY_20200701-20260101.png,2.8875648321135134,0.23603329201234127,1.4352888924991913,0.2627161505061348
Good job,GUN CRIME,"[-5.112596274416716, 0.9072900224760125, -0.10705531716756146]","[7.758048378191744e-07, 5.5108302455431004e-08, 3.2798862506601805e-05]",0.6463321536979372,0.6294908276835531,"[-5.112596274416716, 0.9072900224760125, -0.10705531716756146]","[0.8570722841767894, 0.13182007966210652, 0.019903534136680646]","[4.4574725949617426e-07, 2.1385709142539128e-08, 3.0893151512141124e-06]",0.5203032410501801,0.18363382152123114,-0.4530865556908447,-0.47226631153234155,"[0.005001402115033759, 0.00358301131804755, 0.011490823005385242, 0.0064086587327789575, 0.15376389355770206, 0.0007855993167632533, 0.07534113047821236, 0.012139991751791729, 0.002833277778936651, 0.060341749148968005, 0.018473329514169065, 0.03323081994092766, 0.044939601555766734, 0.019130218606405677, 0.0015512798486988894, 0.0032105412700726573, 0.015465027342269268, 0.0025373638138661446, 0.00024195511955453822, 0.000616707601268893, 0.008983476159166537, 0.04355155862683692, 6.269543495882343e-05, 0.009057487338319329, 0.031097673589157653, 0.030673622778521443, 0.0027920957412502197, 0.0006715292345923329, 0.05549269340667926, 5.4754695280661175e-05, 0.002710680069071616, 0.004008474007738128, 5.601574281311716e-05, 1.833712528519018e-05, 0.003717801158179726, 6.071752565399803e-05, 0.010422605973964053, 0.014715307573267394, 0.03397668369229421, 0.04277750020796657, 0.020487118490527725, 0.03854790348928402, 0.014756068824967578, 0.02084212485870967, 0.0265112691245295]","[0.10582296234638099, 0.10607695096159442, 0.10701457620120489, 0.10586915922501478, 0.1377994167151999, 0.11087615000865256, 0.16678007365455982, 0.13194753016057714, 0.12177389666272748, 0.07672619044623438, 0.09987758462976054, 0.08613651988411353, 0.05847265309046115, 0.09548227889961844, 0.10935533798863806, 0.07280959605636711, 0.05074116628434128, 0.04328325979883655, 0.05382467783012399, 0.03598603504716408, 0.044688377075537467, 0.04700434158255908, 0.03883887788623824, 0.0394036225267045, 0.062215056559642753, 0.06004554280946574, 0.051216266737680934, 0.060892439970769395, 0.13142015065148546, 0.0568096100868038, 0.03165629697142016, 0.040954175155170365, 0.042743328197350904, 0.05193594923552585, 0.04100894666249775, 0.057561612142546945, 0.029011249834551927, 0.028498379858090877, 0.026986345344898428, 0.03097578444752847, 0.02927288024188276, 0.022227426404380562, 0.03351544883392114, 0.029125008557577273, 0.03533686633419771]",C:\Users\einob\OneDrive - King's College London\AA - Individual Project Files\Visual Python Code\Residual Outputs\diagnostics_multivar\diag_Good_job_GUN_CRIME_20150101-20260101.png,0.8812078680344715,0.6436475830081996,0.41944405851755284,0.6601355241118717
Good job,HATE CRIME,"[9.166064487768184, -0.8934997019336139, -0.05587149759920668]","[0.004272672287138695, 0.007718641270980553, 0.06365665246402205]",0.38877151903225593,0.3596654008909348,"[9.166064487768184, -0.8934997019336139, -0.05587149759920668]","[3.1744143263881943, 0.3373530822840605, 0.032299641140658565]","[0.006112605867264616, 0.011339627518485381, 0.09101208256887396]",0.31262870683219146,0.819255600725251,-0.11505845429233164,-0.6631990936626488,"[0.025464358346458785, 0.0013986654472931909, 3.0438072209107138e-05, 0.002896749381803287, 0.00026653130881180217, 0.031723219660051996, 0.23467360127849324, 0.016701077521332083, 0.007444628538578837, 0.04567292843797699, 0.0304505185836589, 0.04201355730144857, 0.059281313594610155, 0.033396176496767044, 0.017795174261659004, 0.014433838639531306, 0.008017206664823303, 0.004112194897563681, 0.007193688620352206, 0.0038421487926737974, 0.0007046238116510907, 0.012801934031797503, 0.062272075717892464, 8.210997862715182e-07, 0.0008824403061490878, 0.013528178421271193, 0.001290680222670146, 0.0006574783785211666, 0.005374149219490889, 0.006056422529866009, 0.005863265509709568, 0.009250571441902973, 0.007297067169492784, 0.003492290179659266, 0.004593846600799488, 0.004401016262772742, 0.007698601611243373, 0.012164119649038676, 0.011163340024304216, 0.032848156852250426, 0.06427740948411588, 0.03215225020794268, 0.0170931672797536, 0.01687442666143839, 0.031149768756226322]","[0.17058482713904555, 0.11430934937237591, 0.10904417924672627, 0.10611417722746386, 0.12368794446541531, 0.11785925379501205, 0.21269342130879965, 0.107582580440161, 0.10608259243143972, 0.03142480783311328, 0.02841945941735819, 0.09199666165903891, 0.1359062074501856, 0.048879177791359474, 0.05425156421527423, 0.07010261851586465, 0.07218238932979266, 0.03537009609175916, 0.03762420103632802, 0.036524684039516135, 0.038752824754845636, 0.043222164325813335, 0.10177159997396013, 0.02871532460074005, 0.040127696579498114, 0.08592132155849078, 0.07467600959188939, 0.03803152654174704, 0.02648090362227096, 0.041929469567111785, 0.03874795628861373, 0.02880328510884296, 0.027867344851927323, 0.05027630010726059, 0.05761396535449033, 0.15156835765887774, 0.03380085319049901, 0.028107372334843665, 0.03480186778121492, 0.03183902036247477, 0.04351205354076637, 0.033337747438277755, 0.04877820099678776, 0.033489343672727524, 0.027187297390002925]",C:\Users\einob\OneDrive - King's College London\AA - Individual Project Files\Visual Python Code\Residual Outputs\diagnostics_multivar\diag_Good_job_HATE_CRIME_20150101-20260101.png,1.4510366723244155,0.4840735910681039,0.69971287007532,0.5024252482705078
Good job,KNIFE CRIME,"[-5.607612472582405, 0.7518720035403847, -0.10765021968849058]","[0.031355678192354824, 0.015518934407363096, 1.251156513349897e-06]",0.43723250296262106,0.41043405072274586,"[-5.607612472582405, 0.7518720035403847, -0.10765021968849058]","[2.8337787975409494, 0.3349274271008493, 0.010455530965826333]","[0.05441492197003154, 0.030100128072333015, 4.662668770022628e-13]",0.20893123478487607,0.09237092822108994,0.0628321750582868,-1.0821856619762718,"[0.0007752027572719954, 0.0007260824471942593, 0.002741064648964683, 0.0013380099624896767, 0.01269023933125607, 0.0017730303180199716, 0.0005121916813285759, 0.00010571735271842798, 0.005341566628282046, 0.06279162879487742, 0.05908700262959255, 0.048223827541503006, 0.04015871832230793, 0.05703677249080362, 0.021479792248369323, 0.01938887388993873, 0.017921924050953872, 0.0036182962800594895, 0.005045890880980461, 0.0018396275819489054, 0.0033411708434192234, 0.1393569316948384, 0.002496562450687523, 0.012946922602202891, 0.08737296694718383, 0.007694127243892325, 4.973321055045469e-06, 2.7616301138823396e-06, 0.0029494971811553886, 0.0042101790907351075, 0.004209977932193534, 0.007302804644706532, 0.005233544145881546, 0.007090581995167704, 0.01576251414266236, 0.015988289027791563, 0.012827791076063666, 0.027992067066858334, 0.03133011633026445, 0.04181541165160346, 0.014597547313901258, 0.024297733694063083, 0.014794091944014449, 0.015644880103566374, 0.019530184128290416]","[0.11383228436981774, 0.10945953777213727, 0.1183706561490534, 0.11435281980107015, 0.12960621570098563, 0.11102460516696763, 0.1374944497957047, 0.12749331109064554, 0.15838291889007983, 0.056294976696556885, 0.0701279015921621, 0.06326051475981236, 0.037336672920365306, 0.07591689690878994, 0.040706315534474874, 0.03808517302165545, 0.04337622670014743, 0.06104641072905497, 0.04180597446711863, 0.05170122533185038, 0.03083688424596249, 0.1582579296850229, 0.02901440636145983, 0.08243663574563062, 0.16702827635773457, 0.07677103107210938, 0.04418477214500682, 0.0712250143446802, 0.07838630604952315, 0.052392812787033095, 0.02608770369919732, 0.026060240881323835, 0.025128947353911985, 0.028951244188407967, 0.037869618377994935, 0.03363737777794989, 0.03359565569131556, 0.04551252675006168, 0.04416717398451299, 0.04226708320257256, 0.0315668448507216, 0.02659897029822824, 0.025756998737831157, 0.045829680521007464, 0.03676077749235154]",C:\Users\einob\OneDrive - King's College London\AA - Individual Project Files\Visual Python Code\Residual Outputs\diagnostics_multivar\diag_Good_job_KNIFE_CRIME_20150101-20260101.png,15.233673376456919,0.0004920960247652725,10.74728316165728,0.00017012467640592933
Good job,LETHAL BARREL DISCHARGE,"[-1.7467992781266435, 0.603119059052932, -0.11533513375165422]","[1.73641534188447e-07, 1.6158726100317014e-11, 2.0737994929710622e-10]",0.7891377502977651,0.7790966907881349,"[-1.7467992781266435, 0.603119059052932, -0.11533513375165422]","[0.2934935883576611, 0.07187809561590104, 0.013418880626628387]","[4.6603763896731323e-07, 1.6040673878854767e-10, 8.405638039147406e-11]",1.1256735607564914,0.8968925474806323,-0.042393068923910086,-0.4903884481157079,"[0.016582274142917228, 0.0016929525135942754, 0.0038167438112313608, 0.08282899612751744, 0.005394029055159345, 0.022270650421245413, 0.21937010071736548, 0.00992214879620721, 0.01801326406431115, 0.09368239509809671, 0.03280707671657488, 0.0560691781629564, 0.022243425836125756, 0.04077249815207661, 0.008982085875580349, 0.001654505429341477, 0.020265420431812804, 0.008850055158924992, 0.002543770419670705, 0.006686763686346575, 1.3791872251023939e-05, 0.005524017348046063, 0.03632490247575681, 3.71821228729207e-05, 0.013608726934406831, 1.5799434761047365e-06, 0.009910909256197241, 0.0005980936017414553, 0.0010771142622123197, 0.009891056824943168, 0.09600275449089202, 0.012250117910187978, 0.004662062124242243, 0.007175731182300802, 0.00582626483443723, 0.012188540458598112, 0.005842688390479048, 0.014439641734447846, 0.012383200718941889, 0.013492471400845276, 0.00040143801050386037, 0.036699796941442854, 0.0007654869804909234, 0.08180794035410752, 0.00613750938250761]","[0.11367766828403204, 0.10784929305332924, 0.1085043996140142, 0.12753066548817088, 0.1106224950567101, 0.12207585650523342, 0.1643956216648944, 0.1078492930533293, 0.10831529002496579, 0.07270690759402913, 0.08403934629879385, 0.032041174440356326, 0.07293408354802372, 0.08484474652222226, 0.0694024632256686, 0.10064110785698807, 0.02920157265264724, 0.03097258497320069, 0.040851718912760404, 0.02969334128031933, 0.03681825371639144, 0.028583757721861468, 0.08458822062550635, 0.023153723001100655, 0.04182295910099309, 0.03529257154023596, 0.0249643938210886, 0.02953205316855742, 0.07540886691517362, 0.027142362009271313, 0.054465869705837285, 0.027044370876920642, 0.03276145223817516, 0.03639451836842817, 0.03943773983526945, 0.03088738411337972, 0.07121279958123558, 0.03066265928896843, 0.038123623346351845, 0.04092076148471093, 0.07499881180851406, 0.033641099712160796, 0.08107149543167337, 0.15792616352769603, 0.12499445901080836]",C:\Users\einob\OneDrive - King's College London\AA - Individual Project Files\Visual Python Code\Residual Outputs\diagnostics_multivar\diag_Good_job_LETHAL_BARREL_DISCHARGE_20150101-20260101.png,3.8642472232337837,0.14484028714092148,1.972716826851001,0.15175592088261491
Good job,MISCELLANEOUS CRIMES AGAINST SOCIETY,"[-3.866192431947069, 0.5144953918841961, -0.12317684892018475]","[3.401731894720901e-11, 6.278012242372012e-13, 0.0002764137130506225]",0.7562851098922563,0.7446796389347446,"[-3.866192431947069, 0.5144953918841961, -0.12317684892018475]","[0.5350588260554413, 0.059776369205370314, 0.032866856898676626]","[6.9240189807102e-09, 8.093088614228535e-11, 0.0005386256113612616]",0.7236991280678875,0.43229033612034184,-0.320444404267526,-0.525858467286374,"[0.00010666040595813821, 0.0003881000688105251, 0.012607660758045987, 0.002230279839793111, 0.014505500044994245, 0.028271454732127832, 0.022450873862104467, 0.004328073501376013, 8.816903526628634e-05, 0.09559562016049628, 0.0308599297755591, 0.014145352126574959, 0.049762236376148926, 0.01715536898186426, 0.006786062359135989, 0.00025974622193939334, 0.017346870974260648, 0.04231722239051278, 0.06466817048657413, 0.14401153627760735, 0.07866540049668731, 0.07256598891718123, 0.0030766685563653035, 0.03581744526851734, 0.017648230214444557, 0.011220944458617205, 0.008197340400252332, 0.00011092103557476928, 0.020997395445101822, 0.008987402807932017, 9.463575456181356e-05, 0.0011872917240003417, 0.002082189418111034, 0.0010383744433118815, 2.2806252117735145e-07, 0.004072659546123492, 0.0020383680371419658, 0.0003897286179893775, 0.15802104760423843, 0.010394948543536108, 0.017421942978955534, 0.08878785356860507, 0.016823883564477126, 0.005122038284776712, 0.020869807876980253]","[0.08845855571766018, 0.08947510577833709, 0.08156663203294579, 0.08585022986137421, 0.08295291492608034, 0.08312234277653416, 0.08530142916753733, 0.09311907893639743, 0.10035171284061217, 0.11042781121727822, 0.0803726698510647, 0.08295018742602997, 0.07243078878692404, 0.05181480277942161, 0.043419725290885, 0.06542120357165582, 0.06792759120263717, 0.07074143273122489, 0.06112233952764536, 0.11231859802680484, 0.11846110560778912, 0.047798618525784244, 0.025916955678557, 0.043808459741141455, 0.050325917204727594, 0.04019881198655971, 0.04458339660678316, 0.04071980047527871, 0.05687807384065824, 0.042706239520700184, 0.03954500406691633, 0.05942140019869047, 0.03778568887602939, 0.05689437318853828, 0.05368384502164612, 0.06757131728198638, 0.0650777846352063, 0.05520277608172236, 0.10810658602292417, 0.043776900645120964, 0.037879938786788185, 0.051198979134943694, 0.03638738052173557, 0.0950895326990234, 0.0718359612016986]",C:\Users\einob\OneDrive - King's College London\AA - Individual Project Files\Visual Python Code\Residual Outputs\diagnostics_multivar\diag_Good_job_MISCELLANEOUS_CRIMES_AGAINST_SOCIETY_20150101-20260101.png,0.26753825638436424,0.8747920061030512,0.12559790284453712,0.8822994197036409
Good job,POSSESSION OF WEAPONS,"[4.580047242629761, -0.527445185100002, -0.1661970937146474]","[0.05480829784006751, 0.07200381259578786, 0.15789966194041055]",0.18161456137857623,0.09977601751643383,"[4.580047242629761, -0.527445185100002, -0.1661970937146474]","[2.8795541457602614, 0.3642647807261333, 0.14318429895650905]","[0.12739635523570153, 0.1631206669064737, 0.25942288216733933]",0.4052798109942978,0.19841635795868628,0.23570024437587492,-1.0797571813222075,"[0.4449042269169815, 0.25581965093501624, 0.11816072699353489, 0.09239578276734613, 0.012611394294575053, 0.008530253977874873, 0.004036175339499517, 5.778347982480883e-05, 0.002723900762375999, 0.08319128312277069, 0.005659932974986471, 0.034473254055784205, 0.009976171826811639, 0.01595449922526254, 0.009600050483456846, 0.07048081800774783, 0.013545472105030513, 0.05210785445204904, 0.04406441431513747, 0.19433778623343376, 0.006631817748464022, 0.019223684358174023, 0.06476971028298019]","[0.3356040322712977, 0.1731112813232022, 0.19848393170587775, 0.08612859956262253, 0.044254297795985297, 0.07419762850054346, 0.07694968736363444, 0.0647274875497543, 0.05379996963588479, 0.2137278053631817, 0.06446208091092342, 0.19408228772386882, 0.17033494378589997, 0.11895034510563007, 0.13489397250398005, 0.217376876205002, 0.08987853760719433, 0.07862664831601224, 0.07763018053204473, 0.21332964611327787, 0.1489608955812971, 0.06244751327525449, 0.10804135126762593]",C:\Users\einob\OneDrive - King's College London\AA - Individual Project Files\Visual Python Code\Residual Outputs\diagnostics_multivar\diag_Good_job_POSSESSION_OF_WEAPONS_20200701-20260101.png,4.908836552223498,0.08591315864406188,2.7133890898690765,0.09065392523324806
Good job,PUBLIC ORDER OFFENCES,"[15.213158792962808, -1.6113519062401447, 0.15340349615052948]","[0.0011256115148494284, 0.0010705953233422388, 0.008929170177582319]",0.36489490030272764,0.32640368213925663,"[15.213158792962808, -1.6113519062401447, 0.15340349615052948]","[4.973194873787621, 0.5247835221914886, 0.07301703311864591]","[0.004385404549777034, 0.0042568040063524085, 0.043367614033101645]",0.6296078848907523,0.36104856868250546,0.2258183150492438,-0.6594986598560251,"[0.07059840750736314, 0.054950768231337294, 0.039192787613073016, 0.06454958126773132, 0.037018348371003214, 0.016593987895974806, 0.005927490277025301, 0.0020972016353859287, 0.0005014056690445539, 0.011576926188573384, 0.0038211501070872325, 0.002411778963340647, 0.0003373462537942094, 0.3348558512702225, 0.0029787178983500494, 0.029541380056567514, 0.017717237143208227, 0.02262672068454995, 0.0018897488229675727, 0.009588526255659301, 0.00619429554718058, 0.0006052996767555573, 0.00896732618159219, 0.010063073666364528, 0.0024137944090479434, 0.002992665793753794, 0.06340088699271226, 0.04747452277670561, 0.009112982249154519, 0.36729671808680087, 0.01617229969562722, 0.05497174915825937, 0.009708234426937233, 0.021129397069333936, 0.016151999930538813, 0.053118499139406625]","[0.06957218180449498, 0.04943941098906167, 0.12340812835118577, 0.15729161423910157, 0.03835163133508987, 0.05755110112455669, 0.0826035813345739, 0.11091806929650624, 0.07593716306685064, 0.07592457912219329, 0.02916527861426199, 0.0560510385642057, 0.043922564969361276, 0.1634888596549226, 0.06675327297350961, 0.1078003566784636, 0.10375143198712047, 0.09270363740705446, 0.06204508329106411, 0.060652773902776416, 0.11401348184419038, 0.06421976748344078, 0.03390338241462401, 0.038827430002709454, 0.07515678587203464, 0.09071765405192769, 0.09019984162839872, 0.04906126053749485, 0.03648148006710855, 0.22644165694025198, 0.05506850243715832, 0.07058114684679248, 0.06363670518955258, 0.08661745426123724, 0.09092635339649358, 0.18681533832022823]",C:\Users\einob\OneDrive - King's College London\AA - Individual Project Files\Visual Python Code\Residual Outputs\diagnostics_multivar\diag_Good_job_PUBLIC_ORDER_OFFENCES_20170401-20260101.png,1.9371770074730348,0.37961849020064936,0.9383667534049511,0.40145720803375334
Good job,ROBBERY,"[0.9069432914420139, -0.3854506994986493, 0.6615531583483875]","[0.5926162377968996, 0.0685266790083327, 8.128561495462513e-07]",0.5322464437965089,0.5038977434205397,"[0.9069432914420139, -0.3854506994986493, 0.6615531583483875]","[1.2745645182247591, 0.15504001618589536, 0.09899037184927992]","[0.4817305860678684, 0.018150894196795823, 1.3114803857644736e-07]",1.1653075334311096,0.7924315633149678,-0.2620341779280754,-0.5504044662226644,"[0.06073735021547806, 0.04327098362154094, 0.07311318453683005, 0.016717761845205247, 4.935208515136356e-07, 0.008129020844318326, 0.01048844793060275, 0.0013104726797423898, 0.011154743813524267, 0.02551125077160981, 0.00218492302395695, 0.002314851608612992, 0.07407408781279846, 0.012806374149212032, 0.008466414462407933, 0.038259214356280234, 0.0003612832913921141, 0.0003934177478226883, 0.06712290867513111, 0.007963982488673943, 0.0194666650053024, 0.06093209444612989, 0.03674907633534146, 0.04131209994734634, 4.315688227343744e-05, 0.007944286556797882, 0.015973202235037887, 0.016375544450990508, 0.021842379819777703, 0.0003746064259491364, 0.008126307250442005, 0.07843361511856779, 0.02009093352416123, 0.005712403974091789, 0.021174263355742542, 0.007039658084338439]","[0.06649090038177435, 0.09556931910619337, 0.053862911999003116, 0.1162159387482703, 0.14349059585353796, 0.06925454836007167, 0.06120113177140213, 0.06903472524173343, 0.0730104187121132, 0.07221016370727201, 0.11415623555287782, 0.069628599806897, 0.2799624219825224, 0.034189486322666524, 0.04009234316425912, 0.25957375999329557, 0.11252037021458759, 0.0676905730093655, 0.11439233250737135, 0.07435350587147639, 0.04477292595620112, 0.12333042887040802, 0.11622450804303358, 0.04477440282429629, 0.06364871996209376, 0.03391408666697221, 0.04396442914259578, 0.03438460449186049, 0.03871893753534987, 0.08740891754628838, 0.07171239965106446, 0.04083359711020623, 0.043654921251515405, 0.1295264992008951, 0.03119987299636219, 0.06503046644416682]",C:\Users\einob\OneDrive - King's College London\AA - Individual Project Files\Visual Python Code\Residual Outputs\diagnostics_multivar\diag_Good_job_ROBBERY_20170401-20260101.png,0.8384740139202176,0.6575483332667649,0.39346475562979555,0.677838188985963
Good job,SEXUAL OFFENCES,"[13.100628062903386, -1.686999774958382, 0.32246198824549765]","[1.9717031483199067e-06, 2.553581881265683e-07, 0.0013956584471069141]",0.6106599060979916,0.5870635367705972,"[13.100628062903386, -1.686999774958382, 0.32246198824549765]","[2.1217611372651417, 0.22778397764591754, 0.08378380713933435]","[5.779661430671891e-07, 1.6525589865528507e-08, 0.0005157961602283145]",0.7143536906743424,0.016213218212163556,0.8939785488422786,0.2543897059470641,"[0.09675012470548712, 0.06604820529405646, 0.0872937697176224, 0.018928271118886477, 0.048634396127295025, 0.030466324412573038, 0.0015622851172712572, 0.0009150090424553499, 0.01748014653853556, 0.002037880699785017, 0.030013403599482038, 0.0018670836425910633, 0.1954762385350902, 1.286316243298057e-05, 0.016429477149585585, 0.040798354916396704, 0.01700593636266143, 0.002589263772618885, 0.005662124556708464, 0.0037210020836190914, 0.0025445486133333743, 0.04022260995152023, 0.005069237462724267, 0.027318470606561916, 0.0076363485374286435, 0.012419737848984284, 0.0272532826662888, 0.02083340031946765, 0.0009368654344316309, 0.00029802542551200805, 0.0003847782015464675, 0.008815238820815877, 0.012896017432555461, 0.002962288279621691, 0.020967312651513782, 0.011886816937650636]","[0.04659866713030322, 0.036275698255098715, 0.16462338122481768, 0.1787409142961639, 0.03178419508288512, 0.034758318283570816, 0.09108401203034378, 0.051426800175295745, 0.12205405159165805, 0.06330329980115279, 0.10636909266169103, 0.049813728624862774, 0.3516314348961036, 0.04387925950815555, 0.16702127171834286, 0.11365030518320113, 0.06633418943702296, 0.04653470672281734, 0.05369701223006951, 0.032958236296211696, 0.03475696825621817, 0.12777232493298363, 0.06160953212839787, 0.04318969560992936, 0.034840745778015686, 0.04307842244859231, 0.04553671719862165, 0.028394073420754097, 0.07316987582740198, 0.07172835055270124, 0.07571629087485972, 0.05583388449601416, 0.1339375212377697, 0.15371565105530868, 0.0871504957193118, 0.0770308753133511]",C:\Users\einob\OneDrive - King's College London\AA - Individual Project Files\Visual Python Code\Residual Outputs\diagnostics_multivar\diag_Good_job_SEXUAL_OFFENCES_20170401-20260101.png,1.7283369898526724,0.4214018047276239,0.8321031962798391,0.44405747745160684
Good job,THEFT,"[8.5124253939317, -1.0279845278203463, 0.6808148939236193]","[0.00014030977118520673, 1.933126543548621e-05, 0.0002721264644848026]",0.45617349362429727,0.4232143114197092,"[8.5124253939317, -1.0279845278203463, 0.6808148939236193]","[2.406710684974672, 0.2217539762169538, 0.11752804324743851]","[0.0012252592732650805, 5.374378687092239e-05, 1.7760912700489237e-06]",0.5444036281929017,0.14973131336588863,0.6646230824422786,0.3409519182095542,"[0.054916701218159905, 0.05651185492685425, 0.05196403925826582, 0.04304691697149287, 0.02119113797649711, 0.0019451606363611023, 0.007734038439784904, 0.005821012002436585, 0.005178711245971264, 0.011147031403406787, 0.00014101678029557744, 0.01848320217652594, 0.26089228013453086, 0.003580263464705654, 0.009734404762964579, 0.21403917264507924, 0.011406937138467651, 6.676487698999338e-05, 0.002085999674949199, 0.0004642535714777771, 3.9892272736102356e-05, 0.0005669210817509519, 4.835542696057311e-06, 0.005025735503667999, 0.0028368274255356593, 0.04090263607555398, 0.016271855645842555, 0.025393912599103605, 0.0029690518836366074, 0.004335772891031221, 0.01184386917236465, 0.13562321911370018, 1.4263690811662923e-05, 0.0023959368186105595, 0.014871731350239009, 0.013852606467517193]","[0.030223386127655183, 0.028313293746367096, 0.048423312111790795, 0.03874202077901766, 0.08646390677346305, 0.14593142111926616, 0.0929171099331546, 0.053464356105053956, 0.050840372718552795, 0.0312913573312407, 0.08971998093402922, 0.09872564717499033, 0.3096135795182102, 0.05665233683155249, 0.07806052560093976, 0.24892825614671277, 0.07122431788445127, 0.07387875702956714, 0.07893436674704957, 0.10497589778500549, 0.09013507564818157, 0.0548482766859843, 0.05858781775890709, 0.08542639204007363, 0.08690339924156631, 0.06004942658772772, 0.06088572285485433, 0.06407350442737347, 0.07057913284502362, 0.07525385029949641, 0.09299899848968926, 0.09356685215269789, 0.12084718820655282, 0.074375917629521, 0.04982001754446046, 0.044324225189821154]",C:\Users\einob\OneDrive - King's College London\AA - Individual Project Files\Visual Python Code\Residual Outputs\diagnostics_multivar\diag_Good_job_THEFT_20170401-20260101.png,2.6916121794793404,0.26032977409878605,1.3333458587283515,0.27742356357529563
Good job,VEHICLE OFFENCES,"[-11.068533245152878, 1.0578872231719587, 0.13759035437583483]","[0.010277775157432207, 0.016591498982648317, 0.220547910986126]",0.3188514015971239,0.27756966836058594,"[-11.068533245152878, 1.0578872231719587, 0.13759035437583483]","[2.758044033316507, 0.28580427312102086, 0.1114825221465322]","[0.0003240937166120588, 0.0007784203699961932, 0.2258502555375137]",0.3273951714453736,0.0012845734019791028,0.8504513711717214,-0.5088137018909098,"[0.05495930957680908, 0.04999092762790227, 0.0629788533076065, 0.0795102794025512, 0.03682019262783417, 0.02676820210119727, 0.004939733478723769, 0.0105664697724446, 0.00010616192953126452, 0.002740629075688804, 0.04090786291779061, 0.01085392353249146, 0.14373343156653456, 0.012079626887519112, 0.004675678361013624, 0.06597720132324476, 0.020810128351971106, 9.973838526787069e-05, 0.0034599177550901005, 0.005599128262941078, 0.005174602758131402, 0.006612231842489818, 0.01197924503052195, 0.004485592414784513, 0.010509593402302677, 0.09151792588167226, 0.01066259116172054, 0.007840717858672243, 0.010918138105952593, 0.009758134132774682, 0.013031943354773, 0.011028303774443434, 0.011283250401839974, 0.004934492995547864, 0.033860567866202666, 0.00037448905446009056]","[0.034538121531121485, 0.03332144756629789, 0.05630274547711628, 0.09136873457956546, 0.05123484545732657, 0.10506454319094471, 0.08158602024671893, 0.19869918275138498, 0.07234512865678948, 0.13355421180568885, 0.1691628668355741, 0.11364592451025027, 0.11323158998035479, 0.12340027767637846, 0.08916507586397443, 0.12814049400820504, 0.07970970643560688, 0.029351427522335292, 0.14453508305250728, 0.08801660139388368, 0.03017811712881828, 0.029358112112807234, 0.039867728146412984, 0.027976184615169507, 0.04894249629151973, 0.12722175786083856, 0.02880634444747461, 0.029068214902934555, 0.028292212423750702, 0.04404790192296293, 0.04306432851816171, 0.0724669274499623, 0.09992869258801439, 0.08211473184829142, 0.17090334031632365, 0.1613888808845304]",C:\Users\einob\OneDrive - King's College London\AA - Individual Project Files\Visual Python Code\Residual Outputs\diagnostics_multivar\diag_Good_job_VEHICLE_OFFENCES_20170401-20260101.png,2.390993828397783,0.3025535736554528,1.1738341195550646,0.3217564781485797
Good job,VIOLENCE AGAINST THE PERSON,"[29.03542261816465, -2.818930190099233, 0.3237457810920917]","[1.5545075147809e-06, 2.5317631534947253e-07, 0.00012500647176195864]",0.7454190643573113,0.7299899167426029,"[29.03542261816465, -2.818930190099233, 0.3237457810920917]","[4.946139758019796, 0.4249392703807651, 0.07323379196795754]","[1.4131945699314086e-06, 1.5129263005088472e-07, 0.00010050756296913849]",1.125674307948356,0.6119228204989875,-0.15604575445735622,-0.4161815597939924,"[0.009301630494235102, 0.02929031852049551, 0.03297317497557455, 0.007964579948297136, 0.04030922903692081, 0.021336975799165957, 0.004326408894223551, 0.0018247989737324572, 0.0007465782555632458, 0.0150141594379754, 0.0014172412943123803, 0.00939007118271676, 0.06915011343965331, 0.09159891436936753, 0.08114422547324505, 0.15166125868535418, 0.023416238744263743, 0.004939843073519848, 0.02029796416058729, 0.005207479209143785, 0.0014449928548920829, 0.013306181282388505, 0.0018084679805774396, 0.005402381648773003, 0.010859617419793367, 0.005646423299516264, 0.024788803685824153, 0.07823534647786516, 0.018220692309360905, 0.010858834418882099, 0.024406519547913567, 0.06242225240054556, 0.0042774397570836285, 0.0026292499108366697, 0.021838744887120017, 0.01579719230140217]","[0.2716881229329562, 0.1062808373982187, 0.0963351926547732, 0.17279594696009531, 0.06088477423619609, 0.08520515147935581, 0.06049899351299043, 0.06651283618171933, 0.049245149175467906, 0.03898675491285647, 0.04486231964953269, 0.05380975883059856, 0.17377059623975633, 0.05001983013842512, 0.1882281766671774, 0.240419509777123, 0.04424445121917066, 0.043449518448274355, 0.06901872864061293, 0.06329051034076882, 0.0536768330145819, 0.06833904937181773, 0.07094446478859484, 0.04747784300524077, 0.1035227011059035, 0.1165518808974364, 0.06562790024546822, 0.05292247723210536, 0.03307944259653195, 0.04091685289792012, 0.0319142664948536, 0.04297089460015385, 0.07394701476845471, 0.09712151998925563, 0.07382069297320915, 0.047619006622403065]",C:\Users\einob\OneDrive - King's College London\AA - Individual Project Files\Visual Python Code\Residual Outputs\diagnostics_multivar\diag_Good_job_VIOLENCE_AGAINST_THE_PERSON_20170401-20260101.png,0.43793664689376266,0.8033471650197354,0.2031927844568083,0.8171342871093012
Trust MPS,ARSON AND CRIMINAL DAMAGE,"[-16.279964831843245, 1.8828792103680247, -0.09564394756674954]","[0.12024276419212067, 0.0998886909657995, 0.5757624323123132]",0.09137578762858789,0.03630765354547205,"[-16.279964831843245, 1.8828792103680247, -0.09564394756674954]","[14.089413515498384, 1.5301479501350577, 0.20855073807603813]","[0.2561938684765486, 0.22720149673934717, 0.649518787479935]",0.1560832036129817,0.00997813517570883,0.028643806760517414,-1.480321141455479,"[0.15755553057441987, 0.06360915099313943, 0.05754803253999853, 0.028668775132164478, 0.031205479245550262, 0.07030942159017185, 0.010962431141953458, 0.01260059528759009, 0.007199902956201825, 0.008371953396007577, 0.013071282284294355, 0.013029489862609819, 0.326303603541871, 0.004753908580440864, 0.0252989516010602, 0.1279525335668883, 0.000144702208455977, 3.690253059903529e-05, 0.00012025683886588596, 0.002524658847750474, 0.007217266276482707, 0.010979719729766963, 0.18335295772008348, 0.0123571175378435, 0.026042256128914133, 0.06380298507489963, 0.04400040055050594, 0.03836054898297779, 0.01671120211272554, 0.07568427394660862, 0.015043570716135027, 0.008385605926519426, 0.01188902917229516, 0.013507137081758415, 0.007487008977568107, 0.01934535381015863]","[0.17121768466259824, 0.11500976900331322, 0.1305031675395773, 0.04780030886002412, 0.06594518891387086, 0.11238176561679869, 0.03628140327887278, 0.05677183298568944, 0.042638844325183084, 0.03761355288172445, 0.06374247240523434, 0.03774797831439293, 0.22480686269980338, 0.051481613393207476, 0.1795958143894017, 0.22201374099471088, 0.030540858134267185, 0.03104813973773045, 0.040283009997520436, 0.09543004938257693, 0.030246636747860746, 0.04544126523972536, 0.25633042529199257, 0.08157438209143081, 0.039880893800345936, 0.06686960931317118, 0.07615249933327412, 0.08089794788450722, 0.042645759410219, 0.09639963679991195, 0.06284314694425058, 0.07667278592297869, 0.05602824520538427, 0.04800181956497085, 0.033522689233984576, 0.11363819969949357]",C:\Users\einob\OneDrive - King's College London\AA - Individual Project Files\Visual Python Code\Residual Outputs\diagnostics_multivar\diag_Trust_MPS_ARSON_AND_CRIMINAL_DAMAGE_20170401-20260101.png,3.9017427159237634,0.14215015393762287,2.0056775744233337,0.15064430753327412
Trust MPS,BURGLARY,"[-3.1366669597546273, 0.3906621787795381, 0.1871435789572756]","[0.3569239532533354, 0.30313787631607236, 0.1683839376075869]",0.1983839624782352,0.14980117232540102,"[-3.1366669597546273, 0.3906621787795381, 0.1871435789572756]","[3.7458120376971897, 0.4274550649953003, 0.1474967824227304]","[0.4084029530668565, 0.3673854485077203, 0.21339026241411152]",0.18139826074583412,0.19048889343752684,0.2310533139575095,-0.8725707777282574,"[0.1341041196148904, 0.0311342160742609, 0.03791687450851126, 0.022078483393900988, 0.022874619026886332, 0.013219529661870342, 0.0074539320998270025, 0.004197282928033854, 0.00365706185068417, 0.016928950855813616, 0.005097337730807021, 0.0035844150408727337, 0.09813066930258303, 0.20032035904420187, 0.0033680000438564514, 0.018891643104439228, 0.010966535677739902, 0.005279697196567281, 0.0038404545718100647, 0.002235529374575483, 0.006530011892775192, 0.0041760843316915215, 0.009497194786797471, 0.007513354332357134, 0.06145505023741923, 0.01612266130588846, 0.08258529665020899, 0.06917919454032437, 0.021490884144256213, 0.02945948831300238, 0.06621404115747785, 0.025904116980879393, 0.0059707291112271795, 0.004627861327840555, 0.0031993094643247644, 0.021676569299480433]","[0.07265831683883767, 0.036930878110840885, 0.06876815304597914, 0.06254217456149569, 0.4142801128814897, 0.06462988326987704, 0.09234597491227266, 0.0750738600216559, 0.051558822736174154, 0.05700126800553809, 0.07122967484216403, 0.09415781927981831, 0.10049899875793217, 0.20340480094282554, 0.031172712658522603, 0.06879676449955047, 0.0805669433015807, 0.0716450041320714, 0.10004976690445994, 0.05827623757915657, 0.08495658615672488, 0.0945144507224602, 0.0577080440272104, 0.05552813279467357, 0.11124117697090308, 0.02969850351382903, 0.09965877400148598, 0.07894906371574789, 0.047892705529443275, 0.04430495049265079, 0.11415116529608885, 0.05729994632475012, 0.03479975080188688, 0.028068999134297907, 0.07750045286579715, 0.10813913036980949]",C:\Users\einob\OneDrive - King's College London\AA - Individual Project Files\Visual Python Code\Residual Outputs\diagnostics_multivar\diag_Trust_MPS_BURGLARY_20170401-20260101.png,8.19044362932592,0.016652052203876163,4.8595640319666815,0.014132231461748196
Trust MPS,DOMESTIC ABUSE,"[29.969762245235064, -2.8037108457818904, 0.03492889171447303]","[0.004602186256435704, 0.006886757873788036, 0.623210610659712]",0.1993067605528991,0.15716501110831482,"[29.969762245235064, -2.8037108457818904, 0.03492889171447303]","[9.414726143681458, 0.9264060622663632, 0.0676020578203855]","[0.002902650422459624, 0.004425002307281202, 0.6083710540054018]",0.23655221071399896,0.014794230571205337,-0.19102695212417597,-1.3188921788021353,"[0.013499205667110733, 0.05166229215807976, 0.10593109925924606, 0.04942136174185304, 0.05289085931961866, 0.03229343675102622, 0.020259034302873357, 0.025839783689943586, 0.0029738985913761546, 0.023548263897066095, 0.03538953564893288, 0.014035385304634718, 0.00980895853955731, 0.008285835957001804, 0.025231052292986993, 0.010178886519416605, 0.00571682861884457, 0.04867331752235463, 0.11081963307481738, 0.0003472784581181677, 0.0014271373624989588, 0.0026892628744862998, 0.0020925215084573144, 0.0001562180436060627, 0.008338857087814957, 0.007574643133759616, 0.010285180094023386, 0.011530550527739837, 0.014921717406897971, 0.012233152553540775, 0.01571249711243811, 0.022198963225900547, 0.044621159585471734, 0.045324125680746195, 0.0178262008228606, 0.04013211815743396, 0.04629826584725457, 0.008033442948624802, 0.0025576195897548427, 0.0220721030343492, 0.01936233009782204]","[0.1663070942151048, 0.14590605012932245, 0.14663731055324103, 0.17378179152417061, 0.17323496879262912, 0.051094405834595485, 0.04784732593940179, 0.12249882808843424, 0.16189437949298077, 0.03987621485250024, 0.048791441190837156, 0.07625257177221911, 0.0913603190373315, 0.04780371046219151, 0.055900622857549896, 0.04586231066682733, 0.05142091378843258, 0.08756353490683189, 0.13307866621793424, 0.02616457508169346, 0.04688670925705227, 0.05238066642419708, 0.07676568513694718, 0.03903311905898445, 0.03555861091488755, 0.037427846780906555, 0.07311295328818733, 0.03142444718842574, 0.0295632958779092, 0.09964988952353844, 0.08860388872589943, 0.030706995679541, 0.04105219245372819, 0.0455597734121695, 0.03315922029968925, 0.05834195227339502, 0.06728636089672164, 0.05719523376044994, 0.04742778296790711, 0.07844236567831606, 0.03714397499692065]",C:\Users\einob\OneDrive - King's College London\AA - Individual Project Files\Visual Python Code\Residual Outputs\diagnostics_multivar\diag_Trust_MPS_DOMESTIC_ABUSE_20160101-20260101.png,0.29044535698412866,0.8648296926956902,0.13555691854381793,0.8736498299199369
Trust MPS,DRUG OFFENCES,"[-4.781734441912217, 0.25606873741219716, 0.7530239461973856]","[0.07527525536392222, 0.3350097554753988, 3.6686864319106025e-07]",0.5484535492616653,0.5210870977017663,"[-4.781734441912217, 0.25606873741219716, 0.7530239461973856]","[3.0205333482044647, 0.31192704738953536, 0.09085263504146347]","[0.12294215477443401, 0.4175800635952652, 1.424428750715805e-09]",0.392160878006572,0.9988276705627291,0.11135548574001237,-0.25973935493065303,"[0.14229386468339636, 0.058193998642262816, 0.0552345183761197, 0.04608681992011336, 0.008289694193370093, 0.010169339088950433, 7.857511846501428e-06, 0.007309812185870753, 0.025328070941588666, 0.04146470840631518, 0.0008016986559486596, 0.017230201382746186, 0.08626784992301742, 0.0018074063291629886, 0.017817424087755915, 0.0013514048980633362, 0.005504301049635571, 0.01037612832635227, 0.0005596323903342922, 0.0012600107356264005, 0.009733878746843158, 0.0011803855777308995, 0.09993603708586865, 0.0002086475432330313, 0.03010888062057921, 0.047076722278729805, 0.11976521462259604, 0.0778799242161935, 0.04999116781502453, 0.0018611926455147359, 0.019742315774480407, 0.0031418178644657506, 0.029336349232097696, 0.0030255276805095615, 0.0026128490014832857, 0.00016414587768936886]","[0.07113704359128975, 0.047182042311367856, 0.06878540553075146, 0.09233177104475476, 0.12001587970089778, 0.0896750800452839, 0.09785432981721093, 0.10269852476875019, 0.11931506966282102, 0.1717716561651469, 0.08392334846035099, 0.05514040212526039, 0.22771658320992538, 0.05217009280834509, 0.057406132161155685, 0.049422142556844906, 0.03528435385748871, 0.05424751219922935, 0.03668780805653213, 0.053067232452644136, 0.03087612627689608, 0.09208551783013336, 0.19960342720010782, 0.07916711805212062, 0.04679390196119951, 0.03286728300305476, 0.10469276243725849, 0.09591643455368903, 0.0935585850596383, 0.05393348296171302, 0.04986694093337253, 0.050759663603754, 0.09575719207626011, 0.08911892677571825, 0.11639949964063523, 0.08277072710839822]",C:\Users\einob\OneDrive - King's College London\AA - Individual Project Files\Visual Python Code\Residual Outputs\diagnostics_multivar\diag_Trust_MPS_DRUG_OFFENCES_20170401-20260101.png,7.256922444730486,0.026557018329526248,4.165845501679797,0.024367312786327942
Trust MPS,FRAUD AND FORGERY,"[1.5904907707303244, -0.08099773219882096, -0.12026269216164125]","[0.0030135893213761307, 0.011848888403158153, 0.34628586478579454]",0.29248399306811423,0.2180086239173893,"[1.5904907707303244, -0.08099773219882096, -0.12026269216164125]","[0.5605754103999593, 0.03560017175809902, 0.14825692515526745]","[0.010531941999505186, 0.034666724186448734, 0.427308979964279]",0.3395051070487742,0.2002695427685109,0.3798598484726812,-0.9382076205429533,"[0.3485102391832856, 0.10832570740392054, 0.10587758939604928, 0.08730270677428695, 0.008254392439062848, 0.03878198590669689, 0.04194374513742325, 0.010779041452832374, 0.018022653590591225, 0.021323210604376426, 0.23577962044262446, 0.02205161413485969, 0.028309258520484458, 0.0009912008610053905, 0.2062254937323088, 0.001721070096645631, 0.012560866044248836, 0.011985274686204453, 0.00494713184799198, 0.0024817380111247537, 0.007980356550232355, 0.013827628669804583]","[0.1865591572329217, 0.10300668604574247, 0.13723696516567097, 0.19133214305032564, 0.06468765386464018, 0.1317116991445484, 0.10300668604574247, 0.054517838768728094, 0.054517838768728094, 0.06121048025333767, 0.24266988410065105, 0.045589093793739724, 0.06829497329597717, 0.15926627078047104, 0.364161182368244, 0.1867973485730401, 0.11416315196248383, 0.12203752829452819, 0.23312931679698723, 0.12334557801276502, 0.15397418544830932, 0.09878433823241806]",C:\Users\einob\OneDrive - King's College London\AA - Individual Project Files\Visual Python Code\Residual Outputs\diagnostics_multivar\diag_Trust_MPS_FRAUD_AND_FORGERY_20200701-20260101.png,8.503468555888013,0.014239517201757916,5.98546016177946,0.009640402246421624
Trust MPS,GUN CRIME,"[-5.1479566286094665, 1.080878471322262, -0.09057690277189819]","[2.1222180733759563e-05, 9.192799121538631e-08, 0.012346685917608475]",0.6029757848951016,0.5820797735737913,"[-5.1479566286094665, 1.080878471322262, -0.09057690277189819]","[1.0549059494833763, 0.15703969538816648, 0.03621721493584536]","[1.9299761507478294e-05, 3.5441452790042597e-08, 0.016815463274122106]",0.485478887891148,0.2899520382240783,0.0166329297034719,-1.0011783627434268,"[0.2973866630939305, 0.0009262505197757248, 0.09766767464523397, 0.0013410347388888863, 0.002282554129678649, 0.05121676933527118, 0.006354984087640322, 0.011703390568010695, 0.019488066880193586, 0.005135838680338845, 8.784904302715486e-05, 0.0018415538808608516, 0.016213349270884754, 0.0058120011861164875, 0.002194801432625989, 0.0015949069440959033, 0.024713922255004035, 0.07126821675710963, 0.0011755350268021173, 0.016375896166378436, 0.04815525155050279, 0.03634974757791374, 0.0075384864457804564, 0.004839088916095219, 0.053577428325037466, 0.0008556897688264758, 0.0130365003266401, 0.015183542889293128, 0.006780387419202951, 0.008970903275760236, 0.016838155913484785, 0.010221420398448392, 0.02130966549476979, 0.019664795027463555, 0.027749530583771335, 0.027053178218807348, 0.004656632211247432, 0.01518575735883368, 0.0021319084672899793, 0.01046584312585248, 0.01840448566888339]","[0.22249759069320119, 0.18503983107445987, 0.23417398645861864, 0.2026056270402189, 0.19380092537536298, 0.07805019753731264, 0.09997136640445299, 0.0868099699792123, 0.05954137315646386, 0.0984374445552729, 0.11215785020182013, 0.07408203762933821, 0.053910343307019284, 0.04431529932718743, 0.05442194565206132, 0.03630802450775626, 0.047709733899879925, 0.04723845467714862, 0.03934734887826214, 0.0426799811313541, 0.06610409168021676, 0.06052449027532173, 0.05483480115103677, 0.06854862233087791, 0.13394101310359405, 0.05739673296306101, 0.03165809089811108, 0.04472261397296595, 0.042749986368973106, 0.05227596465686192, 0.04126698443092915, 0.057687530193765525, 0.029173573322685494, 0.028498489135160343, 0.027152023193292865, 0.030978715624173966, 0.030435775881954733, 0.025724057079319154, 0.033747584132411954, 0.03009387125871799, 0.039385656860164486]",C:\Users\einob\OneDrive - King's College London\AA - Individual Project Files\Visual Python Code\Residual Outputs\diagnostics_multivar\diag_Trust_MPS_GUN_CRIME_20160101-20260101.png,4.117761705174378,0.12759668952273595,2.121277775304908,0.1338550751873723
Trust MPS,HATE CRIME,"[12.945901179682362, -1.1676145168103578, -0.05380540023238504]","[0.0020237950752813446, 0.006823044420007972, 0.1820376806328287]",0.29287305027207755,0.2556558423916606,"[12.945901179682362, -1.1676145168103578, -0.05380540023238504]","[3.6653174339528096, 0.3875568809632576, 0.04173758862854298]","[0.0011005499994956825, 0.004588642393058455, 0.20514342508566072]",0.36182100207459233,0.05659605737463942,-0.011107152158065344,-1.2080468883115196,"[0.021231715764384037, 0.023423930532943307, 0.2609417573182289, 0.03131170576797751, 0.015751898603312713, 0.04105527702052947, 0.022553822189550134, 0.02025949790707788, 0.018719136332737994, 0.021644160731581336, 0.011839844212607687, 0.010906556046384902, 0.00785947838316638, 0.006593634548324509, 0.015163389367640246, 0.0107241350299996, 0.005023911447696603, 0.02476318137804774, 0.10047493410634564, 0.00011225936395081185, 0.00041673057915870865, 0.023929402886746394, 0.004320716636896513, 0.00010680063404445602, 0.00594253350689206, 0.009369248626771876, 0.015124682141772993, 0.018973747461404764, 0.0170894352597735, 0.013730839238989748, 0.014861341208347634, 0.0014236823089876698, 0.015686160927655193, 0.01541656776066966, 0.00789099934194871, 0.025857054435727122, 0.04438878444766604, 0.012726851132827637, 0.003008286219680731, 0.00968203360789749, 0.029594500146917776]","[0.229463234752723, 0.18445146234434395, 0.2565378861009009, 0.18324599828256327, 0.1924201932843388, 0.03150716937318546, 0.029078673534927976, 0.10268837236047704, 0.14453728395622573, 0.0494624467226321, 0.056119289114352267, 0.07244298465658759, 0.07388822061749774, 0.035513960230491526, 0.03852918897005768, 0.03679697588309324, 0.03933096883744625, 0.04682032360034659, 0.11319948687138204, 0.029547031702526032, 0.04258105151514498, 0.09347716515090265, 0.07826424835802209, 0.03873916609690516, 0.02654199759576501, 0.042785294957184784, 0.04028428640776948, 0.0292694360330501, 0.028601146540041835, 0.05268503623757529, 0.061150741369531234, 0.17579561559301352, 0.03456494183068543, 0.028372276770359986, 0.035399642244530904, 0.037037652524734954, 0.054134786718674215, 0.039369482124992965, 0.04992117070819456, 0.0339182363594412, 0.03152547366738322]",C:\Users\einob\OneDrive - King's College London\AA - Individual Project Files\Visual Python Code\Residual Outputs\diagnostics_multivar\diag_Trust_MPS_HATE_CRIME_20160101-20260101.png,0.7521452752591594,0.6865524616876555,0.3550688683324857,0.70342649158337
Trust MPS,KNIFE CRIME,"[-4.6246602347896815, 0.7671496001707824, -0.10682853106569778]","[0.16383446284581088, 0.052611468374248994, 0.0008950547066207914]",0.2837621796530566,0.24606545226637544,"[-4.6246602347896815, 0.7671496001707824, -0.10682853106569778]","[3.621772401258839, 0.42493754815977725, 0.013056416353230483]","[0.20938352633608404, 0.07895186273795184, 6.581977944217173e-10]",0.15608913916518055,0.0062087325775722815,-0.06091649637848565,-1.4339878714332275,"[0.011953393496191997, 0.0009770470737545062, 4.2985171581518215e-05, 0.003662929367486429, 0.00014667658920777525, 0.05507666799034966, 0.04194833151833009, 0.030101921138395073, 0.022761827148464992, 0.03952719005060243, 0.015763579381187564, 0.01632921933277986, 0.017878856455996, 0.00813375188909096, 0.012322503192904519, 0.009843358553619515, 0.00893023211956176, 0.17624262419836478, 0.004158829235745842, 0.014967128090773192, 0.07893931046337042, 0.007996374180394148, 9.045045403233124e-05, 4.785764318234773e-05, 0.005488833051083349, 0.009516043869184306, 0.010669688602117495, 0.013911457293996314, 0.011832022787645658, 0.015703396756152708, 0.026943113787960882, 0.02741103842806759, 0.02073777208414033, 0.0296417388061923, 0.02254867339491089, 0.02214342751389267, 0.0038006299482962703, 0.0071356249787008835, 0.0044866715096302315, 0.007733511665326505, 0.014019362555820297]","[0.23013129378082509, 0.19460109871321213, 0.21035159959831606, 0.2030441565559643, 0.2270057795012166, 0.05729228275664728, 0.07097359147563098, 0.06369829893495645, 0.03794773064589068, 0.08096027151928695, 0.04150362831042502, 0.03927108773008017, 0.046361763534921996, 0.06332233157855854, 0.043306151325366776, 0.05310205598753595, 0.03105533912683925, 0.16506521768127952, 0.029339821404811915, 0.08873387288879876, 0.17299732615727065, 0.0783380184585053, 0.04513259901149806, 0.07409578888322929, 0.08208695298054908, 0.054282609218213346, 0.026627005039721312, 0.02615569818582229, 0.025405706087702803, 0.028993911071777262, 0.038607807456369825, 0.0337871805288049, 0.034055905991695515, 0.04614225620931577, 0.045067011382384614, 0.04237359822677041, 0.03164152066593652, 0.026804226183266874, 0.026130311723810317, 0.0462846154773483, 0.03792257800944453]",C:\Users\einob\OneDrive - King's College London\AA - Individual Project Files\Visual Python Code\Residual Outputs\diagnostics_multivar\diag_Trust_MPS_KNIFE_CRIME_20160101-20260101.png,13.253356010653542,0.0013245559532609984,9.0754674438863,0.0005999367939113762
Trust MPS,LETHAL BARREL DISCHARGE,"[-0.8923064492168086, 0.6611220838746125, -0.11010650541442661]","[0.04097862121257141, 3.6332885104509544e-08, 9.557147508906364e-05]",0.6588034879316934,0.6408457767702036,"[-0.8923064492168086, 0.6611220838746125, -0.11010650541442661]","[0.3841503825063789, 0.08981945693550866, 0.025196493710241484]","[0.025642432340163335, 8.039822190391262e-09, 9.287005690865888e-05]",0.7008333719868611,0.1429636973283097,-0.39322173552811795,-0.7352842870274201,"[0.009126405694111201, 0.029029919452602, 0.17567122931742218, 0.0513152306960024, 0.07861281836383482, 0.06678108490260301, 0.015265807282795398, 0.026491560839560523, 0.004535216400249276, 0.016289201229096693, 0.004344735313713949, 0.0004120200444776215, 0.01613057682772501, 0.01127341396531912, 0.011289149456174688, 0.015811648246925884, 0.005589410608775906, 0.011915774150244354, 0.00950974926898894, 0.000603144135652756, 0.016350583090394086, 0.0002400643156251002, 0.004068330726821243, 8.464511442744441e-05, 6.459348301233237e-05, 0.01285863069460929, 0.12028516868937274, 0.022496254586975812, 0.017481269064885372, 0.024201570758812466, 0.0193668965199257, 0.02682911725825052, 0.001964526277722265, 0.015792235163952395, 0.006811006854833691, 0.003384772880083888, 0.00791815060893435, 0.004160693818289067, 0.015884204336790265, 0.09194779183671373, 0.00752433874886053]","[0.18990418047703003, 0.1966813743031865, 0.231432607555791, 0.19130324849446473, 0.1932009354630077, 0.07527361068526704, 0.08530146682330356, 0.03233933379423773, 0.07386851988382884, 0.08999998164590528, 0.07132438720810756, 0.1044718184967339, 0.029253040377309164, 0.03115436974549133, 0.041895079826174506, 0.029777095005107633, 0.03720534222577142, 0.028604341111430506, 0.08862243732892204, 0.024411077229092484, 0.04831868469305621, 0.03627030135840043, 0.02561246616960175, 0.029911481501550683, 0.08536437067538818, 0.02801779672835797, 0.05636512874589154, 0.027184194156455458, 0.03302603105901377, 0.03714989895938868, 0.040956974726962705, 0.030954109678647073, 0.07186309511113564, 0.03069769054035899, 0.03825327795555962, 0.041519579639992504, 0.0766116329694825, 0.03734628884551757, 0.08253277053426779, 0.16399801354370164, 0.1320219647271062]",C:\Users\einob\OneDrive - King's College London\AA - Individual Project Files\Visual Python Code\Residual Outputs\diagnostics_multivar\diag_Trust_MPS_LETHAL_BARREL_DISCHARGE_20160101-20260101.png,1.7053819434394981,0.42626631659309844,0.824597833695974,0.44610294093650354
Trust MPS,MISCELLANEOUS CRIMES AGAINST SOCIETY,"[-3.584219273920407, 0.6129194841435289, -0.11939154811375481]","[3.579795290996232e-09, 1.7293569270735293e-13, 0.00346042854278498]",0.7779077874056819,0.7662187235849283,"[-3.584219273920407, 0.6129194841435289, -0.11939154811375481]","[0.5179484880675549, 0.057586877269167724, 0.03514106052609807]","[3.155632855828363e-08, 5.866489991674842e-13, 0.0016077583558293071]",0.784471044644675,0.10190509428638628,0.7102857399873408,0.2724504417983007,"[0.005734745571219297, 0.019980370759968624, 0.02546958898930179, 0.01285121256898524, 0.0021949129499858767, 0.09058852771720091, 0.01493127395773184, 0.001496423521266642, 0.018923513041153382, 0.00892038030779468, 0.004433204542452553, 0.0007788255066083006, 0.016495376742431418, 0.030616637417661914, 0.0361826766892426, 0.07661383321346625, 0.028207331740880432, 0.14774395354807748, 0.011663938078211937, 0.05638961599548226, 0.040058506940551956, 0.02179945439174699, 0.016668324471201708, 0.001979143896707819, 0.026786434628680685, 0.019916157440924915, 0.010190996974916938, 0.0060372104852057466, 0.0180735523634011, 0.007206964285675088, 0.009357141296994522, 0.003319424858853527, 0.001679577898682411, 0.0023614680885134993, 0.150389363286287, 0.0021156698439851727, 0.0010790341405854133, 0.02938674269299951, 0.0015111545817766278, 1.32088183651497e-05, 0.018473221840952722]","[0.12613423733231982, 0.12642289729853734, 0.12993902424046, 0.141191046813184, 0.15082922105121827, 0.11097876871986587, 0.08113900080247322, 0.08467993788687134, 0.0724871664129123, 0.05243082143310358, 0.04457369632305934, 0.06651782009656947, 0.0703226456704015, 0.07327241630466233, 0.07148567107665904, 0.1131908717365834, 0.1188935191263532, 0.04797718457237351, 0.02863609277377467, 0.04405216252719428, 0.05409922227734736, 0.04022860529270706, 0.04462839282790833, 0.04215165111271768, 0.06771945897347464, 0.047120689644619296, 0.03968968145157049, 0.06273527085329722, 0.03938002236113437, 0.058740322323776406, 0.05418609619838369, 0.06921760254614728, 0.06590644301202361, 0.055317069916280416, 0.13518894092900824, 0.04439129627265988, 0.03791085464924006, 0.06296398434320877, 0.03646740611105541, 0.10792551064295511, 0.07887727606190886]",C:\Users\einob\OneDrive - King's College London\AA - Individual Project Files\Visual Python Code\Residual Outputs\diagnostics_multivar\diag_Trust_MPS_MISCELLANEOUS_CRIMES_AGAINST_SOCIETY_20160101-20260101.png,1.3264073126252804,0.5151981699506931,0.6352270422915396,0.5353475232327871
Trust MPS,POSSESSION OF WEAPONS,"[7.426985330403814, -0.6635544911247784, -0.3409929113779963]","[0.01738897347086195, 0.07569235948513456, 0.028562803005072565]",0.25853556317878135,0.18438911949665937,"[7.426985330403814, -0.6635544911247784, -0.3409929113779963]","[4.545706464606263, 0.5550381315707581, 0.19868482936470547]","[0.11793494184823539, 0.24587048408712123, 0.10156634511093275]",0.6722157625692923,0.6623655805987405,0.33491082067862277,-0.3197336063011176,"[0.6644579233907772, 0.1853887258038938, 0.08087089179723599, 0.13361652869061047, 0.016786397749372267, 0.00794721730246673, 0.002677253252103368, 0.004613702357975398, 0.004888720539423911, 0.4270061161051438, 0.0027637822357734405, 6.60314707587869e-06, 0.0041104322458583005, 0.07174750993430981, 0.032844751706442576, 0.061125732264541266, 0.0004979859313649855, 0.014756823192457975, 8.429706794487043e-06, 0.01707775724742687, 0.039501131067828286, 0.002248237429428667, 0.04647111100138753]","[0.3356040322712977, 0.1731112813232022, 0.19848393170587775, 0.08612859956262253, 0.044254297795985297, 0.07419762850054346, 0.07694968736363444, 0.0647274875497543, 0.05379996963588479, 0.2137278053631817, 0.06446208091092342, 0.19408228772386882, 0.17033494378589997, 0.11895034510563007, 0.13489397250398005, 0.217376876205002, 0.08987853760719433, 0.07862664831601224, 0.07763018053204473, 0.21332964611327787, 0.1489608955812971, 0.06244751327525449, 0.10804135126762593]",C:\Users\einob\OneDrive - King's College London\AA - Individual Project Files\Visual Python Code\Residual Outputs\diagnostics_multivar\diag_Trust_MPS_POSSESSION_OF_WEAPONS_20200701-20260101.png,5.34022728457644,0.0692443557751619,3.0239501779728086,0.0712152065252861
Trust MPS,PUBLIC ORDER OFFENCES,"[18.26528871572053, -1.8155772072646372, 0.15712082000600275]","[0.0015775227185023338, 0.002665548848141959, 0.028641254150485164]",0.3064969908602201,0.26446650545780925,"[18.26528871572053, -1.8155772072646372, 0.15712082000600275]","[5.761826940391521, 0.6093428164901985, 0.082887731621875]","[0.0032820226517069223, 0.005382096100418411, 0.06680146275119869]",0.5191584208652134,0.7913844041729181,0.008091962043304387,-0.7458178504700865,"[0.06466527148557549, 0.03915373175654523, 0.01931775833868871, 0.022331827009549728, 0.02412162761561847, 0.012481996371218211, 0.005629999303684039, 0.00012201657038693416, 0.004698739663219978, 0.030818905506778564, 0.01032426168075061, 0.011650599186017031, 0.004549695729756386, 0.33085743680586843, 0.004000639561309971, 0.01671725500384484, 0.0224646551643806, 0.02277652362160498, 0.0019822988299190024, 0.01247856556383357, 4.137687060584246e-06, 0.003975611177578725, 0.0201291958837937, 0.024155526770298835, 0.018576425265815176, 0.019861027427386695, 0.10437217919767862, 0.06332800324387973, 0.012220942726746812, 0.24490596579654098, 0.007157389995082268, 0.01883921069140153, 1.3361329728072955e-07, 0.0014837213416143392, 0.0065916867930704125, 0.044070272106379746]","[0.06957218180449498, 0.04943941098906167, 0.12340812835118577, 0.15729161423910157, 0.03835163133508987, 0.05755110112455669, 0.0826035813345739, 0.11091806929650624, 0.07593716306685064, 0.07592457912219329, 0.02916527861426199, 0.0560510385642057, 0.043922564969361276, 0.1634888596549226, 0.06675327297350961, 0.1078003566784636, 0.10375143198712047, 0.09270363740705446, 0.06204508329106411, 0.060652773902776416, 0.11401348184419038, 0.06421976748344078, 0.03390338241462401, 0.038827430002709454, 0.07515678587203464, 0.09071765405192769, 0.09019984162839872, 0.04906126053749485, 0.03648148006710855, 0.22644165694025198, 0.05506850243715832, 0.07058114684679248, 0.06363670518955258, 0.08661745426123724, 0.09092635339649358, 0.18681533832022823]",C:\Users\einob\OneDrive - King's College London\AA - Individual Project Files\Visual Python Code\Residual Outputs\diagnostics_multivar\diag_Trust_MPS_PUBLIC_ORDER_OFFENCES_20170401-20260101.png,3.5403171188625593,0.17030598306463873,1.7996242500316524,0.18121295214650615
Trust MPS,ROBBERY,"[2.051615672341588, -0.43180793458128514, 0.7556306822211081]","[0.3319997614187381, 0.0986591883045966, 3.385653109242277e-06]",0.4911649860893341,0.46032650039777867,"[2.051615672341588, -0.43180793458128514, 0.7556306822211081]","[2.0515509695518537, 0.24541409444893764, 0.10581103938319854]","[0.3245720933107988, 0.08776047600208549, 3.5078806823231365e-08]",1.003395437500245,0.12285796878702437,-0.39862115933865017,-0.8218200629729262,"[0.05225614892688619, 0.02319172950276659, 0.04318430532646528, 0.0014685002904430435, 0.002548625155553372, 0.0043273134063821815, 0.00886553524006138, 0.00256870742023589, 0.019377871491093226, 0.05005078547472147, 0.024098307131592847, 0.0017531217767288326, 0.19459890513237732, 0.017417977353588073, 0.010410422801598254, 0.013976141003651832, 0.002478096609399215, 1.1642477206624563e-07, 0.06728209570838893, 0.010290681265616582, 0.02805040741692889, 0.008011048738669363, 0.0025359904737722217, 0.07030170731396025, 0.008508161720885248, 0.020680784684821568, 0.038701832306403706, 0.029674051992154456, 0.027179930557692564, 7.022323189755173e-06, 0.001001654174436305, 0.03429516452243996, 0.0016269094415153104, 0.042626106664064564, 0.010623876589521915, 0.0033330078798765052]","[0.06649090038177435, 0.09556931910619337, 0.053862911999003116, 0.1162159387482703, 0.14349059585353796, 0.06925454836007167, 0.06120113177140213, 0.06903472524173343, 0.0730104187121132, 0.07221016370727201, 0.11415623555287782, 0.069628599806897, 0.2799624219825224, 0.034189486322666524, 0.04009234316425912, 0.25957375999329557, 0.11252037021458759, 0.0676905730093655, 0.11439233250737135, 0.07435350587147639, 0.04477292595620112, 0.12333042887040802, 0.11622450804303358, 0.04477440282429629, 0.06364871996209376, 0.03391408666697221, 0.04396442914259578, 0.03438460449186049, 0.03871893753534987, 0.08740891754628838, 0.07171239965106446, 0.04083359711020623, 0.043654921251515405, 0.1295264992008951, 0.03119987299636219, 0.06503046644416682]",C:\Users\einob\OneDrive - King's College London\AA - Individual Project Files\Visual Python Code\Residual Outputs\diagnostics_multivar\diag_Trust_MPS_ROBBERY_20170401-20260101.png,0.8460349027403886,0.655067201191825,0.397098189538358,0.6754371925838251
Trust MPS,SEXUAL OFFENCES,"[15.664293004594793, -1.8867215544466536, 0.37727885303421027]","[5.998468401879232e-06, 2.7754764597363395e-06, 0.003106886674543479]",0.5501245354013594,0.5228593557287146,"[15.664293004594793, -1.8867215544466536, 0.37727885303421027]","[2.137776892746529, 0.2416254704673899, 0.07324940522257023]","[2.0656258405171298e-08, 5.343764590727982e-09, 1.1832304607800649e-05]",0.6244406874967561,0.5281822911785725,0.01467800060831152,-0.11894242412273526,"[0.07940586617343384, 0.0428009623068763, 0.030291083771242042, 3.588568278558631e-05, 0.030766323420539046, 0.020492671369381092, 0.0012769690304684851, 0.00201413048140497, 0.0033348478502703005, 0.0013711333734258474, 0.001499264735203175, 0.0015014425267664212, 0.011901406506752522, 0.0015362476180023885, 0.0032502141250603128, 0.019196661129388566, 0.020022688456105112, 0.003724862185024153, 0.006435693336932978, 0.004683958687386191, 0.006845026092438451, 0.0009312642150280334, 0.02352824481799253, 0.05297380790976132, 0.023775616742352148, 0.03108572546614857, 0.05374266870361954, 0.03260229444995068, 0.0003126097287891303, 1.5509919148023633e-05, 0.001282358539996303, 2.502483372361925e-05, 0.07868369376075832, 0.039700591851712215, 0.005999015689448974, 0.006384967582838612]","[0.04659866713030322, 0.036275698255098715, 0.16462338122481768, 0.1787409142961639, 0.03178419508288512, 0.034758318283570816, 0.09108401203034378, 0.051426800175295745, 0.12205405159165805, 0.06330329980115279, 0.10636909266169103, 0.049813728624862774, 0.3516314348961036, 0.04387925950815555, 0.16702127171834286, 0.11365030518320113, 0.06633418943702296, 0.04653470672281734, 0.05369701223006951, 0.032958236296211696, 0.03475696825621817, 0.12777232493298363, 0.06160953212839787, 0.04318969560992936, 0.034840745778015686, 0.04307842244859231, 0.04553671719862165, 0.028394073420754097, 0.07316987582740198, 0.07172835055270124, 0.07571629087485972, 0.05583388449601416, 0.1339375212377697, 0.15371565105530868, 0.0871504957193118, 0.0770308753133511]",C:\Users\einob\OneDrive - King's College London\AA - Individual Project Files\Visual Python Code\Residual Outputs\diagnostics_multivar\diag_Trust_MPS_SEXUAL_OFFENCES_20170401-20260101.png,0.1923110014913787,0.9083227602197551,0.08861592616993338,0.9154140415189902
Trust MPS,THEFT,"[11.558943277963508, -1.2691385529404204, 0.8461944645132173]","[1.431346941352546e-05, 6.505304926657011e-06, 0.00010494376014627777]",0.4927748225668974,0.462033902722467,"[11.558943277963508, -1.2691385529404204, 0.8461944645132173]","[2.431479699196979, 0.22418374883134456, 0.13246443332397212]","[3.80281511482349e-05, 2.6191528419909957e-06, 3.09270290711996e-07]",0.6477606634287958,0.5630242138718755,0.3759394174396086,-0.05107336712696409,"[0.053718853584873105, 0.04670179329171514, 0.03268927702194589, 0.025294789083656136, 0.00799015557367054, 0.0002640715578895772, 0.005053688993899688, 0.007116216175206719, 0.010538009043277497, 0.02427904343195552, 0.005439080736678983, 0.0024654559288181457, 0.13695383557381569, 0.009112801589205024, 0.0073512714327687535, 0.2002917887607835, 0.008271487853075622, 0.0010352045522368167, 0.005280968109932138, 0.0010457585830813592, 0.0014029253677721957, 0.010461837247182732, 0.0057019449803733, 0.0006084565741923417, 0.00205164876942844, 0.08378501069575472, 0.0485656594634799, 0.05501524883895477, 0.007016882179984988, 0.0014674793925818941, 0.001254960415344694, 0.0663520835773235, 0.039169439382957, 0.004246843032250701, 0.005598718389093101, 0.00888660445448948]","[0.030223386127655183, 0.028313293746367096, 0.048423312111790795, 0.03874202077901766, 0.08646390677346305, 0.14593142111926616, 0.0929171099331546, 0.053464356105053956, 0.050840372718552795, 0.0312913573312407, 0.08971998093402922, 0.09872564717499033, 0.3096135795182102, 0.05665233683155249, 0.07806052560093976, 0.24892825614671277, 0.07122431788445127, 0.07387875702956714, 0.07893436674704957, 0.10497589778500549, 0.09013507564818157, 0.0548482766859843, 0.05858781775890709, 0.08542639204007363, 0.08690339924156631, 0.06004942658772772, 0.06088572285485433, 0.06407350442737347, 0.07057913284502362, 0.07525385029949641, 0.09299899848968926, 0.09356685215269789, 0.12084718820655282, 0.074375917629521, 0.04982001754446046, 0.044324225189821154]",C:\Users\einob\OneDrive - King's College London\AA - Individual Project Files\Visual Python Code\Residual Outputs\diagnostics_multivar\diag_Trust_MPS_THEFT_20170401-20260101.png,1.743848916801043,0.41814606972378987,0.8399515478938115,0.4407527857062403
Trust MPS,VEHICLE OFFENCES,"[-11.891366838057838, 1.2652580303041108, 0.09141224572144765]","[0.025474560137779566, 0.02140553393585747, 0.5113976007316384]",0.24903248719982685,0.20351930460587697,"[-11.891366838057838, 1.2652580303041108, 0.09141224572144765]","[2.6851899809705597, 0.2843365908295183, 0.1346268289970548]","[9.826305210789712e-05, 9.23560590693811e-05, 0.5018697036309597]",0.2455469774940563,0.18919407393664045,0.2851806565134658,-0.7435246350370215,"[0.04830807262971915, 0.03642245334873223, 0.043169668170954606, 0.05063061902288505, 0.026729876564137684, 0.025961568065839824, 0.006187874969748889, 9.064498123151114e-09, 0.002137048021493442, 0.0017284363839886088, 0.002474298667346355, 3.0979585295082626e-05, 0.15791607934076374, 0.014257791678798407, 0.004210701833208636, 0.05024921542245585, 0.018031074104662568, 2.7156732111053743e-06, 0.005361778107190429, 0.012016322984651225, 0.008966808358558877, 0.01536164499829609, 0.025628838273831524, 0.012211159006607384, 0.024505616530045994, 0.12294405864699536, 0.021079330808384634, 0.015231353908062017, 0.013418296616643276, 0.007975716449228419, 0.00502303967967462, 0.00024491183119441435, 0.0004161752399031505, 0.00018947494394139374, 0.005805176685592174, 2.9416796440507367e-05]","[0.034538121531121485, 0.03332144756629789, 0.05630274547711628, 0.09136873457956546, 0.05123484545732657, 0.10506454319094471, 0.08158602024671893, 0.19869918275138498, 0.07234512865678948, 0.13355421180568885, 0.1691628668355741, 0.11364592451025027, 0.11323158998035479, 0.12340027767637846, 0.08916507586397443, 0.12814049400820504, 0.07970970643560688, 0.029351427522335292, 0.14453508305250728, 0.08801660139388368, 0.03017811712881828, 0.029358112112807234, 0.039867728146412984, 0.027976184615169507, 0.04894249629151973, 0.12722175786083856, 0.02880634444747461, 0.029068214902934555, 0.028292212423750702, 0.04404790192296293, 0.04306432851816171, 0.0724669274499623, 0.09992869258801439, 0.08211473184829142, 0.17090334031632365, 0.1613888808845304]",C:\Users\einob\OneDrive - King's College London\AA - Individual Project Files\Visual Python Code\Residual Outputs\diagnostics_multivar\diag_Trust_MPS_VEHICLE_OFFENCES_20170401-20260101.png,1.5056331580816118,0.47103796692079314,0.7202030181390898,0.49414416273715833
Trust MPS,VIOLENCE AGAINST THE PERSON,"[35.7007821278748, -3.3357381592258544, 0.3412311260091133]","[5.92635218112938e-06, 2.127974155874156e-06, 0.0016140387743955162]",0.6806490239581293,0.6612944193495311,"[35.7007821278748, -3.3357381592258544, 0.3412311260091133]","[6.765567685363186, 0.5795995610130695, 0.09940270136837637]","[8.151131642114651e-06, 1.9840660208747633e-06, 0.0016270617683460235]",0.928313263344227,0.9705574252430982,-0.07530268841968218,-0.318580462743832,"[0.0011546658519802641, 0.009284171470218117, 0.007234278275430862, 0.04598076507697651, 0.01944088180001732, 0.012539846700201042, 0.003691901672321721, 0.0001242202190541372, 0.005177610658114791, 0.03192359863875528, 0.01460088103501962, 0.00013152989097587955, 0.12295848799677349, 0.09118962374387045, 0.06831918551501011, 0.09929207174192155, 0.02356718272563482, 0.0063642320301358565, 0.017731566119282446, 0.008854971349209928, 0.0006228028567326276, 0.0008528802904299456, 0.027071463758954632, 0.028980146338669063, 0.00421723385354015, 0.0064083771760054245, 0.06379437389780154, 0.10207059590143437, 0.021569450601595267, 0.005770730721978675, 0.008655515351667288, 0.01554059435678692, 0.010114207791755097, 0.03752708951293217, 0.0031629313786499863, 0.007859518528842015]","[0.2716881229329562, 0.1062808373982187, 0.0963351926547732, 0.17279594696009531, 0.06088477423619609, 0.08520515147935581, 0.06049899351299043, 0.06651283618171933, 0.049245149175467906, 0.03898675491285647, 0.04486231964953269, 0.05380975883059856, 0.17377059623975633, 0.05001983013842512, 0.1882281766671774, 0.240419509777123, 0.04424445121917066, 0.043449518448274355, 0.06901872864061293, 0.06329051034076882, 0.0536768330145819, 0.06833904937181773, 0.07094446478859484, 0.04747784300524077, 0.1035227011059035, 0.1165518808974364, 0.06562790024546822, 0.05292247723210536, 0.03307944259653195, 0.04091685289792012, 0.0319142664948536, 0.04297089460015385, 0.07394701476845471, 0.09712151998925563, 0.07382069297320915, 0.047619006622403065]",C:\Users\einob\OneDrive - King's College London\AA - Individual Project Files\Visual Python Code\Residual Outputs\diagnostics_multivar\diag_Trust_MPS_VIOLENCE_AGAINST_THE_PERSON_20170401-20260101.png,0.9383650389545259,0.6255134043571161,0.4415944424711448,0.6467544725384877
Fair treatment,ARSON AND CRIMINAL DAMAGE,"[-12.309303389826106, 1.4090893541239247, -0.07781142137823271]","[0.15217043888317705, 0.1331274591405761, 0.5800223497993642]",0.0750542790124824,0.018996962588996524,"[-12.309303389826106, 1.4090893541239247, -0.07781142137823271]","[11.439065626656605, 1.2460659005528407, 0.17023184117401394]","[0.28969777259112744, 0.2662782105793056, 0.650600641192584]",0.14054323678436517,0.0010266723031456375,0.15055177729212355,-1.5713010429025052,"[0.09735666771183918, 0.04386495569810586, 0.028979506415148747, 0.018276119409958425, 0.027331847628044845, 0.06446623051054369, 0.012438695876877343, 0.0194002524463007, 0.01579357731655456, 0.017395886215247177, 0.032337709453324676, 0.023247552284314476, 0.3811006328648113, 0.00769336793989785, 0.020785737237381342, 0.08692264819584443, 0.00016158889609052134, 0.0017706868813379168, 0.0032602626968750797, 0.014624394427585306, 0.011836135824933735, 0.012275164837521666, 0.17499731814785488, 0.006284368069917575, 0.016737694445971837, 0.040737164522140046, 0.029973328266540998, 0.03581641659569652, 0.018660051049031717, 0.08482031566426959, 0.019838338816984824, 0.014764171947057812, 0.014019674675061924, 0.011273225269984909, 0.004263409207067423, 0.007443922228906564]","[0.17121768466259824, 0.11500976900331322, 0.1305031675395773, 0.04780030886002412, 0.06594518891387086, 0.11238176561679869, 0.03628140327887278, 0.05677183298568944, 0.042638844325183084, 0.03761355288172445, 0.06374247240523434, 0.03774797831439293, 0.22480686269980338, 0.051481613393207476, 0.1795958143894017, 0.22201374099471088, 0.030540858134267185, 0.03104813973773045, 0.040283009997520436, 0.09543004938257693, 0.030246636747860746, 0.04544126523972536, 0.25633042529199257, 0.08157438209143081, 0.039880893800345936, 0.06686960931317118, 0.07615249933327412, 0.08089794788450722, 0.042645759410219, 0.09639963679991195, 0.06284314694425058, 0.07667278592297869, 0.05602824520538427, 0.04800181956497085, 0.033522689233984576, 0.11363819969949357]",C:\Users\einob\OneDrive - King's College London\AA - Individual Project Files\Visual Python Code\Residual Outputs\diagnostics_multivar\diag_Fair_treatment_ARSON_AND_CRIMINAL_DAMAGE_20170401-20260101.png,0.8898063633092534,0.6408863225819731,0.41816360076294024,0.6616936153086124
Fair treatment,BURGLARY,"[-3.068290499308138, 0.34738218807732035, 0.15099488554659246]","[0.2667754661865719, 0.2585446168565716, 0.16952842130220036]",0.21090939366873085,0.16308572055774484,"[-3.068290499308138, 0.34738218807732035, 0.15099488554659246]","[3.0519585815078, 0.34725997047760454, 0.12080292637457617]","[0.32204298784525265, 0.3244193829313489, 0.22011795927819297]",0.19076306340332858,0.12351237543807653,0.14403691179295602,-1.0663353432865708,"[0.09324336018060131, 0.021674746842156492, 0.01819933226268677, 0.01106956316525711, 0.008249251495039302, 0.011167310202416849, 0.008665385522021372, 0.009212630513495308, 0.011357809719895345, 0.03356372532673617, 0.020553771443805473, 0.017908124834737235, 0.13518909423148218, 0.25153643430963973, 0.003361668192166259, 0.01581967359353152, 0.0041457316472414815, 0.0002476774659958143, 0.0195553417453808, 0.00921876446625711, 0.01494839378170356, 0.0047634990480808215, 0.008010317207552102, 0.002904180645309831, 0.03595683038051398, 0.009652749597771522, 0.06285525843812755, 0.06981413814319842, 0.025626344640260975, 0.037195008316754964, 0.08574341087751959, 0.035887633342830134, 0.008020993769775922, 0.00408872766346909, 0.00024369961709351, 0.006386969671603321]","[0.07265831683883767, 0.036930878110840885, 0.06876815304597914, 0.06254217456149569, 0.4142801128814897, 0.06462988326987704, 0.09234597491227266, 0.0750738600216559, 0.051558822736174154, 0.05700126800553809, 0.07122967484216403, 0.09415781927981831, 0.10049899875793217, 0.20340480094282554, 0.031172712658522603, 0.06879676449955047, 0.0805669433015807, 0.0716450041320714, 0.10004976690445994, 0.05827623757915657, 0.08495658615672488, 0.0945144507224602, 0.0577080440272104, 0.05552813279467357, 0.11124117697090308, 0.02969850351382903, 0.09965877400148598, 0.07894906371574789, 0.047892705529443275, 0.04430495049265079, 0.11415116529608885, 0.05729994632475012, 0.03479975080188688, 0.028068999134297907, 0.07750045286579715, 0.10813913036980949]",C:\Users\einob\OneDrive - King's College London\AA - Individual Project Files\Visual Python Code\Residual Outputs\diagnostics_multivar\diag_Fair_treatment_BURGLARY_20170401-20260101.png,9.097500545869217,0.01058041876063897,5.5797328148925365,0.008176871127452181
Fair treatment,DOMESTIC ABUSE,"[19.33527775847978, -1.8167055877396687, 0.05173617379539626]","[0.009406545202432406, 0.01318442334088398, 0.30290218044405054]",0.1483359373989157,0.10778050584648302,"[19.33527775847978, -1.8167055877396687, 0.05173617379539626]","[6.260494560207323, 0.6184425673430527, 0.04450322248487114]","[0.0035596923911073316, 0.005351494033833869, 0.25158489485728924]",0.1941518407750919,0.014709404591801187,-0.1542199471978533,-1.2801032420398202,"[0.0084091812026676, 0.00023181470182573495, 0.005788490159800641, 0.007302003578650199, 0.0019402826600967522, 0.016272276479943684, 0.054048956602230684, 0.028772250428266193, 0.04059334211813312, 0.022426164959970483, 0.016328037565465275, 0.012253901711291064, 0.0017162937582192019, 0.02304673388375498, 0.03203834033704882, 0.01679660089258068, 0.017530937604278672, 0.017267770039760686, 0.037636759109625335, 0.02435434522126783, 0.01643284592922902, 0.047417641236671394, 0.09428749183295315, 0.0004152405581486338, 0.0014552962287186974, 0.00012647765940388065, 0.00047842097595642095, 0.00419415183657747, 0.01963670390317831, 0.014897469352331475, 0.014773057758475835, 0.012344480325705147, 0.01167500483728286, 0.008889101691534408, 0.010120890084959026, 0.01930574340102862, 0.027731959859756156, 0.03647043076542766, 0.02363084194505546, 0.04705284247061144, 0.05277106087861651, 0.008194196370054528, 0.002812067832692897, 0.008943695662266842, 0.00922740280539959]","[0.1761354924348355, 0.09919470131735686, 0.09182844451671396, 0.09160801820746402, 0.09935276998048659, 0.09177375454075826, 0.10062901305347749, 0.10374292157144716, 0.10341118704714658, 0.04900380920141291, 0.04498892381609061, 0.11738097152103041, 0.14787792782930365, 0.03657255249258044, 0.0468829625883488, 0.07400663699536486, 0.08788585299975624, 0.04637236015101738, 0.05136795048060793, 0.04468788460556214, 0.050510265895620535, 0.0753236854535992, 0.11774379392648102, 0.025929883280179592, 0.04342130279413125, 0.05056027504835654, 0.07335522618914336, 0.03813407188271532, 0.03524389632618218, 0.036366700874885374, 0.06989140614820803, 0.030820186184013505, 0.029444148094428732, 0.09354664700838519, 0.08390818266842881, 0.03068173016651663, 0.028961735349962003, 0.036123675809254296, 0.03260541025454039, 0.055971370582768465, 0.06283092343499837, 0.04969289380493567, 0.045897155804387815, 0.06715438354451894, 0.031176914122603407]",C:\Users\einob\OneDrive - King's College London\AA - Individual Project Files\Visual Python Code\Residual Outputs\diagnostics_multivar\diag_Fair_treatment_DOMESTIC_ABUSE_20150101-20260101.png,4.877071662378337,0.08728856313512617,2.552617895885514,0.08990467494629471
Fair treatment,DRUG OFFENCES,"[-5.518637377083731, 0.3361836880405006, 0.6542604216340584]","[0.007468893333475298, 0.09347251842053976, 1.7042360091628378e-08]",0.6244902833882211,0.601732118745083,"[-5.518637377083731, 0.3361836880405006, 0.6542604216340584]","[2.2996227274109775, 0.23397201829865508, 0.07728338746254093]","[0.022206465770266734, 0.16017352657326211, 8.802344264053001e-10]",0.5185325097466756,0.45771404407061156,0.06176873242073238,-0.7892426518247269,"[0.11514700814930709, 0.048266947662386775, 0.03284101065416761, 0.029949719833672547, 0.0054178606225139215, 0.010130096365836, 1.3373190475569481e-05, 0.003961745816133228, 0.010204088743153573, 0.020584034252917847, 0.004160904750671489, 0.042992421276447715, 0.11230204372465906, 0.0037733764038998053, 0.018069609718896967, 6.001953440294738e-05, 0.001800548230354858, 0.0026664284670017686, 0.0013288464985103242, 0.01216232460021726, 0.020176182820531054, 0.0026239812525416578, 0.19899692330308333, 0.004257678673253743, 0.016585881748297223, 0.03636690304703003, 0.07774673919465663, 0.06992413524323161, 0.055387748351365104, 0.00418820251922086, 0.03586733868549722, 0.00994568339977788, 0.060584051923456186, 0.004307557752033284, 0.015806712449709177, 0.006117067756824567]","[0.07113704359128975, 0.047182042311367856, 0.06878540553075146, 0.09233177104475476, 0.12001587970089778, 0.0896750800452839, 0.09785432981721093, 0.10269852476875019, 0.11931506966282102, 0.1717716561651469, 0.08392334846035099, 0.05514040212526039, 0.22771658320992538, 0.05217009280834509, 0.057406132161155685, 0.049422142556844906, 0.03528435385748871, 0.05424751219922935, 0.03668780805653213, 0.053067232452644136, 0.03087612627689608, 0.09208551783013336, 0.19960342720010782, 0.07916711805212062, 0.04679390196119951, 0.03286728300305476, 0.10469276243725849, 0.09591643455368903, 0.0935585850596383, 0.05393348296171302, 0.04986694093337253, 0.050759663603754, 0.09575719207626011, 0.08911892677571825, 0.11639949964063523, 0.08277072710839822]",C:\Users\einob\OneDrive - King's College London\AA - Individual Project Files\Visual Python Code\Residual Outputs\diagnostics_multivar\diag_Fair_treatment_DRUG_OFFENCES_20170401-20260101.png,2.686524610774768,0.2609928398952218,1.3306223850820695,0.27812356372709957
Fair treatment,FRAUD AND FORGERY,"[0.995551130354583, -0.05703556067018613, -0.08603647663770427]","[0.010606126369703124, 0.01718207622546057, 0.36888156728157545]",0.26701114901017875,0.18985442785335538,"[0.995551130354583, -0.05703556067018613, -0.08603647663770427]","[0.4412264708617923, 0.029427241258015685, 0.10836122798888667]","[0.0360267052620892, 0.06760424237793997, 0.43701277064315636]",0.3850604500258414,0.17582813265877845,0.9034434260904958,1.1268365502922784,"[0.6483870016148339, 0.11788658679798437, 0.05996821651453689, 0.010522717982014613, 0.00048313372820665406, 0.12714844678832662, 0.09297403066500924, 0.013457513492778917, 0.014501877360391699, 0.004535184473651652, 0.07458708423385874, 0.004784936828105759, 0.01016779086397908, 0.0015362217382032107, 0.0940431914829968, 0.003927396753841293, 0.0027513213976185624, 0.0012194119834921366, 0.0002627010192567664, 5.572887784112141e-06, 0.04586548891842811, 5.9308830902565626e-05]","[0.1865591572329217, 0.10300668604574247, 0.13723696516567097, 0.19133214305032564, 0.06468765386464018, 0.1317116991445484, 0.10300668604574247, 0.054517838768728094, 0.054517838768728094, 0.06121048025333767, 0.24266988410065105, 0.045589093793739724, 0.06829497329597717, 0.15926627078047104, 0.364161182368244, 0.1867973485730401, 0.11416315196248383, 0.12203752829452819, 0.23312931679698723, 0.12334557801276502, 0.15397418544830932, 0.09878433823241806]",C:\Users\einob\OneDrive - King's College London\AA - Individual Project Files\Visual Python Code\Residual Outputs\diagnostics_multivar\diag_Fair_treatment_FRAUD_AND_FORGERY_20200701-20260101.png,6.345509990037366,0.04188803745777284,3.85080222140682,0.03945066317577925
Fair treatment,GUN CRIME,"[-4.43914452610291, 0.8615587705484545, -0.03790110827293403]","[1.8923870390124393e-06, 2.172851447635412e-08, 0.07777025255403001]",0.5710029124565711,0.5505744797164078,"[-4.43914452610291, 0.8615587705484545, -0.03790110827293403]","[0.670066751434744, 0.10356332149961797, 0.01648068436904243]","[5.011798522115169e-08, 2.0149889999651544e-10, 0.02650203552927857]",0.46077573672783667,0.960347607408023,0.04345174560614419,-0.2741225507378471,"[0.0020336947958307585, 0.00013229465676649506, 0.0021757014075573055, 0.0017333922120700074, 0.10661925691501374, 0.0016308358441852106, 0.07976858756730544, 0.0008597390158838524, 0.0058169471535539224, 0.0211887174525311, 0.0006427113979453081, 0.0006474346554834825, 0.007590824069416753, 0.001441608673480051, 0.0012763632566342917, 0.0029023886265765833, 0.023784247091457253, 0.017601601895064437, 0.014295620993584765, 0.01461915441123957, 0.045386946140956855, 0.10360175325885009, 0.0032495720405037523, 0.019190081902998354, 0.04635624003243626, 0.017520047661235376, 0.00086085112112981, 2.6587601565894105e-05, 0.016420066470132163, 0.006875958956847114, 0.017336273416490598, 0.011513788295281935, 0.003084678451909229, 0.0042418902102987766, 0.009685519876319194, 0.006012078982412617, 0.02291918421414394, 0.026423352234471516, 0.03736233034751166, 0.03718803425431106, 0.008143205872740103, 0.015017297103021368, 0.0018048754367565771, 0.005347069231946579, 0.006419973370276925]","[0.10582296234638099, 0.10607695096159442, 0.10701457620120489, 0.10586915922501478, 0.1377994167151999, 0.11087615000865256, 0.16678007365455982, 0.13194753016057714, 0.12177389666272748, 0.07672619044623438, 0.09987758462976054, 0.08613651988411353, 0.05847265309046115, 0.09548227889961844, 0.10935533798863806, 0.07280959605636711, 0.05074116628434128, 0.04328325979883655, 0.05382467783012399, 0.03598603504716408, 0.044688377075537467, 0.04700434158255908, 0.03883887788623824, 0.0394036225267045, 0.062215056559642753, 0.06004554280946574, 0.051216266737680934, 0.060892439970769395, 0.13142015065148546, 0.0568096100868038, 0.03165629697142016, 0.040954175155170365, 0.042743328197350904, 0.05193594923552585, 0.04100894666249775, 0.057561612142546945, 0.029011249834551927, 0.028498379858090877, 0.026986345344898428, 0.03097578444752847, 0.02927288024188276, 0.022227426404380562, 0.03351544883392114, 0.029125008557577273, 0.03533686633419771]",C:\Users\einob\OneDrive - King's College London\AA - Individual Project Files\Visual Python Code\Residual Outputs\diagnostics_multivar\diag_Fair_treatment_GUN_CRIME_20150101-20260101.png,3.296743223225988,0.19236289522439218,1.6601007460478057,0.20235159184351934
Fair treatment,HATE CRIME,"[8.910213029691603, -0.8270987858612228, -0.0015103761977885662]","[0.0030355452174873065, 0.008199027249470966, 0.9562671108851631]",0.22108964056848368,0.18399867107174472,"[8.910213029691603, -0.8270987858612228, -0.0015103761977885662]","[2.7340722749642983, 0.2909238134033257, 0.02968602015302628]","[0.0022194020569974177, 0.0068722216781782865, 0.959663651473742]",0.26073935488334193,0.015854749590292812,0.07249346259957448,-1.328950521450224,"[0.032154643850271315, 0.005025817047949225, 0.0013892149184727167, 0.0008014121874262758, 0.004330765973635436, 0.01718228312551221, 0.24630822776747496, 0.036716382858018655, 0.03342549074217125, 0.028644260012724927, 0.018088410334309486, 0.00982046186239858, 0.007350777443716713, 0.018319369518933017, 0.011538003939122713, 0.0139607215804525, 0.014694901207493864, 0.01460286835165552, 0.02584692550576095, 0.02392135450628852, 0.014526971809440983, 0.02796982527361586, 0.09541961190853235, 0.00021472741457777405, 0.0006211197920966957, 0.006826535808936804, 1.1558209830427927e-05, 0.0035220554223329924, 0.01302753271782964, 0.015902881385850606, 0.014232850051283486, 0.01872812936638978, 0.01198106746536992, 0.008814479074599445, 0.008736253375905232, 0.0030114601220135595, 0.01872964595767892, 0.018779188596092716, 0.012530584737274421, 0.02375669853399567, 0.03676005156747104, 0.008968713208262993, 0.0022409637672058144, 0.007542996418955607, 0.015507062823924896]","[0.17058482713904555, 0.11430934937237591, 0.10904417924672627, 0.10611417722746386, 0.12368794446541531, 0.11785925379501205, 0.21269342130879965, 0.107582580440161, 0.10608259243143972, 0.03142480783311328, 0.02841945941735819, 0.09199666165903891, 0.1359062074501856, 0.048879177791359474, 0.05425156421527423, 0.07010261851586465, 0.07218238932979266, 0.03537009609175916, 0.03762420103632802, 0.036524684039516135, 0.038752824754845636, 0.043222164325813335, 0.10177159997396013, 0.02871532460074005, 0.040127696579498114, 0.08592132155849078, 0.07467600959188939, 0.03803152654174704, 0.02648090362227096, 0.041929469567111785, 0.03874795628861373, 0.02880328510884296, 0.027867344851927323, 0.05027630010726059, 0.05761396535449033, 0.15156835765887774, 0.03380085319049901, 0.028107372334843665, 0.03480186778121492, 0.03183902036247477, 0.04351205354076637, 0.033337747438277755, 0.04877820099678776, 0.033489343672727524, 0.027187297390002925]",C:\Users\einob\OneDrive - King's College London\AA - Individual Project Files\Visual Python Code\Residual Outputs\diagnostics_multivar\diag_Fair_treatment_HATE_CRIME_20150101-20260101.png,3.141179126519766,0.207922562710678,1.5758867612706038,0.21880841023362266
Fair treatment,KNIFE CRIME,"[-4.469481301365583, 0.6601272780897401, -0.05866637111279558]","[0.07523567765391928, 0.02799254460831221, 0.00287491635729267]",0.22067716812376403,0.1835665570820385,"[-4.469481301365583, 0.6601272780897401, -0.05866637111279558]","[2.95841643826483, 0.34957619003634244, 0.011242192378394331]","[0.1383353440217744, 0.06589698558486815, 5.224427796146038e-06]",0.12352825706006716,0.011813673796886762,0.003908764953617696,-1.3027555260201609,"[0.00019212980229862446, 0.0028305449817016205, 5.764507069364266e-05, 0.0001422508082311356, 0.0033162072933897815, 6.121408658862867e-06, 1.5336483608912058e-06, 0.004965141230479643, 0.004998572252924999, 0.034994808845730224, 0.029185006719655328, 0.01632154485573499, 0.015024849772762222, 0.028171507751347625, 0.01444577544295111, 0.0177440353337075, 0.022417562714081414, 0.018737555923476697, 0.02383527109960977, 0.02593358587544968, 0.018907132202678128, 0.26956310621095947, 0.007412862114057196, 0.020164367666626125, 0.0795166744725525, 0.002791765784961211, 0.0011626384484791346, 0.0025918805203358148, 0.016001937327868945, 0.016991818542773016, 0.012020482421909265, 0.014182574519579567, 0.00828464224227333, 0.011733840722438913, 0.020446777151368997, 0.02344274206477821, 0.023457380348475797, 0.03844391212847359, 0.03302019395153077, 0.029527712502001695, 0.006994461983924767, 0.00922253819114806, 0.004003226922780236, 0.004006156541943601, 0.007159485589435642]","[0.11383228436981774, 0.10945953777213727, 0.1183706561490534, 0.11435281980107015, 0.12960621570098563, 0.11102460516696763, 0.1374944497957047, 0.12749331109064554, 0.15838291889007983, 0.056294976696556885, 0.0701279015921621, 0.06326051475981236, 0.037336672920365306, 0.07591689690878994, 0.040706315534474874, 0.03808517302165545, 0.04337622670014743, 0.06104641072905497, 0.04180597446711863, 0.05170122533185038, 0.03083688424596249, 0.1582579296850229, 0.02901440636145983, 0.08243663574563062, 0.16702827635773457, 0.07677103107210938, 0.04418477214500682, 0.0712250143446802, 0.07838630604952315, 0.052392812787033095, 0.02608770369919732, 0.026060240881323835, 0.025128947353911985, 0.028951244188407967, 0.037869618377994935, 0.03363737777794989, 0.03359565569131556, 0.04551252675006168, 0.04416717398451299, 0.04226708320257256, 0.0315668448507216, 0.02659897029822824, 0.025756998737831157, 0.045829680521007464, 0.03676077749235154]",C:\Users\einob\OneDrive - King's College London\AA - Individual Project Files\Visual Python Code\Residual Outputs\diagnostics_multivar\diag_Fair_treatment_KNIFE_CRIME_20150101-20260101.png,16.397361934478365,0.00027501608606154987,12.038910531092847,7.363174855178368e-05
Fair treatment,LETHAL BARREL DISCHARGE,"[-0.9265923184489611, 0.4938401542467651, -0.05774018756114803]","[0.008766509168039534, 2.0817258732682478e-07, 0.001288141282344161]",0.5516221980523446,0.5302708741500752,"[-0.9265923184489611, 0.4938401542467651, -0.05774018756114803]","[0.2937932716782527, 0.0706766015875921, 0.014618017887913495]","[0.002973667380008303, 1.515460277309252e-08, 0.00029303177856238597]",0.5881607173832355,0.315025444241772,-0.10720770607227142,-0.8204587346382906,"[0.004309684107594942, 0.005415640900029288, 0.00952869918027987, 0.025190944677544926, 0.011356420151774379, 0.02314877437697629, 0.08199506068759212, 0.025984920686007343, 0.0532030951777562, 0.02955240186896003, 0.007458719021405443, 0.013571732654535172, 0.0009323529313939241, 0.01003432246174016, 0.004108725035995644, 0.0002819583060578955, 0.022439599767234707, 0.022557608827717533, 0.026457500379663077, 0.0336834850039653, 0.018281541940659816, 0.018731211342540893, 0.0019508494589336508, 0.0008507930338361588, 0.011045117357467897, 0.0009585418064976351, 0.009838934774852108, 0.004288355447906007, 0.004793525436786314, 0.019307969338403203, 0.1114325808721245, 0.01929549262011609, 0.010522759366252523, 0.014631702838234735, 0.007822257961293802, 0.01757460582453142, 0.004356362683781418, 0.01891642679317603, 0.012669364247389724, 0.008405988797258243, 0.0005814730863090124, 0.004718743513871558, 0.010921641023673838, 0.09987322690555042, 0.02142633047512958]","[0.11367766828403204, 0.10784929305332924, 0.1085043996140142, 0.12753066548817088, 0.1106224950567101, 0.12207585650523342, 0.1643956216648944, 0.1078492930533293, 0.10831529002496579, 0.07270690759402913, 0.08403934629879385, 0.032041174440356326, 0.07293408354802372, 0.08484474652222226, 0.0694024632256686, 0.10064110785698807, 0.02920157265264724, 0.03097258497320069, 0.040851718912760404, 0.02969334128031933, 0.03681825371639144, 0.028583757721861468, 0.08458822062550635, 0.023153723001100655, 0.04182295910099309, 0.03529257154023596, 0.0249643938210886, 0.02953205316855742, 0.07540886691517362, 0.027142362009271313, 0.054465869705837285, 0.027044370876920642, 0.03276145223817516, 0.03639451836842817, 0.03943773983526945, 0.03088738411337972, 0.07121279958123558, 0.03066265928896843, 0.038123623346351845, 0.04092076148471093, 0.07499881180851406, 0.033641099712160796, 0.08107149543167337, 0.15792616352769603, 0.12499445901080836]",C:\Users\einob\OneDrive - King's College London\AA - Individual Project Files\Visual Python Code\Residual Outputs\diagnostics_multivar\diag_Fair_treatment_LETHAL_BARREL_DISCHARGE_20150101-20260101.png,3.1065554009643086,0.21155342741995226,1.5572284409802897,0.22264077075403055
Fair treatment,MISCELLANEOUS CRIMES AGAINST SOCIETY,"[-3.1327179465786856, 0.4797649557994957, -0.02452372374399002]","[4.693420504135454e-12, 7.757460550876536e-16, 0.3016572473743495]",0.7964656735988076,0.7867735628177984,"[-3.1327179465786856, 0.4797649557994957, -0.02452372374399002]","[0.3360912723377824, 0.03723740679466803, 0.01644324255230963]","[8.768604879652375e-12, 3.4939447769202465e-16, 0.1433254923747987]",0.7180187406862008,5.553911194821582e-05,1.7468267979669079,4.29046533031665,"[0.00684583398730956, 0.022497867449972123, 9.344182663327132e-06, 0.0027241433179116636, 4.051236504265871e-05, 0.004714538127879825, 0.017926491237920335, 0.015206986352202996, 0.01455402529062884, 0.016374814457340046, 0.002242326191791286, 0.005553654180484843, 0.002045117518364726, 0.007062204023503869, 0.005052792032856195, 7.540571301678658e-05, 0.003916058953531272, 0.004420760107371725, 0.0007764915808992542, 0.016767511148459105, 0.006479187031963395, 0.26717591995238904, 0.02996310311566598, 0.06979554035850499, 0.05989457973407768, 0.012419480608547967, 0.0032558975285891583, 0.00037063100914106536, 0.03525893426114798, 0.028903936795844513, 0.017872143989453203, 0.013839887443890257, 0.005481042736821611, 0.0026168967007884673, 0.0016224777961618506, 0.0005565689671435946, 0.0029010141652182535, 0.004592340286543231, 0.06443438601064684, 0.009884552231816425, 0.0054738837471304405, 0.014901183716575598, 0.0015382056523473525, 0.0014842711363785162, 0.016489179261069433]","[0.08845855571766018, 0.08947510577833709, 0.08156663203294579, 0.08585022986137421, 0.08295291492608034, 0.08312234277653416, 0.08530142916753733, 0.09311907893639743, 0.10035171284061217, 0.11042781121727822, 0.0803726698510647, 0.08295018742602997, 0.07243078878692404, 0.05181480277942161, 0.043419725290885, 0.06542120357165582, 0.06792759120263717, 0.07074143273122489, 0.06112233952764536, 0.11231859802680484, 0.11846110560778912, 0.047798618525784244, 0.025916955678557, 0.043808459741141455, 0.050325917204727594, 0.04019881198655971, 0.04458339660678316, 0.04071980047527871, 0.05687807384065824, 0.042706239520700184, 0.03954500406691633, 0.05942140019869047, 0.03778568887602939, 0.05689437318853828, 0.05368384502164612, 0.06757131728198638, 0.0650777846352063, 0.05520277608172236, 0.10810658602292417, 0.043776900645120964, 0.037879938786788185, 0.051198979134943694, 0.03638738052173557, 0.0950895326990234, 0.0718359612016986]",C:\Users\einob\OneDrive - King's College London\AA - Individual Project Files\Visual Python Code\Residual Outputs\diagnostics_multivar\diag_Fair_treatment_MISCELLANEOUS_CRIMES_AGAINST_SOCIETY_20150101-20260101.png,3.620594403938309,0.16360550569797402,1.8374474303695878,0.17179337651318624
Fair treatment,POSSESSION OF WEAPONS,"[5.20955117189948, -0.48099601269363657, -0.2415093458081826]","[0.027824803158003304, 0.0917548243857748, 0.04139035103371674]",0.23214479662196896,0.1553592762841658,"[5.20955117189948, -0.48099601269363657, -0.2415093458081826]","[4.267027123498201, 0.5335070876456215, 0.15180676640857863]","[0.23632793826421725, 0.3780128585757769, 0.12731530567048258]",0.6484774571029224,0.2339746800484056,0.6393600334532454,-0.06704251317738352,"[1.2070251282570588, 0.2441983476970251, 0.09023755157789208, 0.08532211171511224, 0.0027706211903584634, 0.0005869087226149367, 0.004102645775303437, 0.019848512255932167, 0.006730594816439241, 0.3564376625061502, 0.0002113166648067293, 0.017536563512155365, 0.006529468388438395, 0.032694632710387875, 0.03225955346778187, 0.0936672525075611, 0.006273838033969343, 0.023644538965607333, 0.0021891459045220666, 0.026214453802276272, 0.05228886367539743, 0.0004757592983474913, 0.007630167754363414]","[0.3356040322712977, 0.1731112813232022, 0.19848393170587775, 0.08612859956262253, 0.044254297795985297, 0.07419762850054346, 0.07694968736363444, 0.0647274875497543, 0.05379996963588479, 0.2137278053631817, 0.06446208091092342, 0.19408228772386882, 0.17033494378589997, 0.11895034510563007, 0.13489397250398005, 0.217376876205002, 0.08987853760719433, 0.07862664831601224, 0.07763018053204473, 0.21332964611327787, 0.1489608955812971, 0.06244751327525449, 0.10804135126762593]",C:\Users\einob\OneDrive - King's College London\AA - Individual Project Files\Visual Python Code\Residual Outputs\diagnostics_multivar\diag_Fair_treatment_POSSESSION_OF_WEAPONS_20200701-20260101.png,8.516073099922872,0.014150058084899301,5.879671416925974,0.009808099943764942
Fair treatment,PUBLIC ORDER OFFENCES,"[14.305736926251573, -1.4440094340763123, 0.1309815094005185]","[0.002361979898802002, 0.003410700651298543, 0.026082085385390818]",0.30067868026359024,0.25829556997653513,"[14.305736926251573, -1.4440094340763123, 0.1309815094005185]","[4.683750985609361, 0.4950464418008735, 0.06910377274371303]","[0.004439102218410577, 0.006314832971128582, 0.06682248759257628]",0.5260786259203087,0.8850294132156871,0.11849334688652233,-0.6547307010571077,"[0.03519171856047074, 0.02556228857682232, 0.0028505792408921623, 0.006337846117653492, 0.020760551728807367, 0.010458041837494688, 0.007858128409136435, 0.0014474519985728082, 0.01665581458963256, 0.0572626133955697, 0.022624201988344805, 0.028511240421396893, 0.009491409819243585, 0.3762936372070955, 0.004132407260963437, 0.021522105436688282, 0.007610697650377351, 0.00511499913221417, 0.0004081337725039495, 0.02705815733852809, 0.003558507703787185, 0.005100903152931032, 0.018297768305618755, 0.015851843036700685, 0.008610339344140194, 0.007351683399832222, 0.07984592933912431, 0.06098332860513591, 0.014682972425125262, 0.31358219118628466, 0.010341179292434707, 0.026454556280375845, 0.00031076885800475975, 0.0011303354894965697, 0.0011951311975953029, 0.011095314827599661]","[0.06957218180449498, 0.04943941098906167, 0.12340812835118577, 0.15729161423910157, 0.03835163133508987, 0.05755110112455669, 0.0826035813345739, 0.11091806929650624, 0.07593716306685064, 0.07592457912219329, 0.02916527861426199, 0.0560510385642057, 0.043922564969361276, 0.1634888596549226, 0.06675327297350961, 0.1078003566784636, 0.10375143198712047, 0.09270363740705446, 0.06204508329106411, 0.060652773902776416, 0.11401348184419038, 0.06421976748344078, 0.03390338241462401, 0.038827430002709454, 0.07515678587203464, 0.09071765405192769, 0.09019984162839872, 0.04906126053749485, 0.03648148006710855, 0.22644165694025198, 0.05506850243715832, 0.07058114684679248, 0.06363670518955258, 0.08661745426123724, 0.09092635339649358, 0.18681533832022823]",C:\Users\einob\OneDrive - King's College London\AA - Individual Project Files\Visual Python Code\Residual Outputs\diagnostics_multivar\diag_Fair_treatment_PUBLIC_ORDER_OFFENCES_20170401-20260101.png,2.793999839235573,0.24733788551185398,1.3883333471117363,0.26368296341889375
Fair treatment,ROBBERY,"[0.20112185787351786, -0.20198926538017314, 0.5902749743602504]","[0.9076814825539354, 0.3428307856573747, 8.268229017661351e-06]",0.4780013979644703,0.44636511905322607,"[0.20112185787351786, -0.20198926538017314, 0.5902749743602504]","[2.368610535805551, 0.2785746086531673, 0.07562411993392945]","[0.9328449487402115, 0.4735126099916516, 5.38970027646726e-09]",0.8689976344473025,0.22864324711300654,-0.2428380139852298,-0.8795968382322776,"[0.02617340247391415, 0.007920463185532215, 0.01772374464104993, 0.0006796258273537668, 0.004501397042562229, 0.003036807415906468, 0.008955756233406387, 0.006316563405458158, 0.033971374217468396, 0.07388020114579855, 0.05508154076878989, 0.011177319833122338, 0.49776477422588916, 0.02317818687815764, 0.01126732958636002, 0.0007868715390837978, 0.0006216382964026175, 0.002538675363449182, 0.024906950403899453, 0.022177557931337258, 0.037015024873383665, 0.005952906601963426, 0.0027013911740302117, 0.050046206954137216, 0.0028982733693488933, 0.01156884504118997, 0.02986721452469522, 0.029924973973779915, 0.033668655709359424, 0.003068700612270877, 0.005835727979373996, 0.041829485038446815, 0.004111975196220359, 0.03623881120398301, 0.00600592912079396, 1.7789415075753755e-05]","[0.06649090038177435, 0.09556931910619337, 0.053862911999003116, 0.1162159387482703, 0.14349059585353796, 0.06925454836007167, 0.06120113177140213, 0.06903472524173343, 0.0730104187121132, 0.07221016370727201, 0.11415623555287782, 0.069628599806897, 0.2799624219825224, 0.034189486322666524, 0.04009234316425912, 0.25957375999329557, 0.11252037021458759, 0.0676905730093655, 0.11439233250737135, 0.07435350587147639, 0.04477292595620112, 0.12333042887040802, 0.11622450804303358, 0.04477440282429629, 0.06364871996209376, 0.03391408666697221, 0.04396442914259578, 0.03438460449186049, 0.03871893753534987, 0.08740891754628838, 0.07171239965106446, 0.04083359711020623, 0.043654921251515405, 0.1295264992008951, 0.03119987299636219, 0.06503046644416682]",C:\Users\einob\OneDrive - King's College London\AA - Individual Project Files\Visual Python Code\Residual Outputs\diagnostics_multivar\diag_Fair_treatment_ROBBERY_20170401-20260101.png,0.4381788578888113,0.8032498811525554,0.20330654963572514,0.8170424620205611
Fair treatment,SEXUAL OFFENCES,"[13.032369597664234, -1.6222422000422378, 0.3528683630557634]","[6.852704321086817e-07, 1.5403686859671106e-07, 0.00026976368552990944]",0.6376056244253443,0.6156423289359713,"[13.032369597664234, -1.6222422000422378, 0.3528683630557634]","[1.6724013560126014, 0.19305295365257855, 0.053120597579118724]","[5.58480663759196e-09, 1.042907636113587e-09, 1.4737052163860343e-07]",0.89543063280709,0.4247135852000983,-0.11452024307091117,-0.49936243727427776,"[0.05797608971766146, 0.03357710562090938, 0.00016549029615640378, 0.03284494967170898, 0.03268150642196227, 0.02103977846225795, 0.0007061367786566272, 0.006346913367513328, 9.801518333551812e-05, 0.01173742107665804, 0.0038038572209971337, 0.011633449757959876, 0.005091808799260692, 0.004953587705216785, 0.0030439984507653643, 0.036307751221288175, 0.013195543132687634, 6.1298566182805e-05, 0.00039672118993138334, 0.016078734055665043, 0.016590671373121008, 0.00394336129650394, 0.021508744450392008, 0.0501623692261974, 0.016709850479936627, 0.02055577914208798, 0.04519381705649701, 0.03907421696819586, 0.0003951800532598343, 0.0005667517804488642, 0.0006341850637219325, 0.00043379897261072633, 0.09992174277332984, 0.06642830205886346, 0.0005813012016913003, 3.101243492934836e-05]","[0.04659866713030322, 0.036275698255098715, 0.16462338122481768, 0.1787409142961639, 0.03178419508288512, 0.034758318283570816, 0.09108401203034378, 0.051426800175295745, 0.12205405159165805, 0.06330329980115279, 0.10636909266169103, 0.049813728624862774, 0.3516314348961036, 0.04387925950815555, 0.16702127171834286, 0.11365030518320113, 0.06633418943702296, 0.04653470672281734, 0.05369701223006951, 0.032958236296211696, 0.03475696825621817, 0.12777232493298363, 0.06160953212839787, 0.04318969560992936, 0.034840745778015686, 0.04307842244859231, 0.04553671719862165, 0.028394073420754097, 0.07316987582740198, 0.07172835055270124, 0.07571629087485972, 0.05583388449601416, 0.1339375212377697, 0.15371565105530868, 0.0871504957193118, 0.0770308753133511]",C:\Users\einob\OneDrive - King's College London\AA - Individual Project Files\Visual Python Code\Residual Outputs\diagnostics_multivar\diag_Fair_treatment_SEXUAL_OFFENCES_20170401-20260101.png,0.14797026330748997,0.9286855017562387,0.06809961283934822,0.9342983433955221
Fair treatment,THEFT,"[8.912368616796142, -1.0395796654256773, 0.7656249948917029]","[1.784629226464456e-05, 3.1065913295936526e-06, 1.3982376454036146e-05]",0.5328986792163192,0.5045895082597325,"[8.912368616796142, -1.0395796654256773, 0.7656249948917029]","[1.7271040965459408, 0.15751733960157338, 0.11442114594450595]","[1.1498746646917815e-05, 1.6696007385142392e-07, 1.28037823461083e-07]",0.7785731689393472,0.33574130951212544,0.2112983780685318,-0.4080544256448744,"[0.03611590629767669, 0.03636889127371205, 0.014051262798220538, 0.015752536687222218, 0.002651746212927423, 0.006055580827251082, 0.003972737869858939, 0.012735292395113378, 0.024299768680597134, 0.04473616570364648, 0.026345139414924057, 0.0006798903281441905, 0.03300431345796793, 0.019877489645571907, 0.0071218988834455405, 0.21140329167480273, 0.01928489322404263, 0.0006967695898854592, 4.2803725415840187e-05, 0.008936029041055612, 0.005658483446238767, 0.010455580642933723, 0.0036625889468459637, 0.0021338449505600814, 0.0008984328688296254, 0.06779951113154865, 0.040279725974308754, 0.06476254225358313, 0.012605555441059483, 0.005876926508051869, 0.006849273899739555, 0.11520506085121456, 0.03849780362129763, 0.006978123464737765, 0.0018790805092118157, 0.0020333720868333607]","[0.030223386127655183, 0.028313293746367096, 0.048423312111790795, 0.03874202077901766, 0.08646390677346305, 0.14593142111926616, 0.0929171099331546, 0.053464356105053956, 0.050840372718552795, 0.0312913573312407, 0.08971998093402922, 0.09872564717499033, 0.3096135795182102, 0.05665233683155249, 0.07806052560093976, 0.24892825614671277, 0.07122431788445127, 0.07387875702956714, 0.07893436674704957, 0.10497589778500549, 0.09013507564818157, 0.0548482766859843, 0.05858781775890709, 0.08542639204007363, 0.08690339924156631, 0.06004942658772772, 0.06088572285485433, 0.06407350442737347, 0.07057913284502362, 0.07525385029949641, 0.09299899848968926, 0.09356685215269789, 0.12084718820655282, 0.074375917629521, 0.04982001754446046, 0.044324225189821154]",C:\Users\einob\OneDrive - King's College London\AA - Individual Project Files\Visual Python Code\Residual Outputs\diagnostics_multivar\diag_Fair_treatment_THEFT_20170401-20260101.png,2.959277463314189,0.2277199415311125,1.4778150838096615,0.24284327447459136
Fair treatment,VEHICLE OFFENCES,"[-11.002583923635184, 1.1300204286925302, 0.09398637765866619]","[0.00896783471010628, 0.00919240306796456, 0.38763484891816286]",0.3136205902244342,0.27202183811682423,"[-11.002583923635184, 1.1300204286925302, 0.09398637765866619]","[2.52291810932983, 0.2602537076599124, 0.10648470644864473]","[0.00011947050335611629, 0.00012624087794973232, 0.383821867249256]",0.3101152512729787,0.07673634208732807,0.20759215646103482,-0.7825354187322406,"[0.033661581169293756, 0.028196720790179472, 0.023983855409823993, 0.02785892062232154, 0.02286210872363294, 0.019056180673590828, 0.005667060618926596, 0.00037564666414167415, 0.009590382123683435, 0.013961698220496883, 0.002169699059314427, 0.0053917378287462155, 0.24567886459801128, 0.027660223536329128, 0.004787389405943637, 0.05470860952534669, 0.011787635832508978, 0.0016099561187190613, 0.03141367628138888, 0.030581251783884173, 0.01571508253053665, 0.018557819321461975, 0.026458758045667, 0.008535737344040471, 0.016028574907635502, 0.09286670871768932, 0.016797338293188014, 0.015573078188795731, 0.016982979983090733, 0.01139527176155528, 0.007522680861428157, 0.0011673491554885435, 0.0003301813736966951, 0.0016023993433820953, 2.4519577293458422e-05, 0.014425654312274274]","[0.034538121531121485, 0.03332144756629789, 0.05630274547711628, 0.09136873457956546, 0.05123484545732657, 0.10506454319094471, 0.08158602024671893, 0.19869918275138498, 0.07234512865678948, 0.13355421180568885, 0.1691628668355741, 0.11364592451025027, 0.11323158998035479, 0.12340027767637846, 0.08916507586397443, 0.12814049400820504, 0.07970970643560688, 0.029351427522335292, 0.14453508305250728, 0.08801660139388368, 0.03017811712881828, 0.029358112112807234, 0.039867728146412984, 0.027976184615169507, 0.04894249629151973, 0.12722175786083856, 0.02880634444747461, 0.029068214902934555, 0.028292212423750702, 0.04404790192296293, 0.04306432851816171, 0.0724669274499623, 0.09992869258801439, 0.08211473184829142, 0.17090334031632365, 0.1613888808845304]",C:\Users\einob\OneDrive - King's College London\AA - Individual Project Files\Visual Python Code\Residual Outputs\diagnostics_multivar\diag_Fair_treatment_VEHICLE_OFFENCES_20170401-20260101.png,1.109938182232181,0.5740900054035385,0.5249053470436837,0.5964683852716888
Fair treatment,VIOLENCE AGAINST THE PERSON,"[25.947343527156967, -2.4609237139212383, 0.2931644997427132]","[0.00010776081832260793, 3.842827452669177e-05, 0.0022275738065991577]",0.6194938602447557,0.5964328820777712,"[25.947343527156967, -2.4609237139212383, 0.2931644997427132]","[6.0618002677144105, 0.5155896030339095, 0.09769050979904959]","[0.00015077953263106908, 3.5950949185398445e-05, 0.005094634636157987]",0.6922060698103445,0.8787311708167974,0.2445099264071487,-0.3082100783470221,"[0.05674871138312854, 0.001050756465542835, 1.2811633700694268e-05, 0.06773392885290516, 0.012073469297421015, 0.007608068151453413, 0.005506742923661897, 0.0020303724662749313, 0.017486179320259577, 0.04977803447253723, 0.03715199269122707, 0.0096390047721841, 0.2090768051140097, 0.08933891516888344, 0.07556828769193119, 0.07025059624440873, 0.007549332275462651, 1.6771806321025766e-06, 0.000728290583545567, 0.025016647001155953, 0.006365341477412421, 0.0018032463562054988, 0.018403668435494878, 0.012192537116337911, 0.00014170716903909796, 0.00017654580539050576, 0.03877602018977134, 0.086057475074702, 0.02291959042135126, 0.010134290503031475, 0.011080116103850145, 0.01946872617383621, 0.0026071442219452083, 0.027551708168774957, 0.0002858243647690064, 0.0009837755445561802]","[0.2716881229329562, 0.1062808373982187, 0.0963351926547732, 0.17279594696009531, 0.06088477423619609, 0.08520515147935581, 0.06049899351299043, 0.06651283618171933, 0.049245149175467906, 0.03898675491285647, 0.04486231964953269, 0.05380975883059856, 0.17377059623975633, 0.05001983013842512, 0.1882281766671774, 0.240419509777123, 0.04424445121917066, 0.043449518448274355, 0.06901872864061293, 0.06329051034076882, 0.0536768330145819, 0.06833904937181773, 0.07094446478859484, 0.04747784300524077, 0.1035227011059035, 0.1165518808974364, 0.06562790024546822, 0.05292247723210536, 0.03307944259653195, 0.04091685289792012, 0.0319142664948536, 0.04297089460015385, 0.07394701476845471, 0.09712151998925563, 0.07382069297320915, 0.047619006622403065]",C:\Users\einob\OneDrive - King's College London\AA - Individual Project Files\Visual Python Code\Residual Outputs\diagnostics_multivar\diag_Fair_treatment_VIOLENCE_AGAINST_THE_PERSON_20170401-20260101.png,0.07078967793340274,0.9652242328707495,0.03250919448078741,0.968044510543864
