date,borough,crime_count
1/1/2015,Barking and Dagenham,440
1/1/2015,Barnet,449
1/1/2015,Bexley,232
1/1/2015,Brent,544
1/1/2015,Bromley,394
1/1/2015,Camden,641
1/1/2015,Croydon,629
1/1/2015,Ealing,497
1/1/2015,Enfield,449
1/1/2015,Greenwich,520
1/1/2015,Hackney,670
1/1/2015,Hammersmith and Fulham,386
1/1/2015,Haringey,563
1/1/2015,Harrow,249
1/1/2015,Havering,346
1/1/2015,Hillingdon,469
1/1/2015,Hounslow,459
1/1/2015,Islington,747
1/1/2015,Kensington and Chelsea,359
1/1/2015,Kingston upon Thames,154
1/1/2015,Lambeth,674
1/1/2015,Lewisham,540
1/1/2015,Merton,276
1/1/2015,Newham,670
1/1/2015,Redbridge,364
1/1/2015,Richmond upon Thames,192
1/1/2015,Southwark,664
1/1/2015,Sutton,245
1/1/2015,Tower Hamlets,642
1/1/2015,Waltham Forest,449
1/1/2015,Wandsworth,382
1/1/2015,Westminster,749
2/1/2015,Barking and Dagenham,384
2/1/2015,Barnet,479
2/1/2015,Bexley,218
2/1/2015,Brent,476
2/1/2015,Bromley,387
2/1/2015,Camden,542
2/1/2015,Croydon,619
2/1/2015,Ealing,402
2/1/2015,Enfield,418
2/1/2015,Greenwich,450
2/1/2015,Hackney,702
2/1/2015,Hammersmith and Fulham,304
2/1/2015,Haringey,522
2/1/2015,Harrow,237
2/1/2015,Havering,241
2/1/2015,Hillingdon,449
2/1/2015,Hounslow,379
2/1/2015,Islington,738
2/1/2015,Kensington and Chelsea,286
2/1/2015,Kingston upon Thames,166
2/1/2015,Lambeth,609
2/1/2015,Lewisham,528
2/1/2015,Merton,218
2/1/2015,Newham,654
2/1/2015,Redbridge,320
2/1/2015,Richmond upon Thames,126
2/1/2015,Southwark,599
2/1/2015,Sutton,226
2/1/2015,Tower Hamlets,603
2/1/2015,Waltham Forest,474
2/1/2015,Wandsworth,373
2/1/2015,Westminster,728
3/1/2015,Barking and Dagenham,498
3/1/2015,Barnet,487
3/1/2015,Bexley,278
3/1/2015,Brent,642
3/1/2015,Bromley,397
3/1/2015,Camden,554
3/1/2015,Croydon,722
3/1/2015,Ealing,513
3/1/2015,Enfield,562
3/1/2015,Greenwich,484
3/1/2015,Hackney,760
3/1/2015,Hammersmith and Fulham,398
3/1/2015,Haringey,627
3/1/2015,Harrow,316
3/1/2015,Havering,326
3/1/2015,Hillingdon,432
3/1/2015,Hounslow,395
3/1/2015,Islington,870
3/1/2015,Kensington and Chelsea,313
3/1/2015,Kingston upon Thames,185
3/1/2015,Lambeth,677
3/1/2015,Lewisham,545
3/1/2015,Merton,250
3/1/2015,Newham,703
3/1/2015,Redbridge,431
3/1/2015,Richmond upon Thames,191
3/1/2015,Southwark,683
3/1/2015,Sutton,207
3/1/2015,Tower Hamlets,664
3/1/2015,Waltham Forest,576
3/1/2015,Wandsworth,432
3/1/2015,Westminster,833
4/1/2015,Barking and Dagenham,500
4/1/2015,Barnet,573
4/1/2015,Bexley,261
4/1/2015,Brent,542
4/1/2015,Bromley,429
4/1/2015,Camden,678
4/1/2015,Croydon,667
4/1/2015,Ealing,478
4/1/2015,Enfield,457
4/1/2015,Greenwich,562
4/1/2015,Hackney,749
4/1/2015,Hammersmith and Fulham,371
4/1/2015,Haringey,561
4/1/2015,Harrow,342
4/1/2015,Havering,330
4/1/2015,Hillingdon,446
4/1/2015,Hounslow,463
4/1/2015,Islington,780
4/1/2015,Kensington and Chelsea,316
4/1/2015,Kingston upon Thames,202
4/1/2015,Lambeth,653
4/1/2015,Lewisham,571
4/1/2015,Merton,240
4/1/2015,Newham,650
4/1/2015,Redbridge,401
4/1/2015,Richmond upon Thames,155
4/1/2015,Southwark,577
4/1/2015,Sutton,301
4/1/2015,Tower Hamlets,617
4/1/2015,Waltham Forest,467
4/1/2015,Wandsworth,393
4/1/2015,Westminster,775
5/1/2015,Barking and Dagenham,513
5/1/2015,Barnet,521
5/1/2015,Bexley,270
5/1/2015,Brent,643
5/1/2015,Bromley,478
5/1/2015,Camden,722
5/1/2015,Croydon,713
5/1/2015,Ealing,659
5/1/2015,Enfield,542
5/1/2015,Greenwich,548
5/1/2015,Hackney,819
5/1/2015,Hammersmith and Fulham,390
5/1/2015,Haringey,616
5/1/2015,Harrow,337
5/1/2015,Havering,389
5/1/2015,Hillingdon,502
5/1/2015,Hounslow,464
5/1/2015,Islington,943
5/1/2015,Kensington and Chelsea,334
5/1/2015,Kingston upon Thames,180
5/1/2015,Lambeth,791
5/1/2015,Lewisham,616
5/1/2015,Merton,260
5/1/2015,Newham,678
5/1/2015,Redbridge,382
5/1/2015,Richmond upon Thames,206
5/1/2015,Southwark,784
5/1/2015,Sutton,208
5/1/2015,Tower Hamlets,775
5/1/2015,Waltham Forest,519
5/1/2015,Wandsworth,462
5/1/2015,Westminster,878
6/1/2015,Barking and Dagenham,486
6/1/2015,Barnet,554
6/1/2015,Bexley,261
6/1/2015,Brent,551
6/1/2015,Bromley,438
6/1/2015,Camden,699
6/1/2015,Croydon,677
6/1/2015,Ealing,588
6/1/2015,Enfield,520
6/1/2015,Greenwich,531
6/1/2015,Hackney,783
6/1/2015,Hammersmith and Fulham,339
6/1/2015,Haringey,539
6/1/2015,Harrow,328
6/1/2015,Havering,360
6/1/2015,Hillingdon,525
6/1/2015,Hounslow,490
6/1/2015,Islington,779
6/1/2015,Kensington and Chelsea,301
6/1/2015,Kingston upon Thames,182
6/1/2015,Lambeth,663
6/1/2015,Lewisham,609
6/1/2015,Merton,276
6/1/2015,Newham,708
6/1/2015,Redbridge,529
6/1/2015,Richmond upon Thames,203
6/1/2015,Southwark,686
6/1/2015,Sutton,296
6/1/2015,Tower Hamlets,685
6/1/2015,Waltham Forest,526
6/1/2015,Wandsworth,457
6/1/2015,Westminster,776
7/1/2015,Barking and Dagenham,540
7/1/2015,Barnet,583
7/1/2015,Bexley,287
7/1/2015,Brent,512
7/1/2015,Bromley,441
7/1/2015,Camden,566
7/1/2015,Croydon,635
7/1/2015,Ealing,692
7/1/2015,Enfield,569
7/1/2015,Greenwich,518
7/1/2015,Hackney,801
7/1/2015,Hammersmith and Fulham,348
7/1/2015,Haringey,713
7/1/2015,Harrow,303
7/1/2015,Havering,353
7/1/2015,Hillingdon,481
7/1/2015,Hounslow,537
7/1/2015,Islington,758
7/1/2015,Kensington and Chelsea,347
7/1/2015,Kingston upon Thames,225
7/1/2015,Lambeth,688
7/1/2015,Lewisham,663
7/1/2015,Merton,341
7/1/2015,Newham,819
7/1/2015,Redbridge,424
7/1/2015,Richmond upon Thames,214
7/1/2015,Southwark,647
7/1/2015,Sutton,257
7/1/2015,Tower Hamlets,776
7/1/2015,Waltham Forest,523
7/1/2015,Wandsworth,476
7/1/2015,Westminster,730
8/1/2015,Barking and Dagenham,483
8/1/2015,Barnet,577
8/1/2015,Bexley,238
8/1/2015,Brent,560
8/1/2015,Bromley,462
8/1/2015,Camden,572
8/1/2015,Croydon,689
8/1/2015,Ealing,610
8/1/2015,Enfield,583
8/1/2015,Greenwich,656
8/1/2015,Hackney,769
8/1/2015,Hammersmith and Fulham,351
8/1/2015,Haringey,724
8/1/2015,Harrow,337
8/1/2015,Havering,346
8/1/2015,Hillingdon,486
8/1/2015,Hounslow,510
8/1/2015,Islington,677
8/1/2015,Kensington and Chelsea,405
8/1/2015,Kingston upon Thames,197
8/1/2015,Lambeth,822
8/1/2015,Lewisham,641
8/1/2015,Merton,280
8/1/2015,Newham,704
8/1/2015,Redbridge,415
8/1/2015,Richmond upon Thames,212
8/1/2015,Southwark,690
8/1/2015,Sutton,219
8/1/2015,Tower Hamlets,696
8/1/2015,Waltham Forest,530
8/1/2015,Wandsworth,424
8/1/2015,Westminster,790
9/1/2015,Barking and Dagenham,485
9/1/2015,Barnet,485
9/1/2015,Bexley,240
9/1/2015,Brent,501
9/1/2015,Bromley,410
9/1/2015,Camden,622
9/1/2015,Croydon,601
9/1/2015,Ealing,601
9/1/2015,Enfield,428
9/1/2015,Greenwich,540
9/1/2015,Hackney,645
9/1/2015,Hammersmith and Fulham,320
9/1/2015,Haringey,566
9/1/2015,Harrow,305
9/1/2015,Havering,308
9/1/2015,Hillingdon,486
9/1/2015,Hounslow,515
9/1/2015,Islington,614
9/1/2015,Kensington and Chelsea,405
9/1/2015,Kingston upon Thames,227
9/1/2015,Lambeth,646
9/1/2015,Lewisham,538
9/1/2015,Merton,262
9/1/2015,Newham,729
9/1/2015,Redbridge,456
9/1/2015,Richmond upon Thames,182
9/1/2015,Southwark,623
9/1/2015,Sutton,252
9/1/2015,Tower Hamlets,604
9/1/2015,Waltham Forest,435
9/1/2015,Wandsworth,418
9/1/2015,Westminster,712
10/1/2015,Barking and Dagenham,419
10/1/2015,Barnet,559
10/1/2015,Bexley,275
10/1/2015,Brent,496
10/1/2015,Bromley,414
10/1/2015,Camden,540
10/1/2015,Croydon,666
10/1/2015,Ealing,664
10/1/2015,Enfield,574
10/1/2015,Greenwich,504
10/1/2015,Hackney,768
10/1/2015,Hammersmith and Fulham,439
10/1/2015,Haringey,794
10/1/2015,Harrow,332
10/1/2015,Havering,430
10/1/2015,Hillingdon,420
10/1/2015,Hounslow,545
10/1/2015,Islington,671
10/1/2015,Kensington and Chelsea,300
10/1/2015,Kingston upon Thames,232
10/1/2015,Lambeth,716
10/1/2015,Lewisham,628
10/1/2015,Merton,311
10/1/2015,Newham,766
10/1/2015,Redbridge,409
10/1/2015,Richmond upon Thames,225
10/1/2015,Southwark,709
10/1/2015,Sutton,243
10/1/2015,Tower Hamlets,693
10/1/2015,Waltham Forest,482
10/1/2015,Wandsworth,508
10/1/2015,Westminster,831
11/1/2015,Barking and Dagenham,418
11/1/2015,Barnet,555
11/1/2015,Bexley,298
11/1/2015,Brent,601
11/1/2015,Bromley,420
11/1/2015,Camden,576
11/1/2015,Croydon,713
11/1/2015,Ealing,539
11/1/2015,Enfield,542
11/1/2015,Greenwich,501
11/1/2015,Hackney,694
11/1/2015,Hammersmith and Fulham,401
11/1/2015,Haringey,692
11/1/2015,Harrow,321
11/1/2015,Havering,384
11/1/2015,Hillingdon,509
11/1/2015,Hounslow,589
11/1/2015,Islington,793
11/1/2015,Kensington and Chelsea,404
11/1/2015,Kingston upon Thames,206
11/1/2015,Lambeth,674
11/1/2015,Lewisham,572
11/1/2015,Merton,271
11/1/2015,Newham,803
11/1/2015,Redbridge,506
11/1/2015,Richmond upon Thames,151
11/1/2015,Southwark,707
11/1/2015,Sutton,217
11/1/2015,Tower Hamlets,748
11/1/2015,Waltham Forest,634
11/1/2015,Wandsworth,442
11/1/2015,Westminster,890
12/1/2015,Barking and Dagenham,432
12/1/2015,Barnet,586
12/1/2015,Bexley,300
12/1/2015,Brent,613
12/1/2015,Bromley,429
12/1/2015,Camden,589
12/1/2015,Croydon,753
12/1/2015,Ealing,738
12/1/2015,Enfield,551
12/1/2015,Greenwich,537
12/1/2015,Hackney,695
12/1/2015,Hammersmith and Fulham,406
12/1/2015,Haringey,655
12/1/2015,Harrow,322
12/1/2015,Havering,422
12/1/2015,Hillingdon,479
12/1/2015,Hounslow,581
12/1/2015,Islington,877
12/1/2015,Kensington and Chelsea,310
12/1/2015,Kingston upon Thames,209
12/1/2015,Lambeth,807
12/1/2015,Lewisham,658
12/1/2015,Merton,305
12/1/2015,Newham,782
12/1/2015,Redbridge,467
12/1/2015,Richmond upon Thames,189
12/1/2015,Southwark,692
12/1/2015,Sutton,234
12/1/2015,Tower Hamlets,751
12/1/2015,Waltham Forest,510
12/1/2015,Wandsworth,430
12/1/2015,Westminster,850
1/1/2016,Barking and Dagenham,468
1/1/2016,Barnet,518
1/1/2016,Bexley,325
1/1/2016,Brent,627
1/1/2016,Bromley,385
1/1/2016,Camden,570
1/1/2016,Croydon,585
1/1/2016,Ealing,598
1/1/2016,Enfield,520
1/1/2016,Greenwich,600
1/1/2016,Hackney,661
1/1/2016,Hammersmith and Fulham,355
1/1/2016,Haringey,612
1/1/2016,Harrow,315
1/1/2016,Havering,356
1/1/2016,Hillingdon,432
1/1/2016,Hounslow,566
1/1/2016,Islington,692
1/1/2016,Kensington and Chelsea,244
1/1/2016,Kingston upon Thames,207
1/1/2016,Lambeth,597
1/1/2016,Lewisham,626
1/1/2016,Merton,280
1/1/2016,Newham,696
1/1/2016,Redbridge,398
1/1/2016,Richmond upon Thames,198
1/1/2016,Southwark,671
1/1/2016,Sutton,225
1/1/2016,Tower Hamlets,771
1/1/2016,Waltham Forest,460
1/1/2016,Wandsworth,450
1/1/2016,Westminster,832
2/1/2016,Barking and Dagenham,442
2/1/2016,Barnet,554
2/1/2016,Bexley,249
2/1/2016,Brent,553
2/1/2016,Bromley,350
2/1/2016,Camden,494
2/1/2016,Croydon,587
2/1/2016,Ealing,575
2/1/2016,Enfield,456
2/1/2016,Greenwich,493
2/1/2016,Hackney,564
2/1/2016,Hammersmith and Fulham,335
2/1/2016,Haringey,697
2/1/2016,Harrow,260
2/1/2016,Havering,396
2/1/2016,Hillingdon,466
2/1/2016,Hounslow,435
2/1/2016,Islington,618
2/1/2016,Kensington and Chelsea,279
2/1/2016,Kingston upon Thames,170
2/1/2016,Lambeth,682
2/1/2016,Lewisham,484
2/1/2016,Merton,258
2/1/2016,Newham,700
2/1/2016,Redbridge,443
2/1/2016,Richmond upon Thames,154
2/1/2016,Southwark,692
2/1/2016,Sutton,242
2/1/2016,Tower Hamlets,566
2/1/2016,Waltham Forest,542
2/1/2016,Wandsworth,415
2/1/2016,Westminster,718
3/1/2016,Barking and Dagenham,505
3/1/2016,Barnet,500
3/1/2016,Bexley,318
3/1/2016,Brent,577
3/1/2016,Bromley,406
3/1/2016,Camden,614
3/1/2016,Croydon,636
3/1/2016,Ealing,560
3/1/2016,Enfield,474
3/1/2016,Greenwich,546
3/1/2016,Hackney,650
3/1/2016,Hammersmith and Fulham,364
3/1/2016,Haringey,711
3/1/2016,Harrow,273
3/1/2016,Havering,384
3/1/2016,Hillingdon,400
3/1/2016,Hounslow,527
3/1/2016,Islington,613
3/1/2016,Kensington and Chelsea,310
3/1/2016,Kingston upon Thames,184
3/1/2016,Lambeth,678
3/1/2016,Lewisham,592
3/1/2016,Merton,348
3/1/2016,Newham,714
3/1/2016,Redbridge,478
3/1/2016,Richmond upon Thames,223
3/1/2016,Southwark,690
3/1/2016,Sutton,233
3/1/2016,Tower Hamlets,688
3/1/2016,Waltham Forest,523
3/1/2016,Wandsworth,440
3/1/2016,Westminster,808
4/1/2016,Barking and Dagenham,432
4/1/2016,Barnet,591
4/1/2016,Bexley,261
4/1/2016,Brent,618
4/1/2016,Bromley,386
4/1/2016,Camden,472
4/1/2016,Croydon,680
4/1/2016,Ealing,621
4/1/2016,Enfield,518
4/1/2016,Greenwich,567
4/1/2016,Hackney,754
4/1/2016,Hammersmith and Fulham,399
4/1/2016,Haringey,735
4/1/2016,Harrow,289
4/1/2016,Havering,355
4/1/2016,Hillingdon,441
4/1/2016,Hounslow,520
4/1/2016,Islington,673
4/1/2016,Kensington and Chelsea,276
4/1/2016,Kingston upon Thames,216
4/1/2016,Lambeth,681
4/1/2016,Lewisham,550
4/1/2016,Merton,268
4/1/2016,Newham,671
4/1/2016,Redbridge,427
4/1/2016,Richmond upon Thames,181
4/1/2016,Southwark,704
4/1/2016,Sutton,246
4/1/2016,Tower Hamlets,790
4/1/2016,Waltham Forest,549
4/1/2016,Wandsworth,383
4/1/2016,Westminster,703
5/1/2016,Barking and Dagenham,468
5/1/2016,Barnet,600
5/1/2016,Bexley,333
5/1/2016,Brent,688
5/1/2016,Bromley,477
5/1/2016,Camden,520
5/1/2016,Croydon,734
5/1/2016,Ealing,601
5/1/2016,Enfield,596
5/1/2016,Greenwich,645
5/1/2016,Hackney,789
5/1/2016,Hammersmith and Fulham,420
5/1/2016,Haringey,784
5/1/2016,Harrow,335
5/1/2016,Havering,414
5/1/2016,Hillingdon,536
5/1/2016,Hounslow,488
5/1/2016,Islington,730
5/1/2016,Kensington and Chelsea,289
5/1/2016,Kingston upon Thames,228
5/1/2016,Lambeth,896
5/1/2016,Lewisham,693
5/1/2016,Merton,315
5/1/2016,Newham,715
5/1/2016,Redbridge,427
5/1/2016,Richmond upon Thames,258
5/1/2016,Southwark,807
5/1/2016,Sutton,266
5/1/2016,Tower Hamlets,882
5/1/2016,Waltham Forest,540
5/1/2016,Wandsworth,493
5/1/2016,Westminster,793
6/1/2016,Barking and Dagenham,408
6/1/2016,Barnet,600
6/1/2016,Bexley,315
6/1/2016,Brent,621
6/1/2016,Bromley,453
6/1/2016,Camden,612
6/1/2016,Croydon,742
6/1/2016,Ealing,669
6/1/2016,Enfield,538
6/1/2016,Greenwich,632
6/1/2016,Hackney,985
6/1/2016,Hammersmith and Fulham,395
6/1/2016,Haringey,850
6/1/2016,Harrow,359
6/1/2016,Havering,442
6/1/2016,Hillingdon,508
6/1/2016,Hounslow,558
6/1/2016,Islington,1118
6/1/2016,Kensington and Chelsea,315
6/1/2016,Kingston upon Thames,212
6/1/2016,Lambeth,716
6/1/2016,Lewisham,577
6/1/2016,Merton,276
6/1/2016,Newham,671
6/1/2016,Redbridge,440
6/1/2016,Richmond upon Thames,221
6/1/2016,Southwark,759
6/1/2016,Sutton,261
6/1/2016,Tower Hamlets,868
6/1/2016,Waltham Forest,607
6/1/2016,Wandsworth,484
6/1/2016,Westminster,921
7/1/2016,Barking and Dagenham,509
7/1/2016,Barnet,656
7/1/2016,Bexley,317
7/1/2016,Brent,691
7/1/2016,Bromley,577
7/1/2016,Camden,876
7/1/2016,Croydon,1043
7/1/2016,Ealing,802
7/1/2016,Enfield,604
7/1/2016,Greenwich,653
7/1/2016,Hackney,954
7/1/2016,Hammersmith and Fulham,432
7/1/2016,Haringey,905
7/1/2016,Harrow,415
7/1/2016,Havering,412
7/1/2016,Hillingdon,628
7/1/2016,Hounslow,617
7/1/2016,Islington,1095
7/1/2016,Kensington and Chelsea,378
7/1/2016,Kingston upon Thames,211
7/1/2016,Lambeth,877
7/1/2016,Lewisham,747
7/1/2016,Merton,368
7/1/2016,Newham,928
7/1/2016,Redbridge,551
7/1/2016,Richmond upon Thames,260
7/1/2016,Southwark,979
7/1/2016,Sutton,268
7/1/2016,Tower Hamlets,997
7/1/2016,Waltham Forest,676
7/1/2016,Wandsworth,568
7/1/2016,Westminster,1023
8/1/2016,Barking and Dagenham,494
8/1/2016,Barnet,638
8/1/2016,Bexley,360
8/1/2016,Brent,678
8/1/2016,Bromley,409
8/1/2016,Camden,598
8/1/2016,Croydon,914
8/1/2016,Ealing,742
8/1/2016,Enfield,567
8/1/2016,Greenwich,679
8/1/2016,Hackney,906
8/1/2016,Hammersmith and Fulham,462
8/1/2016,Haringey,801
8/1/2016,Harrow,332
8/1/2016,Havering,458
8/1/2016,Hillingdon,516
8/1/2016,Hounslow,561
8/1/2016,Islington,699
8/1/2016,Kensington and Chelsea,579
8/1/2016,Kingston upon Thames,235
8/1/2016,Lambeth,836
8/1/2016,Lewisham,691
8/1/2016,Merton,282
8/1/2016,Newham,777
8/1/2016,Redbridge,599
8/1/2016,Richmond upon Thames,189
8/1/2016,Southwark,820
8/1/2016,Sutton,229
8/1/2016,Tower Hamlets,854
8/1/2016,Waltham Forest,547
8/1/2016,Wandsworth,507
8/1/2016,Westminster,1019
9/1/2016,Barking and Dagenham,427
9/1/2016,Barnet,589
9/1/2016,Bexley,295
9/1/2016,Brent,574
9/1/2016,Bromley,521
9/1/2016,Camden,648
9/1/2016,Croydon,792
9/1/2016,Ealing,662
9/1/2016,Enfield,592
9/1/2016,Greenwich,663
9/1/2016,Hackney,823
9/1/2016,Hammersmith and Fulham,402
9/1/2016,Haringey,718
9/1/2016,Harrow,315
9/1/2016,Havering,341
9/1/2016,Hillingdon,527
9/1/2016,Hounslow,491
9/1/2016,Islington,656
9/1/2016,Kensington and Chelsea,352
9/1/2016,Kingston upon Thames,241
9/1/2016,Lambeth,829
9/1/2016,Lewisham,596
9/1/2016,Merton,256
9/1/2016,Newham,686
9/1/2016,Redbridge,443
9/1/2016,Richmond upon Thames,225
9/1/2016,Southwark,728
9/1/2016,Sutton,226
9/1/2016,Tower Hamlets,821
9/1/2016,Waltham Forest,491
9/1/2016,Wandsworth,427
9/1/2016,Westminster,994
10/1/2016,Barking and Dagenham,391
10/1/2016,Barnet,611
10/1/2016,Bexley,317
10/1/2016,Brent,622
10/1/2016,Bromley,462
10/1/2016,Camden,613
10/1/2016,Croydon,725
10/1/2016,Ealing,724
10/1/2016,Enfield,561
10/1/2016,Greenwich,540
10/1/2016,Hackney,788
10/1/2016,Hammersmith and Fulham,387
10/1/2016,Haringey,705
10/1/2016,Harrow,344
10/1/2016,Havering,362
10/1/2016,Hillingdon,571
10/1/2016,Hounslow,605
10/1/2016,Islington,737
10/1/2016,Kensington and Chelsea,327
10/1/2016,Kingston upon Thames,171
10/1/2016,Lambeth,784
10/1/2016,Lewisham,646
10/1/2016,Merton,287
10/1/2016,Newham,885
10/1/2016,Redbridge,413
10/1/2016,Richmond upon Thames,199
10/1/2016,Southwark,703
10/1/2016,Sutton,186
10/1/2016,Tower Hamlets,867
10/1/2016,Waltham Forest,518
10/1/2016,Wandsworth,479
10/1/2016,Westminster,798
11/1/2016,Barking and Dagenham,465
11/1/2016,Barnet,552
11/1/2016,Bexley,367
11/1/2016,Brent,664
11/1/2016,Bromley,432
11/1/2016,Camden,653
11/1/2016,Croydon,703
11/1/2016,Ealing,512
11/1/2016,Enfield,488
11/1/2016,Greenwich,564
11/1/2016,Hackney,754
11/1/2016,Hammersmith and Fulham,357
11/1/2016,Haringey,702
11/1/2016,Harrow,260
11/1/2016,Havering,404
11/1/2016,Hillingdon,460
11/1/2016,Hounslow,518
11/1/2016,Islington,820
11/1/2016,Kensington and Chelsea,291
11/1/2016,Kingston upon Thames,179
11/1/2016,Lambeth,729
11/1/2016,Lewisham,646
11/1/2016,Merton,239
11/1/2016,Newham,760
11/1/2016,Redbridge,355
11/1/2016,Richmond upon Thames,201
11/1/2016,Southwark,709
11/1/2016,Sutton,234
11/1/2016,Tower Hamlets,803
11/1/2016,Waltham Forest,522
11/1/2016,Wandsworth,399
11/1/2016,Westminster,846
12/1/2016,Barking and Dagenham,404
12/1/2016,Barnet,507
12/1/2016,Bexley,327
12/1/2016,Brent,625
12/1/2016,Bromley,480
12/1/2016,Camden,764
12/1/2016,Croydon,701
12/1/2016,Ealing,594
12/1/2016,Enfield,544
12/1/2016,Greenwich,625
12/1/2016,Hackney,934
12/1/2016,Hammersmith and Fulham,437
12/1/2016,Haringey,756
12/1/2016,Harrow,285
12/1/2016,Havering,392
12/1/2016,Hillingdon,482
12/1/2016,Hounslow,543
12/1/2016,Islington,926
12/1/2016,Kensington and Chelsea,358
12/1/2016,Kingston upon Thames,225
12/1/2016,Lambeth,718
12/1/2016,Lewisham,652
12/1/2016,Merton,244
12/1/2016,Newham,757
12/1/2016,Redbridge,355
12/1/2016,Richmond upon Thames,197
12/1/2016,Southwark,878
12/1/2016,Sutton,222
12/1/2016,Tower Hamlets,849
12/1/2016,Waltham Forest,552
12/1/2016,Wandsworth,481
12/1/2016,Westminster,1069
1/1/2017,Barking and Dagenham,358
1/1/2017,Barnet,558
1/1/2017,Bexley,315
1/1/2017,Brent,570
1/1/2017,Bromley,445
1/1/2017,Camden,640
1/1/2017,Croydon,732
1/1/2017,Ealing,486
1/1/2017,Enfield,519
1/1/2017,Greenwich,536
1/1/2017,Hackney,825
1/1/2017,Hammersmith and Fulham,304
1/1/2017,Haringey,797
1/1/2017,Harrow,298
1/1/2017,Havering,409
1/1/2017,Hillingdon,395
1/1/2017,Hounslow,567
1/1/2017,Islington,747
1/1/2017,Kensington and Chelsea,316
1/1/2017,Kingston upon Thames,195
1/1/2017,Lambeth,727
1/1/2017,Lewisham,574
1/1/2017,Merton,291
1/1/2017,Newham,734
1/1/2017,Redbridge,456
1/1/2017,Richmond upon Thames,192
1/1/2017,Southwark,854
1/1/2017,Sutton,277
1/1/2017,Tower Hamlets,666
1/1/2017,Waltham Forest,473
1/1/2017,Wandsworth,433
1/1/2017,Westminster,879
2/1/2017,Barking and Dagenham,397
2/1/2017,Barnet,582
2/1/2017,Bexley,260
2/1/2017,Brent,613
2/1/2017,Bromley,445
2/1/2017,Camden,701
2/1/2017,Croydon,756
2/1/2017,Ealing,533
2/1/2017,Enfield,464
2/1/2017,Greenwich,528
2/1/2017,Hackney,934
2/1/2017,Hammersmith and Fulham,380
2/1/2017,Haringey,734
2/1/2017,Harrow,279
2/1/2017,Havering,307
2/1/2017,Hillingdon,395
2/1/2017,Hounslow,491
2/1/2017,Islington,759
2/1/2017,Kensington and Chelsea,258
2/1/2017,Kingston upon Thames,184
2/1/2017,Lambeth,616
2/1/2017,Lewisham,571
2/1/2017,Merton,241
2/1/2017,Newham,704
2/1/2017,Redbridge,434
2/1/2017,Richmond upon Thames,148
2/1/2017,Southwark,707
2/1/2017,Sutton,224
2/1/2017,Tower Hamlets,673
2/1/2017,Waltham Forest,503
2/1/2017,Wandsworth,457
2/1/2017,Westminster,883
3/1/2017,Barking and Dagenham,469
3/1/2017,Barnet,605
3/1/2017,Bexley,296
3/1/2017,Brent,629
3/1/2017,Bromley,502
3/1/2017,Camden,970
3/1/2017,Croydon,846
3/1/2017,Ealing,769
3/1/2017,Enfield,590
3/1/2017,Greenwich,580
3/1/2017,Hackney,1087
3/1/2017,Hammersmith and Fulham,476
3/1/2017,Haringey,776
3/1/2017,Harrow,253
3/1/2017,Havering,373
3/1/2017,Hillingdon,515
3/1/2017,Hounslow,535
3/1/2017,Islington,995
3/1/2017,Kensington and Chelsea,453
3/1/2017,Kingston upon Thames,222
3/1/2017,Lambeth,805
3/1/2017,Lewisham,745
3/1/2017,Merton,250
3/1/2017,Newham,873
3/1/2017,Redbridge,472
3/1/2017,Richmond upon Thames,211
3/1/2017,Southwark,856
3/1/2017,Sutton,318
3/1/2017,Tower Hamlets,813
3/1/2017,Waltham Forest,538
3/1/2017,Wandsworth,511
3/1/2017,Westminster,1181
4/1/2017,Barking and Dagenham,1945
4/1/2017,Barnet,2801
4/1/2017,Bexley,1323
4/1/2017,Brent,3027
4/1/2017,Bromley,2412
4/1/2017,Camden,3768
4/1/2017,Croydon,3081
4/1/2017,Ealing,2856
4/1/2017,Enfield,2663
4/1/2017,Greenwich,2570
4/1/2017,Hackney,3440
4/1/2017,Hammersmith and Fulham,2016
4/1/2017,Haringey,3233
4/1/2017,Harrow,1578
4/1/2017,Havering,1909
4/1/2017,Hillingdon,2376
4/1/2017,Hounslow,2392
4/1/2017,Islington,3254
4/1/2017,Kensington and Chelsea,2049
4/1/2017,Kingston upon Thames,1119
4/1/2017,Lambeth,3542
4/1/2017,Lewisham,2631
4/1/2017,Merton,1357
4/1/2017,Newham,3500
4/1/2017,Redbridge,2194
4/1/2017,Richmond upon Thames,1259
4/1/2017,Southwark,3406
4/1/2017,Sutton,1168
4/1/2017,Tower Hamlets,3490
4/1/2017,Waltham Forest,2268
4/1/2017,Wandsworth,2364
4/1/2017,Westminster,5880
5/1/2017,Barking and Dagenham,2231
5/1/2017,Barnet,2819
5/1/2017,Bexley,1514
5/1/2017,Brent,3202
5/1/2017,Bromley,2331
5/1/2017,Camden,4434
5/1/2017,Croydon,3318
5/1/2017,Ealing,3052
5/1/2017,Enfield,2740
5/1/2017,Greenwich,2794
5/1/2017,Hackney,3585
5/1/2017,Hammersmith and Fulham,2243
5/1/2017,Haringey,3407
5/1/2017,Harrow,1549
5/1/2017,Havering,2054
5/1/2017,Hillingdon,2667
5/1/2017,Hounslow,2705
5/1/2017,Islington,3939
5/1/2017,Kensington and Chelsea,2191
5/1/2017,Kingston upon Thames,1159
5/1/2017,Lambeth,3668
5/1/2017,Lewisham,2861
5/1/2017,Merton,1490
5/1/2017,Newham,3400
5/1/2017,Redbridge,2428
5/1/2017,Richmond upon Thames,1518
5/1/2017,Southwark,3514
5/1/2017,Sutton,1429
5/1/2017,Tower Hamlets,3597
5/1/2017,Waltham Forest,2444
5/1/2017,Wandsworth,2744
5/1/2017,Westminster,5989
6/1/2017,Barking and Dagenham,2058
6/1/2017,Barnet,2903
6/1/2017,Bexley,1650
6/1/2017,Brent,3122
6/1/2017,Bromley,2380
6/1/2017,Camden,4532
6/1/2017,Croydon,3353
6/1/2017,Ealing,3252
6/1/2017,Enfield,2714
6/1/2017,Greenwich,2736
6/1/2017,Hackney,3884
6/1/2017,Hammersmith and Fulham,2292
6/1/2017,Haringey,3268
6/1/2017,Harrow,1555
6/1/2017,Havering,2011
6/1/2017,Hillingdon,2576
6/1/2017,Hounslow,2845
6/1/2017,Islington,4309
6/1/2017,Kensington and Chelsea,2114
6/1/2017,Kingston upon Thames,1067
6/1/2017,Lambeth,3760
6/1/2017,Lewisham,2724
6/1/2017,Merton,1524
6/1/2017,Newham,3556
6/1/2017,Redbridge,2635
6/1/2017,Richmond upon Thames,1444
6/1/2017,Southwark,3790
6/1/2017,Sutton,1462
6/1/2017,Tower Hamlets,3758
6/1/2017,Waltham Forest,2672
6/1/2017,Wandsworth,2691
6/1/2017,Westminster,5733
7/1/2017,Barking and Dagenham,2310
7/1/2017,Barnet,3010
7/1/2017,Bexley,1596
7/1/2017,Brent,3149
7/1/2017,Bromley,2312
7/1/2017,Camden,4790
7/1/2017,Croydon,3506
7/1/2017,Ealing,3217
7/1/2017,Enfield,2791
7/1/2017,Greenwich,2913
7/1/2017,Hackney,4002
7/1/2017,Hammersmith and Fulham,2314
7/1/2017,Haringey,3861
7/1/2017,Harrow,1655
7/1/2017,Havering,1978
7/1/2017,Hillingdon,2617
7/1/2017,Hounslow,2754
7/1/2017,Islington,4178
7/1/2017,Kensington and Chelsea,2335
7/1/2017,Kingston upon Thames,1168
7/1/2017,Lambeth,4072
7/1/2017,Lewisham,2750
7/1/2017,Merton,1485
7/1/2017,Newham,3934
7/1/2017,Redbridge,2567
7/1/2017,Richmond upon Thames,1488
7/1/2017,Southwark,3828
7/1/2017,Sutton,1259
7/1/2017,Tower Hamlets,3969
7/1/2017,Waltham Forest,2591
7/1/2017,Wandsworth,2911
7/1/2017,Westminster,6429
8/1/2017,Barking and Dagenham,2084
8/1/2017,Barnet,2705
8/1/2017,Bexley,1545
8/1/2017,Brent,3178
8/1/2017,Bromley,2271
8/1/2017,Camden,4508
8/1/2017,Croydon,3259
8/1/2017,Ealing,2891
8/1/2017,Enfield,2513
8/1/2017,Greenwich,2702
8/1/2017,Hackney,3324
8/1/2017,Hammersmith and Fulham,2264
8/1/2017,Haringey,3457
8/1/2017,Harrow,1396
8/1/2017,Havering,2020
8/1/2017,Hillingdon,2410
8/1/2017,Hounslow,2680
8/1/2017,Islington,3811
8/1/2017,Kensington and Chelsea,2867
8/1/2017,Kingston upon Thames,1191
8/1/2017,Lambeth,4047
8/1/2017,Lewisham,2874
8/1/2017,Merton,1357
8/1/2017,Newham,3545
8/1/2017,Redbridge,2466
8/1/2017,Richmond upon Thames,1346
8/1/2017,Southwark,3841
8/1/2017,Sutton,1241
8/1/2017,Tower Hamlets,3344
8/1/2017,Waltham Forest,2295
8/1/2017,Wandsworth,2493
8/1/2017,Westminster,6233
9/1/2017,Barking and Dagenham,1991
9/1/2017,Barnet,2720
9/1/2017,Bexley,1545
9/1/2017,Brent,3183
9/1/2017,Bromley,2201
9/1/2017,Camden,4345
9/1/2017,Croydon,3173
9/1/2017,Ealing,2879
9/1/2017,Enfield,2524
9/1/2017,Greenwich,2585
9/1/2017,Hackney,3094
9/1/2017,Hammersmith and Fulham,2018
9/1/2017,Haringey,3329
9/1/2017,Harrow,1434
9/1/2017,Havering,1834
9/1/2017,Hillingdon,2424
9/1/2017,Hounslow,2440
9/1/2017,Islington,3548
9/1/2017,Kensington and Chelsea,2132
9/1/2017,Kingston upon Thames,1098
9/1/2017,Lambeth,3605
9/1/2017,Lewisham,2662
9/1/2017,Merton,1427
9/1/2017,Newham,3598
9/1/2017,Redbridge,2582
9/1/2017,Richmond upon Thames,1380
9/1/2017,Southwark,3658
9/1/2017,Sutton,1291
9/1/2017,Tower Hamlets,3261
9/1/2017,Waltham Forest,2380
9/1/2017,Wandsworth,2461
9/1/2017,Westminster,5873
10/1/2017,Barking and Dagenham,2037
10/1/2017,Barnet,3025
10/1/2017,Bexley,1726
10/1/2017,Brent,3518
10/1/2017,Bromley,2266
10/1/2017,Camden,4871
10/1/2017,Croydon,3180
10/1/2017,Ealing,3335
10/1/2017,Enfield,2854
10/1/2017,Greenwich,2938
10/1/2017,Hackney,3460
10/1/2017,Hammersmith and Fulham,2213
10/1/2017,Haringey,3358
10/1/2017,Harrow,1615
10/1/2017,Havering,2124
10/1/2017,Hillingdon,2804
10/1/2017,Hounslow,2768
10/1/2017,Islington,3716
10/1/2017,Kensington and Chelsea,2110
10/1/2017,Kingston upon Thames,1243
10/1/2017,Lambeth,3676
10/1/2017,Lewisham,2643
10/1/2017,Merton,1349
10/1/2017,Newham,4035
10/1/2017,Redbridge,2663
10/1/2017,Richmond upon Thames,1363
10/1/2017,Southwark,3785
10/1/2017,Sutton,1385
10/1/2017,Tower Hamlets,3710
10/1/2017,Waltham Forest,2579
10/1/2017,Wandsworth,2723
10/1/2017,Westminster,5977
11/1/2017,Barking and Dagenham,1954
11/1/2017,Barnet,2957
11/1/2017,Bexley,1565
11/1/2017,Brent,3372
11/1/2017,Bromley,2424
11/1/2017,Camden,4570
11/1/2017,Croydon,3220
11/1/2017,Ealing,3101
11/1/2017,Enfield,2786
11/1/2017,Greenwich,2532
11/1/2017,Hackney,3291
11/1/2017,Hammersmith and Fulham,2451
11/1/2017,Haringey,3626
11/1/2017,Harrow,1475
11/1/2017,Havering,2003
11/1/2017,Hillingdon,2596
11/1/2017,Hounslow,2725
11/1/2017,Islington,3437
11/1/2017,Kensington and Chelsea,2108
11/1/2017,Kingston upon Thames,1291
11/1/2017,Lambeth,3984
11/1/2017,Lewisham,2569
11/1/2017,Merton,1413
11/1/2017,Newham,3898
11/1/2017,Redbridge,2379
11/1/2017,Richmond upon Thames,1343
11/1/2017,Southwark,4101
11/1/2017,Sutton,1214
11/1/2017,Tower Hamlets,3212
11/1/2017,Waltham Forest,2502
11/1/2017,Wandsworth,2657
11/1/2017,Westminster,5959
12/1/2017,Barking and Dagenham,1908
12/1/2017,Barnet,2608
12/1/2017,Bexley,1475
12/1/2017,Brent,3206
12/1/2017,Bromley,2258
12/1/2017,Camden,3907
12/1/2017,Croydon,3244
12/1/2017,Ealing,2676
12/1/2017,Enfield,2566
12/1/2017,Greenwich,2517
12/1/2017,Hackney,3034
12/1/2017,Hammersmith and Fulham,2244
12/1/2017,Haringey,3038
12/1/2017,Harrow,1301
12/1/2017,Havering,1962
12/1/2017,Hillingdon,2542
12/1/2017,Hounslow,2483
12/1/2017,Islington,3393
12/1/2017,Kensington and Chelsea,2043
12/1/2017,Kingston upon Thames,1085
12/1/2017,Lambeth,3270
12/1/2017,Lewisham,2578
12/1/2017,Merton,1472
12/1/2017,Newham,3540
12/1/2017,Redbridge,2336
12/1/2017,Richmond upon Thames,1162
12/1/2017,Southwark,3407
12/1/2017,Sutton,1154
12/1/2017,Tower Hamlets,3027
12/1/2017,Waltham Forest,2136
12/1/2017,Wandsworth,2689
12/1/2017,Westminster,6297
1/1/2018,Barking and Dagenham,1850
1/1/2018,Barnet,2775
1/1/2018,Bexley,1510
1/1/2018,Brent,3133
1/1/2018,Bromley,2380
1/1/2018,Camden,4070
1/1/2018,Croydon,3211
1/1/2018,Ealing,2871
1/1/2018,Enfield,2711
1/1/2018,Greenwich,2611
1/1/2018,Hackney,3082
1/1/2018,Hammersmith and Fulham,2079
1/1/2018,Haringey,3319
1/1/2018,Harrow,1571
1/1/2018,Havering,1894
1/1/2018,Hillingdon,2492
1/1/2018,Hounslow,2658
1/1/2018,Islington,3511
1/1/2018,Kensington and Chelsea,2034
1/1/2018,Kingston upon Thames,1202
1/1/2018,Lambeth,3510
1/1/2018,Lewisham,2749
1/1/2018,Merton,1404
1/1/2018,Newham,3637
1/1/2018,Redbridge,2570
1/1/2018,Richmond upon Thames,1177
1/1/2018,Southwark,3590
1/1/2018,Sutton,1272
1/1/2018,Tower Hamlets,3358
1/1/2018,Waltham Forest,2366
1/1/2018,Wandsworth,2605
1/1/2018,Westminster,5861
2/1/2018,Barking and Dagenham,1840
2/1/2018,Barnet,2579
2/1/2018,Bexley,1297
2/1/2018,Brent,2915
2/1/2018,Bromley,2044
2/1/2018,Camden,3531
2/1/2018,Croydon,3058
2/1/2018,Ealing,2502
2/1/2018,Enfield,2612
2/1/2018,Greenwich,2214
2/1/2018,Hackney,2681
2/1/2018,Hammersmith and Fulham,2040
2/1/2018,Haringey,2856
2/1/2018,Harrow,1362
2/1/2018,Havering,1721
2/1/2018,Hillingdon,2339
2/1/2018,Hounslow,2336
2/1/2018,Islington,2663
2/1/2018,Kensington and Chelsea,2034
2/1/2018,Kingston upon Thames,1083
2/1/2018,Lambeth,3191
2/1/2018,Lewisham,2318
2/1/2018,Merton,1384
2/1/2018,Newham,3296
2/1/2018,Redbridge,2274
2/1/2018,Richmond upon Thames,1115
2/1/2018,Southwark,3121
2/1/2018,Sutton,1082
2/1/2018,Tower Hamlets,2837
2/1/2018,Waltham Forest,2320
2/1/2018,Wandsworth,2501
2/1/2018,Westminster,5380
3/1/2018,Barking and Dagenham,2023
3/1/2018,Barnet,2878
3/1/2018,Bexley,1474
3/1/2018,Brent,3165
3/1/2018,Bromley,2442
3/1/2018,Camden,3843
3/1/2018,Croydon,3185
3/1/2018,Ealing,2846
3/1/2018,Enfield,2881
3/1/2018,Greenwich,2506
3/1/2018,Hackney,2982
3/1/2018,Hammersmith and Fulham,2126
3/1/2018,Haringey,3007
3/1/2018,Harrow,1455
3/1/2018,Havering,1933
3/1/2018,Hillingdon,2623
3/1/2018,Hounslow,2533
3/1/2018,Islington,2771
3/1/2018,Kensington and Chelsea,1961
3/1/2018,Kingston upon Thames,1214
3/1/2018,Lambeth,3541
3/1/2018,Lewisham,2637
3/1/2018,Merton,1313
3/1/2018,Newham,3769
3/1/2018,Redbridge,2405
3/1/2018,Richmond upon Thames,1194
3/1/2018,Southwark,3471
3/1/2018,Sutton,1186
3/1/2018,Tower Hamlets,3352
3/1/2018,Waltham Forest,2554
3/1/2018,Wandsworth,2568
3/1/2018,Westminster,5878
4/1/2018,Barking and Dagenham,1867
4/1/2018,Barnet,2921
4/1/2018,Bexley,1523
4/1/2018,Brent,3090
4/1/2018,Bromley,2311
4/1/2018,Camden,3594
4/1/2018,Croydon,3199
4/1/2018,Ealing,2885
4/1/2018,Enfield,2904
4/1/2018,Greenwich,2668
4/1/2018,Hackney,3209
4/1/2018,Hammersmith and Fulham,2110
4/1/2018,Haringey,3460
4/1/2018,Harrow,1344
4/1/2018,Havering,1904
4/1/2018,Hillingdon,2465
4/1/2018,Hounslow,2569
4/1/2018,Islington,3059
4/1/2018,Kensington and Chelsea,1950
4/1/2018,Kingston upon Thames,1204
4/1/2018,Lambeth,3561
4/1/2018,Lewisham,2456
4/1/2018,Merton,1292
4/1/2018,Newham,3612
4/1/2018,Redbridge,2459
4/1/2018,Richmond upon Thames,1178
4/1/2018,Southwark,3747
4/1/2018,Sutton,1239
4/1/2018,Tower Hamlets,3622
4/1/2018,Waltham Forest,2390
4/1/2018,Wandsworth,2607
4/1/2018,Westminster,5498
5/1/2018,Barking and Dagenham,1928
5/1/2018,Barnet,3075
5/1/2018,Bexley,1598
5/1/2018,Brent,3453
5/1/2018,Bromley,2419
5/1/2018,Camden,3748
5/1/2018,Croydon,3370
5/1/2018,Ealing,3084
5/1/2018,Enfield,3063
5/1/2018,Greenwich,2872
5/1/2018,Hackney,3455
5/1/2018,Hammersmith and Fulham,2304
5/1/2018,Haringey,3427
5/1/2018,Harrow,1642
5/1/2018,Havering,2124
5/1/2018,Hillingdon,2546
5/1/2018,Hounslow,2841
5/1/2018,Islington,3036
5/1/2018,Kensington and Chelsea,2099
5/1/2018,Kingston upon Thames,1177
5/1/2018,Lambeth,3750
5/1/2018,Lewisham,2918
5/1/2018,Merton,1476
5/1/2018,Newham,3762
5/1/2018,Redbridge,2488
5/1/2018,Richmond upon Thames,1302
5/1/2018,Southwark,3785
5/1/2018,Sutton,1195
5/1/2018,Tower Hamlets,3634
5/1/2018,Waltham Forest,2502
5/1/2018,Wandsworth,2796
5/1/2018,Westminster,6172
6/1/2018,Barking and Dagenham,2048
6/1/2018,Barnet,2983
6/1/2018,Bexley,1729
6/1/2018,Brent,3428
6/1/2018,Bromley,2524
6/1/2018,Camden,3982
6/1/2018,Croydon,3148
6/1/2018,Ealing,2864
6/1/2018,Enfield,3021
6/1/2018,Greenwich,2915
6/1/2018,Hackney,3310
6/1/2018,Hammersmith and Fulham,2261
6/1/2018,Haringey,3599
6/1/2018,Harrow,1648
6/1/2018,Havering,1904
6/1/2018,Hillingdon,2595
6/1/2018,Hounslow,2624
6/1/2018,Islington,3323
6/1/2018,Kensington and Chelsea,2201
6/1/2018,Kingston upon Thames,1173
6/1/2018,Lambeth,3890
6/1/2018,Lewisham,2744
6/1/2018,Merton,1383
6/1/2018,Newham,4072
6/1/2018,Redbridge,2362
6/1/2018,Richmond upon Thames,1271
6/1/2018,Southwark,3750
6/1/2018,Sutton,1387
6/1/2018,Tower Hamlets,3878
6/1/2018,Waltham Forest,2464
6/1/2018,Wandsworth,2785
6/1/2018,Westminster,6244
7/1/2018,Barking and Dagenham,2130
7/1/2018,Barnet,3077
7/1/2018,Bexley,1543
7/1/2018,Brent,3370
7/1/2018,Bromley,2490
7/1/2018,Camden,3954
7/1/2018,Croydon,3442
7/1/2018,Ealing,3267
7/1/2018,Enfield,2930
7/1/2018,Greenwich,3054
7/1/2018,Hackney,3510
7/1/2018,Hammersmith and Fulham,2489
7/1/2018,Haringey,3798
7/1/2018,Harrow,1797
7/1/2018,Havering,2040
7/1/2018,Hillingdon,2707
7/1/2018,Hounslow,2897
7/1/2018,Islington,3533
7/1/2018,Kensington and Chelsea,2271
7/1/2018,Kingston upon Thames,1354
7/1/2018,Lambeth,4216
7/1/2018,Lewisham,3029
7/1/2018,Merton,1530
7/1/2018,Newham,3949
7/1/2018,Redbridge,2632
7/1/2018,Richmond upon Thames,1477
7/1/2018,Southwark,4285
7/1/2018,Sutton,1431
7/1/2018,Tower Hamlets,3997
7/1/2018,Waltham Forest,2666
7/1/2018,Wandsworth,3074
7/1/2018,Westminster,6722
8/1/2018,Barking and Dagenham,1867
8/1/2018,Barnet,2749
8/1/2018,Bexley,1633
8/1/2018,Brent,3135
8/1/2018,Bromley,2255
8/1/2018,Camden,3556
8/1/2018,Croydon,3275
8/1/2018,Ealing,2853
8/1/2018,Enfield,2861
8/1/2018,Greenwich,2704
8/1/2018,Hackney,3311
8/1/2018,Hammersmith and Fulham,2199
8/1/2018,Haringey,3213
8/1/2018,Harrow,1433
8/1/2018,Havering,1932
8/1/2018,Hillingdon,2406
8/1/2018,Hounslow,2421
8/1/2018,Islington,2969
8/1/2018,Kensington and Chelsea,2800
8/1/2018,Kingston upon Thames,1377
8/1/2018,Lambeth,3599
8/1/2018,Lewisham,2808
8/1/2018,Merton,1471
8/1/2018,Newham,3724
8/1/2018,Redbridge,2220
8/1/2018,Richmond upon Thames,1287
8/1/2018,Southwark,3829
8/1/2018,Sutton,1306
8/1/2018,Tower Hamlets,3655
8/1/2018,Waltham Forest,2509
8/1/2018,Wandsworth,2501
8/1/2018,Westminster,6495
9/1/2018,Barking and Dagenham,1860
9/1/2018,Barnet,2823
9/1/2018,Bexley,1554
9/1/2018,Brent,3222
9/1/2018,Bromley,2402
9/1/2018,Camden,3585
9/1/2018,Croydon,3145
9/1/2018,Ealing,3017
9/1/2018,Enfield,2784
9/1/2018,Greenwich,2801
9/1/2018,Hackney,3385
9/1/2018,Hammersmith and Fulham,2330
9/1/2018,Haringey,3299
9/1/2018,Harrow,1513
9/1/2018,Havering,1929
9/1/2018,Hillingdon,2424
9/1/2018,Hounslow,2469
9/1/2018,Islington,3012
9/1/2018,Kensington and Chelsea,2123
9/1/2018,Kingston upon Thames,1319
9/1/2018,Lambeth,3459
9/1/2018,Lewisham,2641
9/1/2018,Merton,1382
9/1/2018,Newham,3599
9/1/2018,Redbridge,2348
9/1/2018,Richmond upon Thames,1207
9/1/2018,Southwark,3732
9/1/2018,Sutton,1197
9/1/2018,Tower Hamlets,3661
9/1/2018,Waltham Forest,2488
9/1/2018,Wandsworth,2490
9/1/2018,Westminster,6093
10/1/2018,Barking and Dagenham,2000
10/1/2018,Barnet,3197
10/1/2018,Bexley,1665
10/1/2018,Brent,3352
10/1/2018,Bromley,2418
10/1/2018,Camden,3688
10/1/2018,Croydon,3476
10/1/2018,Ealing,3080
10/1/2018,Enfield,3024
10/1/2018,Greenwich,2826
10/1/2018,Hackney,3683
10/1/2018,Hammersmith and Fulham,2360
10/1/2018,Haringey,3206
10/1/2018,Harrow,1756
10/1/2018,Havering,2075
10/1/2018,Hillingdon,2685
10/1/2018,Hounslow,2996
10/1/2018,Islington,3372
10/1/2018,Kensington and Chelsea,2171
10/1/2018,Kingston upon Thames,1428
10/1/2018,Lambeth,3600
10/1/2018,Lewisham,2968
10/1/2018,Merton,1546
10/1/2018,Newham,3926
10/1/2018,Redbridge,2575
10/1/2018,Richmond upon Thames,1338
10/1/2018,Southwark,4079
10/1/2018,Sutton,1299
10/1/2018,Tower Hamlets,3656
10/1/2018,Waltham Forest,2669
10/1/2018,Wandsworth,2601
10/1/2018,Westminster,6677
11/1/2018,Barking and Dagenham,1985
11/1/2018,Barnet,3064
11/1/2018,Bexley,1701
11/1/2018,Brent,3367
11/1/2018,Bromley,2392
11/1/2018,Camden,3877
11/1/2018,Croydon,3221
11/1/2018,Ealing,3162
11/1/2018,Enfield,3141
11/1/2018,Greenwich,2808
11/1/2018,Hackney,3570
11/1/2018,Hammersmith and Fulham,2306
11/1/2018,Haringey,3422
11/1/2018,Harrow,1711
11/1/2018,Havering,2026
11/1/2018,Hillingdon,2886
11/1/2018,Hounslow,2792
11/1/2018,Islington,2984
11/1/2018,Kensington and Chelsea,2247
11/1/2018,Kingston upon Thames,1367
11/1/2018,Lambeth,3790
11/1/2018,Lewisham,2830
11/1/2018,Merton,1537
11/1/2018,Newham,3922
11/1/2018,Redbridge,2569
11/1/2018,Richmond upon Thames,1442
11/1/2018,Southwark,3907
11/1/2018,Sutton,1268
11/1/2018,Tower Hamlets,3648
11/1/2018,Waltham Forest,2625
11/1/2018,Wandsworth,2695
11/1/2018,Westminster,7391
12/1/2018,Barking and Dagenham,2002
12/1/2018,Barnet,2979
12/1/2018,Bexley,1792
12/1/2018,Brent,2956
12/1/2018,Bromley,2406
12/1/2018,Camden,3670
12/1/2018,Croydon,3361
12/1/2018,Ealing,2893
12/1/2018,Enfield,2942
12/1/2018,Greenwich,2944
12/1/2018,Hackney,3510
12/1/2018,Hammersmith and Fulham,2324
12/1/2018,Haringey,3221
12/1/2018,Harrow,1645
12/1/2018,Havering,2002
12/1/2018,Hillingdon,2781
12/1/2018,Hounslow,2673
12/1/2018,Islington,3105
12/1/2018,Kensington and Chelsea,2281
12/1/2018,Kingston upon Thames,1276
12/1/2018,Lambeth,3398
12/1/2018,Lewisham,2988
12/1/2018,Merton,1553
12/1/2018,Newham,3821
12/1/2018,Redbridge,2445
12/1/2018,Richmond upon Thames,1220
12/1/2018,Southwark,3722
12/1/2018,Sutton,1461
12/1/2018,Tower Hamlets,3399
12/1/2018,Waltham Forest,2533
12/1/2018,Wandsworth,2346
12/1/2018,Westminster,8349
1/1/2019,Barking and Dagenham,2072
1/1/2019,Barnet,2974
1/1/2019,Bexley,1905
1/1/2019,Brent,3133
1/1/2019,Bromley,2406
1/1/2019,Camden,3697
1/1/2019,Croydon,3351
1/1/2019,Ealing,3146
1/1/2019,Enfield,3136
1/1/2019,Greenwich,2684
1/1/2019,Hackney,3490
1/1/2019,Hammersmith and Fulham,2158
1/1/2019,Haringey,3291
1/1/2019,Harrow,1771
1/1/2019,Havering,1985
1/1/2019,Hillingdon,2712
1/1/2019,Hounslow,2607
1/1/2019,Islington,3127
1/1/2019,Kensington and Chelsea,2146
1/1/2019,Kingston upon Thames,1320
1/1/2019,Lambeth,3427
1/1/2019,Lewisham,2936
1/1/2019,Merton,1509
1/1/2019,Newham,3520
1/1/2019,Redbridge,2436
1/1/2019,Richmond upon Thames,1260
1/1/2019,Southwark,3875
1/1/2019,Sutton,1415
1/1/2019,Tower Hamlets,3369
1/1/2019,Waltham Forest,2551
1/1/2019,Wandsworth,2586
1/1/2019,Westminster,7683
2/1/2019,Barking and Dagenham,2025
2/1/2019,Barnet,3198
2/1/2019,Bexley,1635
2/1/2019,Brent,2963
2/1/2019,Bromley,2409
2/1/2019,Camden,3927
2/1/2019,Croydon,3159
2/1/2019,Ealing,2961
2/1/2019,Enfield,2958
2/1/2019,Greenwich,2485
2/1/2019,Hackney,3248
2/1/2019,Hammersmith and Fulham,2216
2/1/2019,Haringey,3251
2/1/2019,Harrow,1695
2/1/2019,Havering,1868
2/1/2019,Hillingdon,2616
2/1/2019,Hounslow,2746
2/1/2019,Islington,2800
2/1/2019,Kensington and Chelsea,2106
2/1/2019,Kingston upon Thames,1260
2/1/2019,Lambeth,3481
2/1/2019,Lewisham,2685
2/1/2019,Merton,1319
2/1/2019,Newham,3614
2/1/2019,Redbridge,2383
2/1/2019,Richmond upon Thames,1146
2/1/2019,Southwark,3855
2/1/2019,Sutton,1399
2/1/2019,Tower Hamlets,3329
2/1/2019,Waltham Forest,2325
2/1/2019,Wandsworth,2591
2/1/2019,Westminster,8065
3/1/2019,Barking and Dagenham,2205
3/1/2019,Barnet,3649
3/1/2019,Bexley,1771
3/1/2019,Brent,3326
3/1/2019,Bromley,2508
3/1/2019,Camden,4352
3/1/2019,Croydon,3466
3/1/2019,Ealing,3525
3/1/2019,Enfield,3153
3/1/2019,Greenwich,3019
3/1/2019,Hackney,3738
3/1/2019,Hammersmith and Fulham,2394
3/1/2019,Haringey,3538
3/1/2019,Harrow,1795
3/1/2019,Havering,2037
3/1/2019,Hillingdon,2831
3/1/2019,Hounslow,2886
3/1/2019,Islington,3234
3/1/2019,Kensington and Chelsea,2346
3/1/2019,Kingston upon Thames,1443
3/1/2019,Lambeth,3894
3/1/2019,Lewisham,3089
3/1/2019,Merton,1597
3/1/2019,Newham,3820
3/1/2019,Redbridge,2445
3/1/2019,Richmond upon Thames,1340
3/1/2019,Southwark,4395
3/1/2019,Sutton,1411
3/1/2019,Tower Hamlets,4146
3/1/2019,Waltham Forest,2535
3/1/2019,Wandsworth,2606
3/1/2019,Westminster,9088
4/1/2019,Barking and Dagenham,2191
4/1/2019,Barnet,3083
4/1/2019,Bexley,1833
4/1/2019,Brent,3034
4/1/2019,Bromley,2436
4/1/2019,Camden,4185
4/1/2019,Croydon,3367
4/1/2019,Ealing,3099
4/1/2019,Enfield,2970
4/1/2019,Greenwich,2972
4/1/2019,Hackney,3731
4/1/2019,Hammersmith and Fulham,2462
4/1/2019,Haringey,3377
4/1/2019,Harrow,1729
4/1/2019,Havering,2005
4/1/2019,Hillingdon,2676
4/1/2019,Hounslow,2816
4/1/2019,Islington,3241
4/1/2019,Kensington and Chelsea,2154
4/1/2019,Kingston upon Thames,1355
4/1/2019,Lambeth,3743
4/1/2019,Lewisham,2935
4/1/2019,Merton,1494
4/1/2019,Newham,3689
4/1/2019,Redbridge,2501
4/1/2019,Richmond upon Thames,1348
4/1/2019,Southwark,4167
4/1/2019,Sutton,1495
4/1/2019,Tower Hamlets,3612
4/1/2019,Waltham Forest,2449
4/1/2019,Wandsworth,2547
4/1/2019,Westminster,8950
5/1/2019,Barking and Dagenham,2380
5/1/2019,Barnet,3203
5/1/2019,Bexley,2036
5/1/2019,Brent,3206
5/1/2019,Bromley,2581
5/1/2019,Camden,4113
5/1/2019,Croydon,3532
5/1/2019,Ealing,3164
5/1/2019,Enfield,3094
5/1/2019,Greenwich,3008
5/1/2019,Hackney,3768
5/1/2019,Hammersmith and Fulham,2491
5/1/2019,Haringey,3524
5/1/2019,Harrow,1812
5/1/2019,Havering,2150
5/1/2019,Hillingdon,2674
5/1/2019,Hounslow,2716
5/1/2019,Islington,3206
5/1/2019,Kensington and Chelsea,2269
5/1/2019,Kingston upon Thames,1387
5/1/2019,Lambeth,3822
5/1/2019,Lewisham,3347
5/1/2019,Merton,1408
5/1/2019,Newham,3900
5/1/2019,Redbridge,2556
5/1/2019,Richmond upon Thames,1326
5/1/2019,Southwark,4374
5/1/2019,Sutton,1547
5/1/2019,Tower Hamlets,3776
5/1/2019,Waltham Forest,2617
5/1/2019,Wandsworth,2652
5/1/2019,Westminster,8350
6/1/2019,Barking and Dagenham,2183
6/1/2019,Barnet,3456
6/1/2019,Bexley,1850
6/1/2019,Brent,3231
6/1/2019,Bromley,2477
6/1/2019,Camden,3899
6/1/2019,Croydon,3342
6/1/2019,Ealing,3253
6/1/2019,Enfield,3257
6/1/2019,Greenwich,3066
6/1/2019,Hackney,3629
6/1/2019,Hammersmith and Fulham,2434
6/1/2019,Haringey,3527
6/1/2019,Harrow,1822
6/1/2019,Havering,1989
6/1/2019,Hillingdon,2853
6/1/2019,Hounslow,2929
6/1/2019,Islington,2974
6/1/2019,Kensington and Chelsea,2532
6/1/2019,Kingston upon Thames,1352
6/1/2019,Lambeth,3875
6/1/2019,Lewisham,3105
6/1/2019,Merton,1428
6/1/2019,Newham,3926
6/1/2019,Redbridge,2469
6/1/2019,Richmond upon Thames,1349
6/1/2019,Southwark,4295
6/1/2019,Sutton,1505
6/1/2019,Tower Hamlets,3930
6/1/2019,Waltham Forest,2572
6/1/2019,Wandsworth,2739
6/1/2019,Westminster,8489
7/1/2019,Barking and Dagenham,2410
7/1/2019,Barnet,3626
7/1/2019,Bexley,1938
7/1/2019,Brent,3374
7/1/2019,Bromley,2742
7/1/2019,Camden,4320
7/1/2019,Croydon,3998
7/1/2019,Ealing,3504
7/1/2019,Enfield,3456
7/1/2019,Greenwich,3211
7/1/2019,Hackney,4314
7/1/2019,Hammersmith and Fulham,2688
7/1/2019,Haringey,3839
7/1/2019,Harrow,1957
7/1/2019,Havering,2067
7/1/2019,Hillingdon,2888
7/1/2019,Hounslow,3061
7/1/2019,Islington,3688
7/1/2019,Kensington and Chelsea,2645
7/1/2019,Kingston upon Thames,1437
7/1/2019,Lambeth,4145
7/1/2019,Lewisham,3384
7/1/2019,Merton,1725
7/1/2019,Newham,4091
7/1/2019,Redbridge,2530
7/1/2019,Richmond upon Thames,1294
7/1/2019,Southwark,4519
7/1/2019,Sutton,1449
7/1/2019,Tower Hamlets,3865
7/1/2019,Waltham Forest,2582
7/1/2019,Wandsworth,2797
7/1/2019,Westminster,8530
8/1/2019,Barking and Dagenham,2055
8/1/2019,Barnet,3052
8/1/2019,Bexley,1926
8/1/2019,Brent,3048
8/1/2019,Bromley,2588
8/1/2019,Camden,4081
8/1/2019,Croydon,3656
8/1/2019,Ealing,3306
8/1/2019,Enfield,2994
8/1/2019,Greenwich,3302
8/1/2019,Hackney,3982
8/1/2019,Hammersmith and Fulham,2478
8/1/2019,Haringey,3315
8/1/2019,Harrow,1725
8/1/2019,Havering,1974
8/1/2019,Hillingdon,2725
8/1/2019,Hounslow,2572
8/1/2019,Islington,3296
8/1/2019,Kensington and Chelsea,3314
8/1/2019,Kingston upon Thames,1307
8/1/2019,Lambeth,3979
8/1/2019,Lewisham,3242
8/1/2019,Merton,1632
8/1/2019,Newham,3783
8/1/2019,Redbridge,2424
8/1/2019,Richmond upon Thames,1249
8/1/2019,Southwark,4348
8/1/2019,Sutton,1528
8/1/2019,Tower Hamlets,3592
8/1/2019,Waltham Forest,2449
8/1/2019,Wandsworth,2619
8/1/2019,Westminster,8519
9/1/2019,Barking and Dagenham,2141
9/1/2019,Barnet,3236
9/1/2019,Bexley,1864
9/1/2019,Brent,3168
9/1/2019,Bromley,2570
9/1/2019,Camden,4087
9/1/2019,Croydon,3591
9/1/2019,Ealing,3221
9/1/2019,Enfield,3215
9/1/2019,Greenwich,3254
9/1/2019,Hackney,3799
9/1/2019,Hammersmith and Fulham,2494
9/1/2019,Haringey,3495
9/1/2019,Harrow,1762
9/1/2019,Havering,1883
9/1/2019,Hillingdon,2796
9/1/2019,Hounslow,2755
9/1/2019,Islington,3249
9/1/2019,Kensington and Chelsea,2433
9/1/2019,Kingston upon Thames,1357
9/1/2019,Lambeth,3820
9/1/2019,Lewisham,3342
9/1/2019,Merton,1541
9/1/2019,Newham,3465
9/1/2019,Redbridge,2419
9/1/2019,Richmond upon Thames,1264
9/1/2019,Southwark,4466
9/1/2019,Sutton,1383
9/1/2019,Tower Hamlets,3411
9/1/2019,Waltham Forest,2506
9/1/2019,Wandsworth,2681
9/1/2019,Westminster,7756
10/1/2019,Barking and Dagenham,2316
10/1/2019,Barnet,3279
10/1/2019,Bexley,2101
10/1/2019,Brent,3342
10/1/2019,Bromley,2746
10/1/2019,Camden,4826
10/1/2019,Croydon,3828
10/1/2019,Ealing,3335
10/1/2019,Enfield,3375
10/1/2019,Greenwich,3168
10/1/2019,Hackney,3886
10/1/2019,Hammersmith and Fulham,2531
10/1/2019,Haringey,3706
10/1/2019,Harrow,1916
10/1/2019,Havering,2210
10/1/2019,Hillingdon,3005
10/1/2019,Hounslow,2855
10/1/2019,Islington,3756
10/1/2019,Kensington and Chelsea,2569
10/1/2019,Kingston upon Thames,1382
10/1/2019,Lambeth,3881
10/1/2019,Lewisham,3298
10/1/2019,Merton,1512
10/1/2019,Newham,4209
10/1/2019,Redbridge,2772
10/1/2019,Richmond upon Thames,1307
10/1/2019,Southwark,4814
10/1/2019,Sutton,1477
10/1/2019,Tower Hamlets,3939
10/1/2019,Waltham Forest,2501
10/1/2019,Wandsworth,3008
10/1/2019,Westminster,8667
11/1/2019,Barking and Dagenham,2117
11/1/2019,Barnet,3588
11/1/2019,Bexley,1897
11/1/2019,Brent,3189
11/1/2019,Bromley,2844
11/1/2019,Camden,4360
11/1/2019,Croydon,3806
11/1/2019,Ealing,3486
11/1/2019,Enfield,3465
11/1/2019,Greenwich,3167
11/1/2019,Hackney,3626
11/1/2019,Hammersmith and Fulham,2479
11/1/2019,Haringey,3562
11/1/2019,Harrow,1816
11/1/2019,Havering,1993
11/1/2019,Hillingdon,2954
11/1/2019,Hounslow,2922
11/1/2019,Islington,3415
11/1/2019,Kensington and Chelsea,2674
11/1/2019,Kingston upon Thames,1408
11/1/2019,Lambeth,3836
11/1/2019,Lewisham,3218
11/1/2019,Merton,1647
11/1/2019,Newham,3942
11/1/2019,Redbridge,2540
11/1/2019,Richmond upon Thames,1431
11/1/2019,Southwark,4394
11/1/2019,Sutton,1484
11/1/2019,Tower Hamlets,3861
11/1/2019,Waltham Forest,2545
11/1/2019,Wandsworth,2666
11/1/2019,Westminster,8312
12/1/2019,Barking and Dagenham,2207
12/1/2019,Barnet,3285
12/1/2019,Bexley,1812
12/1/2019,Brent,3075
12/1/2019,Bromley,2620
12/1/2019,Camden,3997
12/1/2019,Croydon,3555
12/1/2019,Ealing,3185
12/1/2019,Enfield,3194
12/1/2019,Greenwich,2869
12/1/2019,Hackney,3628
12/1/2019,Hammersmith and Fulham,2361
12/1/2019,Haringey,3267
12/1/2019,Harrow,1816
12/1/2019,Havering,1919
12/1/2019,Hillingdon,2735
12/1/2019,Hounslow,2820
12/1/2019,Islington,3133
12/1/2019,Kensington and Chelsea,2605
12/1/2019,Kingston upon Thames,1259
12/1/2019,Lambeth,3640
12/1/2019,Lewisham,2930
12/1/2019,Merton,1359
12/1/2019,Newham,3616
12/1/2019,Redbridge,2429
12/1/2019,Richmond upon Thames,1338
12/1/2019,Southwark,4124
12/1/2019,Sutton,1431
12/1/2019,Tower Hamlets,3651
12/1/2019,Waltham Forest,2415
12/1/2019,Wandsworth,2537
12/1/2019,Westminster,9219
1/1/2020,Barking and Dagenham,2158
1/1/2020,Barnet,3355
1/1/2020,Bexley,1999
1/1/2020,Brent,3134
1/1/2020,Bromley,2581
1/1/2020,Camden,4059
1/1/2020,Croydon,3805
1/1/2020,Ealing,3271
1/1/2020,Enfield,3231
1/1/2020,Greenwich,2967
1/1/2020,Hackney,3690
1/1/2020,Hammersmith and Fulham,2244
1/1/2020,Haringey,3182
1/1/2020,Harrow,1826
1/1/2020,Havering,2107
1/1/2020,Hillingdon,2805
1/1/2020,Hounslow,2753
1/1/2020,Islington,3348
1/1/2020,Kensington and Chelsea,2337
1/1/2020,Kingston upon Thames,1350
1/1/2020,Lambeth,3689
1/1/2020,Lewisham,3064
1/1/2020,Merton,1582
1/1/2020,Newham,3932
1/1/2020,Redbridge,2563
1/1/2020,Richmond upon Thames,1342
1/1/2020,Southwark,3846
1/1/2020,Sutton,1667
1/1/2020,Tower Hamlets,3483
1/1/2020,Waltham Forest,2566
1/1/2020,Wandsworth,2802
1/1/2020,Westminster,7878
2/1/2020,Barking and Dagenham,2059
2/1/2020,Barnet,3212
2/1/2020,Bexley,1828
2/1/2020,Brent,3018
2/1/2020,Bromley,2517
2/1/2020,Camden,4497
2/1/2020,Croydon,3606
2/1/2020,Ealing,2979
2/1/2020,Enfield,3023
2/1/2020,Greenwich,2905
2/1/2020,Hackney,3467
2/1/2020,Hammersmith and Fulham,2228
2/1/2020,Haringey,3124
2/1/2020,Harrow,1798
2/1/2020,Havering,1962
2/1/2020,Hillingdon,2570
2/1/2020,Hounslow,2562
2/1/2020,Islington,3295
2/1/2020,Kensington and Chelsea,2152
2/1/2020,Kingston upon Thames,1349
2/1/2020,Lambeth,3413
2/1/2020,Lewisham,2812
2/1/2020,Merton,1417
2/1/2020,Newham,3740
2/1/2020,Redbridge,2585
2/1/2020,Richmond upon Thames,1262
2/1/2020,Southwark,3977
2/1/2020,Sutton,1495
2/1/2020,Tower Hamlets,3403
2/1/2020,Waltham Forest,2578
2/1/2020,Wandsworth,2520
2/1/2020,Westminster,8494
3/1/2020,Barking and Dagenham,2406
3/1/2020,Barnet,2960
3/1/2020,Bexley,1661
3/1/2020,Brent,2839
3/1/2020,Bromley,2200
3/1/2020,Camden,3526
3/1/2020,Croydon,3737
3/1/2020,Ealing,3081
3/1/2020,Enfield,3025
3/1/2020,Greenwich,2664
3/1/2020,Hackney,3256
3/1/2020,Hammersmith and Fulham,2005
3/1/2020,Haringey,3029
3/1/2020,Harrow,1714
3/1/2020,Havering,1804
3/1/2020,Hillingdon,2716
3/1/2020,Hounslow,2623
3/1/2020,Islington,2652
3/1/2020,Kensington and Chelsea,1801
3/1/2020,Kingston upon Thames,1181
3/1/2020,Lambeth,3218
3/1/2020,Lewisham,2729
3/1/2020,Merton,1435
3/1/2020,Newham,3391
3/1/2020,Redbridge,2345
3/1/2020,Richmond upon Thames,1117
3/1/2020,Southwark,3163
3/1/2020,Sutton,1462
3/1/2020,Tower Hamlets,3289
3/1/2020,Waltham Forest,2370
3/1/2020,Wandsworth,2292
3/1/2020,Westminster,6097
4/1/2020,Barking and Dagenham,1676
4/1/2020,Barnet,2183
4/1/2020,Bexley,1214
4/1/2020,Brent,2650
4/1/2020,Bromley,1845
4/1/2020,Camden,2043
4/1/2020,Croydon,2895
4/1/2020,Ealing,2522
4/1/2020,Enfield,2389
4/1/2020,Greenwich,2193
4/1/2020,Hackney,2202
4/1/2020,Hammersmith and Fulham,1625
4/1/2020,Haringey,2618
4/1/2020,Harrow,1366
4/1/2020,Havering,1285
4/1/2020,Hillingdon,2106
4/1/2020,Hounslow,2297
4/1/2020,Islington,1973
4/1/2020,Kensington and Chelsea,1148
4/1/2020,Kingston upon Thames,884
4/1/2020,Lambeth,2483
4/1/2020,Lewisham,2605
4/1/2020,Merton,1180
4/1/2020,Newham,2625
4/1/2020,Redbridge,1874
4/1/2020,Richmond upon Thames,950
4/1/2020,Southwark,2432
4/1/2020,Sutton,1109
4/1/2020,Tower Hamlets,2486
4/1/2020,Waltham Forest,2059
4/1/2020,Wandsworth,1801
4/1/2020,Westminster,2181
5/1/2020,Barking and Dagenham,1997
5/1/2020,Barnet,2584
5/1/2020,Bexley,1579
5/1/2020,Brent,2963
5/1/2020,Bromley,2152
5/1/2020,Camden,2400
5/1/2020,Croydon,3342
5/1/2020,Ealing,3012
5/1/2020,Enfield,2870
5/1/2020,Greenwich,2715
5/1/2020,Hackney,2910
5/1/2020,Hammersmith and Fulham,1687
5/1/2020,Haringey,2655
5/1/2020,Harrow,1592
5/1/2020,Havering,1487
5/1/2020,Hillingdon,2495
5/1/2020,Hounslow,2534
5/1/2020,Islington,2264
5/1/2020,Kensington and Chelsea,1415
5/1/2020,Kingston upon Thames,1027
5/1/2020,Lambeth,2909
5/1/2020,Lewisham,2976
5/1/2020,Merton,1322
5/1/2020,Newham,3022
5/1/2020,Redbridge,2152
5/1/2020,Richmond upon Thames,1234
5/1/2020,Southwark,2935
5/1/2020,Sutton,1341
5/1/2020,Tower Hamlets,2978
5/1/2020,Waltham Forest,2477
5/1/2020,Wandsworth,2263
5/1/2020,Westminster,2895
6/1/2020,Barking and Dagenham,2214
6/1/2020,Barnet,2739
6/1/2020,Bexley,1649
6/1/2020,Brent,3094
6/1/2020,Bromley,2217
6/1/2020,Camden,2838
6/1/2020,Croydon,3690
6/1/2020,Ealing,3006
6/1/2020,Enfield,3205
6/1/2020,Greenwich,2978
6/1/2020,Hackney,3215
6/1/2020,Hammersmith and Fulham,1781
6/1/2020,Haringey,3041
6/1/2020,Harrow,1432
6/1/2020,Havering,1650
6/1/2020,Hillingdon,2772
6/1/2020,Hounslow,2532
6/1/2020,Islington,2565
6/1/2020,Kensington and Chelsea,1656
6/1/2020,Kingston upon Thames,1235
6/1/2020,Lambeth,3370
6/1/2020,Lewisham,3044
6/1/2020,Merton,1468
6/1/2020,Newham,3568
6/1/2020,Redbridge,2469
6/1/2020,Richmond upon Thames,1279
6/1/2020,Southwark,3329
6/1/2020,Sutton,1456
6/1/2020,Tower Hamlets,3369
6/1/2020,Waltham Forest,2615
6/1/2020,Wandsworth,2657
6/1/2020,Westminster,3925
7/1/2020,Barking and Dagenham,2288
7/1/2020,Barnet,3102
7/1/2020,Bexley,1800
7/1/2020,Brent,3280
7/1/2020,Bromley,2492
7/1/2020,Camden,3208
7/1/2020,Croydon,4070
7/1/2020,Ealing,3299
7/1/2020,Enfield,3262
7/1/2020,Greenwich,3062
7/1/2020,Hackney,3764
7/1/2020,Hammersmith and Fulham,2122
7/1/2020,Haringey,3382
7/1/2020,Harrow,1804
7/1/2020,Havering,1924
7/1/2020,Hillingdon,2830
7/1/2020,Hounslow,2823
7/1/2020,Islington,2930
7/1/2020,Kensington and Chelsea,2097
7/1/2020,Kingston upon Thames,1397
7/1/2020,Lambeth,3941
7/1/2020,Lewisham,3265
7/1/2020,Merton,1634
7/1/2020,Newham,3924
7/1/2020,Redbridge,2594
7/1/2020,Richmond upon Thames,1484
7/1/2020,Southwark,3959
7/1/2020,Sutton,1369
7/1/2020,Tower Hamlets,3820
7/1/2020,Waltham Forest,2635
7/1/2020,Wandsworth,2919
7/1/2020,Westminster,5264
8/1/2020,Barking and Dagenham,2185
8/1/2020,Barnet,3024
8/1/2020,Bexley,2010
8/1/2020,Brent,3329
8/1/2020,Bromley,2267
8/1/2020,Camden,3173
8/1/2020,Croydon,3945
8/1/2020,Ealing,3349
8/1/2020,Enfield,3135
8/1/2020,Greenwich,2945
8/1/2020,Hackney,3785
8/1/2020,Hammersmith and Fulham,2123
8/1/2020,Haringey,3122
8/1/2020,Harrow,1655
8/1/2020,Havering,2012
8/1/2020,Hillingdon,3013
8/1/2020,Hounslow,2711
8/1/2020,Islington,3100
8/1/2020,Kensington and Chelsea,1903
8/1/2020,Kingston upon Thames,1246
8/1/2020,Lambeth,3829
8/1/2020,Lewisham,3282
8/1/2020,Merton,1588
8/1/2020,Newham,3801
8/1/2020,Redbridge,2497
8/1/2020,Richmond upon Thames,1458
8/1/2020,Southwark,3965
8/1/2020,Sutton,1372
8/1/2020,Tower Hamlets,3591
8/1/2020,Waltham Forest,2728
8/1/2020,Wandsworth,2887
8/1/2020,Westminster,5240
9/1/2020,Barking and Dagenham,2073
9/1/2020,Barnet,2881
9/1/2020,Bexley,1747
9/1/2020,Brent,3205
9/1/2020,Bromley,2452
9/1/2020,Camden,3038
9/1/2020,Croydon,3588
9/1/2020,Ealing,3282
9/1/2020,Enfield,3306
9/1/2020,Greenwich,2855
9/1/2020,Hackney,3912
9/1/2020,Hammersmith and Fulham,2161
9/1/2020,Haringey,3317
9/1/2020,Harrow,1704
9/1/2020,Havering,1828
9/1/2020,Hillingdon,2845
9/1/2020,Hounslow,2821
9/1/2020,Islington,2909
9/1/2020,Kensington and Chelsea,1957
9/1/2020,Kingston upon Thames,1258
9/1/2020,Lambeth,3579
9/1/2020,Lewisham,3185
9/1/2020,Merton,1541
9/1/2020,Newham,3551
9/1/2020,Redbridge,2486
9/1/2020,Richmond upon Thames,1323
9/1/2020,Southwark,3684
9/1/2020,Sutton,1306
9/1/2020,Tower Hamlets,3735
9/1/2020,Waltham Forest,2629
9/1/2020,Wandsworth,3101
9/1/2020,Westminster,5135
10/1/2020,Barking and Dagenham,2107
10/1/2020,Barnet,2981
10/1/2020,Bexley,1617
10/1/2020,Brent,3113
10/1/2020,Bromley,2524
10/1/2020,Camden,3279
10/1/2020,Croydon,3589
10/1/2020,Ealing,3285
10/1/2020,Enfield,3242
10/1/2020,Greenwich,2810
10/1/2020,Hackney,3558
10/1/2020,Hammersmith and Fulham,2216
10/1/2020,Haringey,2975
10/1/2020,Harrow,1718
10/1/2020,Havering,2065
10/1/2020,Hillingdon,2737
10/1/2020,Hounslow,2660
10/1/2020,Islington,2626
10/1/2020,Kensington and Chelsea,1992
10/1/2020,Kingston upon Thames,1116
10/1/2020,Lambeth,3316
10/1/2020,Lewisham,3128
10/1/2020,Merton,1584
10/1/2020,Newham,3795
10/1/2020,Redbridge,2552
10/1/2020,Richmond upon Thames,1253
10/1/2020,Southwark,3659
10/1/2020,Sutton,1393
10/1/2020,Tower Hamlets,3773
10/1/2020,Waltham Forest,2447
10/1/2020,Wandsworth,2751
10/1/2020,Westminster,5025
11/1/2020,Barking and Dagenham,2116
11/1/2020,Barnet,2965
11/1/2020,Bexley,1758
11/1/2020,Brent,2960
11/1/2020,Bromley,2421
11/1/2020,Camden,2762
11/1/2020,Croydon,3300
11/1/2020,Ealing,2972
11/1/2020,Enfield,3131
11/1/2020,Greenwich,2683
11/1/2020,Hackney,3201
11/1/2020,Hammersmith and Fulham,1795
11/1/2020,Haringey,2904
11/1/2020,Harrow,1692
11/1/2020,Havering,1685
11/1/2020,Hillingdon,2738
11/1/2020,Hounslow,2501
11/1/2020,Islington,2453
11/1/2020,Kensington and Chelsea,1546
11/1/2020,Kingston upon Thames,1053
11/1/2020,Lambeth,3254
11/1/2020,Lewisham,2964
11/1/2020,Merton,1434
11/1/2020,Newham,3326
11/1/2020,Redbridge,2395
11/1/2020,Richmond upon Thames,1242
11/1/2020,Southwark,3211
11/1/2020,Sutton,1490
11/1/2020,Tower Hamlets,3263
11/1/2020,Waltham Forest,2435
11/1/2020,Wandsworth,2603
11/1/2020,Westminster,3476
12/1/2020,Barking and Dagenham,1918
12/1/2020,Barnet,2773
12/1/2020,Bexley,1612
12/1/2020,Brent,2885
12/1/2020,Bromley,2046
12/1/2020,Camden,2428
12/1/2020,Croydon,3202
12/1/2020,Ealing,2783
12/1/2020,Enfield,2909
12/1/2020,Greenwich,2352
12/1/2020,Hackney,2988
12/1/2020,Hammersmith and Fulham,1680
12/1/2020,Haringey,2962
12/1/2020,Harrow,1550
12/1/2020,Havering,1634
12/1/2020,Hillingdon,2313
12/1/2020,Hounslow,2241
12/1/2020,Islington,2304
12/1/2020,Kensington and Chelsea,1748
12/1/2020,Kingston upon Thames,1007
12/1/2020,Lambeth,2833
12/1/2020,Lewisham,2654
12/1/2020,Merton,1267
12/1/2020,Newham,3455
12/1/2020,Redbridge,2251
12/1/2020,Richmond upon Thames,1109
12/1/2020,Southwark,2926
12/1/2020,Sutton,1172
12/1/2020,Tower Hamlets,3150
12/1/2020,Waltham Forest,2261
12/1/2020,Wandsworth,2344
12/1/2020,Westminster,4012
1/1/2021,Barking and Dagenham,1800
1/1/2021,Barnet,2352
1/1/2021,Bexley,1409
1/1/2021,Brent,2422
1/1/2021,Bromley,1848
1/1/2021,Camden,1971
1/1/2021,Croydon,3068
1/1/2021,Ealing,2637
1/1/2021,Enfield,2615
1/1/2021,Greenwich,2247
1/1/2021,Hackney,2840
1/1/2021,Hammersmith and Fulham,1589
1/1/2021,Haringey,2500
1/1/2021,Harrow,1352
1/1/2021,Havering,1409
1/1/2021,Hillingdon,2161
1/1/2021,Hounslow,2087
1/1/2021,Islington,1901
1/1/2021,Kensington and Chelsea,1260
1/1/2021,Kingston upon Thames,877
1/1/2021,Lambeth,2588
1/1/2021,Lewisham,2597
1/1/2021,Merton,1223
1/1/2021,Newham,2969
1/1/2021,Redbridge,2153
1/1/2021,Richmond upon Thames,967
1/1/2021,Southwark,2538
1/1/2021,Sutton,1049
1/1/2021,Tower Hamlets,3131
1/1/2021,Waltham Forest,2189
1/1/2021,Wandsworth,2128
1/1/2021,Westminster,2442
2/1/2021,Barking and Dagenham,1806
2/1/2021,Barnet,2385
2/1/2021,Bexley,1300
2/1/2021,Brent,2577
2/1/2021,Bromley,1943
2/1/2021,Camden,2064
2/1/2021,Croydon,3015
2/1/2021,Ealing,2455
2/1/2021,Enfield,2440
2/1/2021,Greenwich,2367
2/1/2021,Hackney,2536
2/1/2021,Hammersmith and Fulham,1653
2/1/2021,Haringey,2469
2/1/2021,Harrow,1340
2/1/2021,Havering,1531
2/1/2021,Hillingdon,2218
2/1/2021,Hounslow,2027
2/1/2021,Islington,1980
2/1/2021,Kensington and Chelsea,1422
2/1/2021,Kingston upon Thames,777
2/1/2021,Lambeth,2468
2/1/2021,Lewisham,2416
2/1/2021,Merton,1127
2/1/2021,Newham,2931
2/1/2021,Redbridge,2055
2/1/2021,Richmond upon Thames,947
2/1/2021,Southwark,2841
2/1/2021,Sutton,1092
2/1/2021,Tower Hamlets,2654
2/1/2021,Waltham Forest,2012
2/1/2021,Wandsworth,2397
2/1/2021,Westminster,2394
3/1/2021,Barking and Dagenham,2036
3/1/2021,Barnet,3150
3/1/2021,Bexley,1592
3/1/2021,Brent,2837
3/1/2021,Bromley,2197
3/1/2021,Camden,2505
3/1/2021,Croydon,3376
3/1/2021,Ealing,2941
3/1/2021,Enfield,3135
3/1/2021,Greenwich,2838
3/1/2021,Hackney,2843
3/1/2021,Hammersmith and Fulham,1910
3/1/2021,Haringey,2884
3/1/2021,Harrow,1503
3/1/2021,Havering,1728
3/1/2021,Hillingdon,2588
3/1/2021,Hounslow,2574
3/1/2021,Islington,2389
3/1/2021,Kensington and Chelsea,1561
3/1/2021,Kingston upon Thames,992
3/1/2021,Lambeth,3141
3/1/2021,Lewisham,2802
3/1/2021,Merton,1427
3/1/2021,Newham,3328
3/1/2021,Redbridge,2517
3/1/2021,Richmond upon Thames,1084
3/1/2021,Southwark,3192
3/1/2021,Sutton,1295
3/1/2021,Tower Hamlets,3495
3/1/2021,Waltham Forest,2429
3/1/2021,Wandsworth,2554
3/1/2021,Westminster,3073
4/1/2021,Barking and Dagenham,1993
4/1/2021,Barnet,2776
4/1/2021,Bexley,1571
4/1/2021,Brent,2654
4/1/2021,Bromley,2284
4/1/2021,Camden,2515
4/1/2021,Croydon,3251
4/1/2021,Ealing,2980
4/1/2021,Enfield,3000
4/1/2021,Greenwich,2667
4/1/2021,Hackney,2994
4/1/2021,Hammersmith and Fulham,1868
4/1/2021,Haringey,2898
4/1/2021,Harrow,1507
4/1/2021,Havering,1766
4/1/2021,Hillingdon,2328
4/1/2021,Hounslow,2424
4/1/2021,Islington,2467
4/1/2021,Kensington and Chelsea,1651
4/1/2021,Kingston upon Thames,1118
4/1/2021,Lambeth,3195
4/1/2021,Lewisham,2799
4/1/2021,Merton,1329
4/1/2021,Newham,3225
4/1/2021,Redbridge,2439
4/1/2021,Richmond upon Thames,1098
4/1/2021,Southwark,3261
4/1/2021,Sutton,1280
4/1/2021,Tower Hamlets,3358
4/1/2021,Waltham Forest,2249
4/1/2021,Wandsworth,2510
4/1/2021,Westminster,3843
5/1/2021,Barking and Dagenham,2089
5/1/2021,Barnet,3221
5/1/2021,Bexley,1595
5/1/2021,Brent,3084
5/1/2021,Bromley,2354
5/1/2021,Camden,2963
5/1/2021,Croydon,3621
5/1/2021,Ealing,3116
5/1/2021,Enfield,3232
5/1/2021,Greenwich,3055
5/1/2021,Hackney,3485
5/1/2021,Hammersmith and Fulham,2149
5/1/2021,Haringey,3176
5/1/2021,Harrow,1529
5/1/2021,Havering,1881
5/1/2021,Hillingdon,2723
5/1/2021,Hounslow,2656
5/1/2021,Islington,2620
5/1/2021,Kensington and Chelsea,1954
5/1/2021,Kingston upon Thames,1131
5/1/2021,Lambeth,3353
5/1/2021,Lewisham,2964
5/1/2021,Merton,1400
5/1/2021,Newham,3485
5/1/2021,Redbridge,2753
5/1/2021,Richmond upon Thames,1231
5/1/2021,Southwark,3400
5/1/2021,Sutton,1451
5/1/2021,Tower Hamlets,3737
5/1/2021,Waltham Forest,2677
5/1/2021,Wandsworth,2691
5/1/2021,Westminster,4767
6/1/2021,Barking and Dagenham,2262
6/1/2021,Barnet,3207
6/1/2021,Bexley,1670
6/1/2021,Brent,2974
6/1/2021,Bromley,2313
6/1/2021,Camden,3124
6/1/2021,Croydon,3788
6/1/2021,Ealing,3317
6/1/2021,Enfield,3255
6/1/2021,Greenwich,2964
6/1/2021,Hackney,3258
6/1/2021,Hammersmith and Fulham,2230
6/1/2021,Haringey,3285
6/1/2021,Harrow,1646
6/1/2021,Havering,1789
6/1/2021,Hillingdon,2797
6/1/2021,Hounslow,2895
6/1/2021,Islington,2637
6/1/2021,Kensington and Chelsea,1916
6/1/2021,Kingston upon Thames,1333
6/1/2021,Lambeth,3755
6/1/2021,Lewisham,3044
6/1/2021,Merton,1492
6/1/2021,Newham,3497
6/1/2021,Redbridge,2696
6/1/2021,Richmond upon Thames,1231
6/1/2021,Southwark,3393
6/1/2021,Sutton,1618
6/1/2021,Tower Hamlets,3686
6/1/2021,Waltham Forest,2555
6/1/2021,Wandsworth,2701
6/1/2021,Westminster,5017
7/1/2021,Barking and Dagenham,2274
7/1/2021,Barnet,2904
7/1/2021,Bexley,1730
7/1/2021,Brent,3401
7/1/2021,Bromley,2516
7/1/2021,Camden,3313
7/1/2021,Croydon,3712
7/1/2021,Ealing,3263
7/1/2021,Enfield,3045
7/1/2021,Greenwich,2961
7/1/2021,Hackney,3467
7/1/2021,Hammersmith and Fulham,2158
7/1/2021,Haringey,3295
7/1/2021,Harrow,1795
7/1/2021,Havering,2106
7/1/2021,Hillingdon,2810
7/1/2021,Hounslow,2757
7/1/2021,Islington,2803
7/1/2021,Kensington and Chelsea,1989
7/1/2021,Kingston upon Thames,1316
7/1/2021,Lambeth,3807
7/1/2021,Lewisham,3040
7/1/2021,Merton,1500
7/1/2021,Newham,3618
7/1/2021,Redbridge,2809
7/1/2021,Richmond upon Thames,1137
7/1/2021,Southwark,3611
7/1/2021,Sutton,1506
7/1/2021,Tower Hamlets,3866
7/1/2021,Waltham Forest,2541
7/1/2021,Wandsworth,2825
7/1/2021,Westminster,5980
8/1/2021,Barking and Dagenham,2057
8/1/2021,Barnet,2739
8/1/2021,Bexley,1683
8/1/2021,Brent,3062
8/1/2021,Bromley,2221
8/1/2021,Camden,3163
8/1/2021,Croydon,3586
8/1/2021,Ealing,2921
8/1/2021,Enfield,3009
8/1/2021,Greenwich,2820
8/1/2021,Hackney,3319
8/1/2021,Hammersmith and Fulham,1985
8/1/2021,Haringey,3106
8/1/2021,Harrow,1517
8/1/2021,Havering,1884
8/1/2021,Hillingdon,2325
8/1/2021,Hounslow,2507
8/1/2021,Islington,2781
8/1/2021,Kensington and Chelsea,1912
8/1/2021,Kingston upon Thames,1125
8/1/2021,Lambeth,3657
8/1/2021,Lewisham,2703
8/1/2021,Merton,1440
8/1/2021,Newham,3384
8/1/2021,Redbridge,2475
8/1/2021,Richmond upon Thames,1087
8/1/2021,Southwark,3237
8/1/2021,Sutton,1383
8/1/2021,Tower Hamlets,3461
8/1/2021,Waltham Forest,2315
8/1/2021,Wandsworth,2582
8/1/2021,Westminster,5290
9/1/2021,Barking and Dagenham,2092
9/1/2021,Barnet,2980
9/1/2021,Bexley,1675
9/1/2021,Brent,2907
9/1/2021,Bromley,2535
9/1/2021,Camden,2906
9/1/2021,Croydon,3398
9/1/2021,Ealing,3191
9/1/2021,Enfield,3057
9/1/2021,Greenwich,2761
9/1/2021,Hackney,3518
9/1/2021,Hammersmith and Fulham,2171
9/1/2021,Haringey,3125
9/1/2021,Harrow,1566
9/1/2021,Havering,1849
9/1/2021,Hillingdon,2497
9/1/2021,Hounslow,2509
9/1/2021,Islington,2724
9/1/2021,Kensington and Chelsea,2101
9/1/2021,Kingston upon Thames,1258
9/1/2021,Lambeth,3844
9/1/2021,Lewisham,2895
9/1/2021,Merton,1463
9/1/2021,Newham,3516
9/1/2021,Redbridge,2438
9/1/2021,Richmond upon Thames,1189
9/1/2021,Southwark,3517
9/1/2021,Sutton,1448
9/1/2021,Tower Hamlets,3523
9/1/2021,Waltham Forest,2284
9/1/2021,Wandsworth,2837
9/1/2021,Westminster,5360
10/1/2021,Barking and Dagenham,2226
10/1/2021,Barnet,2993
10/1/2021,Bexley,1745
10/1/2021,Brent,3299
10/1/2021,Bromley,2653
10/1/2021,Camden,3344
10/1/2021,Croydon,3932
10/1/2021,Ealing,3112
10/1/2021,Enfield,3183
10/1/2021,Greenwich,2975
10/1/2021,Hackney,3857
10/1/2021,Hammersmith and Fulham,2221
10/1/2021,Haringey,3035
10/1/2021,Harrow,1719
10/1/2021,Havering,2010
10/1/2021,Hillingdon,2955
10/1/2021,Hounslow,2609
10/1/2021,Islington,2916
10/1/2021,Kensington and Chelsea,2159
10/1/2021,Kingston upon Thames,1211
10/1/2021,Lambeth,3790
10/1/2021,Lewisham,3190
10/1/2021,Merton,1511
10/1/2021,Newham,3967
10/1/2021,Redbridge,2777
10/1/2021,Richmond upon Thames,1181
10/1/2021,Southwark,3505
10/1/2021,Sutton,1454
10/1/2021,Tower Hamlets,3744
10/1/2021,Waltham Forest,2319
10/1/2021,Wandsworth,2981
10/1/2021,Westminster,6905
11/1/2021,Barking and Dagenham,2097
11/1/2021,Barnet,2822
11/1/2021,Bexley,1822
11/1/2021,Brent,3035
11/1/2021,Bromley,2617
11/1/2021,Camden,3224
11/1/2021,Croydon,3734
11/1/2021,Ealing,3321
11/1/2021,Enfield,3237
11/1/2021,Greenwich,2925
11/1/2021,Hackney,3518
11/1/2021,Hammersmith and Fulham,2147
11/1/2021,Haringey,2945
11/1/2021,Harrow,1626
11/1/2021,Havering,1972
11/1/2021,Hillingdon,2886
11/1/2021,Hounslow,2717
11/1/2021,Islington,2862
11/1/2021,Kensington and Chelsea,2135
11/1/2021,Kingston upon Thames,1211
11/1/2021,Lambeth,3565
11/1/2021,Lewisham,2974
11/1/2021,Merton,1286
11/1/2021,Newham,3652
11/1/2021,Redbridge,2737
11/1/2021,Richmond upon Thames,1194
11/1/2021,Southwark,3300
11/1/2021,Sutton,1632
11/1/2021,Tower Hamlets,3617
11/1/2021,Waltham Forest,2502
11/1/2021,Wandsworth,2723
11/1/2021,Westminster,6477
12/1/2021,Barking and Dagenham,1977
12/1/2021,Barnet,2740
12/1/2021,Bexley,1744
12/1/2021,Brent,2641
12/1/2021,Bromley,2382
12/1/2021,Camden,3034
12/1/2021,Croydon,3485
12/1/2021,Ealing,2844
12/1/2021,Enfield,3046
12/1/2021,Greenwich,2573
12/1/2021,Hackney,3032
12/1/2021,Hammersmith and Fulham,1921
12/1/2021,Haringey,3146
12/1/2021,Harrow,1591
12/1/2021,Havering,1790
12/1/2021,Hillingdon,2620
12/1/2021,Hounslow,2438
12/1/2021,Islington,2632
12/1/2021,Kensington and Chelsea,1925
12/1/2021,Kingston upon Thames,1304
12/1/2021,Lambeth,2986
12/1/2021,Lewisham,2813
12/1/2021,Merton,1282
12/1/2021,Newham,3521
12/1/2021,Redbridge,2406
12/1/2021,Richmond upon Thames,1065
12/1/2021,Southwark,3016
12/1/2021,Sutton,1480
12/1/2021,Tower Hamlets,3059
12/1/2021,Waltham Forest,2172
12/1/2021,Wandsworth,2488
12/1/2021,Westminster,6610
1/1/2022,Barking and Dagenham,2055
1/1/2022,Barnet,2857
1/1/2022,Bexley,1664
1/1/2022,Brent,2846
1/1/2022,Bromley,2436
1/1/2022,Camden,2861
1/1/2022,Croydon,3541
1/1/2022,Ealing,2811
1/1/2022,Enfield,3207
1/1/2022,Greenwich,2713
1/1/2022,Hackney,3232
1/1/2022,Hammersmith and Fulham,1862
1/1/2022,Haringey,2932
1/1/2022,Harrow,1576
1/1/2022,Havering,1889
1/1/2022,Hillingdon,2671
1/1/2022,Hounslow,2492
1/1/2022,Islington,2646
1/1/2022,Kensington and Chelsea,1992
1/1/2022,Kingston upon Thames,1218
1/1/2022,Lambeth,3239
1/1/2022,Lewisham,2855
1/1/2022,Merton,1393
1/1/2022,Newham,3601
1/1/2022,Redbridge,2455
1/1/2022,Richmond upon Thames,1229
1/1/2022,Southwark,3090
1/1/2022,Sutton,1401
1/1/2022,Tower Hamlets,3323
1/1/2022,Waltham Forest,2422
1/1/2022,Wandsworth,2417
1/1/2022,Westminster,5767
2/1/2022,Barking and Dagenham,1980
2/1/2022,Barnet,2656
2/1/2022,Bexley,1680
2/1/2022,Brent,2850
2/1/2022,Bromley,2261
2/1/2022,Camden,3117
2/1/2022,Croydon,3268
2/1/2022,Ealing,2834
2/1/2022,Enfield,2854
2/1/2022,Greenwich,2699
2/1/2022,Hackney,2869
2/1/2022,Hammersmith and Fulham,1872
2/1/2022,Haringey,2768
2/1/2022,Harrow,1428
2/1/2022,Havering,1891
2/1/2022,Hillingdon,2444
2/1/2022,Hounslow,2344
2/1/2022,Islington,2639
2/1/2022,Kensington and Chelsea,1779
2/1/2022,Kingston upon Thames,1058
2/1/2022,Lambeth,3035
2/1/2022,Lewisham,2730
2/1/2022,Merton,1289
2/1/2022,Newham,3460
2/1/2022,Redbridge,2367
2/1/2022,Richmond upon Thames,1022
2/1/2022,Southwark,2967
2/1/2022,Sutton,1330
2/1/2022,Tower Hamlets,3030
2/1/2022,Waltham Forest,2197
2/1/2022,Wandsworth,2479
2/1/2022,Westminster,5837
3/1/2022,Barking and Dagenham,2208
3/1/2022,Barnet,2967
3/1/2022,Bexley,1830
3/1/2022,Brent,3293
3/1/2022,Bromley,2391
3/1/2022,Camden,3403
3/1/2022,Croydon,3592
3/1/2022,Ealing,3105
3/1/2022,Enfield,3332
3/1/2022,Greenwich,2973
3/1/2022,Hackney,3236
3/1/2022,Hammersmith and Fulham,1970
3/1/2022,Haringey,2919
3/1/2022,Harrow,1629
3/1/2022,Havering,2043
3/1/2022,Hillingdon,2826
3/1/2022,Hounslow,2699
3/1/2022,Islington,2918
3/1/2022,Kensington and Chelsea,2015
3/1/2022,Kingston upon Thames,1232
3/1/2022,Lambeth,3515
3/1/2022,Lewisham,3077
3/1/2022,Merton,1533
3/1/2022,Newham,3883
3/1/2022,Redbridge,2637
3/1/2022,Richmond upon Thames,1165
3/1/2022,Southwark,3455
3/1/2022,Sutton,1460
3/1/2022,Tower Hamlets,3504
3/1/2022,Waltham Forest,2332
3/1/2022,Wandsworth,2611
3/1/2022,Westminster,6605
4/1/2022,Barking and Dagenham,2100
4/1/2022,Barnet,2704
4/1/2022,Bexley,1630
4/1/2022,Brent,3051
4/1/2022,Bromley,2309
4/1/2022,Camden,3353
4/1/2022,Croydon,3515
4/1/2022,Ealing,2812
4/1/2022,Enfield,3003
4/1/2022,Greenwich,2647
4/1/2022,Hackney,3190
4/1/2022,Hammersmith and Fulham,2088
4/1/2022,Haringey,2836
4/1/2022,Harrow,1419
4/1/2022,Havering,1979
4/1/2022,Hillingdon,2567
4/1/2022,Hounslow,2507
4/1/2022,Islington,2642
4/1/2022,Kensington and Chelsea,1941
4/1/2022,Kingston upon Thames,1121
4/1/2022,Lambeth,3242
4/1/2022,Lewisham,2886
4/1/2022,Merton,1400
4/1/2022,Newham,3388
4/1/2022,Redbridge,2327
4/1/2022,Richmond upon Thames,1150
4/1/2022,Southwark,3384
4/1/2022,Sutton,1246
4/1/2022,Tower Hamlets,3574
4/1/2022,Waltham Forest,2134
4/1/2022,Wandsworth,2359
4/1/2022,Westminster,6294
5/1/2022,Barking and Dagenham,2132
5/1/2022,Barnet,3108
5/1/2022,Bexley,1757
5/1/2022,Brent,3194
5/1/2022,Bromley,2455
5/1/2022,Camden,3571
5/1/2022,Croydon,3765
5/1/2022,Ealing,3349
5/1/2022,Enfield,3305
5/1/2022,Greenwich,3011
5/1/2022,Hackney,3730
5/1/2022,Hammersmith and Fulham,2020
5/1/2022,Haringey,3169
5/1/2022,Harrow,1552
5/1/2022,Havering,2219
5/1/2022,Hillingdon,2858
5/1/2022,Hounslow,2928
5/1/2022,Islington,2962
5/1/2022,Kensington and Chelsea,1993
5/1/2022,Kingston upon Thames,1252
5/1/2022,Lambeth,3484
5/1/2022,Lewisham,3039
5/1/2022,Merton,1533
5/1/2022,Newham,3661
5/1/2022,Redbridge,2778
5/1/2022,Richmond upon Thames,1330
5/1/2022,Southwark,3779
5/1/2022,Sutton,1509
5/1/2022,Tower Hamlets,3678
5/1/2022,Waltham Forest,2416
5/1/2022,Wandsworth,2722
5/1/2022,Westminster,6705
6/1/2022,Barking and Dagenham,2220
6/1/2022,Barnet,2771
6/1/2022,Bexley,1793
6/1/2022,Brent,3182
6/1/2022,Bromley,2406
6/1/2022,Camden,3412
6/1/2022,Croydon,3728
6/1/2022,Ealing,3140
6/1/2022,Enfield,3374
6/1/2022,Greenwich,3046
6/1/2022,Hackney,3367
6/1/2022,Hammersmith and Fulham,2007
6/1/2022,Haringey,2987
6/1/2022,Harrow,1618
6/1/2022,Havering,2212
6/1/2022,Hillingdon,2856
6/1/2022,Hounslow,2680
6/1/2022,Islington,2700
6/1/2022,Kensington and Chelsea,2068
6/1/2022,Kingston upon Thames,1241
6/1/2022,Lambeth,3588
6/1/2022,Lewisham,3028
6/1/2022,Merton,1587
6/1/2022,Newham,3479
6/1/2022,Redbridge,2643
6/1/2022,Richmond upon Thames,1160
6/1/2022,Southwark,3656
6/1/2022,Sutton,1465
6/1/2022,Tower Hamlets,3328
6/1/2022,Waltham Forest,2453
6/1/2022,Wandsworth,2603
6/1/2022,Westminster,6596
7/1/2022,Barking and Dagenham,2078
7/1/2022,Barnet,2907
7/1/2022,Bexley,1679
7/1/2022,Brent,3204
7/1/2022,Bromley,2596
7/1/2022,Camden,3551
7/1/2022,Croydon,3897
7/1/2022,Ealing,3241
7/1/2022,Enfield,3277
7/1/2022,Greenwich,2984
7/1/2022,Hackney,3427
7/1/2022,Hammersmith and Fulham,2145
7/1/2022,Haringey,3107
7/1/2022,Harrow,1691
7/1/2022,Havering,2154
7/1/2022,Hillingdon,2741
7/1/2022,Hounslow,2688
7/1/2022,Islington,2885
7/1/2022,Kensington and Chelsea,2083
7/1/2022,Kingston upon Thames,1132
7/1/2022,Lambeth,3859
7/1/2022,Lewisham,3110
7/1/2022,Merton,1676
7/1/2022,Newham,3665
7/1/2022,Redbridge,2579
7/1/2022,Richmond upon Thames,1188
7/1/2022,Southwark,3871
7/1/2022,Sutton,1542
7/1/2022,Tower Hamlets,3542
7/1/2022,Waltham Forest,2567
7/1/2022,Wandsworth,2616
7/1/2022,Westminster,7763
8/1/2022,Barking and Dagenham,2214
8/1/2022,Barnet,2854
8/1/2022,Bexley,1764
8/1/2022,Brent,3251
8/1/2022,Bromley,2404
8/1/2022,Camden,3462
8/1/2022,Croydon,3642
8/1/2022,Ealing,3253
8/1/2022,Enfield,3180
8/1/2022,Greenwich,2771
8/1/2022,Hackney,3312
8/1/2022,Hammersmith and Fulham,2225
8/1/2022,Haringey,2893
8/1/2022,Harrow,1614
8/1/2022,Havering,2232
8/1/2022,Hillingdon,2911
8/1/2022,Hounslow,2611
8/1/2022,Islington,2928
8/1/2022,Kensington and Chelsea,2550
8/1/2022,Kingston upon Thames,1149
8/1/2022,Lambeth,3780
8/1/2022,Lewisham,3095
8/1/2022,Merton,1511
8/1/2022,Newham,3489
8/1/2022,Redbridge,2409
8/1/2022,Richmond upon Thames,1115
8/1/2022,Southwark,3659
8/1/2022,Sutton,1601
8/1/2022,Tower Hamlets,3489
8/1/2022,Waltham Forest,2256
8/1/2022,Wandsworth,2579
8/1/2022,Westminster,6872
9/1/2022,Barking and Dagenham,2072
9/1/2022,Barnet,2869
9/1/2022,Bexley,1787
9/1/2022,Brent,3115
9/1/2022,Bromley,2226
9/1/2022,Camden,3192
9/1/2022,Croydon,3734
9/1/2022,Ealing,2819
9/1/2022,Enfield,2936
9/1/2022,Greenwich,2732
9/1/2022,Hackney,2899
9/1/2022,Hammersmith and Fulham,2044
9/1/2022,Haringey,2989
9/1/2022,Harrow,1566
9/1/2022,Havering,1954
9/1/2022,Hillingdon,2758
9/1/2022,Hounslow,2512
9/1/2022,Islington,2759
9/1/2022,Kensington and Chelsea,1843
9/1/2022,Kingston upon Thames,1156
9/1/2022,Lambeth,3391
9/1/2022,Lewisham,2946
9/1/2022,Merton,1484
9/1/2022,Newham,3480
9/1/2022,Redbridge,2456
9/1/2022,Richmond upon Thames,1114
9/1/2022,Southwark,3117
9/1/2022,Sutton,1433
9/1/2022,Tower Hamlets,3305
9/1/2022,Waltham Forest,2345
9/1/2022,Wandsworth,2362
9/1/2022,Westminster,5969
10/1/2022,Barking and Dagenham,2374
10/1/2022,Barnet,2926
10/1/2022,Bexley,1737
10/1/2022,Brent,3225
10/1/2022,Bromley,2341
10/1/2022,Camden,3774
10/1/2022,Croydon,3845
10/1/2022,Ealing,3274
10/1/2022,Enfield,3056
10/1/2022,Greenwich,3019
10/1/2022,Hackney,3403
10/1/2022,Hammersmith and Fulham,2127
10/1/2022,Haringey,2931
10/1/2022,Harrow,1872
10/1/2022,Havering,2047
10/1/2022,Hillingdon,3108
10/1/2022,Hounslow,2817
10/1/2022,Islington,3097
10/1/2022,Kensington and Chelsea,2153
10/1/2022,Kingston upon Thames,1204
10/1/2022,Lambeth,3607
10/1/2022,Lewisham,2971
10/1/2022,Merton,1589
10/1/2022,Newham,3834
10/1/2022,Redbridge,2695
10/1/2022,Richmond upon Thames,1203
10/1/2022,Southwark,3418
10/1/2022,Sutton,1360
10/1/2022,Tower Hamlets,3621
10/1/2022,Waltham Forest,2489
10/1/2022,Wandsworth,2429
10/1/2022,Westminster,8286
11/1/2022,Barking and Dagenham,2319
11/1/2022,Barnet,3017
11/1/2022,Bexley,1745
11/1/2022,Brent,3199
11/1/2022,Bromley,2368
11/1/2022,Camden,3795
11/1/2022,Croydon,3514
11/1/2022,Ealing,3108
11/1/2022,Enfield,3118
11/1/2022,Greenwich,2852
11/1/2022,Hackney,3201
11/1/2022,Hammersmith and Fulham,1959
11/1/2022,Haringey,2872
11/1/2022,Harrow,1705
11/1/2022,Havering,2111
11/1/2022,Hillingdon,2868
11/1/2022,Hounslow,2676
11/1/2022,Islington,2906
11/1/2022,Kensington and Chelsea,2128
11/1/2022,Kingston upon Thames,1234
11/1/2022,Lambeth,3415
11/1/2022,Lewisham,2712
11/1/2022,Merton,1432
11/1/2022,Newham,3772
11/1/2022,Redbridge,2505
11/1/2022,Richmond upon Thames,1178
11/1/2022,Southwark,3575
11/1/2022,Sutton,1375
11/1/2022,Tower Hamlets,3676
11/1/2022,Waltham Forest,2423
11/1/2022,Wandsworth,2560
11/1/2022,Westminster,8619
12/1/2022,Barking and Dagenham,2185
12/1/2022,Barnet,2651
12/1/2022,Bexley,1524
12/1/2022,Brent,2902
12/1/2022,Bromley,2200
12/1/2022,Camden,3082
12/1/2022,Croydon,3252
12/1/2022,Ealing,2822
12/1/2022,Enfield,2891
12/1/2022,Greenwich,2575
12/1/2022,Hackney,2852
12/1/2022,Hammersmith and Fulham,1859
12/1/2022,Haringey,2701
12/1/2022,Harrow,1390
12/1/2022,Havering,1845
12/1/2022,Hillingdon,2716
12/1/2022,Hounslow,2367
12/1/2022,Islington,2761
12/1/2022,Kensington and Chelsea,1942
12/1/2022,Kingston upon Thames,1115
12/1/2022,Lambeth,3234
12/1/2022,Lewisham,2939
12/1/2022,Merton,1296
12/1/2022,Newham,3261
12/1/2022,Redbridge,2469
12/1/2022,Richmond upon Thames,1059
12/1/2022,Southwark,3200
12/1/2022,Sutton,1291
12/1/2022,Tower Hamlets,3095
12/1/2022,Waltham Forest,2123
12/1/2022,Wandsworth,2244
12/1/2022,Westminster,9230
1/1/2023,Barking and Dagenham,2227
1/1/2023,Barnet,2907
1/1/2023,Bexley,1781
1/1/2023,Brent,3004
1/1/2023,Bromley,2244
1/1/2023,Camden,3540
1/1/2023,Croydon,3265
1/1/2023,Ealing,3083
1/1/2023,Enfield,3275
1/1/2023,Greenwich,2728
1/1/2023,Hackney,3060
1/1/2023,Hammersmith and Fulham,1963
1/1/2023,Haringey,3116
1/1/2023,Harrow,1569
1/1/2023,Havering,2163
1/1/2023,Hillingdon,2881
1/1/2023,Hounslow,2660
1/1/2023,Islington,2872
1/1/2023,Kensington and Chelsea,1990
1/1/2023,Kingston upon Thames,1213
1/1/2023,Lambeth,3520
1/1/2023,Lewisham,3134
1/1/2023,Merton,1452
1/1/2023,Newham,3538
1/1/2023,Redbridge,2493
1/1/2023,Richmond upon Thames,1163
1/1/2023,Southwark,3486
1/1/2023,Sutton,1484
1/1/2023,Tower Hamlets,3547
1/1/2023,Waltham Forest,2224
1/1/2023,Wandsworth,2357
1/1/2023,Westminster,8224
2/1/2023,Barking and Dagenham,2159
2/1/2023,Barnet,2604
2/1/2023,Bexley,1793
2/1/2023,Brent,2819
2/1/2023,Bromley,2270
2/1/2023,Camden,3433
2/1/2023,Croydon,3204
2/1/2023,Ealing,3110
2/1/2023,Enfield,2864
2/1/2023,Greenwich,2670
2/1/2023,Hackney,2881
2/1/2023,Hammersmith and Fulham,1974
2/1/2023,Haringey,2820
2/1/2023,Harrow,1532
2/1/2023,Havering,2063
2/1/2023,Hillingdon,2617
2/1/2023,Hounslow,2522
2/1/2023,Islington,2612
2/1/2023,Kensington and Chelsea,1810
2/1/2023,Kingston upon Thames,1120
2/1/2023,Lambeth,3183
2/1/2023,Lewisham,2873
2/1/2023,Merton,1281
2/1/2023,Newham,3346
2/1/2023,Redbridge,2382
2/1/2023,Richmond upon Thames,1143
2/1/2023,Southwark,3357
2/1/2023,Sutton,1399
2/1/2023,Tower Hamlets,3334
2/1/2023,Waltham Forest,2069
2/1/2023,Wandsworth,2366
2/1/2023,Westminster,7642
3/1/2023,Barking and Dagenham,2253
3/1/2023,Barnet,3077
3/1/2023,Bexley,1726
3/1/2023,Brent,3209
3/1/2023,Bromley,2436
3/1/2023,Camden,3833
3/1/2023,Croydon,3540
3/1/2023,Ealing,3318
3/1/2023,Enfield,3255
3/1/2023,Greenwich,2909
3/1/2023,Hackney,3306
3/1/2023,Hammersmith and Fulham,2210
3/1/2023,Haringey,3226
3/1/2023,Harrow,1631
3/1/2023,Havering,2117
3/1/2023,Hillingdon,2775
3/1/2023,Hounslow,2689
3/1/2023,Islington,3049
3/1/2023,Kensington and Chelsea,1997
3/1/2023,Kingston upon Thames,1279
3/1/2023,Lambeth,3447
3/1/2023,Lewisham,3159
3/1/2023,Merton,1413
3/1/2023,Newham,3599
3/1/2023,Redbridge,2548
3/1/2023,Richmond upon Thames,1230
3/1/2023,Southwark,3445
3/1/2023,Sutton,1297
3/1/2023,Tower Hamlets,3841
3/1/2023,Waltham Forest,2358
3/1/2023,Wandsworth,2568
3/1/2023,Westminster,7620
4/1/2023,Barking and Dagenham,2263
4/1/2023,Barnet,2806
4/1/2023,Bexley,1771
4/1/2023,Brent,3099
4/1/2023,Bromley,2385
4/1/2023,Camden,3951
4/1/2023,Croydon,3237
4/1/2023,Ealing,2885
4/1/2023,Enfield,2943
4/1/2023,Greenwich,2884
4/1/2023,Hackney,2984
4/1/2023,Hammersmith and Fulham,2200
4/1/2023,Haringey,2983
4/1/2023,Harrow,1613
4/1/2023,Havering,2172
4/1/2023,Hillingdon,2444
4/1/2023,Hounslow,2623
4/1/2023,Islington,2990
4/1/2023,Kensington and Chelsea,2066
4/1/2023,Kingston upon Thames,1158
4/1/2023,Lambeth,3628
4/1/2023,Lewisham,3150
4/1/2023,Merton,1361
4/1/2023,Newham,3598
4/1/2023,Redbridge,2589
4/1/2023,Richmond upon Thames,1132
4/1/2023,Southwark,3470
4/1/2023,Sutton,1340
4/1/2023,Tower Hamlets,3607
4/1/2023,Waltham Forest,2252
4/1/2023,Wandsworth,2467
4/1/2023,Westminster,7445
5/1/2023,Barking and Dagenham,2571
5/1/2023,Barnet,3026
5/1/2023,Bexley,1920
5/1/2023,Brent,3536
5/1/2023,Bromley,2586
5/1/2023,Camden,4120
5/1/2023,Croydon,3607
5/1/2023,Ealing,3521
5/1/2023,Enfield,3306
5/1/2023,Greenwich,3215
5/1/2023,Hackney,3433
5/1/2023,Hammersmith and Fulham,2429
5/1/2023,Haringey,3224
5/1/2023,Harrow,1694
5/1/2023,Havering,2247
5/1/2023,Hillingdon,2548
5/1/2023,Hounslow,3016
5/1/2023,Islington,3055
5/1/2023,Kensington and Chelsea,2281
5/1/2023,Kingston upon Thames,1361
5/1/2023,Lambeth,3797
5/1/2023,Lewisham,3341
5/1/2023,Merton,1532
5/1/2023,Newham,3924
5/1/2023,Redbridge,2761
5/1/2023,Richmond upon Thames,1274
5/1/2023,Southwark,4144
5/1/2023,Sutton,1394
5/1/2023,Tower Hamlets,3766
5/1/2023,Waltham Forest,2377
5/1/2023,Wandsworth,2989
5/1/2023,Westminster,8056
6/1/2023,Barking and Dagenham,2567
6/1/2023,Barnet,3082
6/1/2023,Bexley,1765
6/1/2023,Brent,3737
6/1/2023,Bromley,2515
6/1/2023,Camden,4245
6/1/2023,Croydon,3903
6/1/2023,Ealing,3341
6/1/2023,Enfield,3280
6/1/2023,Greenwich,3366
6/1/2023,Hackney,3663
6/1/2023,Hammersmith and Fulham,2356
6/1/2023,Haringey,3256
6/1/2023,Harrow,1763
6/1/2023,Havering,2384
6/1/2023,Hillingdon,2654
6/1/2023,Hounslow,2923
6/1/2023,Islington,3091
6/1/2023,Kensington and Chelsea,2224
6/1/2023,Kingston upon Thames,1371
6/1/2023,Lambeth,3919
6/1/2023,Lewisham,3713
6/1/2023,Merton,1638
6/1/2023,Newham,4158
6/1/2023,Redbridge,2718
6/1/2023,Richmond upon Thames,1214
6/1/2023,Southwark,4301
6/1/2023,Sutton,1510
6/1/2023,Tower Hamlets,3841
6/1/2023,Waltham Forest,2624
6/1/2023,Wandsworth,3030
6/1/2023,Westminster,8383
7/1/2023,Barking and Dagenham,2514
7/1/2023,Barnet,3109
7/1/2023,Bexley,1867
7/1/2023,Brent,3646
7/1/2023,Bromley,2563
7/1/2023,Camden,4070
7/1/2023,Croydon,3934
7/1/2023,Ealing,3647
7/1/2023,Enfield,3130
7/1/2023,Greenwich,3157
7/1/2023,Hackney,3660
7/1/2023,Hammersmith and Fulham,2338
7/1/2023,Haringey,3494
7/1/2023,Harrow,1615
7/1/2023,Havering,2323
7/1/2023,Hillingdon,2623
7/1/2023,Hounslow,3252
7/1/2023,Islington,3132
7/1/2023,Kensington and Chelsea,2236
7/1/2023,Kingston upon Thames,1314
7/1/2023,Lambeth,3832
7/1/2023,Lewisham,3263
7/1/2023,Merton,1721
7/1/2023,Newham,3984
7/1/2023,Redbridge,2676
7/1/2023,Richmond upon Thames,1267
7/1/2023,Southwark,4012
7/1/2023,Sutton,1606
7/1/2023,Tower Hamlets,4104
7/1/2023,Waltham Forest,2574
7/1/2023,Wandsworth,3035
7/1/2023,Westminster,8597
8/1/2023,Barking and Dagenham,2590
8/1/2023,Barnet,2877
8/1/2023,Bexley,1839
8/1/2023,Brent,3440
8/1/2023,Bromley,2595
8/1/2023,Camden,3756
8/1/2023,Croydon,3878
8/1/2023,Ealing,3454
8/1/2023,Enfield,2956
8/1/2023,Greenwich,3009
8/1/2023,Hackney,3404
8/1/2023,Hammersmith and Fulham,2301
8/1/2023,Haringey,2957
8/1/2023,Harrow,1513
8/1/2023,Havering,2398
8/1/2023,Hillingdon,2504
8/1/2023,Hounslow,3143
8/1/2023,Islington,2917
8/1/2023,Kensington and Chelsea,2891
8/1/2023,Kingston upon Thames,1286
8/1/2023,Lambeth,3775
8/1/2023,Lewisham,3481
8/1/2023,Merton,1499
8/1/2023,Newham,4065
8/1/2023,Redbridge,2642
8/1/2023,Richmond upon Thames,1376
8/1/2023,Southwark,3877
8/1/2023,Sutton,1353
8/1/2023,Tower Hamlets,3839
8/1/2023,Waltham Forest,2469
8/1/2023,Wandsworth,2720
8/1/2023,Westminster,7623
9/1/2023,Barking and Dagenham,2483
9/1/2023,Barnet,3001
9/1/2023,Bexley,1890
9/1/2023,Brent,3463
9/1/2023,Bromley,2644
9/1/2023,Camden,3947
9/1/2023,Croydon,3903
9/1/2023,Ealing,3601
9/1/2023,Enfield,3332
9/1/2023,Greenwich,3252
9/1/2023,Hackney,3403
9/1/2023,Hammersmith and Fulham,2382
9/1/2023,Haringey,3245
9/1/2023,Harrow,1723
9/1/2023,Havering,2413
9/1/2023,Hillingdon,2507
9/1/2023,Hounslow,3375
9/1/2023,Islington,2838
9/1/2023,Kensington and Chelsea,2308
9/1/2023,Kingston upon Thames,1285
9/1/2023,Lambeth,3895
9/1/2023,Lewisham,3353
9/1/2023,Merton,1674
9/1/2023,Newham,4073
9/1/2023,Redbridge,2777
9/1/2023,Richmond upon Thames,1336
9/1/2023,Southwark,3941
9/1/2023,Sutton,1416
9/1/2023,Tower Hamlets,3821
9/1/2023,Waltham Forest,2547
9/1/2023,Wandsworth,2780
9/1/2023,Westminster,7504
10/1/2023,Barking and Dagenham,1957
10/1/2023,Barnet,3553
10/1/2023,Bexley,1831
10/1/2023,Brent,3203
10/1/2023,Bromley,2402
10/1/2023,Camden,4177
10/1/2023,Croydon,3616
10/1/2023,Ealing,3407
10/1/2023,Enfield,3147
10/1/2023,Greenwich,2845
10/1/2023,Hackney,3565
10/1/2023,Hammersmith and Fulham,2392
10/1/2023,Haringey,3234
10/1/2023,Harrow,1580
10/1/2023,Havering,2502
10/1/2023,Hillingdon,2513
10/1/2023,Hounslow,2932
10/1/2023,Islington,2919
10/1/2023,Kensington and Chelsea,2470
10/1/2023,Kingston upon Thames,1306
10/1/2023,Lambeth,3644
10/1/2023,Lewisham,2913
10/1/2023,Merton,1602
10/1/2023,Newham,3946
10/1/2023,Redbridge,2610
10/1/2023,Richmond upon Thames,1165
10/1/2023,Southwark,3636
10/1/2023,Sutton,1403
10/1/2023,Tower Hamlets,4040
10/1/2023,Waltham Forest,2363
10/1/2023,Wandsworth,3074
10/1/2023,Westminster,8644
11/1/2023,Barking and Dagenham,2100
11/1/2023,Barnet,3688
11/1/2023,Bexley,1874
11/1/2023,Brent,3511
11/1/2023,Bromley,2663
11/1/2023,Camden,4376
11/1/2023,Croydon,3845
11/1/2023,Ealing,3516
11/1/2023,Enfield,3076
11/1/2023,Greenwich,3047
11/1/2023,Hackney,3535
11/1/2023,Hammersmith and Fulham,2354
11/1/2023,Haringey,3275
11/1/2023,Harrow,1724
11/1/2023,Havering,2392
11/1/2023,Hillingdon,2499
11/1/2023,Hounslow,3060
11/1/2023,Islington,2853
11/1/2023,Kensington and Chelsea,2465
11/1/2023,Kingston upon Thames,1173
11/1/2023,Lambeth,3688
11/1/2023,Lewisham,3110
11/1/2023,Merton,1421
11/1/2023,Newham,4389
11/1/2023,Redbridge,2630
11/1/2023,Richmond upon Thames,1260
11/1/2023,Southwark,4033
11/1/2023,Sutton,1417
11/1/2023,Tower Hamlets,4371
11/1/2023,Waltham Forest,2595
11/1/2023,Wandsworth,2754
11/1/2023,Westminster,10926
12/1/2023,Barking and Dagenham,2354
12/1/2023,Barnet,3180
12/1/2023,Bexley,1970
12/1/2023,Brent,3489
12/1/2023,Bromley,2437
12/1/2023,Camden,3750
12/1/2023,Croydon,3776
12/1/2023,Ealing,3392
12/1/2023,Enfield,3377
12/1/2023,Greenwich,3125
12/1/2023,Hackney,3604
12/1/2023,Hammersmith and Fulham,2321
12/1/2023,Haringey,3087
12/1/2023,Harrow,1722
12/1/2023,Havering,2255
12/1/2023,Hillingdon,2406
12/1/2023,Hounslow,3046
12/1/2023,Islington,2856
12/1/2023,Kensington and Chelsea,2197
12/1/2023,Kingston upon Thames,1229
12/1/2023,Lambeth,3668
12/1/2023,Lewisham,3176
12/1/2023,Merton,1511
12/1/2023,Newham,4403
12/1/2023,Redbridge,2468
12/1/2023,Richmond upon Thames,1161
12/1/2023,Southwark,3752
12/1/2023,Sutton,1474
12/1/2023,Tower Hamlets,4130
12/1/2023,Waltham Forest,2529
12/1/2023,Wandsworth,2847
12/1/2023,Westminster,10707
1/1/2024,Barking and Dagenham,2301
1/1/2024,Barnet,2998
1/1/2024,Bexley,1857
1/1/2024,Brent,3310
1/1/2024,Bromley,2406
1/1/2024,Camden,3714
1/1/2024,Croydon,3796
1/1/2024,Ealing,3113
1/1/2024,Enfield,3213
1/1/2024,Greenwich,2937
1/1/2024,Hackney,3698
1/1/2024,Hammersmith and Fulham,2351
1/1/2024,Haringey,2765
1/1/2024,Harrow,1712
1/1/2024,Havering,2243
1/1/2024,Hillingdon,2646
1/1/2024,Hounslow,2812
1/1/2024,Islington,2907
1/1/2024,Kensington and Chelsea,2108
1/1/2024,Kingston upon Thames,1236
1/1/2024,Lambeth,3588
1/1/2024,Lewisham,3204
1/1/2024,Merton,1531
1/1/2024,Newham,4051
1/1/2024,Redbridge,2736
1/1/2024,Richmond upon Thames,1174
1/1/2024,Southwark,3927
1/1/2024,Sutton,1564
1/1/2024,Tower Hamlets,3582
1/1/2024,Waltham Forest,2415
1/1/2024,Wandsworth,2759
1/1/2024,Westminster,8461
2/1/2024,Barking and Dagenham,2225
2/1/2024,Barnet,2925
2/1/2024,Bexley,1743
2/1/2024,Brent,3256
2/1/2024,Bromley,2425
2/1/2024,Camden,4288
2/1/2024,Croydon,3659
2/1/2024,Ealing,3478
2/1/2024,Enfield,2879
2/1/2024,Greenwich,2733
2/1/2024,Hackney,3309
2/1/2024,Hammersmith and Fulham,2193
2/1/2024,Haringey,2894
2/1/2024,Harrow,1685
2/1/2024,Havering,2359
2/1/2024,Hillingdon,2532
2/1/2024,Hounslow,2839
2/1/2024,Islington,2878
2/1/2024,Kensington and Chelsea,2223
2/1/2024,Kingston upon Thames,1163
2/1/2024,Lambeth,3730
2/1/2024,Lewisham,3061
2/1/2024,Merton,1435
2/1/2024,Newham,3793
2/1/2024,Redbridge,2536
2/1/2024,Richmond upon Thames,1182
2/1/2024,Southwark,3687
2/1/2024,Sutton,1349
2/1/2024,Tower Hamlets,3550
2/1/2024,Waltham Forest,2398
2/1/2024,Wandsworth,2647
2/1/2024,Westminster,8872
3/1/2024,Barking and Dagenham,2358
3/1/2024,Barnet,2841
3/1/2024,Bexley,1920
3/1/2024,Brent,3429
3/1/2024,Bromley,2548
3/1/2024,Camden,4163
3/1/2024,Croydon,4027
3/1/2024,Ealing,3393
3/1/2024,Enfield,3009
3/1/2024,Greenwich,2832
3/1/2024,Hackney,3435
3/1/2024,Hammersmith and Fulham,2269
3/1/2024,Haringey,2865
3/1/2024,Harrow,1777
3/1/2024,Havering,2161
3/1/2024,Hillingdon,2943
3/1/2024,Hounslow,2771
3/1/2024,Islington,2617
3/1/2024,Kensington and Chelsea,2149
3/1/2024,Kingston upon Thames,1093
3/1/2024,Lambeth,3813
3/1/2024,Lewisham,3193
3/1/2024,Merton,1392
3/1/2024,Newham,4074
3/1/2024,Redbridge,2687
3/1/2024,Richmond upon Thames,1188
3/1/2024,Southwark,3727
3/1/2024,Sutton,1430
3/1/2024,Tower Hamlets,3714
3/1/2024,Waltham Forest,2504
3/1/2024,Wandsworth,2660
3/1/2024,Westminster,8569
4/1/2024,Barking and Dagenham,2103
4/1/2024,Barnet,2771
4/1/2024,Bexley,1815
4/1/2024,Brent,3274
4/1/2024,Bromley,2443
4/1/2024,Camden,3955
4/1/2024,Croydon,3567
4/1/2024,Ealing,3103
4/1/2024,Enfield,3116
4/1/2024,Greenwich,2789
4/1/2024,Hackney,3411
4/1/2024,Hammersmith and Fulham,2023
4/1/2024,Haringey,2942
4/1/2024,Harrow,1632
4/1/2024,Havering,2190
4/1/2024,Hillingdon,2880
4/1/2024,Hounslow,2768
4/1/2024,Islington,2987
4/1/2024,Kensington and Chelsea,2266
4/1/2024,Kingston upon Thames,1141
4/1/2024,Lambeth,3773
4/1/2024,Lewisham,3224
4/1/2024,Merton,1390
4/1/2024,Newham,4205
4/1/2024,Redbridge,2431
4/1/2024,Richmond upon Thames,1124
4/1/2024,Southwark,3746
4/1/2024,Sutton,1279
4/1/2024,Tower Hamlets,3690
4/1/2024,Waltham Forest,2506
4/1/2024,Wandsworth,2549
4/1/2024,Westminster,8081
5/1/2024,Barking and Dagenham,2247
5/1/2024,Barnet,3048
5/1/2024,Bexley,1727
5/1/2024,Brent,3632
5/1/2024,Bromley,2537
5/1/2024,Camden,3967
5/1/2024,Croydon,3894
5/1/2024,Ealing,3256
5/1/2024,Enfield,3340
5/1/2024,Greenwich,3221
5/1/2024,Hackney,3898
5/1/2024,Hammersmith and Fulham,2258
5/1/2024,Haringey,3198
5/1/2024,Harrow,1767
5/1/2024,Havering,2274
5/1/2024,Hillingdon,3024
5/1/2024,Hounslow,2684
5/1/2024,Islington,3233
5/1/2024,Kensington and Chelsea,2205
5/1/2024,Kingston upon Thames,1103
5/1/2024,Lambeth,4207
5/1/2024,Lewisham,3467
5/1/2024,Merton,1489
5/1/2024,Newham,4188
5/1/2024,Redbridge,2829
5/1/2024,Richmond upon Thames,1341
5/1/2024,Southwark,3963
5/1/2024,Sutton,1586
5/1/2024,Tower Hamlets,4061
5/1/2024,Waltham Forest,2791
5/1/2024,Wandsworth,2770
5/1/2024,Westminster,7839
6/1/2024,Barking and Dagenham,2146
6/1/2024,Barnet,3036
6/1/2024,Bexley,1907
6/1/2024,Brent,3724
6/1/2024,Bromley,2489
6/1/2024,Camden,4477
6/1/2024,Croydon,3864
6/1/2024,Ealing,3450
6/1/2024,Enfield,3180
6/1/2024,Greenwich,3006
6/1/2024,Hackney,3296
6/1/2024,Hammersmith and Fulham,2134
6/1/2024,Haringey,3058
6/1/2024,Harrow,1537
6/1/2024,Havering,2200
6/1/2024,Hillingdon,3213
6/1/2024,Hounslow,2862
6/1/2024,Islington,3096
6/1/2024,Kensington and Chelsea,2225
6/1/2024,Kingston upon Thames,1192
6/1/2024,Lambeth,4347
6/1/2024,Lewisham,3318
6/1/2024,Merton,1485
6/1/2024,Newham,4164
6/1/2024,Redbridge,2735
6/1/2024,Richmond upon Thames,1353
6/1/2024,Southwark,3991
6/1/2024,Sutton,1395
6/1/2024,Tower Hamlets,3722
6/1/2024,Waltham Forest,2721
6/1/2024,Wandsworth,2779
6/1/2024,Westminster,8242
7/1/2024,Barking and Dagenham,2221
7/1/2024,Barnet,3231
7/1/2024,Bexley,1906
7/1/2024,Brent,3615
7/1/2024,Bromley,2680
7/1/2024,Camden,4494
7/1/2024,Croydon,4036
7/1/2024,Ealing,3561
7/1/2024,Enfield,3206
7/1/2024,Greenwich,2999
7/1/2024,Hackney,3377
7/1/2024,Hammersmith and Fulham,2281
7/1/2024,Haringey,3267
7/1/2024,Harrow,1772
7/1/2024,Havering,2314
7/1/2024,Hillingdon,3455
7/1/2024,Hounslow,3264
7/1/2024,Islington,3205
7/1/2024,Kensington and Chelsea,2167
7/1/2024,Kingston upon Thames,1365
7/1/2024,Lambeth,4195
7/1/2024,Lewisham,3629
7/1/2024,Merton,1668
7/1/2024,Newham,4303
7/1/2024,Redbridge,2770
7/1/2024,Richmond upon Thames,1369
7/1/2024,Southwark,4016
7/1/2024,Sutton,1604
7/1/2024,Tower Hamlets,4148
7/1/2024,Waltham Forest,2722
7/1/2024,Wandsworth,2876
7/1/2024,Westminster,8079
8/1/2024,Barking and Dagenham,2281
8/1/2024,Barnet,3073
8/1/2024,Bexley,1852
8/1/2024,Brent,3435
8/1/2024,Bromley,2766
8/1/2024,Camden,4044
8/1/2024,Croydon,4197
8/1/2024,Ealing,3294
8/1/2024,Enfield,3190
8/1/2024,Greenwich,3135
8/1/2024,Hackney,3681
8/1/2024,Hammersmith and Fulham,2424
8/1/2024,Haringey,3063
8/1/2024,Harrow,1774
8/1/2024,Havering,2346
8/1/2024,Hillingdon,3276
8/1/2024,Hounslow,2928
8/1/2024,Islington,3219
8/1/2024,Kensington and Chelsea,2852
8/1/2024,Kingston upon Thames,1287
8/1/2024,Lambeth,4304
8/1/2024,Lewisham,3374
8/1/2024,Merton,1654
8/1/2024,Newham,4361
8/1/2024,Redbridge,2518
8/1/2024,Richmond upon Thames,1324
8/1/2024,Southwark,4077
8/1/2024,Sutton,1460
8/1/2024,Tower Hamlets,4537
8/1/2024,Waltham Forest,2676
8/1/2024,Wandsworth,2877
8/1/2024,Westminster,7702
9/1/2024,Barking and Dagenham,2341
9/1/2024,Barnet,3047
9/1/2024,Bexley,1616
9/1/2024,Brent,3559
9/1/2024,Bromley,2593
9/1/2024,Camden,4071
9/1/2024,Croydon,3807
9/1/2024,Ealing,3250
9/1/2024,Enfield,3487
9/1/2024,Greenwich,3137
9/1/2024,Hackney,3532
9/1/2024,Hammersmith and Fulham,2204
9/1/2024,Haringey,3038
9/1/2024,Harrow,1923
9/1/2024,Havering,2125
9/1/2024,Hillingdon,2945
9/1/2024,Hounslow,2796
9/1/2024,Islington,3218
9/1/2024,Kensington and Chelsea,2178
9/1/2024,Kingston upon Thames,1113
9/1/2024,Lambeth,4185
9/1/2024,Lewisham,3179
9/1/2024,Merton,1583
9/1/2024,Newham,4203
9/1/2024,Redbridge,2363
9/1/2024,Richmond upon Thames,1219
9/1/2024,Southwark,4211
9/1/2024,Sutton,1446
9/1/2024,Tower Hamlets,3840
9/1/2024,Waltham Forest,2549
9/1/2024,Wandsworth,2688
9/1/2024,Westminster,7328
10/1/2024,Barking and Dagenham,2474
10/1/2024,Barnet,3182
10/1/2024,Bexley,1833
10/1/2024,Brent,3511
10/1/2024,Bromley,2542
10/1/2024,Camden,4387
10/1/2024,Croydon,4016
10/1/2024,Ealing,3472
10/1/2024,Enfield,3454
10/1/2024,Greenwich,3121
10/1/2024,Hackney,3698
10/1/2024,Hammersmith and Fulham,2428
10/1/2024,Haringey,3203
10/1/2024,Harrow,2015
10/1/2024,Havering,2147
10/1/2024,Hillingdon,3235
10/1/2024,Hounslow,3010
10/1/2024,Islington,3270
10/1/2024,Kensington and Chelsea,2376
10/1/2024,Kingston upon Thames,1164
10/1/2024,Lambeth,4219
10/1/2024,Lewisham,3315
10/1/2024,Merton,1466
10/1/2024,Newham,4478
10/1/2024,Redbridge,2685
10/1/2024,Richmond upon Thames,1284
10/1/2024,Southwark,4609
10/1/2024,Sutton,1521
10/1/2024,Tower Hamlets,3990
10/1/2024,Waltham Forest,2804
10/1/2024,Wandsworth,2633
10/1/2024,Westminster,8766
11/1/2024,Barking and Dagenham,2388
11/1/2024,Barnet,3302
11/1/2024,Bexley,1806
11/1/2024,Brent,3331
11/1/2024,Bromley,2606
11/1/2024,Camden,4578
11/1/2024,Croydon,3832
11/1/2024,Ealing,3609
11/1/2024,Enfield,3454
11/1/2024,Greenwich,3115
11/1/2024,Hackney,3570
11/1/2024,Hammersmith and Fulham,2412
11/1/2024,Haringey,3025
11/1/2024,Harrow,1825
11/1/2024,Havering,2263
11/1/2024,Hillingdon,3175
11/1/2024,Hounslow,2859
11/1/2024,Islington,3172
11/1/2024,Kensington and Chelsea,2394
11/1/2024,Kingston upon Thames,1128
11/1/2024,Lambeth,3775
11/1/2024,Lewisham,3247
11/1/2024,Merton,1495
11/1/2024,Newham,4282
11/1/2024,Redbridge,2624
11/1/2024,Richmond upon Thames,1430
11/1/2024,Southwark,4257
11/1/2024,Sutton,1368
11/1/2024,Tower Hamlets,3816
11/1/2024,Waltham Forest,2772
11/1/2024,Wandsworth,2703
11/1/2024,Westminster,9818
12/1/2024,Barking and Dagenham,2166
12/1/2024,Barnet,2717
12/1/2024,Bexley,1567
12/1/2024,Brent,3274
12/1/2024,Bromley,2591
12/1/2024,Camden,4279
12/1/2024,Croydon,3849
12/1/2024,Ealing,3104
12/1/2024,Enfield,3141
12/1/2024,Greenwich,2970
12/1/2024,Hackney,3285
12/1/2024,Hammersmith and Fulham,2172
12/1/2024,Haringey,2774
12/1/2024,Harrow,1896
12/1/2024,Havering,1873
12/1/2024,Hillingdon,3012
12/1/2024,Hounslow,2882
12/1/2024,Islington,3093
12/1/2024,Kensington and Chelsea,2252
12/1/2024,Kingston upon Thames,1124
12/1/2024,Lambeth,3634
12/1/2024,Lewisham,3167
12/1/2024,Merton,1426
12/1/2024,Newham,4071
12/1/2024,Redbridge,2441
12/1/2024,Richmond upon Thames,1164
12/1/2024,Southwark,4120
12/1/2024,Sutton,1409
12/1/2024,Tower Hamlets,3647
12/1/2024,Waltham Forest,2509
12/1/2024,Wandsworth,2645
12/1/2024,Westminster,10135
1/1/2025,Barking and Dagenham,2118
1/1/2025,Barnet,3018
1/1/2025,Bexley,1718
1/1/2025,Brent,3233
1/1/2025,Bromley,2546
1/1/2025,Camden,3919
1/1/2025,Croydon,3726
1/1/2025,Ealing,3456
1/1/2025,Enfield,3291
1/1/2025,Greenwich,2791
1/1/2025,Hackney,3143
1/1/2025,Hammersmith and Fulham,2131
1/1/2025,Haringey,2860
1/1/2025,Harrow,1697
1/1/2025,Havering,1974
1/1/2025,Hillingdon,3081
1/1/2025,Hounslow,2710
1/1/2025,Islington,3235
1/1/2025,Kensington and Chelsea,2094
1/1/2025,Kingston upon Thames,1211
1/1/2025,Lambeth,3599
1/1/2025,Lewisham,2883
1/1/2025,Merton,1408
1/1/2025,Newham,4012
1/1/2025,Redbridge,2566
1/1/2025,Richmond upon Thames,1146
1/1/2025,Southwark,3974
1/1/2025,Sutton,1335
1/1/2025,Tower Hamlets,3545
1/1/2025,Waltham Forest,2308
1/1/2025,Wandsworth,2619
1/1/2025,Westminster,7880
2/1/2025,Barking and Dagenham,1845
2/1/2025,Barnet,2754
2/1/2025,Bexley,1675
2/1/2025,Brent,3016
2/1/2025,Bromley,2375
2/1/2025,Camden,4067
2/1/2025,Croydon,3475
2/1/2025,Ealing,3142
2/1/2025,Enfield,2840
2/1/2025,Greenwich,2717
2/1/2025,Hackney,2915
2/1/2025,Hammersmith and Fulham,2065
2/1/2025,Haringey,2759
2/1/2025,Harrow,1648
2/1/2025,Havering,1761
2/1/2025,Hillingdon,2996
2/1/2025,Hounslow,2466
2/1/2025,Islington,2828
2/1/2025,Kensington and Chelsea,2071
2/1/2025,Kingston upon Thames,1139
2/1/2025,Lambeth,3353
2/1/2025,Lewisham,2886
2/1/2025,Merton,1267
2/1/2025,Newham,3819
2/1/2025,Redbridge,2250
2/1/2025,Richmond upon Thames,1028
2/1/2025,Southwark,3653
2/1/2025,Sutton,1253
2/1/2025,Tower Hamlets,3211
2/1/2025,Waltham Forest,2241
2/1/2025,Wandsworth,2393
2/1/2025,Westminster,7852
3/1/2025,Barking and Dagenham,2382
3/1/2025,Barnet,3207
3/1/2025,Bexley,1779
3/1/2025,Brent,3405
3/1/2025,Bromley,2481
3/1/2025,Camden,4067
3/1/2025,Croydon,3802
3/1/2025,Ealing,3485
3/1/2025,Enfield,3112
3/1/2025,Greenwich,3009
3/1/2025,Hackney,3455
3/1/2025,Hammersmith and Fulham,2191
3/1/2025,Haringey,3023
3/1/2025,Harrow,1679
3/1/2025,Havering,2172
3/1/2025,Hillingdon,3155
3/1/2025,Hounslow,2656
3/1/2025,Islington,3320
3/1/2025,Kensington and Chelsea,2171
3/1/2025,Kingston upon Thames,1243
3/1/2025,Lambeth,3570
3/1/2025,Lewisham,2934
3/1/2025,Merton,1506
3/1/2025,Newham,4206
3/1/2025,Redbridge,2469
3/1/2025,Richmond upon Thames,1242
3/1/2025,Southwark,4095
3/1/2025,Sutton,1460
3/1/2025,Tower Hamlets,3872
3/1/2025,Waltham Forest,2629
3/1/2025,Wandsworth,2647
3/1/2025,Westminster,7863
4/1/2025,Barking and Dagenham,2425
4/1/2025,Barnet,2912
4/1/2025,Bexley,1658
4/1/2025,Brent,3133
4/1/2025,Bromley,2554
4/1/2025,Camden,3931
4/1/2025,Croydon,3701
4/1/2025,Ealing,3330
4/1/2025,Enfield,2938
4/1/2025,Greenwich,3074
4/1/2025,Hackney,3077
4/1/2025,Hammersmith and Fulham,2266
4/1/2025,Haringey,2952
4/1/2025,Harrow,1616
4/1/2025,Havering,2078
4/1/2025,Hillingdon,3050
4/1/2025,Hounslow,2767
4/1/2025,Islington,3283
4/1/2025,Kensington and Chelsea,2128
4/1/2025,Kingston upon Thames,1199
4/1/2025,Lambeth,3870
4/1/2025,Lewisham,3225
4/1/2025,Merton,1515
4/1/2025,Newham,4051
4/1/2025,Redbridge,2601
4/1/2025,Richmond upon Thames,1249
4/1/2025,Southwark,3718
4/1/2025,Sutton,1554
4/1/2025,Tower Hamlets,3764
4/1/2025,Waltham Forest,2544
4/1/2025,Wandsworth,2657
4/1/2025,Westminster,7672
5/1/2025,Barking and Dagenham,2285
5/1/2025,Barnet,3213
5/1/2025,Bexley,1842
5/1/2025,Brent,3618
5/1/2025,Bromley,2567
5/1/2025,Camden,4051
5/1/2025,Croydon,3987
5/1/2025,Ealing,3338
5/1/2025,Enfield,3033
5/1/2025,Greenwich,3262
5/1/2025,Hackney,3634
5/1/2025,Hammersmith and Fulham,2519
5/1/2025,Haringey,3342
5/1/2025,Harrow,1786
5/1/2025,Havering,2186
5/1/2025,Hillingdon,3209
5/1/2025,Hounslow,2999
5/1/2025,Islington,3510
5/1/2025,Kensington and Chelsea,2268
5/1/2025,Kingston upon Thames,1228
5/1/2025,Lambeth,3991
5/1/2025,Lewisham,3418
5/1/2025,Merton,1532
5/1/2025,Newham,4361
5/1/2025,Redbridge,2662
5/1/2025,Richmond upon Thames,1411
5/1/2025,Southwark,4127
5/1/2025,Sutton,1580
5/1/2025,Tower Hamlets,3954
5/1/2025,Waltham Forest,2680
5/1/2025,Wandsworth,2820
5/1/2025,Westminster,7542
6/1/2025,Barking and Dagenham,2443
6/1/2025,Barnet,3072
6/1/2025,Bexley,1771
6/1/2025,Brent,3662
6/1/2025,Bromley,2598
6/1/2025,Camden,4063
6/1/2025,Croydon,3840
6/1/2025,Ealing,3597
6/1/2025,Enfield,3201
6/1/2025,Greenwich,3172
6/1/2025,Hackney,3719
6/1/2025,Hammersmith and Fulham,2294
6/1/2025,Haringey,3320
6/1/2025,Harrow,1843
6/1/2025,Havering,2222
6/1/2025,Hillingdon,3352
6/1/2025,Hounslow,3156
6/1/2025,Islington,3236
6/1/2025,Kensington and Chelsea,2337
6/1/2025,Kingston upon Thames,1206
6/1/2025,Lambeth,4150
6/1/2025,Lewisham,3229
6/1/2025,Merton,1487
6/1/2025,Newham,4142
6/1/2025,Redbridge,2715
6/1/2025,Richmond upon Thames,1351
6/1/2025,Southwark,4313
6/1/2025,Sutton,1494
6/1/2025,Tower Hamlets,4035
6/1/2025,Waltham Forest,2508
6/1/2025,Wandsworth,3133
6/1/2025,Westminster,7840
7/1/2025,Barking and Dagenham,2387
7/1/2025,Barnet,3325
7/1/2025,Bexley,1774
7/1/2025,Brent,3953
7/1/2025,Bromley,2792
7/1/2025,Camden,4396
7/1/2025,Croydon,4166
7/1/2025,Ealing,3726
7/1/2025,Enfield,3409
7/1/2025,Greenwich,3296
7/1/2025,Hackney,4023
7/1/2025,Hammersmith and Fulham,2321
7/1/2025,Haringey,3663
7/1/2025,Harrow,1851
7/1/2025,Havering,2349
7/1/2025,Hillingdon,3515
7/1/2025,Hounslow,3310
7/1/2025,Islington,3322
7/1/2025,Kensington and Chelsea,2337
7/1/2025,Kingston upon Thames,1442
7/1/2025,Lambeth,4346
7/1/2025,Lewisham,3468
7/1/2025,Merton,1706
7/1/2025,Newham,4492
7/1/2025,Redbridge,2786
7/1/2025,Richmond upon Thames,1388
7/1/2025,Southwark,4348
7/1/2025,Sutton,1609
7/1/2025,Tower Hamlets,4439
7/1/2025,Waltham Forest,2609
7/1/2025,Wandsworth,3157
7/1/2025,Westminster,8094
8/1/2025,Barking and Dagenham,2215
8/1/2025,Barnet,2911
8/1/2025,Bexley,1748
8/1/2025,Brent,3765
8/1/2025,Bromley,2646
8/1/2025,Camden,4114
8/1/2025,Croydon,3899
8/1/2025,Ealing,3451
8/1/2025,Enfield,2821
8/1/2025,Greenwich,3275
8/1/2025,Hackney,3670
8/1/2025,Hammersmith and Fulham,2323
8/1/2025,Haringey,3255
8/1/2025,Harrow,1786
8/1/2025,Havering,2228
8/1/2025,Hillingdon,3382
8/1/2025,Hounslow,3003
8/1/2025,Islington,3145
8/1/2025,Kensington and Chelsea,3129
8/1/2025,Kingston upon Thames,1208
8/1/2025,Lambeth,4071
8/1/2025,Lewisham,3201
8/1/2025,Merton,1473
8/1/2025,Newham,4099
8/1/2025,Redbridge,2675
8/1/2025,Richmond upon Thames,1224
8/1/2025,Southwark,4213
8/1/2025,Sutton,1435
8/1/2025,Tower Hamlets,4262
8/1/2025,Waltham Forest,2298
8/1/2025,Wandsworth,3094
8/1/2025,Westminster,7671
9/1/2025,Barking and Dagenham,2238
9/1/2025,Barnet,3121
9/1/2025,Bexley,1663
9/1/2025,Brent,3439
9/1/2025,Bromley,2396
9/1/2025,Camden,3990
9/1/2025,Croydon,3484
9/1/2025,Ealing,3111
9/1/2025,Enfield,2963
9/1/2025,Greenwich,2915
9/1/2025,Hackney,3458
9/1/2025,Hammersmith and Fulham,2071
9/1/2025,Haringey,2874
9/1/2025,Harrow,1760
9/1/2025,Havering,2020
9/1/2025,Hillingdon,3296
9/1/2025,Hounslow,2805
9/1/2025,Islington,3151
9/1/2025,Kensington and Chelsea,1968
9/1/2025,Kingston upon Thames,1140
9/1/2025,Lambeth,3781
9/1/2025,Lewisham,2946
9/1/2025,Merton,1347
9/1/2025,Newham,3993
9/1/2025,Redbridge,2613
9/1/2025,Richmond upon Thames,1080
9/1/2025,Southwark,3848
9/1/2025,Sutton,1488
9/1/2025,Tower Hamlets,3933
9/1/2025,Waltham Forest,2348
9/1/2025,Wandsworth,2658
9/1/2025,Westminster,7054
10/1/2025,Barking and Dagenham,2229
10/1/2025,Barnet,3235
10/1/2025,Bexley,1750
10/1/2025,Brent,3701
10/1/2025,Bromley,2413
10/1/2025,Camden,3989
10/1/2025,Croydon,3406
10/1/2025,Ealing,3498
10/1/2025,Enfield,3232
10/1/2025,Greenwich,2980
10/1/2025,Hackney,3336
10/1/2025,Hammersmith and Fulham,2208
10/1/2025,Haringey,2931
10/1/2025,Harrow,1884
10/1/2025,Havering,2001
10/1/2025,Hillingdon,3224
10/1/2025,Hounslow,2920
10/1/2025,Islington,3175
10/1/2025,Kensington and Chelsea,2272
10/1/2025,Kingston upon Thames,1367
10/1/2025,Lambeth,3721
10/1/2025,Lewisham,3244
10/1/2025,Merton,1356
10/1/2025,Newham,4482
10/1/2025,Redbridge,2786
10/1/2025,Richmond upon Thames,1181
10/1/2025,Southwark,4045
10/1/2025,Sutton,1513
10/1/2025,Tower Hamlets,4084
10/1/2025,Waltham Forest,2339
10/1/2025,Wandsworth,3015
10/1/2025,Westminster,7482
11/1/2025,Barking and Dagenham,2306
11/1/2025,Barnet,2912
11/1/2025,Bexley,1638
11/1/2025,Brent,3277
11/1/2025,Bromley,2503
11/1/2025,Camden,4035
11/1/2025,Croydon,3358
11/1/2025,Ealing,3452
11/1/2025,Enfield,3026
11/1/2025,Greenwich,2828
11/1/2025,Hackney,3156
11/1/2025,Hammersmith and Fulham,2052
11/1/2025,Haringey,3095
11/1/2025,Harrow,1805
11/1/2025,Havering,2006
11/1/2025,Hillingdon,3200
11/1/2025,Hounslow,2862
11/1/2025,Islington,3021
11/1/2025,Kensington and Chelsea,1973
11/1/2025,Kingston upon Thames,1283
11/1/2025,Lambeth,3673
11/1/2025,Lewisham,3182
11/1/2025,Merton,1379
11/1/2025,Newham,4220
11/1/2025,Redbridge,2596
11/1/2025,Richmond upon Thames,1092
11/1/2025,Southwark,3900
11/1/2025,Sutton,1493
11/1/2025,Tower Hamlets,3842
11/1/2025,Waltham Forest,2410
11/1/2025,Wandsworth,2543
11/1/2025,Westminster,8269
12/1/2025,Barking and Dagenham,2132
12/1/2025,Barnet,2927
12/1/2025,Bexley,1710
12/1/2025,Brent,3111
12/1/2025,Bromley,2359
12/1/2025,Camden,3699
12/1/2025,Croydon,3387
12/1/2025,Ealing,3220
12/1/2025,Enfield,2838
12/1/2025,Greenwich,2827
12/1/2025,Hackney,3184
12/1/2025,Hammersmith and Fulham,2023
12/1/2025,Haringey,2723
12/1/2025,Harrow,1609
12/1/2025,Havering,2047
12/1/2025,Hillingdon,2975
12/1/2025,Hounslow,2532
12/1/2025,Islington,2887
12/1/2025,Kensington and Chelsea,1979
12/1/2025,Kingston upon Thames,1181
12/1/2025,Lambeth,3642
12/1/2025,Lewisham,2971
12/1/2025,Merton,1478
12/1/2025,Newham,4150
12/1/2025,Redbridge,2652
12/1/2025,Richmond upon Thames,1079
12/1/2025,Southwark,3779
12/1/2025,Sutton,1303
12/1/2025,Tower Hamlets,3763
12/1/2025,Waltham Forest,2297
12/1/2025,Wandsworth,2508
12/1/2025,Westminster,8368
1/1/2026,Barking and Dagenham,2096
1/1/2026,Barnet,2969
1/1/2026,Bexley,1519
1/1/2026,Brent,2994
1/1/2026,Bromley,2203
1/1/2026,Camden,3441
1/1/2026,Croydon,3669
1/1/2026,Ealing,2954
1/1/2026,Enfield,2955
1/1/2026,Greenwich,2805
1/1/2026,Hackney,3074
1/1/2026,Hammersmith and Fulham,2003
1/1/2026,Haringey,2476
1/1/2026,Harrow,1648
1/1/2026,Havering,1921
1/1/2026,Hillingdon,3106
1/1/2026,Hounslow,2773
1/1/2026,Islington,2896
1/1/2026,Kensington and Chelsea,1914
1/1/2026,Kingston upon Thames,1090
1/1/2026,Lambeth,3545
1/1/2026,Lewisham,2988
1/1/2026,Merton,1308
1/1/2026,Newham,4220
1/1/2026,Redbridge,2462
1/1/2026,Richmond upon Thames,1100
1/1/2026,Southwark,3652
1/1/2026,Sutton,1296
1/1/2026,Tower Hamlets,3308
1/1/2026,Waltham Forest,2366
1/1/2026,Wandsworth,2530
1/1/2026,Westminster,6681
2/1/2026,Barking and Dagenham,1892
2/1/2026,Barnet,3016
2/1/2026,Bexley,1502
2/1/2026,Brent,3084
2/1/2026,Bromley,2299
2/1/2026,Camden,3573
2/1/2026,Croydon,3168
2/1/2026,Ealing,3102
2/1/2026,Enfield,2971
2/1/2026,Greenwich,2790
2/1/2026,Hackney,2794
2/1/2026,Hammersmith and Fulham,1825
2/1/2026,Haringey,2345
2/1/2026,Harrow,1723
2/1/2026,Havering,1848
2/1/2026,Hillingdon,2848
2/1/2026,Hounslow,2466
2/1/2026,Islington,2793
2/1/2026,Kensington and Chelsea,1700
2/1/2026,Kingston upon Thames,1166
2/1/2026,Lambeth,3358
2/1/2026,Lewisham,2846
2/1/2026,Merton,1249
2/1/2026,Newham,3809
2/1/2026,Redbridge,2303
2/1/2026,Richmond upon Thames,1046
2/1/2026,Southwark,3639
2/1/2026,Sutton,1252
2/1/2026,Tower Hamlets,3324
2/1/2026,Waltham Forest,2229
2/1/2026,Wandsworth,2434
2/1/2026,Westminster,6052
