date,quarter,borough,metric,crime_count,population_2021,crime_per_100k,perception_value,crime_bin,perc_bin,color
4/1/2015,Q1_1516,Barking and Dagenham,Good job,1499,218869,684.8845657,0.61,high,low,#5ac8c8
4/1/2015,Q1_1516,Barking and Dagenham,Fair treatment,1499,218869,684.8845657,0.76,high,med,#5698b9
4/1/2016,Q1_1617,Barking and Dagenham,Good job,1308,218869,597.6177531,0.72,med,med,#a5add3
4/1/2016,Q1_1617,Barking and Dagenham,Trust MPS,1308,218869,597.6177531,0.85,med,low,#ace4e4
4/1/2016,Q1_1617,Barking and Dagenham,Fair treatment,1308,218869,597.6177531,0.79,med,high,#8c62aa
4/1/2017,Q1_1718,Barking and Dagenham,Good job,6234,218869,2848.279108,0.68,med,med,#a5add3
4/1/2017,Q1_1718,Barking and Dagenham,Trust MPS,6234,218869,2848.279108,0.91,med,high,#8c62aa
4/1/2017,Q1_1718,Barking and Dagenham,Fair treatment,6234,218869,2848.279108,0.86,med,high,#8c62aa
4/1/2018,Q1_1819,Barking and Dagenham,Good job,5843,218869,2669.633434,0.59,med,low,#ace4e4
4/1/2018,Q1_1819,Barking and Dagenham,Trust MPS,5843,218869,2669.633434,0.84,med,low,#ace4e4
4/1/2018,Q1_1819,Barking and Dagenham,Fair treatment,5843,218869,2669.633434,0.84,med,high,#8c62aa
4/1/2019,Q1_1920,Barking and Dagenham,Good job,6754,218869,3085.864147,0.57,med,low,#ace4e4
4/1/2019,Q1_1920,Barking and Dagenham,Trust MPS,6754,218869,3085.864147,0.82,med,low,#ace4e4
4/1/2019,Q1_1920,Barking and Dagenham,Fair treatment,6754,218869,3085.864147,0.76,med,med,#a5add3
4/1/2020,Q1_2021,Barking and Dagenham,Good job,5887,218869,2689.736783,0.61,med,med,#a5add3
4/1/2020,Q1_2021,Barking and Dagenham,Trust MPS,5887,218869,2689.736783,0.86,med,med,#a5add3
4/1/2020,Q1_2021,Barking and Dagenham,Fair treatment,5887,218869,2689.736783,0.76,med,med,#a5add3
4/1/2021,Q1_2122,Barking and Dagenham,Good job,6344,218869,2898.537481,0.47,med,low,#ace4e4
4/1/2021,Q1_2122,Barking and Dagenham,Trust MPS,6344,218869,2898.537481,0.81,med,med,#a5add3
4/1/2021,Q1_2122,Barking and Dagenham,Fair treatment,6344,218869,2898.537481,0.66,med,low,#ace4e4
4/1/2022,Q1_2223,Barking and Dagenham,Good job,6452,218869,2947.882066,0.47,med,low,#ace4e4
4/1/2022,Q1_2223,Barking and Dagenham,Trust MPS,6452,218869,2947.882066,0.75,med,med,#a5add3
4/1/2022,Q1_2223,Barking and Dagenham,Fair treatment,6452,218869,2947.882066,0.7,med,high,#8c62aa
4/1/2023,Q1_2324,Barking and Dagenham,Good job,7401,218869,3381.474763,0.49,med,med,#a5add3
4/1/2023,Q1_2324,Barking and Dagenham,Trust MPS,7401,218869,3381.474763,0.71,med,med,#a5add3
4/1/2023,Q1_2324,Barking and Dagenham,Fair treatment,7401,218869,3381.474763,0.66,med,med,#a5add3
4/1/2024,Q1_2425,Barking and Dagenham,Good job,6496,218869,2967.985416,0.43,med,low,#ace4e4
4/1/2024,Q1_2425,Barking and Dagenham,Trust MPS,6496,218869,2967.985416,0.74,med,med,#a5add3
4/1/2024,Q1_2425,Barking and Dagenham,Fair treatment,6496,218869,2967.985416,0.64,med,med,#a5add3
4/1/2025,Q1_2526,Barking and Dagenham,Good job,7153,218869,3268.164975,0.43,med,low,#ace4e4
4/1/2025,Q1_2526,Barking and Dagenham,Trust MPS,7153,218869,3268.164975,0.77,med,high,#8c62aa
4/1/2025,Q1_2526,Barking and Dagenham,Fair treatment,7153,218869,3268.164975,0.69,med,high,#8c62aa
7/1/2015,Q2_1516,Barking and Dagenham,Good job,1508,218869,688.9966144,0.61,high,low,#5ac8c8
7/1/2015,Q2_1516,Barking and Dagenham,Fair treatment,1508,218869,688.9966144,0.76,high,med,#5698b9
7/1/2016,Q2_1617,Barking and Dagenham,Good job,1430,218869,653.3588585,0.77,med,high,#8c62aa
7/1/2016,Q2_1617,Barking and Dagenham,Trust MPS,1430,218869,653.3588585,0.86,med,low,#ace4e4
7/1/2016,Q2_1617,Barking and Dagenham,Fair treatment,1430,218869,653.3588585,0.79,med,med,#a5add3
7/1/2017,Q2_1718,Barking and Dagenham,Good job,6385,218869,2917.270148,0.65,med,low,#ace4e4
7/1/2017,Q2_1718,Barking and Dagenham,Trust MPS,6385,218869,2917.270148,0.9,med,high,#8c62aa
7/1/2017,Q2_1718,Barking and Dagenham,Fair treatment,6385,218869,2917.270148,0.88,med,high,#8c62aa
7/1/2018,Q2_1819,Barking and Dagenham,Good job,5857,218869,2676.029954,0.59,med,low,#ace4e4
7/1/2018,Q2_1819,Barking and Dagenham,Trust MPS,5857,218869,2676.029954,0.82,med,low,#ace4e4
7/1/2018,Q2_1819,Barking and Dagenham,Fair treatment,5857,218869,2676.029954,0.82,med,high,#8c62aa
7/1/2019,Q2_1920,Barking and Dagenham,Good job,6606,218869,3018.24379,0.57,med,low,#ace4e4
7/1/2019,Q2_1920,Barking and Dagenham,Trust MPS,6606,218869,3018.24379,0.84,med,med,#a5add3
7/1/2019,Q2_1920,Barking and Dagenham,Fair treatment,6606,218869,3018.24379,0.79,med,med,#a5add3
7/1/2020,Q2_2021,Barking and Dagenham,Good job,6546,218869,2990.830131,0.59,med,med,#a5add3
7/1/2020,Q2_2021,Barking and Dagenham,Trust MPS,6546,218869,2990.830131,0.85,med,high,#8c62aa
7/1/2020,Q2_2021,Barking and Dagenham,Fair treatment,6546,218869,2990.830131,0.73,med,med,#a5add3
7/1/2021,Q2_2122,Barking and Dagenham,Good job,6423,218869,2934.632132,0.44,med,low,#ace4e4
7/1/2021,Q2_2122,Barking and Dagenham,Trust MPS,6423,218869,2934.632132,0.77,med,med,#a5add3
7/1/2021,Q2_2122,Barking and Dagenham,Fair treatment,6423,218869,2934.632132,0.66,med,med,#a5add3
7/1/2022,Q2_2223,Barking and Dagenham,Good job,6364,218869,2907.675367,0.5,med,med,#a5add3
7/1/2022,Q2_2223,Barking and Dagenham,Trust MPS,6364,218869,2907.675367,0.77,med,high,#8c62aa
7/1/2022,Q2_2223,Barking and Dagenham,Fair treatment,6364,218869,2907.675367,0.71,med,high,#8c62aa
7/1/2023,Q2_2324,Barking and Dagenham,Good job,7587,218869,3466.457104,0.47,high,med,#5698b9
7/1/2023,Q2_2324,Barking and Dagenham,Trust MPS,7587,218869,3466.457104,0.69,high,med,#5698b9
7/1/2023,Q2_2324,Barking and Dagenham,Fair treatment,7587,218869,3466.457104,0.63,high,med,#5698b9
7/1/2024,Q2_2425,Barking and Dagenham,Good job,6843,218869,3126.52774,0.42,med,low,#ace4e4
7/1/2024,Q2_2425,Barking and Dagenham,Trust MPS,6843,218869,3126.52774,0.75,med,med,#a5add3
7/1/2024,Q2_2425,Barking and Dagenham,Fair treatment,6843,218869,3126.52774,0.67,med,high,#8c62aa
7/1/2025,Q2_2526,Barking and Dagenham,Good job,6840,218869,3125.157057,0.46,med,med,#a5add3
7/1/2025,Q2_2526,Barking and Dagenham,Trust MPS,6840,218869,3125.157057,0.77,med,med,#a5add3
7/1/2025,Q2_2526,Barking and Dagenham,Fair treatment,6840,218869,3125.157057,0.69,med,med,#a5add3
10/1/2015,Q3_1516,Barking and Dagenham,Good job,1269,218869,579.7988751,0.66,med,med,#a5add3
10/1/2015,Q3_1516,Barking and Dagenham,Fair treatment,1269,218869,579.7988751,0.76,med,med,#a5add3
10/1/2016,Q3_1617,Barking and Dagenham,Good job,1260,218869,575.6868264,0.76,med,high,#8c62aa
10/1/2016,Q3_1617,Barking and Dagenham,Trust MPS,1260,218869,575.6868264,0.88,med,med,#a5add3
10/1/2016,Q3_1617,Barking and Dagenham,Fair treatment,1260,218869,575.6868264,0.82,med,high,#8c62aa
10/1/2017,Q3_1718,Barking and Dagenham,Good job,5899,218869,2695.219515,0.6,med,low,#ace4e4
10/1/2017,Q3_1718,Barking and Dagenham,Trust MPS,5899,218869,2695.219515,0.89,med,med,#a5add3
10/1/2017,Q3_1718,Barking and Dagenham,Fair treatment,5899,218869,2695.219515,0.86,med,high,#8c62aa
10/1/2018,Q3_1819,Barking and Dagenham,Good job,5987,218869,2735.426214,0.61,med,med,#a5add3
10/1/2018,Q3_1819,Barking and Dagenham,Trust MPS,5987,218869,2735.426214,0.83,med,low,#ace4e4
10/1/2018,Q3_1819,Barking and Dagenham,Fair treatment,5987,218869,2735.426214,0.81,med,high,#8c62aa
10/1/2019,Q3_1920,Barking and Dagenham,Good job,6640,218869,3033.778196,0.55,med,low,#ace4e4
10/1/2019,Q3_1920,Barking and Dagenham,Trust MPS,6640,218869,3033.778196,0.84,med,med,#a5add3
10/1/2019,Q3_1920,Barking and Dagenham,Fair treatment,6640,218869,3033.778196,0.76,med,low,#ace4e4
10/1/2020,Q3_2021,Barking and Dagenham,Good job,6141,218869,2805.787937,0.53,med,low,#ace4e4
10/1/2020,Q3_2021,Barking and Dagenham,Trust MPS,6141,218869,2805.787937,0.84,med,med,#a5add3
10/1/2020,Q3_2021,Barking and Dagenham,Fair treatment,6141,218869,2805.787937,0.69,med,med,#a5add3
10/1/2021,Q3_2122,Barking and Dagenham,Good job,6300,218869,2878.434132,0.5,med,med,#a5add3
10/1/2021,Q3_2122,Barking and Dagenham,Trust MPS,6300,218869,2878.434132,0.78,med,med,#a5add3
10/1/2021,Q3_2122,Barking and Dagenham,Fair treatment,6300,218869,2878.434132,0.7,med,med,#a5add3
10/1/2022,Q3_2223,Barking and Dagenham,Good job,6878,218869,3142.519041,0.46,high,low,#5ac8c8
10/1/2022,Q3_2223,Barking and Dagenham,Trust MPS,6878,218869,3142.519041,0.73,high,med,#5698b9
10/1/2022,Q3_2223,Barking and Dagenham,Fair treatment,6878,218869,3142.519041,0.69,high,high,#3b4994
10/1/2023,Q3_2324,Barking and Dagenham,Good job,6411,218869,2929.1494,0.48,med,med,#a5add3
10/1/2023,Q3_2324,Barking and Dagenham,Trust MPS,6411,218869,2929.1494,0.71,med,med,#a5add3
10/1/2023,Q3_2324,Barking and Dagenham,Fair treatment,6411,218869,2929.1494,0.63,med,med,#a5add3
10/1/2024,Q3_2425,Barking and Dagenham,Good job,7028,218869,3211.053187,0.43,med,low,#ace4e4
10/1/2024,Q3_2425,Barking and Dagenham,Trust MPS,7028,218869,3211.053187,0.75,med,med,#a5add3
10/1/2024,Q3_2425,Barking and Dagenham,Fair treatment,7028,218869,3211.053187,0.68,med,high,#8c62aa
10/1/2025,Q3_2526,Barking and Dagenham,Good job,6667,218869,3046.114342,0.45,med,med,#a5add3
10/1/2025,Q3_2526,Barking and Dagenham,Trust MPS,6667,218869,3046.114342,0.76,med,med,#a5add3
10/1/2025,Q3_2526,Barking and Dagenham,Fair treatment,6667,218869,3046.114342,0.69,med,med,#a5add3
1/1/2015,Q4_1415,Barking and Dagenham,Good job,1322,218869,604.0142734,0.57,high,low,#5ac8c8
1/1/2015,Q4_1415,Barking and Dagenham,Fair treatment,1322,218869,604.0142734,0.74,high,med,#5698b9
1/1/2016,Q4_1516,Barking and Dagenham,Good job,1415,218869,646.5054439,0.68,high,med,#5698b9
1/1/2016,Q4_1516,Barking and Dagenham,Trust MPS,1415,218869,646.5054439,0.83,high,low,#5ac8c8
1/1/2016,Q4_1516,Barking and Dagenham,Fair treatment,1415,218869,646.5054439,0.77,high,med,#5698b9
1/1/2017,Q4_1617,Barking and Dagenham,Good job,1224,218869,559.2386313,0.74,med,high,#8c62aa
1/1/2017,Q4_1617,Barking and Dagenham,Trust MPS,1224,218869,559.2386313,0.89,med,med,#a5add3
1/1/2017,Q4_1617,Barking and Dagenham,Fair treatment,1224,218869,559.2386313,0.84,med,high,#8c62aa
1/1/2018,Q4_1718,Barking and Dagenham,Good job,5713,218869,2610.237174,0.59,med,low,#ace4e4
1/1/2018,Q4_1718,Barking and Dagenham,Trust MPS,5713,218869,2610.237174,0.86,med,med,#a5add3
1/1/2018,Q4_1718,Barking and Dagenham,Fair treatment,5713,218869,2610.237174,0.84,med,high,#8c62aa
1/1/2019,Q4_1819,Barking and Dagenham,Good job,6302,218869,2879.34792,0.59,med,med,#a5add3
1/1/2019,Q4_1819,Barking and Dagenham,Trust MPS,6302,218869,2879.34792,0.83,med,med,#a5add3
1/1/2019,Q4_1819,Barking and Dagenham,Fair treatment,6302,218869,2879.34792,0.79,med,med,#a5add3
1/1/2020,Q4_1920,Barking and Dagenham,Good job,6623,218869,3026.010993,0.57,med,low,#ace4e4
1/1/2020,Q4_1920,Barking and Dagenham,Trust MPS,6623,218869,3026.010993,0.85,med,med,#a5add3
1/1/2020,Q4_1920,Barking and Dagenham,Fair treatment,6623,218869,3026.010993,0.76,med,low,#ace4e4
1/1/2021,Q4_2021,Barking and Dagenham,Good job,5642,218869,2577.797678,0.5,med,low,#ace4e4
1/1/2021,Q4_2021,Barking and Dagenham,Trust MPS,5642,218869,2577.797678,0.81,med,med,#a5add3
1/1/2021,Q4_2021,Barking and Dagenham,Fair treatment,5642,218869,2577.797678,0.68,med,low,#ace4e4
1/1/2022,Q4_2122,Barking and Dagenham,Good job,6243,218869,2852.391156,0.46,med,low,#ace4e4
1/1/2022,Q4_2122,Barking and Dagenham,Trust MPS,6243,218869,2852.391156,0.77,med,med,#a5add3
1/1/2022,Q4_2122,Barking and Dagenham,Fair treatment,6243,218869,2852.391156,0.7,med,high,#8c62aa
1/1/2023,Q4_2223,Barking and Dagenham,Good job,6639,218869,3033.321302,0.48,med,low,#ace4e4
1/1/2023,Q4_2223,Barking and Dagenham,Trust MPS,6639,218869,3033.321302,0.71,med,med,#a5add3
1/1/2023,Q4_2223,Barking and Dagenham,Fair treatment,6639,218869,3033.321302,0.67,med,med,#a5add3
1/1/2024,Q4_2324,Barking and Dagenham,Good job,6884,218869,3145.260407,0.48,med,med,#a5add3
1/1/2024,Q4_2324,Barking and Dagenham,Trust MPS,6884,218869,3145.260407,0.74,med,high,#8c62aa
1/1/2024,Q4_2324,Barking and Dagenham,Fair treatment,6884,218869,3145.260407,0.65,med,high,#8c62aa
1/1/2025,Q4_2425,Barking and Dagenham,Good job,6345,218869,2898.994376,0.4,med,low,#ace4e4
1/1/2025,Q4_2425,Barking and Dagenham,Trust MPS,6345,218869,2898.994376,0.74,med,low,#ace4e4
1/1/2025,Q4_2425,Barking and Dagenham,Fair treatment,6345,218869,2898.994376,0.66,med,med,#a5add3
1/1/2026,Q4_2526,Barking and Dagenham,Good job,6217,218869,2840.511904,0.49,med,high,#8c62aa
1/1/2026,Q4_2526,Barking and Dagenham,Trust MPS,6217,218869,2840.511904,0.76,med,high,#8c62aa
1/1/2026,Q4_2526,Barking and Dagenham,Fair treatment,6217,218869,2840.511904,0.73,med,high,#8c62aa
4/1/2015,Q1_1516,Barnet,Good job,1648,389344,423.2760746,0.66,low,med,#dfb0d6
4/1/2015,Q1_1516,Barnet,Fair treatment,1648,389344,423.2760746,0.79,low,high,#be64ac
4/1/2016,Q1_1617,Barnet,Good job,1791,389344,460.0045204,0.67,low,low,#e8e8e8
4/1/2016,Q1_1617,Barnet,Trust MPS,1791,389344,460.0045204,0.87,low,med,#dfb0d6
4/1/2016,Q1_1617,Barnet,Fair treatment,1791,389344,460.0045204,0.83,low,high,#be64ac
4/1/2017,Q1_1718,Barnet,Good job,8523,389344,2189.066738,0.7,low,med,#dfb0d6
4/1/2017,Q1_1718,Barnet,Trust MPS,8523,389344,2189.066738,0.89,low,med,#dfb0d6
4/1/2017,Q1_1718,Barnet,Fair treatment,8523,389344,2189.066738,0.86,low,high,#be64ac
4/1/2018,Q1_1819,Barnet,Good job,8979,389344,2306.186817,0.68,low,med,#dfb0d6
4/1/2018,Q1_1819,Barnet,Trust MPS,8979,389344,2306.186817,0.85,low,low,#e8e8e8
4/1/2018,Q1_1819,Barnet,Fair treatment,8979,389344,2306.186817,0.78,low,med,#dfb0d6
4/1/2019,Q1_1920,Barnet,Good job,9742,389344,2502.157475,0.61,low,med,#dfb0d6
4/1/2019,Q1_1920,Barnet,Trust MPS,9742,389344,2502.157475,0.9,low,high,#be64ac
4/1/2019,Q1_1920,Barnet,Fair treatment,9742,389344,2502.157475,0.78,low,med,#dfb0d6
4/1/2020,Q1_2021,Barnet,Good job,7506,389344,1927.858141,0.59,low,med,#dfb0d6
4/1/2020,Q1_2021,Barnet,Trust MPS,7506,389344,1927.858141,0.88,low,high,#be64ac
4/1/2020,Q1_2021,Barnet,Fair treatment,7506,389344,1927.858141,0.81,low,med,#dfb0d6
4/1/2021,Q1_2122,Barnet,Good job,9204,389344,2363.976329,0.51,low,low,#e8e8e8
4/1/2021,Q1_2122,Barnet,Trust MPS,9204,389344,2363.976329,0.79,low,med,#dfb0d6
4/1/2021,Q1_2122,Barnet,Fair treatment,9204,389344,2363.976329,0.72,low,high,#be64ac
4/1/2022,Q1_2223,Barnet,Good job,8583,389344,2204.477275,0.49,low,med,#dfb0d6
4/1/2022,Q1_2223,Barnet,Trust MPS,8583,389344,2204.477275,0.75,low,med,#dfb0d6
4/1/2022,Q1_2223,Barnet,Fair treatment,8583,389344,2204.477275,0.71,low,high,#be64ac
4/1/2023,Q1_2324,Barnet,Good job,8914,389344,2289.492069,0.48,low,med,#dfb0d6
4/1/2023,Q1_2324,Barnet,Trust MPS,8914,389344,2289.492069,0.73,low,med,#dfb0d6
4/1/2023,Q1_2324,Barnet,Fair treatment,8914,389344,2289.492069,0.68,low,high,#be64ac
4/1/2024,Q1_2425,Barnet,Good job,8855,389344,2274.338374,0.47,low,med,#dfb0d6
4/1/2024,Q1_2425,Barnet,Trust MPS,8855,389344,2274.338374,0.7,low,med,#dfb0d6
4/1/2024,Q1_2425,Barnet,Fair treatment,8855,389344,2274.338374,0.59,low,med,#dfb0d6
4/1/2025,Q1_2526,Barnet,Good job,9197,389344,2362.178433,0.49,low,high,#be64ac
4/1/2025,Q1_2526,Barnet,Trust MPS,9197,389344,2362.178433,0.76,low,med,#dfb0d6
4/1/2025,Q1_2526,Barnet,Fair treatment,9197,389344,2362.178433,0.65,low,med,#dfb0d6
7/1/2015,Q2_1516,Barnet,Good job,1645,389344,422.5055478,0.66,low,med,#dfb0d6
7/1/2015,Q2_1516,Barnet,Fair treatment,1645,389344,422.5055478,0.78,low,high,#be64ac
7/1/2016,Q2_1617,Barnet,Good job,1883,389344,483.63401,0.66,low,low,#e8e8e8
7/1/2016,Q2_1617,Barnet,Trust MPS,1883,389344,483.63401,0.86,low,low,#e8e8e8
7/1/2016,Q2_1617,Barnet,Fair treatment,1883,389344,483.63401,0.86,low,high,#be64ac
7/1/2017,Q2_1718,Barnet,Good job,8435,389344,2166.464617,0.7,low,med,#dfb0d6
7/1/2017,Q2_1718,Barnet,Trust MPS,8435,389344,2166.464617,0.89,low,med,#dfb0d6
7/1/2017,Q2_1718,Barnet,Fair treatment,8435,389344,2166.464617,0.82,low,high,#be64ac
7/1/2018,Q2_1819,Barnet,Good job,8649,389344,2221.428865,0.7,low,high,#be64ac
7/1/2018,Q2_1819,Barnet,Trust MPS,8649,389344,2221.428865,0.87,low,med,#dfb0d6
7/1/2018,Q2_1819,Barnet,Fair treatment,8649,389344,2221.428865,0.79,low,med,#dfb0d6
7/1/2019,Q2_1920,Barnet,Good job,9914,389344,2546.334347,0.58,low,med,#dfb0d6
7/1/2019,Q2_1920,Barnet,Trust MPS,9914,389344,2546.334347,0.89,low,high,#be64ac
7/1/2019,Q2_1920,Barnet,Fair treatment,9914,389344,2546.334347,0.79,low,med,#dfb0d6
7/1/2020,Q2_2021,Barnet,Good job,9007,389344,2313.378401,0.6,low,med,#dfb0d6
7/1/2020,Q2_2021,Barnet,Trust MPS,9007,389344,2313.378401,0.88,low,high,#be64ac
7/1/2020,Q2_2021,Barnet,Fair treatment,9007,389344,2313.378401,0.79,low,med,#dfb0d6
7/1/2021,Q2_2122,Barnet,Good job,8623,389344,2214.750966,0.49,low,low,#e8e8e8
7/1/2021,Q2_2122,Barnet,Trust MPS,8623,389344,2214.750966,0.77,low,med,#dfb0d6
7/1/2021,Q2_2122,Barnet,Fair treatment,8623,389344,2214.750966,0.72,low,high,#be64ac
7/1/2022,Q2_2223,Barnet,Good job,8630,389344,2216.548862,0.49,low,med,#dfb0d6
7/1/2022,Q2_2223,Barnet,Trust MPS,8630,389344,2216.548862,0.74,low,med,#dfb0d6
7/1/2022,Q2_2223,Barnet,Fair treatment,8630,389344,2216.548862,0.71,low,high,#be64ac
7/1/2023,Q2_2324,Barnet,Good job,8987,389344,2308.241555,0.47,low,med,#dfb0d6
7/1/2023,Q2_2324,Barnet,Trust MPS,8987,389344,2308.241555,0.72,low,med,#dfb0d6
7/1/2023,Q2_2324,Barnet,Fair treatment,8987,389344,2308.241555,0.67,low,med,#dfb0d6
7/1/2024,Q2_2425,Barnet,Good job,9351,389344,2401.732144,0.44,low,med,#dfb0d6
7/1/2024,Q2_2425,Barnet,Trust MPS,9351,389344,2401.732144,0.69,low,low,#e8e8e8
7/1/2024,Q2_2425,Barnet,Fair treatment,9351,389344,2401.732144,0.57,low,low,#e8e8e8
7/1/2025,Q2_2526,Barnet,Good job,9357,389344,2403.273198,0.47,low,med,#dfb0d6
7/1/2025,Q2_2526,Barnet,Trust MPS,9357,389344,2403.273198,0.79,low,high,#be64ac
7/1/2025,Q2_2526,Barnet,Fair treatment,9357,389344,2403.273198,0.67,low,med,#dfb0d6
10/1/2015,Q3_1516,Barnet,Good job,1700,389344,436.6318731,0.64,low,low,#e8e8e8
10/1/2015,Q3_1516,Barnet,Fair treatment,1700,389344,436.6318731,0.82,low,high,#be64ac
10/1/2016,Q3_1617,Barnet,Good job,1670,389344,428.9266048,0.66,low,low,#e8e8e8
10/1/2016,Q3_1617,Barnet,Trust MPS,1670,389344,428.9266048,0.88,low,med,#dfb0d6
10/1/2016,Q3_1617,Barnet,Fair treatment,1670,389344,428.9266048,0.85,low,high,#be64ac
10/1/2017,Q3_1718,Barnet,Good job,8590,389344,2206.275171,0.72,low,med,#dfb0d6
10/1/2017,Q3_1718,Barnet,Trust MPS,8590,389344,2206.275171,0.85,low,low,#e8e8e8
10/1/2017,Q3_1718,Barnet,Fair treatment,8590,389344,2206.275171,0.8,low,med,#dfb0d6
10/1/2018,Q3_1819,Barnet,Good job,9240,389344,2373.222651,0.65,low,med,#dfb0d6
10/1/2018,Q3_1819,Barnet,Trust MPS,9240,389344,2373.222651,0.9,low,high,#be64ac
10/1/2018,Q3_1819,Barnet,Fair treatment,9240,389344,2373.222651,0.78,low,med,#dfb0d6
10/1/2019,Q3_1920,Barnet,Good job,10152,389344,2607.462809,0.6,low,med,#dfb0d6
10/1/2019,Q3_1920,Barnet,Trust MPS,10152,389344,2607.462809,0.9,low,high,#be64ac
10/1/2019,Q3_1920,Barnet,Fair treatment,10152,389344,2607.462809,0.83,low,med,#dfb0d6
10/1/2020,Q3_2021,Barnet,Good job,8719,389344,2239.407824,0.53,low,low,#e8e8e8
10/1/2020,Q3_2021,Barnet,Trust MPS,8719,389344,2239.407824,0.84,low,med,#dfb0d6
10/1/2020,Q3_2021,Barnet,Fair treatment,8719,389344,2239.407824,0.74,low,med,#dfb0d6
10/1/2021,Q3_2122,Barnet,Good job,8555,389344,2197.285691,0.52,low,med,#dfb0d6
10/1/2021,Q3_2122,Barnet,Trust MPS,8555,389344,2197.285691,0.78,low,med,#dfb0d6
10/1/2021,Q3_2122,Barnet,Fair treatment,8555,389344,2197.285691,0.74,low,high,#be64ac
10/1/2022,Q3_2223,Barnet,Good job,8594,389344,2207.30254,0.49,low,med,#dfb0d6
10/1/2022,Q3_2223,Barnet,Trust MPS,8594,389344,2207.30254,0.76,low,high,#be64ac
10/1/2022,Q3_2223,Barnet,Fair treatment,8594,389344,2207.30254,0.72,low,high,#be64ac
10/1/2023,Q3_2324,Barnet,Good job,10421,389344,2676.553382,0.47,low,med,#dfb0d6
10/1/2023,Q3_2324,Barnet,Trust MPS,10421,389344,2676.553382,0.7,med,med,#a5add3
10/1/2023,Q3_2324,Barnet,Fair treatment,10421,389344,2676.553382,0.6,low,med,#dfb0d6
10/1/2024,Q3_2425,Barnet,Good job,9201,389344,2363.205803,0.46,low,med,#dfb0d6
10/1/2024,Q3_2425,Barnet,Trust MPS,9201,389344,2363.205803,0.7,low,low,#e8e8e8
10/1/2024,Q3_2425,Barnet,Fair treatment,9201,389344,2363.205803,0.66,low,med,#dfb0d6
10/1/2025,Q3_2526,Barnet,Good job,9074,389344,2330.586833,0.45,low,med,#dfb0d6
10/1/2025,Q3_2526,Barnet,Trust MPS,9074,389344,2330.586833,0.78,low,high,#be64ac
10/1/2025,Q3_2526,Barnet,Fair treatment,9074,389344,2330.586833,0.62,low,low,#e8e8e8
1/1/2015,Q4_1415,Barnet,Good job,1415,389344,363.4318238,0.64,low,low,#e8e8e8
1/1/2015,Q4_1415,Barnet,Fair treatment,1415,389344,363.4318238,0.74,low,med,#dfb0d6
1/1/2016,Q4_1516,Barnet,Good job,1572,389344,403.7560615,0.67,low,med,#dfb0d6
1/1/2016,Q4_1516,Barnet,Trust MPS,1572,389344,403.7560615,0.87,low,med,#dfb0d6
1/1/2016,Q4_1516,Barnet,Fair treatment,1572,389344,403.7560615,0.84,low,high,#be64ac
1/1/2017,Q4_1617,Barnet,Good job,1745,389344,448.1897756,0.69,med,med,#a5add3
1/1/2017,Q4_1617,Barnet,Trust MPS,1745,389344,448.1897756,0.89,med,med,#a5add3
1/1/2017,Q4_1617,Barnet,Fair treatment,1745,389344,448.1897756,0.85,med,high,#8c62aa
1/1/2018,Q4_1718,Barnet,Good job,8232,389344,2114.325635,0.68,low,med,#dfb0d6
1/1/2018,Q4_1718,Barnet,Trust MPS,8232,389344,2114.325635,0.85,low,low,#e8e8e8
1/1/2018,Q4_1718,Barnet,Fair treatment,8232,389344,2114.325635,0.79,low,med,#dfb0d6
1/1/2019,Q4_1819,Barnet,Good job,9821,389344,2522.448015,0.61,low,med,#dfb0d6
1/1/2019,Q4_1819,Barnet,Trust MPS,9821,389344,2522.448015,0.89,low,high,#be64ac
1/1/2019,Q4_1819,Barnet,Fair treatment,9821,389344,2522.448015,0.76,low,med,#dfb0d6
1/1/2020,Q4_1920,Barnet,Good job,9527,389344,2446.936385,0.62,low,med,#dfb0d6
1/1/2020,Q4_1920,Barnet,Trust MPS,9527,389344,2446.936385,0.91,low,high,#be64ac
1/1/2020,Q4_1920,Barnet,Fair treatment,9527,389344,2446.936385,0.83,low,med,#dfb0d6
1/1/2021,Q4_2021,Barnet,Good job,7887,389344,2025.715049,0.51,low,low,#e8e8e8
1/1/2021,Q4_2021,Barnet,Trust MPS,7887,389344,2025.715049,0.8,low,med,#dfb0d6
1/1/2021,Q4_2021,Barnet,Fair treatment,7887,389344,2025.715049,0.72,low,med,#dfb0d6
1/1/2022,Q4_2122,Barnet,Good job,8480,389344,2178.02252,0.51,low,med,#dfb0d6
1/1/2022,Q4_2122,Barnet,Trust MPS,8480,389344,2178.02252,0.77,low,med,#dfb0d6
1/1/2022,Q4_2122,Barnet,Fair treatment,8480,389344,2178.02252,0.73,low,high,#be64ac
1/1/2023,Q4_2223,Barnet,Good job,8588,389344,2205.761486,0.48,low,low,#e8e8e8
1/1/2023,Q4_2223,Barnet,Trust MPS,8588,389344,2205.761486,0.74,low,med,#dfb0d6
1/1/2023,Q4_2223,Barnet,Fair treatment,8588,389344,2205.761486,0.71,low,high,#be64ac
1/1/2024,Q4_2324,Barnet,Good job,8764,389344,2250.965727,0.48,low,med,#dfb0d6
1/1/2024,Q4_2324,Barnet,Trust MPS,8764,389344,2250.965727,0.69,low,med,#dfb0d6
1/1/2024,Q4_2324,Barnet,Fair treatment,8764,389344,2250.965727,0.6,low,med,#dfb0d6
1/1/2025,Q4_2425,Barnet,Good job,8979,389344,2306.186817,0.46,low,med,#dfb0d6
1/1/2025,Q4_2425,Barnet,Trust MPS,8979,389344,2306.186817,0.74,low,low,#e8e8e8
1/1/2025,Q4_2425,Barnet,Fair treatment,8979,389344,2306.186817,0.65,low,med,#dfb0d6
1/1/2026,Q4_2526,Barnet,Good job,9281,389344,2383.753185,0.45,low,med,#dfb0d6
1/1/2026,Q4_2526,Barnet,Trust MPS,9281,389344,2383.753185,0.78,med,high,#8c62aa
1/1/2026,Q4_2526,Barnet,Fair treatment,9281,389344,2383.753185,0.64,low,med,#dfb0d6
4/1/2015,Q1_1516,Bexley,Fair treatment,792,246472,321.3346749,0.77,low,high,#be64ac
4/1/2015,Q1_1516,Bexley,Good job,792,246472,321.3346749,0.73,low,high,#be64ac
4/1/2016,Q1_1617,Bexley,Fair treatment,909,246472,368.8045701,0.83,low,high,#be64ac
4/1/2016,Q1_1617,Bexley,Good job,909,246472,368.8045701,0.74,low,high,#be64ac
4/1/2016,Q1_1617,Bexley,Trust MPS,909,246472,368.8045701,0.9,low,high,#be64ac
4/1/2017,Q1_1718,Bexley,Fair treatment,4487,246472,1820.490766,0.87,low,high,#be64ac
4/1/2017,Q1_1718,Bexley,Good job,4487,246472,1820.490766,0.68,low,med,#dfb0d6
4/1/2017,Q1_1718,Bexley,Trust MPS,4487,246472,1820.490766,0.93,low,high,#be64ac
4/1/2018,Q1_1819,Bexley,Fair treatment,4850,246472,1967.769158,0.84,low,high,#be64ac
4/1/2018,Q1_1819,Bexley,Good job,4850,246472,1967.769158,0.77,low,high,#be64ac
4/1/2018,Q1_1819,Bexley,Trust MPS,4850,246472,1967.769158,0.89,low,high,#be64ac
4/1/2019,Q1_1920,Bexley,Fair treatment,5719,246472,2320.344704,0.77,low,med,#dfb0d6
4/1/2019,Q1_1920,Bexley,Good job,5719,246472,2320.344704,0.63,low,high,#be64ac
4/1/2019,Q1_1920,Bexley,Trust MPS,5719,246472,2320.344704,0.84,low,med,#dfb0d6
4/1/2020,Q1_2021,Bexley,Fair treatment,4442,246472,1802.233114,0.85,low,high,#be64ac
4/1/2020,Q1_2021,Bexley,Good job,4442,246472,1802.233114,0.61,low,med,#dfb0d6
4/1/2020,Q1_2021,Bexley,Trust MPS,4442,246472,1802.233114,0.89,low,high,#be64ac
4/1/2021,Q1_2122,Bexley,Fair treatment,4836,246472,1962.089,0.81,low,high,#be64ac
4/1/2021,Q1_2122,Bexley,Good job,4836,246472,1962.089,0.59,low,high,#be64ac
4/1/2021,Q1_2122,Bexley,Trust MPS,4836,246472,1962.089,0.87,low,high,#be64ac
4/1/2022,Q1_2223,Bexley,Fair treatment,5180,246472,2101.658606,0.68,low,high,#be64ac
4/1/2022,Q1_2223,Bexley,Good job,5180,246472,2101.658606,0.48,low,med,#dfb0d6
4/1/2022,Q1_2223,Bexley,Trust MPS,5180,246472,2101.658606,0.77,low,high,#be64ac
4/1/2023,Q1_2324,Bexley,Fair treatment,5456,246472,2213.638872,0.72,low,high,#be64ac
4/1/2023,Q1_2324,Bexley,Good job,5456,246472,2213.638872,0.54,low,high,#be64ac
4/1/2023,Q1_2324,Bexley,Trust MPS,5456,246472,2213.638872,0.73,low,med,#dfb0d6
4/1/2023,Q1_2324,Bexley,Trust MPS,5456,246472,2213.638872,0.73,low,med,#dfb0d6
4/1/2024,Q1_2425,Bexley,Fair treatment,5449,246472,2210.798793,0.72,low,high,#be64ac
4/1/2024,Q1_2425,Bexley,Good job,5449,246472,2210.798793,0.54,low,high,#be64ac
4/1/2024,Q1_2425,Bexley,Trust MPS,5449,246472,2210.798793,0.76,low,high,#be64ac
4/1/2024,Q1_2425,Bexley,Trust MPS,5449,246472,2210.798793,0.76,low,high,#be64ac
4/1/2025,Q1_2526,Bexley,Fair treatment,5271,246472,2138.579636,0.72,low,high,#be64ac
4/1/2025,Q1_2526,Bexley,Good job,5271,246472,2138.579636,0.45,low,med,#dfb0d6
4/1/2025,Q1_2526,Bexley,Trust MPS,5271,246472,2138.579636,0.76,low,med,#dfb0d6
4/1/2025,Q1_2526,Bexley,Trust MPS,5271,246472,2138.579636,0.76,low,med,#dfb0d6
7/1/2015,Q2_1516,Bexley,Fair treatment,765,246472,310.3800837,0.76,low,med,#dfb0d6
7/1/2015,Q2_1516,Bexley,Good job,765,246472,310.3800837,0.73,low,high,#be64ac
7/1/2016,Q2_1617,Bexley,Fair treatment,972,246472,394.3652829,0.83,low,high,#be64ac
7/1/2016,Q2_1617,Bexley,Good job,972,246472,394.3652829,0.73,low,high,#be64ac
7/1/2016,Q2_1617,Bexley,Trust MPS,972,246472,394.3652829,0.91,low,high,#be64ac
7/1/2017,Q2_1718,Bexley,Fair treatment,4686,246472,1901.23016,0.85,low,high,#be64ac
7/1/2017,Q2_1718,Bexley,Good job,4686,246472,1901.23016,0.67,low,med,#dfb0d6
7/1/2017,Q2_1718,Bexley,Trust MPS,4686,246472,1901.23016,0.91,low,high,#be64ac
7/1/2018,Q2_1819,Bexley,Fair treatment,4730,246472,1919.082086,0.83,low,high,#be64ac
7/1/2018,Q2_1819,Bexley,Good job,4730,246472,1919.082086,0.75,low,high,#be64ac
7/1/2018,Q2_1819,Bexley,Trust MPS,4730,246472,1919.082086,0.89,low,high,#be64ac
7/1/2019,Q2_1920,Bexley,Fair treatment,5728,246472,2323.996235,0.8,low,med,#dfb0d6
7/1/2019,Q2_1920,Bexley,Good job,5728,246472,2323.996235,0.64,low,high,#be64ac
7/1/2019,Q2_1920,Bexley,Trust MPS,5728,246472,2323.996235,0.83,low,low,#e8e8e8
7/1/2020,Q2_2021,Bexley,Fair treatment,5557,246472,2254.617157,0.83,low,high,#be64ac
7/1/2020,Q2_2021,Bexley,Good job,5557,246472,2254.617157,0.56,low,med,#dfb0d6
7/1/2020,Q2_2021,Bexley,Trust MPS,5557,246472,2254.617157,0.9,low,high,#be64ac
7/1/2021,Q2_2122,Bexley,Fair treatment,5088,246472,2064.331851,0.78,low,high,#be64ac
7/1/2021,Q2_2122,Bexley,Good job,5088,246472,2064.331851,0.58,low,high,#be64ac
7/1/2021,Q2_2122,Bexley,Trust MPS,5088,246472,2064.331851,0.85,low,high,#be64ac
7/1/2022,Q2_2223,Bexley,Fair treatment,5230,246472,2121.944886,0.68,low,med,#dfb0d6
7/1/2022,Q2_2223,Bexley,Good job,5230,246472,2121.944886,0.5,low,med,#dfb0d6
7/1/2022,Q2_2223,Bexley,Trust MPS,5230,246472,2121.944886,0.74,low,med,#dfb0d6
7/1/2023,Q2_2324,Bexley,Fair treatment,5596,246472,2270.440456,0.72,low,high,#be64ac
7/1/2023,Q2_2324,Bexley,Good job,5596,246472,2270.440456,0.52,low,high,#be64ac
7/1/2023,Q2_2324,Bexley,Trust MPS,5596,246472,2270.440456,0.75,low,high,#be64ac
7/1/2023,Q2_2324,Bexley,Trust MPS,5596,246472,2270.440456,0.75,low,high,#be64ac
7/1/2024,Q2_2425,Bexley,Fair treatment,5374,246472,2180.369373,0.74,low,high,#be64ac
7/1/2024,Q2_2425,Bexley,Good job,5374,246472,2180.369373,0.52,low,high,#be64ac
7/1/2024,Q2_2425,Bexley,Trust MPS,5374,246472,2180.369373,0.74,low,med,#dfb0d6
7/1/2024,Q2_2425,Bexley,Trust MPS,5374,246472,2180.369373,0.74,low,med,#dfb0d6
7/1/2025,Q2_2526,Bexley,Fair treatment,5185,246472,2103.687234,0.72,low,high,#be64ac
7/1/2025,Q2_2526,Bexley,Good job,5185,246472,2103.687234,0.49,low,high,#be64ac
7/1/2025,Q2_2526,Bexley,Trust MPS,5185,246472,2103.687234,0.78,low,med,#dfb0d6
7/1/2025,Q2_2526,Bexley,Trust MPS,5185,246472,2103.687234,0.78,low,med,#dfb0d6
10/1/2015,Q3_1516,Bexley,Fair treatment,873,246472,354.1984485,0.79,low,high,#be64ac
10/1/2015,Q3_1516,Bexley,Good job,873,246472,354.1984485,0.73,low,high,#be64ac
10/1/2016,Q3_1617,Bexley,Fair treatment,1011,246472,410.1885813,0.85,low,high,#be64ac
10/1/2016,Q3_1617,Bexley,Good job,1011,246472,410.1885813,0.74,low,high,#be64ac
10/1/2016,Q3_1617,Bexley,Trust MPS,1011,246472,410.1885813,0.91,low,high,#be64ac
10/1/2017,Q3_1718,Bexley,Fair treatment,4766,246472,1933.688208,0.86,low,high,#be64ac
10/1/2017,Q3_1718,Bexley,Good job,4766,246472,1933.688208,0.68,low,med,#dfb0d6
10/1/2017,Q3_1718,Bexley,Trust MPS,4766,246472,1933.688208,0.91,low,high,#be64ac
10/1/2018,Q3_1819,Bexley,Fair treatment,5158,246472,2092.732643,0.79,low,med,#dfb0d6
10/1/2018,Q3_1819,Bexley,Good job,5158,246472,2092.732643,0.72,low,high,#be64ac
10/1/2018,Q3_1819,Bexley,Trust MPS,5158,246472,2092.732643,0.87,low,med,#dfb0d6
10/1/2019,Q3_1920,Bexley,Fair treatment,5810,246472,2357.265734,0.81,low,med,#dfb0d6
10/1/2019,Q3_1920,Bexley,Good job,5810,246472,2357.265734,0.62,low,high,#be64ac
10/1/2019,Q3_1920,Bexley,Trust MPS,5810,246472,2357.265734,0.85,low,med,#dfb0d6
10/1/2020,Q3_2021,Bexley,Fair treatment,4987,246472,2023.353566,0.83,low,high,#be64ac
10/1/2020,Q3_2021,Bexley,Good job,4987,246472,2023.353566,0.59,low,high,#be64ac
10/1/2020,Q3_2021,Bexley,Trust MPS,4987,246472,2023.353566,0.89,low,high,#be64ac
10/1/2021,Q3_2122,Bexley,Fair treatment,5311,246472,2154.80866,0.79,low,high,#be64ac
10/1/2021,Q3_2122,Bexley,Good job,5311,246472,2154.80866,0.55,low,high,#be64ac
10/1/2021,Q3_2122,Bexley,Trust MPS,5311,246472,2154.80866,0.85,low,high,#be64ac
10/1/2022,Q3_2223,Bexley,Fair treatment,5006,246472,2031.062352,0.67,low,med,#dfb0d6
10/1/2022,Q3_2223,Bexley,Good job,5006,246472,2031.062352,0.49,low,med,#dfb0d6
10/1/2022,Q3_2223,Bexley,Trust MPS,5006,246472,2031.062352,0.73,low,med,#dfb0d6
10/1/2023,Q3_2324,Bexley,Fair treatment,5675,246472,2302.492778,0.71,low,high,#be64ac
10/1/2023,Q3_2324,Bexley,Good job,5675,246472,2302.492778,0.54,low,high,#be64ac
10/1/2023,Q3_2324,Bexley,Trust MPS,5675,246472,2302.492778,0.74,low,high,#be64ac
10/1/2023,Q3_2324,Bexley,Trust MPS,5675,246472,2302.492778,0.74,low,high,#be64ac
10/1/2024,Q3_2425,Bexley,Fair treatment,5206,246472,2112.207472,0.75,low,high,#be64ac
10/1/2024,Q3_2425,Bexley,Good job,5206,246472,2112.207472,0.5,low,high,#be64ac
10/1/2024,Q3_2425,Bexley,Trust MPS,5206,246472,2112.207472,0.75,low,med,#dfb0d6
10/1/2024,Q3_2425,Bexley,Trust MPS,5206,246472,2112.207472,0.75,low,med,#dfb0d6
10/1/2025,Q3_2526,Bexley,Fair treatment,5098,246472,2068.389107,0.69,low,med,#dfb0d6
10/1/2025,Q3_2526,Bexley,Good job,5098,246472,2068.389107,0.48,low,high,#be64ac
10/1/2025,Q3_2526,Bexley,Trust MPS,5098,246472,2068.389107,0.75,low,med,#dfb0d6
10/1/2025,Q3_2526,Bexley,Trust MPS,5098,246472,2068.389107,0.75,low,med,#dfb0d6
1/1/2015,Q4_1415,Bexley,Fair treatment,728,246472,295.3682366,0.78,low,high,#be64ac
1/1/2015,Q4_1415,Bexley,Good job,728,246472,295.3682366,0.7,low,med,#dfb0d6
1/1/2016,Q4_1516,Bexley,Fair treatment,892,246472,361.9072349,0.79,low,high,#be64ac
1/1/2016,Q4_1516,Bexley,Good job,892,246472,361.9072349,0.76,low,high,#be64ac
1/1/2016,Q4_1516,Bexley,Trust MPS,892,246472,361.9072349,0.9,low,high,#be64ac
1/1/2017,Q4_1617,Bexley,Fair treatment,871,246472,353.3869973,0.88,low,high,#be64ac
1/1/2017,Q4_1617,Bexley,Good job,871,246472,353.3869973,0.72,low,med,#dfb0d6
1/1/2017,Q4_1617,Bexley,Trust MPS,871,246472,353.3869973,0.92,low,high,#be64ac
1/1/2018,Q4_1718,Bexley,Fair treatment,4281,246472,1736.911292,0.85,low,high,#be64ac
1/1/2018,Q4_1718,Bexley,Good job,4281,246472,1736.911292,0.71,low,med,#dfb0d6
1/1/2018,Q4_1718,Bexley,Trust MPS,4281,246472,1736.911292,0.9,low,high,#be64ac
1/1/2019,Q4_1819,Bexley,Fair treatment,5311,246472,2154.80866,0.75,low,med,#dfb0d6
1/1/2019,Q4_1819,Bexley,Good job,5311,246472,2154.80866,0.67,low,high,#be64ac
1/1/2019,Q4_1819,Bexley,Trust MPS,5311,246472,2154.80866,0.84,low,med,#dfb0d6
1/1/2020,Q4_1920,Bexley,Fair treatment,5488,246472,2226.622091,0.85,low,high,#be64ac
1/1/2020,Q4_1920,Bexley,Good job,5488,246472,2226.622091,0.62,low,med,#dfb0d6
1/1/2020,Q4_1920,Bexley,Trust MPS,5488,246472,2226.622091,0.88,low,high,#be64ac
1/1/2021,Q4_2021,Bexley,Fair treatment,4301,246472,1745.025804,0.83,low,high,#be64ac
1/1/2021,Q4_2021,Bexley,Good job,4301,246472,1745.025804,0.59,low,high,#be64ac
1/1/2021,Q4_2021,Bexley,Trust MPS,4301,246472,1745.025804,0.88,low,high,#be64ac
1/1/2022,Q4_2122,Bexley,Fair treatment,5174,246472,2099.224253,0.71,low,high,#be64ac
1/1/2022,Q4_2122,Bexley,Good job,5174,246472,2099.224253,0.51,low,med,#dfb0d6
1/1/2022,Q4_2122,Bexley,Trust MPS,5174,246472,2099.224253,0.79,low,high,#be64ac
1/1/2023,Q4_2223,Bexley,Fair treatment,5300,246472,2150.345678,0.7,low,high,#be64ac
1/1/2023,Q4_2223,Bexley,Good job,5300,246472,2150.345678,0.51,low,med,#dfb0d6
1/1/2023,Q4_2223,Bexley,Trust MPS,5300,246472,2150.345678,0.75,low,med,#dfb0d6
1/1/2024,Q4_2324,Bexley,Fair treatment,5520,246472,2239.60531,0.72,low,high,#be64ac
1/1/2024,Q4_2324,Bexley,Good job,5520,246472,2239.60531,0.55,low,high,#be64ac
1/1/2024,Q4_2324,Bexley,Trust MPS,5520,246472,2239.60531,0.76,low,high,#be64ac
1/1/2024,Q4_2324,Bexley,Trust MPS,5520,246472,2239.60531,0.76,low,high,#be64ac
1/1/2025,Q4_2425,Bexley,Fair treatment,5172,246472,2098.412801,0.74,low,high,#be64ac
1/1/2025,Q4_2425,Bexley,Good job,5172,246472,2098.412801,0.49,low,high,#be64ac
1/1/2025,Q4_2425,Bexley,Trust MPS,5172,246472,2098.412801,0.76,low,med,#dfb0d6
1/1/2025,Q4_2425,Bexley,Trust MPS,5172,246472,2098.412801,0.76,low,med,#dfb0d6
1/1/2026,Q4_2526,Bexley,Fair treatment,4751,246472,1927.602324,0.67,low,med,#dfb0d6
1/1/2026,Q4_2526,Bexley,Good job,4751,246472,1927.602324,0.47,low,med,#dfb0d6
1/1/2026,Q4_2526,Bexley,Trust MPS,4751,246472,1927.602324,0.74,low,med,#dfb0d6
1/1/2026,Q4_2526,Bexley,Trust MPS,4751,246472,1927.602324,0.74,low,med,#dfb0d6
4/1/2015,Q1_1516,Brent,Good job,1736,339816,510.8647033,0.62,med,low,#ace4e4
4/1/2015,Q1_1516,Brent,Fair treatment,1736,339816,510.8647033,0.73,med,low,#ace4e4
4/1/2016,Q1_1617,Brent,Good job,1927,339816,567.0715917,0.62,med,low,#ace4e4
4/1/2016,Q1_1617,Brent,Trust MPS,1927,339816,567.0715917,0.85,med,low,#ace4e4
4/1/2016,Q1_1617,Brent,Fair treatment,1927,339816,567.0715917,0.67,med,low,#ace4e4
4/1/2017,Q1_1718,Brent,Good job,9351,339816,2751.783318,0.64,med,low,#ace4e4
4/1/2017,Q1_1718,Brent,Trust MPS,9351,339816,2751.783318,0.86,med,low,#ace4e4
4/1/2017,Q1_1718,Brent,Fair treatment,9351,339816,2751.783318,0.67,med,low,#ace4e4
4/1/2018,Q1_1819,Brent,Good job,9971,339816,2934.234998,0.63,med,med,#a5add3
4/1/2018,Q1_1819,Brent,Trust MPS,9971,339816,2934.234998,0.8,med,low,#ace4e4
4/1/2018,Q1_1819,Brent,Fair treatment,9971,339816,2934.234998,0.75,med,low,#ace4e4
4/1/2019,Q1_1920,Brent,Good job,9471,339816,2787.096546,0.51,med,low,#ace4e4
4/1/2019,Q1_1920,Brent,Trust MPS,9471,339816,2787.096546,0.83,med,med,#a5add3
4/1/2019,Q1_1920,Brent,Fair treatment,9471,339816,2787.096546,0.72,med,low,#ace4e4
4/1/2020,Q1_2021,Brent,Good job,8707,339816,2562.268993,0.6,med,med,#a5add3
4/1/2020,Q1_2021,Brent,Trust MPS,8707,339816,2562.268993,0.87,med,high,#8c62aa
4/1/2020,Q1_2021,Brent,Fair treatment,8707,339816,2562.268993,0.88,med,high,#8c62aa
4/1/2021,Q1_2122,Brent,Good job,8712,339816,2563.740377,0.53,med,med,#a5add3
4/1/2021,Q1_2122,Brent,Trust MPS,8712,339816,2563.740377,0.8,med,med,#a5add3
4/1/2021,Q1_2122,Brent,Fair treatment,8712,339816,2563.740377,0.7,med,med,#a5add3
4/1/2022,Q1_2223,Brent,Good job,9427,339816,2774.148363,0.56,med,high,#8c62aa
4/1/2022,Q1_2223,Brent,Trust MPS,9427,339816,2774.148363,0.76,med,high,#8c62aa
4/1/2022,Q1_2223,Brent,Fair treatment,9427,339816,2774.148363,0.69,med,high,#8c62aa
4/1/2023,Q1_2324,Brent,Good job,10372,339816,3052.240036,0.53,med,high,#8c62aa
4/1/2023,Q1_2324,Brent,Trust MPS,10372,339816,3052.240036,0.77,med,high,#8c62aa
4/1/2023,Q1_2324,Brent,Fair treatment,10372,339816,3052.240036,0.71,med,high,#8c62aa
4/1/2024,Q1_2425,Brent,Good job,10630,339816,3128.163477,0.48,med,med,#a5add3
4/1/2024,Q1_2425,Brent,Trust MPS,10630,339816,3128.163477,0.74,med,med,#a5add3
4/1/2024,Q1_2425,Brent,Fair treatment,10630,339816,3128.163477,0.63,med,med,#a5add3
4/1/2025,Q1_2526,Brent,Good job,10413,339816,3064.305389,0.4,med,low,#ace4e4
4/1/2025,Q1_2526,Brent,Trust MPS,10413,339816,3064.305389,0.79,med,high,#8c62aa
4/1/2025,Q1_2526,Brent,Fair treatment,10413,339816,3064.305389,0.64,med,med,#a5add3
7/1/2015,Q2_1516,Brent,Good job,1573,339816,462.8975681,0.61,med,low,#ace4e4
7/1/2015,Q2_1516,Brent,Fair treatment,1573,339816,462.8975681,0.7,med,low,#ace4e4
7/1/2016,Q2_1617,Brent,Good job,1943,339816,571.7800221,0.62,med,low,#ace4e4
7/1/2016,Q2_1617,Brent,Trust MPS,1943,339816,571.7800221,0.88,med,med,#a5add3
7/1/2016,Q2_1617,Brent,Fair treatment,1943,339816,571.7800221,0.68,med,low,#ace4e4
7/1/2017,Q2_1718,Brent,Good job,9510,339816,2798.573346,0.65,med,low,#ace4e4
7/1/2017,Q2_1718,Brent,Trust MPS,9510,339816,2798.573346,0.79,med,low,#ace4e4
7/1/2017,Q2_1718,Brent,Fair treatment,9510,339816,2798.573346,0.66,med,low,#ace4e4
7/1/2018,Q2_1819,Brent,Good job,9727,339816,2862.431433,0.61,med,med,#a5add3
7/1/2018,Q2_1819,Brent,Trust MPS,9727,339816,2862.431433,0.83,med,low,#ace4e4
7/1/2018,Q2_1819,Brent,Fair treatment,9727,339816,2862.431433,0.74,med,low,#ace4e4
7/1/2019,Q2_1920,Brent,Good job,9590,339816,2822.115498,0.52,med,low,#ace4e4
7/1/2019,Q2_1920,Brent,Trust MPS,9590,339816,2822.115498,0.88,med,high,#8c62aa
7/1/2019,Q2_1920,Brent,Fair treatment,9590,339816,2822.115498,0.8,med,med,#a5add3
7/1/2020,Q2_2021,Brent,Good job,9814,339816,2888.033524,0.57,med,med,#a5add3
7/1/2020,Q2_2021,Brent,Trust MPS,9814,339816,2888.033524,0.81,med,low,#ace4e4
7/1/2020,Q2_2021,Brent,Fair treatment,9814,339816,2888.033524,0.81,med,high,#8c62aa
7/1/2021,Q2_2122,Brent,Good job,9370,339816,2757.374579,0.57,med,high,#8c62aa
7/1/2021,Q2_2122,Brent,Trust MPS,9370,339816,2757.374579,0.83,med,high,#8c62aa
7/1/2021,Q2_2122,Brent,Fair treatment,9370,339816,2757.374579,0.71,med,high,#8c62aa
7/1/2022,Q2_2223,Brent,Good job,9570,339816,2816.22996,0.54,med,high,#8c62aa
7/1/2022,Q2_2223,Brent,Trust MPS,9570,339816,2816.22996,0.73,med,med,#a5add3
7/1/2022,Q2_2223,Brent,Fair treatment,9570,339816,2816.22996,0.71,med,high,#8c62aa
7/1/2023,Q2_2324,Brent,Good job,10549,339816,3104.327048,0.51,med,high,#8c62aa
7/1/2023,Q2_2324,Brent,Trust MPS,10549,339816,3104.327048,0.75,med,high,#8c62aa
7/1/2023,Q2_2324,Brent,Fair treatment,10549,339816,3104.327048,0.67,med,med,#a5add3
7/1/2024,Q2_2425,Brent,Good job,10609,339816,3121.983662,0.45,med,med,#a5add3
7/1/2024,Q2_2425,Brent,Trust MPS,10609,339816,3121.983662,0.75,med,med,#a5add3
7/1/2024,Q2_2425,Brent,Fair treatment,10609,339816,3121.983662,0.63,med,med,#a5add3
7/1/2025,Q2_2526,Brent,Good job,11157,339816,3283.247404,0.44,med,low,#ace4e4
7/1/2025,Q2_2526,Brent,Trust MPS,11157,339816,3283.247404,0.78,med,med,#a5add3
7/1/2025,Q2_2526,Brent,Fair treatment,11157,339816,3283.247404,0.67,med,med,#a5add3
10/1/2015,Q3_1516,Brent,Good job,1710,339816,503.2135038,0.59,med,low,#ace4e4
10/1/2015,Q3_1516,Brent,Fair treatment,1710,339816,503.2135038,0.69,med,low,#ace4e4
10/1/2016,Q3_1617,Brent,Good job,1911,339816,562.3631612,0.63,med,low,#ace4e4
10/1/2016,Q3_1617,Brent,Trust MPS,1911,339816,562.3631612,0.87,med,low,#ace4e4
10/1/2016,Q3_1617,Brent,Fair treatment,1911,339816,562.3631612,0.69,med,low,#ace4e4
10/1/2017,Q3_1718,Brent,Good job,10096,339816,2971.019611,0.67,med,med,#a5add3
10/1/2017,Q3_1718,Brent,Trust MPS,10096,339816,2971.019611,0.8,med,low,#ace4e4
10/1/2017,Q3_1718,Brent,Fair treatment,10096,339816,2971.019611,0.67,med,low,#ace4e4
10/1/2018,Q3_1819,Brent,Good job,9675,339816,2847.129035,0.54,med,low,#ace4e4
10/1/2018,Q3_1819,Brent,Trust MPS,9675,339816,2847.129035,0.82,med,low,#ace4e4
10/1/2018,Q3_1819,Brent,Fair treatment,9675,339816,2847.129035,0.73,med,low,#ace4e4
10/1/2019,Q3_1920,Brent,Good job,9606,339816,2826.823928,0.55,med,low,#ace4e4
10/1/2019,Q3_1920,Brent,Trust MPS,9606,339816,2826.823928,0.89,med,high,#8c62aa
10/1/2019,Q3_1920,Brent,Fair treatment,9606,339816,2826.823928,0.85,med,high,#8c62aa
10/1/2020,Q3_2021,Brent,Good job,8958,339816,2636.132495,0.57,med,med,#a5add3
10/1/2020,Q3_2021,Brent,Trust MPS,8958,339816,2636.132495,0.81,med,med,#a5add3
10/1/2020,Q3_2021,Brent,Fair treatment,8958,339816,2636.132495,0.76,med,med,#a5add3
10/1/2021,Q3_2122,Brent,Good job,8975,339816,2641.135203,0.58,med,high,#8c62aa
10/1/2021,Q3_2122,Brent,Trust MPS,8975,339816,2641.135203,0.81,med,high,#8c62aa
10/1/2021,Q3_2122,Brent,Fair treatment,8975,339816,2641.135203,0.7,med,med,#a5add3
10/1/2022,Q3_2223,Brent,Good job,9326,339816,2744.426395,0.53,med,high,#8c62aa
10/1/2022,Q3_2223,Brent,Trust MPS,9326,339816,2744.426395,0.73,med,med,#a5add3
10/1/2022,Q3_2223,Brent,Fair treatment,9326,339816,2744.426395,0.72,med,high,#8c62aa
10/1/2023,Q3_2324,Brent,Good job,10203,339816,3002.507239,0.49,med,med,#a5add3
10/1/2023,Q3_2324,Brent,Trust MPS,10203,339816,3002.507239,0.75,med,high,#8c62aa
10/1/2023,Q3_2324,Brent,Fair treatment,10203,339816,3002.507239,0.64,med,med,#a5add3
10/1/2024,Q3_2425,Brent,Good job,10116,339816,2976.905149,0.43,med,low,#ace4e4
10/1/2024,Q3_2425,Brent,Trust MPS,10116,339816,2976.905149,0.75,med,med,#a5add3
10/1/2024,Q3_2425,Brent,Fair treatment,10116,339816,2976.905149,0.63,med,med,#a5add3
10/1/2025,Q3_2526,Brent,Good job,10089,339816,2968.959672,0.45,med,med,#a5add3
10/1/2025,Q3_2526,Brent,Trust MPS,10089,339816,2968.959672,0.77,med,high,#8c62aa
10/1/2025,Q3_2526,Brent,Fair treatment,10089,339816,2968.959672,0.66,med,med,#a5add3
1/1/2015,Q4_1415,Brent,Good job,1662,339816,489.0882124,0.6,med,low,#ace4e4
1/1/2015,Q4_1415,Brent,Fair treatment,1662,339816,489.0882124,0.78,med,high,#8c62aa
1/1/2016,Q4_1516,Brent,Good job,1757,339816,517.0445182,0.63,med,low,#ace4e4
1/1/2016,Q4_1516,Brent,Trust MPS,1757,339816,517.0445182,0.83,med,low,#ace4e4
1/1/2016,Q4_1516,Brent,Fair treatment,1757,339816,517.0445182,0.68,med,low,#ace4e4
1/1/2017,Q4_1617,Brent,Good job,1812,339816,533.2297479,0.61,med,low,#ace4e4
1/1/2017,Q4_1617,Brent,Trust MPS,1812,339816,533.2297479,0.86,med,low,#ace4e4
1/1/2017,Q4_1617,Brent,Fair treatment,1812,339816,533.2297479,0.67,med,low,#ace4e4
1/1/2018,Q4_1718,Brent,Good job,9213,339816,2711.173105,0.68,med,med,#a5add3
1/1/2018,Q4_1718,Brent,Trust MPS,9213,339816,2711.173105,0.82,med,low,#ace4e4
1/1/2018,Q4_1718,Brent,Fair treatment,9213,339816,2711.173105,0.72,med,low,#ace4e4
1/1/2019,Q4_1819,Brent,Good job,9422,339816,2772.676978,0.52,med,low,#ace4e4
1/1/2019,Q4_1819,Brent,Trust MPS,9422,339816,2772.676978,0.81,med,low,#ace4e4
1/1/2019,Q4_1819,Brent,Fair treatment,9422,339816,2772.676978,0.73,med,low,#ace4e4
1/1/2020,Q4_1920,Brent,Good job,8991,339816,2645.843633,0.57,med,low,#ace4e4
1/1/2020,Q4_1920,Brent,Trust MPS,8991,339816,2645.843633,0.91,med,high,#8c62aa
1/1/2020,Q4_1920,Brent,Fair treatment,8991,339816,2645.843633,0.88,med,high,#8c62aa
1/1/2021,Q4_2021,Brent,Good job,7836,339816,2305.95381,0.55,med,med,#a5add3
1/1/2021,Q4_2021,Brent,Trust MPS,7836,339816,2305.95381,0.77,med,low,#ace4e4
1/1/2021,Q4_2021,Brent,Fair treatment,7836,339816,2305.95381,0.7,med,med,#a5add3
1/1/2022,Q4_2122,Brent,Good job,8989,339816,2645.255079,0.56,med,high,#8c62aa
1/1/2022,Q4_2122,Brent,Trust MPS,8989,339816,2645.255079,0.78,med,high,#8c62aa
1/1/2022,Q4_2122,Brent,Fair treatment,8989,339816,2645.255079,0.68,med,high,#8c62aa
1/1/2023,Q4_2223,Brent,Good job,9032,339816,2657.908986,0.56,med,high,#8c62aa
1/1/2023,Q4_2223,Brent,Trust MPS,9032,339816,2657.908986,0.78,med,high,#8c62aa
1/1/2023,Q4_2223,Brent,Fair treatment,9032,339816,2657.908986,0.8,med,high,#8c62aa
1/1/2024,Q4_2324,Brent,Good job,9995,339816,2941.297643,0.46,med,med,#a5add3
1/1/2024,Q4_2324,Brent,Trust MPS,9995,339816,2941.297643,0.73,med,med,#a5add3
1/1/2024,Q4_2324,Brent,Fair treatment,9995,339816,2941.297643,0.57,med,low,#ace4e4
1/1/2025,Q4_2425,Brent,Good job,9654,339816,2840.94922,0.42,med,low,#ace4e4
1/1/2025,Q4_2425,Brent,Trust MPS,9654,339816,2840.94922,0.77,med,high,#8c62aa
1/1/2025,Q4_2425,Brent,Fair treatment,9654,339816,2840.94922,0.64,med,med,#a5add3
1/1/2026,Q4_2526,Brent,Good job,9489,339816,2792.393531,0.45,med,med,#a5add3
1/1/2026,Q4_2526,Brent,Trust MPS,9489,339816,2792.393531,0.74,med,med,#a5add3
1/1/2026,Q4_2526,Brent,Fair treatment,9489,339816,2792.393531,0.66,med,med,#a5add3
4/1/2015,Q1_1516,Bromley,Good job,1345,329991,407.5868736,0.74,low,high,#be64ac
4/1/2015,Q1_1516,Bromley,Fair treatment,1345,329991,407.5868736,0.74,low,med,#dfb0d6
4/1/2016,Q1_1617,Bromley,Good job,1316,329991,398.7987551,0.69,low,med,#dfb0d6
4/1/2016,Q1_1617,Bromley,Trust MPS,1316,329991,398.7987551,0.87,low,med,#dfb0d6
4/1/2016,Q1_1617,Bromley,Fair treatment,1316,329991,398.7987551,0.8,low,high,#be64ac
4/1/2017,Q1_1718,Bromley,Good job,7123,329991,2158.543718,0.67,low,med,#dfb0d6
4/1/2017,Q1_1718,Bromley,Trust MPS,7123,329991,2158.543718,0.91,low,high,#be64ac
4/1/2017,Q1_1718,Bromley,Fair treatment,7123,329991,2158.543718,0.83,low,high,#be64ac
4/1/2018,Q1_1819,Bromley,Good job,7254,329991,2198.24177,0.71,low,med,#dfb0d6
4/1/2018,Q1_1819,Bromley,Trust MPS,7254,329991,2198.24177,0.86,low,med,#dfb0d6
4/1/2018,Q1_1819,Bromley,Fair treatment,7254,329991,2198.24177,0.74,low,low,#e8e8e8
4/1/2019,Q1_1920,Bromley,Good job,7494,329991,2270.971026,0.65,low,high,#be64ac
4/1/2019,Q1_1920,Bromley,Trust MPS,7494,329991,2270.971026,0.88,low,high,#be64ac
4/1/2019,Q1_1920,Bromley,Fair treatment,7494,329991,2270.971026,0.84,low,high,#be64ac
4/1/2020,Q1_2021,Bromley,Good job,6214,329991,1883.08166,0.66,low,high,#be64ac
4/1/2020,Q1_2021,Bromley,Trust MPS,6214,329991,1883.08166,0.9,low,high,#be64ac
4/1/2020,Q1_2021,Bromley,Fair treatment,6214,329991,1883.08166,0.84,low,high,#be64ac
4/1/2021,Q1_2122,Bromley,Good job,6951,329991,2106.421084,0.62,low,high,#be64ac
4/1/2021,Q1_2122,Bromley,Trust MPS,6951,329991,2106.421084,0.84,low,high,#be64ac
4/1/2021,Q1_2122,Bromley,Fair treatment,6951,329991,2106.421084,0.71,low,med,#dfb0d6
4/1/2022,Q1_2223,Bromley,Good job,7170,329991,2172.786531,0.56,low,high,#be64ac
4/1/2022,Q1_2223,Bromley,Trust MPS,7170,329991,2172.786531,0.75,low,med,#dfb0d6
4/1/2022,Q1_2223,Bromley,Fair treatment,7170,329991,2172.786531,0.62,low,med,#dfb0d6
4/1/2023,Q1_2324,Bromley,Good job,7486,329991,2268.546718,0.54,low,high,#be64ac
4/1/2023,Q1_2324,Bromley,Trust MPS,7486,329991,2268.546718,0.68,low,med,#dfb0d6
4/1/2023,Q1_2324,Bromley,Fair treatment,7486,329991,2268.546718,0.65,low,med,#dfb0d6
4/1/2024,Q1_2425,Bromley,Good job,7469,329991,2263.395062,0.48,low,med,#dfb0d6
4/1/2024,Q1_2425,Bromley,Trust MPS,7469,329991,2263.395062,0.73,low,med,#dfb0d6
4/1/2024,Q1_2425,Bromley,Fair treatment,7469,329991,2263.395062,0.58,low,low,#e8e8e8
4/1/2025,Q1_2526,Bromley,Good job,7719,329991,2339.154704,0.44,low,med,#dfb0d6
4/1/2025,Q1_2526,Bromley,Trust MPS,7719,329991,2339.154704,0.69,low,low,#e8e8e8
4/1/2025,Q1_2526,Bromley,Fair treatment,7719,329991,2339.154704,0.63,low,low,#e8e8e8
7/1/2015,Q2_1516,Bromley,Good job,1313,329991,397.8896394,0.73,low,high,#be64ac
7/1/2015,Q2_1516,Bromley,Fair treatment,1313,329991,397.8896394,0.77,low,high,#be64ac
7/1/2016,Q2_1617,Bromley,Good job,1507,329991,456.6791216,0.69,low,med,#dfb0d6
7/1/2016,Q2_1617,Bromley,Trust MPS,1507,329991,456.6791216,0.89,low,med,#dfb0d6
7/1/2016,Q2_1617,Bromley,Fair treatment,1507,329991,456.6791216,0.84,low,high,#be64ac
7/1/2017,Q2_1718,Bromley,Good job,6784,329991,2055.813643,0.67,low,med,#dfb0d6
7/1/2017,Q2_1718,Bromley,Trust MPS,6784,329991,2055.813643,0.86,low,low,#e8e8e8
7/1/2017,Q2_1718,Bromley,Fair treatment,6784,329991,2055.813643,0.79,low,med,#dfb0d6
7/1/2018,Q2_1819,Bromley,Good job,7147,329991,2165.816643,0.68,low,med,#dfb0d6
7/1/2018,Q2_1819,Bromley,Trust MPS,7147,329991,2165.816643,0.88,low,high,#be64ac
7/1/2018,Q2_1819,Bromley,Fair treatment,7147,329991,2165.816643,0.78,low,med,#dfb0d6
7/1/2019,Q2_1920,Bromley,Good job,7900,329991,2394.004685,0.69,low,high,#be64ac
7/1/2019,Q2_1920,Bromley,Trust MPS,7900,329991,2394.004685,0.89,low,high,#be64ac
7/1/2019,Q2_1920,Bromley,Fair treatment,7900,329991,2394.004685,0.84,low,high,#be64ac
7/1/2020,Q2_2021,Bromley,Good job,7211,329991,2185.211112,0.64,low,high,#be64ac
7/1/2020,Q2_2021,Bromley,Trust MPS,7211,329991,2185.211112,0.89,low,high,#be64ac
7/1/2020,Q2_2021,Bromley,Fair treatment,7211,329991,2185.211112,0.82,low,high,#be64ac
7/1/2021,Q2_2122,Bromley,Good job,7272,329991,2203.696464,0.6,low,high,#be64ac
7/1/2021,Q2_2122,Bromley,Trust MPS,7272,329991,2203.696464,0.81,low,high,#be64ac
7/1/2021,Q2_2122,Bromley,Fair treatment,7272,329991,2203.696464,0.66,low,med,#dfb0d6
7/1/2022,Q2_2223,Bromley,Good job,7226,329991,2189.75669,0.56,low,high,#be64ac
7/1/2022,Q2_2223,Bromley,Trust MPS,7226,329991,2189.75669,0.73,low,med,#dfb0d6
7/1/2022,Q2_2223,Bromley,Fair treatment,7226,329991,2189.75669,0.64,low,med,#dfb0d6
7/1/2023,Q2_2324,Bromley,Good job,7802,329991,2364.306905,0.52,low,high,#be64ac
7/1/2023,Q2_2324,Bromley,Trust MPS,7802,329991,2364.306905,0.69,low,med,#dfb0d6
7/1/2023,Q2_2324,Bromley,Fair treatment,7802,329991,2364.306905,0.64,low,med,#dfb0d6
7/1/2024,Q2_2425,Bromley,Good job,8039,329991,2436.127046,0.47,low,med,#dfb0d6
7/1/2024,Q2_2425,Bromley,Trust MPS,8039,329991,2436.127046,0.72,low,med,#dfb0d6
7/1/2024,Q2_2425,Bromley,Fair treatment,8039,329991,2436.127046,0.59,low,med,#dfb0d6
7/1/2025,Q2_2526,Bromley,Good job,7834,329991,2374.00414,0.45,low,med,#dfb0d6
7/1/2025,Q2_2526,Bromley,Trust MPS,7834,329991,2374.00414,0.7,low,low,#e8e8e8
7/1/2025,Q2_2526,Bromley,Fair treatment,7834,329991,2374.00414,0.65,low,low,#e8e8e8
10/1/2015,Q3_1516,Bromley,Good job,1263,329991,382.737711,0.7,low,med,#dfb0d6
10/1/2015,Q3_1516,Bromley,Fair treatment,1263,329991,382.737711,0.81,low,high,#be64ac
10/1/2016,Q3_1617,Bromley,Good job,1374,329991,416.374992,0.71,low,med,#dfb0d6
10/1/2016,Q3_1617,Bromley,Trust MPS,1374,329991,416.374992,0.91,low,high,#be64ac
10/1/2016,Q3_1617,Bromley,Fair treatment,1374,329991,416.374992,0.83,low,high,#be64ac
10/1/2017,Q3_1718,Bromley,Good job,6948,329991,2105.511969,0.67,low,med,#dfb0d6
10/1/2017,Q3_1718,Bromley,Trust MPS,6948,329991,2105.511969,0.87,low,med,#dfb0d6
10/1/2017,Q3_1718,Bromley,Fair treatment,6948,329991,2105.511969,0.79,low,med,#dfb0d6
10/1/2018,Q3_1819,Bromley,Good job,7216,329991,2186.726305,0.68,low,med,#dfb0d6
10/1/2018,Q3_1819,Bromley,Trust MPS,7216,329991,2186.726305,0.88,low,high,#be64ac
10/1/2018,Q3_1819,Bromley,Fair treatment,7216,329991,2186.726305,0.8,low,high,#be64ac
10/1/2019,Q3_1920,Bromley,Good job,8210,329991,2487.946641,0.65,low,high,#be64ac
10/1/2019,Q3_1920,Bromley,Trust MPS,8210,329991,2487.946641,0.88,low,high,#be64ac
10/1/2019,Q3_1920,Bromley,Fair treatment,8210,329991,2487.946641,0.8,low,med,#dfb0d6
10/1/2020,Q3_2021,Bromley,Good job,6991,329991,2118.542627,0.67,low,high,#be64ac
10/1/2020,Q3_2021,Bromley,Trust MPS,6991,329991,2118.542627,0.89,low,high,#be64ac
10/1/2020,Q3_2021,Bromley,Fair treatment,6991,329991,2118.542627,0.81,low,high,#be64ac
10/1/2021,Q3_2122,Bromley,Good job,7652,329991,2318.85112,0.56,low,high,#be64ac
10/1/2021,Q3_2122,Bromley,Trust MPS,7652,329991,2318.85112,0.79,low,med,#dfb0d6
10/1/2021,Q3_2122,Bromley,Fair treatment,7652,329991,2318.85112,0.62,low,low,#e8e8e8
10/1/2022,Q3_2223,Bromley,Good job,6909,329991,2093.693464,0.55,low,high,#be64ac
10/1/2022,Q3_2223,Bromley,Trust MPS,6909,329991,2093.693464,0.72,low,med,#dfb0d6
10/1/2022,Q3_2223,Bromley,Fair treatment,6909,329991,2093.693464,0.67,low,med,#dfb0d6
10/1/2023,Q3_2324,Bromley,Good job,7502,329991,2273.395335,0.51,low,high,#be64ac
10/1/2023,Q3_2324,Bromley,Trust MPS,7502,329991,2273.395335,0.68,low,med,#dfb0d6
10/1/2023,Q3_2324,Bromley,Fair treatment,7502,329991,2273.395335,0.6,low,med,#dfb0d6
10/1/2024,Q3_2425,Bromley,Good job,7739,329991,2345.215476,0.46,low,med,#dfb0d6
10/1/2024,Q3_2425,Bromley,Trust MPS,7739,329991,2345.215476,0.71,low,low,#e8e8e8
10/1/2024,Q3_2425,Bromley,Fair treatment,7739,329991,2345.215476,0.58,low,low,#e8e8e8
10/1/2025,Q3_2526,Bromley,Good job,7275,329991,2204.60558,0.45,low,med,#dfb0d6
10/1/2025,Q3_2526,Bromley,Trust MPS,7275,329991,2204.60558,0.71,low,med,#dfb0d6
10/1/2025,Q3_2526,Bromley,Fair treatment,7275,329991,2204.60558,0.66,low,med,#dfb0d6
1/1/2015,Q4_1415,Bromley,Good job,1178,329991,356.9794328,0.73,low,high,#be64ac
1/1/2015,Q4_1415,Bromley,Fair treatment,1178,329991,356.9794328,0.73,low,med,#dfb0d6
1/1/2016,Q4_1516,Bromley,Good job,1141,329991,345.7670058,0.7,low,med,#dfb0d6
1/1/2016,Q4_1516,Bromley,Trust MPS,1141,329991,345.7670058,0.88,low,med,#dfb0d6
1/1/2016,Q4_1516,Bromley,Fair treatment,1141,329991,345.7670058,0.8,low,high,#be64ac
1/1/2017,Q4_1617,Bromley,Good job,1392,329991,421.8296863,0.69,low,med,#dfb0d6
1/1/2017,Q4_1617,Bromley,Trust MPS,1392,329991,421.8296863,0.89,low,med,#dfb0d6
1/1/2017,Q4_1617,Bromley,Fair treatment,1392,329991,421.8296863,0.81,low,high,#be64ac
1/1/2018,Q4_1718,Bromley,Good job,6866,329991,2080.662806,0.72,low,med,#dfb0d6
1/1/2018,Q4_1718,Bromley,Trust MPS,6866,329991,2080.662806,0.87,low,med,#dfb0d6
1/1/2018,Q4_1718,Bromley,Fair treatment,6866,329991,2080.662806,0.77,low,med,#dfb0d6
1/1/2019,Q4_1819,Bromley,Good job,7323,329991,2219.151431,0.66,low,high,#be64ac
1/1/2019,Q4_1819,Bromley,Trust MPS,7323,329991,2219.151431,0.88,low,high,#be64ac
1/1/2019,Q4_1819,Bromley,Fair treatment,7323,329991,2219.151431,0.83,low,high,#be64ac
1/1/2020,Q4_1920,Bromley,Good job,7298,329991,2211.575467,0.65,low,high,#be64ac
1/1/2020,Q4_1920,Bromley,Trust MPS,7298,329991,2211.575467,0.89,low,high,#be64ac
1/1/2020,Q4_1920,Bromley,Fair treatment,7298,329991,2211.575467,0.83,low,med,#dfb0d6
1/1/2021,Q4_2021,Bromley,Good job,5988,329991,1814.594943,0.62,low,high,#be64ac
1/1/2021,Q4_2021,Bromley,Trust MPS,5988,329991,1814.594943,0.87,low,high,#be64ac
1/1/2021,Q4_2021,Bromley,Fair treatment,5988,329991,1814.594943,0.78,low,high,#be64ac
1/1/2022,Q4_2122,Bromley,Good job,7088,329991,2147.937368,0.58,low,high,#be64ac
1/1/2022,Q4_2122,Bromley,Trust MPS,7088,329991,2147.937368,0.75,low,med,#dfb0d6
1/1/2022,Q4_2122,Bromley,Fair treatment,7088,329991,2147.937368,0.59,low,med,#dfb0d6
1/1/2023,Q4_2223,Bromley,Good job,6950,329991,2106.118046,0.54,low,high,#be64ac
1/1/2023,Q4_2223,Bromley,Trust MPS,6950,329991,2106.118046,0.71,low,med,#dfb0d6
1/1/2023,Q4_2223,Bromley,Fair treatment,6950,329991,2106.118046,0.66,low,med,#dfb0d6
1/1/2024,Q4_2324,Bromley,Good job,7379,329991,2236.121591,0.5,low,high,#be64ac
1/1/2024,Q4_2324,Bromley,Trust MPS,7379,329991,2236.121591,0.69,low,med,#dfb0d6
1/1/2024,Q4_2324,Bromley,Fair treatment,7379,329991,2236.121591,0.59,low,low,#e8e8e8
1/1/2025,Q4_2425,Bromley,Good job,7402,329991,2243.091478,0.43,low,low,#e8e8e8
1/1/2025,Q4_2425,Bromley,Trust MPS,7402,329991,2243.091478,0.7,low,low,#e8e8e8
1/1/2025,Q4_2425,Bromley,Fair treatment,7402,329991,2243.091478,0.61,low,low,#e8e8e8
1/1/2026,Q4_2526,Bromley,Good job,6983,329991,2116.118318,0.45,low,med,#dfb0d6
1/1/2026,Q4_2526,Bromley,Trust MPS,6983,329991,2116.118318,0.69,low,low,#e8e8e8
1/1/2026,Q4_2526,Bromley,Fair treatment,6983,329991,2116.118318,0.64,low,med,#dfb0d6
4/1/2015,Q1_1516,Camden,Good job,2099,210136,998.8769178,0.68,high,med,#5698b9
4/1/2015,Q1_1516,Camden,Fair treatment,2099,210136,998.8769178,0.67,high,low,#5ac8c8
4/1/2016,Q1_1617,Camden,Good job,1604,210136,763.3151864,0.69,high,med,#5698b9
4/1/2016,Q1_1617,Camden,Trust MPS,1604,210136,763.3151864,0.87,high,med,#5698b9
4/1/2016,Q1_1617,Camden,Fair treatment,1604,210136,763.3151864,0.78,high,med,#5698b9
4/1/2017,Q1_1718,Camden,Good job,12734,210136,6059.885027,0.66,high,low,#5ac8c8
4/1/2017,Q1_1718,Camden,Trust MPS,12734,210136,6059.885027,0.88,high,low,#5ac8c8
4/1/2017,Q1_1718,Camden,Fair treatment,12734,210136,6059.885027,0.74,high,low,#5ac8c8
4/1/2018,Q1_1819,Camden,Good job,11324,210136,5388.891004,0.6,high,low,#5ac8c8
4/1/2018,Q1_1819,Camden,Trust MPS,11324,210136,5388.891004,0.89,high,high,#3b4994
4/1/2018,Q1_1819,Camden,Fair treatment,11324,210136,5388.891004,0.69,high,low,#5ac8c8
4/1/2019,Q1_1920,Camden,Good job,12197,210136,5804.336239,0.58,high,low,#5ac8c8
4/1/2019,Q1_1920,Camden,Trust MPS,12197,210136,5804.336239,0.81,high,low,#5ac8c8
4/1/2019,Q1_1920,Camden,Fair treatment,12197,210136,5804.336239,0.72,high,low,#5ac8c8
4/1/2020,Q1_2021,Camden,Good job,7281,210136,3464.898923,0.58,high,med,#5698b9
4/1/2020,Q1_2021,Camden,Trust MPS,7281,210136,3464.898923,0.8,high,low,#5ac8c8
4/1/2020,Q1_2021,Camden,Fair treatment,7281,210136,3464.898923,0.64,high,low,#5ac8c8
4/1/2021,Q1_2122,Camden,Good job,8602,210136,4093.539422,0.53,high,med,#5698b9
4/1/2021,Q1_2122,Camden,Trust MPS,8602,210136,4093.539422,0.77,high,low,#5ac8c8
4/1/2021,Q1_2122,Camden,Fair treatment,8602,210136,4093.539422,0.58,high,low,#5ac8c8
4/1/2022,Q1_2223,Camden,Good job,10336,210136,4918.719306,0.45,high,low,#5ac8c8
4/1/2022,Q1_2223,Camden,Trust MPS,10336,210136,4918.719306,0.68,high,low,#5ac8c8
4/1/2022,Q1_2223,Camden,Fair treatment,10336,210136,4918.719306,0.51,high,low,#5ac8c8
4/1/2023,Q1_2324,Camden,Good job,12316,210136,5860.966231,0.44,high,low,#5ac8c8
4/1/2023,Q1_2324,Camden,Trust MPS,12316,210136,5860.966231,0.67,high,low,#5ac8c8
4/1/2023,Q1_2324,Camden,Fair treatment,12316,210136,5860.966231,0.48,high,low,#5ac8c8
4/1/2024,Q1_2425,Camden,Good job,12399,210136,5900.464461,0.46,high,med,#5698b9
4/1/2024,Q1_2425,Camden,Trust MPS,12399,210136,5900.464461,0.65,high,low,#5ac8c8
4/1/2024,Q1_2425,Camden,Fair treatment,12399,210136,5900.464461,0.55,high,low,#5ac8c8
4/1/2025,Q1_2526,Camden,Good job,12045,210136,5732.002132,0.35,high,low,#5ac8c8
4/1/2025,Q1_2526,Camden,Trust MPS,12045,210136,5732.002132,0.67,high,low,#5ac8c8
4/1/2025,Q1_2526,Camden,Fair treatment,12045,210136,5732.002132,0.51,high,low,#5ac8c8
7/1/2015,Q2_1516,Camden,Good job,1760,210136,837.5528229,0.68,high,med,#5698b9
7/1/2015,Q2_1516,Camden,Fair treatment,1760,210136,837.5528229,0.69,high,low,#5ac8c8
7/1/2016,Q2_1617,Camden,Good job,2122,210136,1009.82221,0.72,high,med,#5698b9
7/1/2016,Q2_1617,Camden,Trust MPS,2122,210136,1009.82221,0.89,high,med,#5698b9
7/1/2016,Q2_1617,Camden,Fair treatment,2122,210136,1009.82221,0.8,high,high,#3b4994
7/1/2017,Q2_1718,Camden,Good job,13643,210136,6492.462025,0.63,high,low,#5ac8c8
7/1/2017,Q2_1718,Camden,Trust MPS,13643,210136,6492.462025,0.87,high,med,#5698b9
7/1/2017,Q2_1718,Camden,Fair treatment,13643,210136,6492.462025,0.69,high,low,#5ac8c8
7/1/2018,Q2_1819,Camden,Good job,11095,210136,5279.91396,0.61,high,med,#5698b9
7/1/2018,Q2_1819,Camden,Trust MPS,11095,210136,5279.91396,0.87,high,med,#5698b9
7/1/2018,Q2_1819,Camden,Fair treatment,11095,210136,5279.91396,0.7,high,low,#5ac8c8
7/1/2019,Q2_1920,Camden,Good job,12488,210136,5942.817985,0.54,high,low,#5ac8c8
7/1/2019,Q2_1920,Camden,Trust MPS,12488,210136,5942.817985,0.82,high,low,#5ac8c8
7/1/2019,Q2_1920,Camden,Fair treatment,12488,210136,5942.817985,0.72,high,low,#5ac8c8
7/1/2020,Q2_2021,Camden,Good job,9419,210136,4482.33525,0.59,high,med,#5698b9
7/1/2020,Q2_2021,Camden,Trust MPS,9419,210136,4482.33525,0.76,high,low,#5ac8c8
7/1/2020,Q2_2021,Camden,Fair treatment,9419,210136,4482.33525,0.63,high,low,#5ac8c8
7/1/2021,Q2_2122,Camden,Good job,9382,210136,4464.727605,0.49,high,low,#5ac8c8
7/1/2021,Q2_2122,Camden,Trust MPS,9382,210136,4464.727605,0.77,high,med,#5698b9
7/1/2021,Q2_2122,Camden,Fair treatment,9382,210136,4464.727605,0.57,high,low,#5ac8c8
7/1/2022,Q2_2223,Camden,Good job,10205,210136,4856.378726,0.46,high,low,#5ac8c8
7/1/2022,Q2_2223,Camden,Trust MPS,10205,210136,4856.378726,0.66,high,low,#5ac8c8
7/1/2022,Q2_2223,Camden,Fair treatment,10205,210136,4856.378726,0.5,high,low,#5ac8c8
7/1/2023,Q2_2324,Camden,Good job,11773,210136,5602.56215,0.47,high,med,#5698b9
7/1/2023,Q2_2324,Camden,Trust MPS,11773,210136,5602.56215,0.67,high,low,#5ac8c8
7/1/2023,Q2_2324,Camden,Fair treatment,11773,210136,5602.56215,0.5,high,low,#5ac8c8
7/1/2024,Q2_2425,Camden,Good job,12609,210136,6000.399741,0.41,high,low,#5ac8c8
7/1/2024,Q2_2425,Camden,Trust MPS,12609,210136,6000.399741,0.65,high,low,#5ac8c8
7/1/2024,Q2_2425,Camden,Fair treatment,12609,210136,6000.399741,0.54,high,low,#5ac8c8
7/1/2025,Q2_2526,Camden,Good job,12500,210136,5948.528572,0.38,high,low,#5ac8c8
7/1/2025,Q2_2526,Camden,Trust MPS,12500,210136,5948.528572,0.67,high,low,#5ac8c8
7/1/2025,Q2_2526,Camden,Fair treatment,12500,210136,5948.528572,0.53,high,low,#5ac8c8
10/1/2015,Q3_1516,Camden,Good job,1705,210136,811.3792972,0.7,high,med,#5698b9
10/1/2015,Q3_1516,Camden,Fair treatment,1705,210136,811.3792972,0.74,high,med,#5698b9
10/1/2016,Q3_1617,Camden,Good job,2030,210136,966.0410401,0.68,high,med,#5698b9
10/1/2016,Q3_1617,Camden,Trust MPS,2030,210136,966.0410401,0.88,high,med,#5698b9
10/1/2016,Q3_1617,Camden,Fair treatment,2030,210136,966.0410401,0.77,high,med,#5698b9
10/1/2017,Q3_1718,Camden,Good job,13348,210136,6352.07675,0.6,high,low,#5ac8c8
10/1/2017,Q3_1718,Camden,Trust MPS,13348,210136,6352.07675,0.88,high,med,#5698b9
10/1/2017,Q3_1718,Camden,Fair treatment,13348,210136,6352.07675,0.69,high,low,#5ac8c8
10/1/2018,Q3_1819,Camden,Good job,11235,210136,5346.53748,0.6,high,med,#5698b9
10/1/2018,Q3_1819,Camden,Trust MPS,11235,210136,5346.53748,0.85,high,med,#5698b9
10/1/2018,Q3_1819,Camden,Fair treatment,11235,210136,5346.53748,0.7,high,low,#5ac8c8
10/1/2019,Q3_1920,Camden,Good job,13183,210136,6273.556173,0.6,high,med,#5698b9
10/1/2019,Q3_1920,Camden,Trust MPS,13183,210136,6273.556173,0.83,high,low,#5ac8c8
10/1/2019,Q3_1920,Camden,Fair treatment,13183,210136,6273.556173,0.71,high,low,#5ac8c8
10/1/2020,Q3_2021,Camden,Good job,8469,210136,4030.247078,0.56,high,med,#5698b9
10/1/2020,Q3_2021,Camden,Trust MPS,8469,210136,4030.247078,0.74,high,low,#5ac8c8
10/1/2020,Q3_2021,Camden,Fair treatment,8469,210136,4030.247078,0.61,high,low,#5ac8c8
10/1/2021,Q3_2122,Camden,Good job,9602,210136,4569.421708,0.49,high,med,#5698b9
10/1/2021,Q3_2122,Camden,Trust MPS,9602,210136,4569.421708,0.73,high,low,#5ac8c8
10/1/2021,Q3_2122,Camden,Fair treatment,9602,210136,4569.421708,0.56,high,low,#5ac8c8
10/1/2022,Q3_2223,Camden,Good job,10651,210136,5068.622226,0.41,high,low,#5ac8c8
10/1/2022,Q3_2223,Camden,Trust MPS,10651,210136,5068.622226,0.68,high,low,#5ac8c8
10/1/2022,Q3_2223,Camden,Fair treatment,10651,210136,5068.622226,0.47,high,low,#5ac8c8
10/1/2023,Q3_2324,Camden,Good job,12303,210136,5854.779762,0.48,high,med,#5698b9
10/1/2023,Q3_2324,Camden,Trust MPS,12303,210136,5854.779762,0.66,high,low,#5ac8c8
10/1/2023,Q3_2324,Camden,Fair treatment,12303,210136,5854.779762,0.52,high,low,#5ac8c8
10/1/2024,Q3_2425,Camden,Good job,13244,210136,6302.584993,0.39,high,low,#5ac8c8
10/1/2024,Q3_2425,Camden,Trust MPS,13244,210136,6302.584993,0.64,high,low,#5ac8c8
10/1/2024,Q3_2425,Camden,Fair treatment,13244,210136,6302.584993,0.54,high,low,#5ac8c8
10/1/2025,Q3_2526,Camden,Good job,11723,210136,5578.768036,0.38,high,low,#5ac8c8
10/1/2025,Q3_2526,Camden,Trust MPS,11723,210136,5578.768036,0.68,high,low,#5ac8c8
10/1/2025,Q3_2526,Camden,Fair treatment,11723,210136,5578.768036,0.52,high,low,#5ac8c8
1/1/2015,Q4_1415,Camden,Good job,1737,210136,826.6075304,0.67,high,med,#5698b9
1/1/2015,Q4_1415,Camden,Fair treatment,1737,210136,826.6075304,0.68,high,low,#5ac8c8
1/1/2016,Q4_1516,Camden,Good job,1678,210136,798.5304755,0.7,high,med,#5698b9
1/1/2016,Q4_1516,Camden,Trust MPS,1678,210136,798.5304755,0.84,high,low,#5ac8c8
1/1/2016,Q4_1516,Camden,Fair treatment,1678,210136,798.5304755,0.75,high,med,#5698b9
1/1/2017,Q4_1617,Camden,Good job,2311,210136,1099.763962,0.69,high,med,#5698b9
1/1/2017,Q4_1617,Camden,Trust MPS,2311,210136,1099.763962,0.88,high,med,#5698b9
1/1/2017,Q4_1617,Camden,Fair treatment,2311,210136,1099.763962,0.76,high,low,#5ac8c8
1/1/2018,Q4_1718,Camden,Good job,11444,210136,5445.996878,0.57,high,low,#5ac8c8
1/1/2018,Q4_1718,Camden,Trust MPS,11444,210136,5445.996878,0.89,high,high,#3b4994
1/1/2018,Q4_1718,Camden,Fair treatment,11444,210136,5445.996878,0.69,high,low,#5ac8c8
1/1/2019,Q4_1819,Camden,Good job,11976,210136,5699.166254,0.59,high,med,#5698b9
1/1/2019,Q4_1819,Camden,Trust MPS,11976,210136,5699.166254,0.84,high,med,#5698b9
1/1/2019,Q4_1819,Camden,Fair treatment,11976,210136,5699.166254,0.71,high,low,#5ac8c8
1/1/2020,Q4_1920,Camden,Good job,12082,210136,5749.609777,0.61,high,med,#5698b9
1/1/2020,Q4_1920,Camden,Trust MPS,12082,210136,5749.609777,0.79,high,low,#5ac8c8
1/1/2020,Q4_1920,Camden,Fair treatment,12082,210136,5749.609777,0.66,high,low,#5ac8c8
1/1/2021,Q4_2021,Camden,Good job,6540,210136,3112.270149,0.54,high,med,#5698b9
1/1/2021,Q4_2021,Camden,Trust MPS,6540,210136,3112.270149,0.77,high,low,#5ac8c8
1/1/2021,Q4_2021,Camden,Fair treatment,6540,210136,3112.270149,0.61,high,low,#5ac8c8
1/1/2022,Q4_2122,Camden,Good job,9381,210136,4464.251723,0.46,high,low,#5ac8c8
1/1/2022,Q4_2122,Camden,Trust MPS,9381,210136,4464.251723,0.7,high,low,#5ac8c8
1/1/2022,Q4_2122,Camden,Fair treatment,9381,210136,4464.251723,0.52,high,low,#5ac8c8
1/1/2023,Q4_2223,Camden,Good job,10806,210136,5142.38398,0.44,high,low,#5ac8c8
1/1/2023,Q4_2223,Camden,Trust MPS,10806,210136,5142.38398,0.67,high,low,#5ac8c8
1/1/2023,Q4_2223,Camden,Fair treatment,10806,210136,5142.38398,0.49,high,low,#5ac8c8
1/1/2024,Q4_2324,Camden,Good job,12165,210136,5789.108006,0.48,high,med,#5698b9
1/1/2024,Q4_2324,Camden,Trust MPS,12165,210136,5789.108006,0.67,high,low,#5ac8c8
1/1/2024,Q4_2324,Camden,Fair treatment,12165,210136,5789.108006,0.53,high,low,#5ac8c8
1/1/2025,Q4_2425,Camden,Good job,12053,210136,5735.80919,0.38,high,low,#5ac8c8
1/1/2025,Q4_2425,Camden,Trust MPS,12053,210136,5735.80919,0.65,high,low,#5ac8c8
1/1/2025,Q4_2425,Camden,Fair treatment,12053,210136,5735.80919,0.52,high,low,#5ac8c8
1/1/2026,Q4_2526,Camden,Good job,10774,210136,5127.155747,0.36,high,low,#5ac8c8
1/1/2026,Q4_2526,Camden,Trust MPS,10774,210136,5127.155747,0.67,high,low,#5ac8c8
1/1/2026,Q4_2526,Camden,Fair treatment,10774,210136,5127.155747,0.5,high,low,#5ac8c8
,,,,,,,,,,
4/1/2015,Q1_1516,Croydon,Good job,2057,390719,526.4653114,0.6,med,low,#ace4e4
4/1/2015,Q1_1516,Croydon,Fair treatment,2057,390719,526.4653114,0.67,med,low,#ace4e4
4/1/2016,Q1_1617,Croydon,Good job,2156,390719,551.8032141,0.62,med,low,#ace4e4
4/1/2016,Q1_1617,Croydon,Trust MPS,2156,390719,551.8032141,0.81,med,low,#ace4e4
4/1/2016,Q1_1617,Croydon,Fair treatment,2156,390719,551.8032141,0.76,med,med,#a5add3
4/1/2017,Q1_1718,Croydon,Good job,9752,390719,2495.911384,0.59,med,low,#ace4e4
4/1/2017,Q1_1718,Croydon,Trust MPS,9752,390719,2495.911384,0.83,med,low,#ace4e4
4/1/2017,Q1_1718,Croydon,Fair treatment,9752,390719,2495.911384,0.73,med,low,#ace4e4
4/1/2018,Q1_1819,Croydon,Good job,9717,390719,2486.95354,0.57,med,low,#ace4e4
4/1/2018,Q1_1819,Croydon,Trust MPS,9717,390719,2486.95354,0.81,med,low,#ace4e4
4/1/2018,Q1_1819,Croydon,Fair treatment,9717,390719,2486.95354,0.69,med,low,#ace4e4
4/1/2019,Q1_1920,Croydon,Good job,10241,390719,2621.065267,0.54,med,low,#ace4e4
4/1/2019,Q1_1920,Croydon,Trust MPS,10241,390719,2621.065267,0.8,med,low,#ace4e4
4/1/2019,Q1_1920,Croydon,Fair treatment,10241,390719,2621.065267,0.77,med,med,#a5add3
4/1/2020,Q1_2021,Croydon,Good job,9927,390719,2540.700606,0.53,med,low,#ace4e4
4/1/2020,Q1_2021,Croydon,Trust MPS,9927,390719,2540.700606,0.8,med,low,#ace4e4
4/1/2020,Q1_2021,Croydon,Fair treatment,9927,390719,2540.700606,0.7,med,low,#ace4e4
4/1/2021,Q1_2122,Croydon,Good job,10660,390719,2728.303461,0.5,med,low,#ace4e4
4/1/2021,Q1_2122,Croydon,Trust MPS,10660,390719,2728.303461,0.76,med,low,#ace4e4
4/1/2021,Q1_2122,Croydon,Fair treatment,10660,390719,2728.303461,0.63,med,low,#ace4e4
4/1/2022,Q1_2223,Croydon,Good job,11008,390719,2817.370028,0.38,med,low,#ace4e4
4/1/2022,Q1_2223,Croydon,Trust MPS,11008,390719,2817.370028,0.67,med,low,#ace4e4
4/1/2022,Q1_2223,Croydon,Fair treatment,11008,390719,2817.370028,0.57,med,low,#ace4e4
4/1/2023,Q1_2324,Croydon,Good job,10747,390719,2750.570103,0.38,med,low,#ace4e4
4/1/2023,Q1_2324,Croydon,Trust MPS,10747,390719,2750.570103,0.64,med,low,#ace4e4
4/1/2023,Q1_2324,Croydon,Fair treatment,10747,390719,2750.570103,0.58,med,low,#ace4e4
4/1/2024,Q1_2425,Croydon,Good job,11325,390719,2898.502504,0.42,med,low,#ace4e4
4/1/2024,Q1_2425,Croydon,Trust MPS,11325,390719,2898.502504,0.69,med,low,#ace4e4
4/1/2024,Q1_2425,Croydon,Fair treatment,11325,390719,2898.502504,0.56,med,low,#ace4e4
4/1/2025,Q1_2526,Croydon,Good job,11528,390719,2950.458002,0.41,med,low,#ace4e4
4/1/2025,Q1_2526,Croydon,Trust MPS,11528,390719,2950.458002,0.67,med,low,#ace4e4
4/1/2025,Q1_2526,Croydon,Fair treatment,11528,390719,2950.458002,0.59,med,low,#ace4e4
7/1/2015,Q2_1516,Croydon,Good job,1925,390719,492.6814411,0.59,med,low,#ace4e4
7/1/2015,Q2_1516,Croydon,Fair treatment,1925,390719,492.6814411,0.69,med,low,#ace4e4
7/1/2016,Q2_1617,Croydon,Good job,2749,390719,703.5746918,0.59,high,low,#5ac8c8
7/1/2016,Q2_1617,Croydon,Trust MPS,2749,390719,703.5746918,0.81,high,low,#5ac8c8
7/1/2016,Q2_1617,Croydon,Fair treatment,2749,390719,703.5746918,0.75,high,med,#5698b9
7/1/2017,Q2_1718,Croydon,Good job,9938,390719,2543.515928,0.63,med,low,#ace4e4
7/1/2017,Q2_1718,Croydon,Trust MPS,9938,390719,2543.515928,0.85,med,low,#ace4e4
7/1/2017,Q2_1718,Croydon,Fair treatment,9938,390719,2543.515928,0.74,med,low,#ace4e4
7/1/2018,Q2_1819,Croydon,Good job,9862,390719,2524.064609,0.56,med,low,#ace4e4
7/1/2018,Q2_1819,Croydon,Trust MPS,9862,390719,2524.064609,0.79,med,low,#ace4e4
7/1/2018,Q2_1819,Croydon,Fair treatment,9862,390719,2524.064609,0.69,med,low,#ace4e4
7/1/2019,Q2_1920,Croydon,Good job,11245,390719,2878.027431,0.56,med,low,#ace4e4
7/1/2019,Q2_1920,Croydon,Trust MPS,11245,390719,2878.027431,0.84,med,med,#a5add3
7/1/2019,Q2_1920,Croydon,Fair treatment,11245,390719,2878.027431,0.78,med,low,#ace4e4
7/1/2020,Q2_2021,Croydon,Good job,11603,390719,2969.653383,0.49,med,low,#ace4e4
7/1/2020,Q2_2021,Croydon,Trust MPS,11603,390719,2969.653383,0.76,med,low,#ace4e4
7/1/2020,Q2_2021,Croydon,Fair treatment,11603,390719,2969.653383,0.65,med,low,#ace4e4
7/1/2021,Q2_2122,Croydon,Good job,10696,390719,2737.517244,0.49,med,low,#ace4e4
7/1/2021,Q2_2122,Croydon,Trust MPS,10696,390719,2737.517244,0.75,med,low,#ace4e4
7/1/2021,Q2_2122,Croydon,Fair treatment,10696,390719,2737.517244,0.63,med,low,#ace4e4
7/1/2022,Q2_2223,Croydon,Good job,11273,390719,2885.193707,0.38,med,low,#ace4e4
7/1/2022,Q2_2223,Croydon,Trust MPS,11273,390719,2885.193707,0.67,med,low,#ace4e4
7/1/2022,Q2_2223,Croydon,Fair treatment,11273,390719,2885.193707,0.57,med,low,#ace4e4
7/1/2023,Q2_2324,Croydon,Good job,11715,390719,2998.318485,0.38,med,low,#ace4e4
7/1/2023,Q2_2324,Croydon,Trust MPS,11715,390719,2998.318485,0.65,med,low,#ace4e4
7/1/2023,Q2_2324,Croydon,Fair treatment,11715,390719,2998.318485,0.58,med,low,#ace4e4
7/1/2024,Q2_2425,Croydon,Good job,12040,390719,3081.498468,0.42,med,low,#ace4e4
7/1/2024,Q2_2425,Croydon,Trust MPS,12040,390719,3081.498468,0.68,med,low,#ace4e4
7/1/2024,Q2_2425,Croydon,Fair treatment,12040,390719,3081.498468,0.57,med,low,#ace4e4
7/1/2025,Q2_2526,Croydon,Good job,11549,390719,2955.832708,0.44,med,low,#ace4e4
7/1/2025,Q2_2526,Croydon,Trust MPS,11549,390719,2955.832708,0.67,med,low,#ace4e4
7/1/2025,Q2_2526,Croydon,Fair treatment,11549,390719,2955.832708,0.6,med,low,#ace4e4
10/1/2015,Q3_1516,Croydon,Good job,2132,390719,545.6606922,0.57,med,low,#ace4e4
10/1/2015,Q3_1516,Croydon,Fair treatment,2132,390719,545.6606922,0.69,med,low,#ace4e4
10/1/2016,Q3_1617,Croydon,Good job,2129,390719,544.892877,0.64,med,low,#ace4e4
10/1/2016,Q3_1617,Croydon,Trust MPS,2129,390719,544.892877,0.83,med,low,#ace4e4
10/1/2016,Q3_1617,Croydon,Fair treatment,2129,390719,544.892877,0.77,med,med,#a5add3
10/1/2017,Q3_1718,Croydon,Good job,9644,390719,2468.270035,0.61,med,low,#ace4e4
10/1/2017,Q3_1718,Croydon,Trust MPS,9644,390719,2468.270035,0.84,med,low,#ace4e4
10/1/2017,Q3_1718,Croydon,Fair treatment,9644,390719,2468.270035,0.71,med,low,#ace4e4
10/1/2018,Q3_1819,Croydon,Good job,10058,390719,2574.228538,0.55,med,low,#ace4e4
10/1/2018,Q3_1819,Croydon,Trust MPS,10058,390719,2574.228538,0.78,med,low,#ace4e4
10/1/2018,Q3_1819,Croydon,Fair treatment,10058,390719,2574.228538,0.71,med,low,#ace4e4
10/1/2019,Q3_1920,Croydon,Good job,11189,390719,2863.69488,0.55,med,low,#ace4e4
10/1/2019,Q3_1920,Croydon,Trust MPS,11189,390719,2863.69488,0.84,med,med,#a5add3
10/1/2019,Q3_1920,Croydon,Fair treatment,11189,390719,2863.69488,0.78,med,low,#ace4e4
10/1/2020,Q3_2021,Croydon,Good job,10091,390719,2582.674505,0.5,med,low,#ace4e4
10/1/2020,Q3_2021,Croydon,Trust MPS,10091,390719,2582.674505,0.75,med,low,#ace4e4
10/1/2020,Q3_2021,Croydon,Fair treatment,10091,390719,2582.674505,0.63,med,low,#ace4e4
10/1/2021,Q3_2122,Croydon,Good job,11151,390719,2853.969221,0.43,med,low,#ace4e4
10/1/2021,Q3_2122,Croydon,Trust MPS,11151,390719,2853.969221,0.75,med,low,#ace4e4
10/1/2021,Q3_2122,Croydon,Fair treatment,11151,390719,2853.969221,0.63,med,med,#a5add3
10/1/2022,Q3_2223,Croydon,Good job,10611,390719,2715.762479,0.38,med,low,#ace4e4
10/1/2022,Q3_2223,Croydon,Trust MPS,10611,390719,2715.762479,0.62,med,low,#ace4e4
10/1/2022,Q3_2223,Croydon,Fair treatment,10611,390719,2715.762479,0.55,med,low,#ace4e4
10/1/2023,Q3_2324,Croydon,Good job,11237,390719,2875.979924,0.38,med,low,#ace4e4
10/1/2023,Q3_2324,Croydon,Trust MPS,11237,390719,2875.979924,0.65,med,low,#ace4e4
10/1/2023,Q3_2324,Croydon,Fair treatment,11237,390719,2875.979924,0.55,med,low,#ace4e4
10/1/2024,Q3_2425,Croydon,Good job,11697,390719,2993.711593,0.44,med,med,#a5add3
10/1/2024,Q3_2425,Croydon,Trust MPS,11697,390719,2993.711593,0.69,med,low,#ace4e4
10/1/2024,Q3_2425,Croydon,Fair treatment,11697,390719,2993.711593,0.59,med,low,#ace4e4
10/1/2025,Q3_2526,Croydon,Good job,10151,390719,2598.03081,0.44,med,low,#ace4e4
10/1/2025,Q3_2526,Croydon,Trust MPS,10151,390719,2598.03081,0.65,med,low,#ace4e4
10/1/2025,Q3_2526,Croydon,Fair treatment,10151,390719,2598.03081,0.57,med,low,#ace4e4
1/1/2015,Q4_1415,Croydon,Good job,1970,390719,504.1986696,0.55,med,low,#ace4e4
1/1/2015,Q4_1415,Croydon,Fair treatment,1970,390719,504.1986696,0.66,med,low,#ace4e4
1/1/2016,Q4_1516,Croydon,Good job,1808,390719,462.7366471,0.62,med,low,#ace4e4
1/1/2016,Q4_1516,Croydon,Trust MPS,1808,390719,462.7366471,0.82,med,low,#ace4e4
1/1/2016,Q4_1516,Croydon,Fair treatment,1808,390719,462.7366471,0.73,med,med,#a5add3
1/1/2017,Q4_1617,Croydon,Good job,2334,390719,597.3602512,0.59,med,low,#ace4e4
1/1/2017,Q4_1617,Croydon,Trust MPS,2334,390719,597.3602512,0.83,med,low,#ace4e4
1/1/2017,Q4_1617,Croydon,Fair treatment,2334,390719,597.3602512,0.73,med,low,#ace4e4
1/1/2018,Q4_1718,Croydon,Good job,9454,390719,2419.641737,0.59,med,low,#ace4e4
1/1/2018,Q4_1718,Croydon,Trust MPS,9454,390719,2419.641737,0.82,med,low,#ace4e4
1/1/2018,Q4_1718,Croydon,Fair treatment,9454,390719,2419.641737,0.69,med,low,#ace4e4
1/1/2019,Q4_1819,Croydon,Good job,9976,390719,2553.241588,0.56,med,low,#ace4e4
1/1/2019,Q4_1819,Croydon,Trust MPS,9976,390719,2553.241588,0.8,med,low,#ace4e4
1/1/2019,Q4_1819,Croydon,Fair treatment,9976,390719,2553.241588,0.76,med,med,#a5add3
1/1/2020,Q4_1920,Croydon,Good job,11148,390719,2853.201406,0.52,med,low,#ace4e4
1/1/2020,Q4_1920,Croydon,Trust MPS,11148,390719,2853.201406,0.81,med,low,#ace4e4
1/1/2020,Q4_1920,Croydon,Fair treatment,11148,390719,2853.201406,0.73,med,low,#ace4e4
1/1/2021,Q4_2021,Croydon,Good job,9459,390719,2420.921429,0.53,med,low,#ace4e4
1/1/2021,Q4_2021,Croydon,Trust MPS,9459,390719,2420.921429,0.79,med,med,#a5add3
1/1/2021,Q4_2021,Croydon,Fair treatment,9459,390719,2420.921429,0.67,med,low,#ace4e4
1/1/2022,Q4_2122,Croydon,Good job,10401,390719,2662.015413,0.37,med,low,#ace4e4
1/1/2022,Q4_2122,Croydon,Trust MPS,10401,390719,2662.015413,0.65,med,low,#ace4e4
1/1/2022,Q4_2122,Croydon,Fair treatment,10401,390719,2662.015413,0.56,med,low,#ace4e4
1/1/2023,Q4_2223,Croydon,Good job,10009,390719,2561.687556,0.4,med,low,#ace4e4
1/1/2023,Q4_2223,Croydon,Trust MPS,10009,390719,2561.687556,0.66,med,low,#ace4e4
1/1/2023,Q4_2223,Croydon,Fair treatment,10009,390719,2561.687556,0.59,med,low,#ace4e4
1/1/2024,Q4_2324,Croydon,Good job,11482,390719,2938.684835,0.41,med,low,#ace4e4
1/1/2024,Q4_2324,Croydon,Trust MPS,11482,390719,2938.684835,0.7,med,med,#a5add3
1/1/2024,Q4_2324,Croydon,Fair treatment,11482,390719,2938.684835,0.57,med,low,#ace4e4
1/1/2025,Q4_2425,Croydon,Good job,11003,390719,2816.090336,0.43,med,low,#ace4e4
1/1/2025,Q4_2425,Croydon,Trust MPS,11003,390719,2816.090336,0.66,med,low,#ace4e4
1/1/2025,Q4_2425,Croydon,Fair treatment,11003,390719,2816.090336,0.59,med,low,#ace4e4
1/1/2026,Q4_2526,Croydon,Good job,10560,390719,2702.70962,0.44,med,med,#a5add3
1/1/2026,Q4_2526,Croydon,Trust MPS,10560,390719,2702.70962,0.65,med,low,#ace4e4
1/1/2026,Q4_2526,Croydon,Fair treatment,10560,390719,2702.70962,0.54,med,low,#ace4e4
4/1/2015,Q1_1516,Ealing,Good job,1725,367115,469.8800104,0.65,med,med,#a5add3
4/1/2015,Q1_1516,Ealing,Fair treatment,1725,367115,469.8800104,0.76,med,med,#a5add3
4/1/2016,Q1_1617,Ealing,Good job,1891,367115,515.097449,0.68,med,low,#ace4e4
4/1/2016,Q1_1617,Ealing,Trust MPS,1891,367115,515.097449,0.87,med,med,#a5add3
4/1/2016,Q1_1617,Ealing,Fair treatment,1891,367115,515.097449,0.74,med,med,#a5add3
4/1/2017,Q1_1718,Ealing,Good job,9160,367115,2495.130954,0.66,med,low,#ace4e4
4/1/2017,Q1_1718,Ealing,Trust MPS,9160,367115,2495.130954,0.89,med,med,#a5add3
4/1/2017,Q1_1718,Ealing,Fair treatment,9160,367115,2495.130954,0.73,med,low,#ace4e4
4/1/2018,Q1_1819,Ealing,Good job,8833,367115,2406.058047,0.75,low,high,#be64ac
4/1/2018,Q1_1819,Ealing,Trust MPS,8833,367115,2406.058047,0.85,low,low,#e8e8e8
4/1/2018,Q1_1819,Ealing,Fair treatment,8833,367115,2406.058047,0.82,low,high,#be64ac
4/1/2019,Q1_1920,Ealing,Good job,9516,367115,2592.103292,0.6,med,med,#a5add3
4/1/2019,Q1_1920,Ealing,Trust MPS,9516,367115,2592.103292,0.87,med,high,#8c62aa
4/1/2019,Q1_1920,Ealing,Fair treatment,9516,367115,2592.103292,0.82,med,high,#8c62aa
4/1/2020,Q1_2021,Ealing,Good job,8540,367115,2326.246544,0.59,med,med,#a5add3
4/1/2020,Q1_2021,Ealing,Trust MPS,8540,367115,2326.246544,0.89,med,high,#8c62aa
4/1/2020,Q1_2021,Ealing,Fair treatment,8540,367115,2326.246544,0.84,med,high,#8c62aa
4/1/2021,Q1_2122,Ealing,Good job,9413,367115,2564.046688,0.53,med,med,#a5add3
4/1/2021,Q1_2122,Ealing,Trust MPS,9413,367115,2564.046688,0.8,med,med,#a5add3
4/1/2021,Q1_2122,Ealing,Fair treatment,9413,367115,2564.046688,0.71,med,med,#a5add3
4/1/2022,Q1_2223,Ealing,Good job,9301,367115,2533.538537,0.48,med,med,#a5add3
4/1/2022,Q1_2223,Ealing,Trust MPS,9301,367115,2533.538537,0.78,med,high,#8c62aa
4/1/2022,Q1_2223,Ealing,Fair treatment,9301,367115,2533.538537,0.67,med,med,#a5add3
4/1/2023,Q1_2324,Ealing,Good job,9747,367115,2655.026354,0.5,med,med,#a5add3
4/1/2023,Q1_2324,Ealing,Trust MPS,9747,367115,2655.026354,0.79,med,high,#8c62aa
4/1/2023,Q1_2324,Ealing,Fair treatment,9747,367115,2655.026354,0.76,med,high,#8c62aa
4/1/2024,Q1_2425,Ealing,Good job,9809,367115,2671.914795,0.44,med,low,#ace4e4
4/1/2024,Q1_2425,Ealing,Trust MPS,9809,367115,2671.914795,0.71,med,med,#a5add3
4/1/2024,Q1_2425,Ealing,Fair treatment,9809,367115,2671.914795,0.58,med,low,#ace4e4
4/1/2025,Q1_2526,Ealing,Good job,10265,367115,2796.126554,0.38,med,low,#ace4e4
4/1/2025,Q1_2526,Ealing,Trust MPS,10265,367115,2796.126554,0.77,med,high,#8c62aa
4/1/2025,Q1_2526,Ealing,Fair treatment,10265,367115,2796.126554,0.64,med,med,#a5add3
7/1/2015,Q2_1516,Ealing,Good job,1903,367115,518.3661795,0.63,med,low,#ace4e4
7/1/2015,Q2_1516,Ealing,Fair treatment,1903,367115,518.3661795,0.75,med,med,#a5add3
7/1/2016,Q2_1617,Ealing,Good job,2206,367115,600.9016248,0.66,med,low,#ace4e4
7/1/2016,Q2_1617,Ealing,Trust MPS,2206,367115,600.9016248,0.88,med,med,#a5add3
7/1/2016,Q2_1617,Ealing,Fair treatment,2206,367115,600.9016248,0.71,med,low,#ace4e4
7/1/2017,Q2_1718,Ealing,Good job,8987,367115,2448.006755,0.69,med,med,#a5add3
7/1/2017,Q2_1718,Ealing,Trust MPS,8987,367115,2448.006755,0.86,med,low,#ace4e4
7/1/2017,Q2_1718,Ealing,Fair treatment,8987,367115,2448.006755,0.77,med,med,#a5add3
7/1/2018,Q2_1819,Ealing,Good job,9137,367115,2488.865887,0.73,med,high,#8c62aa
7/1/2018,Q2_1819,Ealing,Trust MPS,9137,367115,2488.865887,0.87,med,med,#a5add3
7/1/2018,Q2_1819,Ealing,Fair treatment,9137,367115,2488.865887,0.81,med,high,#8c62aa
7/1/2019,Q2_1920,Ealing,Good job,10031,367115,2732.386309,0.57,med,low,#ace4e4
7/1/2019,Q2_1920,Ealing,Trust MPS,10031,367115,2732.386309,0.88,med,high,#8c62aa
7/1/2019,Q2_1920,Ealing,Fair treatment,10031,367115,2732.386309,0.85,med,high,#8c62aa
7/1/2020,Q2_2021,Ealing,Good job,9930,367115,2704.874494,0.6,low,med,#dfb0d6
7/1/2020,Q2_2021,Ealing,Trust MPS,9930,367115,2704.874494,0.88,low,high,#be64ac
7/1/2020,Q2_2021,Ealing,Fair treatment,9930,367115,2704.874494,0.81,low,high,#be64ac
7/1/2021,Q2_2122,Ealing,Good job,9375,367115,2553.695708,0.49,med,low,#ace4e4
7/1/2021,Q2_2122,Ealing,Trust MPS,9375,367115,2553.695708,0.79,med,med,#a5add3
7/1/2021,Q2_2122,Ealing,Fair treatment,9375,367115,2553.695708,0.67,med,med,#a5add3
7/1/2022,Q2_2223,Ealing,Good job,9313,367115,2536.807267,0.5,med,med,#a5add3
7/1/2022,Q2_2223,Ealing,Trust MPS,9313,367115,2536.807267,0.77,med,high,#8c62aa
7/1/2022,Q2_2223,Ealing,Fair treatment,9313,367115,2536.807267,0.71,med,high,#8c62aa
7/1/2023,Q2_2324,Ealing,Good job,10702,367115,2915.162824,0.48,med,med,#a5add3
7/1/2023,Q2_2324,Ealing,Trust MPS,10702,367115,2915.162824,0.77,med,high,#8c62aa
7/1/2023,Q2_2324,Ealing,Fair treatment,10702,367115,2915.162824,0.71,med,high,#8c62aa
7/1/2024,Q2_2425,Ealing,Good job,10105,367115,2752.543481,0.39,med,low,#ace4e4
7/1/2024,Q2_2425,Ealing,Trust MPS,10105,367115,2752.543481,0.7,med,low,#ace4e4
7/1/2024,Q2_2425,Ealing,Fair treatment,10105,367115,2752.543481,0.58,med,low,#ace4e4
7/1/2025,Q2_2526,Ealing,Good job,10288,367115,2802.391621,0.43,med,low,#ace4e4
7/1/2025,Q2_2526,Ealing,Trust MPS,10288,367115,2802.391621,0.78,med,med,#a5add3
7/1/2025,Q2_2526,Ealing,Fair treatment,10288,367115,2802.391621,0.69,med,med,#a5add3
10/1/2015,Q3_1516,Ealing,Good job,1941,367115,528.7171595,0.66,med,med,#a5add3
10/1/2015,Q3_1516,Ealing,Fair treatment,1941,367115,528.7171595,0.71,med,low,#ace4e4
10/1/2016,Q3_1617,Ealing,Good job,1830,367115,498.4814023,0.65,med,low,#ace4e4
10/1/2016,Q3_1617,Ealing,Trust MPS,1830,367115,498.4814023,0.9,med,high,#8c62aa
10/1/2016,Q3_1617,Ealing,Fair treatment,1830,367115,498.4814023,0.76,med,low,#ace4e4
10/1/2017,Q3_1718,Ealing,Good job,9112,367115,2482.056031,0.74,med,high,#8c62aa
10/1/2017,Q3_1718,Ealing,Trust MPS,9112,367115,2482.056031,0.86,med,low,#ace4e4
10/1/2017,Q3_1718,Ealing,Fair treatment,9112,367115,2482.056031,0.76,med,low,#ace4e4
10/1/2018,Q3_1819,Ealing,Good job,9135,367115,2488.321098,0.67,med,med,#a5add3
10/1/2018,Q3_1819,Ealing,Trust MPS,9135,367115,2488.321098,0.85,med,med,#a5add3
10/1/2018,Q3_1819,Ealing,Fair treatment,9135,367115,2488.321098,0.81,med,high,#8c62aa
10/1/2019,Q3_1920,Ealing,Good job,10006,367115,2725.576454,0.56,med,low,#ace4e4
10/1/2019,Q3_1920,Ealing,Trust MPS,10006,367115,2725.576454,0.91,med,high,#8c62aa
10/1/2019,Q3_1920,Ealing,Fair treatment,10006,367115,2725.576454,0.87,med,high,#8c62aa
10/1/2020,Q3_2021,Ealing,Good job,9040,367115,2462.443648,0.62,med,high,#8c62aa
10/1/2020,Q3_2021,Ealing,Trust MPS,9040,367115,2462.443648,0.86,med,high,#8c62aa
10/1/2020,Q3_2021,Ealing,Fair treatment,9040,367115,2462.443648,0.79,med,high,#8c62aa
10/1/2021,Q3_2122,Ealing,Good job,9277,367115,2527.001076,0.45,med,low,#ace4e4
10/1/2021,Q3_2122,Ealing,Trust MPS,9277,367115,2527.001076,0.78,med,med,#a5add3
10/1/2021,Q3_2122,Ealing,Fair treatment,9277,367115,2527.001076,0.64,med,med,#a5add3
10/1/2022,Q3_2223,Ealing,Good job,9204,367115,2507.116299,0.52,med,med,#a5add3
10/1/2022,Q3_2223,Ealing,Trust MPS,9204,367115,2507.116299,0.76,med,high,#8c62aa
10/1/2022,Q3_2223,Ealing,Fair treatment,9204,367115,2507.116299,0.73,med,high,#8c62aa
10/1/2023,Q3_2324,Ealing,Good job,10315,367115,2809.746265,0.48,med,med,#a5add3
10/1/2023,Q3_2324,Ealing,Trust MPS,10315,367115,2809.746265,0.76,med,high,#8c62aa
10/1/2023,Q3_2324,Ealing,Fair treatment,10315,367115,2809.746265,0.68,med,high,#8c62aa
10/1/2024,Q3_2425,Ealing,Good job,10185,367115,2774.335018,0.36,med,low,#ace4e4
10/1/2024,Q3_2425,Ealing,Trust MPS,10185,367115,2774.335018,0.72,med,med,#a5add3
10/1/2024,Q3_2425,Ealing,Fair treatment,10185,367115,2774.335018,0.57,med,low,#ace4e4
10/1/2025,Q3_2526,Ealing,Good job,10170,367115,2770.249105,0.45,med,med,#a5add3
10/1/2025,Q3_2526,Ealing,Trust MPS,10170,367115,2770.249105,0.76,med,med,#a5add3
10/1/2025,Q3_2526,Ealing,Fair treatment,10170,367115,2770.249105,0.7,med,high,#8c62aa
1/1/2015,Q4_1415,Ealing,Good job,1412,367115,384.620623,0.66,med,med,#a5add3
1/1/2015,Q4_1415,Ealing,Fair treatment,1412,367115,384.620623,0.82,med,high,#8c62aa
1/1/2016,Q4_1516,Ealing,Good job,1733,367115,472.059164,0.63,med,low,#ace4e4
1/1/2016,Q4_1516,Ealing,Trust MPS,1733,367115,472.059164,0.86,med,med,#a5add3
1/1/2016,Q4_1516,Ealing,Fair treatment,1733,367115,472.059164,0.69,med,low,#ace4e4
1/1/2017,Q4_1617,Ealing,Good job,1788,367115,487.0408455,0.67,med,low,#ace4e4
1/1/2017,Q4_1617,Ealing,Trust MPS,1788,367115,487.0408455,0.91,med,high,#8c62aa
1/1/2017,Q4_1617,Ealing,Fair treatment,1788,367115,487.0408455,0.78,med,med,#a5add3
1/1/2018,Q4_1718,Ealing,Good job,8219,367115,2238.808003,0.74,low,high,#be64ac
1/1/2018,Q4_1718,Ealing,Trust MPS,8219,367115,2238.808003,0.85,low,low,#e8e8e8
1/1/2018,Q4_1718,Ealing,Fair treatment,8219,367115,2238.808003,0.77,low,med,#dfb0d6
1/1/2019,Q4_1819,Ealing,Good job,9632,367115,2623.70102,0.65,med,med,#a5add3
1/1/2019,Q4_1819,Ealing,Trust MPS,9632,367115,2623.70102,0.87,med,high,#8c62aa
1/1/2019,Q4_1819,Ealing,Fair treatment,9632,367115,2623.70102,0.82,med,high,#8c62aa
1/1/2020,Q4_1920,Ealing,Good job,9331,367115,2541.710363,0.57,med,low,#ace4e4
1/1/2020,Q4_1920,Ealing,Trust MPS,9331,367115,2541.710363,0.89,med,high,#8c62aa
1/1/2020,Q4_1920,Ealing,Fair treatment,9331,367115,2541.710363,0.86,med,high,#8c62aa
1/1/2021,Q4_2021,Ealing,Good job,8033,367115,2188.14268,0.56,med,med,#a5add3
1/1/2021,Q4_2021,Ealing,Trust MPS,8033,367115,2188.14268,0.83,med,high,#8c62aa
1/1/2021,Q4_2021,Ealing,Fair treatment,8033,367115,2188.14268,0.73,med,med,#a5add3
1/1/2022,Q4_2122,Ealing,Good job,8750,367115,2383.449328,0.44,low,low,#e8e8e8
1/1/2022,Q4_2122,Ealing,Trust MPS,8750,367115,2383.449328,0.76,low,med,#dfb0d6
1/1/2022,Q4_2122,Ealing,Fair treatment,8750,367115,2383.449328,0.63,low,med,#dfb0d6
1/1/2023,Q4_2223,Ealing,Good job,9511,367115,2590.741321,0.52,med,med,#a5add3
1/1/2023,Q4_2223,Ealing,Trust MPS,9511,367115,2590.741321,0.78,med,high,#8c62aa
1/1/2023,Q4_2223,Ealing,Fair treatment,9511,367115,2590.741321,0.79,med,high,#8c62aa
1/1/2024,Q4_2324,Ealing,Good job,9984,367115,2719.583782,0.47,med,med,#a5add3
1/1/2024,Q4_2324,Ealing,Trust MPS,9984,367115,2719.583782,0.73,med,med,#a5add3
1/1/2024,Q4_2324,Ealing,Fair treatment,9984,367115,2719.583782,0.62,med,med,#a5add3
1/1/2025,Q4_2425,Ealing,Good job,10083,367115,2746.550808,0.37,med,low,#ace4e4
1/1/2025,Q4_2425,Ealing,Trust MPS,10083,367115,2746.550808,0.76,med,med,#a5add3
1/1/2025,Q4_2425,Ealing,Fair treatment,10083,367115,2746.550808,0.61,med,low,#ace4e4
1/1/2026,Q4_2526,Ealing,Good job,9492,367115,2585.565831,0.41,med,low,#ace4e4
1/1/2026,Q4_2526,Ealing,Trust MPS,9492,367115,2585.565831,0.71,med,med,#a5add3
1/1/2026,Q4_2526,Ealing,Fair treatment,9492,367115,2585.565831,0.65,med,med,#a5add3
4/1/2015,Q1_1516,Enfield,Good job,1519,329984,460.3253491,0.6,med,low,#ace4e4
4/1/2015,Q1_1516,Enfield,Fair treatment,1519,329984,460.3253491,0.72,med,low,#ace4e4
4/1/2016,Q1_1617,Enfield,Good job,1652,329984,500.6303336,0.56,med,low,#ace4e4
4/1/2016,Q1_1617,Enfield,Trust MPS,1652,329984,500.6303336,0.78,med,low,#ace4e4
4/1/2016,Q1_1617,Enfield,Fair treatment,1652,329984,500.6303336,0.73,med,low,#ace4e4
4/1/2017,Q1_1718,Enfield,Good job,8117,329984,2459.816234,0.62,med,low,#ace4e4
4/1/2017,Q1_1718,Enfield,Trust MPS,8117,329984,2459.816234,0.82,med,low,#ace4e4
4/1/2017,Q1_1718,Enfield,Fair treatment,8117,329984,2459.816234,0.68,med,low,#ace4e4
4/1/2018,Q1_1819,Enfield,Good job,8988,329984,2723.768425,0.53,med,low,#ace4e4
4/1/2018,Q1_1819,Enfield,Trust MPS,8988,329984,2723.768425,0.82,med,low,#ace4e4
4/1/2018,Q1_1819,Enfield,Fair treatment,8988,329984,2723.768425,0.69,med,low,#ace4e4
4/1/2019,Q1_1920,Enfield,Good job,9321,329984,2824.682409,0.44,med,low,#ace4e4
4/1/2019,Q1_1920,Enfield,Trust MPS,9321,329984,2824.682409,0.76,med,low,#ace4e4
4/1/2019,Q1_1920,Enfield,Fair treatment,9321,329984,2824.682409,0.66,med,low,#ace4e4
4/1/2020,Q1_2021,Enfield,Good job,8464,329984,2564.972847,0.5,med,low,#ace4e4
4/1/2020,Q1_2021,Enfield,Trust MPS,8464,329984,2564.972847,0.78,med,low,#ace4e4
4/1/2020,Q1_2021,Enfield,Fair treatment,8464,329984,2564.972847,0.67,med,low,#ace4e4
4/1/2021,Q1_2122,Enfield,Good job,9487,329984,2874.987878,0.52,med,low,#ace4e4
4/1/2021,Q1_2122,Enfield,Trust MPS,9487,329984,2874.987878,0.75,med,low,#ace4e4
4/1/2021,Q1_2122,Enfield,Fair treatment,9487,329984,2874.987878,0.67,med,med,#a5add3
4/1/2022,Q1_2223,Enfield,Good job,9682,329984,2934.081652,0.45,med,low,#ace4e4
4/1/2022,Q1_2223,Enfield,Trust MPS,9682,329984,2934.081652,0.68,med,low,#ace4e4
4/1/2022,Q1_2223,Enfield,Fair treatment,9682,329984,2934.081652,0.61,med,med,#a5add3
4/1/2023,Q1_2324,Enfield,Good job,9529,329984,2887.715768,0.42,med,low,#ace4e4
4/1/2023,Q1_2324,Enfield,Trust MPS,9529,329984,2887.715768,0.7,med,med,#a5add3
4/1/2023,Q1_2324,Enfield,Fair treatment,9529,329984,2887.715768,0.66,med,med,#a5add3
4/1/2024,Q1_2425,Enfield,Good job,9636,329984,2920.141583,0.45,med,low,#ace4e4
4/1/2024,Q1_2425,Enfield,Trust MPS,9636,329984,2920.141583,0.67,med,low,#ace4e4
4/1/2024,Q1_2425,Enfield,Fair treatment,9636,329984,2920.141583,0.59,med,med,#a5add3
4/1/2025,Q1_2526,Enfield,Good job,9172,329984,2779.528704,0.55,med,high,#8c62aa
4/1/2025,Q1_2526,Enfield,Trust MPS,9172,329984,2779.528704,0.81,med,high,#8c62aa
4/1/2025,Q1_2526,Enfield,Fair treatment,9172,329984,2779.528704,0.67,med,med,#a5add3
7/1/2015,Q2_1516,Enfield,Good job,1580,329984,478.8110939,0.59,med,low,#ace4e4
7/1/2015,Q2_1516,Enfield,Fair treatment,1580,329984,478.8110939,0.71,med,low,#ace4e4
7/1/2016,Q2_1617,Enfield,Good job,1763,329984,534.2683282,0.58,med,low,#ace4e4
7/1/2016,Q2_1617,Enfield,Trust MPS,1763,329984,534.2683282,0.81,med,low,#ace4e4
7/1/2016,Q2_1617,Enfield,Fair treatment,1763,329984,534.2683282,0.71,med,low,#ace4e4
7/1/2017,Q2_1718,Enfield,Good job,7828,329984,2372.23623,0.6,low,low,#e8e8e8
7/1/2017,Q2_1718,Enfield,Trust MPS,7828,329984,2372.23623,0.83,low,low,#e8e8e8
7/1/2017,Q2_1718,Enfield,Fair treatment,7828,329984,2372.23623,0.7,low,low,#e8e8e8
7/1/2018,Q2_1819,Enfield,Good job,8575,329984,2598.610842,0.5,med,low,#ace4e4
7/1/2018,Q2_1819,Enfield,Trust MPS,8575,329984,2598.610842,0.79,med,low,#ace4e4
7/1/2018,Q2_1819,Enfield,Fair treatment,8575,329984,2598.610842,0.68,med,low,#ace4e4
7/1/2019,Q2_1920,Enfield,Good job,9665,329984,2928.929888,0.45,med,low,#ace4e4
7/1/2019,Q2_1920,Enfield,Trust MPS,9665,329984,2928.929888,0.76,med,low,#ace4e4
7/1/2019,Q2_1920,Enfield,Fair treatment,9665,329984,2928.929888,0.64,med,low,#ace4e4
7/1/2020,Q2_2021,Enfield,Good job,9703,329984,2940.445597,0.51,med,low,#ace4e4
7/1/2020,Q2_2021,Enfield,Trust MPS,9703,329984,2940.445597,0.78,med,low,#ace4e4
7/1/2020,Q2_2021,Enfield,Fair treatment,9703,329984,2940.445597,0.7,med,low,#ace4e4
7/1/2021,Q2_2122,Enfield,Good job,9111,329984,2761.04296,0.5,med,med,#a5add3
7/1/2021,Q2_2122,Enfield,Trust MPS,9111,329984,2761.04296,0.74,med,low,#ace4e4
7/1/2021,Q2_2122,Enfield,Fair treatment,9111,329984,2761.04296,0.64,med,low,#ace4e4
7/1/2022,Q2_2223,Enfield,Good job,9393,329984,2846.501649,0.44,med,low,#ace4e4
7/1/2022,Q2_2223,Enfield,Trust MPS,9393,329984,2846.501649,0.67,med,low,#ace4e4
7/1/2022,Q2_2223,Enfield,Fair treatment,9393,329984,2846.501649,0.61,med,med,#a5add3
7/1/2023,Q2_2324,Enfield,Good job,9418,329984,2854.077773,0.42,med,low,#ace4e4
7/1/2023,Q2_2324,Enfield,Trust MPS,9418,329984,2854.077773,0.69,med,med,#a5add3
7/1/2023,Q2_2324,Enfield,Fair treatment,9418,329984,2854.077773,0.67,med,med,#a5add3
7/1/2024,Q2_2425,Enfield,Good job,9883,329984,2994.993697,0.49,med,med,#a5add3
7/1/2024,Q2_2425,Enfield,Trust MPS,9883,329984,2994.993697,0.71,med,med,#a5add3
7/1/2024,Q2_2425,Enfield,Fair treatment,9883,329984,2994.993697,0.59,med,med,#a5add3
7/1/2025,Q2_2526,Enfield,Good job,9193,329984,2785.892649,0.55,med,high,#8c62aa
7/1/2025,Q2_2526,Enfield,Trust MPS,9193,329984,2785.892649,0.79,med,high,#8c62aa
7/1/2025,Q2_2526,Enfield,Fair treatment,9193,329984,2785.892649,0.69,med,med,#a5add3
10/1/2015,Q3_1516,Enfield,Good job,1667,329984,505.1760085,0.58,med,low,#ace4e4
10/1/2015,Q3_1516,Enfield,Fair treatment,1667,329984,505.1760085,0.72,med,low,#ace4e4
10/1/2016,Q3_1617,Enfield,Good job,1593,329984,482.7506788,0.57,med,low,#ace4e4
10/1/2016,Q3_1617,Enfield,Trust MPS,1593,329984,482.7506788,0.83,med,low,#ace4e4
10/1/2016,Q3_1617,Enfield,Fair treatment,1593,329984,482.7506788,0.72,med,low,#ace4e4
10/1/2017,Q3_1718,Enfield,Good job,8206,329984,2486.787238,0.58,med,low,#ace4e4
10/1/2017,Q3_1718,Enfield,Trust MPS,8206,329984,2486.787238,0.8,med,low,#ace4e4
10/1/2017,Q3_1718,Enfield,Fair treatment,8206,329984,2486.787238,0.65,med,low,#ace4e4
10/1/2018,Q3_1819,Enfield,Good job,9107,329984,2759.83078,0.49,med,low,#ace4e4
10/1/2018,Q3_1819,Enfield,Trust MPS,9107,329984,2759.83078,0.79,med,low,#ace4e4
10/1/2018,Q3_1819,Enfield,Fair treatment,9107,329984,2759.83078,0.7,med,low,#ace4e4
10/1/2019,Q3_1920,Enfield,Good job,10034,329984,3040.753491,0.45,med,low,#ace4e4
10/1/2019,Q3_1920,Enfield,Trust MPS,10034,329984,3040.753491,0.76,med,low,#ace4e4
10/1/2019,Q3_1920,Enfield,Fair treatment,10034,329984,3040.753491,0.67,med,low,#ace4e4
10/1/2020,Q3_2021,Enfield,Good job,9282,329984,2812.863654,0.54,med,low,#ace4e4
10/1/2020,Q3_2021,Enfield,Trust MPS,9282,329984,2812.863654,0.77,med,low,#ace4e4
10/1/2020,Q3_2021,Enfield,Fair treatment,9282,329984,2812.863654,0.68,med,low,#ace4e4
10/1/2021,Q3_2122,Enfield,Good job,9466,329984,2868.623933,0.46,med,low,#ace4e4
10/1/2021,Q3_2122,Enfield,Trust MPS,9466,329984,2868.623933,0.73,med,low,#ace4e4
10/1/2021,Q3_2122,Enfield,Fair treatment,9466,329984,2868.623933,0.62,med,low,#ace4e4
10/1/2022,Q3_2223,Enfield,Good job,9065,329984,2747.10289,0.45,med,low,#ace4e4
10/1/2022,Q3_2223,Enfield,Trust MPS,9065,329984,2747.10289,0.7,med,med,#a5add3
10/1/2022,Q3_2223,Enfield,Fair treatment,9065,329984,2747.10289,0.65,med,med,#a5add3
10/1/2023,Q3_2324,Enfield,Good job,9600,329984,2909.231963,0.42,med,low,#ace4e4
10/1/2023,Q3_2324,Enfield,Trust MPS,9600,329984,2909.231963,0.66,med,low,#ace4e4
10/1/2023,Q3_2324,Enfield,Fair treatment,9600,329984,2909.231963,0.62,med,med,#a5add3
10/1/2024,Q3_2425,Enfield,Good job,10049,329984,3045.299166,0.51,med,high,#8c62aa
10/1/2024,Q3_2425,Enfield,Trust MPS,10049,329984,3045.299166,0.76,med,med,#a5add3
10/1/2024,Q3_2425,Enfield,Fair treatment,10049,329984,3045.299166,0.63,med,med,#a5add3
10/1/2025,Q3_2526,Enfield,Good job,9096,329984,2756.497285,0.55,med,high,#8c62aa
10/1/2025,Q3_2526,Enfield,Trust MPS,9096,329984,2756.497285,0.74,med,med,#a5add3
10/1/2025,Q3_2526,Enfield,Fair treatment,9096,329984,2756.497285,0.68,med,med,#a5add3
1/1/2015,Q4_1415,Enfield,Good job,1429,329984,433.0512995,0.61,med,low,#ace4e4
1/1/2015,Q4_1415,Enfield,Fair treatment,1429,329984,433.0512995,0.71,med,low,#ace4e4
1/1/2016,Q4_1516,Enfield,Good job,1450,329984,439.4152444,0.57,med,low,#ace4e4
1/1/2016,Q4_1516,Enfield,Trust MPS,1450,329984,439.4152444,0.77,med,low,#ace4e4
1/1/2016,Q4_1516,Enfield,Fair treatment,1450,329984,439.4152444,0.74,med,med,#a5add3
1/1/2017,Q4_1617,Enfield,Good job,1573,329984,476.6897789,0.58,med,low,#ace4e4
1/1/2017,Q4_1617,Enfield,Trust MPS,1573,329984,476.6897789,0.83,med,low,#ace4e4
1/1/2017,Q4_1617,Enfield,Fair treatment,1573,329984,476.6897789,0.69,med,low,#ace4e4
1/1/2018,Q4_1718,Enfield,Good job,8204,329984,2486.181148,0.55,med,low,#ace4e4
1/1/2018,Q4_1718,Enfield,Trust MPS,8204,329984,2486.181148,0.79,med,low,#ace4e4
1/1/2018,Q4_1718,Enfield,Fair treatment,8204,329984,2486.181148,0.67,med,low,#ace4e4
1/1/2019,Q4_1819,Enfield,Good job,9247,329984,2802.257079,0.5,med,low,#ace4e4
1/1/2019,Q4_1819,Enfield,Trust MPS,9247,329984,2802.257079,0.81,med,low,#ace4e4
1/1/2019,Q4_1819,Enfield,Fair treatment,9247,329984,2802.257079,0.7,med,low,#ace4e4
1/1/2020,Q4_1920,Enfield,Good job,9279,329984,2811.954519,0.45,med,low,#ace4e4
1/1/2020,Q4_1920,Enfield,Trust MPS,9279,329984,2811.954519,0.74,med,low,#ace4e4
1/1/2020,Q4_1920,Enfield,Fair treatment,9279,329984,2811.954519,0.63,med,low,#ace4e4
1/1/2021,Q4_2021,Enfield,Good job,8190,329984,2481.938518,0.51,med,low,#ace4e4
1/1/2021,Q4_2021,Enfield,Trust MPS,8190,329984,2481.938518,0.77,med,low,#ace4e4
1/1/2021,Q4_2021,Enfield,Fair treatment,8190,329984,2481.938518,0.71,med,med,#a5add3
1/1/2022,Q4_2122,Enfield,Good job,9393,329984,2846.501649,0.44,med,low,#ace4e4
1/1/2022,Q4_2122,Enfield,Trust MPS,9393,329984,2846.501649,0.7,med,low,#ace4e4
1/1/2022,Q4_2122,Enfield,Fair treatment,9393,329984,2846.501649,0.58,med,low,#ace4e4
1/1/2023,Q4_2223,Enfield,Good job,9394,329984,2846.804694,0.45,med,low,#ace4e4
1/1/2023,Q4_2223,Enfield,Trust MPS,9394,329984,2846.804694,0.7,med,med,#a5add3
1/1/2023,Q4_2223,Enfield,Fair treatment,9394,329984,2846.804694,0.65,med,med,#a5add3
1/1/2024,Q4_2324,Enfield,Good job,9101,329984,2758.01251,0.45,med,low,#ace4e4
1/1/2024,Q4_2324,Enfield,Trust MPS,9101,329984,2758.01251,0.67,med,low,#ace4e4
1/1/2024,Q4_2324,Enfield,Fair treatment,9101,329984,2758.01251,0.63,med,med,#a5add3
1/1/2025,Q4_2425,Enfield,Good job,9243,329984,2801.044899,0.54,med,high,#8c62aa
1/1/2025,Q4_2425,Enfield,Trust MPS,9243,329984,2801.044899,0.79,med,high,#8c62aa
1/1/2025,Q4_2425,Enfield,Fair treatment,9243,329984,2801.044899,0.65,med,med,#a5add3
1/1/2026,Q4_2526,Enfield,Good job,9100,329984,2757.709465,0.58,med,high,#8c62aa
1/1/2026,Q4_2526,Enfield,Trust MPS,9100,329984,2757.709465,0.75,med,high,#8c62aa
1/1/2026,Q4_2526,Enfield,Fair treatment,9100,329984,2757.709465,0.7,med,high,#8c62aa
4/1/2015,Q1_1516,Greenwich,Good job,1641,289068,567.6864959,0.69,med,med,#a5add3
4/1/2015,Q1_1516,Greenwich,Fair treatment,1641,289068,567.6864959,0.74,med,med,#a5add3
4/1/2016,Q1_1617,Greenwich,Good job,1844,289068,637.9121868,0.7,high,med,#5698b9
4/1/2016,Q1_1617,Greenwich,Trust MPS,1844,289068,637.9121868,0.87,high,med,#5698b9
4/1/2016,Q1_1617,Greenwich,Fair treatment,1844,289068,637.9121868,0.85,high,high,#3b4994
4/1/2017,Q1_1718,Greenwich,Good job,8100,289068,2802.108846,0.74,med,high,#8c62aa
4/1/2017,Q1_1718,Greenwich,Trust MPS,8100,289068,2802.108846,0.92,med,high,#8c62aa
4/1/2017,Q1_1718,Greenwich,Fair treatment,8100,289068,2802.108846,0.82,med,high,#8c62aa
4/1/2018,Q1_1819,Greenwich,Good job,8455,289068,2924.91732,0.69,med,med,#a5add3
4/1/2018,Q1_1819,Greenwich,Trust MPS,8455,289068,2924.91732,0.87,med,med,#a5add3
4/1/2018,Q1_1819,Greenwich,Fair treatment,8455,289068,2924.91732,0.81,med,high,#8c62aa
4/1/2019,Q1_1920,Greenwich,Good job,9046,289068,3129.367484,0.62,med,med,#a5add3
4/1/2019,Q1_1920,Greenwich,Trust MPS,9046,289068,3129.367484,0.81,med,low,#ace4e4
4/1/2019,Q1_1920,Greenwich,Fair treatment,9046,289068,3129.367484,0.76,med,med,#a5add3
4/1/2020,Q1_2021,Greenwich,Good job,7886,289068,2728.077823,0.55,med,low,#ace4e4
4/1/2020,Q1_2021,Greenwich,Trust MPS,7886,289068,2728.077823,0.82,med,med,#a5add3
4/1/2020,Q1_2021,Greenwich,Fair treatment,7886,289068,2728.077823,0.79,med,med,#a5add3
4/1/2021,Q1_2122,Greenwich,Good job,8686,289068,3004.829314,0.55,high,med,#5698b9
4/1/2021,Q1_2122,Greenwich,Trust MPS,8686,289068,3004.829314,0.75,high,low,#5ac8c8
4/1/2021,Q1_2122,Greenwich,Fair treatment,8686,289068,3004.829314,0.7,high,med,#5698b9
4/1/2022,Q1_2223,Greenwich,Good job,8704,289068,3011.056222,0.45,high,low,#5ac8c8
4/1/2022,Q1_2223,Greenwich,Trust MPS,8704,289068,3011.056222,0.68,high,low,#5ac8c8
4/1/2022,Q1_2223,Greenwich,Fair treatment,8704,289068,3011.056222,0.58,high,low,#5ac8c8
4/1/2023,Q1_2324,Greenwich,Good job,9465,289068,3274.316078,0.46,med,low,#ace4e4
4/1/2023,Q1_2324,Greenwich,Trust MPS,9465,289068,3274.316078,0.68,med,med,#a5add3
4/1/2023,Q1_2324,Greenwich,Fair treatment,9465,289068,3274.316078,0.62,med,med,#a5add3
4/1/2024,Q1_2425,Greenwich,Good job,9016,289068,3118.989304,0.5,med,high,#8c62aa
4/1/2024,Q1_2425,Greenwich,Trust MPS,9016,289068,3118.989304,0.69,med,low,#ace4e4
4/1/2024,Q1_2425,Greenwich,Fair treatment,9016,289068,3118.989304,0.61,med,med,#a5add3
4/1/2025,Q1_2526,Greenwich,Good job,9508,289068,3289.191471,0.47,med,med,#a5add3
4/1/2025,Q1_2526,Greenwich,Trust MPS,9508,289068,3289.191471,0.74,med,med,#a5add3
4/1/2025,Q1_2526,Greenwich,Fair treatment,9508,289068,3289.191471,0.67,med,med,#a5add3
7/1/2015,Q2_1516,Greenwich,Good job,1714,289068,592.9400695,0.72,med,high,#8c62aa
7/1/2015,Q2_1516,Greenwich,Fair treatment,1714,289068,592.9400695,0.81,med,high,#8c62aa
7/1/2016,Q2_1617,Greenwich,Good job,1995,289068,690.1490307,0.71,med,med,#a5add3
7/1/2016,Q2_1617,Greenwich,Trust MPS,1995,289068,690.1490307,0.89,med,med,#a5add3
7/1/2016,Q2_1617,Greenwich,Fair treatment,1995,289068,690.1490307,0.85,med,high,#8c62aa
7/1/2017,Q2_1718,Greenwich,Good job,8200,289068,2836.702783,0.73,med,high,#8c62aa
7/1/2017,Q2_1718,Greenwich,Trust MPS,8200,289068,2836.702783,0.9,med,high,#8c62aa
7/1/2017,Q2_1718,Greenwich,Fair treatment,8200,289068,2836.702783,0.82,med,high,#8c62aa
7/1/2018,Q2_1819,Greenwich,Good job,8559,289068,2960.895014,0.69,med,med,#a5add3
7/1/2018,Q2_1819,Greenwich,Trust MPS,8559,289068,2960.895014,0.87,med,med,#a5add3
7/1/2018,Q2_1819,Greenwich,Fair treatment,8559,289068,2960.895014,0.78,med,med,#a5add3
7/1/2019,Q2_1920,Greenwich,Good job,9767,289068,3378.789766,0.57,high,low,#5ac8c8
7/1/2019,Q2_1920,Greenwich,Trust MPS,9767,289068,3378.789766,0.81,high,low,#5ac8c8
7/1/2019,Q2_1920,Greenwich,Fair treatment,9767,289068,3378.789766,0.8,high,med,#5698b9
7/1/2020,Q2_2021,Greenwich,Good job,8862,289068,3065.714642,0.56,med,med,#a5add3
7/1/2020,Q2_2021,Greenwich,Trust MPS,8862,289068,3065.714642,0.82,med,med,#a5add3
7/1/2020,Q2_2021,Greenwich,Fair treatment,8862,289068,3065.714642,0.76,med,med,#a5add3
7/1/2021,Q2_2122,Greenwich,Good job,8542,289068,2955.014045,0.55,med,med,#a5add3
7/1/2021,Q2_2122,Greenwich,Trust MPS,8542,289068,2955.014045,0.74,med,low,#ace4e4
7/1/2021,Q2_2122,Greenwich,Fair treatment,8542,289068,2955.014045,0.66,med,med,#a5add3
7/1/2022,Q2_2223,Greenwich,Good job,8487,289068,2935.98738,0.45,med,low,#ace4e4
7/1/2022,Q2_2223,Greenwich,Trust MPS,8487,289068,2935.98738,0.67,med,low,#ace4e4
7/1/2022,Q2_2223,Greenwich,Fair treatment,8487,289068,2935.98738,0.6,med,med,#a5add3
7/1/2023,Q2_2324,Greenwich,Good job,9418,289068,3258.056928,0.45,med,low,#ace4e4
7/1/2023,Q2_2324,Greenwich,Trust MPS,9418,289068,3258.056928,0.67,med,low,#ace4e4
7/1/2023,Q2_2324,Greenwich,Fair treatment,9418,289068,3258.056928,0.6,med,med,#a5add3
7/1/2024,Q2_2425,Greenwich,Good job,9271,289068,3207.203841,0.5,med,high,#8c62aa
7/1/2024,Q2_2425,Greenwich,Trust MPS,9271,289068,3207.203841,0.7,med,low,#ace4e4
7/1/2024,Q2_2425,Greenwich,Fair treatment,9271,289068,3207.203841,0.62,med,med,#a5add3
7/1/2025,Q2_2526,Greenwich,Good job,9486,289068,3281.580805,0.47,med,med,#a5add3
7/1/2025,Q2_2526,Greenwich,Trust MPS,9486,289068,3281.580805,0.74,med,low,#ace4e4
7/1/2025,Q2_2526,Greenwich,Fair treatment,9486,289068,3281.580805,0.71,med,high,#8c62aa
10/1/2015,Q3_1516,Greenwich,Good job,1542,289068,533.4384989,0.69,med,med,#a5add3
10/1/2015,Q3_1516,Greenwich,Fair treatment,1542,289068,533.4384989,0.83,med,high,#8c62aa
10/1/2016,Q3_1617,Greenwich,Good job,1729,289068,598.1291599,0.76,med,high,#8c62aa
10/1/2016,Q3_1617,Greenwich,Trust MPS,1729,289068,598.1291599,0.93,med,high,#8c62aa
10/1/2016,Q3_1617,Greenwich,Fair treatment,1729,289068,598.1291599,0.87,med,high,#8c62aa
10/1/2017,Q3_1718,Greenwich,Good job,7987,289068,2763.017698,0.69,med,med,#a5add3
10/1/2017,Q3_1718,Greenwich,Trust MPS,7987,289068,2763.017698,0.89,med,med,#a5add3
10/1/2017,Q3_1718,Greenwich,Fair treatment,7987,289068,2763.017698,0.79,med,med,#a5add3
10/1/2018,Q3_1819,Greenwich,Good job,8578,289068,2967.467862,0.68,med,med,#a5add3
10/1/2018,Q3_1819,Greenwich,Trust MPS,8578,289068,2967.467862,0.84,med,med,#a5add3
10/1/2018,Q3_1819,Greenwich,Fair treatment,8578,289068,2967.467862,0.75,med,low,#ace4e4
10/1/2019,Q3_1920,Greenwich,Good job,9204,289068,3184.025904,0.55,med,low,#ace4e4
10/1/2019,Q3_1920,Greenwich,Trust MPS,9204,289068,3184.025904,0.8,med,low,#ace4e4
10/1/2019,Q3_1920,Greenwich,Fair treatment,9204,289068,3184.025904,0.83,med,med,#a5add3
10/1/2020,Q3_2021,Greenwich,Good job,7845,289068,2713.894309,0.55,med,med,#a5add3
10/1/2020,Q3_2021,Greenwich,Trust MPS,7845,289068,2713.894309,0.79,med,low,#ace4e4
10/1/2020,Q3_2021,Greenwich,Fair treatment,7845,289068,2713.894309,0.71,med,med,#a5add3
10/1/2021,Q3_2122,Greenwich,Good job,8473,289068,2931.144229,0.5,med,med,#a5add3
10/1/2021,Q3_2122,Greenwich,Trust MPS,8473,289068,2931.144229,0.72,med,low,#ace4e4
10/1/2021,Q3_2122,Greenwich,Fair treatment,8473,289068,2931.144229,0.64,med,med,#a5add3
10/1/2022,Q3_2223,Greenwich,Good job,8446,289068,2921.803866,0.48,med,med,#a5add3
10/1/2022,Q3_2223,Greenwich,Trust MPS,8446,289068,2921.803866,0.68,med,low,#ace4e4
10/1/2022,Q3_2223,Greenwich,Fair treatment,8446,289068,2921.803866,0.59,med,med,#a5add3
10/1/2023,Q3_2324,Greenwich,Good job,9017,289068,3119.335243,0.47,med,med,#a5add3
10/1/2023,Q3_2324,Greenwich,Trust MPS,9017,289068,3119.335243,0.68,med,med,#a5add3
10/1/2023,Q3_2324,Greenwich,Fair treatment,9017,289068,3119.335243,0.61,med,med,#a5add3
10/1/2024,Q3_2425,Greenwich,Good job,9206,289068,3184.717783,0.48,med,med,#a5add3
10/1/2024,Q3_2425,Greenwich,Trust MPS,9206,289068,3184.717783,0.73,med,med,#a5add3
10/1/2024,Q3_2425,Greenwich,Fair treatment,9206,289068,3184.717783,0.65,med,med,#a5add3
10/1/2025,Q3_2526,Greenwich,Good job,8635,289068,2987.186406,0.48,med,high,#8c62aa
10/1/2025,Q3_2526,Greenwich,Trust MPS,8635,289068,2987.186406,0.7,med,low,#ace4e4
10/1/2025,Q3_2526,Greenwich,Fair treatment,8635,289068,2987.186406,0.73,med,high,#8c62aa
1/1/2015,Q4_1415,Greenwich,Good job,1454,289068,502.9958349,0.73,med,high,#8c62aa
1/1/2015,Q4_1415,Greenwich,Fair treatment,1454,289068,502.9958349,0.76,med,med,#a5add3
1/1/2016,Q4_1516,Greenwich,Good job,1639,289068,566.9946172,0.65,med,low,#ace4e4
1/1/2016,Q4_1516,Greenwich,Trust MPS,1639,289068,566.9946172,0.86,med,med,#a5add3
1/1/2016,Q4_1516,Greenwich,Fair treatment,1639,289068,566.9946172,0.8,med,high,#8c62aa
1/1/2017,Q4_1617,Greenwich,Good job,1644,289068,568.724314,0.79,med,high,#8c62aa
1/1/2017,Q4_1617,Greenwich,Trust MPS,1644,289068,568.724314,0.94,med,high,#8c62aa
1/1/2017,Q4_1617,Greenwich,Fair treatment,1644,289068,568.724314,0.89,med,high,#8c62aa
1/1/2018,Q4_1718,Greenwich,Good job,7331,289068,2536.081476,0.66,med,med,#a5add3
1/1/2018,Q4_1718,Greenwich,Trust MPS,7331,289068,2536.081476,0.87,med,med,#a5add3
1/1/2018,Q4_1718,Greenwich,Fair treatment,7331,289068,2536.081476,0.78,med,med,#a5add3
1/1/2019,Q4_1819,Greenwich,Good job,8188,289068,2832.55151,0.67,med,high,#8c62aa
1/1/2019,Q4_1819,Greenwich,Trust MPS,8188,289068,2832.55151,0.83,med,med,#a5add3
1/1/2019,Q4_1819,Greenwich,Fair treatment,8188,289068,2832.55151,0.74,med,low,#ace4e4
1/1/2020,Q4_1920,Greenwich,Good job,8536,289068,2952.938409,0.55,med,low,#ace4e4
1/1/2020,Q4_1920,Greenwich,Trust MPS,8536,289068,2952.938409,0.81,med,low,#ace4e4
1/1/2020,Q4_1920,Greenwich,Fair treatment,8536,289068,2952.938409,0.82,med,med,#a5add3
1/1/2021,Q4_2021,Greenwich,Good job,7452,289068,2577.940139,0.56,med,med,#a5add3
1/1/2021,Q4_2021,Greenwich,Trust MPS,7452,289068,2577.940139,0.76,med,low,#ace4e4
1/1/2021,Q4_2021,Greenwich,Fair treatment,7452,289068,2577.940139,0.71,med,med,#a5add3
1/1/2022,Q4_2122,Greenwich,Good job,8385,289068,2900.701565,0.45,med,low,#ace4e4
1/1/2022,Q4_2122,Greenwich,Trust MPS,8385,289068,2900.701565,0.72,med,low,#ace4e4
1/1/2022,Q4_2122,Greenwich,Fair treatment,8385,289068,2900.701565,0.6,med,med,#a5add3
1/1/2023,Q4_2223,Greenwich,Good job,8307,289068,2873.718295,0.5,med,med,#a5add3
1/1/2023,Q4_2223,Greenwich,Trust MPS,8307,289068,2873.718295,0.68,med,low,#ace4e4
1/1/2023,Q4_2223,Greenwich,Fair treatment,8307,289068,2873.718295,0.62,med,med,#a5add3
1/1/2024,Q4_2324,Greenwich,Good job,8502,289068,2941.176471,0.46,med,med,#a5add3
1/1/2024,Q4_2324,Greenwich,Trust MPS,8502,289068,2941.176471,0.65,med,low,#ace4e4
1/1/2024,Q4_2324,Greenwich,Fair treatment,8502,289068,2941.176471,0.59,med,low,#ace4e4
1/1/2025,Q4_2425,Greenwich,Good job,8517,289068,2946.365561,0.46,med,med,#a5add3
1/1/2025,Q4_2425,Greenwich,Trust MPS,8517,289068,2946.365561,0.75,med,med,#a5add3
1/1/2025,Q4_2425,Greenwich,Fair treatment,8517,289068,2946.365561,0.67,med,high,#8c62aa
1/1/2026,Q4_2526,Greenwich,Good job,8499,289068,2940.138652,0.52,med,high,#8c62aa
1/1/2026,Q4_2526,Greenwich,Trust MPS,8499,289068,2940.138652,0.69,med,low,#ace4e4
1/1/2026,Q4_2526,Greenwich,Fair treatment,8499,289068,2940.138652,0.74,med,high,#8c62aa
4/1/2015,Q1_1516,Hackney,Good job,2351,259146,907.2106071,0.63,high,low,#5ac8c8
4/1/2015,Q1_1516,Hackney,Fair treatment,2351,259146,907.2106071,0.65,high,low,#5ac8c8
4/1/2016,Q1_1617,Hackney,Good job,2528,259146,975.5118736,0.65,high,low,#5ac8c8
4/1/2016,Q1_1617,Hackney,Trust MPS,2528,259146,975.5118736,0.86,high,low,#5ac8c8
4/1/2016,Q1_1617,Hackney,Fair treatment,2528,259146,975.5118736,0.66,high,low,#5ac8c8
4/1/2017,Q1_1718,Hackney,Good job,10909,259146,4209.596135,0.65,high,low,#5ac8c8
4/1/2017,Q1_1718,Hackney,Trust MPS,10909,259146,4209.596135,0.81,high,low,#5ac8c8
4/1/2017,Q1_1718,Hackney,Fair treatment,10909,259146,4209.596135,0.74,high,low,#5ac8c8
4/1/2018,Q1_1819,Hackney,Good job,9974,259146,3848.79566,0.54,high,low,#5ac8c8
4/1/2018,Q1_1819,Hackney,Trust MPS,9974,259146,3848.79566,0.82,high,low,#5ac8c8
4/1/2018,Q1_1819,Hackney,Fair treatment,9974,259146,3848.79566,0.54,high,low,#5ac8c8
4/1/2019,Q1_1920,Hackney,Good job,11128,259146,4294.104482,0.45,high,low,#5ac8c8
4/1/2019,Q1_1920,Hackney,Trust MPS,11128,259146,4294.104482,0.74,high,low,#5ac8c8
4/1/2019,Q1_1920,Hackney,Fair treatment,11128,259146,4294.104482,0.52,high,low,#5ac8c8
4/1/2020,Q1_2021,Hackney,Good job,8327,259146,3213.246587,0.46,high,low,#5ac8c8
4/1/2020,Q1_2021,Hackney,Trust MPS,8327,259146,3213.246587,0.75,high,low,#5ac8c8
4/1/2020,Q1_2021,Hackney,Fair treatment,8327,259146,3213.246587,0.53,high,low,#5ac8c8
4/1/2021,Q1_2122,Hackney,Good job,9737,259146,3757.341421,0.49,high,low,#5ac8c8
4/1/2021,Q1_2122,Hackney,Trust MPS,9737,259146,3757.341421,0.69,high,low,#5ac8c8
4/1/2021,Q1_2122,Hackney,Fair treatment,9737,259146,3757.341421,0.56,high,low,#5ac8c8
4/1/2022,Q1_2223,Hackney,Good job,10287,259146,3969.576995,0.45,high,low,#5ac8c8
4/1/2022,Q1_2223,Hackney,Trust MPS,10287,259146,3969.576995,0.67,high,low,#5ac8c8
4/1/2022,Q1_2223,Hackney,Fair treatment,10287,259146,3969.576995,0.54,high,low,#5ac8c8
4/1/2023,Q1_2324,Hackney,Good job,10080,259146,3889.699243,0.4,high,low,#5ac8c8
4/1/2023,Q1_2324,Hackney,Trust MPS,10080,259146,3889.699243,0.58,high,low,#5ac8c8
4/1/2023,Q1_2324,Hackney,Fair treatment,10080,259146,3889.699243,0.48,high,low,#5ac8c8
4/1/2024,Q1_2425,Hackney,Good job,10605,259146,4092.287745,0.41,high,low,#5ac8c8
4/1/2024,Q1_2425,Hackney,Trust MPS,10605,259146,4092.287745,0.65,high,low,#5ac8c8
4/1/2024,Q1_2425,Hackney,Fair treatment,10605,259146,4092.287745,0.52,high,low,#5ac8c8
4/1/2025,Q1_2526,Hackney,Good job,10430,259146,4024.758244,0.41,high,low,#5ac8c8
4/1/2025,Q1_2526,Hackney,Trust MPS,10430,259146,4024.758244,0.68,high,low,#5ac8c8
4/1/2025,Q1_2526,Hackney,Fair treatment,10430,259146,4024.758244,0.59,high,low,#5ac8c8
7/1/2015,Q2_1516,Hackney,Good job,2215,259146,854.730538,0.65,high,med,#5698b9
7/1/2015,Q2_1516,Hackney,Fair treatment,2215,259146,854.730538,0.63,high,low,#5ac8c8
7/1/2016,Q2_1617,Hackney,Good job,2683,259146,1035.323717,0.68,high,low,#5ac8c8
7/1/2016,Q2_1617,Hackney,Trust MPS,2683,259146,1035.323717,0.85,high,low,#5ac8c8
7/1/2016,Q2_1617,Hackney,Fair treatment,2683,259146,1035.323717,0.76,high,med,#5698b9
7/1/2017,Q2_1718,Hackney,Good job,10420,259146,4020.899416,0.55,high,low,#5ac8c8
7/1/2017,Q2_1718,Hackney,Trust MPS,10420,259146,4020.899416,0.8,high,low,#5ac8c8
7/1/2017,Q2_1718,Hackney,Fair treatment,10420,259146,4020.899416,0.65,high,low,#5ac8c8
7/1/2018,Q2_1819,Hackney,Good job,10206,259146,3938.320483,0.56,high,low,#5ac8c8
7/1/2018,Q2_1819,Hackney,Trust MPS,10206,259146,3938.320483,0.83,high,low,#5ac8c8
7/1/2018,Q2_1819,Hackney,Fair treatment,10206,259146,3938.320483,0.55,high,low,#5ac8c8
7/1/2019,Q2_1920,Hackney,Good job,12095,259146,4667.253209,0.44,high,low,#5ac8c8
7/1/2019,Q2_1920,Hackney,Trust MPS,12095,259146,4667.253209,0.73,high,low,#5ac8c8
7/1/2019,Q2_1920,Hackney,Fair treatment,12095,259146,4667.253209,0.48,high,low,#5ac8c8
7/1/2020,Q2_2021,Hackney,Good job,11461,259146,4422.603474,0.47,high,low,#5ac8c8
7/1/2020,Q2_2021,Hackney,Trust MPS,11461,259146,4422.603474,0.73,high,low,#5ac8c8
7/1/2020,Q2_2021,Hackney,Fair treatment,11461,259146,4422.603474,0.56,high,low,#5ac8c8
7/1/2021,Q2_2122,Hackney,Good job,10304,259146,3976.137004,0.48,high,low,#5ac8c8
7/1/2021,Q2_2122,Hackney,Trust MPS,10304,259146,3976.137004,0.69,high,low,#5ac8c8
7/1/2021,Q2_2122,Hackney,Fair treatment,10304,259146,3976.137004,0.54,high,low,#5ac8c8
7/1/2022,Q2_2223,Hackney,Good job,9638,259146,3719.139018,0.47,high,low,#5ac8c8
7/1/2022,Q2_2223,Hackney,Trust MPS,9638,259146,3719.139018,0.67,high,low,#5ac8c8
7/1/2022,Q2_2223,Hackney,Fair treatment,9638,259146,3719.139018,0.56,high,low,#5ac8c8
7/1/2023,Q2_2324,Hackney,Good job,10467,259146,4039.03591,0.4,high,low,#5ac8c8
7/1/2023,Q2_2324,Hackney,Trust MPS,10467,259146,4039.03591,0.59,high,low,#5ac8c8
7/1/2023,Q2_2324,Hackney,Fair treatment,10467,259146,4039.03591,0.49,high,low,#5ac8c8
7/1/2024,Q2_2425,Hackney,Good job,10590,259146,4086.499502,0.37,high,low,#5ac8c8
7/1/2024,Q2_2425,Hackney,Trust MPS,10590,259146,4086.499502,0.65,high,low,#5ac8c8
7/1/2024,Q2_2425,Hackney,Fair treatment,10590,259146,4086.499502,0.52,high,low,#5ac8c8
7/1/2025,Q2_2526,Hackney,Good job,11151,259146,4302.979787,0.44,high,low,#5ac8c8
7/1/2025,Q2_2526,Hackney,Trust MPS,11151,259146,4302.979787,0.65,high,low,#5ac8c8
7/1/2025,Q2_2526,Hackney,Fair treatment,11151,259146,4302.979787,0.57,high,low,#5ac8c8
10/1/2015,Q3_1516,Hackney,Good job,2157,259146,832.349332,0.65,high,med,#5698b9
10/1/2015,Q3_1516,Hackney,Fair treatment,2157,259146,832.349332,0.61,high,low,#5ac8c8
10/1/2016,Q3_1617,Hackney,Good job,2476,259146,955.4459648,0.69,high,med,#5698b9
10/1/2016,Q3_1617,Hackney,Trust MPS,2476,259146,955.4459648,0.86,high,low,#5ac8c8
10/1/2016,Q3_1617,Hackney,Fair treatment,2476,259146,955.4459648,0.79,high,med,#5698b9
10/1/2017,Q3_1718,Hackney,Good job,9785,259146,3775.863799,0.55,high,low,#5ac8c8
10/1/2017,Q3_1718,Hackney,Trust MPS,9785,259146,3775.863799,0.78,high,low,#5ac8c8
10/1/2017,Q3_1718,Hackney,Fair treatment,9785,259146,3775.863799,0.6,high,low,#5ac8c8
10/1/2018,Q3_1819,Hackney,Good job,10763,259146,4153.257237,0.53,high,low,#5ac8c8
10/1/2018,Q3_1819,Hackney,Trust MPS,10763,259146,4153.257237,0.79,high,low,#5ac8c8
10/1/2018,Q3_1819,Hackney,Fair treatment,10763,259146,4153.257237,0.54,high,low,#5ac8c8
10/1/2019,Q3_1920,Hackney,Good job,11140,259146,4298.735076,0.46,high,low,#5ac8c8
10/1/2019,Q3_1920,Hackney,Trust MPS,11140,259146,4298.735076,0.75,high,low,#5ac8c8
10/1/2019,Q3_1920,Hackney,Fair treatment,11140,259146,4298.735076,0.47,high,low,#5ac8c8
10/1/2020,Q3_2021,Hackney,Good job,9747,259146,3761.20025,0.45,high,low,#5ac8c8
10/1/2020,Q3_2021,Hackney,Trust MPS,9747,259146,3761.20025,0.72,high,low,#5ac8c8
10/1/2020,Q3_2021,Hackney,Fair treatment,9747,259146,3761.20025,0.6,high,low,#5ac8c8
10/1/2021,Q3_2122,Hackney,Good job,10407,259146,4015.882939,0.46,high,low,#5ac8c8
10/1/2021,Q3_2122,Hackney,Trust MPS,10407,259146,4015.882939,0.67,high,low,#5ac8c8
10/1/2021,Q3_2122,Hackney,Fair treatment,10407,259146,4015.882939,0.51,high,low,#5ac8c8
10/1/2022,Q3_2223,Hackney,Good job,9456,259146,3648.908337,0.45,high,low,#5ac8c8
10/1/2022,Q3_2223,Hackney,Trust MPS,9456,259146,3648.908337,0.65,high,low,#5ac8c8
10/1/2022,Q3_2223,Hackney,Fair treatment,9456,259146,3648.908337,0.55,high,low,#5ac8c8
10/1/2023,Q3_2324,Hackney,Good job,10704,259146,4130.490148,0.41,high,low,#5ac8c8
10/1/2023,Q3_2324,Hackney,Trust MPS,10704,259146,4130.490148,0.59,high,low,#5ac8c8
10/1/2023,Q3_2324,Hackney,Fair treatment,10704,259146,4130.490148,0.5,high,low,#5ac8c8
10/1/2024,Q3_2425,Hackney,Good job,10553,259146,4072.221836,0.4,high,low,#5ac8c8
10/1/2024,Q3_2425,Hackney,Trust MPS,10553,259146,4072.221836,0.68,high,low,#5ac8c8
10/1/2024,Q3_2425,Hackney,Fair treatment,10553,259146,4072.221836,0.55,high,low,#5ac8c8
10/1/2025,Q3_2526,Hackney,Good job,9676,259146,3733.802567,0.41,high,low,#5ac8c8
10/1/2025,Q3_2526,Hackney,Trust MPS,9676,259146,3733.802567,0.59,high,low,#5ac8c8
10/1/2025,Q3_2526,Hackney,Fair treatment,9676,259146,3733.802567,0.55,high,low,#5ac8c8
1/1/2015,Q4_1415,Hackney,Good job,2132,259146,822.7022605,0.6,high,low,#5ac8c8
1/1/2015,Q4_1415,Hackney,Fair treatment,2132,259146,822.7022605,0.7,high,low,#5ac8c8
1/1/2016,Q4_1516,Hackney,Good job,1875,259146,723.5303651,0.64,high,low,#5ac8c8
1/1/2016,Q4_1516,Hackney,Trust MPS,1875,259146,723.5303651,0.82,high,low,#5ac8c8
1/1/2016,Q4_1516,Hackney,Fair treatment,1875,259146,723.5303651,0.64,high,low,#5ac8c8
1/1/2017,Q4_1617,Hackney,Good job,2846,259146,1098.222624,0.68,high,med,#5698b9
1/1/2017,Q4_1617,Hackney,Trust MPS,2846,259146,1098.222624,0.86,high,low,#5ac8c8
1/1/2017,Q4_1617,Hackney,Fair treatment,2846,259146,1098.222624,0.8,high,med,#5698b9
1/1/2018,Q4_1718,Hackney,Good job,8745,259146,3374.545623,0.55,high,low,#5ac8c8
1/1/2018,Q4_1718,Hackney,Trust MPS,8745,259146,3374.545623,0.78,high,low,#5ac8c8
1/1/2018,Q4_1718,Hackney,Fair treatment,8745,259146,3374.545623,0.54,high,low,#5ac8c8
1/1/2019,Q4_1819,Hackney,Good job,10476,259146,4042.508856,0.5,high,low,#5ac8c8
1/1/2019,Q4_1819,Hackney,Trust MPS,10476,259146,4042.508856,0.77,high,low,#5ac8c8
1/1/2019,Q4_1819,Hackney,Fair treatment,10476,259146,4042.508856,0.52,high,low,#5ac8c8
1/1/2020,Q4_1920,Hackney,Good job,10413,259146,4018.198236,0.42,high,low,#5ac8c8
1/1/2020,Q4_1920,Hackney,Trust MPS,10413,259146,4018.198236,0.72,high,low,#5ac8c8
1/1/2020,Q4_1920,Hackney,Fair treatment,10413,259146,4018.198236,0.48,high,low,#5ac8c8
1/1/2021,Q4_2021,Hackney,Good job,8219,259146,3171.571238,0.5,high,low,#5ac8c8
1/1/2021,Q4_2021,Hackney,Trust MPS,8219,259146,3171.571238,0.74,high,low,#5ac8c8
1/1/2021,Q4_2021,Hackney,Fair treatment,8219,259146,3171.571238,0.6,high,low,#5ac8c8
1/1/2022,Q4_2122,Hackney,Good job,9337,259146,3602.988277,0.46,high,low,#5ac8c8
1/1/2022,Q4_2122,Hackney,Trust MPS,9337,259146,3602.988277,0.68,high,low,#5ac8c8
1/1/2022,Q4_2122,Hackney,Fair treatment,9337,259146,3602.988277,0.55,high,low,#5ac8c8
1/1/2023,Q4_2223,Hackney,Good job,9247,259146,3568.258819,0.42,high,low,#5ac8c8
1/1/2023,Q4_2223,Hackney,Trust MPS,9247,259146,3568.258819,0.62,high,low,#5ac8c8
1/1/2023,Q4_2223,Hackney,Fair treatment,9247,259146,3568.258819,0.51,high,low,#5ac8c8
1/1/2024,Q4_2324,Hackney,Good job,10442,259146,4029.388839,0.41,high,low,#5ac8c8
1/1/2024,Q4_2324,Hackney,Trust MPS,10442,259146,4029.388839,0.59,high,low,#5ac8c8
1/1/2024,Q4_2324,Hackney,Fair treatment,10442,259146,4029.388839,0.47,high,low,#5ac8c8
1/1/2025,Q4_2425,Hackney,Good job,9513,259146,3670.90366,0.41,high,low,#5ac8c8
1/1/2025,Q4_2425,Hackney,Trust MPS,9513,259146,3670.90366,0.7,high,low,#5ac8c8
1/1/2025,Q4_2425,Hackney,Fair treatment,9513,259146,3670.90366,0.59,high,low,#5ac8c8
1/1/2026,Q4_2526,Hackney,Good job,9062,259146,3496.87049,0.44,high,med,#5698b9
1/1/2026,Q4_2526,Hackney,Trust MPS,9062,259146,3496.87049,0.59,high,low,#5ac8c8
1/1/2026,Q4_2526,Hackney,Fair treatment,9062,259146,3496.87049,0.58,high,low,#5ac8c8
4/1/2015,Q1_1516,Hammersmith and Fulham,Good job,1100,183157,600.5776465,0.72,high,high,#3b4994
4/1/2015,Q1_1516,Hammersmith and Fulham,Fair treatment,1100,183157,600.5776465,0.73,high,low,#5ac8c8
4/1/2016,Q1_1617,Hammersmith and Fulham,Good job,1214,183157,662.8193299,0.84,high,high,#3b4994
4/1/2016,Q1_1617,Hammersmith and Fulham,Trust MPS,1214,183157,662.8193299,0.93,high,high,#3b4994
4/1/2016,Q1_1617,Hammersmith and Fulham,Fair treatment,1214,183157,662.8193299,0.81,high,high,#3b4994
4/1/2017,Q1_1718,Hammersmith and Fulham,Good job,6551,183157,3576.712875,0.77,high,high,#3b4994
4/1/2017,Q1_1718,Hammersmith and Fulham,Trust MPS,6551,183157,3576.712875,0.91,high,high,#3b4994
4/1/2017,Q1_1718,Hammersmith and Fulham,Fair treatment,6551,183157,3576.712875,0.83,high,high,#3b4994
4/1/2018,Q1_1819,Hammersmith and Fulham,Good job,6675,183157,3644.414355,0.72,high,high,#3b4994
4/1/2018,Q1_1819,Hammersmith and Fulham,Trust MPS,6675,183157,3644.414355,0.89,high,high,#3b4994
4/1/2018,Q1_1819,Hammersmith and Fulham,Fair treatment,6675,183157,3644.414355,0.8,high,med,#5698b9
4/1/2019,Q1_1920,Hammersmith and Fulham,Good job,7387,183157,4033.151886,0.67,high,high,#3b4994
4/1/2019,Q1_1920,Hammersmith and Fulham,Trust MPS,7387,183157,4033.151886,0.85,high,high,#3b4994
4/1/2019,Q1_1920,Hammersmith and Fulham,Fair treatment,7387,183157,4033.151886,0.73,high,low,#5ac8c8
4/1/2020,Q1_2021,Hammersmith and Fulham,Good job,5093,183157,2780.674503,0.63,high,high,#3b4994
4/1/2020,Q1_2021,Hammersmith and Fulham,Trust MPS,5093,183157,2780.674503,0.85,high,med,#5698b9
4/1/2020,Q1_2021,Hammersmith and Fulham,Fair treatment,5093,183157,2780.674503,0.78,high,med,#5698b9
4/1/2021,Q1_2122,Hammersmith and Fulham,Good job,6247,183157,3410.735052,0.6,high,high,#3b4994
4/1/2021,Q1_2122,Hammersmith and Fulham,Trust MPS,6247,183157,3410.735052,0.81,high,med,#5698b9
4/1/2021,Q1_2122,Hammersmith and Fulham,Fair treatment,6247,183157,3410.735052,0.69,high,med,#5698b9
4/1/2022,Q1_2223,Hammersmith and Fulham,Good job,6115,183157,3338.665735,0.55,high,high,#3b4994
4/1/2022,Q1_2223,Hammersmith and Fulham,Trust MPS,6115,183157,3338.665735,0.75,high,med,#5698b9
4/1/2022,Q1_2223,Hammersmith and Fulham,Fair treatment,6115,183157,3338.665735,0.62,high,med,#5698b9
4/1/2023,Q1_2324,Hammersmith and Fulham,Good job,6985,183157,3813.668055,0.5,high,med,#5698b9
4/1/2023,Q1_2324,Hammersmith and Fulham,Trust MPS,6985,183157,3813.668055,0.66,high,low,#5ac8c8
4/1/2023,Q1_2324,Hammersmith and Fulham,Fair treatment,6985,183157,3813.668055,0.59,high,low,#5ac8c8
4/1/2024,Q1_2425,Hammersmith and Fulham,Good job,6415,183157,3502.459638,0.51,high,high,#3b4994
4/1/2024,Q1_2425,Hammersmith and Fulham,Trust MPS,6415,183157,3502.459638,0.74,high,med,#5698b9
4/1/2024,Q1_2425,Hammersmith and Fulham,Fair treatment,6415,183157,3502.459638,0.64,high,med,#5698b9
4/1/2025,Q1_2526,Hammersmith and Fulham,Good job,7079,183157,3864.990145,0.49,high,high,#3b4994
4/1/2025,Q1_2526,Hammersmith and Fulham,Trust MPS,7079,183157,3864.990145,0.76,high,med,#5698b9
4/1/2025,Q1_2526,Hammersmith and Fulham,Fair treatment,7079,183157,3864.990145,0.64,high,med,#5698b9
7/1/2015,Q2_1516,Hammersmith and Fulham,Good job,1019,183157,556.3532925,0.76,med,high,#8c62aa
7/1/2015,Q2_1516,Hammersmith and Fulham,Fair treatment,1019,183157,556.3532925,0.76,med,med,#a5add3
7/1/2016,Q2_1617,Hammersmith and Fulham,Good job,1296,183157,707.5896635,0.82,high,high,#3b4994
7/1/2016,Q2_1617,Hammersmith and Fulham,Trust MPS,1296,183157,707.5896635,0.94,high,high,#3b4994
7/1/2016,Q2_1617,Hammersmith and Fulham,Fair treatment,1296,183157,707.5896635,0.8,high,high,#3b4994
7/1/2017,Q2_1718,Hammersmith and Fulham,Good job,6596,183157,3601.28196,0.77,high,high,#3b4994
7/1/2017,Q2_1718,Hammersmith and Fulham,Trust MPS,6596,183157,3601.28196,0.89,high,med,#5698b9
7/1/2017,Q2_1718,Hammersmith and Fulham,Fair treatment,6596,183157,3601.28196,0.85,high,high,#3b4994
7/1/2018,Q2_1819,Hammersmith and Fulham,Good job,7018,183157,3831.685385,0.72,high,high,#3b4994
7/1/2018,Q2_1819,Hammersmith and Fulham,Trust MPS,7018,183157,3831.685385,0.89,high,high,#3b4994
7/1/2018,Q2_1819,Hammersmith and Fulham,Fair treatment,7018,183157,3831.685385,0.77,high,med,#5698b9
7/1/2019,Q2_1920,Hammersmith and Fulham,Good job,7660,183157,4182.204338,0.66,high,high,#3b4994
7/1/2019,Q2_1920,Hammersmith and Fulham,Trust MPS,7660,183157,4182.204338,0.84,high,med,#5698b9
7/1/2019,Q2_1920,Hammersmith and Fulham,Fair treatment,7660,183157,4182.204338,0.73,high,low,#5ac8c8
7/1/2020,Q2_2021,Hammersmith and Fulham,Good job,6406,183157,3497.545821,0.62,high,high,#3b4994
7/1/2020,Q2_2021,Hammersmith and Fulham,Trust MPS,6406,183157,3497.545821,0.84,high,med,#5698b9
7/1/2020,Q2_2021,Hammersmith and Fulham,Fair treatment,6406,183157,3497.545821,0.77,high,med,#5698b9
7/1/2021,Q2_2122,Hammersmith and Fulham,Good job,6314,183157,3447.315691,0.57,high,high,#3b4994
7/1/2021,Q2_2122,Hammersmith and Fulham,Trust MPS,6314,183157,3447.315691,0.78,high,med,#5698b9
7/1/2021,Q2_2122,Hammersmith and Fulham,Fair treatment,6314,183157,3447.315691,0.67,high,med,#5698b9
7/1/2022,Q2_2223,Hammersmith and Fulham,Good job,6414,183157,3501.913659,0.55,high,high,#3b4994
7/1/2022,Q2_2223,Hammersmith and Fulham,Trust MPS,6414,183157,3501.913659,0.74,high,med,#5698b9
7/1/2022,Q2_2223,Hammersmith and Fulham,Fair treatment,6414,183157,3501.913659,0.61,high,med,#5698b9
7/1/2023,Q2_2324,Hammersmith and Fulham,Good job,7021,183157,3833.323324,0.48,high,med,#5698b9
7/1/2023,Q2_2324,Hammersmith and Fulham,Trust MPS,7021,183157,3833.323324,0.7,high,med,#5698b9
7/1/2023,Q2_2324,Hammersmith and Fulham,Fair treatment,7021,183157,3833.323324,0.59,high,med,#5698b9
7/1/2024,Q2_2425,Hammersmith and Fulham,Good job,6909,183157,3772.1736,0.52,high,high,#3b4994
7/1/2024,Q2_2425,Hammersmith and Fulham,Trust MPS,6909,183157,3772.1736,0.73,high,med,#5698b9
7/1/2024,Q2_2425,Hammersmith and Fulham,Fair treatment,6909,183157,3772.1736,0.64,high,med,#5698b9
7/1/2025,Q2_2526,Hammersmith and Fulham,Good job,6715,183157,3666.253542,0.49,high,high,#3b4994
7/1/2025,Q2_2526,Hammersmith and Fulham,Trust MPS,6715,183157,3666.253542,0.77,high,med,#5698b9
7/1/2025,Q2_2526,Hammersmith and Fulham,Fair treatment,6715,183157,3666.253542,0.67,high,med,#5698b9
10/1/2015,Q3_1516,Hammersmith and Fulham,Good job,1246,183157,680.2906796,0.75,high,high,#3b4994
10/1/2015,Q3_1516,Hammersmith and Fulham,Fair treatment,1246,183157,680.2906796,0.8,high,high,#3b4994
10/1/2016,Q3_1617,Hammersmith and Fulham,Good job,1181,183157,644.8020005,0.8,med,high,#8c62aa
10/1/2016,Q3_1617,Hammersmith and Fulham,Trust MPS,1181,183157,644.8020005,0.92,med,high,#8c62aa
10/1/2016,Q3_1617,Hammersmith and Fulham,Fair treatment,1181,183157,644.8020005,0.78,med,med,#a5add3
10/1/2017,Q3_1718,Hammersmith and Fulham,Good job,6908,183157,3771.62762,0.79,high,high,#3b4994
10/1/2017,Q3_1718,Hammersmith and Fulham,Trust MPS,6908,183157,3771.62762,0.9,high,high,#3b4994
10/1/2017,Q3_1718,Hammersmith and Fulham,Fair treatment,6908,183157,3771.62762,0.85,high,high,#3b4994
10/1/2018,Q3_1819,Hammersmith and Fulham,Good job,6990,183157,3816.397954,0.69,high,high,#3b4994
10/1/2018,Q3_1819,Hammersmith and Fulham,Trust MPS,6990,183157,3816.397954,0.88,high,high,#3b4994
10/1/2018,Q3_1819,Hammersmith and Fulham,Fair treatment,6990,183157,3816.397954,0.74,high,low,#5ac8c8
10/1/2019,Q3_1920,Hammersmith and Fulham,Good job,7371,183157,4024.416211,0.64,high,high,#3b4994
10/1/2019,Q3_1920,Hammersmith and Fulham,Trust MPS,7371,183157,4024.416211,0.85,high,med,#5698b9
10/1/2019,Q3_1920,Hammersmith and Fulham,Fair treatment,7371,183157,4024.416211,0.78,high,low,#5ac8c8
10/1/2020,Q3_2021,Hammersmith and Fulham,Good job,5691,183157,3107.170351,0.63,high,high,#3b4994
10/1/2020,Q3_2021,Hammersmith and Fulham,Trust MPS,5691,183157,3107.170351,0.82,high,med,#5698b9
10/1/2020,Q3_2021,Hammersmith and Fulham,Fair treatment,5691,183157,3107.170351,0.72,high,med,#5698b9
10/1/2021,Q3_2122,Hammersmith and Fulham,Good job,6289,183157,3433.666199,0.55,high,high,#3b4994
10/1/2021,Q3_2122,Hammersmith and Fulham,Trust MPS,6289,183157,3433.666199,0.79,high,med,#5698b9
10/1/2021,Q3_2122,Hammersmith and Fulham,Fair treatment,6289,183157,3433.666199,0.68,high,med,#5698b9
10/1/2022,Q3_2223,Hammersmith and Fulham,Good job,5945,183157,3245.849189,0.5,high,med,#5698b9
10/1/2022,Q3_2223,Hammersmith and Fulham,Trust MPS,5945,183157,3245.849189,0.69,high,med,#5698b9
10/1/2022,Q3_2223,Hammersmith and Fulham,Fair treatment,5945,183157,3245.849189,0.56,high,low,#5ac8c8
10/1/2023,Q3_2324,Hammersmith and Fulham,Good job,7067,183157,3858.438389,0.51,high,high,#3b4994
10/1/2023,Q3_2324,Hammersmith and Fulham,Trust MPS,7067,183157,3858.438389,0.7,high,med,#5698b9
10/1/2023,Q3_2324,Hammersmith and Fulham,Fair treatment,7067,183157,3858.438389,0.61,high,med,#5698b9
10/1/2024,Q3_2425,Hammersmith and Fulham,Good job,7012,183157,3828.409507,0.51,high,high,#3b4994
10/1/2024,Q3_2425,Hammersmith and Fulham,Trust MPS,7012,183157,3828.409507,0.74,high,med,#5698b9
10/1/2024,Q3_2425,Hammersmith and Fulham,Fair treatment,7012,183157,3828.409507,0.64,high,med,#5698b9
10/1/2025,Q3_2526,Hammersmith and Fulham,Good job,6283,183157,3430.390321,0.46,high,med,#5698b9
10/1/2025,Q3_2526,Hammersmith and Fulham,Trust MPS,6283,183157,3430.390321,0.75,high,med,#5698b9
10/1/2025,Q3_2526,Hammersmith and Fulham,Fair treatment,6283,183157,3430.390321,0.64,high,med,#5698b9
1/1/2015,Q4_1415,Hammersmith and Fulham,Good job,1088,183157,594.0258904,0.71,high,high,#3b4994
1/1/2015,Q4_1415,Hammersmith and Fulham,Fair treatment,1088,183157,594.0258904,0.72,high,low,#5ac8c8
1/1/2016,Q4_1516,Hammersmith and Fulham,Good job,1054,183157,575.4625813,0.79,med,high,#8c62aa
1/1/2016,Q4_1516,Hammersmith and Fulham,Trust MPS,1054,183157,575.4625813,0.92,med,high,#8c62aa
1/1/2016,Q4_1516,Hammersmith and Fulham,Fair treatment,1054,183157,575.4625813,0.82,med,high,#8c62aa
1/1/2017,Q4_1617,Hammersmith and Fulham,Good job,1160,183157,633.3364272,0.78,high,high,#3b4994
1/1/2017,Q4_1617,Hammersmith and Fulham,Trust MPS,1160,183157,633.3364272,0.91,high,high,#3b4994
1/1/2017,Q4_1617,Hammersmith and Fulham,Fair treatment,1160,183157,633.3364272,0.8,high,med,#5698b9
1/1/2018,Q4_1718,Hammersmith and Fulham,Good job,6245,183157,3409.643093,0.75,high,high,#3b4994
1/1/2018,Q4_1718,Hammersmith and Fulham,Trust MPS,6245,183157,3409.643093,0.9,high,high,#3b4994
1/1/2018,Q4_1718,Hammersmith and Fulham,Fair treatment,6245,183157,3409.643093,0.83,high,high,#3b4994
1/1/2019,Q4_1819,Hammersmith and Fulham,Good job,6768,183157,3695.190465,0.69,high,high,#3b4994
1/1/2019,Q4_1819,Hammersmith and Fulham,Trust MPS,6768,183157,3695.190465,0.87,high,high,#3b4994
1/1/2019,Q4_1819,Hammersmith and Fulham,Fair treatment,6768,183157,3695.190465,0.74,high,low,#5ac8c8
1/1/2020,Q4_1920,Hammersmith and Fulham,Good job,6477,183157,3536.310379,0.62,high,med,#5698b9
1/1/2020,Q4_1920,Hammersmith and Fulham,Trust MPS,6477,183157,3536.310379,0.84,high,med,#5698b9
1/1/2020,Q4_1920,Hammersmith and Fulham,Fair treatment,6477,183157,3536.310379,0.79,high,med,#5698b9
1/1/2021,Q4_2021,Hammersmith and Fulham,Good job,5152,183157,2812.887304,0.63,high,high,#3b4994
1/1/2021,Q4_2021,Hammersmith and Fulham,Trust MPS,5152,183157,2812.887304,0.79,high,med,#5698b9
1/1/2021,Q4_2021,Hammersmith and Fulham,Fair treatment,5152,183157,2812.887304,0.67,high,low,#5ac8c8
1/1/2022,Q4_2122,Hammersmith and Fulham,Good job,5704,183157,3114.268087,0.51,high,med,#5698b9
1/1/2022,Q4_2122,Hammersmith and Fulham,Trust MPS,5704,183157,3114.268087,0.76,high,med,#5698b9
1/1/2022,Q4_2122,Hammersmith and Fulham,Fair treatment,5704,183157,3114.268087,0.63,high,med,#5698b9
1/1/2023,Q4_2223,Hammersmith and Fulham,Good job,6147,183157,3356.137085,0.53,high,high,#3b4994
1/1/2023,Q4_2223,Hammersmith and Fulham,Trust MPS,6147,183157,3356.137085,0.7,high,med,#5698b9
1/1/2023,Q4_2223,Hammersmith and Fulham,Fair treatment,6147,183157,3356.137085,0.62,high,med,#5698b9
1/1/2024,Q4_2324,Hammersmith and Fulham,Good job,6813,183157,3719.759551,0.54,high,high,#3b4994
1/1/2024,Q4_2324,Hammersmith and Fulham,Trust MPS,6813,183157,3719.759551,0.73,high,med,#5698b9
1/1/2024,Q4_2324,Hammersmith and Fulham,Fair treatment,6813,183157,3719.759551,0.63,high,med,#5698b9
1/1/2025,Q4_2425,Hammersmith and Fulham,Good job,6387,183157,3487.172207,0.46,high,med,#5698b9
1/1/2025,Q4_2425,Hammersmith and Fulham,Trust MPS,6387,183157,3487.172207,0.75,high,med,#5698b9
1/1/2025,Q4_2425,Hammersmith and Fulham,Fair treatment,6387,183157,3487.172207,0.62,high,med,#5698b9
1/1/2026,Q4_2526,Hammersmith and Fulham,Good job,5879,183157,3209.814531,0.46,high,med,#5698b9
1/1/2026,Q4_2526,Hammersmith and Fulham,Trust MPS,5879,183157,3209.814531,0.75,high,high,#3b4994
1/1/2026,Q4_2526,Hammersmith and Fulham,Fair treatment,5879,183157,3209.814531,0.64,high,med,#5698b9
4/1/2015,Q1_1516,Haringey,Good job,1716,264238,649.4145429,0.57,high,low,#5ac8c8
4/1/2015,Q1_1516,Haringey,Fair treatment,1716,264238,649.4145429,0.73,high,low,#5ac8c8
4/1/2016,Q1_1617,Haringey,Good job,2369,264238,896.5402402,0.59,high,low,#5ac8c8
4/1/2016,Q1_1617,Haringey,Trust MPS,2369,264238,896.5402402,0.85,high,low,#5ac8c8
4/1/2016,Q1_1617,Haringey,Fair treatment,2369,264238,896.5402402,0.71,high,low,#5ac8c8
4/1/2017,Q1_1718,Haringey,Good job,9908,264238,3749.649937,0.6,high,low,#5ac8c8
4/1/2017,Q1_1718,Haringey,Trust MPS,9908,264238,3749.649937,0.84,high,low,#5ac8c8
4/1/2017,Q1_1718,Haringey,Fair treatment,9908,264238,3749.649937,0.72,high,low,#5ac8c8
4/1/2018,Q1_1819,Haringey,Good job,10486,264238,3968.392131,0.52,high,low,#5ac8c8
4/1/2018,Q1_1819,Haringey,Trust MPS,10486,264238,3968.392131,0.75,high,low,#5ac8c8
4/1/2018,Q1_1819,Haringey,Fair treatment,10486,264238,3968.392131,0.59,high,low,#5ac8c8
4/1/2019,Q1_1920,Haringey,Good job,10428,264238,3946.442223,0.5,high,low,#5ac8c8
4/1/2019,Q1_1920,Haringey,Trust MPS,10428,264238,3946.442223,0.76,high,low,#5ac8c8
4/1/2019,Q1_1920,Haringey,Fair treatment,10428,264238,3946.442223,0.64,high,low,#5ac8c8
4/1/2020,Q1_2021,Haringey,Good job,8314,264238,3146.405892,0.48,high,low,#5ac8c8
4/1/2020,Q1_2021,Haringey,Trust MPS,8314,264238,3146.405892,0.77,high,low,#5ac8c8
4/1/2020,Q1_2021,Haringey,Fair treatment,8314,264238,3146.405892,0.61,high,low,#5ac8c8
4/1/2021,Q1_2122,Haringey,Good job,9359,264238,3541.882697,0.53,high,med,#5698b9
4/1/2021,Q1_2122,Haringey,Trust MPS,9359,264238,3541.882697,0.75,high,low,#5ac8c8
4/1/2021,Q1_2122,Haringey,Fair treatment,9359,264238,3541.882697,0.66,high,low,#5ac8c8
4/1/2022,Q1_2223,Haringey,Good job,8992,264238,3402.992757,0.49,high,med,#5698b9
4/1/2022,Q1_2223,Haringey,Trust MPS,8992,264238,3402.992757,0.68,high,low,#5ac8c8
4/1/2022,Q1_2223,Haringey,Fair treatment,8992,264238,3402.992757,0.53,high,low,#5ac8c8
4/1/2023,Q1_2324,Haringey,Good job,9463,264238,3581.241154,0.44,high,low,#5ac8c8
4/1/2023,Q1_2324,Haringey,Trust MPS,9463,264238,3581.241154,0.62,high,low,#5ac8c8
4/1/2023,Q1_2324,Haringey,Fair treatment,9463,264238,3581.241154,0.53,high,low,#5ac8c8
4/1/2024,Q1_2425,Haringey,Good job,9198,264238,3480.952777,0.41,high,low,#5ac8c8
4/1/2024,Q1_2425,Haringey,Trust MPS,9198,264238,3480.952777,0.58,high,low,#5ac8c8
4/1/2024,Q1_2425,Haringey,Fair treatment,9198,264238,3480.952777,0.51,high,low,#5ac8c8
4/1/2025,Q1_2526,Haringey,Good job,9614,264238,3638.386606,0.45,high,med,#5698b9
4/1/2025,Q1_2526,Haringey,Trust MPS,9614,264238,3638.386606,0.74,high,med,#5698b9
4/1/2025,Q1_2526,Haringey,Fair treatment,9614,264238,3638.386606,0.62,high,low,#5ac8c8
7/1/2015,Q2_1516,Haringey,Good job,2003,264238,758.0287468,0.57,high,low,#5ac8c8
7/1/2015,Q2_1516,Haringey,Fair treatment,2003,264238,758.0287468,0.7,high,low,#5ac8c8
7/1/2016,Q2_1617,Haringey,Good job,2424,264238,917.3548089,0.6,high,low,#5ac8c8
7/1/2016,Q2_1617,Haringey,Trust MPS,2424,264238,917.3548089,0.86,high,low,#5ac8c8
7/1/2016,Q2_1617,Haringey,Fair treatment,2424,264238,917.3548089,0.75,high,med,#5698b9
7/1/2017,Q2_1718,Haringey,Good job,10647,264238,4029.322051,0.61,high,low,#5ac8c8
7/1/2017,Q2_1718,Haringey,Trust MPS,10647,264238,4029.322051,0.81,high,low,#5ac8c8
7/1/2017,Q2_1718,Haringey,Fair treatment,10647,264238,4029.322051,0.68,high,low,#5ac8c8
7/1/2018,Q2_1819,Haringey,Good job,10310,264238,3901.785512,0.49,high,low,#5ac8c8
7/1/2018,Q2_1819,Haringey,Trust MPS,10310,264238,3901.785512,0.74,high,low,#5ac8c8
7/1/2018,Q2_1819,Haringey,Fair treatment,10310,264238,3901.785512,0.6,high,low,#5ac8c8
7/1/2019,Q2_1920,Haringey,Good job,10649,264238,4030.078944,0.52,high,low,#5ac8c8
7/1/2019,Q2_1920,Haringey,Trust MPS,10649,264238,4030.078944,0.77,high,low,#5ac8c8
7/1/2019,Q2_1920,Haringey,Fair treatment,10649,264238,4030.078944,0.63,high,low,#5ac8c8
7/1/2020,Q2_2021,Haringey,Good job,9821,264238,3716.725074,0.48,high,low,#5ac8c8
7/1/2020,Q2_2021,Haringey,Trust MPS,9821,264238,3716.725074,0.78,high,low,#5ac8c8
7/1/2020,Q2_2021,Haringey,Fair treatment,9821,264238,3716.725074,0.63,high,low,#5ac8c8
7/1/2021,Q2_2122,Haringey,Good job,9526,264238,3605.083296,0.51,high,med,#5698b9
7/1/2021,Q2_2122,Haringey,Trust MPS,9526,264238,3605.083296,0.73,high,low,#5ac8c8
7/1/2021,Q2_2122,Haringey,Fair treatment,9526,264238,3605.083296,0.63,high,low,#5ac8c8
7/1/2022,Q2_2223,Haringey,Good job,8989,264238,3401.857416,0.5,high,med,#5698b9
7/1/2022,Q2_2223,Haringey,Trust MPS,8989,264238,3401.857416,0.67,high,low,#5ac8c8
7/1/2022,Q2_2223,Haringey,Fair treatment,8989,264238,3401.857416,0.53,high,low,#5ac8c8
7/1/2023,Q2_2324,Haringey,Good job,9696,264238,3669.419236,0.41,high,low,#5ac8c8
7/1/2023,Q2_2324,Haringey,Trust MPS,9696,264238,3669.419236,0.59,high,low,#5ac8c8
7/1/2023,Q2_2324,Haringey,Fair treatment,9696,264238,3669.419236,0.52,high,low,#5ac8c8
7/1/2024,Q2_2425,Haringey,Good job,9368,264238,3545.288717,0.43,high,med,#5698b9
7/1/2024,Q2_2425,Haringey,Trust MPS,9368,264238,3545.288717,0.64,high,low,#5ac8c8
7/1/2024,Q2_2425,Haringey,Fair treatment,9368,264238,3545.288717,0.54,high,low,#5ac8c8
7/1/2025,Q2_2526,Haringey,Good job,9792,264238,3705.750119,0.44,high,low,#5ac8c8
7/1/2025,Q2_2526,Haringey,Trust MPS,9792,264238,3705.750119,0.74,high,low,#5ac8c8
7/1/2025,Q2_2526,Haringey,Fair treatment,9792,264238,3705.750119,0.6,high,low,#5ac8c8
10/1/2015,Q3_1516,Haringey,Good job,2141,264238,810.2543919,0.54,high,low,#5ac8c8
10/1/2015,Q3_1516,Haringey,Fair treatment,2141,264238,810.2543919,0.69,high,low,#5ac8c8
10/1/2016,Q3_1617,Haringey,Good job,2163,264238,818.5802193,0.66,high,low,#5ac8c8
10/1/2016,Q3_1617,Haringey,Trust MPS,2163,264238,818.5802193,0.88,high,med,#5698b9
10/1/2016,Q3_1617,Haringey,Fair treatment,2163,264238,818.5802193,0.77,high,med,#5698b9
10/1/2017,Q3_1718,Haringey,Good job,10022,264238,3792.792861,0.55,high,low,#5ac8c8
10/1/2017,Q3_1718,Haringey,Trust MPS,10022,264238,3792.792861,0.78,high,low,#5ac8c8
10/1/2017,Q3_1718,Haringey,Fair treatment,10022,264238,3792.792861,0.62,high,low,#5ac8c8
10/1/2018,Q3_1819,Haringey,Good job,9849,264238,3727.321581,0.51,high,low,#5ac8c8
10/1/2018,Q3_1819,Haringey,Trust MPS,9849,264238,3727.321581,0.74,high,low,#5ac8c8
10/1/2018,Q3_1819,Haringey,Fair treatment,9849,264238,3727.321581,0.61,high,low,#5ac8c8
10/1/2019,Q3_1920,Haringey,Good job,10535,264238,3986.93602,0.48,high,low,#5ac8c8
10/1/2019,Q3_1920,Haringey,Trust MPS,10535,264238,3986.93602,0.74,high,low,#5ac8c8
10/1/2019,Q3_1920,Haringey,Fair treatment,10535,264238,3986.93602,0.61,high,low,#5ac8c8
10/1/2020,Q3_2021,Haringey,Good job,8841,264238,3345.847304,0.5,high,low,#5ac8c8
10/1/2020,Q3_2021,Haringey,Trust MPS,8841,264238,3345.847304,0.8,high,med,#5698b9
10/1/2020,Q3_2021,Haringey,Fair treatment,8841,264238,3345.847304,0.66,high,low,#5ac8c8
10/1/2021,Q3_2122,Haringey,Good job,9126,264238,3453.704615,0.5,high,med,#5698b9
10/1/2021,Q3_2122,Haringey,Trust MPS,9126,264238,3453.704615,0.7,high,low,#5ac8c8
10/1/2021,Q3_2122,Haringey,Fair treatment,9126,264238,3453.704615,0.57,high,low,#5ac8c8
10/1/2022,Q3_2223,Haringey,Good job,8504,264238,3218.310765,0.49,high,med,#5698b9
10/1/2022,Q3_2223,Haringey,Trust MPS,8504,264238,3218.310765,0.67,high,low,#5ac8c8
10/1/2022,Q3_2223,Haringey,Fair treatment,8504,264238,3218.310765,0.55,high,low,#5ac8c8
10/1/2023,Q3_2324,Haringey,Good job,9596,264238,3631.574565,0.4,high,low,#5ac8c8
10/1/2023,Q3_2324,Haringey,Trust MPS,9596,264238,3631.574565,0.59,high,low,#5ac8c8
10/1/2023,Q3_2324,Haringey,Fair treatment,9596,264238,3631.574565,0.53,high,low,#5ac8c8
10/1/2024,Q3_2425,Haringey,Good job,9002,264238,3406.777224,0.46,high,med,#5698b9
10/1/2024,Q3_2425,Haringey,Trust MPS,9002,264238,3406.777224,0.68,high,low,#5ac8c8
10/1/2024,Q3_2425,Haringey,Fair treatment,9002,264238,3406.777224,0.57,high,low,#5ac8c8
10/1/2025,Q3_2526,Haringey,Good job,8749,264238,3311.030208,0.41,high,low,#5ac8c8
10/1/2025,Q3_2526,Haringey,Trust MPS,8749,264238,3311.030208,0.69,high,low,#5ac8c8
10/1/2025,Q3_2526,Haringey,Fair treatment,8749,264238,3311.030208,0.55,high,low,#5ac8c8
1/1/2015,Q4_1415,Haringey,Good job,1712,264238,647.9007561,0.65,high,low,#5ac8c8
1/1/2015,Q4_1415,Haringey,Fair treatment,1712,264238,647.9007561,0.77,high,high,#3b4994
1/1/2016,Q4_1516,Haringey,Good job,2020,264238,764.4623408,0.55,high,low,#5ac8c8
1/1/2016,Q4_1516,Haringey,Trust MPS,2020,264238,764.4623408,0.82,high,low,#5ac8c8
1/1/2016,Q4_1516,Haringey,Fair treatment,2020,264238,764.4623408,0.69,high,low,#5ac8c8
1/1/2017,Q4_1617,Haringey,Good job,2307,264238,873.0765446,0.63,high,low,#5ac8c8
1/1/2017,Q4_1617,Haringey,Trust MPS,2307,264238,873.0765446,0.88,high,med,#5698b9
1/1/2017,Q4_1617,Haringey,Fair treatment,2307,264238,873.0765446,0.78,high,med,#5698b9
1/1/2018,Q4_1718,Haringey,Good job,9182,264238,3474.89763,0.55,high,low,#5ac8c8
1/1/2018,Q4_1718,Haringey,Trust MPS,9182,264238,3474.89763,0.75,high,low,#5ac8c8
1/1/2018,Q4_1718,Haringey,Fair treatment,9182,264238,3474.89763,0.59,high,low,#5ac8c8
1/1/2019,Q4_1819,Haringey,Good job,10080,264238,3814.74277,0.49,high,low,#5ac8c8
1/1/2019,Q4_1819,Haringey,Trust MPS,10080,264238,3814.74277,0.74,high,low,#5ac8c8
1/1/2019,Q4_1819,Haringey,Fair treatment,10080,264238,3814.74277,0.63,high,low,#5ac8c8
1/1/2020,Q4_1920,Haringey,Good job,9335,264238,3532.799976,0.46,high,low,#5ac8c8
1/1/2020,Q4_1920,Haringey,Trust MPS,9335,264238,3532.799976,0.77,high,low,#5ac8c8
1/1/2020,Q4_1920,Haringey,Fair treatment,9335,264238,3532.799976,0.58,high,low,#5ac8c8
1/1/2021,Q4_2021,Haringey,Good job,7853,264238,2971.941961,0.55,high,med,#5698b9
1/1/2021,Q4_2021,Haringey,Trust MPS,7853,264238,2971.941961,0.78,high,low,#5ac8c8
1/1/2021,Q4_2021,Haringey,Fair treatment,7853,264238,2971.941961,0.66,high,low,#5ac8c8
1/1/2022,Q4_2122,Haringey,Good job,8619,264238,3261.832136,0.49,high,med,#5698b9
1/1/2022,Q4_2122,Haringey,Trust MPS,8619,264238,3261.832136,0.68,high,low,#5ac8c8
1/1/2022,Q4_2122,Haringey,Fair treatment,8619,264238,3261.832136,0.56,high,low,#5ac8c8
1/1/2023,Q4_2223,Haringey,Good job,9162,264238,3467.328696,0.46,high,low,#5ac8c8
1/1/2023,Q4_2223,Haringey,Trust MPS,9162,264238,3467.328696,0.66,high,low,#5ac8c8
1/1/2023,Q4_2223,Haringey,Fair treatment,9162,264238,3467.328696,0.52,high,low,#5ac8c8
1/1/2024,Q4_2324,Haringey,Good job,8524,264238,3225.879699,0.41,high,low,#5ac8c8
1/1/2024,Q4_2324,Haringey,Trust MPS,8524,264238,3225.879699,0.57,high,low,#5ac8c8
1/1/2024,Q4_2324,Haringey,Fair treatment,8524,264238,3225.879699,0.52,high,low,#5ac8c8
1/1/2025,Q4_2425,Haringey,Good job,8642,264238,3270.53641,0.44,high,med,#5698b9
1/1/2025,Q4_2425,Haringey,Trust MPS,8642,264238,3270.53641,0.72,high,low,#5ac8c8
1/1/2025,Q4_2425,Haringey,Fair treatment,8642,264238,3270.53641,0.59,high,low,#5ac8c8
1/1/2026,Q4_2526,Haringey,Good job,7560,264238,2861.057077,0.43,med,low,#ace4e4
1/1/2026,Q4_2526,Haringey,Trust MPS,7560,264238,2861.057077,0.69,med,low,#ace4e4
1/1/2026,Q4_2526,Haringey,Fair treatment,7560,264238,2861.057077,0.55,med,low,#ace4e4
4/1/2015,Q1_1516,Harrow,Good job,1007,261203,385.5239029,0.68,low,med,#dfb0d6
4/1/2015,Q1_1516,Harrow,Fair treatment,1007,261203,385.5239029,0.83,low,high,#be64ac
4/1/2016,Q1_1617,Harrow,Good job,983,261203,376.335647,0.56,low,low,#e8e8e8
4/1/2016,Q1_1617,Harrow,Trust MPS,983,261203,376.335647,0.85,low,low,#e8e8e8
4/1/2016,Q1_1617,Harrow,Fair treatment,983,261203,376.335647,0.73,low,low,#e8e8e8
4/1/2017,Q1_1718,Harrow,Good job,4682,261203,1792.475584,0.67,low,med,#dfb0d6
4/1/2017,Q1_1718,Harrow,Trust MPS,4682,261203,1792.475584,0.88,low,low,#e8e8e8
4/1/2017,Q1_1718,Harrow,Fair treatment,4682,261203,1792.475584,0.8,low,med,#dfb0d6
4/1/2018,Q1_1819,Harrow,Good job,4634,261203,1774.099072,0.61,low,low,#e8e8e8
4/1/2018,Q1_1819,Harrow,Trust MPS,4634,261203,1774.099072,0.82,low,low,#e8e8e8
4/1/2018,Q1_1819,Harrow,Fair treatment,4634,261203,1774.099072,0.76,low,med,#dfb0d6
4/1/2019,Q1_1920,Harrow,Good job,5363,261203,2053.192345,0.58,low,low,#e8e8e8
4/1/2019,Q1_1920,Harrow,Trust MPS,5363,261203,2053.192345,0.82,low,low,#e8e8e8
4/1/2019,Q1_1920,Harrow,Fair treatment,5363,261203,2053.192345,0.82,low,high,#be64ac
4/1/2020,Q1_2021,Harrow,Good job,4390,261203,1680.685138,0.57,low,med,#dfb0d6
4/1/2020,Q1_2021,Harrow,Trust MPS,4390,261203,1680.685138,0.88,low,high,#be64ac
4/1/2020,Q1_2021,Harrow,Fair treatment,4390,261203,1680.685138,0.83,low,high,#be64ac
4/1/2021,Q1_2122,Harrow,Good job,4682,261203,1792.475584,0.52,low,low,#e8e8e8
4/1/2021,Q1_2122,Harrow,Trust MPS,4682,261203,1792.475584,0.83,low,high,#be64ac
4/1/2021,Q1_2122,Harrow,Fair treatment,4682,261203,1792.475584,0.78,low,high,#be64ac
4/1/2022,Q1_2223,Harrow,Good job,4589,261203,1756.871093,0.49,low,med,#dfb0d6
4/1/2022,Q1_2223,Harrow,Trust MPS,4589,261203,1756.871093,0.77,low,high,#be64ac
4/1/2022,Q1_2223,Harrow,Fair treatment,4589,261203,1756.871093,0.7,low,high,#be64ac
4/1/2023,Q1_2324,Harrow,Good job,5070,261203,1941.019054,0.63,low,high,#be64ac
4/1/2023,Q1_2324,Harrow,Trust MPS,5070,261203,1941.019054,0.82,low,high,#be64ac
4/1/2023,Q1_2324,Harrow,Fair treatment,5070,261203,1941.019054,0.85,low,high,#be64ac
4/1/2024,Q1_2425,Harrow,Good job,4936,261203,1889.717959,0.55,low,high,#be64ac
4/1/2024,Q1_2425,Harrow,Trust MPS,4936,261203,1889.717959,0.78,low,high,#be64ac
4/1/2024,Q1_2425,Harrow,Fair treatment,4936,261203,1889.717959,0.69,low,high,#be64ac
4/1/2025,Q1_2526,Harrow,Good job,5245,261203,2008.016753,0.48,low,high,#be64ac
4/1/2025,Q1_2526,Harrow,Trust MPS,5245,261203,2008.016753,0.76,low,med,#dfb0d6
4/1/2025,Q1_2526,Harrow,Fair treatment,5245,261203,2008.016753,0.68,low,high,#be64ac
7/1/2015,Q2_1516,Harrow,Good job,945,261203,361.7875752,0.61,low,low,#e8e8e8
7/1/2015,Q2_1516,Harrow,Fair treatment,945,261203,361.7875752,0.85,low,high,#be64ac
7/1/2016,Q2_1617,Harrow,Good job,1062,261203,406.5803226,0.63,low,low,#e8e8e8
7/1/2016,Q2_1617,Harrow,Trust MPS,1062,261203,406.5803226,0.85,low,low,#e8e8e8
7/1/2016,Q2_1617,Harrow,Fair treatment,1062,261203,406.5803226,0.74,low,low,#e8e8e8
7/1/2017,Q2_1718,Harrow,Good job,4485,261203,1717.055317,0.61,low,low,#e8e8e8
7/1/2017,Q2_1718,Harrow,Trust MPS,4485,261203,1717.055317,0.86,low,low,#e8e8e8
7/1/2017,Q2_1718,Harrow,Fair treatment,4485,261203,1717.055317,0.78,low,med,#dfb0d6
7/1/2018,Q2_1819,Harrow,Good job,4743,261203,1815.829068,0.62,low,med,#dfb0d6
7/1/2018,Q2_1819,Harrow,Trust MPS,4743,261203,1815.829068,0.81,low,low,#e8e8e8
7/1/2018,Q2_1819,Harrow,Fair treatment,4743,261203,1815.829068,0.77,low,med,#dfb0d6
7/1/2019,Q2_1920,Harrow,Good job,5444,261203,2084.202708,0.55,low,low,#e8e8e8
7/1/2019,Q2_1920,Harrow,Trust MPS,5444,261203,2084.202708,0.86,low,med,#dfb0d6
7/1/2019,Q2_1920,Harrow,Fair treatment,5444,261203,2084.202708,0.84,low,high,#be64ac
7/1/2020,Q2_2021,Harrow,Good job,5163,261203,1976.623546,0.58,low,med,#dfb0d6
7/1/2020,Q2_2021,Harrow,Trust MPS,5163,261203,1976.623546,0.86,low,high,#be64ac
7/1/2020,Q2_2021,Harrow,Fair treatment,5163,261203,1976.623546,0.82,low,high,#be64ac
7/1/2021,Q2_2122,Harrow,Good job,4878,261203,1867.513007,0.51,low,med,#dfb0d6
7/1/2021,Q2_2122,Harrow,Trust MPS,4878,261203,1867.513007,0.82,low,high,#be64ac
7/1/2021,Q2_2122,Harrow,Fair treatment,4878,261203,1867.513007,0.77,low,high,#be64ac
7/1/2022,Q2_2223,Harrow,Good job,4871,261203,1864.833099,0.53,low,med,#dfb0d6
7/1/2022,Q2_2223,Harrow,Trust MPS,4871,261203,1864.833099,0.78,low,high,#be64ac
7/1/2022,Q2_2223,Harrow,Fair treatment,4871,261203,1864.833099,0.74,low,high,#be64ac
7/1/2023,Q2_2324,Harrow,Good job,4851,261203,1857.176219,0.62,low,high,#be64ac
7/1/2023,Q2_2324,Harrow,Trust MPS,4851,261203,1857.176219,0.82,low,high,#be64ac
7/1/2023,Q2_2324,Harrow,Fair treatment,4851,261203,1857.176219,0.81,low,high,#be64ac
7/1/2024,Q2_2425,Harrow,Good job,5469,261203,2093.773808,0.52,low,high,#be64ac
7/1/2024,Q2_2425,Harrow,Trust MPS,5469,261203,2093.773808,0.79,low,high,#be64ac
7/1/2024,Q2_2425,Harrow,Fair treatment,5469,261203,2093.773808,0.69,low,high,#be64ac
7/1/2025,Q2_2526,Harrow,Good job,5397,261203,2066.20904,0.48,low,high,#be64ac
7/1/2025,Q2_2526,Harrow,Trust MPS,5397,261203,2066.20904,0.75,low,med,#dfb0d6
7/1/2025,Q2_2526,Harrow,Fair treatment,5397,261203,2066.20904,0.67,low,med,#dfb0d6
10/1/2015,Q3_1516,Harrow,Good job,975,261203,373.272895,0.59,low,low,#e8e8e8
10/1/2015,Q3_1516,Harrow,Fair treatment,975,261203,373.272895,0.81,low,high,#be64ac
10/1/2016,Q3_1617,Harrow,Good job,889,261203,340.3483115,0.63,low,low,#e8e8e8
10/1/2016,Q3_1617,Harrow,Trust MPS,889,261203,340.3483115,0.85,low,low,#e8e8e8
10/1/2016,Q3_1617,Harrow,Fair treatment,889,261203,340.3483115,0.75,low,low,#e8e8e8
10/1/2017,Q3_1718,Harrow,Good job,4391,261203,1681.067982,0.6,low,low,#e8e8e8
10/1/2017,Q3_1718,Harrow,Trust MPS,4391,261203,1681.067982,0.83,low,low,#e8e8e8
10/1/2017,Q3_1718,Harrow,Fair treatment,4391,261203,1681.067982,0.76,low,low,#e8e8e8
10/1/2018,Q3_1819,Harrow,Good job,5112,261203,1957.098502,0.61,low,med,#dfb0d6
10/1/2018,Q3_1819,Harrow,Trust MPS,5112,261203,1957.098502,0.83,low,low,#e8e8e8
10/1/2018,Q3_1819,Harrow,Fair treatment,5112,261203,1957.098502,0.78,low,med,#dfb0d6
10/1/2019,Q3_1920,Harrow,Good job,5548,261203,2124.018484,0.56,low,low,#e8e8e8
10/1/2019,Q3_1920,Harrow,Trust MPS,5548,261203,2124.018484,0.87,low,high,#be64ac
10/1/2019,Q3_1920,Harrow,Fair treatment,5548,261203,2124.018484,0.86,low,high,#be64ac
10/1/2020,Q3_2021,Harrow,Good job,4960,261203,1898.906215,0.59,low,high,#be64ac
10/1/2020,Q3_2021,Harrow,Trust MPS,4960,261203,1898.906215,0.84,low,med,#dfb0d6
10/1/2020,Q3_2021,Harrow,Fair treatment,4960,261203,1898.906215,0.81,low,high,#be64ac
10/1/2021,Q3_2122,Harrow,Good job,4936,261203,1889.717959,0.47,low,low,#e8e8e8
10/1/2021,Q3_2122,Harrow,Trust MPS,4936,261203,1889.717959,0.81,low,high,#be64ac
10/1/2021,Q3_2122,Harrow,Fair treatment,4936,261203,1889.717959,0.71,low,high,#be64ac
10/1/2022,Q3_2223,Harrow,Good job,4967,261203,1901.586123,0.59,low,high,#be64ac
10/1/2022,Q3_2223,Harrow,Trust MPS,4967,261203,1901.586123,0.79,low,high,#be64ac
10/1/2022,Q3_2223,Harrow,Fair treatment,4967,261203,1901.586123,0.79,low,high,#be64ac
10/1/2023,Q3_2324,Harrow,Good job,5026,261203,1924.173918,0.61,low,high,#be64ac
10/1/2023,Q3_2324,Harrow,Trust MPS,5026,261203,1924.173918,0.82,low,high,#be64ac
10/1/2023,Q3_2324,Harrow,Fair treatment,5026,261203,1924.173918,0.78,low,high,#be64ac
10/1/2024,Q3_2425,Harrow,Good job,5736,261203,2195.993155,0.49,low,high,#be64ac
10/1/2024,Q3_2425,Harrow,Trust MPS,5736,261203,2195.993155,0.77,low,high,#be64ac
10/1/2024,Q3_2425,Harrow,Fair treatment,5736,261203,2195.993155,0.68,low,high,#be64ac
10/1/2025,Q3_2526,Harrow,Good job,5298,261203,2028.307485,0.51,low,high,#be64ac
10/1/2025,Q3_2526,Harrow,Trust MPS,5298,261203,2028.307485,0.78,low,high,#be64ac
10/1/2025,Q3_2526,Harrow,Fair treatment,5298,261203,2028.307485,0.69,low,med,#dfb0d6
1/1/2015,Q4_1415,Harrow,Good job,802,261203,307.0408839,0.75,low,high,#be64ac
1/1/2015,Q4_1415,Harrow,Fair treatment,802,261203,307.0408839,0.83,low,high,#be64ac
1/1/2016,Q4_1516,Harrow,Good job,848,261203,324.6517077,0.57,low,low,#e8e8e8
1/1/2016,Q4_1516,Harrow,Trust MPS,848,261203,324.6517077,0.86,low,med,#dfb0d6
1/1/2016,Q4_1516,Harrow,Fair treatment,848,261203,324.6517077,0.77,low,med,#dfb0d6
1/1/2017,Q4_1617,Harrow,Good job,830,261203,317.7605158,0.63,low,low,#e8e8e8
1/1/2017,Q4_1617,Harrow,Trust MPS,830,261203,317.7605158,0.88,low,med,#dfb0d6
1/1/2017,Q4_1617,Harrow,Fair treatment,830,261203,317.7605158,0.76,low,low,#e8e8e8
1/1/2018,Q4_1718,Harrow,Good job,4388,261203,1679.91945,0.62,low,low,#e8e8e8
1/1/2018,Q4_1718,Harrow,Trust MPS,4388,261203,1679.91945,0.82,low,low,#e8e8e8
1/1/2018,Q4_1718,Harrow,Fair treatment,4388,261203,1679.91945,0.78,low,med,#dfb0d6
1/1/2019,Q4_1819,Harrow,Good job,5261,261203,2014.142257,0.6,low,med,#dfb0d6
1/1/2019,Q4_1819,Harrow,Trust MPS,5261,261203,2014.142257,0.84,low,med,#dfb0d6
1/1/2019,Q4_1819,Harrow,Fair treatment,5261,261203,2014.142257,0.8,low,med,#dfb0d6
1/1/2020,Q4_1920,Harrow,Good job,5338,261203,2043.621245,0.57,low,low,#e8e8e8
1/1/2020,Q4_1920,Harrow,Trust MPS,5338,261203,2043.621245,0.87,low,med,#dfb0d6
1/1/2020,Q4_1920,Harrow,Fair treatment,5338,261203,2043.621245,0.85,low,high,#be64ac
1/1/2021,Q4_2021,Harrow,Good job,4195,261203,1606.030559,0.53,low,low,#e8e8e8
1/1/2021,Q4_2021,Harrow,Trust MPS,4195,261203,1606.030559,0.82,low,med,#dfb0d6
1/1/2021,Q4_2021,Harrow,Fair treatment,4195,261203,1606.030559,0.78,low,high,#be64ac
1/1/2022,Q4_2122,Harrow,Good job,4633,261203,1773.716228,0.48,low,med,#dfb0d6
1/1/2022,Q4_2122,Harrow,Trust MPS,4633,261203,1773.716228,0.79,low,high,#be64ac
1/1/2022,Q4_2122,Harrow,Fair treatment,4633,261203,1773.716228,0.68,low,high,#be64ac
1/1/2023,Q4_2223,Harrow,Good job,4732,261203,1811.617784,0.63,low,high,#be64ac
1/1/2023,Q4_2223,Harrow,Trust MPS,4732,261203,1811.617784,0.82,low,high,#be64ac
1/1/2023,Q4_2223,Harrow,Fair treatment,4732,261203,1811.617784,0.86,low,high,#be64ac
1/1/2024,Q4_2324,Harrow,Good job,5174,261203,1980.83483,0.56,low,high,#be64ac
1/1/2024,Q4_2324,Harrow,Trust MPS,5174,261203,1980.83483,0.78,low,high,#be64ac
1/1/2024,Q4_2324,Harrow,Fair treatment,5174,261203,1980.83483,0.72,low,high,#be64ac
1/1/2025,Q4_2425,Harrow,Good job,5024,261203,1923.40823,0.49,low,high,#be64ac
1/1/2025,Q4_2425,Harrow,Trust MPS,5024,261203,1923.40823,0.76,low,med,#dfb0d6
1/1/2025,Q4_2425,Harrow,Fair treatment,5024,261203,1923.40823,0.68,low,high,#be64ac
1/1/2026,Q4_2526,Harrow,Good job,5092,261203,1949.441622,0.49,low,high,#be64ac
1/1/2026,Q4_2526,Harrow,Trust MPS,5092,261203,1949.441622,0.78,low,high,#be64ac
1/1/2026,Q4_2526,Harrow,Fair treatment,5092,261203,1949.441622,0.68,low,high,#be64ac
4/1/2015,Q1_1516,Havering,Good job,1079,262052,411.7503396,0.71,low,high,#be64ac
4/1/2015,Q1_1516,Havering,Fair treatment,1079,262052,411.7503396,0.77,low,high,#be64ac
4/1/2016,Q1_1617,Havering,Good job,1211,262052,462.1220216,0.72,low,med,#dfb0d6
4/1/2016,Q1_1617,Havering,Trust MPS,1211,262052,462.1220216,0.91,low,high,#be64ac
4/1/2016,Q1_1617,Havering,Fair treatment,1211,262052,462.1220216,0.82,low,high,#be64ac
4/1/2017,Q1_1718,Havering,Good job,5974,262052,2279.700212,0.73,low,high,#be64ac
4/1/2017,Q1_1718,Havering,Trust MPS,5974,262052,2279.700212,0.91,low,high,#be64ac
4/1/2017,Q1_1718,Havering,Fair treatment,5974,262052,2279.700212,0.87,low,high,#be64ac
4/1/2018,Q1_1819,Havering,Good job,5932,262052,2263.672859,0.66,low,med,#dfb0d6
4/1/2018,Q1_1819,Havering,Trust MPS,5932,262052,2263.672859,0.87,low,med,#dfb0d6
4/1/2018,Q1_1819,Havering,Fair treatment,5932,262052,2263.672859,0.86,low,high,#be64ac
4/1/2019,Q1_1920,Havering,Good job,6144,262052,2344.572833,0.59,low,med,#dfb0d6
4/1/2019,Q1_1920,Havering,Trust MPS,6144,262052,2344.572833,0.82,low,low,#e8e8e8
4/1/2019,Q1_1920,Havering,Fair treatment,6144,262052,2344.572833,0.84,low,high,#be64ac
4/1/2020,Q1_2021,Havering,Good job,4422,262052,1687.451346,0.63,low,high,#be64ac
4/1/2020,Q1_2021,Havering,Trust MPS,4422,262052,1687.451346,0.85,low,med,#dfb0d6
4/1/2020,Q1_2021,Havering,Fair treatment,4422,262052,1687.451346,0.83,low,high,#be64ac
4/1/2021,Q1_2122,Havering,Good job,5436,262052,2074.397448,0.57,low,med,#dfb0d6
4/1/2021,Q1_2122,Havering,Trust MPS,5436,262052,2074.397448,0.82,low,high,#be64ac
4/1/2021,Q1_2122,Havering,Fair treatment,5436,262052,2074.397448,0.78,low,high,#be64ac
4/1/2022,Q1_2223,Havering,Good job,6410,262052,2446.079404,0.53,low,high,#be64ac
4/1/2022,Q1_2223,Havering,Trust MPS,6410,262052,2446.079404,0.79,low,high,#be64ac
4/1/2022,Q1_2223,Havering,Fair treatment,6410,262052,2446.079404,0.69,low,high,#be64ac
4/1/2023,Q1_2324,Havering,Good job,6803,262052,2596.049639,0.51,low,med,#dfb0d6
4/1/2023,Q1_2324,Havering,Trust MPS,6803,262052,2596.049639,0.75,med,high,#8c62aa
4/1/2023,Q1_2324,Havering,Fair treatment,6803,262052,2596.049639,0.71,low,high,#be64ac
4/1/2024,Q1_2425,Havering,Good job,6664,262052,2543.006731,0.46,low,med,#dfb0d6
4/1/2024,Q1_2425,Havering,Trust MPS,6664,262052,2543.006731,0.74,low,med,#dfb0d6
4/1/2024,Q1_2425,Havering,Fair treatment,6664,262052,2543.006731,0.72,low,high,#be64ac
4/1/2025,Q1_2526,Havering,Good job,6486,262052,2475.081282,0.45,low,med,#dfb0d6
4/1/2025,Q1_2526,Havering,Trust MPS,6486,262052,2475.081282,0.8,low,high,#be64ac
4/1/2025,Q1_2526,Havering,Fair treatment,6486,262052,2475.081282,0.76,low,high,#be64ac
7/1/2015,Q2_1516,Havering,Good job,1007,262052,384.2748767,0.71,low,med,#dfb0d6
7/1/2015,Q2_1516,Havering,Fair treatment,1007,262052,384.2748767,0.78,low,high,#be64ac
7/1/2016,Q2_1617,Havering,Good job,1211,262052,462.1220216,0.73,low,high,#be64ac
7/1/2016,Q2_1617,Havering,Trust MPS,1211,262052,462.1220216,0.91,low,high,#be64ac
7/1/2016,Q2_1617,Havering,Fair treatment,1211,262052,462.1220216,0.84,low,high,#be64ac
7/1/2017,Q2_1718,Havering,Good job,5832,262052,2225.512494,0.7,low,med,#dfb0d6
7/1/2017,Q2_1718,Havering,Trust MPS,5832,262052,2225.512494,0.89,low,med,#dfb0d6
7/1/2017,Q2_1718,Havering,Fair treatment,5832,262052,2225.512494,0.87,low,high,#be64ac
7/1/2018,Q2_1819,Havering,Good job,5901,262052,2251.843146,0.64,low,med,#dfb0d6
7/1/2018,Q2_1819,Havering,Trust MPS,5901,262052,2251.843146,0.86,low,med,#dfb0d6
7/1/2018,Q2_1819,Havering,Fair treatment,5901,262052,2251.843146,0.83,low,high,#be64ac
7/1/2019,Q2_1920,Havering,Good job,5924,262052,2260.62003,0.6,low,med,#dfb0d6
7/1/2019,Q2_1920,Havering,Trust MPS,5924,262052,2260.62003,0.83,low,low,#e8e8e8
7/1/2019,Q2_1920,Havering,Fair treatment,5924,262052,2260.62003,0.84,low,high,#be64ac
7/1/2020,Q2_2021,Havering,Good job,5764,262052,2199.563445,0.66,low,high,#be64ac
7/1/2020,Q2_2021,Havering,Trust MPS,5764,262052,2199.563445,0.84,low,med,#dfb0d6
7/1/2020,Q2_2021,Havering,Fair treatment,5764,262052,2199.563445,0.83,low,high,#be64ac
7/1/2021,Q2_2122,Havering,Good job,5839,262052,2228.183719,0.57,low,high,#be64ac
7/1/2021,Q2_2122,Havering,Trust MPS,5839,262052,2228.183719,0.82,low,high,#be64ac
7/1/2021,Q2_2122,Havering,Fair treatment,5839,262052,2228.183719,0.78,low,high,#be64ac
7/1/2022,Q2_2223,Havering,Good job,6340,262052,2419.367149,0.51,low,med,#dfb0d6
7/1/2022,Q2_2223,Havering,Trust MPS,6340,262052,2419.367149,0.78,low,high,#be64ac
7/1/2022,Q2_2223,Havering,Fair treatment,6340,262052,2419.367149,0.7,low,high,#be64ac
7/1/2023,Q2_2324,Havering,Good job,7134,262052,2722.360448,0.53,med,high,#8c62aa
7/1/2023,Q2_2324,Havering,Trust MPS,7134,262052,2722.360448,0.74,med,med,#a5add3
7/1/2023,Q2_2324,Havering,Fair treatment,7134,262052,2722.360448,0.72,med,high,#8c62aa
7/1/2024,Q2_2425,Havering,Good job,6785,262052,2589.180773,0.42,low,low,#e8e8e8
7/1/2024,Q2_2425,Havering,Trust MPS,6785,262052,2589.180773,0.77,med,high,#8c62aa
7/1/2024,Q2_2425,Havering,Fair treatment,6785,262052,2589.180773,0.71,low,high,#be64ac
7/1/2025,Q2_2526,Havering,Good job,6597,262052,2517.439287,0.49,low,high,#be64ac
7/1/2025,Q2_2526,Havering,Trust MPS,6597,262052,2517.439287,0.79,low,high,#be64ac
7/1/2025,Q2_2526,Havering,Fair treatment,6597,262052,2517.439287,0.77,low,high,#be64ac
10/1/2015,Q3_1516,Havering,Good job,1236,262052,471.6621129,0.72,med,high,#8c62aa
10/1/2015,Q3_1516,Havering,Fair treatment,1236,262052,471.6621129,0.82,med,high,#8c62aa
10/1/2016,Q3_1617,Havering,Good job,1158,262052,441.8970281,0.7,low,med,#dfb0d6
10/1/2016,Q3_1617,Havering,Trust MPS,1158,262052,441.8970281,0.89,low,med,#dfb0d6
10/1/2016,Q3_1617,Havering,Fair treatment,1158,262052,441.8970281,0.82,low,high,#be64ac
10/1/2017,Q3_1718,Havering,Good job,6089,262052,2323.584632,0.7,low,med,#dfb0d6
10/1/2017,Q3_1718,Havering,Trust MPS,6089,262052,2323.584632,0.89,low,med,#dfb0d6
10/1/2017,Q3_1718,Havering,Fair treatment,6089,262052,2323.584632,0.86,low,high,#be64ac
10/1/2018,Q3_1819,Havering,Good job,6103,262052,2328.927083,0.61,low,med,#dfb0d6
10/1/2018,Q3_1819,Havering,Trust MPS,6103,262052,2328.927083,0.83,low,low,#e8e8e8
10/1/2018,Q3_1819,Havering,Fair treatment,6103,262052,2328.927083,0.83,low,high,#be64ac
10/1/2019,Q3_1920,Havering,Good job,6122,262052,2336.177553,0.62,low,high,#be64ac
10/1/2019,Q3_1920,Havering,Trust MPS,6122,262052,2336.177553,0.85,low,med,#dfb0d6
10/1/2019,Q3_1920,Havering,Fair treatment,6122,262052,2336.177553,0.85,low,high,#be64ac
10/1/2020,Q3_2021,Havering,Good job,5384,262052,2054.554058,0.64,low,high,#be64ac
10/1/2020,Q3_2021,Havering,Trust MPS,5384,262052,2054.554058,0.85,low,high,#be64ac
10/1/2020,Q3_2021,Havering,Fair treatment,5384,262052,2054.554058,0.83,low,high,#be64ac
10/1/2021,Q3_2122,Havering,Good job,5772,262052,2202.616275,0.53,low,med,#dfb0d6
10/1/2021,Q3_2122,Havering,Trust MPS,5772,262052,2202.616275,0.8,low,high,#be64ac
10/1/2021,Q3_2122,Havering,Fair treatment,5772,262052,2202.616275,0.73,low,high,#be64ac
10/1/2022,Q3_2223,Havering,Good job,6003,262052,2290.766718,0.54,low,high,#be64ac
10/1/2022,Q3_2223,Havering,Trust MPS,6003,262052,2290.766718,0.76,low,high,#be64ac
10/1/2022,Q3_2223,Havering,Fair treatment,6003,262052,2290.766718,0.71,low,high,#be64ac
10/1/2023,Q3_2324,Havering,Good job,7149,262052,2728.084502,0.48,med,med,#a5add3
10/1/2023,Q3_2324,Havering,Trust MPS,7149,262052,2728.084502,0.73,med,med,#a5add3
10/1/2023,Q3_2324,Havering,Fair treatment,7149,262052,2728.084502,0.71,med,high,#8c62aa
10/1/2024,Q3_2425,Havering,Good job,6283,262052,2397.61574,0.44,low,med,#dfb0d6
10/1/2024,Q3_2425,Havering,Trust MPS,6283,262052,2397.61574,0.79,low,high,#be64ac
10/1/2024,Q3_2425,Havering,Fair treatment,6283,262052,2397.61574,0.72,low,high,#be64ac
10/1/2025,Q3_2526,Havering,Good job,6054,262052,2310.228504,0.51,low,high,#be64ac
10/1/2025,Q3_2526,Havering,Trust MPS,6054,262052,2310.228504,0.77,low,high,#be64ac
10/1/2025,Q3_2526,Havering,Fair treatment,6054,262052,2310.228504,0.76,low,high,#be64ac
1/1/2015,Q4_1415,Havering,Good job,913,262052,348.4041335,0.72,low,high,#be64ac
1/1/2015,Q4_1415,Havering,Fair treatment,913,262052,348.4041335,0.78,low,high,#be64ac
1/1/2016,Q4_1516,Havering,Good job,1136,262052,433.5017477,0.72,med,high,#8c62aa
1/1/2016,Q4_1516,Havering,Trust MPS,1136,262052,433.5017477,0.92,med,high,#8c62aa
1/1/2016,Q4_1516,Havering,Fair treatment,1136,262052,433.5017477,0.81,med,high,#8c62aa
1/1/2017,Q4_1617,Havering,Good job,1089,262052,415.5663761,0.73,low,high,#be64ac
1/1/2017,Q4_1617,Havering,Trust MPS,1089,262052,415.5663761,0.91,low,high,#be64ac
1/1/2017,Q4_1617,Havering,Fair treatment,1089,262052,415.5663761,0.87,low,high,#be64ac
1/1/2018,Q4_1718,Havering,Good job,5548,262052,2117.137057,0.7,low,med,#dfb0d6
1/1/2018,Q4_1718,Havering,Trust MPS,5548,262052,2117.137057,0.89,low,high,#be64ac
1/1/2018,Q4_1718,Havering,Fair treatment,5548,262052,2117.137057,0.84,low,high,#be64ac
1/1/2019,Q4_1819,Havering,Good job,5890,262052,2247.645505,0.58,low,low,#e8e8e8
1/1/2019,Q4_1819,Havering,Trust MPS,5890,262052,2247.645505,0.82,low,low,#e8e8e8
1/1/2019,Q4_1819,Havering,Fair treatment,5890,262052,2247.645505,0.84,low,high,#be64ac
1/1/2020,Q4_1920,Havering,Good job,5873,262052,2241.158243,0.62,low,med,#dfb0d6
1/1/2020,Q4_1920,Havering,Trust MPS,5873,262052,2241.158243,0.85,low,med,#dfb0d6
1/1/2020,Q4_1920,Havering,Fair treatment,5873,262052,2241.158243,0.85,low,high,#be64ac
1/1/2021,Q4_2021,Havering,Good job,4668,262052,1781.325844,0.63,low,high,#be64ac
1/1/2021,Q4_2021,Havering,Trust MPS,4668,262052,1781.325844,0.84,low,high,#be64ac
1/1/2021,Q4_2021,Havering,Fair treatment,4668,262052,1781.325844,0.81,low,high,#be64ac
1/1/2022,Q4_2122,Havering,Good job,5823,262052,2222.078061,0.5,low,med,#dfb0d6
1/1/2022,Q4_2122,Havering,Trust MPS,5823,262052,2222.078061,0.77,low,med,#dfb0d6
1/1/2022,Q4_2122,Havering,Fair treatment,5823,262052,2222.078061,0.69,low,high,#be64ac
1/1/2023,Q4_2223,Havering,Good job,6343,262052,2420.511959,0.54,med,high,#8c62aa
1/1/2023,Q4_2223,Havering,Trust MPS,6343,262052,2420.511959,0.77,med,high,#8c62aa
1/1/2023,Q4_2223,Havering,Fair treatment,6343,262052,2420.511959,0.72,med,high,#8c62aa
1/1/2024,Q4_2324,Havering,Good job,6763,262052,2580.785493,0.48,low,med,#dfb0d6
1/1/2024,Q4_2324,Havering,Trust MPS,6763,262052,2580.785493,0.74,med,high,#8c62aa
1/1/2024,Q4_2324,Havering,Fair treatment,6763,262052,2580.785493,0.72,low,high,#be64ac
1/1/2025,Q4_2425,Havering,Good job,5907,262052,2254.132768,0.44,low,med,#dfb0d6
1/1/2025,Q4_2425,Havering,Trust MPS,5907,262052,2254.132768,0.8,low,high,#be64ac
1/1/2025,Q4_2425,Havering,Fair treatment,5907,262052,2254.132768,0.75,low,high,#be64ac
1/1/2026,Q4_2526,Havering,Good job,5789,262052,2209.103537,0.52,low,high,#be64ac
1/1/2026,Q4_2526,Havering,Trust MPS,5789,262052,2209.103537,0.76,low,high,#be64ac
1/1/2026,Q4_2526,Havering,Fair treatment,5789,262052,2209.103537,0.74,low,high,#be64ac
4/1/2015,Q1_1516,Hillingdon,Good job,1473,305909,481.5157449,0.64,med,low,#ace4e4
4/1/2015,Q1_1516,Hillingdon,Fair treatment,1473,305909,481.5157449,0.81,med,high,#8c62aa
4/1/2016,Q1_1617,Hillingdon,Good job,1485,305909,485.4384801,0.58,med,low,#ace4e4
4/1/2016,Q1_1617,Hillingdon,Trust MPS,1485,305909,485.4384801,0.85,med,low,#ace4e4
4/1/2016,Q1_1617,Hillingdon,Fair treatment,1485,305909,485.4384801,0.68,med,low,#ace4e4
4/1/2017,Q1_1718,Hillingdon,Good job,7619,305909,2490.609953,0.65,med,low,#ace4e4
4/1/2017,Q1_1718,Hillingdon,Trust MPS,7619,305909,2490.609953,0.86,med,low,#ace4e4
4/1/2017,Q1_1718,Hillingdon,Fair treatment,7619,305909,2490.609953,0.73,med,low,#ace4e4
4/1/2018,Q1_1819,Hillingdon,Good job,7606,305909,2486.360323,0.63,med,med,#a5add3
4/1/2018,Q1_1819,Hillingdon,Trust MPS,7606,305909,2486.360323,0.85,med,low,#ace4e4
4/1/2018,Q1_1819,Hillingdon,Fair treatment,7606,305909,2486.360323,0.79,med,med,#a5add3
4/1/2019,Q1_1920,Hillingdon,Good job,8203,305909,2681.516399,0.54,med,low,#ace4e4
4/1/2019,Q1_1920,Hillingdon,Trust MPS,8203,305909,2681.516399,0.83,med,med,#a5add3
4/1/2019,Q1_1920,Hillingdon,Fair treatment,8203,305909,2681.516399,0.77,med,med,#a5add3
4/1/2020,Q1_2021,Hillingdon,Good job,7373,305909,2410.193881,0.57,med,med,#a5add3
4/1/2020,Q1_2021,Hillingdon,Trust MPS,7373,305909,2410.193881,0.85,med,med,#a5add3
4/1/2020,Q1_2021,Hillingdon,Fair treatment,7373,305909,2410.193881,0.81,med,med,#a5add3
4/1/2021,Q1_2122,Hillingdon,Good job,7848,305909,2565.468816,0.6,med,high,#8c62aa
4/1/2021,Q1_2122,Hillingdon,Trust MPS,7848,305909,2565.468816,0.85,med,high,#8c62aa
4/1/2021,Q1_2122,Hillingdon,Fair treatment,7848,305909,2565.468816,0.81,med,high,#8c62aa
4/1/2022,Q1_2223,Hillingdon,Good job,8281,305909,2707.014177,0.51,med,high,#8c62aa
4/1/2022,Q1_2223,Hillingdon,Trust MPS,8281,305909,2707.014177,0.8,med,high,#8c62aa
4/1/2022,Q1_2223,Hillingdon,Fair treatment,8281,305909,2707.014177,0.78,med,high,#8c62aa
4/1/2023,Q1_2324,Hillingdon,Good job,7646,305909,2499.436107,0.61,low,high,#be64ac
4/1/2023,Q1_2324,Hillingdon,Trust MPS,7646,305909,2499.436107,0.84,low,high,#be64ac
4/1/2023,Q1_2324,Hillingdon,Fair treatment,7646,305909,2499.436107,0.84,low,high,#be64ac
4/1/2024,Q1_2425,Hillingdon,Good job,9117,305909,2980.298062,0.54,med,high,#8c62aa
4/1/2024,Q1_2425,Hillingdon,Trust MPS,9117,305909,2980.298062,0.78,med,high,#8c62aa
4/1/2024,Q1_2425,Hillingdon,Fair treatment,9117,305909,2980.298062,0.71,med,high,#8c62aa
4/1/2025,Q1_2526,Hillingdon,Good job,9611,305909,3141.783995,0.52,med,high,#8c62aa
4/1/2025,Q1_2526,Hillingdon,Trust MPS,9611,305909,3141.783995,0.77,med,high,#8c62aa
4/1/2025,Q1_2526,Hillingdon,Fair treatment,9611,305909,3141.783995,0.71,med,high,#8c62aa
7/1/2015,Q2_1516,Hillingdon,Good job,1453,305909,474.9778529,0.63,med,low,#ace4e4
7/1/2015,Q2_1516,Hillingdon,Fair treatment,1453,305909,474.9778529,0.77,med,high,#8c62aa
7/1/2016,Q2_1617,Hillingdon,Good job,1671,305909,546.2408756,0.56,med,low,#ace4e4
7/1/2016,Q2_1617,Hillingdon,Trust MPS,1671,305909,546.2408756,0.84,med,low,#ace4e4
7/1/2016,Q2_1617,Hillingdon,Fair treatment,1671,305909,546.2408756,0.67,med,low,#ace4e4
7/1/2017,Q2_1718,Hillingdon,Good job,7451,305909,2435.69166,0.7,med,med,#a5add3
7/1/2017,Q2_1718,Hillingdon,Trust MPS,7451,305909,2435.69166,0.86,med,low,#ace4e4
7/1/2017,Q2_1718,Hillingdon,Fair treatment,7451,305909,2435.69166,0.73,med,low,#ace4e4
7/1/2018,Q2_1819,Hillingdon,Good job,7537,305909,2463.804595,0.6,med,low,#ace4e4
7/1/2018,Q2_1819,Hillingdon,Trust MPS,7537,305909,2463.804595,0.84,med,low,#ace4e4
7/1/2018,Q2_1819,Hillingdon,Fair treatment,7537,305909,2463.804595,0.79,med,med,#a5add3
7/1/2019,Q2_1920,Hillingdon,Good job,8409,305909,2748.856686,0.55,med,low,#ace4e4
7/1/2019,Q2_1920,Hillingdon,Trust MPS,8409,305909,2748.856686,0.86,med,med,#a5add3
7/1/2019,Q2_1920,Hillingdon,Fair treatment,8409,305909,2748.856686,0.8,med,med,#a5add3
7/1/2020,Q2_2021,Hillingdon,Good job,8688,305909,2840.060279,0.55,med,low,#ace4e4
7/1/2020,Q2_2021,Hillingdon,Trust MPS,8688,305909,2840.060279,0.82,med,med,#a5add3
7/1/2020,Q2_2021,Hillingdon,Fair treatment,8688,305909,2840.060279,0.8,med,med,#a5add3
7/1/2021,Q2_2122,Hillingdon,Good job,7632,305909,2494.859582,0.58,low,high,#be64ac
7/1/2021,Q2_2122,Hillingdon,Trust MPS,7632,305909,2494.859582,0.86,low,high,#be64ac
7/1/2021,Q2_2122,Hillingdon,Fair treatment,7632,305909,2494.859582,0.79,low,high,#be64ac
7/1/2022,Q2_2223,Hillingdon,Good job,8410,305909,2749.183581,0.58,med,high,#8c62aa
7/1/2022,Q2_2223,Hillingdon,Trust MPS,8410,305909,2749.183581,0.8,med,high,#8c62aa
7/1/2022,Q2_2223,Hillingdon,Fair treatment,8410,305909,2749.183581,0.83,med,high,#8c62aa
7/1/2023,Q2_2324,Hillingdon,Good job,7634,305909,2495.513372,0.58,low,high,#be64ac
7/1/2023,Q2_2324,Hillingdon,Trust MPS,7634,305909,2495.513372,0.81,low,high,#be64ac
7/1/2023,Q2_2324,Hillingdon,Fair treatment,7634,305909,2495.513372,0.79,low,high,#be64ac
7/1/2024,Q2_2425,Hillingdon,Good job,9676,305909,3163.032144,0.56,med,high,#8c62aa
7/1/2024,Q2_2425,Hillingdon,Trust MPS,9676,305909,3163.032144,0.78,med,high,#8c62aa
7/1/2024,Q2_2425,Hillingdon,Fair treatment,9676,305909,3163.032144,0.71,med,high,#8c62aa
7/1/2025,Q2_2526,Hillingdon,Good job,10193,305909,3332.036651,0.45,med,med,#a5add3
7/1/2025,Q2_2526,Hillingdon,Trust MPS,10193,305909,3332.036651,0.75,med,med,#a5add3
7/1/2025,Q2_2526,Hillingdon,Fair treatment,10193,305909,3332.036651,0.69,med,med,#a5add3
10/1/2015,Q3_1516,Hillingdon,Good job,1408,305909,460.2675959,0.63,low,low,#e8e8e8
10/1/2015,Q3_1516,Hillingdon,Fair treatment,1408,305909,460.2675959,0.74,low,med,#dfb0d6
10/1/2016,Q3_1617,Hillingdon,Good job,1513,305909,494.5915289,0.57,med,low,#ace4e4
10/1/2016,Q3_1617,Hillingdon,Trust MPS,1513,305909,494.5915289,0.84,med,low,#ace4e4
10/1/2016,Q3_1617,Hillingdon,Fair treatment,1513,305909,494.5915289,0.68,med,low,#ace4e4
10/1/2017,Q3_1718,Hillingdon,Good job,7942,305909,2596.196908,0.68,med,med,#a5add3
10/1/2017,Q3_1718,Hillingdon,Trust MPS,7942,305909,2596.196908,0.87,med,med,#a5add3
10/1/2017,Q3_1718,Hillingdon,Fair treatment,7942,305909,2596.196908,0.73,med,low,#ace4e4
10/1/2018,Q3_1819,Hillingdon,Good job,8352,305909,2730.223694,0.57,med,low,#ace4e4
10/1/2018,Q3_1819,Hillingdon,Trust MPS,8352,305909,2730.223694,0.82,med,low,#ace4e4
10/1/2018,Q3_1819,Hillingdon,Fair treatment,8352,305909,2730.223694,0.79,med,med,#a5add3
10/1/2019,Q3_1920,Hillingdon,Good job,8694,305909,2842.021647,0.57,med,med,#a5add3
10/1/2019,Q3_1920,Hillingdon,Trust MPS,8694,305909,2842.021647,0.86,med,med,#a5add3
10/1/2019,Q3_1920,Hillingdon,Fair treatment,8694,305909,2842.021647,0.79,med,med,#a5add3
10/1/2020,Q3_2021,Hillingdon,Good job,7788,305909,2545.85514,0.58,med,med,#a5add3
10/1/2020,Q3_2021,Hillingdon,Trust MPS,7788,305909,2545.85514,0.84,med,med,#a5add3
10/1/2020,Q3_2021,Hillingdon,Fair treatment,7788,305909,2545.85514,0.83,med,high,#8c62aa
10/1/2021,Q3_2122,Hillingdon,Good job,8461,305909,2765.855205,0.57,med,high,#8c62aa
10/1/2021,Q3_2122,Hillingdon,Trust MPS,8461,305909,2765.855205,0.82,med,high,#8c62aa
10/1/2021,Q3_2122,Hillingdon,Fair treatment,8461,305909,2765.855205,0.76,med,high,#8c62aa
10/1/2022,Q3_2223,Hillingdon,Good job,8692,305909,2841.367858,0.59,med,high,#8c62aa
10/1/2022,Q3_2223,Hillingdon,Trust MPS,8692,305909,2841.367858,0.83,med,high,#8c62aa
10/1/2022,Q3_2223,Hillingdon,Fair treatment,8692,305909,2841.367858,0.84,med,high,#8c62aa
10/1/2023,Q3_2324,Hillingdon,Good job,7418,305909,2424.904138,0.57,low,high,#be64ac
10/1/2023,Q3_2324,Hillingdon,Trust MPS,7418,305909,2424.904138,0.79,low,high,#be64ac
10/1/2023,Q3_2324,Hillingdon,Fair treatment,7418,305909,2424.904138,0.77,low,high,#be64ac
10/1/2024,Q3_2425,Hillingdon,Good job,9422,305909,3080.000915,0.56,med,high,#8c62aa
10/1/2024,Q3_2425,Hillingdon,Trust MPS,9422,305909,3080.000915,0.78,med,high,#8c62aa
10/1/2024,Q3_2425,Hillingdon,Fair treatment,9422,305909,3080.000915,0.72,med,high,#8c62aa
10/1/2025,Q3_2526,Hillingdon,Good job,9399,305909,3072.48234,0.39,med,low,#ace4e4
10/1/2025,Q3_2526,Hillingdon,Trust MPS,9399,305909,3072.48234,0.69,med,low,#ace4e4
10/1/2025,Q3_2526,Hillingdon,Fair treatment,9399,305909,3072.48234,0.65,med,med,#a5add3
1/1/2015,Q4_1415,Hillingdon,Good job,1350,305909,441.3077092,0.68,med,med,#a5add3
1/1/2015,Q4_1415,Hillingdon,Fair treatment,1350,305909,441.3077092,0.84,med,high,#8c62aa
1/1/2016,Q4_1516,Hillingdon,Good job,1298,305909,424.30919,0.6,low,low,#e8e8e8
1/1/2016,Q4_1516,Hillingdon,Trust MPS,1298,305909,424.30919,0.84,low,low,#e8e8e8
1/1/2016,Q4_1516,Hillingdon,Fair treatment,1298,305909,424.30919,0.68,low,low,#e8e8e8
1/1/2017,Q4_1617,Hillingdon,Good job,1305,305909,426.5974522,0.59,low,low,#e8e8e8
1/1/2017,Q4_1617,Hillingdon,Trust MPS,1305,305909,426.5974522,0.87,low,low,#e8e8e8
1/1/2017,Q4_1617,Hillingdon,Fair treatment,1305,305909,426.5974522,0.75,low,low,#e8e8e8
1/1/2018,Q4_1718,Hillingdon,Good job,7454,305909,2436.672344,0.64,med,low,#ace4e4
1/1/2018,Q4_1718,Hillingdon,Trust MPS,7454,305909,2436.672344,0.85,med,low,#ace4e4
1/1/2018,Q4_1718,Hillingdon,Fair treatment,7454,305909,2436.672344,0.76,med,low,#ace4e4
1/1/2019,Q4_1819,Hillingdon,Good job,8159,305909,2667.133036,0.59,med,med,#a5add3
1/1/2019,Q4_1819,Hillingdon,Trust MPS,8159,305909,2667.133036,0.81,med,low,#ace4e4
1/1/2019,Q4_1819,Hillingdon,Fair treatment,8159,305909,2667.133036,0.77,med,med,#a5add3
1/1/2020,Q4_1920,Hillingdon,Good job,8091,305909,2644.904204,0.54,med,low,#ace4e4
1/1/2020,Q4_1920,Hillingdon,Trust MPS,8091,305909,2644.904204,0.85,med,med,#a5add3
1/1/2020,Q4_1920,Hillingdon,Fair treatment,8091,305909,2644.904204,0.79,med,med,#a5add3
1/1/2021,Q4_2021,Hillingdon,Good job,6967,305909,2277.474674,0.61,med,high,#8c62aa
1/1/2021,Q4_2021,Hillingdon,Trust MPS,6967,305909,2277.474674,0.85,med,high,#8c62aa
1/1/2021,Q4_2021,Hillingdon,Fair treatment,6967,305909,2277.474674,0.81,med,high,#8c62aa
1/1/2022,Q4_2122,Hillingdon,Good job,7941,305909,2595.870014,0.52,med,high,#8c62aa
1/1/2022,Q4_2122,Hillingdon,Trust MPS,7941,305909,2595.870014,0.82,med,high,#8c62aa
1/1/2022,Q4_2122,Hillingdon,Fair treatment,7941,305909,2595.870014,0.8,med,high,#8c62aa
1/1/2023,Q4_2223,Hillingdon,Good job,8273,305909,2704.399021,0.63,med,high,#8c62aa
1/1/2023,Q4_2223,Hillingdon,Trust MPS,8273,305909,2704.399021,0.84,med,high,#8c62aa
1/1/2023,Q4_2223,Hillingdon,Fair treatment,8273,305909,2704.399021,0.85,med,high,#8c62aa
1/1/2024,Q4_2324,Hillingdon,Good job,8121,305909,2654.711042,0.53,med,high,#8c62aa
1/1/2024,Q4_2324,Hillingdon,Trust MPS,8121,305909,2654.711042,0.78,med,high,#8c62aa
1/1/2024,Q4_2324,Hillingdon,Fair treatment,8121,305909,2654.711042,0.73,med,high,#8c62aa
1/1/2025,Q4_2425,Hillingdon,Good job,9232,305909,3017.890941,0.55,med,high,#8c62aa
1/1/2025,Q4_2425,Hillingdon,Trust MPS,9232,305909,3017.890941,0.78,med,high,#8c62aa
1/1/2025,Q4_2425,Hillingdon,Fair treatment,9232,305909,3017.890941,0.73,med,high,#8c62aa
1/1/2026,Q4_2526,Hillingdon,Good job,9059,305909,2961.338176,0.35,med,low,#ace4e4
1/1/2026,Q4_2526,Hillingdon,Trust MPS,9059,305909,2961.338176,0.62,med,low,#ace4e4
1/1/2026,Q4_2526,Hillingdon,Fair treatment,9059,305909,2961.338176,0.57,med,low,#ace4e4
4/1/2015,Q1_1516,Hounslow,Good job,1417,288181,491.704866,0.64,med,low,#ace4e4
4/1/2015,Q1_1516,Hounslow,Fair treatment,1417,288181,491.704866,0.76,med,med,#a5add3
4/1/2016,Q1_1617,Hounslow,Good job,1566,288181,543.4084829,0.64,med,low,#ace4e4
4/1/2016,Q1_1617,Hounslow,Trust MPS,1566,288181,543.4084829,0.9,med,high,#8c62aa
4/1/2016,Q1_1617,Hounslow,Fair treatment,1566,288181,543.4084829,0.77,med,med,#a5add3
4/1/2017,Q1_1718,Hounslow,Good job,7942,288181,2755.906878,0.78,med,high,#8c62aa
4/1/2017,Q1_1718,Hounslow,Trust MPS,7942,288181,2755.906878,0.9,med,med,#a5add3
4/1/2017,Q1_1718,Hounslow,Fair treatment,7942,288181,2755.906878,0.77,med,med,#a5add3
4/1/2018,Q1_1819,Hounslow,Good job,8034,288181,2787.831259,0.66,med,med,#a5add3
4/1/2018,Q1_1819,Hounslow,Trust MPS,8034,288181,2787.831259,0.85,med,low,#ace4e4
4/1/2018,Q1_1819,Hounslow,Fair treatment,8034,288181,2787.831259,0.85,med,high,#8c62aa
4/1/2019,Q1_1920,Hounslow,Good job,8461,288181,2936.002027,0.59,med,med,#a5add3
4/1/2019,Q1_1920,Hounslow,Trust MPS,8461,288181,2936.002027,0.87,med,high,#8c62aa
4/1/2019,Q1_1920,Hounslow,Fair treatment,8461,288181,2936.002027,0.81,med,med,#a5add3
4/1/2020,Q1_2021,Hounslow,Good job,7363,288181,2554.991481,0.61,med,med,#a5add3
4/1/2020,Q1_2021,Hounslow,Trust MPS,7363,288181,2554.991481,0.88,med,high,#8c62aa
4/1/2020,Q1_2021,Hounslow,Fair treatment,7363,288181,2554.991481,0.85,med,high,#8c62aa
4/1/2021,Q1_2122,Hounslow,Good job,7975,288181,2767.358015,0.57,med,med,#a5add3
4/1/2021,Q1_2122,Hounslow,Trust MPS,7975,288181,2767.358015,0.82,med,high,#8c62aa
4/1/2021,Q1_2122,Hounslow,Fair treatment,7975,288181,2767.358015,0.74,med,high,#8c62aa
4/1/2022,Q1_2223,Hounslow,Good job,8115,288181,2815.938594,0.53,med,high,#8c62aa
4/1/2022,Q1_2223,Hounslow,Trust MPS,8115,288181,2815.938594,0.78,med,high,#8c62aa
4/1/2022,Q1_2223,Hounslow,Fair treatment,8115,288181,2815.938594,0.71,med,high,#8c62aa
4/1/2023,Q1_2324,Hounslow,Good job,8562,288181,2971.049445,0.5,med,med,#a5add3
4/1/2023,Q1_2324,Hounslow,Trust MPS,8562,288181,2971.049445,0.75,med,high,#8c62aa
4/1/2023,Q1_2324,Hounslow,Fair treatment,8562,288181,2971.049445,0.7,med,high,#8c62aa
4/1/2024,Q1_2425,Hounslow,Good job,8314,288181,2884.992418,0.46,med,med,#a5add3
4/1/2024,Q1_2425,Hounslow,Trust MPS,8314,288181,2884.992418,0.76,med,high,#8c62aa
4/1/2024,Q1_2425,Hounslow,Fair treatment,8314,288181,2884.992418,0.61,med,med,#a5add3
4/1/2025,Q1_2526,Hounslow,Good job,8922,288181,3095.970935,0.47,med,med,#a5add3
4/1/2025,Q1_2526,Hounslow,Trust MPS,8922,288181,3095.970935,0.71,med,low,#ace4e4
4/1/2025,Q1_2526,Hounslow,Fair treatment,8922,288181,3095.970935,0.64,med,med,#a5add3
7/1/2015,Q2_1516,Hounslow,Good job,1562,288181,542.0204663,0.64,med,med,#a5add3
7/1/2015,Q2_1516,Hounslow,Fair treatment,1562,288181,542.0204663,0.73,med,med,#a5add3
7/1/2016,Q2_1617,Hounslow,Good job,1669,288181,579.1499093,0.65,med,low,#ace4e4
7/1/2016,Q2_1617,Hounslow,Trust MPS,1669,288181,579.1499093,0.91,med,high,#8c62aa
7/1/2016,Q2_1617,Hounslow,Fair treatment,1669,288181,579.1499093,0.79,med,med,#a5add3
7/1/2017,Q2_1718,Hounslow,Good job,7874,288181,2732.310596,0.77,med,high,#8c62aa
7/1/2017,Q2_1718,Hounslow,Trust MPS,7874,288181,2732.310596,0.88,med,med,#a5add3
7/1/2017,Q2_1718,Hounslow,Fair treatment,7874,288181,2732.310596,0.78,med,med,#a5add3
7/1/2018,Q2_1819,Hounslow,Good job,7787,288181,2702.121236,0.65,med,med,#a5add3
7/1/2018,Q2_1819,Hounslow,Trust MPS,7787,288181,2702.121236,0.87,med,med,#a5add3
7/1/2018,Q2_1819,Hounslow,Fair treatment,7787,288181,2702.121236,0.83,med,high,#8c62aa
7/1/2019,Q2_1920,Hounslow,Good job,8388,288181,2910.670724,0.57,med,low,#ace4e4
7/1/2019,Q2_1920,Hounslow,Trust MPS,8388,288181,2910.670724,0.88,med,high,#8c62aa
7/1/2019,Q2_1920,Hounslow,Fair treatment,8388,288181,2910.670724,0.85,med,high,#8c62aa
7/1/2020,Q2_2021,Hounslow,Good job,8355,288181,2899.219588,0.59,med,med,#a5add3
7/1/2020,Q2_2021,Hounslow,Trust MPS,8355,288181,2899.219588,0.84,med,med,#a5add3
7/1/2020,Q2_2021,Hounslow,Fair treatment,8355,288181,2899.219588,0.8,med,med,#a5add3
7/1/2021,Q2_2122,Hounslow,Good job,7773,288181,2697.263178,0.56,med,high,#8c62aa
7/1/2021,Q2_2122,Hounslow,Trust MPS,7773,288181,2697.263178,0.8,med,med,#a5add3
7/1/2021,Q2_2122,Hounslow,Fair treatment,7773,288181,2697.263178,0.73,med,high,#8c62aa
7/1/2022,Q2_2223,Hounslow,Good job,7811,288181,2710.449336,0.55,med,high,#8c62aa
7/1/2022,Q2_2223,Hounslow,Trust MPS,7811,288181,2710.449336,0.79,med,high,#8c62aa
7/1/2022,Q2_2223,Hounslow,Fair treatment,7811,288181,2710.449336,0.71,med,high,#8c62aa
7/1/2023,Q2_2324,Hounslow,Good job,9770,288181,3390.230445,0.47,med,med,#a5add3
7/1/2023,Q2_2324,Hounslow,Trust MPS,9770,288181,3390.230445,0.74,med,med,#a5add3
7/1/2023,Q2_2324,Hounslow,Fair treatment,9770,288181,3390.230445,0.69,med,high,#8c62aa
7/1/2024,Q2_2425,Hounslow,Good job,8988,288181,3118.873208,0.48,med,med,#a5add3
7/1/2024,Q2_2425,Hounslow,Trust MPS,8988,288181,3118.873208,0.77,med,high,#8c62aa
7/1/2024,Q2_2425,Hounslow,Fair treatment,8988,288181,3118.873208,0.61,med,med,#a5add3
7/1/2025,Q2_2526,Hounslow,Good job,9118,288181,3163.983746,0.44,med,low,#ace4e4
7/1/2025,Q2_2526,Hounslow,Trust MPS,9118,288181,3163.983746,0.7,med,low,#ace4e4
7/1/2025,Q2_2526,Hounslow,Fair treatment,9118,288181,3163.983746,0.66,med,med,#a5add3
10/1/2015,Q3_1516,Hounslow,Good job,1715,288181,595.1120997,0.63,med,low,#ace4e4
10/1/2015,Q3_1516,Hounslow,Fair treatment,1715,288181,595.1120997,0.75,med,med,#a5add3
10/1/2016,Q3_1617,Hounslow,Good job,1666,288181,578.1088968,0.67,med,low,#ace4e4
10/1/2016,Q3_1617,Hounslow,Trust MPS,1666,288181,578.1088968,0.91,med,high,#8c62aa
10/1/2016,Q3_1617,Hounslow,Fair treatment,1666,288181,578.1088968,0.78,med,med,#a5add3
10/1/2017,Q3_1718,Hounslow,Good job,7976,288181,2767.705019,0.76,med,high,#8c62aa
10/1/2017,Q3_1718,Hounslow,Trust MPS,7976,288181,2767.705019,0.87,med,med,#a5add3
10/1/2017,Q3_1718,Hounslow,Fair treatment,7976,288181,2767.705019,0.8,med,med,#a5add3
10/1/2018,Q3_1819,Hounslow,Good job,8461,288181,2936.002027,0.63,med,med,#a5add3
10/1/2018,Q3_1819,Hounslow,Trust MPS,8461,288181,2936.002027,0.89,med,high,#8c62aa
10/1/2018,Q3_1819,Hounslow,Fair treatment,8461,288181,2936.002027,0.85,med,high,#8c62aa
10/1/2019,Q3_1920,Hounslow,Good job,8597,288181,2983.19459,0.58,med,med,#a5add3
10/1/2019,Q3_1920,Hounslow,Trust MPS,8597,288181,2983.19459,0.86,med,med,#a5add3
10/1/2019,Q3_1920,Hounslow,Fair treatment,8597,288181,2983.19459,0.84,med,high,#8c62aa
10/1/2020,Q3_2021,Hounslow,Good job,7402,288181,2568.524642,0.57,med,med,#a5add3
10/1/2020,Q3_2021,Hounslow,Trust MPS,7402,288181,2568.524642,0.84,med,med,#a5add3
10/1/2020,Q3_2021,Hounslow,Fair treatment,7402,288181,2568.524642,0.77,med,med,#a5add3
10/1/2021,Q3_2122,Hounslow,Good job,7764,288181,2694.140141,0.55,med,high,#8c62aa
10/1/2021,Q3_2122,Hounslow,Trust MPS,7764,288181,2694.140141,0.82,med,high,#8c62aa
10/1/2021,Q3_2122,Hounslow,Fair treatment,7764,288181,2694.140141,0.74,med,high,#8c62aa
10/1/2022,Q3_2223,Hounslow,Good job,7860,288181,2727.452539,0.55,med,high,#8c62aa
10/1/2022,Q3_2223,Hounslow,Trust MPS,7860,288181,2727.452539,0.75,med,high,#8c62aa
10/1/2022,Q3_2223,Hounslow,Fair treatment,7860,288181,2727.452539,0.7,med,high,#8c62aa
10/1/2023,Q3_2324,Hounslow,Good job,9038,288181,3136.223415,0.46,med,low,#ace4e4
10/1/2023,Q3_2324,Hounslow,Trust MPS,9038,288181,3136.223415,0.74,med,high,#8c62aa
10/1/2023,Q3_2324,Hounslow,Fair treatment,9038,288181,3136.223415,0.67,med,high,#8c62aa
10/1/2024,Q3_2425,Hounslow,Good job,8751,288181,3036.633227,0.48,med,med,#a5add3
10/1/2024,Q3_2425,Hounslow,Trust MPS,8751,288181,3036.633227,0.74,med,med,#a5add3
10/1/2024,Q3_2425,Hounslow,Fair treatment,8751,288181,3036.633227,0.62,med,med,#a5add3
10/1/2025,Q3_2526,Hounslow,Good job,8314,288181,2884.992418,0.4,med,low,#ace4e4
10/1/2025,Q3_2526,Hounslow,Trust MPS,8314,288181,2884.992418,0.69,med,low,#ace4e4
10/1/2025,Q3_2526,Hounslow,Fair treatment,8314,288181,2884.992418,0.63,med,low,#ace4e4
1/1/2015,Q4_1415,Hounslow,Good job,1233,288181,427.8561043,0.68,med,med,#a5add3
1/1/2015,Q4_1415,Hounslow,Fair treatment,1233,288181,427.8561043,0.78,med,high,#8c62aa
1/1/2016,Q4_1516,Hounslow,Good job,1528,288181,530.2223256,0.63,med,low,#ace4e4
1/1/2016,Q4_1516,Hounslow,Trust MPS,1528,288181,530.2223256,0.87,med,med,#a5add3
1/1/2016,Q4_1516,Hounslow,Fair treatment,1528,288181,530.2223256,0.77,med,med,#a5add3
1/1/2017,Q4_1617,Hounslow,Good job,1593,288181,552.7775946,0.7,med,med,#a5add3
1/1/2017,Q4_1617,Hounslow,Trust MPS,1593,288181,552.7775946,0.9,med,high,#8c62aa
1/1/2017,Q4_1617,Hounslow,Fair treatment,1593,288181,552.7775946,0.76,med,low,#ace4e4
1/1/2018,Q4_1718,Hounslow,Good job,7527,288181,2611.90016,0.72,med,med,#a5add3
1/1/2018,Q4_1718,Hounslow,Trust MPS,7527,288181,2611.90016,0.86,med,med,#a5add3
1/1/2018,Q4_1718,Hounslow,Fair treatment,7527,288181,2611.90016,0.81,med,high,#8c62aa
1/1/2019,Q4_1819,Hounslow,Good job,8239,288181,2858.967107,0.63,med,med,#a5add3
1/1/2019,Q4_1819,Hounslow,Trust MPS,8239,288181,2858.967107,0.87,med,high,#8c62aa
1/1/2019,Q4_1819,Hounslow,Fair treatment,8239,288181,2858.967107,0.83,med,high,#8c62aa
1/1/2020,Q4_1920,Hounslow,Good job,7938,288181,2754.518861,0.58,med,med,#a5add3
1/1/2020,Q4_1920,Hounslow,Trust MPS,7938,288181,2754.518861,0.88,med,high,#8c62aa
1/1/2020,Q4_1920,Hounslow,Fair treatment,7938,288181,2754.518861,0.86,med,high,#8c62aa
1/1/2021,Q4_2021,Hounslow,Good job,6688,288181,2320.763687,0.57,med,med,#a5add3
1/1/2021,Q4_2021,Hounslow,Trust MPS,6688,288181,2320.763687,0.82,med,med,#a5add3
1/1/2021,Q4_2021,Hounslow,Fair treatment,6688,288181,2320.763687,0.75,med,med,#a5add3
1/1/2022,Q4_2122,Hounslow,Good job,7535,288181,2614.676193,0.55,med,high,#8c62aa
1/1/2022,Q4_2122,Hounslow,Trust MPS,7535,288181,2614.676193,0.8,med,high,#8c62aa
1/1/2022,Q4_2122,Hounslow,Fair treatment,7535,288181,2614.676193,0.73,med,high,#8c62aa
1/1/2023,Q4_2223,Hounslow,Good job,7871,288181,2731.269584,0.52,med,med,#a5add3
1/1/2023,Q4_2223,Hounslow,Trust MPS,7871,288181,2731.269584,0.76,med,high,#8c62aa
1/1/2023,Q4_2223,Hounslow,Fair treatment,7871,288181,2731.269584,0.71,med,high,#8c62aa
1/1/2024,Q4_2324,Hounslow,Good job,8422,288181,2922.468865,0.44,med,low,#ace4e4
1/1/2024,Q4_2324,Hounslow,Trust MPS,8422,288181,2922.468865,0.75,med,high,#8c62aa
1/1/2024,Q4_2324,Hounslow,Fair treatment,8422,288181,2922.468865,0.6,med,med,#a5add3
1/1/2025,Q4_2425,Hounslow,Good job,7832,288181,2717.736423,0.49,med,high,#8c62aa
1/1/2025,Q4_2425,Hounslow,Trust MPS,7832,288181,2717.736423,0.74,med,low,#ace4e4
1/1/2025,Q4_2425,Hounslow,Fair treatment,7832,288181,2717.736423,0.66,med,med,#a5add3
1/1/2026,Q4_2526,Hounslow,Good job,7953,288181,2759.723924,0.39,med,low,#ace4e4
1/1/2026,Q4_2526,Hounslow,Trust MPS,7953,288181,2759.723924,0.7,med,med,#a5add3
1/1/2026,Q4_2526,Hounslow,Fair treatment,7953,288181,2759.723924,0.65,med,med,#a5add3
4/1/2015,Q1_1516,Islington,Good job,2502,216589,1155.18332,0.68,high,med,#5698b9
4/1/2015,Q1_1516,Islington,Fair treatment,2502,216589,1155.18332,0.77,high,high,#3b4994
4/1/2016,Q1_1617,Islington,Good job,2521,216589,1163.955695,0.72,high,med,#5698b9
4/1/2016,Q1_1617,Islington,Trust MPS,2521,216589,1163.955695,0.86,high,low,#5ac8c8
4/1/2016,Q1_1617,Islington,Fair treatment,2521,216589,1163.955695,0.76,high,med,#5698b9
4/1/2017,Q1_1718,Islington,Good job,11502,216589,5310.519001,0.62,high,low,#5ac8c8
4/1/2017,Q1_1718,Islington,Trust MPS,11502,216589,5310.519001,0.85,high,low,#5ac8c8
4/1/2017,Q1_1718,Islington,Fair treatment,11502,216589,5310.519001,0.75,high,low,#5ac8c8
4/1/2018,Q1_1819,Islington,Good job,9418,216589,4348.327939,0.54,high,low,#5ac8c8
4/1/2018,Q1_1819,Islington,Trust MPS,9418,216589,4348.327939,0.86,high,med,#5698b9
4/1/2018,Q1_1819,Islington,Fair treatment,9418,216589,4348.327939,0.69,high,low,#5ac8c8
4/1/2019,Q1_1920,Islington,Good job,9421,216589,4349.713051,0.5,high,low,#5ac8c8
4/1/2019,Q1_1920,Islington,Trust MPS,9421,216589,4349.713051,0.81,high,low,#5ac8c8
4/1/2019,Q1_1920,Islington,Fair treatment,9421,216589,4349.713051,0.56,high,low,#5ac8c8
4/1/2020,Q1_2021,Islington,Good job,6802,216589,3140.510368,0.53,high,low,#5ac8c8
4/1/2020,Q1_2021,Islington,Trust MPS,6802,216589,3140.510368,0.77,high,low,#5ac8c8
4/1/2020,Q1_2021,Islington,Fair treatment,6802,216589,3140.510368,0.63,high,low,#5ac8c8
4/1/2021,Q1_2122,Islington,Good job,7724,216589,3566.201423,0.56,high,med,#5698b9
4/1/2021,Q1_2122,Islington,Trust MPS,7724,216589,3566.201423,0.7,high,low,#5ac8c8
4/1/2021,Q1_2122,Islington,Fair treatment,7724,216589,3566.201423,0.54,high,low,#5ac8c8
4/1/2022,Q1_2223,Islington,Good job,8304,216589,3833.989722,0.49,high,med,#5698b9
4/1/2022,Q1_2223,Islington,Trust MPS,8304,216589,3833.989722,0.63,high,low,#5ac8c8
4/1/2022,Q1_2223,Islington,Fair treatment,8304,216589,3833.989722,0.5,high,low,#5ac8c8
4/1/2023,Q1_2324,Islington,Good job,9136,216589,4218.127421,0.43,high,low,#5ac8c8
4/1/2023,Q1_2324,Islington,Trust MPS,9136,216589,4218.127421,0.6,high,low,#5ac8c8
4/1/2023,Q1_2324,Islington,Fair treatment,9136,216589,4218.127421,0.47,high,low,#5ac8c8
4/1/2024,Q1_2425,Islington,Good job,9316,216589,4301.234135,0.43,high,low,#5ac8c8
4/1/2024,Q1_2425,Islington,Trust MPS,9316,216589,4301.234135,0.63,high,low,#5ac8c8
4/1/2024,Q1_2425,Islington,Fair treatment,9316,216589,4301.234135,0.55,high,low,#5ac8c8
4/1/2025,Q1_2526,Islington,Good job,10029,216589,4630.429061,0.37,high,low,#5ac8c8
4/1/2025,Q1_2526,Islington,Trust MPS,10029,216589,4630.429061,0.65,high,low,#5ac8c8
4/1/2025,Q1_2526,Islington,Fair treatment,10029,216589,4630.429061,0.53,high,low,#5ac8c8
7/1/2015,Q2_1516,Islington,Good job,2049,216589,946.0314236,0.72,high,high,#3b4994
7/1/2015,Q2_1516,Islington,Fair treatment,2049,216589,946.0314236,0.76,high,med,#5698b9
7/1/2016,Q2_1617,Islington,Good job,2450,216589,1131.174713,0.68,high,low,#5ac8c8
7/1/2016,Q2_1617,Islington,Trust MPS,2450,216589,1131.174713,0.84,high,low,#5ac8c8
7/1/2016,Q2_1617,Islington,Fair treatment,2450,216589,1131.174713,0.78,high,med,#5698b9
7/1/2017,Q2_1718,Islington,Good job,11537,216589,5326.67864,0.62,high,low,#5ac8c8
7/1/2017,Q2_1718,Islington,Trust MPS,11537,216589,5326.67864,0.87,high,med,#5698b9
7/1/2017,Q2_1718,Islington,Fair treatment,11537,216589,5326.67864,0.72,high,low,#5ac8c8
7/1/2018,Q2_1819,Islington,Good job,9514,216589,4392.65152,0.52,high,low,#5ac8c8
7/1/2018,Q2_1819,Islington,Trust MPS,9514,216589,4392.65152,0.85,high,med,#5698b9
7/1/2018,Q2_1819,Islington,Fair treatment,9514,216589,4392.65152,0.66,high,low,#5ac8c8
7/1/2019,Q2_1920,Islington,Good job,10233,216589,4724.61667,0.5,high,low,#5ac8c8
7/1/2019,Q2_1920,Islington,Trust MPS,10233,216589,4724.61667,0.79,high,low,#5ac8c8
7/1/2019,Q2_1920,Islington,Fair treatment,10233,216589,4724.61667,0.58,high,low,#5ac8c8
7/1/2020,Q2_2021,Islington,Good job,8939,216589,4127.17174,0.54,high,low,#5ac8c8
7/1/2020,Q2_2021,Islington,Trust MPS,8939,216589,4127.17174,0.76,high,low,#5ac8c8
7/1/2020,Q2_2021,Islington,Fair treatment,8939,216589,4127.17174,0.6,high,low,#5ac8c8
7/1/2021,Q2_2122,Islington,Good job,8308,216589,3835.836538,0.55,high,med,#5698b9
7/1/2021,Q2_2122,Islington,Trust MPS,8308,216589,3835.836538,0.66,high,low,#5ac8c8
7/1/2021,Q2_2122,Islington,Fair treatment,8308,216589,3835.836538,0.53,high,low,#5ac8c8
7/1/2022,Q2_2223,Islington,Good job,8572,216589,3957.726385,0.47,high,low,#5ac8c8
7/1/2022,Q2_2223,Islington,Trust MPS,8572,216589,3957.726385,0.61,high,low,#5ac8c8
7/1/2022,Q2_2223,Islington,Fair treatment,8572,216589,3957.726385,0.48,high,low,#5ac8c8
7/1/2023,Q2_2324,Islington,Good job,8887,216589,4103.163134,0.43,high,low,#5ac8c8
7/1/2023,Q2_2324,Islington,Trust MPS,8887,216589,4103.163134,0.62,high,low,#5ac8c8
7/1/2023,Q2_2324,Islington,Fair treatment,8887,216589,4103.163134,0.51,high,low,#5ac8c8
7/1/2024,Q2_2425,Islington,Good job,9642,216589,4451.749627,0.42,high,low,#5ac8c8
7/1/2024,Q2_2425,Islington,Trust MPS,9642,216589,4451.749627,0.65,high,low,#5ac8c8
7/1/2024,Q2_2425,Islington,Fair treatment,9642,216589,4451.749627,0.54,high,low,#5ac8c8
7/1/2025,Q2_2526,Islington,Good job,9618,216589,4440.668732,0.34,high,low,#5ac8c8
7/1/2025,Q2_2526,Islington,Trust MPS,9618,216589,4440.668732,0.66,high,low,#5ac8c8
7/1/2025,Q2_2526,Islington,Fair treatment,9618,216589,4440.668732,0.51,high,low,#5ac8c8
10/1/2015,Q3_1516,Islington,Good job,2341,216589,1080.848981,0.72,high,high,#3b4994
10/1/2015,Q3_1516,Islington,Fair treatment,2341,216589,1080.848981,0.77,high,med,#5698b9
10/1/2016,Q3_1617,Islington,Good job,2483,216589,1146.410944,0.68,high,med,#5698b9
10/1/2016,Q3_1617,Islington,Trust MPS,2483,216589,1146.410944,0.85,high,low,#5ac8c8
10/1/2016,Q3_1617,Islington,Fair treatment,2483,216589,1146.410944,0.79,high,med,#5698b9
10/1/2017,Q3_1718,Islington,Good job,10546,216589,4869.130011,0.59,high,low,#5ac8c8
10/1/2017,Q3_1718,Islington,Trust MPS,10546,216589,4869.130011,0.87,high,med,#5698b9
10/1/2017,Q3_1718,Islington,Fair treatment,10546,216589,4869.130011,0.7,high,low,#5ac8c8
10/1/2018,Q3_1819,Islington,Good job,9461,216589,4368.18121,0.49,high,low,#5ac8c8
10/1/2018,Q3_1819,Islington,Trust MPS,9461,216589,4368.18121,0.85,high,med,#5698b9
10/1/2018,Q3_1819,Islington,Fair treatment,9461,216589,4368.18121,0.64,high,low,#5ac8c8
10/1/2019,Q3_1920,Islington,Good job,10304,216589,4757.397652,0.5,high,low,#5ac8c8
10/1/2019,Q3_1920,Islington,Trust MPS,10304,216589,4757.397652,0.76,high,low,#5ac8c8
10/1/2019,Q3_1920,Islington,Fair treatment,10304,216589,4757.397652,0.57,high,low,#5ac8c8
10/1/2020,Q3_2021,Islington,Good job,7383,216589,3408.760371,0.57,high,med,#5698b9
10/1/2020,Q3_2021,Islington,Trust MPS,7383,216589,3408.760371,0.77,high,low,#5ac8c8
10/1/2020,Q3_2021,Islington,Fair treatment,7383,216589,3408.760371,0.6,high,low,#5ac8c8
10/1/2021,Q3_2122,Islington,Good job,8410,216589,3882.930343,0.53,high,med,#5698b9
10/1/2021,Q3_2122,Islington,Trust MPS,8410,216589,3882.930343,0.65,high,low,#5ac8c8
10/1/2021,Q3_2122,Islington,Fair treatment,8410,216589,3882.930343,0.51,high,low,#5ac8c8
10/1/2022,Q3_2223,Islington,Good job,8764,216589,4046.373546,0.45,high,low,#5ac8c8
10/1/2022,Q3_2223,Islington,Trust MPS,8764,216589,4046.373546,0.61,high,low,#5ac8c8
10/1/2022,Q3_2223,Islington,Fair treatment,8764,216589,4046.373546,0.48,high,low,#5ac8c8
10/1/2023,Q3_2324,Islington,Good job,8628,216589,3983.581807,0.42,high,low,#5ac8c8
10/1/2023,Q3_2324,Islington,Trust MPS,8628,216589,3983.581807,0.61,high,low,#5ac8c8
10/1/2023,Q3_2324,Islington,Fair treatment,8628,216589,3983.581807,0.52,high,low,#5ac8c8
10/1/2024,Q3_2425,Islington,Good job,9535,216589,4402.347303,0.4,high,low,#5ac8c8
10/1/2024,Q3_2425,Islington,Trust MPS,9535,216589,4402.347303,0.65,high,low,#5ac8c8
10/1/2024,Q3_2425,Islington,Fair treatment,9535,216589,4402.347303,0.54,high,low,#5ac8c8
10/1/2025,Q3_2526,Islington,Good job,9083,216589,4193.657111,0.35,high,low,#5ac8c8
10/1/2025,Q3_2526,Islington,Trust MPS,9083,216589,4193.657111,0.64,high,low,#5ac8c8
10/1/2025,Q3_2526,Islington,Fair treatment,9083,216589,4193.657111,0.53,high,low,#5ac8c8
1/1/2015,Q4_1415,Islington,Good job,2355,216589,1087.312837,0.69,high,med,#5698b9
1/1/2015,Q4_1415,Islington,Fair treatment,2355,216589,1087.312837,0.76,high,med,#5698b9
1/1/2016,Q4_1516,Islington,Good job,1923,216589,887.856724,0.71,high,high,#3b4994
1/1/2016,Q4_1516,Islington,Trust MPS,1923,216589,887.856724,0.88,high,med,#5698b9
1/1/2016,Q4_1516,Islington,Fair treatment,1923,216589,887.856724,0.79,high,high,#3b4994
1/1/2017,Q4_1617,Islington,Good job,2501,216589,1154.721616,0.65,high,low,#5ac8c8
1/1/2017,Q4_1617,Islington,Trust MPS,2501,216589,1154.721616,0.84,high,low,#5ac8c8
1/1/2017,Q4_1617,Islington,Fair treatment,2501,216589,1154.721616,0.77,high,med,#5698b9
1/1/2018,Q4_1718,Islington,Good job,8945,216589,4129.941964,0.57,high,low,#5ac8c8
1/1/2018,Q4_1718,Islington,Trust MPS,8945,216589,4129.941964,0.86,high,med,#5698b9
1/1/2018,Q4_1718,Islington,Fair treatment,8945,216589,4129.941964,0.67,high,low,#5ac8c8
1/1/2019,Q4_1819,Islington,Good job,9161,216589,4229.67002,0.5,high,low,#5ac8c8
1/1/2019,Q4_1819,Islington,Trust MPS,9161,216589,4229.67002,0.83,high,med,#5698b9
1/1/2019,Q4_1819,Islington,Fair treatment,9161,216589,4229.67002,0.62,high,low,#5ac8c8
1/1/2020,Q4_1920,Islington,Good job,9295,216589,4291.538351,0.5,high,low,#5ac8c8
1/1/2020,Q4_1920,Islington,Trust MPS,9295,216589,4291.538351,0.76,high,low,#5ac8c8
1/1/2020,Q4_1920,Islington,Fair treatment,9295,216589,4291.538351,0.58,high,low,#5ac8c8
1/1/2021,Q4_2021,Islington,Good job,6270,216589,2894.883858,0.58,high,med,#5698b9
1/1/2021,Q4_2021,Islington,Trust MPS,6270,216589,2894.883858,0.76,high,low,#5ac8c8
1/1/2021,Q4_2021,Islington,Fair treatment,6270,216589,2894.883858,0.59,high,low,#5ac8c8
1/1/2022,Q4_2122,Islington,Good job,8203,216589,3787.357622,0.5,high,med,#5698b9
1/1/2022,Q4_2122,Islington,Trust MPS,8203,216589,3787.357622,0.6,high,low,#5ac8c8
1/1/2022,Q4_2122,Islington,Fair treatment,8203,216589,3787.357622,0.48,high,low,#5ac8c8
1/1/2023,Q4_2223,Islington,Good job,8533,216589,3939.71993,0.46,high,low,#5ac8c8
1/1/2023,Q4_2223,Islington,Trust MPS,8533,216589,3939.71993,0.62,high,low,#5ac8c8
1/1/2023,Q4_2223,Islington,Fair treatment,8533,216589,3939.71993,0.48,high,low,#5ac8c8
1/1/2024,Q4_2324,Islington,Good job,8402,216589,3879.236711,0.41,high,low,#5ac8c8
1/1/2024,Q4_2324,Islington,Trust MPS,8402,216589,3879.236711,0.62,high,low,#5ac8c8
1/1/2024,Q4_2324,Islington,Fair treatment,8402,216589,3879.236711,0.53,high,low,#5ac8c8
1/1/2025,Q4_2425,Islington,Good job,9383,216589,4332.1683,0.39,high,low,#5ac8c8
1/1/2025,Q4_2425,Islington,Trust MPS,9383,216589,4332.1683,0.65,high,low,#5ac8c8
1/1/2025,Q4_2425,Islington,Fair treatment,9383,216589,4332.1683,0.53,high,low,#5ac8c8
1/1/2026,Q4_2526,Islington,Good job,8796,216589,4061.148073,0.35,high,low,#5ac8c8
1/1/2026,Q4_2526,Islington,Trust MPS,8796,216589,4061.148073,0.64,high,low,#5ac8c8
1/1/2026,Q4_2526,Islington,Fair treatment,8796,216589,4061.148073,0.53,high,low,#5ac8c8
4/1/2015,Q1_1516,Kensington and Chelsea,Good job,951,143375,663.2955536,0.78,high,high,#3b4994
4/1/2015,Q1_1516,Kensington and Chelsea,Fair treatment,951,143375,663.2955536,0.73,high,low,#5ac8c8
4/1/2016,Q1_1617,Kensington and Chelsea,Good job,880,143375,613.7750654,0.82,high,high,#3b4994
4/1/2016,Q1_1617,Kensington and Chelsea,Trust MPS,880,143375,613.7750654,0.92,high,high,#3b4994
4/1/2016,Q1_1617,Kensington and Chelsea,Fair treatment,880,143375,613.7750654,0.79,high,high,#3b4994
4/1/2017,Q1_1718,Kensington and Chelsea,Good job,6354,143375,4431.734961,0.77,high,high,#3b4994
4/1/2017,Q1_1718,Kensington and Chelsea,Trust MPS,6354,143375,4431.734961,0.92,high,high,#3b4994
4/1/2017,Q1_1718,Kensington and Chelsea,Fair treatment,6354,143375,4431.734961,0.86,high,high,#3b4994
4/1/2018,Q1_1819,Kensington and Chelsea,Good job,6250,143375,4359.197908,0.81,high,high,#3b4994
4/1/2018,Q1_1819,Kensington and Chelsea,Trust MPS,6250,143375,4359.197908,0.92,high,high,#3b4994
4/1/2018,Q1_1819,Kensington and Chelsea,Fair treatment,6250,143375,4359.197908,0.85,high,high,#3b4994
4/1/2019,Q1_1920,Kensington and Chelsea,Good job,6955,143375,4850.915432,0.82,high,high,#3b4994
4/1/2019,Q1_1920,Kensington and Chelsea,Trust MPS,6955,143375,4850.915432,0.91,high,high,#3b4994
4/1/2019,Q1_1920,Kensington and Chelsea,Fair treatment,6955,143375,4850.915432,0.87,high,high,#3b4994
4/1/2020,Q1_2021,Kensington and Chelsea,Good job,4219,143375,2942.632956,0.69,high,high,#3b4994
4/1/2020,Q1_2021,Kensington and Chelsea,Trust MPS,4219,143375,2942.632956,0.87,high,high,#3b4994
4/1/2020,Q1_2021,Kensington and Chelsea,Fair treatment,4219,143375,2942.632956,0.83,high,high,#3b4994
4/1/2021,Q1_2122,Kensington and Chelsea,Good job,5521,143375,3850.741064,0.62,high,high,#3b4994
4/1/2021,Q1_2122,Kensington and Chelsea,Trust MPS,5521,143375,3850.741064,0.79,high,med,#5698b9
4/1/2021,Q1_2122,Kensington and Chelsea,Fair treatment,5521,143375,3850.741064,0.7,high,med,#5698b9
4/1/2022,Q1_2223,Kensington and Chelsea,Good job,6002,143375,4186.224935,0.56,high,high,#3b4994
4/1/2022,Q1_2223,Kensington and Chelsea,Trust MPS,6002,143375,4186.224935,0.78,high,high,#3b4994
4/1/2022,Q1_2223,Kensington and Chelsea,Fair treatment,6002,143375,4186.224935,0.65,high,med,#5698b9
4/1/2023,Q1_2324,Kensington and Chelsea,Good job,6571,143375,4583.086312,0.6,high,high,#3b4994
4/1/2023,Q1_2324,Kensington and Chelsea,Trust MPS,6571,143375,4583.086312,0.78,high,high,#3b4994
4/1/2023,Q1_2324,Kensington and Chelsea,Fair treatment,6571,143375,4583.086312,0.7,high,high,#3b4994
4/1/2024,Q1_2425,Kensington and Chelsea,Good job,6696,143375,4670.27027,0.57,high,high,#3b4994
4/1/2024,Q1_2425,Kensington and Chelsea,Trust MPS,6696,143375,4670.27027,0.8,high,high,#3b4994
4/1/2024,Q1_2425,Kensington and Chelsea,Fair treatment,6696,143375,4670.27027,0.72,high,high,#3b4994
4/1/2025,Q1_2526,Kensington and Chelsea,Good job,6733,143375,4696.076722,0.45,high,med,#5698b9
4/1/2025,Q1_2526,Kensington and Chelsea,Trust MPS,6733,143375,4696.076722,0.74,high,med,#5698b9
4/1/2025,Q1_2526,Kensington and Chelsea,Fair treatment,6733,143375,4696.076722,0.69,high,high,#3b4994
7/1/2015,Q2_1516,Kensington and Chelsea,Good job,1157,143375,806.9747167,0.8,high,high,#3b4994
7/1/2015,Q2_1516,Kensington and Chelsea,Fair treatment,1157,143375,806.9747167,0.72,high,low,#5ac8c8
7/1/2016,Q2_1617,Kensington and Chelsea,Good job,1309,143375,912.9904098,0.8,high,high,#3b4994
7/1/2016,Q2_1617,Kensington and Chelsea,Trust MPS,1309,143375,912.9904098,0.92,high,high,#3b4994
7/1/2016,Q2_1617,Kensington and Chelsea,Fair treatment,1309,143375,912.9904098,0.83,high,high,#3b4994
7/1/2017,Q2_1718,Kensington and Chelsea,Good job,7334,143375,5115.257193,0.77,high,high,#3b4994
7/1/2017,Q2_1718,Kensington and Chelsea,Trust MPS,7334,143375,5115.257193,0.92,high,high,#3b4994
7/1/2017,Q2_1718,Kensington and Chelsea,Fair treatment,7334,143375,5115.257193,0.85,high,high,#3b4994
7/1/2018,Q2_1819,Kensington and Chelsea,Good job,7194,143375,5017.61116,0.8,high,high,#3b4994
7/1/2018,Q2_1819,Kensington and Chelsea,Trust MPS,7194,143375,5017.61116,0.91,high,high,#3b4994
7/1/2018,Q2_1819,Kensington and Chelsea,Fair treatment,7194,143375,5017.61116,0.86,high,high,#3b4994
7/1/2019,Q2_1920,Kensington and Chelsea,Good job,8392,143375,5853.182214,0.81,high,high,#3b4994
7/1/2019,Q2_1920,Kensington and Chelsea,Trust MPS,8392,143375,5853.182214,0.9,high,high,#3b4994
7/1/2019,Q2_1920,Kensington and Chelsea,Fair treatment,8392,143375,5853.182214,0.87,high,high,#3b4994
7/1/2020,Q2_2021,Kensington and Chelsea,Good job,5957,143375,4154.83871,0.7,high,high,#3b4994
7/1/2020,Q2_2021,Kensington and Chelsea,Trust MPS,5957,143375,4154.83871,0.85,high,high,#3b4994
7/1/2020,Q2_2021,Kensington and Chelsea,Fair treatment,5957,143375,4154.83871,0.81,high,high,#3b4994
7/1/2021,Q2_2122,Kensington and Chelsea,Good job,6002,143375,4186.224935,0.59,high,high,#3b4994
7/1/2021,Q2_2122,Kensington and Chelsea,Trust MPS,6002,143375,4186.224935,0.8,high,med,#5698b9
7/1/2021,Q2_2122,Kensington and Chelsea,Fair treatment,6002,143375,4186.224935,0.65,high,med,#5698b9
7/1/2022,Q2_2223,Kensington and Chelsea,Good job,6476,143375,4516.826504,0.55,high,high,#3b4994
7/1/2022,Q2_2223,Kensington and Chelsea,Trust MPS,6476,143375,4516.826504,0.77,high,high,#3b4994
7/1/2022,Q2_2223,Kensington and Chelsea,Fair treatment,6476,143375,4516.826504,0.66,high,med,#5698b9
7/1/2023,Q2_2324,Kensington and Chelsea,Good job,7435,143375,5185.701831,0.6,high,high,#3b4994
7/1/2023,Q2_2324,Kensington and Chelsea,Trust MPS,7435,143375,5185.701831,0.78,high,high,#3b4994
7/1/2023,Q2_2324,Kensington and Chelsea,Fair treatment,7435,143375,5185.701831,0.72,high,high,#3b4994
7/1/2024,Q2_2425,Kensington and Chelsea,Good job,7197,143375,5019.703575,0.54,high,high,#3b4994
7/1/2024,Q2_2425,Kensington and Chelsea,Trust MPS,7197,143375,5019.703575,0.79,high,high,#3b4994
7/1/2024,Q2_2425,Kensington and Chelsea,Fair treatment,7197,143375,5019.703575,0.72,high,high,#3b4994
7/1/2025,Q2_2526,Kensington and Chelsea,Good job,7434,143375,5185.004359,0.47,high,med,#5698b9
7/1/2025,Q2_2526,Kensington and Chelsea,Trust MPS,7434,143375,5185.004359,0.74,high,low,#5ac8c8
7/1/2025,Q2_2526,Kensington and Chelsea,Fair treatment,7434,143375,5185.004359,0.67,high,med,#5698b9
10/1/2015,Q3_1516,Kensington and Chelsea,Good job,1014,143375,707.2362685,0.81,high,high,#3b4994
10/1/2015,Q3_1516,Kensington and Chelsea,Fair treatment,1014,143375,707.2362685,0.75,high,med,#5698b9
10/1/2016,Q3_1617,Kensington and Chelsea,Good job,976,143375,680.7323452,0.78,high,high,#3b4994
10/1/2016,Q3_1617,Kensington and Chelsea,Trust MPS,976,143375,680.7323452,0.92,high,high,#3b4994
10/1/2016,Q3_1617,Kensington and Chelsea,Fair treatment,976,143375,680.7323452,0.85,high,high,#3b4994
10/1/2017,Q3_1718,Kensington and Chelsea,Good job,6261,143375,4366.870096,0.8,high,high,#3b4994
10/1/2017,Q3_1718,Kensington and Chelsea,Trust MPS,6261,143375,4366.870096,0.93,high,high,#3b4994
10/1/2017,Q3_1718,Kensington and Chelsea,Fair treatment,6261,143375,4366.870096,0.84,high,high,#3b4994
10/1/2018,Q3_1819,Kensington and Chelsea,Good job,6699,143375,4672.362685,0.83,high,high,#3b4994
10/1/2018,Q3_1819,Kensington and Chelsea,Trust MPS,6699,143375,4672.362685,0.92,high,high,#3b4994
10/1/2018,Q3_1819,Kensington and Chelsea,Fair treatment,6699,143375,4672.362685,0.89,high,high,#3b4994
10/1/2019,Q3_1920,Kensington and Chelsea,Good job,7848,143375,5473.757629,0.79,high,high,#3b4994
10/1/2019,Q3_1920,Kensington and Chelsea,Trust MPS,7848,143375,5473.757629,0.92,high,high,#3b4994
10/1/2019,Q3_1920,Kensington and Chelsea,Fair treatment,7848,143375,5473.757629,0.88,high,high,#3b4994
10/1/2020,Q3_2021,Kensington and Chelsea,Good job,5286,143375,3686.835222,0.67,high,high,#3b4994
10/1/2020,Q3_2021,Kensington and Chelsea,Trust MPS,5286,143375,3686.835222,0.78,high,low,#5ac8c8
10/1/2020,Q3_2021,Kensington and Chelsea,Fair treatment,5286,143375,3686.835222,0.75,high,med,#5698b9
10/1/2021,Q3_2122,Kensington and Chelsea,Good job,6219,143375,4337.576286,0.56,high,high,#3b4994
10/1/2021,Q3_2122,Kensington and Chelsea,Trust MPS,6219,143375,4337.576286,0.83,high,high,#3b4994
10/1/2021,Q3_2122,Kensington and Chelsea,Fair treatment,6219,143375,4337.576286,0.66,high,med,#5698b9
10/1/2022,Q3_2223,Kensington and Chelsea,Good job,6223,143375,4340.366173,0.55,high,high,#3b4994
10/1/2022,Q3_2223,Kensington and Chelsea,Trust MPS,6223,143375,4340.366173,0.75,high,high,#3b4994
10/1/2022,Q3_2223,Kensington and Chelsea,Fair treatment,6223,143375,4340.366173,0.64,high,med,#5698b9
10/1/2023,Q3_2324,Kensington and Chelsea,Good job,7132,143375,4974.367916,0.61,high,high,#3b4994
10/1/2023,Q3_2324,Kensington and Chelsea,Trust MPS,7132,143375,4974.367916,0.8,high,high,#3b4994
10/1/2023,Q3_2324,Kensington and Chelsea,Fair treatment,7132,143375,4974.367916,0.75,high,high,#3b4994
10/1/2024,Q3_2425,Kensington and Chelsea,Good job,7022,143375,4897.646033,0.51,high,high,#3b4994
10/1/2024,Q3_2425,Kensington and Chelsea,Trust MPS,7022,143375,4897.646033,0.78,high,high,#3b4994
10/1/2024,Q3_2425,Kensington and Chelsea,Fair treatment,7022,143375,4897.646033,0.68,high,high,#3b4994
10/1/2025,Q3_2526,Kensington and Chelsea,Good job,6224,143375,4341.063644,0.48,high,high,#3b4994
10/1/2025,Q3_2526,Kensington and Chelsea,Trust MPS,6224,143375,4341.063644,0.73,high,med,#5698b9
10/1/2025,Q3_2526,Kensington and Chelsea,Fair treatment,6224,143375,4341.063644,0.66,high,med,#5698b9
1/1/2015,Q4_1415,Kensington and Chelsea,Good job,958,143375,668.1778553,0.75,high,high,#3b4994
1/1/2015,Q4_1415,Kensington and Chelsea,Fair treatment,958,143375,668.1778553,0.74,high,med,#5698b9
1/1/2016,Q4_1516,Kensington and Chelsea,Good job,833,143375,580.9938971,0.81,high,high,#3b4994
1/1/2016,Q4_1516,Kensington and Chelsea,Trust MPS,833,143375,580.9938971,0.92,high,high,#3b4994
1/1/2016,Q4_1516,Kensington and Chelsea,Fair treatment,833,143375,580.9938971,0.77,high,med,#5698b9
1/1/2017,Q4_1617,Kensington and Chelsea,Good job,1027,143375,716.3034002,0.78,high,high,#3b4994
1/1/2017,Q4_1617,Kensington and Chelsea,Trust MPS,1027,143375,716.3034002,0.93,high,high,#3b4994
1/1/2017,Q4_1617,Kensington and Chelsea,Fair treatment,1027,143375,716.3034002,0.86,high,high,#3b4994
1/1/2018,Q4_1718,Kensington and Chelsea,Good job,6029,143375,4205.05667,0.81,high,high,#3b4994
1/1/2018,Q4_1718,Kensington and Chelsea,Trust MPS,6029,143375,4205.05667,0.92,high,high,#3b4994
1/1/2018,Q4_1718,Kensington and Chelsea,Fair treatment,6029,143375,4205.05667,0.84,high,high,#3b4994
1/1/2019,Q4_1819,Kensington and Chelsea,Good job,6598,143375,4601.918047,0.83,high,high,#3b4994
1/1/2019,Q4_1819,Kensington and Chelsea,Trust MPS,6598,143375,4601.918047,0.91,high,high,#3b4994
1/1/2019,Q4_1819,Kensington and Chelsea,Fair treatment,6598,143375,4601.918047,0.88,high,high,#3b4994
1/1/2020,Q4_1920,Kensington and Chelsea,Good job,6290,143375,4387.096774,0.7,high,high,#3b4994
1/1/2020,Q4_1920,Kensington and Chelsea,Trust MPS,6290,143375,4387.096774,0.88,high,high,#3b4994
1/1/2020,Q4_1920,Kensington and Chelsea,Fair treatment,6290,143375,4387.096774,0.84,high,high,#3b4994
1/1/2021,Q4_2021,Kensington and Chelsea,Good job,4243,143375,2959.372276,0.69,high,high,#3b4994
1/1/2021,Q4_2021,Kensington and Chelsea,Trust MPS,4243,143375,2959.372276,0.81,high,med,#5698b9
1/1/2021,Q4_2021,Kensington and Chelsea,Fair treatment,4243,143375,2959.372276,0.76,high,high,#3b4994
1/1/2022,Q4_2122,Kensington and Chelsea,Good job,5786,143375,4035.571055,0.54,high,high,#3b4994
1/1/2022,Q4_2122,Kensington and Chelsea,Trust MPS,5786,143375,4035.571055,0.78,high,high,#3b4994
1/1/2022,Q4_2122,Kensington and Chelsea,Fair treatment,5786,143375,4035.571055,0.62,high,med,#5698b9
1/1/2023,Q4_2223,Kensington and Chelsea,Good job,5797,143375,4043.243243,0.57,high,high,#3b4994
1/1/2023,Q4_2223,Kensington and Chelsea,Trust MPS,5797,143375,4043.243243,0.78,high,high,#3b4994
1/1/2023,Q4_2223,Kensington and Chelsea,Fair treatment,5797,143375,4043.243243,0.69,high,high,#3b4994
1/1/2024,Q4_2324,Kensington and Chelsea,Good job,6480,143375,4519.616391,0.59,high,high,#3b4994
1/1/2024,Q4_2324,Kensington and Chelsea,Trust MPS,6480,143375,4519.616391,0.8,high,high,#3b4994
1/1/2024,Q4_2324,Kensington and Chelsea,Fair treatment,6480,143375,4519.616391,0.73,high,high,#3b4994
1/1/2025,Q4_2425,Kensington and Chelsea,Good job,6336,143375,4419.180471,0.5,high,high,#3b4994
1/1/2025,Q4_2425,Kensington and Chelsea,Trust MPS,6336,143375,4419.180471,0.76,high,med,#5698b9
1/1/2025,Q4_2425,Kensington and Chelsea,Fair treatment,6336,143375,4419.180471,0.68,high,high,#3b4994
1/1/2026,Q4_2526,Kensington and Chelsea,Good job,5503,143375,3838.186574,0.42,high,low,#5ac8c8
1/1/2026,Q4_2526,Kensington and Chelsea,Trust MPS,5503,143375,3838.186574,0.69,high,low,#5ac8c8
1/1/2026,Q4_2526,Kensington and Chelsea,Fair treatment,5503,143375,3838.186574,0.61,high,med,#5698b9
4/1/2015,Q1_1516,Kingston upon Thames,Good job,564,168063,335.58844,0.73,low,high,#be64ac
4/1/2015,Q1_1516,Kingston upon Thames,Fair treatment,564,168063,335.58844,0.68,low,low,#e8e8e8
4/1/2016,Q1_1617,Kingston upon Thames,Good job,656,168063,390.3298168,0.78,low,high,#be64ac
4/1/2016,Q1_1617,Kingston upon Thames,Trust MPS,656,168063,390.3298168,0.9,low,high,#be64ac
4/1/2016,Q1_1617,Kingston upon Thames,Fair treatment,656,168063,390.3298168,0.72,low,low,#e8e8e8
4/1/2017,Q1_1718,Kingston upon Thames,Good job,3345,168063,1990.325057,0.77,low,high,#be64ac
4/1/2017,Q1_1718,Kingston upon Thames,Trust MPS,3345,168063,1990.325057,0.92,low,high,#be64ac
4/1/2017,Q1_1718,Kingston upon Thames,Fair treatment,3345,168063,1990.325057,0.81,low,med,#dfb0d6
4/1/2018,Q1_1819,Kingston upon Thames,Good job,3554,168063,2114.683184,0.75,low,high,#be64ac
4/1/2018,Q1_1819,Kingston upon Thames,Trust MPS,3554,168063,2114.683184,0.88,low,high,#be64ac
4/1/2018,Q1_1819,Kingston upon Thames,Fair treatment,3554,168063,2114.683184,0.8,low,med,#dfb0d6
4/1/2019,Q1_1920,Kingston upon Thames,Good job,4094,168063,2435.991265,0.67,low,high,#be64ac
4/1/2019,Q1_1920,Kingston upon Thames,Trust MPS,4094,168063,2435.991265,0.84,low,med,#dfb0d6
4/1/2019,Q1_1920,Kingston upon Thames,Fair treatment,4094,168063,2435.991265,0.84,low,high,#be64ac
4/1/2020,Q1_2021,Kingston upon Thames,Good job,3146,168063,1871.917079,0.68,low,high,#be64ac
4/1/2020,Q1_2021,Kingston upon Thames,Trust MPS,3146,168063,1871.917079,0.89,low,high,#be64ac
4/1/2020,Q1_2021,Kingston upon Thames,Fair treatment,3146,168063,1871.917079,0.82,low,med,#dfb0d6
4/1/2021,Q1_2122,Kingston upon Thames,Good job,3582,168063,2131.343603,0.67,low,high,#be64ac
4/1/2021,Q1_2122,Kingston upon Thames,Trust MPS,3582,168063,2131.343603,0.85,low,high,#be64ac
4/1/2021,Q1_2122,Kingston upon Thames,Fair treatment,3582,168063,2131.343603,0.8,low,high,#be64ac
4/1/2022,Q1_2223,Kingston upon Thames,Good job,3614,168063,2150.384082,0.58,low,high,#be64ac
4/1/2022,Q1_2223,Kingston upon Thames,Trust MPS,3614,168063,2150.384082,0.77,low,high,#be64ac
4/1/2022,Q1_2223,Kingston upon Thames,Fair treatment,3614,168063,2150.384082,0.72,low,high,#be64ac
4/1/2023,Q1_2324,Kingston upon Thames,Good job,3890,168063,2314.608212,0.47,low,med,#dfb0d6
4/1/2023,Q1_2324,Kingston upon Thames,Trust MPS,3890,168063,2314.608212,0.76,low,high,#be64ac
4/1/2023,Q1_2324,Kingston upon Thames,Fair treatment,3890,168063,2314.608212,0.61,low,med,#dfb0d6
4/1/2024,Q1_2425,Kingston upon Thames,Good job,3436,168063,2044.471418,0.57,low,high,#be64ac
4/1/2024,Q1_2425,Kingston upon Thames,Trust MPS,3436,168063,2044.471418,0.73,low,med,#dfb0d6
4/1/2024,Q1_2425,Kingston upon Thames,Fair treatment,3436,168063,2044.471418,0.65,low,high,#be64ac
4/1/2025,Q1_2526,Kingston upon Thames,Good job,3633,168063,2161.689366,0.52,low,high,#be64ac
4/1/2025,Q1_2526,Kingston upon Thames,Trust MPS,3633,168063,2161.689366,0.81,low,high,#be64ac
4/1/2025,Q1_2526,Kingston upon Thames,Fair treatment,3633,168063,2161.689366,0.68,low,high,#be64ac
7/1/2015,Q2_1516,Kingston upon Thames,Good job,649,168063,386.164712,0.72,low,high,#be64ac
7/1/2015,Q2_1516,Kingston upon Thames,Fair treatment,649,168063,386.164712,0.7,low,low,#e8e8e8
7/1/2016,Q2_1617,Kingston upon Thames,Good job,687,168063,408.7752807,0.77,low,high,#be64ac
7/1/2016,Q2_1617,Kingston upon Thames,Trust MPS,687,168063,408.7752807,0.9,low,high,#be64ac
7/1/2016,Q2_1617,Kingston upon Thames,Fair treatment,687,168063,408.7752807,0.74,low,low,#e8e8e8
7/1/2017,Q2_1718,Kingston upon Thames,Good job,3457,168063,2056.966733,0.79,low,high,#be64ac
7/1/2017,Q2_1718,Kingston upon Thames,Trust MPS,3457,168063,2056.966733,0.91,low,high,#be64ac
7/1/2017,Q2_1718,Kingston upon Thames,Fair treatment,3457,168063,2056.966733,0.81,low,med,#dfb0d6
7/1/2018,Q2_1819,Kingston upon Thames,Good job,4050,168063,2409.810607,0.74,low,high,#be64ac
7/1/2018,Q2_1819,Kingston upon Thames,Trust MPS,4050,168063,2409.810607,0.88,low,high,#be64ac
7/1/2018,Q2_1819,Kingston upon Thames,Fair treatment,4050,168063,2409.810607,0.83,low,high,#be64ac
7/1/2019,Q2_1920,Kingston upon Thames,Good job,4101,168063,2440.15637,0.68,low,high,#be64ac
7/1/2019,Q2_1920,Kingston upon Thames,Trust MPS,4101,168063,2440.15637,0.85,low,med,#dfb0d6
7/1/2019,Q2_1920,Kingston upon Thames,Fair treatment,4101,168063,2440.15637,0.81,low,med,#dfb0d6
7/1/2020,Q2_2021,Kingston upon Thames,Good job,3901,168063,2321.153377,0.64,low,high,#be64ac
7/1/2020,Q2_2021,Kingston upon Thames,Trust MPS,3901,168063,2321.153377,0.87,low,high,#be64ac
7/1/2020,Q2_2021,Kingston upon Thames,Fair treatment,3901,168063,2321.153377,0.81,low,high,#be64ac
7/1/2021,Q2_2122,Kingston upon Thames,Good job,3699,168063,2200.960354,0.67,low,high,#be64ac
7/1/2021,Q2_2122,Kingston upon Thames,Trust MPS,3699,168063,2200.960354,0.86,low,high,#be64ac
7/1/2021,Q2_2122,Kingston upon Thames,Fair treatment,3699,168063,2200.960354,0.78,low,high,#be64ac
7/1/2022,Q2_2223,Kingston upon Thames,Good job,3437,168063,2045.066433,0.58,low,high,#be64ac
7/1/2022,Q2_2223,Kingston upon Thames,Trust MPS,3437,168063,2045.066433,0.78,low,high,#be64ac
7/1/2022,Q2_2223,Kingston upon Thames,Fair treatment,3437,168063,2045.066433,0.71,low,high,#be64ac
7/1/2023,Q2_2324,Kingston upon Thames,Good job,3885,168063,2311.633138,0.47,low,med,#dfb0d6
7/1/2023,Q2_2324,Kingston upon Thames,Trust MPS,3885,168063,2311.633138,0.72,low,med,#dfb0d6
7/1/2023,Q2_2324,Kingston upon Thames,Fair treatment,3885,168063,2311.633138,0.63,low,med,#dfb0d6
7/1/2024,Q2_2425,Kingston upon Thames,Good job,3765,168063,2240.231342,0.55,low,high,#be64ac
7/1/2024,Q2_2425,Kingston upon Thames,Trust MPS,3765,168063,2240.231342,0.75,low,med,#dfb0d6
7/1/2024,Q2_2425,Kingston upon Thames,Fair treatment,3765,168063,2240.231342,0.63,low,med,#dfb0d6
7/1/2025,Q2_2526,Kingston upon Thames,Good job,3790,168063,2255.106716,0.53,low,high,#be64ac
7/1/2025,Q2_2526,Kingston upon Thames,Trust MPS,3790,168063,2255.106716,0.8,low,high,#be64ac
7/1/2025,Q2_2526,Kingston upon Thames,Fair treatment,3790,168063,2255.106716,0.69,low,med,#dfb0d6
10/1/2015,Q3_1516,Kingston upon Thames,Good job,647,168063,384.9746821,0.74,low,high,#be64ac
10/1/2015,Q3_1516,Kingston upon Thames,Fair treatment,647,168063,384.9746821,0.73,low,med,#dfb0d6
10/1/2016,Q3_1617,Kingston upon Thames,Good job,575,168063,342.1336047,0.77,low,high,#be64ac
10/1/2016,Q3_1617,Kingston upon Thames,Trust MPS,575,168063,342.1336047,0.91,low,high,#be64ac
10/1/2016,Q3_1617,Kingston upon Thames,Fair treatment,575,168063,342.1336047,0.76,low,low,#e8e8e8
10/1/2017,Q3_1718,Kingston upon Thames,Good job,3619,168063,2153.359157,0.78,low,high,#be64ac
10/1/2017,Q3_1718,Kingston upon Thames,Trust MPS,3619,168063,2153.359157,0.89,low,med,#dfb0d6
10/1/2017,Q3_1718,Kingston upon Thames,Fair treatment,3619,168063,2153.359157,0.78,low,med,#dfb0d6
10/1/2018,Q3_1819,Kingston upon Thames,Good job,4071,168063,2422.305921,0.73,low,high,#be64ac
10/1/2018,Q3_1819,Kingston upon Thames,Trust MPS,4071,168063,2422.305921,0.89,low,high,#be64ac
10/1/2018,Q3_1819,Kingston upon Thames,Fair treatment,4071,168063,2422.305921,0.85,low,high,#be64ac
10/1/2019,Q3_1920,Kingston upon Thames,Good job,4049,168063,2409.215592,0.68,low,high,#be64ac
10/1/2019,Q3_1920,Kingston upon Thames,Trust MPS,4049,168063,2409.215592,0.85,low,med,#dfb0d6
10/1/2019,Q3_1920,Kingston upon Thames,Fair treatment,4049,168063,2409.215592,0.83,low,med,#dfb0d6
10/1/2020,Q3_2021,Kingston upon Thames,Good job,3176,168063,1889.767528,0.63,low,high,#be64ac
10/1/2020,Q3_2021,Kingston upon Thames,Trust MPS,3176,168063,1889.767528,0.86,low,high,#be64ac
10/1/2020,Q3_2021,Kingston upon Thames,Fair treatment,3176,168063,1889.767528,0.79,low,high,#be64ac
10/1/2021,Q3_2122,Kingston upon Thames,Good job,3726,168063,2217.025758,0.66,low,high,#be64ac
10/1/2021,Q3_2122,Kingston upon Thames,Trust MPS,3726,168063,2217.025758,0.84,low,high,#be64ac
10/1/2021,Q3_2122,Kingston upon Thames,Fair treatment,3726,168063,2217.025758,0.8,low,high,#be64ac
10/1/2022,Q3_2223,Kingston upon Thames,Good job,3553,168063,2114.088169,0.53,low,high,#be64ac
10/1/2022,Q3_2223,Kingston upon Thames,Trust MPS,3553,168063,2114.088169,0.76,low,high,#be64ac
10/1/2022,Q3_2223,Kingston upon Thames,Fair treatment,3553,168063,2114.088169,0.65,low,med,#dfb0d6
10/1/2023,Q3_2324,Kingston upon Thames,Good job,3708,168063,2206.315489,0.51,low,high,#be64ac
10/1/2023,Q3_2324,Kingston upon Thames,Trust MPS,3708,168063,2206.315489,0.72,low,med,#dfb0d6
10/1/2023,Q3_2324,Kingston upon Thames,Fair treatment,3708,168063,2206.315489,0.62,low,med,#dfb0d6
10/1/2024,Q3_2425,Kingston upon Thames,Good job,3416,168063,2032.571119,0.54,low,high,#be64ac
10/1/2024,Q3_2425,Kingston upon Thames,Trust MPS,3416,168063,2032.571119,0.77,low,high,#be64ac
10/1/2024,Q3_2425,Kingston upon Thames,Fair treatment,3416,168063,2032.571119,0.66,low,med,#dfb0d6
10/1/2025,Q3_2526,Kingston upon Thames,Good job,3831,168063,2279.502329,0.53,low,high,#be64ac
10/1/2025,Q3_2526,Kingston upon Thames,Trust MPS,3831,168063,2279.502329,0.78,low,high,#be64ac
10/1/2025,Q3_2526,Kingston upon Thames,Fair treatment,3831,168063,2279.502329,0.7,low,high,#be64ac
1/1/2015,Q4_1415,Kingston upon Thames,Good job,505,168063,300.4825571,0.75,low,high,#be64ac
1/1/2015,Q4_1415,Kingston upon Thames,Fair treatment,505,168063,300.4825571,0.73,low,med,#dfb0d6
1/1/2016,Q4_1516,Kingston upon Thames,Good job,561,168063,333.8033952,0.74,low,high,#be64ac
1/1/2016,Q4_1516,Kingston upon Thames,Trust MPS,561,168063,333.8033952,0.89,low,high,#be64ac
1/1/2016,Q4_1516,Kingston upon Thames,Fair treatment,561,168063,333.8033952,0.72,low,low,#e8e8e8
1/1/2017,Q4_1617,Kingston upon Thames,Good job,601,168063,357.6039937,0.8,low,high,#be64ac
1/1/2017,Q4_1617,Kingston upon Thames,Trust MPS,601,168063,357.6039937,0.91,low,high,#be64ac
1/1/2017,Q4_1617,Kingston upon Thames,Fair treatment,601,168063,357.6039937,0.76,low,low,#e8e8e8
1/1/2018,Q4_1718,Kingston upon Thames,Good job,3499,168063,2081.957361,0.76,low,high,#be64ac
1/1/2018,Q4_1718,Kingston upon Thames,Trust MPS,3499,168063,2081.957361,0.88,low,med,#dfb0d6
1/1/2018,Q4_1718,Kingston upon Thames,Fair treatment,3499,168063,2081.957361,0.78,low,med,#dfb0d6
1/1/2019,Q4_1819,Kingston upon Thames,Good job,4023,168063,2393.745203,0.73,low,high,#be64ac
1/1/2019,Q4_1819,Kingston upon Thames,Trust MPS,4023,168063,2393.745203,0.86,low,high,#be64ac
1/1/2019,Q4_1819,Kingston upon Thames,Fair treatment,4023,168063,2393.745203,0.85,low,high,#be64ac
1/1/2020,Q4_1920,Kingston upon Thames,Good job,3880,168063,2308.658063,0.65,low,high,#be64ac
1/1/2020,Q4_1920,Kingston upon Thames,Trust MPS,3880,168063,2308.658063,0.89,low,high,#be64ac
1/1/2020,Q4_1920,Kingston upon Thames,Fair treatment,3880,168063,2308.658063,0.86,low,high,#be64ac
1/1/2021,Q4_2021,Kingston upon Thames,Good job,2646,168063,1574.409596,0.65,low,high,#be64ac
1/1/2021,Q4_2021,Kingston upon Thames,Trust MPS,2646,168063,1574.409596,0.86,low,high,#be64ac
1/1/2021,Q4_2021,Kingston upon Thames,Fair treatment,2646,168063,1574.409596,0.78,low,high,#be64ac
1/1/2022,Q4_2122,Kingston upon Thames,Good job,3508,168063,2087.312496,0.62,low,high,#be64ac
1/1/2022,Q4_2122,Kingston upon Thames,Trust MPS,3508,168063,2087.312496,0.79,low,high,#be64ac
1/1/2022,Q4_2122,Kingston upon Thames,Fair treatment,3508,168063,2087.312496,0.77,low,high,#be64ac
1/1/2023,Q4_2223,Kingston upon Thames,Good job,3612,168063,2149.194052,0.51,low,med,#dfb0d6
1/1/2023,Q4_2223,Kingston upon Thames,Trust MPS,3612,168063,2149.194052,0.78,low,high,#be64ac
1/1/2023,Q4_2223,Kingston upon Thames,Fair treatment,3612,168063,2149.194052,0.64,low,med,#dfb0d6
1/1/2024,Q4_2324,Kingston upon Thames,Good job,3492,168063,2077.792256,0.54,low,high,#be64ac
1/1/2024,Q4_2324,Kingston upon Thames,Trust MPS,3492,168063,2077.792256,0.71,low,med,#dfb0d6
1/1/2024,Q4_2324,Kingston upon Thames,Fair treatment,3492,168063,2077.792256,0.62,low,med,#dfb0d6
1/1/2025,Q4_2425,Kingston upon Thames,Good job,3593,168063,2137.888768,0.54,low,high,#be64ac
1/1/2025,Q4_2425,Kingston upon Thames,Trust MPS,3593,168063,2137.888768,0.8,low,high,#be64ac
1/1/2025,Q4_2425,Kingston upon Thames,Fair treatment,3593,168063,2137.888768,0.67,low,high,#be64ac
1/1/2026,Q4_2526,Kingston upon Thames,Good job,3584,168063,2132.533633,0.52,low,high,#be64ac
1/1/2026,Q4_2526,Kingston upon Thames,Trust MPS,3584,168063,2132.533633,0.75,low,high,#be64ac
1/1/2026,Q4_2526,Kingston upon Thames,Fair treatment,3584,168063,2132.533633,0.73,low,high,#be64ac
4/1/2015,Q1_1516,Lambeth,Good job,2107,317654,663.3003205,0.62,high,low,#5ac8c8
4/1/2015,Q1_1516,Lambeth,Fair treatment,2107,317654,663.3003205,0.64,high,low,#5ac8c8
4/1/2016,Q1_1617,Lambeth,Good job,2293,317654,721.8545965,0.71,high,med,#5698b9
4/1/2016,Q1_1617,Lambeth,Trust MPS,2293,317654,721.8545965,0.89,high,high,#3b4994
4/1/2016,Q1_1617,Lambeth,Fair treatment,2293,317654,721.8545965,0.73,high,low,#5ac8c8
4/1/2017,Q1_1718,Lambeth,Good job,10970,317654,3453.443054,0.67,high,med,#5698b9
4/1/2017,Q1_1718,Lambeth,Trust MPS,10970,317654,3453.443054,0.88,high,low,#5ac8c8
4/1/2017,Q1_1718,Lambeth,Fair treatment,10970,317654,3453.443054,0.79,high,med,#5698b9
4/1/2018,Q1_1819,Lambeth,Good job,11201,317654,3526.163688,0.6,high,low,#5ac8c8
4/1/2018,Q1_1819,Lambeth,Trust MPS,11201,317654,3526.163688,0.86,high,med,#5698b9
4/1/2018,Q1_1819,Lambeth,Fair treatment,11201,317654,3526.163688,0.71,high,low,#5ac8c8
4/1/2019,Q1_1920,Lambeth,Good job,11440,317654,3601.402784,0.61,high,med,#5698b9
4/1/2019,Q1_1920,Lambeth,Trust MPS,11440,317654,3601.402784,0.83,high,med,#5698b9
4/1/2019,Q1_1920,Lambeth,Fair treatment,11440,317654,3601.402784,0.7,high,low,#5ac8c8
4/1/2020,Q1_2021,Lambeth,Good job,8762,317654,2758.347132,0.56,high,low,#5ac8c8
4/1/2020,Q1_2021,Lambeth,Trust MPS,8762,317654,2758.347132,0.76,high,low,#5ac8c8
4/1/2020,Q1_2021,Lambeth,Fair treatment,8762,317654,2758.347132,0.6,high,low,#5ac8c8
4/1/2021,Q1_2122,Lambeth,Good job,10303,317654,3243.466161,0.49,high,low,#5ac8c8
4/1/2021,Q1_2122,Lambeth,Trust MPS,10303,317654,3243.466161,0.73,high,low,#5ac8c8
4/1/2021,Q1_2122,Lambeth,Fair treatment,10303,317654,3243.466161,0.52,high,low,#5ac8c8
4/1/2022,Q1_2223,Lambeth,Good job,10314,317654,3246.929049,0.43,high,low,#5ac8c8
4/1/2022,Q1_2223,Lambeth,Trust MPS,10314,317654,3246.929049,0.58,high,low,#5ac8c8
4/1/2022,Q1_2223,Lambeth,Fair treatment,10314,317654,3246.929049,0.38,high,low,#5ac8c8
4/1/2023,Q1_2324,Lambeth,Good job,11344,317654,3571.181222,0.44,high,low,#5ac8c8
4/1/2023,Q1_2324,Lambeth,Trust MPS,11344,317654,3571.181222,0.6,high,low,#5ac8c8
4/1/2023,Q1_2324,Lambeth,Fair treatment,11344,317654,3571.181222,0.51,high,low,#5ac8c8
4/1/2024,Q1_2425,Lambeth,Good job,12327,317654,3880.637423,0.44,high,low,#5ac8c8
4/1/2024,Q1_2425,Lambeth,Trust MPS,12327,317654,3880.637423,0.64,high,low,#5ac8c8
4/1/2024,Q1_2425,Lambeth,Fair treatment,12327,317654,3880.637423,0.55,high,low,#5ac8c8
4/1/2025,Q1_2526,Lambeth,Good job,12011,317654,3781.158115,0.44,high,med,#5698b9
4/1/2025,Q1_2526,Lambeth,Trust MPS,12011,317654,3781.158115,0.71,high,low,#5ac8c8
4/1/2025,Q1_2526,Lambeth,Fair treatment,12011,317654,3781.158115,0.56,high,low,#5ac8c8
7/1/2015,Q2_1516,Lambeth,Good job,2156,317654,678.7259093,0.69,high,med,#5698b9
7/1/2015,Q2_1516,Lambeth,Fair treatment,2156,317654,678.7259093,0.66,high,low,#5ac8c8
7/1/2016,Q2_1617,Lambeth,Good job,2542,317654,800.2417725,0.69,high,med,#5698b9
7/1/2016,Q2_1617,Lambeth,Trust MPS,2542,317654,800.2417725,0.88,high,med,#5698b9
7/1/2016,Q2_1617,Lambeth,Fair treatment,2542,317654,800.2417725,0.75,high,med,#5698b9
7/1/2017,Q2_1718,Lambeth,Good job,11724,317654,3690.808238,0.66,high,med,#5698b9
7/1/2017,Q2_1718,Lambeth,Trust MPS,11724,317654,3690.808238,0.88,high,med,#5698b9
7/1/2017,Q2_1718,Lambeth,Fair treatment,11724,317654,3690.808238,0.77,high,med,#5698b9
7/1/2018,Q2_1819,Lambeth,Good job,11274,317654,3549.144667,0.58,high,low,#5ac8c8
7/1/2018,Q2_1819,Lambeth,Trust MPS,11274,317654,3549.144667,0.84,high,low,#5ac8c8
7/1/2018,Q2_1819,Lambeth,Fair treatment,11274,317654,3549.144667,0.69,high,low,#5ac8c8
7/1/2019,Q2_1920,Lambeth,Good job,11944,317654,3760.065984,0.61,high,med,#5698b9
7/1/2019,Q2_1920,Lambeth,Trust MPS,11944,317654,3760.065984,0.82,high,low,#5ac8c8
7/1/2019,Q2_1920,Lambeth,Fair treatment,11944,317654,3760.065984,0.7,high,low,#5ac8c8
7/1/2020,Q2_2021,Lambeth,Good job,11349,317654,3572.755262,0.54,high,low,#5ac8c8
7/1/2020,Q2_2021,Lambeth,Trust MPS,11349,317654,3572.755262,0.75,high,low,#5ac8c8
7/1/2020,Q2_2021,Lambeth,Fair treatment,11349,317654,3572.755262,0.57,high,low,#5ac8c8
7/1/2021,Q2_2122,Lambeth,Good job,11308,317654,3559.848137,0.48,high,low,#5ac8c8
7/1/2021,Q2_2122,Lambeth,Trust MPS,11308,317654,3559.848137,0.69,high,low,#5ac8c8
7/1/2021,Q2_2122,Lambeth,Fair treatment,11308,317654,3559.848137,0.47,high,low,#5ac8c8
7/1/2022,Q2_2223,Lambeth,Good job,11030,317654,3472.331531,0.42,high,low,#5ac8c8
7/1/2022,Q2_2223,Lambeth,Trust MPS,11030,317654,3472.331531,0.53,high,low,#5ac8c8
7/1/2022,Q2_2223,Lambeth,Fair treatment,11030,317654,3472.331531,0.39,high,low,#5ac8c8
7/1/2023,Q2_2324,Lambeth,Good job,11502,317654,3620.920876,0.45,high,low,#5ac8c8
7/1/2023,Q2_2324,Lambeth,Trust MPS,11502,317654,3620.920876,0.63,high,low,#5ac8c8
7/1/2023,Q2_2324,Lambeth,Fair treatment,11502,317654,3620.920876,0.53,high,low,#5ac8c8
7/1/2024,Q2_2425,Lambeth,Good job,12684,317654,3993.023856,0.44,high,med,#5698b9
7/1/2024,Q2_2425,Lambeth,Trust MPS,12684,317654,3993.023856,0.68,high,low,#5ac8c8
7/1/2024,Q2_2425,Lambeth,Fair treatment,12684,317654,3993.023856,0.57,high,low,#5ac8c8
7/1/2025,Q2_2526,Lambeth,Good job,12198,317654,3840.027199,0.42,high,low,#5ac8c8
7/1/2025,Q2_2526,Lambeth,Trust MPS,12198,317654,3840.027199,0.7,high,low,#5ac8c8
7/1/2025,Q2_2526,Lambeth,Fair treatment,12198,317654,3840.027199,0.55,high,low,#5ac8c8
10/1/2015,Q3_1516,Lambeth,Good job,2197,317654,691.6330347,0.64,high,low,#5ac8c8
10/1/2015,Q3_1516,Lambeth,Fair treatment,2197,317654,691.6330347,0.65,high,low,#5ac8c8
10/1/2016,Q3_1617,Lambeth,Good job,2231,317654,702.3365045,0.72,high,med,#5698b9
10/1/2016,Q3_1617,Lambeth,Trust MPS,2231,317654,702.3365045,0.88,high,med,#5698b9
10/1/2016,Q3_1617,Lambeth,Fair treatment,2231,317654,702.3365045,0.76,high,low,#5ac8c8
10/1/2017,Q3_1718,Lambeth,Good job,10930,317654,3440.850737,0.66,high,low,#5ac8c8
10/1/2017,Q3_1718,Lambeth,Trust MPS,10930,317654,3440.850737,0.9,high,high,#3b4994
10/1/2017,Q3_1718,Lambeth,Fair treatment,10930,317654,3440.850737,0.77,high,med,#5698b9
10/1/2018,Q3_1819,Lambeth,Good job,10788,317654,3396.14801,0.58,high,low,#5ac8c8
10/1/2018,Q3_1819,Lambeth,Trust MPS,10788,317654,3396.14801,0.83,high,low,#5ac8c8
10/1/2018,Q3_1819,Lambeth,Fair treatment,10788,317654,3396.14801,0.69,high,low,#5ac8c8
10/1/2019,Q3_1920,Lambeth,Good job,11357,317654,3575.273726,0.6,high,med,#5698b9
10/1/2019,Q3_1920,Lambeth,Trust MPS,11357,317654,3575.273726,0.8,high,low,#5ac8c8
10/1/2019,Q3_1920,Lambeth,Fair treatment,11357,317654,3575.273726,0.7,high,low,#5ac8c8
10/1/2020,Q3_2021,Lambeth,Good job,9403,317654,2960.139019,0.53,high,low,#5ac8c8
10/1/2020,Q3_2021,Lambeth,Trust MPS,9403,317654,2960.139019,0.73,high,low,#5ac8c8
10/1/2020,Q3_2021,Lambeth,Fair treatment,9403,317654,2960.139019,0.53,high,low,#5ac8c8
10/1/2021,Q3_2122,Lambeth,Good job,10341,317654,3255.428863,0.45,high,low,#5ac8c8
10/1/2021,Q3_2122,Lambeth,Trust MPS,10341,317654,3255.428863,0.67,high,low,#5ac8c8
10/1/2021,Q3_2122,Lambeth,Fair treatment,10341,317654,3255.428863,0.45,high,low,#5ac8c8
10/1/2022,Q3_2223,Lambeth,Good job,10256,317654,3228.670188,0.44,high,low,#5ac8c8
10/1/2022,Q3_2223,Lambeth,Trust MPS,10256,317654,3228.670188,0.56,high,low,#5ac8c8
10/1/2022,Q3_2223,Lambeth,Fair treatment,10256,317654,3228.670188,0.42,high,low,#5ac8c8
10/1/2023,Q3_2324,Lambeth,Good job,11000,317654,3462.887292,0.46,high,low,#5ac8c8
10/1/2023,Q3_2324,Lambeth,Trust MPS,11000,317654,3462.887292,0.63,high,low,#5ac8c8
10/1/2023,Q3_2324,Lambeth,Fair treatment,11000,317654,3462.887292,0.55,high,low,#5ac8c8
10/1/2024,Q3_2425,Lambeth,Good job,11628,317654,3660.586676,0.43,high,low,#5ac8c8
10/1/2024,Q3_2425,Lambeth,Trust MPS,11628,317654,3660.586676,0.69,high,low,#5ac8c8
10/1/2024,Q3_2425,Lambeth,Fair treatment,11628,317654,3660.586676,0.56,high,low,#5ac8c8
10/1/2025,Q3_2526,Lambeth,Good job,11036,317654,3474.220378,0.36,high,low,#5ac8c8
10/1/2025,Q3_2526,Lambeth,Trust MPS,11036,317654,3474.220378,0.66,high,low,#5ac8c8
10/1/2025,Q3_2526,Lambeth,Fair treatment,11036,317654,3474.220378,0.53,high,low,#5ac8c8
1/1/2015,Q4_1415,Lambeth,Good job,1960,317654,617.0235539,0.67,high,med,#5698b9
1/1/2015,Q4_1415,Lambeth,Fair treatment,1960,317654,617.0235539,0.67,high,low,#5ac8c8
1/1/2016,Q4_1516,Lambeth,Good job,1957,317654,616.0791301,0.7,high,med,#5698b9
1/1/2016,Q4_1516,Lambeth,Trust MPS,1957,317654,616.0791301,0.85,high,low,#5ac8c8
1/1/2016,Q4_1516,Lambeth,Fair treatment,1957,317654,616.0791301,0.69,high,low,#5ac8c8
1/1/2017,Q4_1617,Lambeth,Good job,2148,317654,676.2074458,0.67,high,low,#5ac8c8
1/1/2017,Q4_1617,Lambeth,Trust MPS,2148,317654,676.2074458,0.89,high,med,#5698b9
1/1/2017,Q4_1617,Lambeth,Fair treatment,2148,317654,676.2074458,0.76,high,low,#5ac8c8
1/1/2018,Q4_1718,Lambeth,Good job,10242,317654,3224.262877,0.64,high,low,#5ac8c8
1/1/2018,Q4_1718,Lambeth,Trust MPS,10242,317654,3224.262877,0.87,high,med,#5698b9
1/1/2018,Q4_1718,Lambeth,Fair treatment,10242,317654,3224.262877,0.73,high,low,#5ac8c8
1/1/2019,Q4_1819,Lambeth,Good job,10802,317654,3400.555321,0.61,high,med,#5698b9
1/1/2019,Q4_1819,Lambeth,Trust MPS,10802,317654,3400.555321,0.83,high,med,#5698b9
1/1/2019,Q4_1819,Lambeth,Fair treatment,10802,317654,3400.555321,0.7,high,low,#5ac8c8
1/1/2020,Q4_1920,Lambeth,Good job,10320,317654,3248.817896,0.54,high,low,#5ac8c8
1/1/2020,Q4_1920,Lambeth,Trust MPS,10320,317654,3248.817896,0.75,high,low,#5ac8c8
1/1/2020,Q4_1920,Lambeth,Fair treatment,10320,317654,3248.817896,0.62,high,low,#5ac8c8
1/1/2021,Q4_2021,Lambeth,Good job,8197,317654,2580.480649,0.54,med,med,#a5add3
1/1/2021,Q4_2021,Lambeth,Trust MPS,8197,317654,2580.480649,0.76,med,low,#ace4e4
1/1/2021,Q4_2021,Lambeth,Fair treatment,8197,317654,2580.480649,0.56,med,low,#ace4e4
1/1/2022,Q4_2122,Lambeth,Good job,9789,317654,3081.654882,0.4,high,low,#5ac8c8
1/1/2022,Q4_2122,Lambeth,Trust MPS,9789,317654,3081.654882,0.6,high,low,#5ac8c8
1/1/2022,Q4_2122,Lambeth,Fair treatment,9789,317654,3081.654882,0.39,high,low,#5ac8c8
1/1/2023,Q4_2223,Lambeth,Good job,10150,317654,3195.300547,0.48,high,low,#5ac8c8
1/1/2023,Q4_2223,Lambeth,Trust MPS,10150,317654,3195.300547,0.6,high,low,#5ac8c8
1/1/2023,Q4_2223,Lambeth,Fair treatment,10150,317654,3195.300547,0.49,high,low,#5ac8c8
1/1/2024,Q4_2324,Lambeth,Good job,11131,317654,3504.127132,0.45,high,low,#5ac8c8
1/1/2024,Q4_2324,Lambeth,Trust MPS,11131,317654,3504.127132,0.64,high,low,#5ac8c8
1/1/2024,Q4_2324,Lambeth,Fair treatment,11131,317654,3504.127132,0.55,high,low,#5ac8c8
1/1/2025,Q4_2425,Lambeth,Good job,10522,317654,3312.409099,0.43,high,low,#5ac8c8
1/1/2025,Q4_2425,Lambeth,Trust MPS,10522,317654,3312.409099,0.69,high,low,#5ac8c8
1/1/2025,Q4_2425,Lambeth,Fair treatment,10522,317654,3312.409099,0.55,high,low,#5ac8c8
1/1/2026,Q4_2526,Lambeth,Good job,10753,317654,3385.129732,0.32,high,low,#5ac8c8
1/1/2026,Q4_2526,Lambeth,Trust MPS,10753,317654,3385.129732,0.64,high,low,#5ac8c8
1/1/2026,Q4_2526,Lambeth,Fair treatment,10753,317654,3385.129732,0.49,high,low,#5ac8c8
4/1/2015,Q1_1516,Lewisham,Good job,1796,300553,597.5651549,0.62,med,low,#ace4e4
4/1/2015,Q1_1516,Lewisham,Fair treatment,1796,300553,597.5651549,0.68,med,low,#ace4e4
4/1/2016,Q1_1617,Lewisham,Good job,1820,300553,605.5504354,0.67,med,low,#ace4e4
4/1/2016,Q1_1617,Lewisham,Trust MPS,1820,300553,605.5504354,0.86,med,low,#ace4e4
4/1/2016,Q1_1617,Lewisham,Fair treatment,1820,300553,605.5504354,0.7,med,low,#ace4e4
4/1/2017,Q1_1718,Lewisham,Good job,8216,300553,2733.62768,0.66,med,low,#ace4e4
4/1/2017,Q1_1718,Lewisham,Trust MPS,8216,300553,2733.62768,0.85,med,low,#ace4e4
4/1/2017,Q1_1718,Lewisham,Fair treatment,8216,300553,2733.62768,0.74,med,low,#ace4e4
4/1/2018,Q1_1819,Lewisham,Good job,8118,300553,2701.021118,0.65,med,med,#a5add3
4/1/2018,Q1_1819,Lewisham,Trust MPS,8118,300553,2701.021118,0.83,med,low,#ace4e4
4/1/2018,Q1_1819,Lewisham,Fair treatment,8118,300553,2701.021118,0.72,med,low,#ace4e4
4/1/2019,Q1_1920,Lewisham,Good job,9387,300553,3123.242822,0.64,med,high,#8c62aa
4/1/2019,Q1_1920,Lewisham,Trust MPS,9387,300553,3123.242822,0.81,med,low,#ace4e4
4/1/2019,Q1_1920,Lewisham,Fair treatment,9387,300553,3123.242822,0.75,med,low,#ace4e4
4/1/2020,Q1_2021,Lewisham,Good job,8625,300553,2869.710168,0.59,high,med,#5698b9
4/1/2020,Q1_2021,Lewisham,Trust MPS,8625,300553,2869.710168,0.73,high,low,#5ac8c8
4/1/2020,Q1_2021,Lewisham,Fair treatment,8625,300553,2869.710168,0.6,high,low,#5ac8c8
4/1/2021,Q1_2122,Lewisham,Good job,8807,300553,2930.265211,0.46,med,low,#ace4e4
4/1/2021,Q1_2122,Lewisham,Trust MPS,8807,300553,2930.265211,0.68,med,low,#ace4e4
4/1/2021,Q1_2122,Lewisham,Fair treatment,8807,300553,2930.265211,0.55,med,low,#ace4e4
4/1/2022,Q1_2223,Lewisham,Good job,8953,300553,2978.842334,0.4,med,low,#ace4e4
4/1/2022,Q1_2223,Lewisham,Trust MPS,8953,300553,2978.842334,0.64,med,low,#ace4e4
4/1/2022,Q1_2223,Lewisham,Fair treatment,8953,300553,2978.842334,0.5,med,low,#ace4e4
4/1/2023,Q1_2324,Lewisham,Good job,10204,300553,3395.075078,0.41,high,low,#5ac8c8
4/1/2023,Q1_2324,Lewisham,Trust MPS,10204,300553,3395.075078,0.59,high,low,#5ac8c8
4/1/2023,Q1_2324,Lewisham,Fair treatment,10204,300553,3395.075078,0.5,high,low,#5ac8c8
4/1/2024,Q1_2425,Lewisham,Good job,10009,300553,3330.194674,0.46,med,med,#a5add3
4/1/2024,Q1_2425,Lewisham,Trust MPS,10009,300553,3330.194674,0.63,med,low,#ace4e4
4/1/2024,Q1_2425,Lewisham,Fair treatment,10009,300553,3330.194674,0.56,med,low,#ace4e4
4/1/2025,Q1_2526,Lewisham,Good job,9872,300553,3284.612032,0.38,med,low,#ace4e4
4/1/2025,Q1_2526,Lewisham,Trust MPS,9872,300553,3284.612032,0.65,med,low,#ace4e4
4/1/2025,Q1_2526,Lewisham,Fair treatment,9872,300553,3284.612032,0.54,med,low,#ace4e4
7/1/2015,Q2_1516,Lewisham,Good job,1842,300553,612.8702758,0.61,med,low,#ace4e4
7/1/2015,Q2_1516,Lewisham,Fair treatment,1842,300553,612.8702758,0.69,med,low,#ace4e4
7/1/2016,Q2_1617,Lewisham,Good job,2034,300553,676.7525195,0.68,med,low,#ace4e4
7/1/2016,Q2_1617,Lewisham,Trust MPS,2034,300553,676.7525195,0.88,med,med,#a5add3
7/1/2016,Q2_1617,Lewisham,Fair treatment,2034,300553,676.7525195,0.72,med,low,#ace4e4
7/1/2017,Q2_1718,Lewisham,Good job,8286,300553,2756.918081,0.66,med,med,#a5add3
7/1/2017,Q2_1718,Lewisham,Trust MPS,8286,300553,2756.918081,0.85,med,low,#ace4e4
7/1/2017,Q2_1718,Lewisham,Fair treatment,8286,300553,2756.918081,0.71,med,low,#ace4e4
7/1/2018,Q2_1819,Lewisham,Good job,8478,300553,2820.800325,0.65,med,med,#a5add3
7/1/2018,Q2_1819,Lewisham,Trust MPS,8478,300553,2820.800325,0.81,med,low,#ace4e4
7/1/2018,Q2_1819,Lewisham,Fair treatment,8478,300553,2820.800325,0.72,med,low,#ace4e4
7/1/2019,Q2_1920,Lewisham,Good job,9968,300553,3316.553154,0.61,med,med,#a5add3
7/1/2019,Q2_1920,Lewisham,Trust MPS,9968,300553,3316.553154,0.8,med,low,#ace4e4
7/1/2019,Q2_1920,Lewisham,Fair treatment,9968,300553,3316.553154,0.73,med,low,#ace4e4
7/1/2020,Q2_2021,Lewisham,Good job,9732,300553,3238.031229,0.57,high,med,#5698b9
7/1/2020,Q2_2021,Lewisham,Trust MPS,9732,300553,3238.031229,0.69,high,low,#5ac8c8
7/1/2020,Q2_2021,Lewisham,Fair treatment,9732,300553,3238.031229,0.58,high,low,#5ac8c8
7/1/2021,Q2_2122,Lewisham,Good job,8638,300553,2874.035528,0.43,med,low,#ace4e4
7/1/2021,Q2_2122,Lewisham,Trust MPS,8638,300553,2874.035528,0.68,med,low,#ace4e4
7/1/2021,Q2_2122,Lewisham,Fair treatment,8638,300553,2874.035528,0.55,med,low,#ace4e4
7/1/2022,Q2_2223,Lewisham,Good job,9151,300553,3044.720898,0.43,high,low,#5ac8c8
7/1/2022,Q2_2223,Lewisham,Trust MPS,9151,300553,3044.720898,0.65,high,low,#5ac8c8
7/1/2022,Q2_2223,Lewisham,Fair treatment,9151,300553,3044.720898,0.53,high,low,#5ac8c8
7/1/2023,Q2_2324,Lewisham,Good job,10097,300553,3359.474036,0.42,med,low,#ace4e4
7/1/2023,Q2_2324,Lewisham,Trust MPS,10097,300553,3359.474036,0.57,med,low,#ace4e4
7/1/2023,Q2_2324,Lewisham,Fair treatment,10097,300553,3359.474036,0.51,med,low,#ace4e4
7/1/2024,Q2_2425,Lewisham,Good job,10182,300553,3387.755238,0.41,med,low,#ace4e4
7/1/2024,Q2_2425,Lewisham,Trust MPS,10182,300553,3387.755238,0.62,med,low,#ace4e4
7/1/2024,Q2_2425,Lewisham,Fair treatment,10182,300553,3387.755238,0.55,med,low,#ace4e4
7/1/2025,Q2_2526,Lewisham,Good job,9615,300553,3199.102987,0.43,med,low,#ace4e4
7/1/2025,Q2_2526,Lewisham,Trust MPS,9615,300553,3199.102987,0.64,med,low,#ace4e4
7/1/2025,Q2_2526,Lewisham,Fair treatment,9615,300553,3199.102987,0.55,med,low,#ace4e4
10/1/2015,Q3_1516,Lewisham,Good job,1858,300553,618.1937961,0.62,med,low,#ace4e4
10/1/2015,Q3_1516,Lewisham,Fair treatment,1858,300553,618.1937961,0.72,med,low,#ace4e4
10/1/2016,Q3_1617,Lewisham,Good job,1944,300553,646.8077178,0.67,high,low,#5ac8c8
10/1/2016,Q3_1617,Lewisham,Trust MPS,1944,300553,646.8077178,0.87,high,low,#5ac8c8
10/1/2016,Q3_1617,Lewisham,Fair treatment,1944,300553,646.8077178,0.72,high,low,#5ac8c8
10/1/2017,Q3_1718,Lewisham,Good job,7790,300553,2591.888951,0.67,med,med,#a5add3
10/1/2017,Q3_1718,Lewisham,Trust MPS,7790,300553,2591.888951,0.86,med,low,#ace4e4
10/1/2017,Q3_1718,Lewisham,Fair treatment,7790,300553,2591.888951,0.71,med,low,#ace4e4
10/1/2018,Q3_1819,Lewisham,Good job,8786,300553,2923.278091,0.67,med,med,#a5add3
10/1/2018,Q3_1819,Lewisham,Trust MPS,8786,300553,2923.278091,0.81,med,low,#ace4e4
10/1/2018,Q3_1819,Lewisham,Fair treatment,8786,300553,2923.278091,0.75,med,low,#ace4e4
10/1/2019,Q3_1920,Lewisham,Good job,9446,300553,3142.873304,0.58,med,med,#a5add3
10/1/2019,Q3_1920,Lewisham,Trust MPS,9446,300553,3142.873304,0.8,med,low,#ace4e4
10/1/2019,Q3_1920,Lewisham,Fair treatment,9446,300553,3142.873304,0.7,med,low,#ace4e4
10/1/2020,Q3_2021,Lewisham,Good job,8746,300553,2909.96929,0.53,med,low,#ace4e4
10/1/2020,Q3_2021,Lewisham,Trust MPS,8746,300553,2909.96929,0.65,med,low,#ace4e4
10/1/2020,Q3_2021,Lewisham,Fair treatment,8746,300553,2909.96929,0.56,med,low,#ace4e4
10/1/2021,Q3_2122,Lewisham,Good job,8977,300553,2986.827614,0.44,med,low,#ace4e4
10/1/2021,Q3_2122,Lewisham,Trust MPS,8977,300553,2986.827614,0.68,med,low,#ace4e4
10/1/2021,Q3_2122,Lewisham,Fair treatment,8977,300553,2986.827614,0.52,med,low,#ace4e4
10/1/2022,Q3_2223,Lewisham,Good job,8622,300553,2868.712008,0.39,med,low,#ace4e4
10/1/2022,Q3_2223,Lewisham,Trust MPS,8622,300553,2868.712008,0.64,med,low,#ace4e4
10/1/2022,Q3_2223,Lewisham,Fair treatment,8622,300553,2868.712008,0.52,med,low,#ace4e4
10/1/2023,Q3_2324,Lewisham,Good job,9199,300553,3060.691459,0.45,med,low,#ace4e4
10/1/2023,Q3_2324,Lewisham,Trust MPS,9199,300553,3060.691459,0.56,med,low,#ace4e4
10/1/2023,Q3_2324,Lewisham,Fair treatment,9199,300553,3060.691459,0.5,med,low,#ace4e4
10/1/2024,Q3_2425,Lewisham,Good job,9729,300553,3237.033069,0.38,med,low,#ace4e4
10/1/2024,Q3_2425,Lewisham,Trust MPS,9729,300553,3237.033069,0.62,med,low,#ace4e4
10/1/2024,Q3_2425,Lewisham,Fair treatment,9729,300553,3237.033069,0.52,med,low,#ace4e4
10/1/2025,Q3_2526,Lewisham,Good job,9397,300553,3126.570023,0.46,med,med,#a5add3
10/1/2025,Q3_2526,Lewisham,Trust MPS,9397,300553,3126.570023,0.63,med,low,#ace4e4
10/1/2025,Q3_2526,Lewisham,Fair treatment,9397,300553,3126.570023,0.58,med,low,#ace4e4
1/1/2015,Q4_1415,Lewisham,Good job,1613,300553,536.6773913,0.62,med,low,#ace4e4
1/1/2015,Q4_1415,Lewisham,Fair treatment,1613,300553,536.6773913,0.67,med,low,#ace4e4
1/1/2016,Q4_1516,Lewisham,Good job,1702,300553,566.2894731,0.66,med,low,#ace4e4
1/1/2016,Q4_1516,Lewisham,Trust MPS,1702,300553,566.2894731,0.84,med,low,#ace4e4
1/1/2016,Q4_1516,Lewisham,Fair treatment,1702,300553,566.2894731,0.72,med,low,#ace4e4
1/1/2017,Q4_1617,Lewisham,Good job,1890,300553,628.8408367,0.66,med,low,#ace4e4
1/1/2017,Q4_1617,Lewisham,Trust MPS,1890,300553,628.8408367,0.86,med,low,#ace4e4
1/1/2017,Q4_1617,Lewisham,Fair treatment,1890,300553,628.8408367,0.74,med,low,#ace4e4
1/1/2018,Q4_1718,Lewisham,Good job,7704,300553,2563.27503,0.68,med,med,#a5add3
1/1/2018,Q4_1718,Lewisham,Trust MPS,7704,300553,2563.27503,0.83,med,low,#ace4e4
1/1/2018,Q4_1718,Lewisham,Fair treatment,7704,300553,2563.27503,0.7,med,low,#ace4e4
1/1/2019,Q4_1819,Lewisham,Good job,8710,300553,2897.991369,0.62,med,med,#a5add3
1/1/2019,Q4_1819,Lewisham,Trust MPS,8710,300553,2897.991369,0.83,med,med,#a5add3
1/1/2019,Q4_1819,Lewisham,Fair treatment,8710,300553,2897.991369,0.73,med,low,#ace4e4
1/1/2020,Q4_1920,Lewisham,Good job,8605,300553,2863.055767,0.58,med,med,#a5add3
1/1/2020,Q4_1920,Lewisham,Trust MPS,8605,300553,2863.055767,0.74,med,low,#ace4e4
1/1/2020,Q4_1920,Lewisham,Fair treatment,8605,300553,2863.055767,0.65,med,low,#ace4e4
1/1/2021,Q4_2021,Lewisham,Good job,7815,300553,2600.206952,0.5,high,low,#5ac8c8
1/1/2021,Q4_2021,Lewisham,Trust MPS,7815,300553,2600.206952,0.67,high,low,#5ac8c8
1/1/2021,Q4_2021,Lewisham,Fair treatment,7815,300553,2600.206952,0.58,high,low,#5ac8c8
1/1/2022,Q4_2122,Lewisham,Good job,8662,300553,2882.020808,0.4,med,low,#ace4e4
1/1/2022,Q4_2122,Lewisham,Trust MPS,8662,300553,2882.020808,0.67,med,low,#ace4e4
1/1/2022,Q4_2122,Lewisham,Fair treatment,8662,300553,2882.020808,0.49,med,low,#ace4e4
1/1/2023,Q4_2223,Lewisham,Good job,9166,300553,3049.711698,0.42,high,low,#5ac8c8
1/1/2023,Q4_2223,Lewisham,Trust MPS,9166,300553,3049.711698,0.61,high,low,#5ac8c8
1/1/2023,Q4_2223,Lewisham,Fair treatment,9166,300553,3049.711698,0.53,high,low,#5ac8c8
1/1/2024,Q4_2324,Lewisham,Good job,9458,300553,3146.865944,0.46,med,med,#a5add3
1/1/2024,Q4_2324,Lewisham,Trust MPS,9458,300553,3146.865944,0.59,med,low,#ace4e4
1/1/2024,Q4_2324,Lewisham,Fair treatment,9458,300553,3146.865944,0.53,med,low,#ace4e4
1/1/2025,Q4_2425,Lewisham,Good job,8703,300553,2895.662329,0.38,med,low,#ace4e4
1/1/2025,Q4_2425,Lewisham,Trust MPS,8703,300553,2895.662329,0.64,med,low,#ace4e4
1/1/2025,Q4_2425,Lewisham,Fair treatment,8703,300553,2895.662329,0.53,med,low,#ace4e4
1/1/2026,Q4_2526,Lewisham,Good job,9015,300553,2999.470975,0.45,high,med,#5698b9
1/1/2026,Q4_2526,Lewisham,Trust MPS,9015,300553,2999.470975,0.6,high,low,#5ac8c8
1/1/2026,Q4_2526,Lewisham,Fair treatment,9015,300553,2999.470975,0.53,high,low,#5ac8c8
4/1/2015,Q1_1516,Merton,Good job,776,215187,360.61658,0.67,low,med,#dfb0d6
4/1/2015,Q1_1516,Merton,Fair treatment,776,215187,360.61658,0.68,low,low,#e8e8e8
4/1/2016,Q1_1617,Merton,Good job,859,215187,399.1876833,0.68,low,low,#e8e8e8
4/1/2016,Q1_1617,Merton,Trust MPS,859,215187,399.1876833,0.87,low,med,#dfb0d6
4/1/2016,Q1_1617,Merton,Fair treatment,859,215187,399.1876833,0.7,low,low,#e8e8e8
4/1/2017,Q1_1718,Merton,Good job,4371,215187,2031.256535,0.66,low,low,#e8e8e8
4/1/2017,Q1_1718,Merton,Trust MPS,4371,215187,2031.256535,0.89,low,med,#dfb0d6
4/1/2017,Q1_1718,Merton,Fair treatment,4371,215187,2031.256535,0.78,low,med,#dfb0d6
4/1/2018,Q1_1819,Merton,Good job,4151,215187,1929.019876,0.75,low,high,#be64ac
4/1/2018,Q1_1819,Merton,Trust MPS,4151,215187,1929.019876,0.89,low,high,#be64ac
4/1/2018,Q1_1819,Merton,Fair treatment,4151,215187,1929.019876,0.77,low,med,#dfb0d6
4/1/2019,Q1_1920,Merton,Good job,4330,215187,2012.203339,0.66,low,high,#be64ac
4/1/2019,Q1_1920,Merton,Trust MPS,4330,215187,2012.203339,0.88,low,high,#be64ac
4/1/2019,Q1_1920,Merton,Fair treatment,4330,215187,2012.203339,0.82,low,high,#be64ac
4/1/2020,Q1_2021,Merton,Good job,3970,215187,1844.906988,0.68,low,high,#be64ac
4/1/2020,Q1_2021,Merton,Trust MPS,3970,215187,1844.906988,0.85,low,med,#dfb0d6
4/1/2020,Q1_2021,Merton,Fair treatment,3970,215187,1844.906988,0.79,low,med,#dfb0d6
4/1/2021,Q1_2122,Merton,Good job,4221,215187,1961.549722,0.6,low,high,#be64ac
4/1/2021,Q1_2122,Merton,Trust MPS,4221,215187,1961.549722,0.79,low,med,#dfb0d6
4/1/2021,Q1_2122,Merton,Fair treatment,4221,215187,1961.549722,0.69,low,med,#dfb0d6
4/1/2022,Q1_2223,Merton,Good job,4520,215187,2100.498636,0.5,low,med,#dfb0d6
4/1/2022,Q1_2223,Merton,Trust MPS,4520,215187,2100.498636,0.75,low,med,#dfb0d6
4/1/2022,Q1_2223,Merton,Fair treatment,4520,215187,2100.498636,0.58,low,low,#e8e8e8
4/1/2023,Q1_2324,Merton,Good job,4531,215187,2105.610469,0.54,low,high,#be64ac
4/1/2023,Q1_2324,Merton,Trust MPS,4531,215187,2105.610469,0.77,low,high,#be64ac
4/1/2023,Q1_2324,Merton,Fair treatment,4531,215187,2105.610469,0.69,low,high,#be64ac
4/1/2024,Q1_2425,Merton,Good job,4364,215187,2028.00355,0.54,low,high,#be64ac
4/1/2024,Q1_2425,Merton,Trust MPS,4364,215187,2028.00355,0.76,low,high,#be64ac
4/1/2024,Q1_2425,Merton,Fair treatment,4364,215187,2028.00355,0.63,low,med,#dfb0d6
4/1/2025,Q1_2526,Merton,Good job,4534,215187,2107.004605,0.55,low,high,#be64ac
4/1/2025,Q1_2526,Merton,Trust MPS,4534,215187,2107.004605,0.83,low,high,#be64ac
4/1/2025,Q1_2526,Merton,Fair treatment,4534,215187,2107.004605,0.67,low,med,#dfb0d6
7/1/2015,Q2_1516,Merton,Good job,883,215187,410.3407734,0.67,low,med,#dfb0d6
7/1/2015,Q2_1516,Merton,Fair treatment,883,215187,410.3407734,0.68,low,low,#e8e8e8
7/1/2016,Q2_1617,Merton,Good job,906,215187,421.0291514,0.66,low,low,#e8e8e8
7/1/2016,Q2_1617,Merton,Trust MPS,906,215187,421.0291514,0.87,low,med,#dfb0d6
7/1/2016,Q2_1617,Merton,Fair treatment,906,215187,421.0291514,0.73,low,low,#e8e8e8
7/1/2017,Q2_1718,Merton,Good job,4269,215187,1983.855902,0.7,low,med,#dfb0d6
7/1/2017,Q2_1718,Merton,Trust MPS,4269,215187,1983.855902,0.89,low,med,#dfb0d6
7/1/2017,Q2_1718,Merton,Fair treatment,4269,215187,1983.855902,0.78,low,med,#dfb0d6
7/1/2018,Q2_1819,Merton,Good job,4383,215187,2036.83308,0.72,low,high,#be64ac
7/1/2018,Q2_1819,Merton,Trust MPS,4383,215187,2036.83308,0.89,low,high,#be64ac
7/1/2018,Q2_1819,Merton,Fair treatment,4383,215187,2036.83308,0.79,low,med,#dfb0d6
7/1/2019,Q2_1920,Merton,Good job,4898,215187,2276.159805,0.67,low,high,#be64ac
7/1/2019,Q2_1920,Merton,Trust MPS,4898,215187,2276.159805,0.89,low,high,#be64ac
7/1/2019,Q2_1920,Merton,Fair treatment,4898,215187,2276.159805,0.82,low,high,#be64ac
7/1/2020,Q2_2021,Merton,Good job,4763,215187,2213.423673,0.66,low,high,#be64ac
7/1/2020,Q2_2021,Merton,Trust MPS,4763,215187,2213.423673,0.83,low,med,#dfb0d6
7/1/2020,Q2_2021,Merton,Fair treatment,4763,215187,2213.423673,0.73,low,med,#dfb0d6
7/1/2021,Q2_2122,Merton,Good job,4403,215187,2046.127322,0.55,low,med,#dfb0d6
7/1/2021,Q2_2122,Merton,Trust MPS,4403,215187,2046.127322,0.78,low,med,#dfb0d6
7/1/2021,Q2_2122,Merton,Fair treatment,4403,215187,2046.127322,0.64,low,low,#e8e8e8
7/1/2022,Q2_2223,Merton,Good job,4671,215187,2170.670161,0.52,low,med,#dfb0d6
7/1/2022,Q2_2223,Merton,Trust MPS,4671,215187,2170.670161,0.76,low,high,#be64ac
7/1/2022,Q2_2223,Merton,Fair treatment,4671,215187,2170.670161,0.65,low,med,#dfb0d6
7/1/2023,Q2_2324,Merton,Good job,4894,215187,2274.300957,0.52,low,high,#be64ac
7/1/2023,Q2_2324,Merton,Trust MPS,4894,215187,2274.300957,0.75,low,high,#be64ac
7/1/2023,Q2_2324,Merton,Fair treatment,4894,215187,2274.300957,0.66,low,med,#dfb0d6
7/1/2024,Q2_2425,Merton,Good job,4905,215187,2279.41279,0.57,low,high,#be64ac
7/1/2024,Q2_2425,Merton,Trust MPS,4905,215187,2279.41279,0.78,low,high,#be64ac
7/1/2024,Q2_2425,Merton,Fair treatment,4905,215187,2279.41279,0.65,low,med,#dfb0d6
7/1/2025,Q2_2526,Merton,Good job,4526,215187,2103.286909,0.56,low,high,#be64ac
7/1/2025,Q2_2526,Merton,Trust MPS,4526,215187,2103.286909,0.85,low,high,#be64ac
7/1/2025,Q2_2526,Merton,Fair treatment,4526,215187,2103.286909,0.69,low,med,#dfb0d6
10/1/2015,Q3_1516,Merton,Good job,887,215187,412.1996217,0.64,low,low,#e8e8e8
10/1/2015,Q3_1516,Merton,Fair treatment,887,215187,412.1996217,0.67,low,low,#e8e8e8
10/1/2016,Q3_1617,Merton,Good job,770,215187,357.8283075,0.64,low,low,#e8e8e8
10/1/2016,Q3_1617,Merton,Trust MPS,770,215187,357.8283075,0.88,low,med,#dfb0d6
10/1/2016,Q3_1617,Merton,Fair treatment,770,215187,357.8283075,0.76,low,low,#e8e8e8
10/1/2017,Q3_1718,Merton,Good job,4234,215187,1967.590979,0.76,low,high,#be64ac
10/1/2017,Q3_1718,Merton,Trust MPS,4234,215187,1967.590979,0.9,low,high,#be64ac
10/1/2017,Q3_1718,Merton,Fair treatment,4234,215187,1967.590979,0.8,low,med,#dfb0d6
10/1/2018,Q3_1819,Merton,Good job,4636,215187,2154.405238,0.71,low,high,#be64ac
10/1/2018,Q3_1819,Merton,Trust MPS,4636,215187,2154.405238,0.87,low,med,#dfb0d6
10/1/2018,Q3_1819,Merton,Fair treatment,4636,215187,2154.405238,0.78,low,med,#dfb0d6
10/1/2019,Q3_1920,Merton,Good job,4518,215187,2099.569212,0.64,low,high,#be64ac
10/1/2019,Q3_1920,Merton,Trust MPS,4518,215187,2099.569212,0.88,low,high,#be64ac
10/1/2019,Q3_1920,Merton,Fair treatment,4518,215187,2099.569212,0.79,low,med,#dfb0d6
10/1/2020,Q3_2021,Merton,Good job,4285,215187,1991.291295,0.64,low,high,#be64ac
10/1/2020,Q3_2021,Merton,Trust MPS,4285,215187,1991.291295,0.8,low,med,#dfb0d6
10/1/2020,Q3_2021,Merton,Fair treatment,4285,215187,1991.291295,0.72,low,med,#dfb0d6
10/1/2021,Q3_2122,Merton,Good job,4079,215187,1895.560605,0.52,low,med,#dfb0d6
10/1/2021,Q3_2122,Merton,Trust MPS,4079,215187,1895.560605,0.77,low,med,#dfb0d6
10/1/2021,Q3_2122,Merton,Fair treatment,4079,215187,1895.560605,0.61,low,low,#e8e8e8
10/1/2022,Q3_2223,Merton,Good job,4317,215187,2006.162082,0.53,low,high,#be64ac
10/1/2022,Q3_2223,Merton,Trust MPS,4317,215187,2006.162082,0.77,low,high,#be64ac
10/1/2022,Q3_2223,Merton,Fair treatment,4317,215187,2006.162082,0.69,low,high,#be64ac
10/1/2023,Q3_2324,Merton,Good job,4534,215187,2107.004605,0.51,low,high,#be64ac
10/1/2023,Q3_2324,Merton,Trust MPS,4534,215187,2107.004605,0.73,low,med,#dfb0d6
10/1/2023,Q3_2324,Merton,Fair treatment,4534,215187,2107.004605,0.65,low,high,#be64ac
10/1/2024,Q3_2425,Merton,Good job,4387,215187,2038.691928,0.58,low,high,#be64ac
10/1/2024,Q3_2425,Merton,Trust MPS,4387,215187,2038.691928,0.81,low,high,#be64ac
10/1/2024,Q3_2425,Merton,Fair treatment,4387,215187,2038.691928,0.65,low,med,#dfb0d6
10/1/2025,Q3_2526,Merton,Good job,4213,215187,1957.832025,0.54,low,high,#be64ac
10/1/2025,Q3_2526,Merton,Trust MPS,4213,215187,1957.832025,0.82,low,high,#be64ac
10/1/2025,Q3_2526,Merton,Fair treatment,4213,215187,1957.832025,0.68,low,med,#dfb0d6
1/1/2015,Q4_1415,Merton,Good job,744,215187,345.7457932,0.7,low,med,#dfb0d6
1/1/2015,Q4_1415,Merton,Fair treatment,744,215187,345.7457932,0.74,low,med,#dfb0d6
1/1/2016,Q4_1516,Merton,Good job,886,215187,411.7349096,0.68,low,med,#dfb0d6
1/1/2016,Q4_1516,Merton,Trust MPS,886,215187,411.7349096,0.86,low,med,#dfb0d6
1/1/2016,Q4_1516,Merton,Fair treatment,886,215187,411.7349096,0.67,low,low,#e8e8e8
1/1/2017,Q4_1617,Merton,Good job,782,215187,363.4048525,0.62,low,low,#e8e8e8
1/1/2017,Q4_1617,Merton,Trust MPS,782,215187,363.4048525,0.87,low,low,#e8e8e8
1/1/2017,Q4_1617,Merton,Fair treatment,782,215187,363.4048525,0.77,low,med,#dfb0d6
1/1/2018,Q4_1718,Merton,Good job,4101,215187,1905.784271,0.79,low,high,#be64ac
1/1/2018,Q4_1718,Merton,Trust MPS,4101,215187,1905.784271,0.9,low,high,#be64ac
1/1/2018,Q4_1718,Merton,Fair treatment,4101,215187,1905.784271,0.78,low,med,#dfb0d6
1/1/2019,Q4_1819,Merton,Good job,4425,215187,2056.350988,0.68,low,high,#be64ac
1/1/2019,Q4_1819,Merton,Trust MPS,4425,215187,2056.350988,0.89,low,high,#be64ac
1/1/2019,Q4_1819,Merton,Fair treatment,4425,215187,2056.350988,0.82,low,high,#be64ac
1/1/2020,Q4_1920,Merton,Good job,4434,215187,2060.533397,0.67,low,high,#be64ac
1/1/2020,Q4_1920,Merton,Trust MPS,4434,215187,2060.533397,0.85,low,med,#dfb0d6
1/1/2020,Q4_1920,Merton,Fair treatment,4434,215187,2060.533397,0.8,low,med,#dfb0d6
1/1/2021,Q4_2021,Merton,Good job,3777,215187,1755.217555,0.61,low,high,#be64ac
1/1/2021,Q4_2021,Merton,Trust MPS,3777,215187,1755.217555,0.81,low,med,#dfb0d6
1/1/2021,Q4_2021,Merton,Fair treatment,3777,215187,1755.217555,0.7,low,med,#dfb0d6
1/1/2022,Q4_2122,Merton,Good job,4215,215187,1958.761449,0.49,low,med,#dfb0d6
1/1/2022,Q4_2122,Merton,Trust MPS,4215,215187,1958.761449,0.74,low,med,#dfb0d6
1/1/2022,Q4_2122,Merton,Fair treatment,4215,215187,1958.761449,0.59,low,med,#dfb0d6
1/1/2023,Q4_2223,Merton,Good job,4146,215187,1926.696315,0.54,low,high,#be64ac
1/1/2023,Q4_2223,Merton,Trust MPS,4146,215187,1926.696315,0.77,low,high,#be64ac
1/1/2023,Q4_2223,Merton,Fair treatment,4146,215187,1926.696315,0.68,low,high,#be64ac
1/1/2024,Q4_2324,Merton,Good job,4358,215187,2025.215278,0.53,low,high,#be64ac
1/1/2024,Q4_2324,Merton,Trust MPS,4358,215187,2025.215278,0.75,low,high,#be64ac
1/1/2024,Q4_2324,Merton,Fair treatment,4358,215187,2025.215278,0.63,low,med,#dfb0d6
1/1/2025,Q4_2425,Merton,Good job,4181,215187,1942.961238,0.56,low,high,#be64ac
1/1/2025,Q4_2425,Merton,Trust MPS,4181,215187,1942.961238,0.82,low,high,#be64ac
1/1/2025,Q4_2425,Merton,Fair treatment,4181,215187,1942.961238,0.65,low,med,#dfb0d6
1/1/2026,Q4_2526,Merton,Good job,3881,215187,1803.547612,0.54,low,high,#be64ac
1/1/2026,Q4_2526,Merton,Trust MPS,3881,215187,1803.547612,0.81,low,high,#be64ac
1/1/2026,Q4_2526,Merton,Fair treatment,3881,215187,1803.547612,0.69,low,high,#be64ac
4/1/2015,Q1_1516,Newham,Good job,2036,351036,579.9974931,0.65,med,med,#a5add3
4/1/2015,Q1_1516,Newham,Fair treatment,2036,351036,579.9974931,0.76,med,med,#a5add3
4/1/2016,Q1_1617,Newham,Good job,2057,351036,585.9797855,0.69,med,med,#a5add3
4/1/2016,Q1_1617,Newham,Trust MPS,2057,351036,585.9797855,0.86,med,low,#ace4e4
4/1/2016,Q1_1617,Newham,Fair treatment,2057,351036,585.9797855,0.8,med,high,#8c62aa
4/1/2017,Q1_1718,Newham,Good job,10456,351036,2978.61188,0.7,high,med,#5698b9
4/1/2017,Q1_1718,Newham,Trust MPS,10456,351036,2978.61188,0.89,high,med,#5698b9
4/1/2017,Q1_1718,Newham,Fair treatment,10456,351036,2978.61188,0.77,high,med,#5698b9
4/1/2018,Q1_1819,Newham,Good job,11446,351036,3260.634237,0.66,high,med,#5698b9
4/1/2018,Q1_1819,Newham,Trust MPS,11446,351036,3260.634237,0.86,high,med,#5698b9
4/1/2018,Q1_1819,Newham,Fair treatment,11446,351036,3260.634237,0.84,high,high,#3b4994
4/1/2019,Q1_1920,Newham,Good job,11515,351036,3280.290341,0.58,high,low,#5ac8c8
4/1/2019,Q1_1920,Newham,Trust MPS,11515,351036,3280.290341,0.87,high,high,#3b4994
4/1/2019,Q1_1920,Newham,Fair treatment,11515,351036,3280.290341,0.86,high,high,#3b4994
4/1/2020,Q1_2021,Newham,Good job,9215,351036,2625.086886,0.55,med,low,#ace4e4
4/1/2020,Q1_2021,Newham,Trust MPS,9215,351036,2625.086886,0.79,med,low,#ace4e4
4/1/2020,Q1_2021,Newham,Fair treatment,9215,351036,2625.086886,0.8,med,med,#a5add3
4/1/2021,Q1_2122,Newham,Good job,10207,351036,2907.678984,0.47,med,low,#ace4e4
4/1/2021,Q1_2122,Newham,Trust MPS,10207,351036,2907.678984,0.81,med,med,#a5add3
4/1/2021,Q1_2122,Newham,Fair treatment,10207,351036,2907.678984,0.75,med,high,#8c62aa
4/1/2022,Q1_2223,Newham,Good job,10528,351036,2999.122597,0.44,med,low,#ace4e4
4/1/2022,Q1_2223,Newham,Trust MPS,10528,351036,2999.122597,0.68,med,low,#ace4e4
4/1/2022,Q1_2223,Newham,Fair treatment,10528,351036,2999.122597,0.6,med,med,#a5add3
4/1/2023,Q1_2324,Newham,Good job,11680,351036,3327.294067,0.46,med,low,#ace4e4
4/1/2023,Q1_2324,Newham,Trust MPS,11680,351036,3327.294067,0.71,med,med,#a5add3
4/1/2023,Q1_2324,Newham,Fair treatment,11680,351036,3327.294067,0.61,med,med,#a5add3
4/1/2024,Q1_2425,Newham,Good job,12557,351036,3577.125993,0.46,high,med,#5698b9
4/1/2024,Q1_2425,Newham,Trust MPS,12557,351036,3577.125993,0.79,high,high,#3b4994
4/1/2024,Q1_2425,Newham,Fair treatment,12557,351036,3577.125993,0.67,high,high,#3b4994
4/1/2025,Q1_2526,Newham,Good job,12554,351036,3576.27138,0.43,high,low,#5ac8c8
4/1/2025,Q1_2526,Newham,Trust MPS,12554,351036,3576.27138,0.75,high,med,#5698b9
4/1/2025,Q1_2526,Newham,Fair treatment,12554,351036,3576.27138,0.7,high,high,#3b4994
7/1/2015,Q2_1516,Newham,Good job,2252,351036,641.5296437,0.63,high,low,#5ac8c8
7/1/2015,Q2_1516,Newham,Fair treatment,2252,351036,641.5296437,0.79,high,high,#3b4994
7/1/2016,Q2_1617,Newham,Good job,2391,351036,681.126722,0.75,med,high,#8c62aa
7/1/2016,Q2_1617,Newham,Trust MPS,2391,351036,681.126722,0.88,med,med,#a5add3
7/1/2016,Q2_1617,Newham,Fair treatment,2391,351036,681.126722,0.78,med,med,#a5add3
7/1/2017,Q2_1718,Newham,Good job,11077,351036,3155.516813,0.7,high,med,#5698b9
7/1/2017,Q2_1718,Newham,Trust MPS,11077,351036,3155.516813,0.88,high,med,#5698b9
7/1/2017,Q2_1718,Newham,Fair treatment,11077,351036,3155.516813,0.82,high,high,#3b4994
7/1/2018,Q2_1819,Newham,Good job,11272,351036,3211.066671,0.61,high,med,#5698b9
7/1/2018,Q2_1819,Newham,Trust MPS,11272,351036,3211.066671,0.84,high,low,#5ac8c8
7/1/2018,Q2_1819,Newham,Fair treatment,11272,351036,3211.066671,0.82,high,high,#3b4994
7/1/2019,Q2_1920,Newham,Good job,11339,351036,3230.153033,0.58,med,med,#a5add3
7/1/2019,Q2_1920,Newham,Trust MPS,11339,351036,3230.153033,0.87,med,high,#8c62aa
7/1/2019,Q2_1920,Newham,Fair treatment,11339,351036,3230.153033,0.86,med,high,#8c62aa
7/1/2020,Q2_2021,Newham,Good job,11276,351036,3212.206155,0.53,med,low,#ace4e4
7/1/2020,Q2_2021,Newham,Trust MPS,11276,351036,3212.206155,0.77,med,low,#ace4e4
7/1/2020,Q2_2021,Newham,Fair treatment,11276,351036,3212.206155,0.79,med,med,#a5add3
7/1/2021,Q2_2122,Newham,Good job,10518,351036,2996.273886,0.45,high,low,#5ac8c8
7/1/2021,Q2_2122,Newham,Trust MPS,10518,351036,2996.273886,0.8,high,med,#5698b9
7/1/2021,Q2_2122,Newham,Fair treatment,10518,351036,2996.273886,0.73,high,high,#3b4994
7/1/2022,Q2_2223,Newham,Good job,10634,351036,3029.31893,0.45,med,low,#ace4e4
7/1/2022,Q2_2223,Newham,Trust MPS,10634,351036,3029.31893,0.67,med,low,#ace4e4
7/1/2022,Q2_2223,Newham,Fair treatment,10634,351036,3029.31893,0.56,med,low,#ace4e4
7/1/2023,Q2_2324,Newham,Good job,12122,351036,3453.207078,0.46,med,med,#a5add3
7/1/2023,Q2_2324,Newham,Trust MPS,12122,351036,3453.207078,0.72,med,med,#a5add3
7/1/2023,Q2_2324,Newham,Fair treatment,12122,351036,3453.207078,0.65,med,med,#a5add3
7/1/2024,Q2_2425,Newham,Good job,12867,351036,3665.436024,0.45,high,med,#5698b9
7/1/2024,Q2_2425,Newham,Trust MPS,12867,351036,3665.436024,0.78,high,high,#3b4994
7/1/2024,Q2_2425,Newham,Fair treatment,12867,351036,3665.436024,0.65,high,med,#5698b9
7/1/2025,Q2_2526,Newham,Good job,12584,351036,3584.817512,0.43,high,low,#5ac8c8
7/1/2025,Q2_2526,Newham,Trust MPS,12584,351036,3584.817512,0.76,high,med,#5698b9
7/1/2025,Q2_2526,Newham,Fair treatment,12584,351036,3584.817512,0.71,high,high,#3b4994
10/1/2015,Q3_1516,Newham,Good job,2351,351036,669.7318794,0.67,high,med,#5698b9
10/1/2015,Q3_1516,Newham,Fair treatment,2351,351036,669.7318794,0.78,high,high,#3b4994
10/1/2016,Q3_1617,Newham,Good job,2402,351036,684.2603038,0.73,high,high,#3b4994
10/1/2016,Q3_1617,Newham,Trust MPS,2402,351036,684.2603038,0.87,high,low,#5ac8c8
10/1/2016,Q3_1617,Newham,Fair treatment,2402,351036,684.2603038,0.78,high,med,#5698b9
10/1/2017,Q3_1718,Newham,Good job,11473,351036,3268.325756,0.72,high,med,#5698b9
10/1/2017,Q3_1718,Newham,Trust MPS,11473,351036,3268.325756,0.88,high,med,#5698b9
10/1/2017,Q3_1718,Newham,Fair treatment,11473,351036,3268.325756,0.82,high,high,#3b4994
10/1/2018,Q3_1819,Newham,Good job,11669,351036,3324.160485,0.56,high,low,#5ac8c8
10/1/2018,Q3_1819,Newham,Trust MPS,11669,351036,3324.160485,0.85,high,med,#5698b9
10/1/2018,Q3_1819,Newham,Fair treatment,11669,351036,3324.160485,0.85,high,high,#3b4994
10/1/2019,Q3_1920,Newham,Good job,11767,351036,3352.07785,0.57,high,med,#5698b9
10/1/2019,Q3_1920,Newham,Trust MPS,11767,351036,3352.07785,0.83,high,low,#5ac8c8
10/1/2019,Q3_1920,Newham,Fair treatment,11767,351036,3352.07785,0.84,high,high,#3b4994
10/1/2020,Q3_2021,Newham,Good job,10576,351036,3012.796408,0.49,high,low,#5ac8c8
10/1/2020,Q3_2021,Newham,Trust MPS,10576,351036,3012.796408,0.79,high,low,#5ac8c8
10/1/2020,Q3_2021,Newham,Fair treatment,10576,351036,3012.796408,0.77,high,med,#5698b9
10/1/2021,Q3_2122,Newham,Good job,11140,351036,3173.46369,0.46,high,low,#5ac8c8
10/1/2021,Q3_2122,Newham,Trust MPS,11140,351036,3173.46369,0.77,high,med,#5698b9
10/1/2021,Q3_2122,Newham,Fair treatment,11140,351036,3173.46369,0.71,high,high,#3b4994
10/1/2022,Q3_2223,Newham,Good job,10867,351036,3095.693889,0.45,med,low,#ace4e4
10/1/2022,Q3_2223,Newham,Trust MPS,10867,351036,3095.693889,0.7,med,med,#a5add3
10/1/2022,Q3_2223,Newham,Fair treatment,10867,351036,3095.693889,0.57,med,med,#a5add3
10/1/2023,Q3_2324,Newham,Good job,12738,351036,3628.687656,0.46,high,low,#5ac8c8
10/1/2023,Q3_2324,Newham,Trust MPS,12738,351036,3628.687656,0.71,high,med,#5698b9
10/1/2023,Q3_2324,Newham,Fair treatment,12738,351036,3628.687656,0.65,high,high,#3b4994
10/1/2024,Q3_2425,Newham,Good job,12831,351036,3655.180665,0.43,high,low,#5ac8c8
10/1/2024,Q3_2425,Newham,Trust MPS,12831,351036,3655.180665,0.76,high,med,#5698b9
10/1/2024,Q3_2425,Newham,Fair treatment,12831,351036,3655.180665,0.68,high,high,#3b4994
10/1/2025,Q3_2526,Newham,Good job,12852,351036,3661.162958,0.47,high,med,#5698b9
10/1/2025,Q3_2526,Newham,Trust MPS,12852,351036,3661.162958,0.77,high,high,#3b4994
10/1/2025,Q3_2526,Newham,Fair treatment,12852,351036,3661.162958,0.72,high,high,#3b4994
1/1/2015,Q4_1415,Newham,Good job,2027,351036,577.4336535,0.61,med,low,#ace4e4
1/1/2015,Q4_1415,Newham,Fair treatment,2027,351036,577.4336535,0.72,med,low,#ace4e4
1/1/2016,Q4_1516,Newham,Good job,2110,351036,601.0779521,0.67,high,med,#5698b9
1/1/2016,Q4_1516,Newham,Trust MPS,2110,351036,601.0779521,0.85,high,low,#5ac8c8
1/1/2016,Q4_1516,Newham,Fair treatment,2110,351036,601.0779521,0.79,high,high,#3b4994
1/1/2017,Q4_1617,Newham,Good job,2311,351036,658.3370367,0.72,high,med,#5698b9
1/1/2017,Q4_1617,Newham,Trust MPS,2311,351036,658.3370367,0.87,high,low,#5ac8c8
1/1/2017,Q4_1617,Newham,Fair treatment,2311,351036,658.3370367,0.77,high,med,#5698b9
1/1/2018,Q4_1718,Newham,Good job,10702,351036,3048.690163,0.68,high,med,#5698b9
1/1/2018,Q4_1718,Newham,Trust MPS,10702,351036,3048.690163,0.88,high,med,#5698b9
1/1/2018,Q4_1718,Newham,Fair treatment,10702,351036,3048.690163,0.84,high,high,#3b4994
1/1/2019,Q4_1819,Newham,Good job,10954,351036,3120.477672,0.56,high,low,#5ac8c8
1/1/2019,Q4_1819,Newham,Trust MPS,10954,351036,3120.477672,0.85,high,med,#5698b9
1/1/2019,Q4_1819,Newham,Fair treatment,10954,351036,3120.477672,0.84,high,high,#3b4994
1/1/2020,Q4_1920,Newham,Good job,11063,351036,3151.528618,0.57,high,low,#5ac8c8
1/1/2020,Q4_1920,Newham,Trust MPS,11063,351036,3151.528618,0.79,high,low,#5ac8c8
1/1/2020,Q4_1920,Newham,Fair treatment,11063,351036,3151.528618,0.81,high,med,#5698b9
1/1/2021,Q4_2021,Newham,Good job,9228,351036,2628.79021,0.49,high,low,#5ac8c8
1/1/2021,Q4_2021,Newham,Trust MPS,9228,351036,2628.79021,0.82,high,med,#5698b9
1/1/2021,Q4_2021,Newham,Fair treatment,9228,351036,2628.79021,0.78,high,high,#3b4994
1/1/2022,Q4_2122,Newham,Good job,10944,351036,3117.628961,0.41,high,low,#5ac8c8
1/1/2022,Q4_2122,Newham,Trust MPS,10944,351036,3117.628961,0.7,high,low,#5ac8c8
1/1/2022,Q4_2122,Newham,Fair treatment,10944,351036,3117.628961,0.61,high,med,#5698b9
1/1/2023,Q4_2223,Newham,Good job,10483,351036,2986.303399,0.49,med,med,#a5add3
1/1/2023,Q4_2223,Newham,Trust MPS,10483,351036,2986.303399,0.75,med,med,#a5add3
1/1/2023,Q4_2223,Newham,Fair treatment,10483,351036,2986.303399,0.61,med,med,#a5add3
1/1/2024,Q4_2324,Newham,Good job,11918,351036,3395.093381,0.45,high,low,#5ac8c8
1/1/2024,Q4_2324,Newham,Trust MPS,11918,351036,3395.093381,0.73,high,med,#5698b9
1/1/2024,Q4_2324,Newham,Fair treatment,11918,351036,3395.093381,0.66,high,high,#3b4994
1/1/2025,Q4_2425,Newham,Good job,12037,351036,3428.993038,0.43,high,low,#5ac8c8
1/1/2025,Q4_2425,Newham,Trust MPS,12037,351036,3428.993038,0.77,high,high,#3b4994
1/1/2025,Q4_2425,Newham,Fair treatment,12037,351036,3428.993038,0.71,high,high,#3b4994
1/1/2026,Q4_2526,Newham,Good job,12323,351036,3510.466163,0.48,high,high,#3b4994
1/1/2026,Q4_2526,Newham,Trust MPS,12323,351036,3510.466163,0.75,high,high,#3b4994
1/1/2026,Q4_2526,Newham,Fair treatment,12323,351036,3510.466163,0.72,high,high,#3b4994
4/1/2015,Q1_1516,Redbridge,Good job,1312,310260,422.8711403,0.64,low,low,#e8e8e8
4/1/2015,Q1_1516,Redbridge,Fair treatment,1312,310260,422.8711403,0.83,low,high,#be64ac
4/1/2016,Q1_1617,Redbridge,Good job,1294,310260,417.0695546,0.71,low,med,#dfb0d6
4/1/2016,Q1_1617,Redbridge,Trust MPS,1294,310260,417.0695546,0.89,low,high,#be64ac
4/1/2016,Q1_1617,Redbridge,Fair treatment,1294,310260,417.0695546,0.8,low,high,#be64ac
4/1/2017,Q1_1718,Redbridge,Good job,7257,310260,2339.005995,0.68,low,med,#dfb0d6
4/1/2017,Q1_1718,Redbridge,Trust MPS,7257,310260,2339.005995,0.91,low,high,#be64ac
4/1/2017,Q1_1718,Redbridge,Fair treatment,7257,310260,2339.005995,0.84,low,high,#be64ac
4/1/2018,Q1_1819,Redbridge,Good job,7309,310260,2355.766132,0.62,low,med,#dfb0d6
4/1/2018,Q1_1819,Redbridge,Trust MPS,7309,310260,2355.766132,0.85,low,low,#e8e8e8
4/1/2018,Q1_1819,Redbridge,Fair treatment,7309,310260,2355.766132,0.79,low,med,#dfb0d6
4/1/2019,Q1_1920,Redbridge,Good job,7526,310260,2425.707471,0.58,low,low,#e8e8e8
4/1/2019,Q1_1920,Redbridge,Trust MPS,7526,310260,2425.707471,0.85,low,high,#be64ac
4/1/2019,Q1_1920,Redbridge,Fair treatment,7526,310260,2425.707471,0.82,low,high,#be64ac
4/1/2020,Q1_2021,Redbridge,Good job,6495,310260,2093.405531,0.53,low,low,#e8e8e8
4/1/2020,Q1_2021,Redbridge,Trust MPS,6495,310260,2093.405531,0.84,low,med,#dfb0d6
4/1/2020,Q1_2021,Redbridge,Fair treatment,6495,310260,2093.405531,0.82,low,med,#dfb0d6
4/1/2021,Q1_2122,Redbridge,Good job,7888,310260,2542.383807,0.48,low,low,#e8e8e8
4/1/2021,Q1_2122,Redbridge,Trust MPS,7888,310260,2542.383807,0.79,low,med,#dfb0d6
4/1/2021,Q1_2122,Redbridge,Fair treatment,7888,310260,2542.383807,0.71,low,med,#dfb0d6
4/1/2022,Q1_2223,Redbridge,Good job,7748,310260,2497.260362,0.46,low,low,#e8e8e8
4/1/2022,Q1_2223,Redbridge,Trust MPS,7748,310260,2497.260362,0.72,low,med,#dfb0d6
4/1/2022,Q1_2223,Redbridge,Fair treatment,7748,310260,2497.260362,0.67,low,med,#dfb0d6
4/1/2023,Q1_2324,Redbridge,Good job,8068,310260,2600.399665,0.46,med,low,#ace4e4
4/1/2023,Q1_2324,Redbridge,Trust MPS,8068,310260,2600.399665,0.67,med,low,#ace4e4
4/1/2023,Q1_2324,Redbridge,Fair treatment,8068,310260,2600.399665,0.66,med,med,#a5add3
4/1/2024,Q1_2425,Redbridge,Good job,7995,310260,2576.871011,0.45,low,low,#e8e8e8
4/1/2024,Q1_2425,Redbridge,Trust MPS,7995,310260,2576.871011,0.72,med,med,#a5add3
4/1/2024,Q1_2425,Redbridge,Fair treatment,7995,310260,2576.871011,0.68,low,high,#be64ac
4/1/2025,Q1_2526,Redbridge,Good job,7978,310260,2571.391736,0.43,low,low,#e8e8e8
4/1/2025,Q1_2526,Redbridge,Trust MPS,7978,310260,2571.391736,0.76,low,med,#dfb0d6
4/1/2025,Q1_2526,Redbridge,Fair treatment,7978,310260,2571.391736,0.72,low,high,#be64ac
7/1/2015,Q2_1516,Redbridge,Good job,1295,310260,417.3918649,0.68,low,med,#dfb0d6
7/1/2015,Q2_1516,Redbridge,Fair treatment,1295,310260,417.3918649,0.84,low,high,#be64ac
7/1/2016,Q2_1617,Redbridge,Good job,1593,310260,513.4403404,0.7,low,med,#dfb0d6
7/1/2016,Q2_1617,Redbridge,Trust MPS,1593,310260,513.4403404,0.9,low,high,#be64ac
7/1/2016,Q2_1617,Redbridge,Fair treatment,1593,310260,513.4403404,0.79,low,med,#dfb0d6
7/1/2017,Q2_1718,Redbridge,Good job,7615,310260,2454.39309,0.71,med,high,#8c62aa
7/1/2017,Q2_1718,Redbridge,Trust MPS,7615,310260,2454.39309,0.9,med,high,#8c62aa
7/1/2017,Q2_1718,Redbridge,Fair treatment,7615,310260,2454.39309,0.86,med,high,#8c62aa
7/1/2018,Q2_1819,Redbridge,Good job,7200,310260,2320.634307,0.57,low,low,#e8e8e8
7/1/2018,Q2_1819,Redbridge,Trust MPS,7200,310260,2320.634307,0.82,low,low,#e8e8e8
7/1/2018,Q2_1819,Redbridge,Fair treatment,7200,310260,2320.634307,0.8,low,med,#dfb0d6
7/1/2019,Q2_1920,Redbridge,Good job,7373,310260,2376.393992,0.59,low,med,#dfb0d6
7/1/2019,Q2_1920,Redbridge,Trust MPS,7373,310260,2376.393992,0.87,low,high,#be64ac
7/1/2019,Q2_1920,Redbridge,Fair treatment,7373,310260,2376.393992,0.81,low,med,#dfb0d6
7/1/2020,Q2_2021,Redbridge,Good job,7577,310260,2442.145297,0.49,low,low,#e8e8e8
7/1/2020,Q2_2021,Redbridge,Trust MPS,7577,310260,2442.145297,0.83,low,med,#dfb0d6
7/1/2020,Q2_2021,Redbridge,Fair treatment,7577,310260,2442.145297,0.8,low,med,#dfb0d6
7/1/2021,Q2_2122,Redbridge,Good job,7722,310260,2488.880294,0.44,low,low,#e8e8e8
7/1/2021,Q2_2122,Redbridge,Trust MPS,7722,310260,2488.880294,0.74,low,low,#e8e8e8
7/1/2021,Q2_2122,Redbridge,Fair treatment,7722,310260,2488.880294,0.67,low,med,#dfb0d6
7/1/2022,Q2_2223,Redbridge,Good job,7444,310260,2399.278025,0.51,low,med,#dfb0d6
7/1/2022,Q2_2223,Redbridge,Trust MPS,7444,310260,2399.278025,0.73,low,med,#dfb0d6
7/1/2022,Q2_2223,Redbridge,Fair treatment,7444,310260,2399.278025,0.68,low,med,#dfb0d6
7/1/2023,Q2_2324,Redbridge,Good job,8095,310260,2609.102043,0.46,low,med,#dfb0d6
7/1/2023,Q2_2324,Redbridge,Trust MPS,8095,310260,2609.102043,0.65,med,low,#ace4e4
7/1/2023,Q2_2324,Redbridge,Fair treatment,8095,310260,2609.102043,0.65,low,med,#dfb0d6
7/1/2024,Q2_2425,Redbridge,Good job,7651,310260,2465.996261,0.43,low,med,#dfb0d6
7/1/2024,Q2_2425,Redbridge,Trust MPS,7651,310260,2465.996261,0.74,low,med,#dfb0d6
7/1/2024,Q2_2425,Redbridge,Fair treatment,7651,310260,2465.996261,0.71,low,high,#be64ac
7/1/2025,Q2_2526,Redbridge,Good job,8074,310260,2602.333527,0.44,low,low,#e8e8e8
7/1/2025,Q2_2526,Redbridge,Trust MPS,8074,310260,2602.333527,0.76,low,med,#dfb0d6
7/1/2025,Q2_2526,Redbridge,Fair treatment,8074,310260,2602.333527,0.71,low,high,#be64ac
10/1/2015,Q3_1516,Redbridge,Good job,1382,310260,445.4328628,0.68,low,med,#dfb0d6
10/1/2015,Q3_1516,Redbridge,Fair treatment,1382,310260,445.4328628,0.82,low,high,#be64ac
10/1/2016,Q3_1617,Redbridge,Good job,1123,310260,361.9544898,0.72,low,med,#dfb0d6
10/1/2016,Q3_1617,Redbridge,Trust MPS,1123,310260,361.9544898,0.92,low,high,#be64ac
10/1/2016,Q3_1617,Redbridge,Fair treatment,1123,310260,361.9544898,0.81,low,high,#be64ac
10/1/2017,Q3_1718,Redbridge,Good job,7378,310260,2378.005544,0.67,low,med,#dfb0d6
10/1/2017,Q3_1718,Redbridge,Trust MPS,7378,310260,2378.005544,0.87,low,med,#dfb0d6
10/1/2017,Q3_1718,Redbridge,Fair treatment,7378,310260,2378.005544,0.83,low,high,#be64ac
10/1/2018,Q3_1819,Redbridge,Good job,7589,310260,2446.013021,0.6,low,med,#dfb0d6
10/1/2018,Q3_1819,Redbridge,Trust MPS,7589,310260,2446.013021,0.84,low,med,#dfb0d6
10/1/2018,Q3_1819,Redbridge,Fair treatment,7589,310260,2446.013021,0.82,low,high,#be64ac
10/1/2019,Q3_1920,Redbridge,Good job,7741,310260,2495.00419,0.58,low,med,#dfb0d6
10/1/2019,Q3_1920,Redbridge,Trust MPS,7741,310260,2495.00419,0.86,low,med,#dfb0d6
10/1/2019,Q3_1920,Redbridge,Fair treatment,7741,310260,2495.00419,0.81,low,med,#dfb0d6
10/1/2020,Q3_2021,Redbridge,Good job,7198,310260,2319.989686,0.48,low,low,#e8e8e8
10/1/2020,Q3_2021,Redbridge,Trust MPS,7198,310260,2319.989686,0.83,low,med,#dfb0d6
10/1/2020,Q3_2021,Redbridge,Fair treatment,7198,310260,2319.989686,0.8,low,high,#be64ac
10/1/2021,Q3_2122,Redbridge,Good job,7920,310260,2552.697737,0.47,med,low,#ace4e4
10/1/2021,Q3_2122,Redbridge,Trust MPS,7920,310260,2552.697737,0.73,med,low,#ace4e4
10/1/2021,Q3_2122,Redbridge,Fair treatment,7920,310260,2552.697737,0.64,med,med,#a5add3
10/1/2022,Q3_2223,Redbridge,Good job,7669,310260,2471.797847,0.46,low,low,#e8e8e8
10/1/2022,Q3_2223,Redbridge,Trust MPS,7669,310260,2471.797847,0.72,low,med,#dfb0d6
10/1/2022,Q3_2223,Redbridge,Fair treatment,7669,310260,2471.797847,0.69,low,high,#be64ac
10/1/2023,Q3_2324,Redbridge,Good job,7708,310260,2484.367949,0.44,low,low,#e8e8e8
10/1/2023,Q3_2324,Redbridge,Trust MPS,7708,310260,2484.367949,0.64,low,low,#e8e8e8
10/1/2023,Q3_2324,Redbridge,Fair treatment,7708,310260,2484.367949,0.64,low,med,#dfb0d6
10/1/2024,Q3_2425,Redbridge,Good job,7750,310260,2497.904983,0.45,low,med,#dfb0d6
10/1/2024,Q3_2425,Redbridge,Trust MPS,7750,310260,2497.904983,0.77,med,high,#8c62aa
10/1/2024,Q3_2425,Redbridge,Fair treatment,7750,310260,2497.904983,0.74,low,high,#be64ac
10/1/2025,Q3_2526,Redbridge,Good job,8034,310260,2589.441114,0.45,med,med,#a5add3
10/1/2025,Q3_2526,Redbridge,Trust MPS,8034,310260,2589.441114,0.74,med,med,#a5add3
10/1/2025,Q3_2526,Redbridge,Fair treatment,8034,310260,2589.441114,0.7,med,high,#8c62aa
1/1/2015,Q4_1415,Redbridge,Good job,1115,310260,359.3760072,0.6,low,low,#e8e8e8
1/1/2015,Q4_1415,Redbridge,Fair treatment,1115,310260,359.3760072,0.82,low,high,#be64ac
1/1/2016,Q4_1516,Redbridge,Good job,1319,310260,425.1273126,0.7,low,med,#dfb0d6
1/1/2016,Q4_1516,Redbridge,Trust MPS,1319,310260,425.1273126,0.89,low,high,#be64ac
1/1/2016,Q4_1516,Redbridge,Fair treatment,1319,310260,425.1273126,0.8,low,high,#be64ac
1/1/2017,Q4_1617,Redbridge,Good job,1362,310260,438.9866564,0.71,low,med,#dfb0d6
1/1/2017,Q4_1617,Redbridge,Trust MPS,1362,310260,438.9866564,0.91,low,high,#be64ac
1/1/2017,Q4_1617,Redbridge,Fair treatment,1362,310260,438.9866564,0.82,low,high,#be64ac
1/1/2018,Q4_1718,Redbridge,Good job,7249,310260,2336.427512,0.67,low,med,#dfb0d6
1/1/2018,Q4_1718,Redbridge,Trust MPS,7249,310260,2336.427512,0.88,low,med,#dfb0d6
1/1/2018,Q4_1718,Redbridge,Fair treatment,7249,310260,2336.427512,0.82,low,high,#be64ac
1/1/2019,Q4_1819,Redbridge,Good job,7264,310260,2341.262167,0.55,low,low,#e8e8e8
1/1/2019,Q4_1819,Redbridge,Trust MPS,7264,310260,2341.262167,0.82,low,low,#e8e8e8
1/1/2019,Q4_1819,Redbridge,Fair treatment,7264,310260,2341.262167,0.81,low,high,#be64ac
1/1/2020,Q4_1920,Redbridge,Good job,7493,310260,2415.071231,0.58,low,med,#dfb0d6
1/1/2020,Q4_1920,Redbridge,Trust MPS,7493,310260,2415.071231,0.86,low,med,#dfb0d6
1/1/2020,Q4_1920,Redbridge,Fair treatment,7493,310260,2415.071231,0.82,low,med,#dfb0d6
1/1/2021,Q4_2021,Redbridge,Good job,6725,310260,2167.536905,0.46,low,low,#e8e8e8
1/1/2021,Q4_2021,Redbridge,Trust MPS,6725,310260,2167.536905,0.81,low,med,#dfb0d6
1/1/2021,Q4_2021,Redbridge,Fair treatment,6725,310260,2167.536905,0.75,low,med,#dfb0d6
1/1/2022,Q4_2122,Redbridge,Good job,7459,310260,2404.11268,0.46,med,low,#ace4e4
1/1/2022,Q4_2122,Redbridge,Trust MPS,7459,310260,2404.11268,0.72,med,low,#ace4e4
1/1/2022,Q4_2122,Redbridge,Fair treatment,7459,310260,2404.11268,0.66,med,med,#a5add3
1/1/2023,Q4_2223,Redbridge,Good job,7423,310260,2392.509508,0.48,low,low,#e8e8e8
1/1/2023,Q4_2223,Redbridge,Trust MPS,7423,310260,2392.509508,0.7,low,med,#dfb0d6
1/1/2023,Q4_2223,Redbridge,Fair treatment,7423,310260,2392.509508,0.66,low,med,#dfb0d6
1/1/2024,Q4_2324,Redbridge,Good job,7959,310260,2565.26784,0.44,low,low,#e8e8e8
1/1/2024,Q4_2324,Redbridge,Trust MPS,7959,310260,2565.26784,0.67,low,low,#e8e8e8
1/1/2024,Q4_2324,Redbridge,Fair treatment,7959,310260,2565.26784,0.67,low,high,#be64ac
1/1/2025,Q4_2425,Redbridge,Good job,7285,310260,2348.030684,0.43,low,low,#e8e8e8
1/1/2025,Q4_2425,Redbridge,Trust MPS,7285,310260,2348.030684,0.77,med,high,#8c62aa
1/1/2025,Q4_2425,Redbridge,Fair treatment,7285,310260,2348.030684,0.7,low,high,#be64ac
1/1/2026,Q4_2526,Redbridge,Good job,7270,310260,2343.196029,0.44,low,med,#dfb0d6
1/1/2026,Q4_2526,Redbridge,Trust MPS,7270,310260,2343.196029,0.74,low,med,#dfb0d6
1/1/2026,Q4_2526,Redbridge,Fair treatment,7270,310260,2343.196029,0.74,low,high,#be64ac
4/1/2015,Q1_1516,Richmond upon Thames,Good job,564,195278,288.819017,0.77,low,high,#be64ac
4/1/2015,Q1_1516,Richmond upon Thames,Fair treatment,564,195278,288.819017,0.76,low,med,#dfb0d6
4/1/2016,Q1_1617,Richmond upon Thames,Good job,660,195278,337.9797007,0.79,low,high,#be64ac
4/1/2016,Q1_1617,Richmond upon Thames,Trust MPS,660,195278,337.9797007,0.92,low,high,#be64ac
4/1/2016,Q1_1617,Richmond upon Thames,Fair treatment,660,195278,337.9797007,0.74,low,med,#dfb0d6
4/1/2017,Q1_1718,Richmond upon Thames,Good job,4221,195278,2161.533813,0.78,low,high,#be64ac
4/1/2017,Q1_1718,Richmond upon Thames,Trust MPS,4221,195278,2161.533813,0.88,low,low,#e8e8e8
4/1/2017,Q1_1718,Richmond upon Thames,Fair treatment,4221,195278,2161.533813,0.8,low,med,#dfb0d6
4/1/2018,Q1_1819,Richmond upon Thames,Good job,3751,195278,1920.851299,0.75,low,high,#be64ac
4/1/2018,Q1_1819,Richmond upon Thames,Trust MPS,3751,195278,1920.851299,0.93,low,high,#be64ac
4/1/2018,Q1_1819,Richmond upon Thames,Fair treatment,3751,195278,1920.851299,0.79,low,med,#dfb0d6
4/1/2019,Q1_1920,Richmond upon Thames,Good job,4023,195278,2060.139903,0.65,low,high,#be64ac
4/1/2019,Q1_1920,Richmond upon Thames,Trust MPS,4023,195278,2060.139903,0.91,low,high,#be64ac
4/1/2019,Q1_1920,Richmond upon Thames,Fair treatment,4023,195278,2060.139903,0.81,low,med,#dfb0d6
4/1/2020,Q1_2021,Richmond upon Thames,Good job,3463,195278,1773.369248,0.67,low,high,#be64ac
4/1/2020,Q1_2021,Richmond upon Thames,Trust MPS,3463,195278,1773.369248,0.85,low,med,#dfb0d6
4/1/2020,Q1_2021,Richmond upon Thames,Fair treatment,3463,195278,1773.369248,0.82,low,med,#dfb0d6
4/1/2021,Q1_2122,Richmond upon Thames,Good job,3560,195278,1823.042022,0.63,low,high,#be64ac
4/1/2021,Q1_2122,Richmond upon Thames,Trust MPS,3560,195278,1823.042022,0.87,low,high,#be64ac
4/1/2021,Q1_2122,Richmond upon Thames,Fair treatment,3560,195278,1823.042022,0.72,low,high,#be64ac
4/1/2022,Q1_2223,Richmond upon Thames,Good job,3640,195278,1864.009259,0.64,low,high,#be64ac
4/1/2022,Q1_2223,Richmond upon Thames,Trust MPS,3640,195278,1864.009259,0.73,low,med,#dfb0d6
4/1/2022,Q1_2223,Richmond upon Thames,Fair treatment,3640,195278,1864.009259,0.71,low,high,#be64ac
4/1/2023,Q1_2324,Richmond upon Thames,Good job,3620,195278,1853.767449,0.53,low,high,#be64ac
4/1/2023,Q1_2324,Richmond upon Thames,Trust MPS,3620,195278,1853.767449,0.69,low,med,#dfb0d6
4/1/2023,Q1_2324,Richmond upon Thames,Fair treatment,3620,195278,1853.767449,0.6,low,med,#dfb0d6
4/1/2024,Q1_2425,Richmond upon Thames,Good job,3818,195278,1955.16136,0.49,low,med,#dfb0d6
4/1/2024,Q1_2425,Richmond upon Thames,Trust MPS,3818,195278,1955.16136,0.7,low,med,#dfb0d6
4/1/2024,Q1_2425,Richmond upon Thames,Fair treatment,3818,195278,1955.16136,0.59,low,med,#dfb0d6
4/1/2025,Q1_2526,Richmond upon Thames,Good job,4011,195278,2053.994818,0.5,low,high,#be64ac
4/1/2025,Q1_2526,Richmond upon Thames,Trust MPS,4011,195278,2053.994818,0.77,low,high,#be64ac
4/1/2025,Q1_2526,Richmond upon Thames,Fair treatment,4011,195278,2053.994818,0.64,low,med,#dfb0d6
7/1/2015,Q2_1516,Richmond upon Thames,Good job,608,195278,311.350997,0.76,low,high,#be64ac
7/1/2015,Q2_1516,Richmond upon Thames,Fair treatment,608,195278,311.350997,0.75,low,med,#dfb0d6
7/1/2016,Q2_1617,Richmond upon Thames,Good job,674,195278,345.1489671,0.79,low,high,#be64ac
7/1/2016,Q2_1617,Richmond upon Thames,Trust MPS,674,195278,345.1489671,0.93,low,high,#be64ac
7/1/2016,Q2_1617,Richmond upon Thames,Fair treatment,674,195278,345.1489671,0.74,low,low,#e8e8e8
7/1/2017,Q2_1718,Richmond upon Thames,Good job,4214,195278,2157.94918,0.76,low,high,#be64ac
7/1/2017,Q2_1718,Richmond upon Thames,Trust MPS,4214,195278,2157.94918,0.89,low,med,#dfb0d6
7/1/2017,Q2_1718,Richmond upon Thames,Fair treatment,4214,195278,2157.94918,0.81,low,med,#dfb0d6
7/1/2018,Q2_1819,Richmond upon Thames,Good job,3971,195278,2033.511199,0.77,low,high,#be64ac
7/1/2018,Q2_1819,Richmond upon Thames,Trust MPS,3971,195278,2033.511199,0.91,low,high,#be64ac
7/1/2018,Q2_1819,Richmond upon Thames,Fair treatment,3971,195278,2033.511199,0.77,low,med,#dfb0d6
7/1/2019,Q2_1920,Richmond upon Thames,Good job,3807,195278,1949.528365,0.64,low,high,#be64ac
7/1/2019,Q2_1920,Richmond upon Thames,Trust MPS,3807,195278,1949.528365,0.9,low,high,#be64ac
7/1/2019,Q2_1920,Richmond upon Thames,Fair treatment,3807,195278,1949.528365,0.81,low,med,#dfb0d6
7/1/2020,Q2_2021,Richmond upon Thames,Good job,4265,195278,2184.065793,0.65,low,high,#be64ac
7/1/2020,Q2_2021,Richmond upon Thames,Trust MPS,4265,195278,2184.065793,0.85,low,high,#be64ac
7/1/2020,Q2_2021,Richmond upon Thames,Fair treatment,4265,195278,2184.065793,0.83,low,high,#be64ac
7/1/2021,Q2_2122,Richmond upon Thames,Good job,3413,195278,1747.764725,0.65,low,high,#be64ac
7/1/2021,Q2_2122,Richmond upon Thames,Trust MPS,3413,195278,1747.764725,0.84,low,high,#be64ac
7/1/2021,Q2_2122,Richmond upon Thames,Fair treatment,3413,195278,1747.764725,0.73,low,high,#be64ac
7/1/2022,Q2_2223,Richmond upon Thames,Good job,3417,195278,1749.813087,0.6,low,high,#be64ac
7/1/2022,Q2_2223,Richmond upon Thames,Trust MPS,3417,195278,1749.813087,0.74,low,med,#dfb0d6
7/1/2022,Q2_2223,Richmond upon Thames,Fair treatment,3417,195278,1749.813087,0.66,low,med,#dfb0d6
7/1/2023,Q2_2324,Richmond upon Thames,Good job,3979,195278,2037.607923,0.49,low,med,#dfb0d6
7/1/2023,Q2_2324,Richmond upon Thames,Trust MPS,3979,195278,2037.607923,0.64,low,low,#e8e8e8
7/1/2023,Q2_2324,Richmond upon Thames,Fair treatment,3979,195278,2037.607923,0.58,low,low,#e8e8e8
7/1/2024,Q2_2425,Richmond upon Thames,Good job,3912,195278,2003.297863,0.52,low,high,#be64ac
7/1/2024,Q2_2425,Richmond upon Thames,Trust MPS,3912,195278,2003.297863,0.77,low,high,#be64ac
7/1/2024,Q2_2425,Richmond upon Thames,Fair treatment,3912,195278,2003.297863,0.63,low,med,#dfb0d6
7/1/2025,Q2_2526,Richmond upon Thames,Good job,3692,195278,1890.637962,0.5,low,high,#be64ac
7/1/2025,Q2_2526,Richmond upon Thames,Trust MPS,3692,195278,1890.637962,0.77,low,med,#dfb0d6
7/1/2025,Q2_2526,Richmond upon Thames,Fair treatment,3692,195278,1890.637962,0.64,low,low,#e8e8e8
10/1/2015,Q3_1516,Richmond upon Thames,Good job,565,195278,289.3311074,0.78,low,high,#be64ac
10/1/2015,Q3_1516,Richmond upon Thames,Fair treatment,565,195278,289.3311074,0.76,low,med,#dfb0d6
10/1/2016,Q3_1617,Richmond upon Thames,Good job,597,195278,305.718002,0.73,low,high,#be64ac
10/1/2016,Q3_1617,Richmond upon Thames,Trust MPS,597,195278,305.718002,0.92,low,high,#be64ac
10/1/2016,Q3_1617,Richmond upon Thames,Fair treatment,597,195278,305.718002,0.77,low,med,#dfb0d6
10/1/2017,Q3_1718,Richmond upon Thames,Good job,3868,195278,1980.765882,0.81,low,high,#be64ac
10/1/2017,Q3_1718,Richmond upon Thames,Trust MPS,3868,195278,1980.765882,0.9,low,high,#be64ac
10/1/2017,Q3_1718,Richmond upon Thames,Fair treatment,3868,195278,1980.765882,0.8,low,med,#dfb0d6
10/1/2018,Q3_1819,Richmond upon Thames,Good job,4000,195278,2048.361823,0.72,low,high,#be64ac
10/1/2018,Q3_1819,Richmond upon Thames,Trust MPS,4000,195278,2048.361823,0.91,low,high,#be64ac
10/1/2018,Q3_1819,Richmond upon Thames,Fair treatment,4000,195278,2048.361823,0.79,low,med,#dfb0d6
10/1/2019,Q3_1920,Richmond upon Thames,Good job,4076,195278,2087.280697,0.66,low,high,#be64ac
10/1/2019,Q3_1920,Richmond upon Thames,Trust MPS,4076,195278,2087.280697,0.86,low,med,#dfb0d6
10/1/2019,Q3_1920,Richmond upon Thames,Fair treatment,4076,195278,2087.280697,0.82,low,med,#dfb0d6
10/1/2020,Q3_2021,Richmond upon Thames,Good job,3604,195278,1845.574002,0.61,low,high,#be64ac
10/1/2020,Q3_2021,Richmond upon Thames,Trust MPS,3604,195278,1845.574002,0.86,low,high,#be64ac
10/1/2020,Q3_2021,Richmond upon Thames,Fair treatment,3604,195278,1845.574002,0.79,low,high,#be64ac
10/1/2021,Q3_2122,Richmond upon Thames,Good job,3440,195278,1761.591167,0.7,low,high,#be64ac
10/1/2021,Q3_2122,Richmond upon Thames,Trust MPS,3440,195278,1761.591167,0.82,low,high,#be64ac
10/1/2021,Q3_2122,Richmond upon Thames,Fair treatment,3440,195278,1761.591167,0.75,low,high,#be64ac
10/1/2022,Q3_2223,Richmond upon Thames,Good job,3440,195278,1761.591167,0.54,low,high,#be64ac
10/1/2022,Q3_2223,Richmond upon Thames,Trust MPS,3440,195278,1761.591167,0.71,low,med,#dfb0d6
10/1/2022,Q3_2223,Richmond upon Thames,Fair treatment,3440,195278,1761.591167,0.64,low,med,#dfb0d6
10/1/2023,Q3_2324,Richmond upon Thames,Good job,3586,195278,1836.356374,0.49,low,med,#dfb0d6
10/1/2023,Q3_2324,Richmond upon Thames,Trust MPS,3586,195278,1836.356374,0.66,low,low,#e8e8e8
10/1/2023,Q3_2324,Richmond upon Thames,Fair treatment,3586,195278,1836.356374,0.57,low,low,#e8e8e8
10/1/2024,Q3_2425,Richmond upon Thames,Good job,3878,195278,1985.886787,0.5,low,high,#be64ac
10/1/2024,Q3_2425,Richmond upon Thames,Trust MPS,3878,195278,1985.886787,0.76,low,med,#dfb0d6
10/1/2024,Q3_2425,Richmond upon Thames,Fair treatment,3878,195278,1985.886787,0.6,low,med,#dfb0d6
10/1/2025,Q3_2526,Richmond upon Thames,Good job,3352,195278,1716.527207,0.5,low,high,#be64ac
10/1/2025,Q3_2526,Richmond upon Thames,Trust MPS,3352,195278,1716.527207,0.75,low,med,#dfb0d6
10/1/2025,Q3_2526,Richmond upon Thames,Fair treatment,3352,195278,1716.527207,0.65,low,med,#dfb0d6
1/1/2015,Q4_1415,Richmond upon Thames,Good job,509,195278,260.6540419,0.83,low,high,#be64ac
1/1/2015,Q4_1415,Richmond upon Thames,Fair treatment,509,195278,260.6540419,0.79,low,high,#be64ac
1/1/2016,Q4_1516,Richmond upon Thames,Good job,575,195278,294.452012,0.77,low,high,#be64ac
1/1/2016,Q4_1516,Richmond upon Thames,Trust MPS,575,195278,294.452012,0.92,low,high,#be64ac
1/1/2016,Q4_1516,Richmond upon Thames,Fair treatment,575,195278,294.452012,0.73,low,med,#dfb0d6
1/1/2017,Q4_1617,Richmond upon Thames,Good job,551,195278,282.1618411,0.75,low,high,#be64ac
1/1/2017,Q4_1617,Richmond upon Thames,Trust MPS,551,195278,282.1618411,0.9,low,high,#be64ac
1/1/2017,Q4_1617,Richmond upon Thames,Fair treatment,551,195278,282.1618411,0.79,low,med,#dfb0d6
1/1/2018,Q4_1718,Richmond upon Thames,Good job,3486,195278,1785.147328,0.79,low,high,#be64ac
1/1/2018,Q4_1718,Richmond upon Thames,Trust MPS,3486,195278,1785.147328,0.9,low,high,#be64ac
1/1/2018,Q4_1718,Richmond upon Thames,Fair treatment,3486,195278,1785.147328,0.82,low,high,#be64ac
1/1/2019,Q4_1819,Richmond upon Thames,Good job,3746,195278,1918.290847,0.7,low,high,#be64ac
1/1/2019,Q4_1819,Richmond upon Thames,Trust MPS,3746,195278,1918.290847,0.91,low,high,#be64ac
1/1/2019,Q4_1819,Richmond upon Thames,Fair treatment,3746,195278,1918.290847,0.77,low,med,#dfb0d6
1/1/2020,Q4_1920,Richmond upon Thames,Good job,3721,195278,1905.488586,0.64,low,high,#be64ac
1/1/2020,Q4_1920,Richmond upon Thames,Trust MPS,3721,195278,1905.488586,0.88,low,high,#be64ac
1/1/2020,Q4_1920,Richmond upon Thames,Fair treatment,3721,195278,1905.488586,0.84,low,high,#be64ac
1/1/2021,Q4_2021,Richmond upon Thames,Good job,2998,195278,1535.247186,0.63,low,high,#be64ac
1/1/2021,Q4_2021,Richmond upon Thames,Trust MPS,2998,195278,1535.247186,0.85,low,high,#be64ac
1/1/2021,Q4_2021,Richmond upon Thames,Fair treatment,2998,195278,1535.247186,0.75,low,med,#dfb0d6
1/1/2022,Q4_2122,Richmond upon Thames,Good job,3416,195278,1749.300997,0.67,low,high,#be64ac
1/1/2022,Q4_2122,Richmond upon Thames,Trust MPS,3416,195278,1749.300997,0.77,low,med,#dfb0d6
1/1/2022,Q4_2122,Richmond upon Thames,Fair treatment,3416,195278,1749.300997,0.75,low,high,#be64ac
1/1/2023,Q4_2223,Richmond upon Thames,Good job,3536,195278,1810.751851,0.53,low,high,#be64ac
1/1/2023,Q4_2223,Richmond upon Thames,Trust MPS,3536,195278,1810.751851,0.69,low,low,#e8e8e8
1/1/2023,Q4_2223,Richmond upon Thames,Fair treatment,3536,195278,1810.751851,0.6,low,low,#e8e8e8
1/1/2024,Q4_2324,Richmond upon Thames,Good job,3544,195278,1814.848575,0.5,low,high,#be64ac
1/1/2024,Q4_2324,Richmond upon Thames,Trust MPS,3544,195278,1814.848575,0.69,low,med,#dfb0d6
1/1/2024,Q4_2324,Richmond upon Thames,Fair treatment,3544,195278,1814.848575,0.59,low,low,#e8e8e8
1/1/2025,Q4_2425,Richmond upon Thames,Good job,3416,195278,1749.300997,0.49,low,high,#be64ac
1/1/2025,Q4_2425,Richmond upon Thames,Trust MPS,3416,195278,1749.300997,0.77,low,high,#be64ac
1/1/2025,Q4_2425,Richmond upon Thames,Fair treatment,3416,195278,1749.300997,0.62,low,med,#dfb0d6
1/1/2026,Q4_2526,Richmond upon Thames,Good job,3222,195278,1649.955448,0.5,low,high,#be64ac
1/1/2026,Q4_2526,Richmond upon Thames,Trust MPS,3222,195278,1649.955448,0.75,low,high,#be64ac
1/1/2026,Q4_2526,Richmond upon Thames,Fair treatment,3222,195278,1649.955448,0.66,low,med,#dfb0d6
4/1/2015,Q1_1516,Southwark,Good job,2047,307637,665.3946047,0.69,high,med,#5698b9
4/1/2015,Q1_1516,Southwark,Fair treatment,2047,307637,665.3946047,0.72,high,low,#5ac8c8
4/1/2016,Q1_1617,Southwark,Good job,2270,307637,737.8826344,0.72,high,med,#5698b9
4/1/2016,Q1_1617,Southwark,Trust MPS,2270,307637,737.8826344,0.87,high,med,#5698b9
4/1/2016,Q1_1617,Southwark,Fair treatment,2270,307637,737.8826344,0.75,high,med,#5698b9
4/1/2017,Q1_1718,Southwark,Good job,10710,307637,3481.375777,0.75,high,high,#3b4994
4/1/2017,Q1_1718,Southwark,Trust MPS,10710,307637,3481.375777,0.83,high,low,#5ac8c8
4/1/2017,Q1_1718,Southwark,Fair treatment,10710,307637,3481.375777,0.75,high,low,#5ac8c8
4/1/2018,Q1_1819,Southwark,Good job,11282,307637,3667.309199,0.73,high,high,#3b4994
4/1/2018,Q1_1819,Southwark,Trust MPS,11282,307637,3667.309199,0.86,high,med,#5698b9
4/1/2018,Q1_1819,Southwark,Fair treatment,11282,307637,3667.309199,0.78,high,med,#5698b9
4/1/2019,Q1_1920,Southwark,Good job,12836,307637,4172.449998,0.62,high,med,#5698b9
4/1/2019,Q1_1920,Southwark,Trust MPS,12836,307637,4172.449998,0.8,high,low,#5ac8c8
4/1/2019,Q1_1920,Southwark,Fair treatment,12836,307637,4172.449998,0.75,high,low,#5ac8c8
4/1/2020,Q1_2021,Southwark,Good job,8696,307637,2826.708101,0.62,high,high,#3b4994
4/1/2020,Q1_2021,Southwark,Trust MPS,8696,307637,2826.708101,0.86,high,med,#5698b9
4/1/2020,Q1_2021,Southwark,Fair treatment,8696,307637,2826.708101,0.75,high,low,#5ac8c8
4/1/2021,Q1_2122,Southwark,Good job,10054,307637,3268.137448,0.54,high,med,#5698b9
4/1/2021,Q1_2122,Southwark,Trust MPS,10054,307637,3268.137448,0.77,high,low,#5ac8c8
4/1/2021,Q1_2122,Southwark,Fair treatment,10054,307637,3268.137448,0.58,high,low,#5ac8c8
4/1/2022,Q1_2223,Southwark,Good job,10819,307637,3516.807146,0.48,high,med,#5698b9
4/1/2022,Q1_2223,Southwark,Trust MPS,10819,307637,3516.807146,0.72,high,med,#5698b9
4/1/2022,Q1_2223,Southwark,Fair treatment,10819,307637,3516.807146,0.51,high,low,#5ac8c8
4/1/2023,Q1_2324,Southwark,Good job,11915,307637,3873.071185,0.47,high,med,#5698b9
4/1/2023,Q1_2324,Southwark,Trust MPS,11915,307637,3873.071185,0.64,high,low,#5ac8c8
4/1/2023,Q1_2324,Southwark,Fair treatment,11915,307637,3873.071185,0.51,high,low,#5ac8c8
4/1/2024,Q1_2425,Southwark,Good job,11700,307637,3803.183622,0.4,high,low,#5ac8c8
4/1/2024,Q1_2425,Southwark,Trust MPS,11700,307637,3803.183622,0.65,high,low,#5ac8c8
4/1/2024,Q1_2425,Southwark,Fair treatment,11700,307637,3803.183622,0.56,high,low,#5ac8c8
4/1/2025,Q1_2526,Southwark,Good job,12158,307637,3952.060383,0.44,high,med,#5698b9
4/1/2025,Q1_2526,Southwark,Trust MPS,12158,307637,3952.060383,0.65,high,low,#5ac8c8
4/1/2025,Q1_2526,Southwark,Fair treatment,12158,307637,3952.060383,0.57,high,low,#5ac8c8
7/1/2015,Q2_1516,Southwark,Good job,1960,307637,637.1145213,0.72,high,high,#3b4994
7/1/2015,Q2_1516,Southwark,Fair treatment,1960,307637,637.1145213,0.72,high,low,#5ac8c8
7/1/2016,Q2_1617,Southwark,Good job,2527,307637,821.4226507,0.74,high,high,#3b4994
7/1/2016,Q2_1617,Southwark,Trust MPS,2527,307637,821.4226507,0.86,high,low,#5ac8c8
7/1/2016,Q2_1617,Southwark,Fair treatment,2527,307637,821.4226507,0.74,high,low,#5ac8c8
7/1/2017,Q2_1718,Southwark,Good job,11327,307637,3681.936828,0.74,high,high,#3b4994
7/1/2017,Q2_1718,Southwark,Trust MPS,11327,307637,3681.936828,0.84,high,low,#5ac8c8
7/1/2017,Q2_1718,Southwark,Fair treatment,11327,307637,3681.936828,0.76,high,low,#5ac8c8
7/1/2018,Q2_1819,Southwark,Good job,11846,307637,3850.642153,0.68,high,med,#5698b9
7/1/2018,Q2_1819,Southwark,Trust MPS,11846,307637,3850.642153,0.85,high,med,#5698b9
7/1/2018,Q2_1819,Southwark,Fair treatment,11846,307637,3850.642153,0.8,high,med,#5698b9
7/1/2019,Q2_1920,Southwark,Good job,13333,307637,4334.004037,0.64,high,high,#3b4994
7/1/2019,Q2_1920,Southwark,Trust MPS,13333,307637,4334.004037,0.82,high,low,#5ac8c8
7/1/2019,Q2_1920,Southwark,Fair treatment,13333,307637,4334.004037,0.75,high,low,#5ac8c8
7/1/2020,Q2_2021,Southwark,Good job,11608,307637,3773.278247,0.6,high,med,#5698b9
7/1/2020,Q2_2021,Southwark,Trust MPS,11608,307637,3773.278247,0.82,high,med,#5698b9
7/1/2020,Q2_2021,Southwark,Fair treatment,11608,307637,3773.278247,0.71,high,low,#5ac8c8
7/1/2021,Q2_2122,Southwark,Good job,10365,307637,3369.230619,0.48,high,low,#5ac8c8
7/1/2021,Q2_2122,Southwark,Trust MPS,10365,307637,3369.230619,0.75,high,low,#5ac8c8
7/1/2021,Q2_2122,Southwark,Fair treatment,10365,307637,3369.230619,0.54,high,low,#5ac8c8
7/1/2022,Q2_2223,Southwark,Good job,10647,307637,3460.897096,0.54,high,high,#3b4994
7/1/2022,Q2_2223,Southwark,Trust MPS,10647,307637,3460.897096,0.73,high,med,#5698b9
7/1/2022,Q2_2223,Southwark,Fair treatment,10647,307637,3460.897096,0.53,high,low,#5ac8c8
7/1/2023,Q2_2324,Southwark,Good job,11830,307637,3845.441218,0.44,high,low,#5ac8c8
7/1/2023,Q2_2324,Southwark,Trust MPS,11830,307637,3845.441218,0.61,high,low,#5ac8c8
7/1/2023,Q2_2324,Southwark,Fair treatment,11830,307637,3845.441218,0.5,high,low,#5ac8c8
7/1/2024,Q2_2425,Southwark,Good job,12304,307637,3999.518914,0.41,high,low,#5ac8c8
7/1/2024,Q2_2425,Southwark,Trust MPS,12304,307637,3999.518914,0.66,high,low,#5ac8c8
7/1/2024,Q2_2425,Southwark,Fair treatment,12304,307637,3999.518914,0.58,high,low,#5ac8c8
7/1/2025,Q2_2526,Southwark,Good job,12409,307637,4033.650049,0.43,high,low,#5ac8c8
7/1/2025,Q2_2526,Southwark,Trust MPS,12409,307637,4033.650049,0.66,high,low,#5ac8c8
7/1/2025,Q2_2526,Southwark,Fair treatment,12409,307637,4033.650049,0.59,high,low,#5ac8c8
10/1/2015,Q3_1516,Southwark,Good job,2108,307637,685.2231689,0.73,high,high,#3b4994
10/1/2015,Q3_1516,Southwark,Fair treatment,2108,307637,685.2231689,0.71,high,low,#5ac8c8
10/1/2016,Q3_1617,Southwark,Good job,2290,307637,744.383803,0.7,high,med,#5698b9
10/1/2016,Q3_1617,Southwark,Trust MPS,2290,307637,744.383803,0.84,high,low,#5ac8c8
10/1/2016,Q3_1617,Southwark,Fair treatment,2290,307637,744.383803,0.74,high,low,#5ac8c8
10/1/2017,Q3_1718,Southwark,Good job,11293,307637,3670.884842,0.76,high,high,#3b4994
10/1/2017,Q3_1718,Southwark,Trust MPS,11293,307637,3670.884842,0.86,high,low,#5ac8c8
10/1/2017,Q3_1718,Southwark,Fair treatment,11293,307637,3670.884842,0.78,high,med,#5698b9
10/1/2018,Q3_1819,Southwark,Good job,11708,307637,3805.78409,0.68,high,med,#5698b9
10/1/2018,Q3_1819,Southwark,Trust MPS,11708,307637,3805.78409,0.83,high,low,#5ac8c8
10/1/2018,Q3_1819,Southwark,Fair treatment,11708,307637,3805.78409,0.76,high,med,#5698b9
10/1/2019,Q3_1920,Southwark,Good job,13332,307637,4333.678979,0.63,high,high,#3b4994
10/1/2019,Q3_1920,Southwark,Trust MPS,13332,307637,4333.678979,0.85,high,med,#5698b9
10/1/2019,Q3_1920,Southwark,Fair treatment,13332,307637,4333.678979,0.79,high,med,#5698b9
10/1/2020,Q3_2021,Southwark,Good job,9796,307637,3184.272373,0.58,high,med,#5698b9
10/1/2020,Q3_2021,Southwark,Trust MPS,9796,307637,3184.272373,0.8,high,med,#5698b9
10/1/2020,Q3_2021,Southwark,Fair treatment,9796,307637,3184.272373,0.64,high,low,#5ac8c8
10/1/2021,Q3_2122,Southwark,Good job,9821,307637,3192.398834,0.5,high,med,#5698b9
10/1/2021,Q3_2122,Southwark,Trust MPS,9821,307637,3192.398834,0.76,high,med,#5698b9
10/1/2021,Q3_2122,Southwark,Fair treatment,9821,307637,3192.398834,0.52,high,low,#5ac8c8
10/1/2022,Q3_2223,Southwark,Good job,10193,307637,3313.320569,0.49,high,med,#5698b9
10/1/2022,Q3_2223,Southwark,Trust MPS,10193,307637,3313.320569,0.66,high,low,#5ac8c8
10/1/2022,Q3_2223,Southwark,Fair treatment,10193,307637,3313.320569,0.52,high,low,#5ac8c8
10/1/2023,Q3_2324,Southwark,Good job,11421,307637,3712.49232,0.42,high,low,#5ac8c8
10/1/2023,Q3_2324,Southwark,Trust MPS,11421,307637,3712.49232,0.63,high,low,#5ac8c8
10/1/2023,Q3_2324,Southwark,Fair treatment,11421,307637,3712.49232,0.5,high,low,#5ac8c8
10/1/2024,Q3_2425,Southwark,Good job,12986,307637,4221.208762,0.41,high,low,#5ac8c8
10/1/2024,Q3_2425,Southwark,Trust MPS,12986,307637,4221.208762,0.65,high,low,#5ac8c8
10/1/2024,Q3_2425,Southwark,Fair treatment,12986,307637,4221.208762,0.58,high,low,#5ac8c8
10/1/2025,Q3_2526,Southwark,Good job,11724,307637,3810.985025,0.42,high,low,#5ac8c8
10/1/2025,Q3_2526,Southwark,Trust MPS,11724,307637,3810.985025,0.61,high,low,#5ac8c8
10/1/2025,Q3_2526,Southwark,Fair treatment,11724,307637,3810.985025,0.57,high,low,#5ac8c8
1/1/2015,Q4_1415,Southwark,Good job,1946,307637,632.5637033,0.71,high,high,#3b4994
1/1/2015,Q4_1415,Southwark,Fair treatment,1946,307637,632.5637033,0.7,high,low,#5ac8c8
1/1/2016,Q4_1516,Southwark,Good job,2053,307637,667.3449553,0.7,high,med,#5698b9
1/1/2016,Q4_1516,Southwark,Trust MPS,2053,307637,667.3449553,0.89,high,high,#3b4994
1/1/2016,Q4_1516,Southwark,Fair treatment,2053,307637,667.3449553,0.71,high,low,#5ac8c8
1/1/2017,Q4_1617,Southwark,Good job,2417,307637,785.6662235,0.75,high,high,#3b4994
1/1/2017,Q4_1617,Southwark,Trust MPS,2417,307637,785.6662235,0.84,high,low,#5ac8c8
1/1/2017,Q4_1617,Southwark,Fair treatment,2417,307637,785.6662235,0.78,high,med,#5698b9
1/1/2018,Q4_1718,Southwark,Good job,10182,307637,3309.744927,0.75,high,high,#3b4994
1/1/2018,Q4_1718,Southwark,Trust MPS,10182,307637,3309.744927,0.85,high,low,#5ac8c8
1/1/2018,Q4_1718,Southwark,Fair treatment,10182,307637,3309.744927,0.77,high,med,#5698b9
1/1/2019,Q4_1819,Southwark,Good job,12125,307637,3941.333455,0.62,high,med,#5698b9
1/1/2019,Q4_1819,Southwark,Trust MPS,12125,307637,3941.333455,0.8,high,low,#5ac8c8
1/1/2019,Q4_1819,Southwark,Fair treatment,12125,307637,3941.333455,0.75,high,med,#5698b9
1/1/2020,Q4_1920,Southwark,Good job,10986,307637,3571.091904,0.63,high,high,#3b4994
1/1/2020,Q4_1920,Southwark,Trust MPS,10986,307637,3571.091904,0.87,high,med,#5698b9
1/1/2020,Q4_1920,Southwark,Fair treatment,10986,307637,3571.091904,0.78,high,low,#5ac8c8
1/1/2021,Q4_2021,Southwark,Good job,8571,307637,2786.075797,0.55,high,med,#5698b9
1/1/2021,Q4_2021,Southwark,Trust MPS,8571,307637,2786.075797,0.78,high,low,#5ac8c8
1/1/2021,Q4_2021,Southwark,Fair treatment,8571,307637,2786.075797,0.6,high,low,#5ac8c8
1/1/2022,Q4_2122,Southwark,Good job,9512,307637,3091.955779,0.48,high,med,#5698b9
1/1/2022,Q4_2122,Southwark,Trust MPS,9512,307637,3091.955779,0.73,high,med,#5698b9
1/1/2022,Q4_2122,Southwark,Fair treatment,9512,307637,3091.955779,0.51,high,low,#5ac8c8
1/1/2023,Q4_2223,Southwark,Good job,10288,307637,3344.20112,0.5,high,med,#5698b9
1/1/2023,Q4_2223,Southwark,Trust MPS,10288,307637,3344.20112,0.65,high,low,#5ac8c8
1/1/2023,Q4_2223,Southwark,Fair treatment,10288,307637,3344.20112,0.53,high,low,#5ac8c8
1/1/2024,Q4_2324,Southwark,Good job,11341,307637,3686.487646,0.42,high,low,#5ac8c8
1/1/2024,Q4_2324,Southwark,Trust MPS,11341,307637,3686.487646,0.65,high,low,#5ac8c8
1/1/2024,Q4_2324,Southwark,Fair treatment,11341,307637,3686.487646,0.53,high,low,#5ac8c8
1/1/2025,Q4_2425,Southwark,Good job,11722,307637,3810.334908,0.43,high,low,#5ac8c8
1/1/2025,Q4_2425,Southwark,Trust MPS,11722,307637,3810.334908,0.66,high,low,#5ac8c8
1/1/2025,Q4_2425,Southwark,Fair treatment,11722,307637,3810.334908,0.58,high,low,#5ac8c8
1/1/2026,Q4_2526,Southwark,Good job,11216,307637,3645.855342,0.39,high,low,#5ac8c8
1/1/2026,Q4_2526,Southwark,Trust MPS,11216,307637,3645.855342,0.6,high,low,#5ac8c8
1/1/2026,Q4_2526,Southwark,Fair treatment,11216,307637,3645.855342,0.55,high,low,#5ac8c8
4/1/2015,Q1_1516,Sutton,Good job,805,209639,383.9934363,0.73,low,high,#be64ac
4/1/2015,Q1_1516,Sutton,Fair treatment,805,209639,383.9934363,0.75,low,med,#dfb0d6
4/1/2016,Q1_1617,Sutton,Good job,773,209639,368.729101,0.76,low,high,#be64ac
4/1/2016,Q1_1617,Sutton,Trust MPS,773,209639,368.729101,0.87,low,med,#dfb0d6
4/1/2016,Q1_1617,Sutton,Fair treatment,773,209639,368.729101,0.74,low,med,#dfb0d6
4/1/2017,Q1_1718,Sutton,Good job,4059,209639,1936.185538,0.66,low,low,#e8e8e8
4/1/2017,Q1_1718,Sutton,Trust MPS,4059,209639,1936.185538,0.87,low,low,#e8e8e8
4/1/2017,Q1_1718,Sutton,Fair treatment,4059,209639,1936.185538,0.77,low,med,#dfb0d6
4/1/2018,Q1_1819,Sutton,Good job,3821,209639,1822.657044,0.77,low,high,#be64ac
4/1/2018,Q1_1819,Sutton,Trust MPS,3821,209639,1822.657044,0.92,low,high,#be64ac
4/1/2018,Q1_1819,Sutton,Fair treatment,3821,209639,1822.657044,0.81,low,high,#be64ac
4/1/2019,Q1_1920,Sutton,Good job,4547,209639,2168.966652,0.64,low,high,#be64ac
4/1/2019,Q1_1920,Sutton,Trust MPS,4547,209639,2168.966652,0.84,low,med,#dfb0d6
4/1/2019,Q1_1920,Sutton,Fair treatment,4547,209639,2168.966652,0.8,low,med,#dfb0d6
4/1/2020,Q1_2021,Sutton,Good job,3906,209639,1863.202935,0.7,low,high,#be64ac
4/1/2020,Q1_2021,Sutton,Trust MPS,3906,209639,1863.202935,0.89,low,high,#be64ac
4/1/2020,Q1_2021,Sutton,Fair treatment,3906,209639,1863.202935,0.86,low,high,#be64ac
4/1/2021,Q1_2122,Sutton,Good job,4349,209639,2074.518577,0.61,low,high,#be64ac
4/1/2021,Q1_2122,Sutton,Trust MPS,4349,209639,2074.518577,0.87,low,high,#be64ac
4/1/2021,Q1_2122,Sutton,Fair treatment,4349,209639,2074.518577,0.78,low,high,#be64ac
4/1/2022,Q1_2223,Sutton,Good job,4220,209639,2012.984225,0.57,low,high,#be64ac
4/1/2022,Q1_2223,Sutton,Trust MPS,4220,209639,2012.984225,0.77,low,high,#be64ac
4/1/2022,Q1_2223,Sutton,Fair treatment,4220,209639,2012.984225,0.74,low,high,#be64ac
4/1/2023,Q1_2324,Sutton,Good job,4244,209639,2024.432477,0.51,low,med,#dfb0d6
4/1/2023,Q1_2324,Sutton,Trust MPS,4244,209639,2024.432477,0.8,low,high,#be64ac
4/1/2023,Q1_2324,Sutton,Fair treatment,4244,209639,2024.432477,0.74,low,high,#be64ac
4/1/2024,Q1_2425,Sutton,Good job,4260,209639,2032.064644,0.52,low,high,#be64ac
4/1/2024,Q1_2425,Sutton,Trust MPS,4260,209639,2032.064644,0.76,low,high,#be64ac
4/1/2024,Q1_2425,Sutton,Fair treatment,4260,209639,2032.064644,0.66,low,high,#be64ac
4/1/2025,Q1_2526,Sutton,Good job,4628,209639,2207.604501,0.47,low,med,#dfb0d6
4/1/2025,Q1_2526,Sutton,Trust MPS,4628,209639,2207.604501,0.76,low,med,#dfb0d6
4/1/2025,Q1_2526,Sutton,Fair treatment,4628,209639,2207.604501,0.72,low,high,#be64ac
7/1/2015,Q2_1516,Sutton,Good job,728,209639,347.2636294,0.75,low,high,#be64ac
7/1/2015,Q2_1516,Sutton,Fair treatment,728,209639,347.2636294,0.75,low,med,#dfb0d6
7/1/2016,Q2_1617,Sutton,Good job,723,209639,344.878577,0.7,low,med,#dfb0d6
7/1/2016,Q2_1617,Sutton,Trust MPS,723,209639,344.878577,0.86,low,low,#e8e8e8
7/1/2016,Q2_1617,Sutton,Fair treatment,723,209639,344.878577,0.77,low,med,#dfb0d6
7/1/2017,Q2_1718,Sutton,Good job,3791,209639,1808.346729,0.72,low,high,#be64ac
7/1/2017,Q2_1718,Sutton,Trust MPS,3791,209639,1808.346729,0.89,low,med,#dfb0d6
7/1/2017,Q2_1718,Sutton,Fair treatment,3791,209639,1808.346729,0.77,low,med,#dfb0d6
7/1/2018,Q2_1819,Sutton,Good job,3934,209639,1876.559228,0.72,low,high,#be64ac
7/1/2018,Q2_1819,Sutton,Trust MPS,3934,209639,1876.559228,0.91,low,high,#be64ac
7/1/2018,Q2_1819,Sutton,Fair treatment,3934,209639,1876.559228,0.81,low,high,#be64ac
7/1/2019,Q2_1920,Sutton,Good job,4360,209639,2079.765692,0.65,low,high,#be64ac
7/1/2019,Q2_1920,Sutton,Trust MPS,4360,209639,2079.765692,0.83,low,low,#e8e8e8
7/1/2019,Q2_1920,Sutton,Fair treatment,4360,209639,2079.765692,0.79,low,med,#dfb0d6
7/1/2020,Q2_2021,Sutton,Good job,4047,209639,1930.461412,0.67,low,high,#be64ac
7/1/2020,Q2_2021,Sutton,Trust MPS,4047,209639,1930.461412,0.89,low,high,#be64ac
7/1/2020,Q2_2021,Sutton,Fair treatment,4047,209639,1930.461412,0.84,low,high,#be64ac
7/1/2021,Q2_2122,Sutton,Good job,4337,209639,2068.794451,0.63,low,high,#be64ac
7/1/2021,Q2_2122,Sutton,Trust MPS,4337,209639,2068.794451,0.86,low,high,#be64ac
7/1/2021,Q2_2122,Sutton,Fair treatment,4337,209639,2068.794451,0.75,low,high,#be64ac
7/1/2022,Q2_2223,Sutton,Good job,4576,209639,2182.799956,0.56,low,high,#be64ac
7/1/2022,Q2_2223,Sutton,Trust MPS,4576,209639,2182.799956,0.77,low,high,#be64ac
7/1/2022,Q2_2223,Sutton,Fair treatment,4576,209639,2182.799956,0.76,low,high,#be64ac
7/1/2023,Q2_2324,Sutton,Good job,4375,209639,2086.92085,0.51,low,high,#be64ac
7/1/2023,Q2_2324,Sutton,Trust MPS,4375,209639,2086.92085,0.81,low,high,#be64ac
7/1/2023,Q2_2324,Sutton,Fair treatment,4375,209639,2086.92085,0.75,low,high,#be64ac
7/1/2024,Q2_2425,Sutton,Good job,4510,209639,2151.317264,0.48,low,med,#dfb0d6
7/1/2024,Q2_2425,Sutton,Trust MPS,4510,209639,2151.317264,0.73,low,med,#dfb0d6
7/1/2024,Q2_2425,Sutton,Fair treatment,4510,209639,2151.317264,0.67,low,high,#be64ac
7/1/2025,Q2_2526,Sutton,Good job,4532,209639,2161.811495,0.51,low,high,#be64ac
7/1/2025,Q2_2526,Sutton,Trust MPS,4532,209639,2161.811495,0.78,low,med,#dfb0d6
7/1/2025,Q2_2526,Sutton,Fair treatment,4532,209639,2161.811495,0.72,low,high,#be64ac
10/1/2015,Q3_1516,Sutton,Good job,694,209639,331.0452731,0.75,low,high,#be64ac
10/1/2015,Q3_1516,Sutton,Fair treatment,694,209639,331.0452731,0.72,low,low,#e8e8e8
10/1/2016,Q3_1617,Sutton,Good job,642,209639,306.2407281,0.68,low,med,#dfb0d6
10/1/2016,Q3_1617,Sutton,Trust MPS,642,209639,306.2407281,0.86,low,low,#e8e8e8
10/1/2016,Q3_1617,Sutton,Fair treatment,642,209639,306.2407281,0.77,low,med,#dfb0d6
10/1/2017,Q3_1718,Sutton,Good job,3753,209639,1790.220331,0.75,low,high,#be64ac
10/1/2017,Q3_1718,Sutton,Trust MPS,3753,209639,1790.220331,0.9,low,high,#be64ac
10/1/2017,Q3_1718,Sutton,Fair treatment,3753,209639,1790.220331,0.78,low,med,#dfb0d6
10/1/2018,Q3_1819,Sutton,Good job,4028,209639,1921.398213,0.71,low,high,#be64ac
10/1/2018,Q3_1819,Sutton,Trust MPS,4028,209639,1921.398213,0.89,low,high,#be64ac
10/1/2018,Q3_1819,Sutton,Fair treatment,4028,209639,1921.398213,0.8,low,high,#be64ac
10/1/2019,Q3_1920,Sutton,Good job,4392,209639,2095.030028,0.65,low,high,#be64ac
10/1/2019,Q3_1920,Sutton,Trust MPS,4392,209639,2095.030028,0.85,low,med,#dfb0d6
10/1/2019,Q3_1920,Sutton,Fair treatment,4392,209639,2095.030028,0.81,low,med,#dfb0d6
10/1/2020,Q3_2021,Sutton,Good job,4055,209639,1934.277496,0.64,low,high,#be64ac
10/1/2020,Q3_2021,Sutton,Trust MPS,4055,209639,1934.277496,0.86,low,high,#be64ac
10/1/2020,Q3_2021,Sutton,Fair treatment,4055,209639,1934.277496,0.8,low,high,#be64ac
10/1/2021,Q3_2122,Sutton,Good job,4566,209639,2178.029851,0.65,low,high,#be64ac
10/1/2021,Q3_2122,Sutton,Trust MPS,4566,209639,2178.029851,0.84,low,high,#be64ac
10/1/2021,Q3_2122,Sutton,Fair treatment,4566,209639,2178.029851,0.77,low,high,#be64ac
10/1/2022,Q3_2223,Sutton,Good job,4026,209639,1920.444192,0.52,low,med,#dfb0d6
10/1/2022,Q3_2223,Sutton,Trust MPS,4026,209639,1920.444192,0.8,low,high,#be64ac
10/1/2022,Q3_2223,Sutton,Fair treatment,4026,209639,1920.444192,0.74,low,high,#be64ac
10/1/2023,Q3_2324,Sutton,Good job,4294,209639,2048.283001,0.52,low,high,#be64ac
10/1/2023,Q3_2324,Sutton,Trust MPS,4294,209639,2048.283001,0.76,low,high,#be64ac
10/1/2023,Q3_2324,Sutton,Fair treatment,4294,209639,2048.283001,0.72,low,high,#be64ac
10/1/2024,Q3_2425,Sutton,Good job,4298,209639,2050.191043,0.47,low,med,#dfb0d6
10/1/2024,Q3_2425,Sutton,Trust MPS,4298,209639,2050.191043,0.74,low,med,#dfb0d6
10/1/2024,Q3_2425,Sutton,Fair treatment,4298,209639,2050.191043,0.68,low,high,#be64ac
10/1/2025,Q3_2526,Sutton,Good job,4309,209639,2055.438158,0.51,low,high,#be64ac
10/1/2025,Q3_2526,Sutton,Trust MPS,4309,209639,2055.438158,0.78,low,high,#be64ac
10/1/2025,Q3_2526,Sutton,Fair treatment,4309,209639,2055.438158,0.74,low,high,#be64ac
1/1/2015,Q4_1415,Sutton,Good job,678,209639,323.4131054,0.72,low,high,#be64ac
1/1/2015,Q4_1415,Sutton,Fair treatment,678,209639,323.4131054,0.76,low,med,#dfb0d6
1/1/2016,Q4_1516,Sutton,Good job,700,209639,333.9073359,0.75,low,high,#be64ac
1/1/2016,Q4_1516,Sutton,Trust MPS,700,209639,333.9073359,0.85,low,low,#e8e8e8
1/1/2016,Q4_1516,Sutton,Fair treatment,700,209639,333.9073359,0.73,low,med,#dfb0d6
1/1/2017,Q4_1617,Sutton,Good job,819,209639,390.6715831,0.68,low,med,#dfb0d6
1/1/2017,Q4_1617,Sutton,Trust MPS,819,209639,390.6715831,0.88,low,med,#dfb0d6
1/1/2017,Q4_1617,Sutton,Fair treatment,819,209639,390.6715831,0.8,low,med,#dfb0d6
1/1/2018,Q4_1718,Sutton,Good job,3540,209639,1688.617099,0.77,low,high,#be64ac
1/1/2018,Q4_1718,Sutton,Trust MPS,3540,209639,1688.617099,0.92,low,high,#be64ac
1/1/2018,Q4_1718,Sutton,Fair treatment,3540,209639,1688.617099,0.79,low,med,#dfb0d6
1/1/2019,Q4_1819,Sutton,Good job,4225,209639,2015.369278,0.66,low,high,#be64ac
1/1/2019,Q4_1819,Sutton,Trust MPS,4225,209639,2015.369278,0.85,low,med,#dfb0d6
1/1/2019,Q4_1819,Sutton,Fair treatment,4225,209639,2015.369278,0.79,low,med,#dfb0d6
1/1/2020,Q4_1920,Sutton,Good job,4624,209639,2205.696459,0.66,low,high,#be64ac
1/1/2020,Q4_1920,Sutton,Trust MPS,4624,209639,2205.696459,0.86,low,med,#dfb0d6
1/1/2020,Q4_1920,Sutton,Fair treatment,4624,209639,2205.696459,0.84,low,high,#be64ac
1/1/2021,Q4_2021,Sutton,Good job,3436,209639,1639.008009,0.63,low,high,#be64ac
1/1/2021,Q4_2021,Sutton,Trust MPS,3436,209639,1639.008009,0.88,low,high,#be64ac
1/1/2021,Q4_2021,Sutton,Fair treatment,3436,209639,1639.008009,0.78,low,high,#be64ac
1/1/2022,Q4_2122,Sutton,Good job,4191,209639,1999.150921,0.61,low,high,#be64ac
1/1/2022,Q4_2122,Sutton,Trust MPS,4191,209639,1999.150921,0.8,low,high,#be64ac
1/1/2022,Q4_2122,Sutton,Fair treatment,4191,209639,1999.150921,0.76,low,high,#be64ac
1/1/2023,Q4_2223,Sutton,Good job,4180,209639,1993.903806,0.52,low,med,#dfb0d6
1/1/2023,Q4_2223,Sutton,Trust MPS,4180,209639,1993.903806,0.8,low,high,#be64ac
1/1/2023,Q4_2223,Sutton,Fair treatment,4180,209639,1993.903806,0.73,low,high,#be64ac
1/1/2024,Q4_2324,Sutton,Good job,4343,209639,2071.656514,0.51,low,high,#be64ac
1/1/2024,Q4_2324,Sutton,Trust MPS,4343,209639,2071.656514,0.77,low,high,#be64ac
1/1/2024,Q4_2324,Sutton,Fair treatment,4343,209639,2071.656514,0.69,low,high,#be64ac
1/1/2025,Q4_2425,Sutton,Good job,4048,209639,1930.938423,0.49,low,high,#be64ac
1/1/2025,Q4_2425,Sutton,Trust MPS,4048,209639,1930.938423,0.75,low,med,#dfb0d6
1/1/2025,Q4_2425,Sutton,Fair treatment,4048,209639,1930.938423,0.7,low,high,#be64ac
1/1/2026,Q4_2526,Sutton,Good job,3945,209639,1881.806343,0.51,low,high,#be64ac
1/1/2026,Q4_2526,Sutton,Trust MPS,3945,209639,1881.806343,0.76,low,high,#be64ac
1/1/2026,Q4_2526,Sutton,Fair treatment,3945,209639,1881.806343,0.75,low,high,#be64ac
4/1/2015,Q1_1516,Tower Hamlets,Good job,2077,310306,669.3392973,0.6,high,low,#5ac8c8
4/1/2015,Q1_1516,Tower Hamlets,Fair treatment,2077,310306,669.3392973,0.74,high,med,#5698b9
4/1/2016,Q1_1617,Tower Hamlets,Good job,2540,310306,818.5468538,0.7,high,med,#5698b9
4/1/2016,Q1_1617,Tower Hamlets,Trust MPS,2540,310306,818.5468538,0.86,high,low,#5ac8c8
4/1/2016,Q1_1617,Tower Hamlets,Fair treatment,2540,310306,818.5468538,0.77,high,med,#5698b9
4/1/2017,Q1_1718,Tower Hamlets,Good job,10845,310306,3494.937255,0.68,high,med,#5698b9
4/1/2017,Q1_1718,Tower Hamlets,Trust MPS,10845,310306,3494.937255,0.89,high,med,#5698b9
4/1/2017,Q1_1718,Tower Hamlets,Fair treatment,10845,310306,3494.937255,0.84,high,high,#3b4994
4/1/2018,Q1_1819,Tower Hamlets,Good job,11134,310306,3588.07113,0.6,high,low,#5ac8c8
4/1/2018,Q1_1819,Tower Hamlets,Trust MPS,11134,310306,3588.07113,0.86,high,med,#5698b9
4/1/2018,Q1_1819,Tower Hamlets,Fair treatment,11134,310306,3588.07113,0.77,high,med,#5698b9
4/1/2019,Q1_1920,Tower Hamlets,Good job,11318,310306,3647.367437,0.56,high,low,#5ac8c8
4/1/2019,Q1_1920,Tower Hamlets,Trust MPS,11318,310306,3647.367437,0.82,high,low,#5ac8c8
4/1/2019,Q1_1920,Tower Hamlets,Fair treatment,11318,310306,3647.367437,0.75,high,low,#5ac8c8
4/1/2020,Q1_2021,Tower Hamlets,Good job,8833,310306,2846.545023,0.52,high,low,#5ac8c8
4/1/2020,Q1_2021,Tower Hamlets,Trust MPS,8833,310306,2846.545023,0.84,high,med,#5698b9
4/1/2020,Q1_2021,Tower Hamlets,Fair treatment,8833,310306,2846.545023,0.75,high,low,#5ac8c8
4/1/2021,Q1_2122,Tower Hamlets,Good job,10781,310306,3474.312453,0.45,high,low,#5ac8c8
4/1/2021,Q1_2122,Tower Hamlets,Trust MPS,10781,310306,3474.312453,0.76,high,low,#5ac8c8
4/1/2021,Q1_2122,Tower Hamlets,Fair treatment,10781,310306,3474.312453,0.66,high,low,#5ac8c8
4/1/2022,Q1_2223,Tower Hamlets,Good job,10580,310306,3409.537682,0.47,high,low,#5ac8c8
4/1/2022,Q1_2223,Tower Hamlets,Trust MPS,10580,310306,3409.537682,0.71,high,med,#5698b9
4/1/2022,Q1_2223,Tower Hamlets,Fair treatment,10580,310306,3409.537682,0.62,high,med,#5698b9
4/1/2023,Q1_2324,Tower Hamlets,Good job,11214,310306,3613.852133,0.44,high,low,#5ac8c8
4/1/2023,Q1_2324,Tower Hamlets,Trust MPS,11214,310306,3613.852133,0.71,high,med,#5698b9
4/1/2023,Q1_2324,Tower Hamlets,Fair treatment,11214,310306,3613.852133,0.61,high,med,#5698b9
4/1/2024,Q1_2425,Tower Hamlets,Good job,11473,310306,3697.318131,0.45,high,low,#5ac8c8
4/1/2024,Q1_2425,Tower Hamlets,Trust MPS,11473,310306,3697.318131,0.74,high,med,#5698b9
4/1/2024,Q1_2425,Tower Hamlets,Fair treatment,11473,310306,3697.318131,0.69,high,high,#3b4994
4/1/2025,Q1_2526,Tower Hamlets,Good job,11753,310306,3787.551643,0.41,high,low,#5ac8c8
4/1/2025,Q1_2526,Tower Hamlets,Trust MPS,11753,310306,3787.551643,0.73,high,low,#5ac8c8
4/1/2025,Q1_2526,Tower Hamlets,Fair treatment,11753,310306,3787.551643,0.7,high,high,#3b4994
7/1/2015,Q2_1516,Tower Hamlets,Good job,2076,310306,669.0170348,0.63,high,low,#5ac8c8
7/1/2015,Q2_1516,Tower Hamlets,Fair treatment,2076,310306,669.0170348,0.74,high,med,#5698b9
7/1/2016,Q2_1617,Tower Hamlets,Good job,2672,310306,861.0855091,0.72,high,med,#5698b9
7/1/2016,Q2_1617,Tower Hamlets,Trust MPS,2672,310306,861.0855091,0.87,high,med,#5698b9
7/1/2016,Q2_1617,Tower Hamlets,Fair treatment,2672,310306,861.0855091,0.83,high,high,#3b4994
7/1/2017,Q2_1718,Tower Hamlets,Good job,10574,310306,3407.604107,0.65,high,low,#5ac8c8
7/1/2017,Q2_1718,Tower Hamlets,Trust MPS,10574,310306,3407.604107,0.88,high,med,#5698b9
7/1/2017,Q2_1718,Tower Hamlets,Fair treatment,10574,310306,3407.604107,0.81,high,med,#5698b9
7/1/2018,Q2_1819,Tower Hamlets,Good job,11313,310306,3645.756125,0.57,high,low,#5ac8c8
7/1/2018,Q2_1819,Tower Hamlets,Trust MPS,11313,310306,3645.756125,0.85,high,med,#5698b9
7/1/2018,Q2_1819,Tower Hamlets,Fair treatment,11313,310306,3645.756125,0.75,high,low,#5ac8c8
7/1/2019,Q2_1920,Tower Hamlets,Good job,10868,310306,3502.349294,0.57,high,low,#5ac8c8
7/1/2019,Q2_1920,Tower Hamlets,Trust MPS,10868,310306,3502.349294,0.83,high,low,#5ac8c8
7/1/2019,Q2_1920,Tower Hamlets,Fair treatment,10868,310306,3502.349294,0.8,high,med,#5698b9
7/1/2020,Q2_2021,Tower Hamlets,Good job,11146,310306,3591.93828,0.51,high,low,#5ac8c8
7/1/2020,Q2_2021,Tower Hamlets,Trust MPS,11146,310306,3591.93828,0.84,high,med,#5698b9
7/1/2020,Q2_2021,Tower Hamlets,Fair treatment,11146,310306,3591.93828,0.71,high,low,#5ac8c8
7/1/2021,Q2_2122,Tower Hamlets,Good job,10850,310306,3496.548568,0.45,high,low,#5ac8c8
7/1/2021,Q2_2122,Tower Hamlets,Trust MPS,10850,310306,3496.548568,0.75,high,low,#5ac8c8
7/1/2021,Q2_2122,Tower Hamlets,Fair treatment,10850,310306,3496.548568,0.65,high,med,#5698b9
7/1/2022,Q2_2223,Tower Hamlets,Good job,10336,310306,3330.905622,0.46,high,low,#5ac8c8
7/1/2022,Q2_2223,Tower Hamlets,Trust MPS,10336,310306,3330.905622,0.68,high,med,#5698b9
7/1/2022,Q2_2223,Tower Hamlets,Fair treatment,10336,310306,3330.905622,0.57,high,low,#5ac8c8
7/1/2023,Q2_2324,Tower Hamlets,Good job,11764,310306,3791.096531,0.45,high,low,#5ac8c8
7/1/2023,Q2_2324,Tower Hamlets,Trust MPS,11764,310306,3791.096531,0.74,high,med,#5698b9
7/1/2023,Q2_2324,Tower Hamlets,Fair treatment,11764,310306,3791.096531,0.66,high,med,#5698b9
7/1/2024,Q2_2425,Tower Hamlets,Good job,12525,310306,4036.338324,0.4,high,low,#5ac8c8
7/1/2024,Q2_2425,Tower Hamlets,Trust MPS,12525,310306,4036.338324,0.7,high,low,#5ac8c8
7/1/2024,Q2_2425,Tower Hamlets,Fair treatment,12525,310306,4036.338324,0.67,high,high,#3b4994
7/1/2025,Q2_2526,Tower Hamlets,Good job,12634,310306,4071.464941,0.46,high,med,#5698b9
7/1/2025,Q2_2526,Tower Hamlets,Trust MPS,12634,310306,4071.464941,0.74,high,low,#5ac8c8
7/1/2025,Q2_2526,Tower Hamlets,Fair treatment,12634,310306,4071.464941,0.73,high,high,#3b4994
10/1/2015,Q3_1516,Tower Hamlets,Good job,2192,310306,706.3994895,0.65,high,med,#5698b9
10/1/2015,Q3_1516,Tower Hamlets,Fair treatment,2192,310306,706.3994895,0.77,high,med,#5698b9
10/1/2016,Q3_1617,Tower Hamlets,Good job,2519,310306,811.7793404,0.69,high,med,#5698b9
10/1/2016,Q3_1617,Tower Hamlets,Trust MPS,2519,310306,811.7793404,0.87,high,low,#5ac8c8
10/1/2016,Q3_1617,Tower Hamlets,Fair treatment,2519,310306,811.7793404,0.82,high,high,#3b4994
10/1/2017,Q3_1718,Tower Hamlets,Good job,9949,310306,3206.190019,0.63,high,low,#5ac8c8
10/1/2017,Q3_1718,Tower Hamlets,Trust MPS,9949,310306,3206.190019,0.88,high,med,#5698b9
10/1/2017,Q3_1718,Tower Hamlets,Fair treatment,9949,310306,3206.190019,0.81,high,high,#3b4994
10/1/2018,Q3_1819,Tower Hamlets,Good job,10703,310306,3449.175975,0.58,high,low,#5ac8c8
10/1/2018,Q3_1819,Tower Hamlets,Trust MPS,10703,310306,3449.175975,0.86,high,med,#5698b9
10/1/2018,Q3_1819,Tower Hamlets,Fair treatment,10703,310306,3449.175975,0.77,high,med,#5698b9
10/1/2019,Q3_1920,Tower Hamlets,Good job,11451,310306,3690.228355,0.57,high,med,#5698b9
10/1/2019,Q3_1920,Tower Hamlets,Trust MPS,11451,310306,3690.228355,0.81,high,low,#5ac8c8
10/1/2019,Q3_1920,Tower Hamlets,Fair treatment,11451,310306,3690.228355,0.78,high,low,#5ac8c8
10/1/2020,Q3_2021,Tower Hamlets,Good job,10186,310306,3282.566241,0.46,high,low,#5ac8c8
10/1/2020,Q3_2021,Tower Hamlets,Trust MPS,10186,310306,3282.566241,0.83,high,med,#5698b9
10/1/2020,Q3_2021,Tower Hamlets,Fair treatment,10186,310306,3282.566241,0.68,high,low,#5ac8c8
10/1/2021,Q3_2122,Tower Hamlets,Good job,10420,310306,3357.975676,0.48,high,low,#5ac8c8
10/1/2021,Q3_2122,Tower Hamlets,Trust MPS,10420,310306,3357.975676,0.75,high,low,#5ac8c8
10/1/2021,Q3_2122,Tower Hamlets,Fair treatment,10420,310306,3357.975676,0.66,high,med,#5698b9
10/1/2022,Q3_2223,Tower Hamlets,Good job,10392,310306,3348.952324,0.46,high,low,#5ac8c8
10/1/2022,Q3_2223,Tower Hamlets,Trust MPS,10392,310306,3348.952324,0.68,high,low,#5ac8c8
10/1/2022,Q3_2223,Tower Hamlets,Fair treatment,10392,310306,3348.952324,0.58,high,med,#5698b9
10/1/2023,Q3_2324,Tower Hamlets,Good job,12541,310306,4041.494525,0.42,high,low,#5ac8c8
10/1/2023,Q3_2324,Tower Hamlets,Trust MPS,12541,310306,4041.494525,0.72,high,med,#5698b9
10/1/2023,Q3_2324,Tower Hamlets,Fair treatment,12541,310306,4041.494525,0.64,high,med,#5698b9
10/1/2024,Q3_2425,Tower Hamlets,Good job,11453,310306,3690.87288,0.42,high,low,#5ac8c8
10/1/2024,Q3_2425,Tower Hamlets,Trust MPS,11453,310306,3690.87288,0.73,high,med,#5698b9
10/1/2024,Q3_2425,Tower Hamlets,Fair treatment,11453,310306,3690.87288,0.69,high,high,#3b4994
10/1/2025,Q3_2526,Tower Hamlets,Good job,11689,310306,3766.92684,0.44,high,low,#5ac8c8
10/1/2025,Q3_2526,Tower Hamlets,Trust MPS,11689,310306,3766.92684,0.72,high,med,#5698b9
10/1/2025,Q3_2526,Tower Hamlets,Fair treatment,11689,310306,3766.92684,0.72,high,high,#3b4994
1/1/2015,Q4_1415,Tower Hamlets,Good job,1909,310306,615.1991905,0.56,high,low,#5ac8c8
1/1/2015,Q4_1415,Tower Hamlets,Fair treatment,1909,310306,615.1991905,0.71,high,low,#5ac8c8
1/1/2016,Q4_1516,Tower Hamlets,Good job,2025,310306,652.5816452,0.67,high,med,#5698b9
1/1/2016,Q4_1516,Tower Hamlets,Trust MPS,2025,310306,652.5816452,0.87,high,med,#5698b9
1/1/2016,Q4_1516,Tower Hamlets,Fair treatment,2025,310306,652.5816452,0.76,high,med,#5698b9
1/1/2017,Q4_1617,Tower Hamlets,Good job,2152,310306,693.5089879,0.7,high,med,#5698b9
1/1/2017,Q4_1617,Tower Hamlets,Trust MPS,2152,310306,693.5089879,0.86,high,low,#5ac8c8
1/1/2017,Q4_1617,Tower Hamlets,Fair treatment,2152,310306,693.5089879,0.85,high,high,#3b4994
1/1/2018,Q4_1718,Tower Hamlets,Good job,9547,310306,3076.640477,0.63,high,low,#5ac8c8
1/1/2018,Q4_1718,Tower Hamlets,Trust MPS,9547,310306,3076.640477,0.88,high,med,#5698b9
1/1/2018,Q4_1718,Tower Hamlets,Fair treatment,9547,310306,3076.640477,0.79,high,med,#5698b9
1/1/2019,Q4_1819,Tower Hamlets,Good job,10844,310306,3494.614993,0.53,high,low,#5ac8c8
1/1/2019,Q4_1819,Tower Hamlets,Trust MPS,10844,310306,3494.614993,0.81,high,low,#5ac8c8
1/1/2019,Q4_1819,Tower Hamlets,Fair treatment,10844,310306,3494.614993,0.73,high,low,#5ac8c8
1/1/2020,Q4_1920,Tower Hamlets,Good job,10175,310306,3279.021353,0.57,high,low,#5ac8c8
1/1/2020,Q4_1920,Tower Hamlets,Trust MPS,10175,310306,3279.021353,0.85,high,med,#5698b9
1/1/2020,Q4_1920,Tower Hamlets,Fair treatment,10175,310306,3279.021353,0.78,high,low,#5ac8c8
1/1/2021,Q4_2021,Tower Hamlets,Good job,9280,310306,2990.596379,0.46,high,low,#5ac8c8
1/1/2021,Q4_2021,Tower Hamlets,Trust MPS,9280,310306,2990.596379,0.8,high,med,#5698b9
1/1/2021,Q4_2021,Tower Hamlets,Fair treatment,9280,310306,2990.596379,0.7,high,med,#5698b9
1/1/2022,Q4_2122,Tower Hamlets,Good job,9857,310306,3176.541865,0.45,high,low,#5ac8c8
1/1/2022,Q4_2122,Tower Hamlets,Trust MPS,9857,310306,3176.541865,0.71,high,low,#5ac8c8
1/1/2022,Q4_2122,Tower Hamlets,Fair treatment,9857,310306,3176.541865,0.62,high,med,#5698b9
1/1/2023,Q4_2223,Tower Hamlets,Good job,10722,310306,3455.298963,0.47,high,low,#5ac8c8
1/1/2023,Q4_2223,Tower Hamlets,Trust MPS,10722,310306,3455.298963,0.72,high,med,#5698b9
1/1/2023,Q4_2223,Tower Hamlets,Fair treatment,10722,310306,3455.298963,0.61,high,med,#5698b9
1/1/2024,Q4_2324,Tower Hamlets,Good job,10846,310306,3495.259518,0.44,high,low,#5ac8c8
1/1/2024,Q4_2324,Tower Hamlets,Trust MPS,10846,310306,3495.259518,0.72,high,med,#5698b9
1/1/2024,Q4_2324,Tower Hamlets,Fair treatment,10846,310306,3495.259518,0.65,high,high,#3b4994
1/1/2025,Q4_2425,Tower Hamlets,Good job,10628,310306,3425.006284,0.4,high,low,#5ac8c8
1/1/2025,Q4_2425,Tower Hamlets,Trust MPS,10628,310306,3425.006284,0.74,high,low,#5ac8c8
1/1/2025,Q4_2425,Tower Hamlets,Fair treatment,10628,310306,3425.006284,0.69,high,high,#3b4994
1/1/2026,Q4_2526,Tower Hamlets,Good job,10341,310306,3332.516935,0.47,high,med,#5698b9
1/1/2026,Q4_2526,Tower Hamlets,Trust MPS,10341,310306,3332.516935,0.72,high,med,#5698b9
1/1/2026,Q4_2526,Tower Hamlets,Fair treatment,10341,310306,3332.516935,0.73,high,high,#3b4994
4/1/2015,Q1_1516,Waltham Forest,Good job,1512,278425,543.0546826,0.66,med,med,#a5add3
4/1/2015,Q1_1516,Waltham Forest,Fair treatment,1512,278425,543.0546826,0.78,med,high,#8c62aa
4/1/2016,Q1_1617,Waltham Forest,Good job,1696,278425,609.1407022,0.71,med,med,#a5add3
4/1/2016,Q1_1617,Waltham Forest,Trust MPS,1696,278425,609.1407022,0.82,med,low,#ace4e4
4/1/2016,Q1_1617,Waltham Forest,Fair treatment,1696,278425,609.1407022,0.74,med,med,#a5add3
4/1/2017,Q1_1718,Waltham Forest,Good job,7384,278425,2652.060699,0.66,med,low,#ace4e4
4/1/2017,Q1_1718,Waltham Forest,Trust MPS,7384,278425,2652.060699,0.89,med,med,#a5add3
4/1/2017,Q1_1718,Waltham Forest,Fair treatment,7384,278425,2652.060699,0.75,med,low,#ace4e4
4/1/2018,Q1_1819,Waltham Forest,Good job,7356,278425,2642.00413,0.54,med,low,#ace4e4
4/1/2018,Q1_1819,Waltham Forest,Trust MPS,7356,278425,2642.00413,0.76,med,low,#ace4e4
4/1/2018,Q1_1819,Waltham Forest,Fair treatment,7356,278425,2642.00413,0.74,med,low,#ace4e4
4/1/2019,Q1_1920,Waltham Forest,Good job,7638,278425,2743.288139,0.53,med,low,#ace4e4
4/1/2019,Q1_1920,Waltham Forest,Trust MPS,7638,278425,2743.288139,0.8,med,low,#ace4e4
4/1/2019,Q1_1920,Waltham Forest,Fair treatment,7638,278425,2743.288139,0.71,med,low,#ace4e4
4/1/2020,Q1_2021,Waltham Forest,Good job,7151,278425,2568.375685,0.5,med,low,#ace4e4
4/1/2020,Q1_2021,Waltham Forest,Trust MPS,7151,278425,2568.375685,0.79,med,low,#ace4e4
4/1/2020,Q1_2021,Waltham Forest,Fair treatment,7151,278425,2568.375685,0.69,med,low,#ace4e4
4/1/2021,Q1_2122,Waltham Forest,Good job,7481,278425,2686.899524,0.54,med,med,#a5add3
4/1/2021,Q1_2122,Waltham Forest,Trust MPS,7481,278425,2686.899524,0.8,med,med,#a5add3
4/1/2021,Q1_2122,Waltham Forest,Fair treatment,7481,278425,2686.899524,0.68,med,med,#a5add3
4/1/2022,Q1_2223,Waltham Forest,Good job,7003,278425,2515.219538,0.41,med,low,#ace4e4
4/1/2022,Q1_2223,Waltham Forest,Trust MPS,7003,278425,2515.219538,0.7,med,low,#ace4e4
4/1/2022,Q1_2223,Waltham Forest,Fair treatment,7003,278425,2515.219538,0.6,med,med,#a5add3
4/1/2023,Q1_2324,Waltham Forest,Good job,7253,278425,2605.010326,0.38,med,low,#ace4e4
4/1/2023,Q1_2324,Waltham Forest,Trust MPS,7253,278425,2605.010326,0.58,med,low,#ace4e4
4/1/2023,Q1_2324,Waltham Forest,Fair treatment,7253,278425,2605.010326,0.5,med,low,#ace4e4
4/1/2024,Q1_2425,Waltham Forest,Good job,8018,278425,2879.770136,0.37,med,low,#ace4e4
4/1/2024,Q1_2425,Waltham Forest,Trust MPS,8018,278425,2879.770136,0.61,med,low,#ace4e4
4/1/2024,Q1_2425,Waltham Forest,Fair treatment,8018,278425,2879.770136,0.54,med,low,#ace4e4
4/1/2025,Q1_2526,Waltham Forest,Good job,7732,278425,2777.049475,0.41,med,low,#ace4e4
4/1/2025,Q1_2526,Waltham Forest,Trust MPS,7732,278425,2777.049475,0.73,med,low,#ace4e4
4/1/2025,Q1_2526,Waltham Forest,Fair treatment,7732,278425,2777.049475,0.66,med,med,#a5add3
7/1/2015,Q2_1516,Waltham Forest,Good job,1488,278425,534.434767,0.69,med,med,#a5add3
7/1/2015,Q2_1516,Waltham Forest,Fair treatment,1488,278425,534.434767,0.77,med,high,#8c62aa
7/1/2016,Q2_1617,Waltham Forest,Good job,1714,278425,615.6056389,0.72,med,med,#a5add3
7/1/2016,Q2_1617,Waltham Forest,Trust MPS,1714,278425,615.6056389,0.85,med,low,#ace4e4
7/1/2016,Q2_1617,Waltham Forest,Fair treatment,1714,278425,615.6056389,0.76,med,med,#a5add3
7/1/2017,Q2_1718,Waltham Forest,Good job,7266,278425,2609.679447,0.62,med,low,#ace4e4
7/1/2017,Q2_1718,Waltham Forest,Trust MPS,7266,278425,2609.679447,0.86,med,low,#ace4e4
7/1/2017,Q2_1718,Waltham Forest,Fair treatment,7266,278425,2609.679447,0.75,med,low,#ace4e4
7/1/2018,Q2_1819,Waltham Forest,Good job,7663,278425,2752.267217,0.52,med,low,#ace4e4
7/1/2018,Q2_1819,Waltham Forest,Trust MPS,7663,278425,2752.267217,0.75,med,low,#ace4e4
7/1/2018,Q2_1819,Waltham Forest,Fair treatment,7663,278425,2752.267217,0.73,med,low,#ace4e4
7/1/2019,Q2_1920,Waltham Forest,Good job,7537,278425,2707.012661,0.53,med,low,#ace4e4
7/1/2019,Q2_1920,Waltham Forest,Trust MPS,7537,278425,2707.012661,0.8,med,low,#ace4e4
7/1/2019,Q2_1920,Waltham Forest,Fair treatment,7537,278425,2707.012661,0.71,med,low,#ace4e4
7/1/2020,Q2_2021,Waltham Forest,Good job,7992,278425,2870.431894,0.52,med,low,#ace4e4
7/1/2020,Q2_2021,Waltham Forest,Trust MPS,7992,278425,2870.431894,0.8,med,low,#ace4e4
7/1/2020,Q2_2021,Waltham Forest,Fair treatment,7992,278425,2870.431894,0.68,med,low,#ace4e4
7/1/2021,Q2_2122,Waltham Forest,Good job,7140,278425,2564.42489,0.51,med,med,#a5add3
7/1/2021,Q2_2122,Waltham Forest,Trust MPS,7140,278425,2564.42489,0.78,med,med,#a5add3
7/1/2021,Q2_2122,Waltham Forest,Fair treatment,7140,278425,2564.42489,0.69,med,med,#a5add3
7/1/2022,Q2_2223,Waltham Forest,Good job,7168,278425,2574.481458,0.4,med,low,#ace4e4
7/1/2022,Q2_2223,Waltham Forest,Trust MPS,7168,278425,2574.481458,0.66,med,low,#ace4e4
7/1/2022,Q2_2223,Waltham Forest,Fair treatment,7168,278425,2574.481458,0.55,med,low,#ace4e4
7/1/2023,Q2_2324,Waltham Forest,Good job,7590,278425,2726.048307,0.37,med,low,#ace4e4
7/1/2023,Q2_2324,Waltham Forest,Trust MPS,7590,278425,2726.048307,0.57,med,low,#ace4e4
7/1/2023,Q2_2324,Waltham Forest,Fair treatment,7590,278425,2726.048307,0.53,med,low,#ace4e4
7/1/2024,Q2_2425,Waltham Forest,Good job,7947,278425,2854.269552,0.38,med,low,#ace4e4
7/1/2024,Q2_2425,Waltham Forest,Trust MPS,7947,278425,2854.269552,0.64,med,low,#ace4e4
7/1/2024,Q2_2425,Waltham Forest,Fair treatment,7947,278425,2854.269552,0.52,med,low,#ace4e4
7/1/2025,Q2_2526,Waltham Forest,Good job,7255,278425,2605.728652,0.42,low,low,#e8e8e8
7/1/2025,Q2_2526,Waltham Forest,Trust MPS,7255,278425,2605.728652,0.73,med,low,#ace4e4
7/1/2025,Q2_2526,Waltham Forest,Fair treatment,7255,278425,2605.728652,0.71,low,high,#be64ac
10/1/2015,Q3_1516,Waltham Forest,Good job,1626,278425,583.9992817,0.71,med,high,#8c62aa
10/1/2015,Q3_1516,Waltham Forest,Fair treatment,1626,278425,583.9992817,0.77,med,med,#a5add3
10/1/2016,Q3_1617,Waltham Forest,Good job,1592,278425,571.7877346,0.7,med,med,#a5add3
10/1/2016,Q3_1617,Waltham Forest,Trust MPS,1592,278425,571.7877346,0.87,med,low,#ace4e4
10/1/2016,Q3_1617,Waltham Forest,Fair treatment,1592,278425,571.7877346,0.77,med,med,#a5add3
10/1/2017,Q3_1718,Waltham Forest,Good job,7217,278425,2592.080453,0.57,med,low,#ace4e4
10/1/2017,Q3_1718,Waltham Forest,Trust MPS,7217,278425,2592.080453,0.82,med,low,#ace4e4
10/1/2017,Q3_1718,Waltham Forest,Fair treatment,7217,278425,2592.080453,0.73,med,low,#ace4e4
10/1/2018,Q3_1819,Waltham Forest,Good job,7827,278425,2811.169974,0.57,med,low,#ace4e4
10/1/2018,Q3_1819,Waltham Forest,Trust MPS,7827,278425,2811.169974,0.79,med,low,#ace4e4
10/1/2018,Q3_1819,Waltham Forest,Fair treatment,7827,278425,2811.169974,0.74,med,low,#ace4e4
10/1/2019,Q3_1920,Waltham Forest,Good job,7461,278425,2679.716261,0.46,med,low,#ace4e4
10/1/2019,Q3_1920,Waltham Forest,Trust MPS,7461,278425,2679.716261,0.79,med,low,#ace4e4
10/1/2019,Q3_1920,Waltham Forest,Fair treatment,7461,278425,2679.716261,0.69,med,low,#ace4e4
10/1/2020,Q3_2021,Waltham Forest,Good job,7143,278425,2565.502379,0.55,med,med,#a5add3
10/1/2020,Q3_2021,Waltham Forest,Trust MPS,7143,278425,2565.502379,0.79,med,low,#ace4e4
10/1/2020,Q3_2021,Waltham Forest,Fair treatment,7143,278425,2565.502379,0.67,med,low,#ace4e4
10/1/2021,Q3_2122,Waltham Forest,Good job,6993,278425,2511.627907,0.48,low,low,#e8e8e8
10/1/2021,Q3_2122,Waltham Forest,Trust MPS,6993,278425,2511.627907,0.77,low,med,#dfb0d6
10/1/2021,Q3_2122,Waltham Forest,Fair treatment,6993,278425,2511.627907,0.66,low,med,#dfb0d6
10/1/2022,Q3_2223,Waltham Forest,Good job,7035,278425,2526.712759,0.38,med,low,#ace4e4
10/1/2022,Q3_2223,Waltham Forest,Trust MPS,7035,278425,2526.712759,0.64,med,low,#ace4e4
10/1/2022,Q3_2223,Waltham Forest,Fair treatment,7035,278425,2526.712759,0.52,med,low,#ace4e4
10/1/2023,Q3_2324,Waltham Forest,Good job,7487,278425,2689.054503,0.38,med,low,#ace4e4
10/1/2023,Q3_2324,Waltham Forest,Trust MPS,7487,278425,2689.054503,0.57,med,low,#ace4e4
10/1/2023,Q3_2324,Waltham Forest,Fair treatment,7487,278425,2689.054503,0.54,med,low,#ace4e4
10/1/2024,Q3_2425,Waltham Forest,Good job,8085,278425,2903.834067,0.39,med,low,#ace4e4
10/1/2024,Q3_2425,Waltham Forest,Trust MPS,8085,278425,2903.834067,0.67,med,low,#ace4e4
10/1/2024,Q3_2425,Waltham Forest,Fair treatment,8085,278425,2903.834067,0.57,med,low,#ace4e4
10/1/2025,Q3_2526,Waltham Forest,Good job,7046,278425,2530.663554,0.42,low,low,#e8e8e8
10/1/2025,Q3_2526,Waltham Forest,Trust MPS,7046,278425,2530.663554,0.72,med,med,#a5add3
10/1/2025,Q3_2526,Waltham Forest,Fair treatment,7046,278425,2530.663554,0.7,low,high,#be64ac
1/1/2015,Q4_1415,Waltham Forest,Good job,1499,278425,538.3855616,0.67,med,med,#a5add3
1/1/2015,Q4_1415,Waltham Forest,Fair treatment,1499,278425,538.3855616,0.79,med,high,#8c62aa
1/1/2016,Q4_1516,Waltham Forest,Good job,1525,278425,547.7238035,0.7,med,med,#a5add3
1/1/2016,Q4_1516,Waltham Forest,Trust MPS,1525,278425,547.7238035,0.84,med,low,#ace4e4
1/1/2016,Q4_1516,Waltham Forest,Fair treatment,1525,278425,547.7238035,0.76,med,med,#a5add3
1/1/2017,Q4_1617,Waltham Forest,Good job,1514,278425,543.7730089,0.69,med,med,#a5add3
1/1/2017,Q4_1617,Waltham Forest,Trust MPS,1514,278425,543.7730089,0.87,med,low,#ace4e4
1/1/2017,Q4_1617,Waltham Forest,Fair treatment,1514,278425,543.7730089,0.76,med,low,#ace4e4
1/1/2018,Q4_1718,Waltham Forest,Good job,7240,278425,2600.341205,0.57,med,low,#ace4e4
1/1/2018,Q4_1718,Waltham Forest,Trust MPS,7240,278425,2600.341205,0.8,med,low,#ace4e4
1/1/2018,Q4_1718,Waltham Forest,Fair treatment,7240,278425,2600.341205,0.73,med,low,#ace4e4
1/1/2019,Q4_1819,Waltham Forest,Good job,7411,278425,2661.758104,0.51,med,low,#ace4e4
1/1/2019,Q4_1819,Waltham Forest,Trust MPS,7411,278425,2661.758104,0.79,med,low,#ace4e4
1/1/2019,Q4_1819,Waltham Forest,Fair treatment,7411,278425,2661.758104,0.72,med,low,#ace4e4
1/1/2020,Q4_1920,Waltham Forest,Good job,7514,278425,2698.751908,0.49,med,low,#ace4e4
1/1/2020,Q4_1920,Waltham Forest,Trust MPS,7514,278425,2698.751908,0.78,med,low,#ace4e4
1/1/2020,Q4_1920,Waltham Forest,Fair treatment,7514,278425,2698.751908,0.69,med,low,#ace4e4
1/1/2021,Q4_2021,Waltham Forest,Good job,6630,278425,2381.251684,0.56,med,med,#a5add3
1/1/2021,Q4_2021,Waltham Forest,Trust MPS,6630,278425,2381.251684,0.8,med,med,#a5add3
1/1/2021,Q4_2021,Waltham Forest,Fair treatment,6630,278425,2381.251684,0.71,med,med,#a5add3
1/1/2022,Q4_2122,Waltham Forest,Good job,6951,278425,2496.543055,0.46,med,low,#ace4e4
1/1/2022,Q4_2122,Waltham Forest,Trust MPS,6951,278425,2496.543055,0.75,med,med,#a5add3
1/1/2022,Q4_2122,Waltham Forest,Fair treatment,6951,278425,2496.543055,0.63,med,med,#a5add3
1/1/2023,Q4_2223,Waltham Forest,Good job,6651,278425,2388.79411,0.38,low,low,#e8e8e8
1/1/2023,Q4_2223,Waltham Forest,Trust MPS,6651,278425,2388.79411,0.62,low,low,#e8e8e8
1/1/2023,Q4_2223,Waltham Forest,Fair treatment,6651,278425,2388.79411,0.53,low,low,#e8e8e8
1/1/2024,Q4_2324,Waltham Forest,Good job,7317,278425,2627.996768,0.36,med,low,#ace4e4
1/1/2024,Q4_2324,Waltham Forest,Trust MPS,7317,278425,2627.996768,0.57,med,low,#ace4e4
1/1/2024,Q4_2324,Waltham Forest,Fair treatment,7317,278425,2627.996768,0.53,med,low,#ace4e4
1/1/2025,Q4_2425,Waltham Forest,Good job,7178,278425,2578.07309,0.41,med,low,#ace4e4
1/1/2025,Q4_2425,Waltham Forest,Trust MPS,7178,278425,2578.07309,0.7,med,low,#ace4e4
1/1/2025,Q4_2425,Waltham Forest,Fair treatment,7178,278425,2578.07309,0.61,med,low,#ace4e4
1/1/2026,Q4_2526,Waltham Forest,Good job,6896,278425,2476.789081,0.43,med,low,#ace4e4
1/1/2026,Q4_2526,Waltham Forest,Trust MPS,6896,278425,2476.789081,0.71,med,med,#a5add3
1/1/2026,Q4_2526,Waltham Forest,Fair treatment,6896,278425,2476.789081,0.67,med,med,#a5add3
4/1/2015,Q1_1516,Wandsworth,Good job,1312,327506,400.6033477,0.69,low,med,#dfb0d6
4/1/2015,Q1_1516,Wandsworth,Fair treatment,1312,327506,400.6033477,0.72,low,low,#e8e8e8
4/1/2016,Q1_1617,Wandsworth,Good job,1360,327506,415.2595678,0.73,low,high,#be64ac
4/1/2016,Q1_1617,Wandsworth,Trust MPS,1360,327506,415.2595678,0.88,low,high,#be64ac
4/1/2016,Q1_1617,Wandsworth,Fair treatment,1360,327506,415.2595678,0.7,low,low,#e8e8e8
4/1/2017,Q1_1718,Wandsworth,Good job,7799,327506,2381.330418,0.73,low,high,#be64ac
4/1/2017,Q1_1718,Wandsworth,Trust MPS,7799,327506,2381.330418,0.9,low,med,#dfb0d6
4/1/2017,Q1_1718,Wandsworth,Fair treatment,7799,327506,2381.330418,0.79,low,med,#dfb0d6
4/1/2018,Q1_1819,Wandsworth,Good job,8188,327506,2500.106868,0.75,med,high,#8c62aa
4/1/2018,Q1_1819,Wandsworth,Trust MPS,8188,327506,2500.106868,0.89,med,high,#8c62aa
4/1/2018,Q1_1819,Wandsworth,Fair treatment,8188,327506,2500.106868,0.83,med,high,#8c62aa
4/1/2019,Q1_1920,Wandsworth,Good job,7938,327506,2423.772389,0.67,low,high,#be64ac
4/1/2019,Q1_1920,Wandsworth,Trust MPS,7938,327506,2423.772389,0.84,low,med,#dfb0d6
4/1/2019,Q1_1920,Wandsworth,Fair treatment,7938,327506,2423.772389,0.82,low,high,#be64ac
4/1/2020,Q1_2021,Wandsworth,Good job,6721,327506,2052.176143,0.58,low,med,#dfb0d6
4/1/2020,Q1_2021,Wandsworth,Trust MPS,6721,327506,2052.176143,0.8,low,low,#e8e8e8
4/1/2020,Q1_2021,Wandsworth,Fair treatment,6721,327506,2052.176143,0.8,low,med,#dfb0d6
4/1/2021,Q1_2122,Wandsworth,Good job,7902,327506,2412.780224,0.57,low,med,#dfb0d6
4/1/2021,Q1_2122,Wandsworth,Trust MPS,7902,327506,2412.780224,0.78,low,med,#dfb0d6
4/1/2021,Q1_2122,Wandsworth,Fair treatment,7902,327506,2412.780224,0.63,low,low,#e8e8e8
4/1/2022,Q1_2223,Wandsworth,Good job,7684,327506,2346.216558,0.49,low,med,#dfb0d6
4/1/2022,Q1_2223,Wandsworth,Trust MPS,7684,327506,2346.216558,0.73,low,med,#dfb0d6
4/1/2022,Q1_2223,Wandsworth,Fair treatment,7684,327506,2346.216558,0.51,low,low,#e8e8e8
4/1/2023,Q1_2324,Wandsworth,Good job,8486,327506,2591.097568,0.51,low,med,#dfb0d6
4/1/2023,Q1_2324,Wandsworth,Trust MPS,8486,327506,2591.097568,0.68,low,med,#dfb0d6
4/1/2023,Q1_2324,Wandsworth,Fair treatment,8486,327506,2591.097568,0.59,low,low,#e8e8e8
4/1/2024,Q1_2425,Wandsworth,Good job,8098,327506,2472.626456,0.51,low,high,#be64ac
4/1/2024,Q1_2425,Wandsworth,Trust MPS,8098,327506,2472.626456,0.73,low,med,#dfb0d6
4/1/2024,Q1_2425,Wandsworth,Fair treatment,8098,327506,2472.626456,0.62,low,med,#dfb0d6
4/1/2025,Q1_2526,Wandsworth,Good job,8610,327506,2628.959469,0.49,low,high,#be64ac
4/1/2025,Q1_2526,Wandsworth,Trust MPS,8610,327506,2628.959469,0.8,med,high,#8c62aa
4/1/2025,Q1_2526,Wandsworth,Fair treatment,8610,327506,2628.959469,0.62,low,low,#e8e8e8
7/1/2015,Q2_1516,Wandsworth,Good job,1318,327506,402.4353752,0.67,low,med,#dfb0d6
7/1/2015,Q2_1516,Wandsworth,Fair treatment,1318,327506,402.4353752,0.72,low,low,#e8e8e8
7/1/2016,Q2_1617,Wandsworth,Good job,1502,327506,458.617552,0.73,low,high,#be64ac
7/1/2016,Q2_1617,Wandsworth,Trust MPS,1502,327506,458.617552,0.87,low,med,#dfb0d6
7/1/2016,Q2_1617,Wandsworth,Fair treatment,1502,327506,458.617552,0.71,low,low,#e8e8e8
7/1/2017,Q2_1718,Wandsworth,Good job,7865,327506,2401.482721,0.74,low,high,#be64ac
7/1/2017,Q2_1718,Wandsworth,Trust MPS,7865,327506,2401.482721,0.92,low,high,#be64ac
7/1/2017,Q2_1718,Wandsworth,Fair treatment,7865,327506,2401.482721,0.82,low,high,#be64ac
7/1/2018,Q2_1819,Wandsworth,Good job,8065,327506,2462.550304,0.76,low,high,#be64ac
7/1/2018,Q2_1819,Wandsworth,Trust MPS,8065,327506,2462.550304,0.88,low,high,#be64ac
7/1/2018,Q2_1819,Wandsworth,Fair treatment,8065,327506,2462.550304,0.79,low,med,#dfb0d6
7/1/2019,Q2_1920,Wandsworth,Good job,8097,327506,2472.321118,0.62,low,high,#be64ac
7/1/2019,Q2_1920,Wandsworth,Trust MPS,8097,327506,2472.321118,0.83,low,low,#e8e8e8
7/1/2019,Q2_1920,Wandsworth,Fair treatment,8097,327506,2472.321118,0.82,low,high,#be64ac
7/1/2020,Q2_2021,Wandsworth,Good job,8907,327506,2719.644831,0.59,med,med,#a5add3
7/1/2020,Q2_2021,Wandsworth,Trust MPS,8907,327506,2719.644831,0.81,med,low,#ace4e4
7/1/2020,Q2_2021,Wandsworth,Fair treatment,8907,327506,2719.644831,0.77,med,med,#a5add3
7/1/2021,Q2_2122,Wandsworth,Good job,8244,327506,2517.205792,0.55,med,med,#a5add3
7/1/2021,Q2_2122,Wandsworth,Trust MPS,8244,327506,2517.205792,0.76,med,med,#a5add3
7/1/2021,Q2_2122,Wandsworth,Fair treatment,8244,327506,2517.205792,0.57,med,low,#ace4e4
7/1/2022,Q2_2223,Wandsworth,Good job,7557,327506,2307.438642,0.52,low,med,#dfb0d6
7/1/2022,Q2_2223,Wandsworth,Trust MPS,7557,327506,2307.438642,0.71,low,med,#dfb0d6
7/1/2022,Q2_2223,Wandsworth,Fair treatment,7557,327506,2307.438642,0.55,low,low,#e8e8e8
7/1/2023,Q2_2324,Wandsworth,Good job,8535,327506,2606.059126,0.49,low,med,#dfb0d6
7/1/2023,Q2_2324,Wandsworth,Trust MPS,8535,327506,2606.059126,0.68,low,med,#dfb0d6
7/1/2023,Q2_2324,Wandsworth,Fair treatment,8535,327506,2606.059126,0.58,low,low,#e8e8e8
7/1/2024,Q2_2425,Wandsworth,Good job,8441,327506,2577.357361,0.49,low,med,#dfb0d6
7/1/2024,Q2_2425,Wandsworth,Trust MPS,8441,327506,2577.357361,0.75,low,med,#dfb0d6
7/1/2024,Q2_2425,Wandsworth,Fair treatment,8441,327506,2577.357361,0.63,low,med,#dfb0d6
7/1/2025,Q2_2526,Wandsworth,Good job,8909,327506,2720.255507,0.48,med,high,#8c62aa
7/1/2025,Q2_2526,Wandsworth,Trust MPS,8909,327506,2720.255507,0.78,med,med,#a5add3
7/1/2025,Q2_2526,Wandsworth,Fair treatment,8909,327506,2720.255507,0.62,med,low,#ace4e4
10/1/2015,Q3_1516,Wandsworth,Good job,1380,327506,421.3663261,0.67,low,med,#dfb0d6
10/1/2015,Q3_1516,Wandsworth,Fair treatment,1380,327506,421.3663261,0.68,low,low,#e8e8e8
10/1/2016,Q3_1617,Wandsworth,Good job,1359,327506,414.9542298,0.74,low,high,#be64ac
10/1/2016,Q3_1617,Wandsworth,Trust MPS,1359,327506,414.9542298,0.89,low,med,#dfb0d6
10/1/2016,Q3_1617,Wandsworth,Fair treatment,1359,327506,414.9542298,0.76,low,low,#e8e8e8
10/1/2017,Q3_1718,Wandsworth,Good job,8069,327506,2463.771656,0.76,low,high,#be64ac
10/1/2017,Q3_1718,Wandsworth,Trust MPS,8069,327506,2463.771656,0.93,low,high,#be64ac
10/1/2017,Q3_1718,Wandsworth,Fair treatment,8069,327506,2463.771656,0.82,low,high,#be64ac
10/1/2018,Q3_1819,Wandsworth,Good job,7642,327506,2333.392365,0.74,low,high,#be64ac
10/1/2018,Q3_1819,Wandsworth,Trust MPS,7642,327506,2333.392365,0.87,low,med,#dfb0d6
10/1/2018,Q3_1819,Wandsworth,Fair treatment,7642,327506,2333.392365,0.79,low,med,#dfb0d6
10/1/2019,Q3_1920,Wandsworth,Good job,8211,327506,2507.12964,0.61,low,med,#dfb0d6
10/1/2019,Q3_1920,Wandsworth,Trust MPS,8211,327506,2507.12964,0.83,low,low,#e8e8e8
10/1/2019,Q3_1920,Wandsworth,Fair treatment,8211,327506,2507.12964,0.83,low,med,#dfb0d6
10/1/2020,Q3_2021,Wandsworth,Good job,7698,327506,2350.491289,0.57,low,med,#dfb0d6
10/1/2020,Q3_2021,Wandsworth,Trust MPS,7698,327506,2350.491289,0.79,low,low,#e8e8e8
10/1/2020,Q3_2021,Wandsworth,Fair treatment,7698,327506,2350.491289,0.7,low,med,#dfb0d6
10/1/2021,Q3_2122,Wandsworth,Good job,8192,327506,2501.32822,0.53,low,med,#dfb0d6
10/1/2021,Q3_2122,Wandsworth,Trust MPS,8192,327506,2501.32822,0.75,low,low,#e8e8e8
10/1/2021,Q3_2122,Wandsworth,Fair treatment,8192,327506,2501.32822,0.6,low,low,#e8e8e8
10/1/2022,Q3_2223,Wandsworth,Good job,7233,327506,2208.509157,0.51,low,med,#dfb0d6
10/1/2022,Q3_2223,Wandsworth,Trust MPS,7233,327506,2208.509157,0.71,low,med,#dfb0d6
10/1/2022,Q3_2223,Wandsworth,Fair treatment,7233,327506,2208.509157,0.55,low,low,#e8e8e8
10/1/2023,Q3_2324,Wandsworth,Good job,8675,327506,2648.806434,0.49,low,med,#dfb0d6
10/1/2023,Q3_2324,Wandsworth,Trust MPS,8675,327506,2648.806434,0.69,low,med,#dfb0d6
10/1/2023,Q3_2324,Wandsworth,Fair treatment,8675,327506,2648.806434,0.57,low,low,#e8e8e8
10/1/2024,Q3_2425,Wandsworth,Good job,7981,327506,2436.901919,0.5,low,high,#be64ac
10/1/2024,Q3_2425,Wandsworth,Trust MPS,7981,327506,2436.901919,0.78,low,high,#be64ac
10/1/2024,Q3_2425,Wandsworth,Fair treatment,7981,327506,2436.901919,0.64,low,med,#dfb0d6
10/1/2025,Q3_2526,Wandsworth,Good job,8066,327506,2462.855642,0.47,low,med,#dfb0d6
10/1/2025,Q3_2526,Wandsworth,Trust MPS,8066,327506,2462.855642,0.76,low,med,#dfb0d6
10/1/2025,Q3_2526,Wandsworth,Fair treatment,8066,327506,2462.855642,0.62,low,low,#e8e8e8
1/1/2015,Q4_1415,Wandsworth,Good job,1187,327506,362.436108,0.7,low,med,#dfb0d6
1/1/2015,Q4_1415,Wandsworth,Fair treatment,1187,327506,362.436108,0.72,low,low,#e8e8e8
1/1/2016,Q4_1516,Wandsworth,Good job,1305,327506,398.4659823,0.7,low,med,#dfb0d6
1/1/2016,Q4_1516,Wandsworth,Trust MPS,1305,327506,398.4659823,0.88,low,med,#dfb0d6
1/1/2016,Q4_1516,Wandsworth,Fair treatment,1305,327506,398.4659823,0.68,low,low,#e8e8e8
1/1/2017,Q4_1617,Wandsworth,Good job,1401,327506,427.7784224,0.76,low,high,#be64ac
1/1/2017,Q4_1617,Wandsworth,Trust MPS,1401,327506,427.7784224,0.89,low,med,#dfb0d6
1/1/2017,Q4_1617,Wandsworth,Fair treatment,1401,327506,427.7784224,0.78,low,med,#dfb0d6
1/1/2018,Q4_1718,Wandsworth,Good job,7674,327506,2343.163179,0.74,med,high,#8c62aa
1/1/2018,Q4_1718,Wandsworth,Trust MPS,7674,327506,2343.163179,0.9,med,high,#8c62aa
1/1/2018,Q4_1718,Wandsworth,Fair treatment,7674,327506,2343.163179,0.83,med,high,#8c62aa
1/1/2019,Q4_1819,Wandsworth,Good job,7783,327506,2376.445012,0.71,low,high,#be64ac
1/1/2019,Q4_1819,Wandsworth,Trust MPS,7783,327506,2376.445012,0.85,low,med,#dfb0d6
1/1/2019,Q4_1819,Wandsworth,Fair treatment,7783,327506,2376.445012,0.8,low,med,#dfb0d6
1/1/2020,Q4_1920,Wandsworth,Good job,7614,327506,2324.842904,0.56,low,low,#e8e8e8
1/1/2020,Q4_1920,Wandsworth,Trust MPS,7614,327506,2324.842904,0.81,low,low,#e8e8e8
1/1/2020,Q4_1920,Wandsworth,Fair treatment,7614,327506,2324.842904,0.82,low,med,#dfb0d6
1/1/2021,Q4_2021,Wandsworth,Good job,7079,327506,2161.487118,0.59,low,high,#be64ac
1/1/2021,Q4_2021,Wandsworth,Trust MPS,7079,327506,2161.487118,0.78,low,low,#e8e8e8
1/1/2021,Q4_2021,Wandsworth,Fair treatment,7079,327506,2161.487118,0.66,low,low,#e8e8e8
1/1/2022,Q4_2122,Wandsworth,Good job,7507,327506,2292.171746,0.52,low,high,#be64ac
1/1/2022,Q4_2122,Wandsworth,Trust MPS,7507,327506,2292.171746,0.73,low,med,#dfb0d6
1/1/2022,Q4_2122,Wandsworth,Fair treatment,7507,327506,2292.171746,0.55,low,low,#e8e8e8
1/1/2023,Q4_2223,Wandsworth,Good job,7291,327506,2226.218756,0.51,low,med,#dfb0d6
1/1/2023,Q4_2223,Wandsworth,Trust MPS,7291,327506,2226.218756,0.71,low,med,#dfb0d6
1/1/2023,Q4_2223,Wandsworth,Fair treatment,7291,327506,2226.218756,0.59,low,low,#e8e8e8
1/1/2024,Q4_2324,Wandsworth,Good job,8066,327506,2462.855642,0.48,low,med,#dfb0d6
1/1/2024,Q4_2324,Wandsworth,Trust MPS,8066,327506,2462.855642,0.7,low,med,#dfb0d6
1/1/2024,Q4_2324,Wandsworth,Fair treatment,8066,327506,2462.855642,0.59,low,low,#e8e8e8
1/1/2025,Q4_2425,Wandsworth,Good job,7659,327506,2338.58311,0.53,low,high,#be64ac
1/1/2025,Q4_2425,Wandsworth,Trust MPS,7659,327506,2338.58311,0.81,low,high,#be64ac
1/1/2025,Q4_2425,Wandsworth,Fair treatment,7659,327506,2338.58311,0.64,low,med,#dfb0d6
1/1/2026,Q4_2526,Wandsworth,Good job,7471,327506,2281.179581,0.42,low,low,#e8e8e8
1/1/2026,Q4_2526,Wandsworth,Trust MPS,7471,327506,2281.179581,0.73,low,med,#dfb0d6
1/1/2026,Q4_2526,Wandsworth,Fair treatment,7471,327506,2281.179581,0.59,low,low,#e8e8e8
4/1/2015,Q1_1516,Westminster,Good job,2429,204236,1189.310406,0.74,high,high,#3b4994
4/1/2015,Q1_1516,Westminster,Fair treatment,2429,204236,1189.310406,0.76,high,med,#5698b9
4/1/2016,Q1_1617,Westminster,Good job,2417,204236,1183.43485,0.79,high,high,#3b4994
4/1/2016,Q1_1617,Westminster,Trust MPS,2417,204236,1183.43485,0.94,high,high,#3b4994
4/1/2016,Q1_1617,Westminster,Fair treatment,2417,204236,1183.43485,0.8,high,high,#3b4994
4/1/2017,Q1_1718,Westminster,Good job,17602,204236,8618.460996,0.83,high,high,#3b4994
4/1/2017,Q1_1718,Westminster,Trust MPS,17602,204236,8618.460996,0.91,high,high,#3b4994
4/1/2017,Q1_1718,Westminster,Fair treatment,17602,204236,8618.460996,0.85,high,high,#3b4994
4/1/2018,Q1_1819,Westminster,Good job,17914,204236,8771.225445,0.72,high,high,#3b4994
4/1/2018,Q1_1819,Westminster,Trust MPS,17914,204236,8771.225445,0.92,high,high,#3b4994
4/1/2018,Q1_1819,Westminster,Fair treatment,17914,204236,8771.225445,0.84,high,high,#3b4994
4/1/2019,Q1_1920,Westminster,Good job,25789,204236,12627.05889,0.7,high,high,#3b4994
4/1/2019,Q1_1920,Westminster,Trust MPS,25789,204236,12627.05889,0.86,high,high,#3b4994
4/1/2019,Q1_1920,Westminster,Fair treatment,25789,204236,12627.05889,0.87,high,high,#3b4994
4/1/2020,Q1_2021,Westminster,Good job,9001,204236,4407.156427,0.69,high,high,#3b4994
4/1/2020,Q1_2021,Westminster,Trust MPS,9001,204236,4407.156427,0.89,high,high,#3b4994
4/1/2020,Q1_2021,Westminster,Fair treatment,9001,204236,4407.156427,0.75,high,low,#5ac8c8
4/1/2021,Q1_2122,Westminster,Good job,13627,204236,6672.183161,0.52,high,low,#5ac8c8
4/1/2021,Q1_2122,Westminster,Trust MPS,13627,204236,6672.183161,0.84,high,high,#3b4994
4/1/2021,Q1_2122,Westminster,Fair treatment,13627,204236,6672.183161,0.72,high,high,#3b4994
4/1/2022,Q1_2223,Westminster,Good job,19595,204236,9594.292877,0.51,high,high,#3b4994
4/1/2022,Q1_2223,Westminster,Trust MPS,19595,204236,9594.292877,0.77,high,high,#3b4994
4/1/2022,Q1_2223,Westminster,Fair treatment,19595,204236,9594.292877,0.58,high,low,#5ac8c8
4/1/2023,Q1_2324,Westminster,Good job,23884,204236,11694.31442,0.59,high,high,#3b4994
4/1/2023,Q1_2324,Westminster,Trust MPS,23884,204236,11694.31442,0.74,high,high,#3b4994
4/1/2023,Q1_2324,Westminster,Fair treatment,23884,204236,11694.31442,0.67,high,med,#5698b9
4/1/2024,Q1_2425,Westminster,Good job,24162,204236,11830.43146,0.59,high,high,#3b4994
4/1/2024,Q1_2425,Westminster,Trust MPS,24162,204236,11830.43146,0.82,high,high,#3b4994
4/1/2024,Q1_2425,Westminster,Fair treatment,24162,204236,11830.43146,0.71,high,high,#3b4994
4/1/2025,Q1_2526,Westminster,Good job,23054,204236,11287.92182,0.46,high,med,#5698b9
4/1/2025,Q1_2526,Westminster,Trust MPS,23054,204236,11287.92182,0.78,high,high,#3b4994
4/1/2025,Q1_2526,Westminster,Fair treatment,23054,204236,11287.92182,0.63,high,low,#5ac8c8
7/1/2015,Q2_1516,Westminster,Good job,2232,204236,1092.853366,0.79,high,high,#3b4994
7/1/2015,Q2_1516,Westminster,Fair treatment,2232,204236,1092.853366,0.79,high,high,#3b4994
7/1/2016,Q2_1617,Westminster,Good job,3036,204236,1486.5156,0.79,high,high,#3b4994
7/1/2016,Q2_1617,Westminster,Trust MPS,3036,204236,1486.5156,0.93,high,high,#3b4994
7/1/2016,Q2_1617,Westminster,Fair treatment,3036,204236,1486.5156,0.82,high,high,#3b4994
7/1/2017,Q2_1718,Westminster,Good job,18535,204236,9075.285454,0.8,high,high,#3b4994
7/1/2017,Q2_1718,Westminster,Trust MPS,18535,204236,9075.285454,0.92,high,high,#3b4994
7/1/2017,Q2_1718,Westminster,Fair treatment,18535,204236,9075.285454,0.86,high,high,#3b4994
7/1/2018,Q2_1819,Westminster,Good job,19310,204236,9454.748428,0.7,high,high,#3b4994
7/1/2018,Q2_1819,Westminster,Trust MPS,19310,204236,9454.748428,0.91,high,high,#3b4994
7/1/2018,Q2_1819,Westminster,Fair treatment,19310,204236,9454.748428,0.82,high,high,#3b4994
7/1/2019,Q2_1920,Westminster,Good job,24805,204236,12145.26332,0.73,high,high,#3b4994
7/1/2019,Q2_1920,Westminster,Trust MPS,24805,204236,12145.26332,0.87,high,high,#3b4994
7/1/2019,Q2_1920,Westminster,Fair treatment,24805,204236,12145.26332,0.88,high,high,#3b4994
7/1/2020,Q2_2021,Westminster,Good job,15639,204236,7657.318005,0.62,high,high,#3b4994
7/1/2020,Q2_2021,Westminster,Trust MPS,15639,204236,7657.318005,0.86,high,high,#3b4994
7/1/2020,Q2_2021,Westminster,Fair treatment,15639,204236,7657.318005,0.72,high,med,#5698b9
7/1/2021,Q2_2122,Westminster,Good job,16630,204236,8142.540982,0.52,high,med,#5698b9
7/1/2021,Q2_2122,Westminster,Trust MPS,16630,204236,8142.540982,0.83,high,high,#3b4994
7/1/2021,Q2_2122,Westminster,Fair treatment,16630,204236,8142.540982,0.69,high,med,#5698b9
7/1/2022,Q2_2223,Westminster,Good job,20604,204236,10088.32919,0.53,high,med,#5698b9
7/1/2022,Q2_2223,Westminster,Trust MPS,20604,204236,10088.32919,0.77,high,high,#3b4994
7/1/2022,Q2_2223,Westminster,Fair treatment,20604,204236,10088.32919,0.58,high,med,#5698b9
7/1/2023,Q2_2324,Westminster,Good job,23724,204236,11615.97368,0.61,high,high,#3b4994
7/1/2023,Q2_2324,Westminster,Trust MPS,23724,204236,11615.97368,0.77,high,high,#3b4994
7/1/2023,Q2_2324,Westminster,Fair treatment,23724,204236,11615.97368,0.7,high,high,#3b4994
7/1/2024,Q2_2425,Westminster,Good job,23109,204236,11314.85145,0.56,high,high,#3b4994
7/1/2024,Q2_2425,Westminster,Trust MPS,23109,204236,11314.85145,0.81,high,high,#3b4994
7/1/2024,Q2_2425,Westminster,Fair treatment,23109,204236,11314.85145,0.67,high,high,#3b4994
7/1/2025,Q2_2526,Westminster,Good job,22819,204236,11172.85885,0.47,high,med,#5698b9
7/1/2025,Q2_2526,Westminster,Trust MPS,22819,204236,11172.85885,0.79,high,high,#3b4994
7/1/2025,Q2_2526,Westminster,Fair treatment,22819,204236,11172.85885,0.67,high,med,#5698b9
10/1/2015,Q3_1516,Westminster,Good job,2571,204236,1258.837815,0.8,high,high,#3b4994
10/1/2015,Q3_1516,Westminster,Fair treatment,2571,204236,1258.837815,0.77,high,med,#5698b9
10/1/2016,Q3_1617,Westminster,Good job,2713,204236,1328.365225,0.78,high,high,#3b4994
10/1/2016,Q3_1617,Westminster,Trust MPS,2713,204236,1328.365225,0.93,high,high,#3b4994
10/1/2016,Q3_1617,Westminster,Fair treatment,2713,204236,1328.365225,0.84,high,high,#3b4994
10/1/2017,Q3_1718,Westminster,Good job,18233,204236,8927.417302,0.75,high,high,#3b4994
10/1/2017,Q3_1718,Westminster,Trust MPS,18233,204236,8927.417302,0.9,high,high,#3b4994
10/1/2017,Q3_1718,Westminster,Fair treatment,18233,204236,8927.417302,0.84,high,high,#3b4994
10/1/2018,Q3_1819,Westminster,Good job,22417,204236,10976.02773,0.73,high,high,#3b4994
10/1/2018,Q3_1819,Westminster,Trust MPS,22417,204236,10976.02773,0.91,high,high,#3b4994
10/1/2018,Q3_1819,Westminster,Fair treatment,22417,204236,10976.02773,0.82,high,high,#3b4994
10/1/2019,Q3_1920,Westminster,Good job,26198,204236,12827.31742,0.75,high,high,#3b4994
10/1/2019,Q3_1920,Westminster,Trust MPS,26198,204236,12827.31742,0.88,high,high,#3b4994
10/1/2019,Q3_1920,Westminster,Fair treatment,26198,204236,12827.31742,0.87,high,high,#3b4994
10/1/2020,Q3_2021,Westminster,Good job,12513,204236,6126.735737,0.58,high,med,#5698b9
10/1/2020,Q3_2021,Westminster,Trust MPS,12513,204236,6126.735737,0.84,high,med,#5698b9
10/1/2020,Q3_2021,Westminster,Fair treatment,12513,204236,6126.735737,0.71,high,med,#5698b9
10/1/2021,Q3_2122,Westminster,Good job,19992,204236,9788.675846,0.48,high,low,#5ac8c8
10/1/2021,Q3_2122,Westminster,Trust MPS,19992,204236,9788.675846,0.83,high,high,#3b4994
10/1/2021,Q3_2122,Westminster,Fair treatment,19992,204236,9788.675846,0.66,high,med,#5698b9
10/1/2022,Q3_2223,Westminster,Good job,26135,204236,12796.47075,0.56,high,high,#3b4994
10/1/2022,Q3_2223,Westminster,Trust MPS,26135,204236,12796.47075,0.74,high,high,#3b4994
10/1/2022,Q3_2223,Westminster,Fair treatment,26135,204236,12796.47075,0.58,high,med,#5698b9
10/1/2023,Q3_2324,Westminster,Good job,30277,204236,14824.51674,0.6,high,high,#3b4994
10/1/2023,Q3_2324,Westminster,Trust MPS,30277,204236,14824.51674,0.78,high,high,#3b4994
10/1/2023,Q3_2324,Westminster,Fair treatment,30277,204236,14824.51674,0.71,high,high,#3b4994
10/1/2024,Q3_2425,Westminster,Good job,28719,204236,14061.67375,0.54,high,high,#3b4994
10/1/2024,Q3_2425,Westminster,Trust MPS,28719,204236,14061.67375,0.82,high,high,#3b4994
10/1/2024,Q3_2425,Westminster,Fair treatment,28719,204236,14061.67375,0.68,high,high,#3b4994
10/1/2025,Q3_2526,Westminster,Good job,24119,204236,11809.37739,0.45,high,med,#5698b9
10/1/2025,Q3_2526,Westminster,Trust MPS,24119,204236,11809.37739,0.76,high,med,#5698b9
10/1/2025,Q3_2526,Westminster,Fair treatment,24119,204236,11809.37739,0.65,high,med,#5698b9
1/1/2015,Q4_1415,Westminster,Good job,2310,204236,1131.044478,0.75,high,high,#3b4994
1/1/2015,Q4_1415,Westminster,Fair treatment,2310,204236,1131.044478,0.74,high,med,#5698b9
1/1/2016,Q4_1516,Westminster,Good job,2358,204236,1154.546701,0.82,high,high,#3b4994
1/1/2016,Q4_1516,Westminster,Trust MPS,2358,204236,1154.546701,0.94,high,high,#3b4994
1/1/2016,Q4_1516,Westminster,Fair treatment,2358,204236,1154.546701,0.8,high,high,#3b4994
1/1/2017,Q4_1617,Westminster,Good job,2943,204236,1440.980043,0.79,high,high,#3b4994
1/1/2017,Q4_1617,Westminster,Trust MPS,2943,204236,1440.980043,0.91,high,high,#3b4994
1/1/2017,Q4_1617,Westminster,Fair treatment,2943,204236,1440.980043,0.81,high,high,#3b4994
1/1/2018,Q4_1718,Westminster,Good job,17119,204236,8381.969878,0.74,high,high,#3b4994
1/1/2018,Q4_1718,Westminster,Trust MPS,17119,204236,8381.969878,0.92,high,high,#3b4994
1/1/2018,Q4_1718,Westminster,Fair treatment,17119,204236,8381.969878,0.84,high,high,#3b4994
1/1/2019,Q4_1819,Westminster,Good job,24836,204236,12160.44184,0.71,high,high,#3b4994
1/1/2019,Q4_1819,Westminster,Trust MPS,24836,204236,12160.44184,0.89,high,high,#3b4994
1/1/2019,Q4_1819,Westminster,Fair treatment,24836,204236,12160.44184,0.87,high,high,#3b4994
1/1/2020,Q4_1920,Westminster,Good job,22469,204236,11001.48847,0.74,high,high,#3b4994
1/1/2020,Q4_1920,Westminster,Trust MPS,22469,204236,11001.48847,0.88,high,high,#3b4994
1/1/2020,Q4_1920,Westminster,Fair treatment,22469,204236,11001.48847,0.78,high,low,#5ac8c8
1/1/2021,Q4_2021,Westminster,Good job,7909,204236,3872.480855,0.53,high,low,#5ac8c8
1/1/2021,Q4_2021,Westminster,Trust MPS,7909,204236,3872.480855,0.85,high,high,#3b4994
1/1/2021,Q4_2021,Westminster,Fair treatment,7909,204236,3872.480855,0.74,high,med,#5698b9
1/1/2022,Q4_2122,Westminster,Good job,18209,204236,8915.66619,0.51,high,med,#5698b9
1/1/2022,Q4_2122,Westminster,Trust MPS,18209,204236,8915.66619,0.8,high,high,#3b4994
1/1/2022,Q4_2122,Westminster,Fair treatment,18209,204236,8915.66619,0.58,high,low,#5ac8c8
1/1/2023,Q4_2223,Westminster,Good job,23486,204236,11499.44182,0.56,high,high,#3b4994
1/1/2023,Q4_2223,Westminster,Trust MPS,23486,204236,11499.44182,0.75,high,med,#5698b9
1/1/2023,Q4_2223,Westminster,Fair treatment,23486,204236,11499.44182,0.67,high,med,#5698b9
1/1/2024,Q4_2324,Westminster,Good job,25902,204236,12682.38704,0.6,high,high,#3b4994
1/1/2024,Q4_2324,Westminster,Trust MPS,25902,204236,12682.38704,0.79,high,high,#3b4994
1/1/2024,Q4_2324,Westminster,Fair treatment,25902,204236,12682.38704,0.7,high,high,#3b4994
1/1/2025,Q4_2425,Westminster,Good job,23595,204236,11552.81145,0.48,high,med,#5698b9
1/1/2025,Q4_2425,Westminster,Trust MPS,23595,204236,11552.81145,0.8,high,high,#3b4994
1/1/2025,Q4_2425,Westminster,Fair treatment,23595,204236,11552.81145,0.65,high,med,#5698b9
1/1/2026,Q4_2526,Westminster,Good job,18783,204236,9196.713606,0.42,high,low,#5ac8c8
1/1/2026,Q4_2526,Westminster,Trust MPS,18783,204236,9196.713606,0.7,high,med,#5698b9
1/1/2026,Q4_2526,Westminster,Fair treatment,18783,204236,9196.713606,0.6,high,low,#5ac8c8
