date,quarter,borough,metric,metric_value
10/1/2014,Q3_1415,Barking and Dagenham,Good job,0.56
1/1/2015,Q4_1415,Barking and Dagenham,Good job,0.57
4/1/2015,Q1_1516,Barking and Dagenham,Good job,0.61
7/1/2015,Q2_1516,Barking and Dagenham,Good job,0.61
10/1/2015,Q3_1516,Barking and Dagenham,Good job,0.66
1/1/2016,Q4_1516,Barking and Dagenham,Good job,0.68
4/1/2016,Q1_1617,Barking and Dagenham,Good job,0.72
7/1/2016,Q2_1617,Barking and Dagenham,Good job,0.77
10/1/2016,Q3_1617,Barking and Dagenham,Good job,0.76
1/1/2017,Q4_1617,Barking and Dagenham,Good job,0.74
4/1/2017,Q1_1718,Barking and Dagenham,Good job,0.68
7/1/2017,Q2_1718,Barking and Dagenham,Good job,0.65
10/1/2017,Q3_1718,Barking and Dagenham,Good job,0.6
1/1/2018,Q4_1718,Barking and Dagenham,Good job,0.59
4/1/2018,Q1_1819,Barking and Dagenham,Good job,0.59
7/1/2018,Q2_1819,Barking and Dagenham,Good job,0.59
10/1/2018,Q3_1819,Barking and Dagenham,Good job,0.61
1/1/2019,Q4_1819,Barking and Dagenham,Good job,0.59
4/1/2019,Q1_1920,Barking and Dagenham,Good job,0.57
7/1/2019,Q2_1920,Barking and Dagenham,Good job,0.57
10/1/2019,Q3_1920,Barking and Dagenham,Good job,0.55
1/1/2020,Q4_1920,Barking and Dagenham,Good job,0.57
4/1/2020,Q1_2021,Barking and Dagenham,Good job,0.61
7/1/2020,Q2_2021,Barking and Dagenham,Good job,0.59
10/1/2020,Q3_2021,Barking and Dagenham,Good job,0.53
1/1/2021,Q4_2021,Barking and Dagenham,Good job,0.5
4/1/2021,Q1_2122,Barking and Dagenham,Good job,0.47
7/1/2021,Q2_2122,Barking and Dagenham,Good job,0.44
10/1/2021,Q3_2122,Barking and Dagenham,Good job,0.5
1/1/2022,Q4_2122,Barking and Dagenham,Good job,0.46
4/1/2022,Q1_2223,Barking and Dagenham,Good job,0.47
7/1/2022,Q2_2223,Barking and Dagenham,Good job,0.5
10/1/2022,Q3_2223,Barking and Dagenham,Good job,0.46
1/1/2023,Q4_2223,Barking and Dagenham,Good job,0.48
4/1/2023,Q1_2324,Barking and Dagenham,Good job,0.49
7/1/2023,Q2_2324,Barking and Dagenham,Good job,0.47
10/1/2023,Q3_2324,Barking and Dagenham,Good job,0.48
1/1/2024,Q4_2324,Barking and Dagenham,Good job,0.48
4/1/2024,Q1_2425,Barking and Dagenham,Good job,0.43
7/1/2024,Q2_2425,Barking and Dagenham,Good job,0.42
10/1/2024,Q3_2425,Barking and Dagenham,Good job,0.43
1/1/2025,Q4_2425,Barking and Dagenham,Good job,0.4
4/1/2025,Q1_2526,Barking and Dagenham,Good job,0.43
7/1/2025,Q2_2526,Barking and Dagenham,Good job,0.46
10/1/2025,Q3_2526,Barking and Dagenham,Good job,0.45
1/1/2026,Q4_2526,Barking and Dagenham,Good job,0.49
1/1/2016,Q4_1516,Barking and Dagenham,Trust MPS,0.83
4/1/2016,Q1_1617,Barking and Dagenham,Trust MPS,0.85
7/1/2016,Q2_1617,Barking and Dagenham,Trust MPS,0.86
10/1/2016,Q3_1617,Barking and Dagenham,Trust MPS,0.88
1/1/2017,Q4_1617,Barking and Dagenham,Trust MPS,0.89
4/1/2017,Q1_1718,Barking and Dagenham,Trust MPS,0.91
7/1/2017,Q2_1718,Barking and Dagenham,Trust MPS,0.9
10/1/2017,Q3_1718,Barking and Dagenham,Trust MPS,0.89
1/1/2018,Q4_1718,Barking and Dagenham,Trust MPS,0.86
4/1/2018,Q1_1819,Barking and Dagenham,Trust MPS,0.84
7/1/2018,Q2_1819,Barking and Dagenham,Trust MPS,0.82
10/1/2018,Q3_1819,Barking and Dagenham,Trust MPS,0.83
1/1/2019,Q4_1819,Barking and Dagenham,Trust MPS,0.83
4/1/2019,Q1_1920,Barking and Dagenham,Trust MPS,0.82
7/1/2019,Q2_1920,Barking and Dagenham,Trust MPS,0.84
10/1/2019,Q3_1920,Barking and Dagenham,Trust MPS,0.84
1/1/2020,Q4_1920,Barking and Dagenham,Trust MPS,0.85
4/1/2020,Q1_2021,Barking and Dagenham,Trust MPS,0.86
7/1/2020,Q2_2021,Barking and Dagenham,Trust MPS,0.85
10/1/2020,Q3_2021,Barking and Dagenham,Trust MPS,0.84
1/1/2021,Q4_2021,Barking and Dagenham,Trust MPS,0.81
4/1/2021,Q1_2122,Barking and Dagenham,Trust MPS,0.81
7/1/2021,Q2_2122,Barking and Dagenham,Trust MPS,0.77
10/1/2021,Q3_2122,Barking and Dagenham,Trust MPS,0.78
1/1/2022,Q4_2122,Barking and Dagenham,Trust MPS,0.77
4/1/2022,Q1_2223,Barking and Dagenham,Trust MPS,0.75
7/1/2022,Q2_2223,Barking and Dagenham,Trust MPS,0.77
10/1/2022,Q3_2223,Barking and Dagenham,Trust MPS,0.73
1/1/2023,Q4_2223,Barking and Dagenham,Trust MPS,0.71
4/1/2023,Q1_2324,Barking and Dagenham,Trust MPS,0.71
7/1/2023,Q2_2324,Barking and Dagenham,Trust MPS,0.69
10/1/2023,Q3_2324,Barking and Dagenham,Trust MPS,0.71
1/1/2024,Q4_2324,Barking and Dagenham,Trust MPS,0.74
4/1/2024,Q1_2425,Barking and Dagenham,Trust MPS,0.74
7/1/2024,Q2_2425,Barking and Dagenham,Trust MPS,0.75
10/1/2024,Q3_2425,Barking and Dagenham,Trust MPS,0.75
1/1/2025,Q4_2425,Barking and Dagenham,Trust MPS,0.74
4/1/2025,Q1_2526,Barking and Dagenham,Trust MPS,0.77
7/1/2025,Q2_2526,Barking and Dagenham,Trust MPS,0.77
10/1/2025,Q3_2526,Barking and Dagenham,Trust MPS,0.76
1/1/2026,Q4_2526,Barking and Dagenham,Trust MPS,0.76
10/1/2014,Q3_1415,Barking and Dagenham,Fair treatment,0.71
1/1/2015,Q4_1415,Barking and Dagenham,Fair treatment,0.74
4/1/2015,Q1_1516,Barking and Dagenham,Fair treatment,0.76
7/1/2015,Q2_1516,Barking and Dagenham,Fair treatment,0.76
10/1/2015,Q3_1516,Barking and Dagenham,Fair treatment,0.76
1/1/2016,Q4_1516,Barking and Dagenham,Fair treatment,0.77
4/1/2016,Q1_1617,Barking and Dagenham,Fair treatment,0.79
7/1/2016,Q2_1617,Barking and Dagenham,Fair treatment,0.79
10/1/2016,Q3_1617,Barking and Dagenham,Fair treatment,0.82
1/1/2017,Q4_1617,Barking and Dagenham,Fair treatment,0.84
4/1/2017,Q1_1718,Barking and Dagenham,Fair treatment,0.86
7/1/2017,Q2_1718,Barking and Dagenham,Fair treatment,0.88
10/1/2017,Q3_1718,Barking and Dagenham,Fair treatment,0.86
1/1/2018,Q4_1718,Barking and Dagenham,Fair treatment,0.84
4/1/2018,Q1_1819,Barking and Dagenham,Fair treatment,0.84
7/1/2018,Q2_1819,Barking and Dagenham,Fair treatment,0.82
10/1/2018,Q3_1819,Barking and Dagenham,Fair treatment,0.81
1/1/2019,Q4_1819,Barking and Dagenham,Fair treatment,0.79
4/1/2019,Q1_1920,Barking and Dagenham,Fair treatment,0.76
7/1/2019,Q2_1920,Barking and Dagenham,Fair treatment,0.79
10/1/2019,Q3_1920,Barking and Dagenham,Fair treatment,0.76
1/1/2020,Q4_1920,Barking and Dagenham,Fair treatment,0.76
4/1/2020,Q1_2021,Barking and Dagenham,Fair treatment,0.76
7/1/2020,Q2_2021,Barking and Dagenham,Fair treatment,0.73
10/1/2020,Q3_2021,Barking and Dagenham,Fair treatment,0.69
1/1/2021,Q4_2021,Barking and Dagenham,Fair treatment,0.68
4/1/2021,Q1_2122,Barking and Dagenham,Fair treatment,0.66
7/1/2021,Q2_2122,Barking and Dagenham,Fair treatment,0.66
10/1/2021,Q3_2122,Barking and Dagenham,Fair treatment,0.7
1/1/2022,Q4_2122,Barking and Dagenham,Fair treatment,0.7
4/1/2022,Q1_2223,Barking and Dagenham,Fair treatment,0.7
7/1/2022,Q2_2223,Barking and Dagenham,Fair treatment,0.71
10/1/2022,Q3_2223,Barking and Dagenham,Fair treatment,0.69
1/1/2023,Q4_2223,Barking and Dagenham,Fair treatment,0.67
4/1/2023,Q1_2324,Barking and Dagenham,Fair treatment,0.66
7/1/2023,Q2_2324,Barking and Dagenham,Fair treatment,0.63
10/1/2023,Q3_2324,Barking and Dagenham,Fair treatment,0.63
1/1/2024,Q4_2324,Barking and Dagenham,Fair treatment,0.65
4/1/2024,Q1_2425,Barking and Dagenham,Fair treatment,0.64
7/1/2024,Q2_2425,Barking and Dagenham,Fair treatment,0.67
10/1/2024,Q3_2425,Barking and Dagenham,Fair treatment,0.68
1/1/2025,Q4_2425,Barking and Dagenham,Fair treatment,0.66
4/1/2025,Q1_2526,Barking and Dagenham,Fair treatment,0.69
7/1/2025,Q2_2526,Barking and Dagenham,Fair treatment,0.69
10/1/2025,Q3_2526,Barking and Dagenham,Fair treatment,0.69
1/1/2026,Q4_2526,Barking and Dagenham,Fair treatment,0.73
10/1/2014,Q3_1415,Barnet,Good job,0.67
1/1/2015,Q4_1415,Barnet,Good job,0.64
4/1/2015,Q1_1516,Barnet,Good job,0.66
7/1/2015,Q2_1516,Barnet,Good job,0.66
10/1/2015,Q3_1516,Barnet,Good job,0.64
1/1/2016,Q4_1516,Barnet,Good job,0.67
4/1/2016,Q1_1617,Barnet,Good job,0.67
7/1/2016,Q2_1617,Barnet,Good job,0.66
10/1/2016,Q3_1617,Barnet,Good job,0.66
1/1/2017,Q4_1617,Barnet,Good job,0.69
4/1/2017,Q1_1718,Barnet,Good job,0.7
7/1/2017,Q2_1718,Barnet,Good job,0.7
10/1/2017,Q3_1718,Barnet,Good job,0.72
1/1/2018,Q4_1718,Barnet,Good job,0.68
4/1/2018,Q1_1819,Barnet,Good job,0.68
7/1/2018,Q2_1819,Barnet,Good job,0.7
10/1/2018,Q3_1819,Barnet,Good job,0.65
1/1/2019,Q4_1819,Barnet,Good job,0.61
4/1/2019,Q1_1920,Barnet,Good job,0.61
7/1/2019,Q2_1920,Barnet,Good job,0.58
10/1/2019,Q3_1920,Barnet,Good job,0.6
1/1/2020,Q4_1920,Barnet,Good job,0.62
4/1/2020,Q1_2021,Barnet,Good job,0.59
7/1/2020,Q2_2021,Barnet,Good job,0.6
10/1/2020,Q3_2021,Barnet,Good job,0.53
1/1/2021,Q4_2021,Barnet,Good job,0.51
4/1/2021,Q1_2122,Barnet,Good job,0.51
7/1/2021,Q2_2122,Barnet,Good job,0.49
10/1/2021,Q3_2122,Barnet,Good job,0.52
1/1/2022,Q4_2122,Barnet,Good job,0.51
4/1/2022,Q1_2223,Barnet,Good job,0.49
7/1/2022,Q2_2223,Barnet,Good job,0.49
10/1/2022,Q3_2223,Barnet,Good job,0.49
1/1/2023,Q4_2223,Barnet,Good job,0.48
4/1/2023,Q1_2324,Barnet,Good job,0.48
7/1/2023,Q2_2324,Barnet,Good job,0.47
10/1/2023,Q3_2324,Barnet,Good job,0.47
1/1/2024,Q4_2324,Barnet,Good job,0.48
4/1/2024,Q1_2425,Barnet,Good job,0.47
7/1/2024,Q2_2425,Barnet,Good job,0.44
10/1/2024,Q3_2425,Barnet,Good job,0.46
1/1/2025,Q4_2425,Barnet,Good job,0.46
4/1/2025,Q1_2526,Barnet,Good job,0.49
7/1/2025,Q2_2526,Barnet,Good job,0.47
10/1/2025,Q3_2526,Barnet,Good job,0.45
1/1/2026,Q4_2526,Barnet,Good job,0.45
1/1/2016,Q4_1516,Barnet,Trust MPS,0.87
4/1/2016,Q1_1617,Barnet,Trust MPS,0.87
7/1/2016,Q2_1617,Barnet,Trust MPS,0.86
10/1/2016,Q3_1617,Barnet,Trust MPS,0.88
1/1/2017,Q4_1617,Barnet,Trust MPS,0.89
4/1/2017,Q1_1718,Barnet,Trust MPS,0.89
7/1/2017,Q2_1718,Barnet,Trust MPS,0.89
10/1/2017,Q3_1718,Barnet,Trust MPS,0.85
1/1/2018,Q4_1718,Barnet,Trust MPS,0.85
4/1/2018,Q1_1819,Barnet,Trust MPS,0.85
7/1/2018,Q2_1819,Barnet,Trust MPS,0.87
10/1/2018,Q3_1819,Barnet,Trust MPS,0.9
1/1/2019,Q4_1819,Barnet,Trust MPS,0.89
4/1/2019,Q1_1920,Barnet,Trust MPS,0.9
7/1/2019,Q2_1920,Barnet,Trust MPS,0.89
10/1/2019,Q3_1920,Barnet,Trust MPS,0.9
1/1/2020,Q4_1920,Barnet,Trust MPS,0.91
4/1/2020,Q1_2021,Barnet,Trust MPS,0.88
7/1/2020,Q2_2021,Barnet,Trust MPS,0.88
10/1/2020,Q3_2021,Barnet,Trust MPS,0.84
1/1/2021,Q4_2021,Barnet,Trust MPS,0.8
4/1/2021,Q1_2122,Barnet,Trust MPS,0.79
7/1/2021,Q2_2122,Barnet,Trust MPS,0.77
10/1/2021,Q3_2122,Barnet,Trust MPS,0.78
1/1/2022,Q4_2122,Barnet,Trust MPS,0.77
4/1/2022,Q1_2223,Barnet,Trust MPS,0.75
7/1/2022,Q2_2223,Barnet,Trust MPS,0.74
10/1/2022,Q3_2223,Barnet,Trust MPS,0.76
1/1/2023,Q4_2223,Barnet,Trust MPS,0.74
4/1/2023,Q1_2324,Barnet,Trust MPS,0.73
7/1/2023,Q2_2324,Barnet,Trust MPS,0.72
10/1/2023,Q3_2324,Barnet,Trust MPS,0.7
1/1/2024,Q4_2324,Barnet,Trust MPS,0.69
4/1/2024,Q1_2425,Barnet,Trust MPS,0.7
7/1/2024,Q2_2425,Barnet,Trust MPS,0.69
10/1/2024,Q3_2425,Barnet,Trust MPS,0.7
1/1/2025,Q4_2425,Barnet,Trust MPS,0.74
4/1/2025,Q1_2526,Barnet,Trust MPS,0.76
7/1/2025,Q2_2526,Barnet,Trust MPS,0.79
10/1/2025,Q3_2526,Barnet,Trust MPS,0.78
1/1/2026,Q4_2526,Barnet,Trust MPS,0.78
10/1/2014,Q3_1415,Barnet,Fair treatment,0.74
1/1/2015,Q4_1415,Barnet,Fair treatment,0.74
4/1/2015,Q1_1516,Barnet,Fair treatment,0.79
7/1/2015,Q2_1516,Barnet,Fair treatment,0.78
10/1/2015,Q3_1516,Barnet,Fair treatment,0.82
1/1/2016,Q4_1516,Barnet,Fair treatment,0.84
4/1/2016,Q1_1617,Barnet,Fair treatment,0.83
7/1/2016,Q2_1617,Barnet,Fair treatment,0.86
10/1/2016,Q3_1617,Barnet,Fair treatment,0.85
1/1/2017,Q4_1617,Barnet,Fair treatment,0.85
4/1/2017,Q1_1718,Barnet,Fair treatment,0.86
7/1/2017,Q2_1718,Barnet,Fair treatment,0.82
10/1/2017,Q3_1718,Barnet,Fair treatment,0.8
1/1/2018,Q4_1718,Barnet,Fair treatment,0.79
4/1/2018,Q1_1819,Barnet,Fair treatment,0.78
7/1/2018,Q2_1819,Barnet,Fair treatment,0.79
10/1/2018,Q3_1819,Barnet,Fair treatment,0.78
1/1/2019,Q4_1819,Barnet,Fair treatment,0.76
4/1/2019,Q1_1920,Barnet,Fair treatment,0.78
7/1/2019,Q2_1920,Barnet,Fair treatment,0.79
10/1/2019,Q3_1920,Barnet,Fair treatment,0.83
1/1/2020,Q4_1920,Barnet,Fair treatment,0.83
4/1/2020,Q1_2021,Barnet,Fair treatment,0.81
7/1/2020,Q2_2021,Barnet,Fair treatment,0.79
10/1/2020,Q3_2021,Barnet,Fair treatment,0.74
1/1/2021,Q4_2021,Barnet,Fair treatment,0.72
4/1/2021,Q1_2122,Barnet,Fair treatment,0.72
7/1/2021,Q2_2122,Barnet,Fair treatment,0.72
10/1/2021,Q3_2122,Barnet,Fair treatment,0.74
1/1/2022,Q4_2122,Barnet,Fair treatment,0.73
4/1/2022,Q1_2223,Barnet,Fair treatment,0.71
7/1/2022,Q2_2223,Barnet,Fair treatment,0.71
10/1/2022,Q3_2223,Barnet,Fair treatment,0.72
1/1/2023,Q4_2223,Barnet,Fair treatment,0.71
4/1/2023,Q1_2324,Barnet,Fair treatment,0.68
7/1/2023,Q2_2324,Barnet,Fair treatment,0.67
10/1/2023,Q3_2324,Barnet,Fair treatment,0.6
1/1/2024,Q4_2324,Barnet,Fair treatment,0.6
4/1/2024,Q1_2425,Barnet,Fair treatment,0.59
7/1/2024,Q2_2425,Barnet,Fair treatment,0.57
10/1/2024,Q3_2425,Barnet,Fair treatment,0.66
1/1/2025,Q4_2425,Barnet,Fair treatment,0.65
4/1/2025,Q1_2526,Barnet,Fair treatment,0.65
7/1/2025,Q2_2526,Barnet,Fair treatment,0.67
10/1/2025,Q3_2526,Barnet,Fair treatment,0.62
1/1/2026,Q4_2526,Barnet,Fair treatment,0.64
10/1/2014,Q3_1415,Bexley,Fair treatment,0.78
1/1/2015,Q4_1415,Bexley,Fair treatment,0.78
4/1/2015,Q1_1516,Bexley,Fair treatment,0.77
7/1/2015,Q2_1516,Bexley,Fair treatment,0.76
10/1/2015,Q3_1516,Bexley,Fair treatment,0.79
1/1/2016,Q4_1516,Bexley,Fair treatment,0.79
4/1/2016,Q1_1617,Bexley,Fair treatment,0.83
7/1/2016,Q2_1617,Bexley,Fair treatment,0.83
10/1/2016,Q3_1617,Bexley,Fair treatment,0.85
1/1/2017,Q4_1617,Bexley,Fair treatment,0.88
4/1/2017,Q1_1718,Bexley,Fair treatment,0.87
7/1/2017,Q2_1718,Bexley,Fair treatment,0.85
10/1/2017,Q3_1718,Bexley,Fair treatment,0.86
1/1/2018,Q4_1718,Bexley,Fair treatment,0.85
4/1/2018,Q1_1819,Bexley,Fair treatment,0.84
7/1/2018,Q2_1819,Bexley,Fair treatment,0.83
10/1/2018,Q3_1819,Bexley,Fair treatment,0.79
1/1/2019,Q4_1819,Bexley,Fair treatment,0.75
4/1/2019,Q1_1920,Bexley,Fair treatment,0.77
7/1/2019,Q2_1920,Bexley,Fair treatment,0.8
10/1/2019,Q3_1920,Bexley,Fair treatment,0.81
1/1/2020,Q4_1920,Bexley,Fair treatment,0.85
4/1/2020,Q1_2021,Bexley,Fair treatment,0.85
7/1/2020,Q2_2021,Bexley,Fair treatment,0.83
10/1/2020,Q3_2021,Bexley,Fair treatment,0.83
1/1/2021,Q4_2021,Bexley,Fair treatment,0.83
4/1/2021,Q1_2122,Bexley,Fair treatment,0.81
7/1/2021,Q2_2122,Bexley,Fair treatment,0.78
10/1/2021,Q3_2122,Bexley,Fair treatment,0.79
1/1/2022,Q4_2122,Bexley,Fair treatment,0.71
4/1/2022,Q1_2223,Bexley,Fair treatment,0.68
7/1/2022,Q2_2223,Bexley,Fair treatment,0.68
10/1/2022,Q3_2223,Bexley,Fair treatment,0.67
1/1/2023,Q4_2223,Bexley,Fair treatment,0.7
4/1/2023,Q1_2324,Bexley,Fair treatment,0.72
7/1/2023,Q2_2324,Bexley,Fair treatment,0.72
10/1/2023,Q3_2324,Bexley,Fair treatment,0.71
1/1/2024,Q4_2324,Bexley,Fair treatment,0.72
4/1/2024,Q1_2425,Bexley,Fair treatment,0.72
7/1/2024,Q2_2425,Bexley,Fair treatment,0.74
10/1/2024,Q3_2425,Bexley,Fair treatment,0.75
1/1/2025,Q4_2425,Bexley,Fair treatment,0.74
4/1/2025,Q1_2526,Bexley,Fair treatment,0.72
7/1/2025,Q2_2526,Bexley,Fair treatment,0.72
10/1/2025,Q3_2526,Bexley,Fair treatment,0.69
1/1/2026,Q4_2526,Bexley,Fair treatment,0.67
10/1/2014,Q3_1415,Bexley,Good job,0.72
1/1/2015,Q4_1415,Bexley,Good job,0.7
4/1/2015,Q1_1516,Bexley,Good job,0.73
7/1/2015,Q2_1516,Bexley,Good job,0.73
10/1/2015,Q3_1516,Bexley,Good job,0.73
1/1/2016,Q4_1516,Bexley,Good job,0.76
4/1/2016,Q1_1617,Bexley,Good job,0.74
7/1/2016,Q2_1617,Bexley,Good job,0.73
10/1/2016,Q3_1617,Bexley,Good job,0.74
1/1/2017,Q4_1617,Bexley,Good job,0.72
4/1/2017,Q1_1718,Bexley,Good job,0.68
7/1/2017,Q2_1718,Bexley,Good job,0.67
10/1/2017,Q3_1718,Bexley,Good job,0.68
1/1/2018,Q4_1718,Bexley,Good job,0.71
4/1/2018,Q1_1819,Bexley,Good job,0.77
7/1/2018,Q2_1819,Bexley,Good job,0.75
10/1/2018,Q3_1819,Bexley,Good job,0.72
1/1/2019,Q4_1819,Bexley,Good job,0.67
4/1/2019,Q1_1920,Bexley,Good job,0.63
7/1/2019,Q2_1920,Bexley,Good job,0.64
10/1/2019,Q3_1920,Bexley,Good job,0.62
1/1/2020,Q4_1920,Bexley,Good job,0.62
4/1/2020,Q1_2021,Bexley,Good job,0.61
7/1/2020,Q2_2021,Bexley,Good job,0.56
10/1/2020,Q3_2021,Bexley,Good job,0.59
1/1/2021,Q4_2021,Bexley,Good job,0.59
4/1/2021,Q1_2122,Bexley,Good job,0.59
7/1/2021,Q2_2122,Bexley,Good job,0.58
10/1/2021,Q3_2122,Bexley,Good job,0.55
1/1/2022,Q4_2122,Bexley,Good job,0.51
4/1/2022,Q1_2223,Bexley,Good job,0.48
7/1/2022,Q2_2223,Bexley,Good job,0.5
10/1/2022,Q3_2223,Bexley,Good job,0.49
1/1/2023,Q4_2223,Bexley,Good job,0.51
4/1/2023,Q1_2324,Bexley,Good job,0.54
7/1/2023,Q2_2324,Bexley,Good job,0.52
10/1/2023,Q3_2324,Bexley,Good job,0.54
1/1/2024,Q4_2324,Bexley,Good job,0.55
4/1/2024,Q1_2425,Bexley,Good job,0.54
7/1/2024,Q2_2425,Bexley,Good job,0.52
10/1/2024,Q3_2425,Bexley,Good job,0.5
1/1/2025,Q4_2425,Bexley,Good job,0.49
4/1/2025,Q1_2526,Bexley,Good job,0.45
7/1/2025,Q2_2526,Bexley,Good job,0.49
10/1/2025,Q3_2526,Bexley,Good job,0.48
1/1/2026,Q4_2526,Bexley,Good job,0.47
1/1/2016,Q4_1516,Bexley,Trust MPS,0.9
4/1/2016,Q1_1617,Bexley,Trust MPS,0.9
7/1/2016,Q2_1617,Bexley,Trust MPS,0.91
10/1/2016,Q3_1617,Bexley,Trust MPS,0.91
1/1/2017,Q4_1617,Bexley,Trust MPS,0.92
4/1/2017,Q1_1718,Bexley,Trust MPS,0.93
7/1/2017,Q2_1718,Bexley,Trust MPS,0.91
10/1/2017,Q3_1718,Bexley,Trust MPS,0.91
1/1/2018,Q4_1718,Bexley,Trust MPS,0.9
4/1/2018,Q1_1819,Bexley,Trust MPS,0.89
7/1/2018,Q2_1819,Bexley,Trust MPS,0.89
10/1/2018,Q3_1819,Bexley,Trust MPS,0.87
1/1/2019,Q4_1819,Bexley,Trust MPS,0.84
4/1/2019,Q1_1920,Bexley,Trust MPS,0.84
7/1/2019,Q2_1920,Bexley,Trust MPS,0.83
10/1/2019,Q3_1920,Bexley,Trust MPS,0.85
1/1/2020,Q4_1920,Bexley,Trust MPS,0.88
4/1/2020,Q1_2021,Bexley,Trust MPS,0.89
7/1/2020,Q2_2021,Bexley,Trust MPS,0.9
10/1/2020,Q3_2021,Bexley,Trust MPS,0.89
1/1/2021,Q4_2021,Bexley,Trust MPS,0.88
4/1/2021,Q1_2122,Bexley,Trust MPS,0.87
7/1/2021,Q2_2122,Bexley,Trust MPS,0.85
10/1/2021,Q3_2122,Bexley,Trust MPS,0.85
1/1/2022,Q4_2122,Bexley,Trust MPS,0.79
4/1/2022,Q1_2223,Bexley,Trust MPS,0.77
7/1/2022,Q2_2223,Bexley,Trust MPS,0.74
10/1/2022,Q3_2223,Bexley,Trust MPS,0.73
1/1/2023,Q4_2223,Bexley,Trust MPS,0.75
4/1/2023,Q1_2324,Bexley,Trust MPS,0.73
7/1/2023,Q2_2324,Bexley,Trust MPS,0.75
10/1/2023,Q3_2324,Bexley,Trust MPS,0.74
1/1/2024,Q4_2324,Bexley,Trust MPS,0.76
4/1/2024,Q1_2425,Bexley,Trust MPS,0.76
7/1/2024,Q2_2425,Bexley,Trust MPS,0.74
10/1/2024,Q3_2425,Bexley,Trust MPS,0.75
1/1/2025,Q4_2425,Bexley,Trust MPS,0.76
4/1/2025,Q1_2526,Bexley,Trust MPS,0.76
7/1/2025,Q2_2526,Bexley,Trust MPS,0.78
10/1/2025,Q3_2526,Bexley,Trust MPS,0.75
1/1/2026,Q4_2526,Bexley,Trust MPS,0.74
10/1/2014,Q3_1415,Brent,Good job,0.66
1/1/2015,Q4_1415,Brent,Good job,0.6
4/1/2015,Q1_1516,Brent,Good job,0.62
7/1/2015,Q2_1516,Brent,Good job,0.61
10/1/2015,Q3_1516,Brent,Good job,0.59
1/1/2016,Q4_1516,Brent,Good job,0.63
4/1/2016,Q1_1617,Brent,Good job,0.62
7/1/2016,Q2_1617,Brent,Good job,0.62
10/1/2016,Q3_1617,Brent,Good job,0.63
1/1/2017,Q4_1617,Brent,Good job,0.61
4/1/2017,Q1_1718,Brent,Good job,0.64
7/1/2017,Q2_1718,Brent,Good job,0.65
10/1/2017,Q3_1718,Brent,Good job,0.67
1/1/2018,Q4_1718,Brent,Good job,0.68
4/1/2018,Q1_1819,Brent,Good job,0.63
7/1/2018,Q2_1819,Brent,Good job,0.61
10/1/2018,Q3_1819,Brent,Good job,0.54
1/1/2019,Q4_1819,Brent,Good job,0.52
4/1/2019,Q1_1920,Brent,Good job,0.51
7/1/2019,Q2_1920,Brent,Good job,0.52
10/1/2019,Q3_1920,Brent,Good job,0.55
1/1/2020,Q4_1920,Brent,Good job,0.57
4/1/2020,Q1_2021,Brent,Good job,0.6
7/1/2020,Q2_2021,Brent,Good job,0.57
10/1/2020,Q3_2021,Brent,Good job,0.57
1/1/2021,Q4_2021,Brent,Good job,0.55
4/1/2021,Q1_2122,Brent,Good job,0.53
7/1/2021,Q2_2122,Brent,Good job,0.57
10/1/2021,Q3_2122,Brent,Good job,0.58
1/1/2022,Q4_2122,Brent,Good job,0.56
4/1/2022,Q1_2223,Brent,Good job,0.56
7/1/2022,Q2_2223,Brent,Good job,0.54
10/1/2022,Q3_2223,Brent,Good job,0.53
1/1/2023,Q4_2223,Brent,Good job,0.56
4/1/2023,Q1_2324,Brent,Good job,0.53
7/1/2023,Q2_2324,Brent,Good job,0.51
10/1/2023,Q3_2324,Brent,Good job,0.49
1/1/2024,Q4_2324,Brent,Good job,0.46
4/1/2024,Q1_2425,Brent,Good job,0.48
7/1/2024,Q2_2425,Brent,Good job,0.45
10/1/2024,Q3_2425,Brent,Good job,0.43
1/1/2025,Q4_2425,Brent,Good job,0.42
4/1/2025,Q1_2526,Brent,Good job,0.4
7/1/2025,Q2_2526,Brent,Good job,0.44
10/1/2025,Q3_2526,Brent,Good job,0.45
1/1/2026,Q4_2526,Brent,Good job,0.45
1/1/2016,Q4_1516,Brent,Trust MPS,0.83
4/1/2016,Q1_1617,Brent,Trust MPS,0.85
7/1/2016,Q2_1617,Brent,Trust MPS,0.88
10/1/2016,Q3_1617,Brent,Trust MPS,0.87
1/1/2017,Q4_1617,Brent,Trust MPS,0.86
4/1/2017,Q1_1718,Brent,Trust MPS,0.86
7/1/2017,Q2_1718,Brent,Trust MPS,0.79
10/1/2017,Q3_1718,Brent,Trust MPS,0.8
1/1/2018,Q4_1718,Brent,Trust MPS,0.82
4/1/2018,Q1_1819,Brent,Trust MPS,0.8
7/1/2018,Q2_1819,Brent,Trust MPS,0.83
10/1/2018,Q3_1819,Brent,Trust MPS,0.82
1/1/2019,Q4_1819,Brent,Trust MPS,0.81
4/1/2019,Q1_1920,Brent,Trust MPS,0.83
7/1/2019,Q2_1920,Brent,Trust MPS,0.88
10/1/2019,Q3_1920,Brent,Trust MPS,0.89
1/1/2020,Q4_1920,Brent,Trust MPS,0.91
4/1/2020,Q1_2021,Brent,Trust MPS,0.87
7/1/2020,Q2_2021,Brent,Trust MPS,0.81
10/1/2020,Q3_2021,Brent,Trust MPS,0.81
1/1/2021,Q4_2021,Brent,Trust MPS,0.77
4/1/2021,Q1_2122,Brent,Trust MPS,0.8
7/1/2021,Q2_2122,Brent,Trust MPS,0.83
10/1/2021,Q3_2122,Brent,Trust MPS,0.81
1/1/2022,Q4_2122,Brent,Trust MPS,0.78
4/1/2022,Q1_2223,Brent,Trust MPS,0.76
7/1/2022,Q2_2223,Brent,Trust MPS,0.73
10/1/2022,Q3_2223,Brent,Trust MPS,0.73
1/1/2023,Q4_2223,Brent,Trust MPS,0.78
4/1/2023,Q1_2324,Brent,Trust MPS,0.77
7/1/2023,Q2_2324,Brent,Trust MPS,0.75
10/1/2023,Q3_2324,Brent,Trust MPS,0.75
1/1/2024,Q4_2324,Brent,Trust MPS,0.73
4/1/2024,Q1_2425,Brent,Trust MPS,0.74
7/1/2024,Q2_2425,Brent,Trust MPS,0.75
10/1/2024,Q3_2425,Brent,Trust MPS,0.75
1/1/2025,Q4_2425,Brent,Trust MPS,0.77
4/1/2025,Q1_2526,Brent,Trust MPS,0.79
7/1/2025,Q2_2526,Brent,Trust MPS,0.78
10/1/2025,Q3_2526,Brent,Trust MPS,0.77
1/1/2026,Q4_2526,Brent,Trust MPS,0.74
10/1/2014,Q3_1415,Brent,Fair treatment,0.76
1/1/2015,Q4_1415,Brent,Fair treatment,0.78
4/1/2015,Q1_1516,Brent,Fair treatment,0.73
7/1/2015,Q2_1516,Brent,Fair treatment,0.7
10/1/2015,Q3_1516,Brent,Fair treatment,0.69
1/1/2016,Q4_1516,Brent,Fair treatment,0.68
4/1/2016,Q1_1617,Brent,Fair treatment,0.67
7/1/2016,Q2_1617,Brent,Fair treatment,0.68
10/1/2016,Q3_1617,Brent,Fair treatment,0.69
1/1/2017,Q4_1617,Brent,Fair treatment,0.67
4/1/2017,Q1_1718,Brent,Fair treatment,0.67
7/1/2017,Q2_1718,Brent,Fair treatment,0.66
10/1/2017,Q3_1718,Brent,Fair treatment,0.67
1/1/2018,Q4_1718,Brent,Fair treatment,0.72
4/1/2018,Q1_1819,Brent,Fair treatment,0.75
7/1/2018,Q2_1819,Brent,Fair treatment,0.74
10/1/2018,Q3_1819,Brent,Fair treatment,0.73
1/1/2019,Q4_1819,Brent,Fair treatment,0.73
4/1/2019,Q1_1920,Brent,Fair treatment,0.72
7/1/2019,Q2_1920,Brent,Fair treatment,0.8
10/1/2019,Q3_1920,Brent,Fair treatment,0.85
1/1/2020,Q4_1920,Brent,Fair treatment,0.88
4/1/2020,Q1_2021,Brent,Fair treatment,0.88
7/1/2020,Q2_2021,Brent,Fair treatment,0.81
10/1/2020,Q3_2021,Brent,Fair treatment,0.76
1/1/2021,Q4_2021,Brent,Fair treatment,0.7
4/1/2021,Q1_2122,Brent,Fair treatment,0.7
7/1/2021,Q2_2122,Brent,Fair treatment,0.71
10/1/2021,Q3_2122,Brent,Fair treatment,0.7
1/1/2022,Q4_2122,Brent,Fair treatment,0.68
4/1/2022,Q1_2223,Brent,Fair treatment,0.69
7/1/2022,Q2_2223,Brent,Fair treatment,0.71
10/1/2022,Q3_2223,Brent,Fair treatment,0.72
1/1/2023,Q4_2223,Brent,Fair treatment,0.8
4/1/2023,Q1_2324,Brent,Fair treatment,0.71
7/1/2023,Q2_2324,Brent,Fair treatment,0.67
10/1/2023,Q3_2324,Brent,Fair treatment,0.64
1/1/2024,Q4_2324,Brent,Fair treatment,0.57
4/1/2024,Q1_2425,Brent,Fair treatment,0.63
7/1/2024,Q2_2425,Brent,Fair treatment,0.63
10/1/2024,Q3_2425,Brent,Fair treatment,0.63
1/1/2025,Q4_2425,Brent,Fair treatment,0.64
4/1/2025,Q1_2526,Brent,Fair treatment,0.64
7/1/2025,Q2_2526,Brent,Fair treatment,0.67
10/1/2025,Q3_2526,Brent,Fair treatment,0.66
1/1/2026,Q4_2526,Brent,Fair treatment,0.66
4/1/2023,Q1_2324,Bexley,Trust MPS,0.73
7/1/2023,Q2_2324,Bexley,Trust MPS,0.75
10/1/2023,Q3_2324,Bexley,Trust MPS,0.74
1/1/2024,Q4_2324,Bexley,Trust MPS,0.76
4/1/2024,Q1_2425,Bexley,Trust MPS,0.76
7/1/2024,Q2_2425,Bexley,Trust MPS,0.74
10/1/2024,Q3_2425,Bexley,Trust MPS,0.75
1/1/2025,Q4_2425,Bexley,Trust MPS,0.76
4/1/2025,Q1_2526,Bexley,Trust MPS,0.76
7/1/2025,Q2_2526,Bexley,Trust MPS,0.78
10/1/2025,Q3_2526,Bexley,Trust MPS,0.75
1/1/2026,Q4_2526,Bexley,Trust MPS,0.74
10/1/2014,Q3_1415,Bromley,Good job,0.71
1/1/2015,Q4_1415,Bromley,Good job,0.73
4/1/2015,Q1_1516,Bromley,Good job,0.74
7/1/2015,Q2_1516,Bromley,Good job,0.73
10/1/2015,Q3_1516,Bromley,Good job,0.7
1/1/2016,Q4_1516,Bromley,Good job,0.7
4/1/2016,Q1_1617,Bromley,Good job,0.69
7/1/2016,Q2_1617,Bromley,Good job,0.69
10/1/2016,Q3_1617,Bromley,Good job,0.71
1/1/2017,Q4_1617,Bromley,Good job,0.69
4/1/2017,Q1_1718,Bromley,Good job,0.67
7/1/2017,Q2_1718,Bromley,Good job,0.67
10/1/2017,Q3_1718,Bromley,Good job,0.67
1/1/2018,Q4_1718,Bromley,Good job,0.72
4/1/2018,Q1_1819,Bromley,Good job,0.71
7/1/2018,Q2_1819,Bromley,Good job,0.68
10/1/2018,Q3_1819,Bromley,Good job,0.68
1/1/2019,Q4_1819,Bromley,Good job,0.66
4/1/2019,Q1_1920,Bromley,Good job,0.65
7/1/2019,Q2_1920,Bromley,Good job,0.69
10/1/2019,Q3_1920,Bromley,Good job,0.65
1/1/2020,Q4_1920,Bromley,Good job,0.65
4/1/2020,Q1_2021,Bromley,Good job,0.66
7/1/2020,Q2_2021,Bromley,Good job,0.64
10/1/2020,Q3_2021,Bromley,Good job,0.67
1/1/2021,Q4_2021,Bromley,Good job,0.62
4/1/2021,Q1_2122,Bromley,Good job,0.62
7/1/2021,Q2_2122,Bromley,Good job,0.6
10/1/2021,Q3_2122,Bromley,Good job,0.56
1/1/2022,Q4_2122,Bromley,Good job,0.58
4/1/2022,Q1_2223,Bromley,Good job,0.56
7/1/2022,Q2_2223,Bromley,Good job,0.56
10/1/2022,Q3_2223,Bromley,Good job,0.55
1/1/2023,Q4_2223,Bromley,Good job,0.54
4/1/2023,Q1_2324,Bromley,Good job,0.54
7/1/2023,Q2_2324,Bromley,Good job,0.52
10/1/2023,Q3_2324,Bromley,Good job,0.51
1/1/2024,Q4_2324,Bromley,Good job,0.5
4/1/2024,Q1_2425,Bromley,Good job,0.48
7/1/2024,Q2_2425,Bromley,Good job,0.47
10/1/2024,Q3_2425,Bromley,Good job,0.46
1/1/2025,Q4_2425,Bromley,Good job,0.43
4/1/2025,Q1_2526,Bromley,Good job,0.44
7/1/2025,Q2_2526,Bromley,Good job,0.45
10/1/2025,Q3_2526,Bromley,Good job,0.45
1/1/2026,Q4_2526,Bromley,Good job,0.45
1/1/2016,Q4_1516,Bromley,Trust MPS,0.88
4/1/2016,Q1_1617,Bromley,Trust MPS,0.87
7/1/2016,Q2_1617,Bromley,Trust MPS,0.89
10/1/2016,Q3_1617,Bromley,Trust MPS,0.91
1/1/2017,Q4_1617,Bromley,Trust MPS,0.89
4/1/2017,Q1_1718,Bromley,Trust MPS,0.91
7/1/2017,Q2_1718,Bromley,Trust MPS,0.86
10/1/2017,Q3_1718,Bromley,Trust MPS,0.87
1/1/2018,Q4_1718,Bromley,Trust MPS,0.87
4/1/2018,Q1_1819,Bromley,Trust MPS,0.86
7/1/2018,Q2_1819,Bromley,Trust MPS,0.88
10/1/2018,Q3_1819,Bromley,Trust MPS,0.88
1/1/2019,Q4_1819,Bromley,Trust MPS,0.88
4/1/2019,Q1_1920,Bromley,Trust MPS,0.88
7/1/2019,Q2_1920,Bromley,Trust MPS,0.89
10/1/2019,Q3_1920,Bromley,Trust MPS,0.88
1/1/2020,Q4_1920,Bromley,Trust MPS,0.89
4/1/2020,Q1_2021,Bromley,Trust MPS,0.9
7/1/2020,Q2_2021,Bromley,Trust MPS,0.89
10/1/2020,Q3_2021,Bromley,Trust MPS,0.89
1/1/2021,Q4_2021,Bromley,Trust MPS,0.87
4/1/2021,Q1_2122,Bromley,Trust MPS,0.84
7/1/2021,Q2_2122,Bromley,Trust MPS,0.81
10/1/2021,Q3_2122,Bromley,Trust MPS,0.79
1/1/2022,Q4_2122,Bromley,Trust MPS,0.75
4/1/2022,Q1_2223,Bromley,Trust MPS,0.75
7/1/2022,Q2_2223,Bromley,Trust MPS,0.73
10/1/2022,Q3_2223,Bromley,Trust MPS,0.72
1/1/2023,Q4_2223,Bromley,Trust MPS,0.71
4/1/2023,Q1_2324,Bromley,Trust MPS,0.68
7/1/2023,Q2_2324,Bromley,Trust MPS,0.69
10/1/2023,Q3_2324,Bromley,Trust MPS,0.68
1/1/2024,Q4_2324,Bromley,Trust MPS,0.69
4/1/2024,Q1_2425,Bromley,Trust MPS,0.73
7/1/2024,Q2_2425,Bromley,Trust MPS,0.72
10/1/2024,Q3_2425,Bromley,Trust MPS,0.71
1/1/2025,Q4_2425,Bromley,Trust MPS,0.7
4/1/2025,Q1_2526,Bromley,Trust MPS,0.69
7/1/2025,Q2_2526,Bromley,Trust MPS,0.7
10/1/2025,Q3_2526,Bromley,Trust MPS,0.71
1/1/2026,Q4_2526,Bromley,Trust MPS,0.69
10/1/2014,Q3_1415,Bromley,Fair treatment,0.66
1/1/2015,Q4_1415,Bromley,Fair treatment,0.73
4/1/2015,Q1_1516,Bromley,Fair treatment,0.74
7/1/2015,Q2_1516,Bromley,Fair treatment,0.77
10/1/2015,Q3_1516,Bromley,Fair treatment,0.81
1/1/2016,Q4_1516,Bromley,Fair treatment,0.8
4/1/2016,Q1_1617,Bromley,Fair treatment,0.8
7/1/2016,Q2_1617,Bromley,Fair treatment,0.84
10/1/2016,Q3_1617,Bromley,Fair treatment,0.83
1/1/2017,Q4_1617,Bromley,Fair treatment,0.81
4/1/2017,Q1_1718,Bromley,Fair treatment,0.83
7/1/2017,Q2_1718,Bromley,Fair treatment,0.79
10/1/2017,Q3_1718,Bromley,Fair treatment,0.79
1/1/2018,Q4_1718,Bromley,Fair treatment,0.77
4/1/2018,Q1_1819,Bromley,Fair treatment,0.74
7/1/2018,Q2_1819,Bromley,Fair treatment,0.78
10/1/2018,Q3_1819,Bromley,Fair treatment,0.8
1/1/2019,Q4_1819,Bromley,Fair treatment,0.83
4/1/2019,Q1_1920,Bromley,Fair treatment,0.84
7/1/2019,Q2_1920,Bromley,Fair treatment,0.84
10/1/2019,Q3_1920,Bromley,Fair treatment,0.8
1/1/2020,Q4_1920,Bromley,Fair treatment,0.83
4/1/2020,Q1_2021,Bromley,Fair treatment,0.84
7/1/2020,Q2_2021,Bromley,Fair treatment,0.82
10/1/2020,Q3_2021,Bromley,Fair treatment,0.81
1/1/2021,Q4_2021,Bromley,Fair treatment,0.78
4/1/2021,Q1_2122,Bromley,Fair treatment,0.71
7/1/2021,Q2_2122,Bromley,Fair treatment,0.66
10/1/2021,Q3_2122,Bromley,Fair treatment,0.62
1/1/2022,Q4_2122,Bromley,Fair treatment,0.59
4/1/2022,Q1_2223,Bromley,Fair treatment,0.62
7/1/2022,Q2_2223,Bromley,Fair treatment,0.64
10/1/2022,Q3_2223,Bromley,Fair treatment,0.67
1/1/2023,Q4_2223,Bromley,Fair treatment,0.66
4/1/2023,Q1_2324,Bromley,Fair treatment,0.65
7/1/2023,Q2_2324,Bromley,Fair treatment,0.64
10/1/2023,Q3_2324,Bromley,Fair treatment,0.6
1/1/2024,Q4_2324,Bromley,Fair treatment,0.59
4/1/2024,Q1_2425,Bromley,Fair treatment,0.58
7/1/2024,Q2_2425,Bromley,Fair treatment,0.59
10/1/2024,Q3_2425,Bromley,Fair treatment,0.58
1/1/2025,Q4_2425,Bromley,Fair treatment,0.61
4/1/2025,Q1_2526,Bromley,Fair treatment,0.63
7/1/2025,Q2_2526,Bromley,Fair treatment,0.65
10/1/2025,Q3_2526,Bromley,Fair treatment,0.66
1/1/2026,Q4_2526,Bromley,Fair treatment,0.64
10/1/2014,Q3_1415,Camden,Good job,0.67
1/1/2015,Q4_1415,Camden,Good job,0.67
4/1/2015,Q1_1516,Camden,Good job,0.68
7/1/2015,Q2_1516,Camden,Good job,0.68
10/1/2015,Q3_1516,Camden,Good job,0.7
1/1/2016,Q4_1516,Camden,Good job,0.7
4/1/2016,Q1_1617,Camden,Good job,0.69
7/1/2016,Q2_1617,Camden,Good job,0.72
10/1/2016,Q3_1617,Camden,Good job,0.68
1/1/2017,Q4_1617,Camden,Good job,0.69
4/1/2017,Q1_1718,Camden,Good job,0.66
7/1/2017,Q2_1718,Camden,Good job,0.63
10/1/2017,Q3_1718,Camden,Good job,0.6
1/1/2018,Q4_1718,Camden,Good job,0.57
4/1/2018,Q1_1819,Camden,Good job,0.6
7/1/2018,Q2_1819,Camden,Good job,0.61
10/1/2018,Q3_1819,Camden,Good job,0.6
1/1/2019,Q4_1819,Camden,Good job,0.59
4/1/2019,Q1_1920,Camden,Good job,0.58
7/1/2019,Q2_1920,Camden,Good job,0.54
10/1/2019,Q3_1920,Camden,Good job,0.6
1/1/2020,Q4_1920,Camden,Good job,0.61
4/1/2020,Q1_2021,Camden,Good job,0.58
7/1/2020,Q2_2021,Camden,Good job,0.59
10/1/2020,Q3_2021,Camden,Good job,0.56
1/1/2021,Q4_2021,Camden,Good job,0.54
4/1/2021,Q1_2122,Camden,Good job,0.53
7/1/2021,Q2_2122,Camden,Good job,0.49
10/1/2021,Q3_2122,Camden,Good job,0.49
1/1/2022,Q4_2122,Camden,Good job,0.46
4/1/2022,Q1_2223,Camden,Good job,0.45
7/1/2022,Q2_2223,Camden,Good job,0.46
10/1/2022,Q3_2223,Camden,Good job,0.41
1/1/2023,Q4_2223,Camden,Good job,0.44
4/1/2023,Q1_2324,Camden,Good job,0.44
7/1/2023,Q2_2324,Camden,Good job,0.47
10/1/2023,Q3_2324,Camden,Good job,0.48
1/1/2024,Q4_2324,Camden,Good job,0.48
4/1/2024,Q1_2425,Camden,Good job,0.46
7/1/2024,Q2_2425,Camden,Good job,0.41
10/1/2024,Q3_2425,Camden,Good job,0.39
1/1/2025,Q4_2425,Camden,Good job,0.38
4/1/2025,Q1_2526,Camden,Good job,0.35
7/1/2025,Q2_2526,Camden,Good job,0.38
10/1/2025,Q3_2526,Camden,Good job,0.38
1/1/2026,Q4_2526,Camden,Good job,0.36
1/1/2016,Q4_1516,Camden,Trust MPS,0.84
4/1/2016,Q1_1617,Camden,Trust MPS,0.87
7/1/2016,Q2_1617,Camden,Trust MPS,0.89
10/1/2016,Q3_1617,Camden,Trust MPS,0.88
1/1/2017,Q4_1617,Camden,Trust MPS,0.88
4/1/2017,Q1_1718,Camden,Trust MPS,0.88
7/1/2017,Q2_1718,Camden,Trust MPS,0.87
10/1/2017,Q3_1718,Camden,Trust MPS,0.88
1/1/2018,Q4_1718,Camden,Trust MPS,0.89
4/1/2018,Q1_1819,Camden,Trust MPS,0.89
7/1/2018,Q2_1819,Camden,Trust MPS,0.87
10/1/2018,Q3_1819,Camden,Trust MPS,0.85
1/1/2019,Q4_1819,Camden,Trust MPS,0.84
4/1/2019,Q1_1920,Camden,Trust MPS,0.81
7/1/2019,Q2_1920,Camden,Trust MPS,0.82
10/1/2019,Q3_1920,Camden,Trust MPS,0.83
1/1/2020,Q4_1920,Camden,Trust MPS,0.79
4/1/2020,Q1_2021,Camden,Trust MPS,0.8
7/1/2020,Q2_2021,Camden,Trust MPS,0.76
10/1/2020,Q3_2021,Camden,Trust MPS,0.74
1/1/2021,Q4_2021,Camden,Trust MPS,0.77
4/1/2021,Q1_2122,Camden,Trust MPS,0.77
7/1/2021,Q2_2122,Camden,Trust MPS,0.77
10/1/2021,Q3_2122,Camden,Trust MPS,0.73
1/1/2022,Q4_2122,Camden,Trust MPS,0.7
4/1/2022,Q1_2223,Camden,Trust MPS,0.68
7/1/2022,Q2_2223,Camden,Trust MPS,0.66
10/1/2022,Q3_2223,Camden,Trust MPS,0.68
1/1/2023,Q4_2223,Camden,Trust MPS,0.67
4/1/2023,Q1_2324,Camden,Trust MPS,0.67
7/1/2023,Q2_2324,Camden,Trust MPS,0.67
10/1/2023,Q3_2324,Camden,Trust MPS,0.66
1/1/2024,Q4_2324,Camden,Trust MPS,0.67
4/1/2024,Q1_2425,Camden,Trust MPS,0.65
7/1/2024,Q2_2425,Camden,Trust MPS,0.65
10/1/2024,Q3_2425,Camden,Trust MPS,0.64
1/1/2025,Q4_2425,Camden,Trust MPS,0.65
4/1/2025,Q1_2526,Camden,Trust MPS,0.67
7/1/2025,Q2_2526,Camden,Trust MPS,0.67
10/1/2025,Q3_2526,Camden,Trust MPS,0.68
1/1/2026,Q4_2526,Camden,Trust MPS,0.67
10/1/2014,Q3_1415,Camden,Fair treatment,0.67
1/1/2015,Q4_1415,Camden,Fair treatment,0.68
4/1/2015,Q1_1516,Camden,Fair treatment,0.67
7/1/2015,Q2_1516,Camden,Fair treatment,0.69
10/1/2015,Q3_1516,Camden,Fair treatment,0.74
1/1/2016,Q4_1516,Camden,Fair treatment,0.75
4/1/2016,Q1_1617,Camden,Fair treatment,0.78
7/1/2016,Q2_1617,Camden,Fair treatment,0.8
10/1/2016,Q3_1617,Camden,Fair treatment,0.77
1/1/2017,Q4_1617,Camden,Fair treatment,0.76
4/1/2017,Q1_1718,Camden,Fair treatment,0.74
7/1/2017,Q2_1718,Camden,Fair treatment,0.69
10/1/2017,Q3_1718,Camden,Fair treatment,0.69
1/1/2018,Q4_1718,Camden,Fair treatment,0.69
4/1/2018,Q1_1819,Camden,Fair treatment,0.69
7/1/2018,Q2_1819,Camden,Fair treatment,0.7
10/1/2018,Q3_1819,Camden,Fair treatment,0.7
1/1/2019,Q4_1819,Camden,Fair treatment,0.71
4/1/2019,Q1_1920,Camden,Fair treatment,0.72
7/1/2019,Q2_1920,Camden,Fair treatment,0.72
10/1/2019,Q3_1920,Camden,Fair treatment,0.71
1/1/2020,Q4_1920,Camden,Fair treatment,0.66
4/1/2020,Q1_2021,Camden,Fair treatment,0.64
7/1/2020,Q2_2021,Camden,Fair treatment,0.63
10/1/2020,Q3_2021,Camden,Fair treatment,0.61
1/1/2021,Q4_2021,Camden,Fair treatment,0.61
4/1/2021,Q1_2122,Camden,Fair treatment,0.58
7/1/2021,Q2_2122,Camden,Fair treatment,0.57
10/1/2021,Q3_2122,Camden,Fair treatment,0.56
1/1/2022,Q4_2122,Camden,Fair treatment,0.52
4/1/2022,Q1_2223,Camden,Fair treatment,0.51
7/1/2022,Q2_2223,Camden,Fair treatment,0.5
10/1/2022,Q3_2223,Camden,Fair treatment,0.47
1/1/2023,Q4_2223,Camden,Fair treatment,0.49
4/1/2023,Q1_2324,Camden,Fair treatment,0.48
7/1/2023,Q2_2324,Camden,Fair treatment,0.5
10/1/2023,Q3_2324,Camden,Fair treatment,0.52
1/1/2024,Q4_2324,Camden,Fair treatment,0.53
4/1/2024,Q1_2425,Camden,Fair treatment,0.55
7/1/2024,Q2_2425,Camden,Fair treatment,0.54
10/1/2024,Q3_2425,Camden,Fair treatment,0.54
1/1/2025,Q4_2425,Camden,Fair treatment,0.52
4/1/2025,Q1_2526,Camden,Fair treatment,0.51
7/1/2025,Q2_2526,Camden,Fair treatment,0.53
10/1/2025,Q3_2526,Camden,Fair treatment,0.52
1/1/2026,Q4_2526,Camden,Fair treatment,0.5
10/1/2014,Q3_1415,Croydon,Good job,0.63
1/1/2015,Q4_1415,Croydon,Good job,0.55
4/1/2015,Q1_1516,Croydon,Good job,0.6
7/1/2015,Q2_1516,Croydon,Good job,0.59
10/1/2015,Q3_1516,Croydon,Good job,0.57
1/1/2016,Q4_1516,Croydon,Good job,0.62
4/1/2016,Q1_1617,Croydon,Good job,0.62
7/1/2016,Q2_1617,Croydon,Good job,0.59
10/1/2016,Q3_1617,Croydon,Good job,0.64
1/1/2017,Q4_1617,Croydon,Good job,0.59
4/1/2017,Q1_1718,Croydon,Good job,0.59
7/1/2017,Q2_1718,Croydon,Good job,0.63
10/1/2017,Q3_1718,Croydon,Good job,0.61
1/1/2018,Q4_1718,Croydon,Good job,0.59
4/1/2018,Q1_1819,Croydon,Good job,0.57
7/1/2018,Q2_1819,Croydon,Good job,0.56
10/1/2018,Q3_1819,Croydon,Good job,0.55
1/1/2019,Q4_1819,Croydon,Good job,0.56
4/1/2019,Q1_1920,Croydon,Good job,0.54
7/1/2019,Q2_1920,Croydon,Good job,0.56
10/1/2019,Q3_1920,Croydon,Good job,0.55
1/1/2020,Q4_1920,Croydon,Good job,0.52
4/1/2020,Q1_2021,Croydon,Good job,0.53
7/1/2020,Q2_2021,Croydon,Good job,0.49
10/1/2020,Q3_2021,Croydon,Good job,0.5
1/1/2021,Q4_2021,Croydon,Good job,0.53
4/1/2021,Q1_2122,Croydon,Good job,0.5
7/1/2021,Q2_2122,Croydon,Good job,0.49
10/1/2021,Q3_2122,Croydon,Good job,0.43
1/1/2022,Q4_2122,Croydon,Good job,0.37
4/1/2022,Q1_2223,Croydon,Good job,0.38
7/1/2022,Q2_2223,Croydon,Good job,0.38
10/1/2022,Q3_2223,Croydon,Good job,0.38
1/1/2023,Q4_2223,Croydon,Good job,0.4
4/1/2023,Q1_2324,Croydon,Good job,0.38
7/1/2023,Q2_2324,Croydon,Good job,0.38
10/1/2023,Q3_2324,Croydon,Good job,0.38
1/1/2024,Q4_2324,Croydon,Good job,0.41
4/1/2024,Q1_2425,Croydon,Good job,0.42
7/1/2024,Q2_2425,Croydon,Good job,0.42
10/1/2024,Q3_2425,Croydon,Good job,0.44
1/1/2025,Q4_2425,Croydon,Good job,0.43
4/1/2025,Q1_2526,Croydon,Good job,0.41
7/1/2025,Q2_2526,Croydon,Good job,0.44
10/1/2025,Q3_2526,Croydon,Good job,0.44
1/1/2026,Q4_2526,Croydon,Good job,0.44
1/1/2016,Q4_1516,Croydon,Trust MPS,0.82
4/1/2016,Q1_1617,Croydon,Trust MPS,0.81
7/1/2016,Q2_1617,Croydon,Trust MPS,0.81
10/1/2016,Q3_1617,Croydon,Trust MPS,0.83
1/1/2017,Q4_1617,Croydon,Trust MPS,0.83
4/1/2017,Q1_1718,Croydon,Trust MPS,0.83
7/1/2017,Q2_1718,Croydon,Trust MPS,0.85
10/1/2017,Q3_1718,Croydon,Trust MPS,0.84
1/1/2018,Q4_1718,Croydon,Trust MPS,0.82
4/1/2018,Q1_1819,Croydon,Trust MPS,0.81
7/1/2018,Q2_1819,Croydon,Trust MPS,0.79
10/1/2018,Q3_1819,Croydon,Trust MPS,0.78
1/1/2019,Q4_1819,Croydon,Trust MPS,0.8
4/1/2019,Q1_1920,Croydon,Trust MPS,0.8
7/1/2019,Q2_1920,Croydon,Trust MPS,0.84
10/1/2019,Q3_1920,Croydon,Trust MPS,0.84
1/1/2020,Q4_1920,Croydon,Trust MPS,0.81
4/1/2020,Q1_2021,Croydon,Trust MPS,0.8
7/1/2020,Q2_2021,Croydon,Trust MPS,0.76
10/1/2020,Q3_2021,Croydon,Trust MPS,0.75
1/1/2021,Q4_2021,Croydon,Trust MPS,0.79
4/1/2021,Q1_2122,Croydon,Trust MPS,0.76
7/1/2021,Q2_2122,Croydon,Trust MPS,0.75
10/1/2021,Q3_2122,Croydon,Trust MPS,0.75
1/1/2022,Q4_2122,Croydon,Trust MPS,0.65
4/1/2022,Q1_2223,Croydon,Trust MPS,0.67
7/1/2022,Q2_2223,Croydon,Trust MPS,0.67
10/1/2022,Q3_2223,Croydon,Trust MPS,0.62
1/1/2023,Q4_2223,Croydon,Trust MPS,0.66
4/1/2023,Q1_2324,Croydon,Trust MPS,0.64
7/1/2023,Q2_2324,Croydon,Trust MPS,0.65
10/1/2023,Q3_2324,Croydon,Trust MPS,0.65
1/1/2024,Q4_2324,Croydon,Trust MPS,0.7
4/1/2024,Q1_2425,Croydon,Trust MPS,0.69
7/1/2024,Q2_2425,Croydon,Trust MPS,0.68
10/1/2024,Q3_2425,Croydon,Trust MPS,0.69
1/1/2025,Q4_2425,Croydon,Trust MPS,0.66
4/1/2025,Q1_2526,Croydon,Trust MPS,0.67
7/1/2025,Q2_2526,Croydon,Trust MPS,0.67
10/1/2025,Q3_2526,Croydon,Trust MPS,0.65
1/1/2026,Q4_2526,Croydon,Trust MPS,0.65
10/1/2014,Q3_1415,Croydon,Fair treatment,0.72
1/1/2015,Q4_1415,Croydon,Fair treatment,0.66
4/1/2015,Q1_1516,Croydon,Fair treatment,0.67
7/1/2015,Q2_1516,Croydon,Fair treatment,0.69
10/1/2015,Q3_1516,Croydon,Fair treatment,0.69
1/1/2016,Q4_1516,Croydon,Fair treatment,0.73
4/1/2016,Q1_1617,Croydon,Fair treatment,0.76
7/1/2016,Q2_1617,Croydon,Fair treatment,0.75
10/1/2016,Q3_1617,Croydon,Fair treatment,0.77
1/1/2017,Q4_1617,Croydon,Fair treatment,0.73
4/1/2017,Q1_1718,Croydon,Fair treatment,0.73
7/1/2017,Q2_1718,Croydon,Fair treatment,0.74
10/1/2017,Q3_1718,Croydon,Fair treatment,0.71
1/1/2018,Q4_1718,Croydon,Fair treatment,0.69
4/1/2018,Q1_1819,Croydon,Fair treatment,0.69
7/1/2018,Q2_1819,Croydon,Fair treatment,0.69
10/1/2018,Q3_1819,Croydon,Fair treatment,0.71
1/1/2019,Q4_1819,Croydon,Fair treatment,0.76
4/1/2019,Q1_1920,Croydon,Fair treatment,0.77
7/1/2019,Q2_1920,Croydon,Fair treatment,0.78
10/1/2019,Q3_1920,Croydon,Fair treatment,0.78
1/1/2020,Q4_1920,Croydon,Fair treatment,0.73
4/1/2020,Q1_2021,Croydon,Fair treatment,0.7
7/1/2020,Q2_2021,Croydon,Fair treatment,0.65
10/1/2020,Q3_2021,Croydon,Fair treatment,0.63
1/1/2021,Q4_2021,Croydon,Fair treatment,0.67
4/1/2021,Q1_2122,Croydon,Fair treatment,0.63
7/1/2021,Q2_2122,Croydon,Fair treatment,0.63
10/1/2021,Q3_2122,Croydon,Fair treatment,0.63
1/1/2022,Q4_2122,Croydon,Fair treatment,0.56
4/1/2022,Q1_2223,Croydon,Fair treatment,0.57
7/1/2022,Q2_2223,Croydon,Fair treatment,0.57
10/1/2022,Q3_2223,Croydon,Fair treatment,0.55
1/1/2023,Q4_2223,Croydon,Fair treatment,0.59
4/1/2023,Q1_2324,Croydon,Fair treatment,0.58
7/1/2023,Q2_2324,Croydon,Fair treatment,0.58
10/1/2023,Q3_2324,Croydon,Fair treatment,0.55
1/1/2024,Q4_2324,Croydon,Fair treatment,0.57
4/1/2024,Q1_2425,Croydon,Fair treatment,0.56
7/1/2024,Q2_2425,Croydon,Fair treatment,0.57
10/1/2024,Q3_2425,Croydon,Fair treatment,0.59
1/1/2025,Q4_2425,Croydon,Fair treatment,0.59
4/1/2025,Q1_2526,Croydon,Fair treatment,0.59
7/1/2025,Q2_2526,Croydon,Fair treatment,0.6
10/1/2025,Q3_2526,Croydon,Fair treatment,0.57
1/1/2026,Q4_2526,Croydon,Fair treatment,0.54
10/1/2014,Q3_1415,Ealing,Good job,0.6
1/1/2015,Q4_1415,Ealing,Good job,0.66
4/1/2015,Q1_1516,Ealing,Good job,0.65
7/1/2015,Q2_1516,Ealing,Good job,0.63
10/1/2015,Q3_1516,Ealing,Good job,0.66
1/1/2016,Q4_1516,Ealing,Good job,0.63
4/1/2016,Q1_1617,Ealing,Good job,0.68
7/1/2016,Q2_1617,Ealing,Good job,0.66
10/1/2016,Q3_1617,Ealing,Good job,0.65
1/1/2017,Q4_1617,Ealing,Good job,0.67
4/1/2017,Q1_1718,Ealing,Good job,0.66
7/1/2017,Q2_1718,Ealing,Good job,0.69
10/1/2017,Q3_1718,Ealing,Good job,0.74
1/1/2018,Q4_1718,Ealing,Good job,0.74
4/1/2018,Q1_1819,Ealing,Good job,0.75
7/1/2018,Q2_1819,Ealing,Good job,0.73
10/1/2018,Q3_1819,Ealing,Good job,0.67
1/1/2019,Q4_1819,Ealing,Good job,0.65
4/1/2019,Q1_1920,Ealing,Good job,0.6
7/1/2019,Q2_1920,Ealing,Good job,0.57
10/1/2019,Q3_1920,Ealing,Good job,0.56
1/1/2020,Q4_1920,Ealing,Good job,0.57
4/1/2020,Q1_2021,Ealing,Good job,0.59
7/1/2020,Q2_2021,Ealing,Good job,0.6
10/1/2020,Q3_2021,Ealing,Good job,0.62
1/1/2021,Q4_2021,Ealing,Good job,0.56
4/1/2021,Q1_2122,Ealing,Good job,0.53
7/1/2021,Q2_2122,Ealing,Good job,0.49
10/1/2021,Q3_2122,Ealing,Good job,0.45
1/1/2022,Q4_2122,Ealing,Good job,0.44
4/1/2022,Q1_2223,Ealing,Good job,0.48
7/1/2022,Q2_2223,Ealing,Good job,0.5
10/1/2022,Q3_2223,Ealing,Good job,0.52
1/1/2023,Q4_2223,Ealing,Good job,0.52
4/1/2023,Q1_2324,Ealing,Good job,0.5
7/1/2023,Q2_2324,Ealing,Good job,0.48
10/1/2023,Q3_2324,Ealing,Good job,0.48
1/1/2024,Q4_2324,Ealing,Good job,0.47
4/1/2024,Q1_2425,Ealing,Good job,0.44
7/1/2024,Q2_2425,Ealing,Good job,0.39
10/1/2024,Q3_2425,Ealing,Good job,0.36
1/1/2025,Q4_2425,Ealing,Good job,0.37
4/1/2025,Q1_2526,Ealing,Good job,0.38
7/1/2025,Q2_2526,Ealing,Good job,0.43
10/1/2025,Q3_2526,Ealing,Good job,0.45
1/1/2026,Q4_2526,Ealing,Good job,0.41
1/1/2016,Q4_1516,Ealing,Trust MPS,0.86
4/1/2016,Q1_1617,Ealing,Trust MPS,0.87
7/1/2016,Q2_1617,Ealing,Trust MPS,0.88
10/1/2016,Q3_1617,Ealing,Trust MPS,0.9
1/1/2017,Q4_1617,Ealing,Trust MPS,0.91
4/1/2017,Q1_1718,Ealing,Trust MPS,0.89
7/1/2017,Q2_1718,Ealing,Trust MPS,0.86
10/1/2017,Q3_1718,Ealing,Trust MPS,0.86
1/1/2018,Q4_1718,Ealing,Trust MPS,0.85
4/1/2018,Q1_1819,Ealing,Trust MPS,0.85
7/1/2018,Q2_1819,Ealing,Trust MPS,0.87
10/1/2018,Q3_1819,Ealing,Trust MPS,0.85
1/1/2019,Q4_1819,Ealing,Trust MPS,0.87
4/1/2019,Q1_1920,Ealing,Trust MPS,0.87
7/1/2019,Q2_1920,Ealing,Trust MPS,0.88
10/1/2019,Q3_1920,Ealing,Trust MPS,0.91
1/1/2020,Q4_1920,Ealing,Trust MPS,0.89
4/1/2020,Q1_2021,Ealing,Trust MPS,0.89
7/1/2020,Q2_2021,Ealing,Trust MPS,0.88
10/1/2020,Q3_2021,Ealing,Trust MPS,0.86
1/1/2021,Q4_2021,Ealing,Trust MPS,0.83
4/1/2021,Q1_2122,Ealing,Trust MPS,0.8
7/1/2021,Q2_2122,Ealing,Trust MPS,0.79
10/1/2021,Q3_2122,Ealing,Trust MPS,0.78
1/1/2022,Q4_2122,Ealing,Trust MPS,0.76
4/1/2022,Q1_2223,Ealing,Trust MPS,0.78
7/1/2022,Q2_2223,Ealing,Trust MPS,0.77
10/1/2022,Q3_2223,Ealing,Trust MPS,0.76
1/1/2023,Q4_2223,Ealing,Trust MPS,0.78
4/1/2023,Q1_2324,Ealing,Trust MPS,0.79
7/1/2023,Q2_2324,Ealing,Trust MPS,0.77
10/1/2023,Q3_2324,Ealing,Trust MPS,0.76
1/1/2024,Q4_2324,Ealing,Trust MPS,0.73
4/1/2024,Q1_2425,Ealing,Trust MPS,0.71
7/1/2024,Q2_2425,Ealing,Trust MPS,0.7
10/1/2024,Q3_2425,Ealing,Trust MPS,0.72
1/1/2025,Q4_2425,Ealing,Trust MPS,0.76
4/1/2025,Q1_2526,Ealing,Trust MPS,0.77
7/1/2025,Q2_2526,Ealing,Trust MPS,0.78
10/1/2025,Q3_2526,Ealing,Trust MPS,0.76
1/1/2026,Q4_2526,Ealing,Trust MPS,0.71
10/1/2014,Q3_1415,Ealing,Fair treatment,0.77
1/1/2015,Q4_1415,Ealing,Fair treatment,0.82
4/1/2015,Q1_1516,Ealing,Fair treatment,0.76
7/1/2015,Q2_1516,Ealing,Fair treatment,0.75
10/1/2015,Q3_1516,Ealing,Fair treatment,0.71
1/1/2016,Q4_1516,Ealing,Fair treatment,0.69
4/1/2016,Q1_1617,Ealing,Fair treatment,0.74
7/1/2016,Q2_1617,Ealing,Fair treatment,0.71
10/1/2016,Q3_1617,Ealing,Fair treatment,0.76
1/1/2017,Q4_1617,Ealing,Fair treatment,0.78
4/1/2017,Q1_1718,Ealing,Fair treatment,0.73
7/1/2017,Q2_1718,Ealing,Fair treatment,0.77
10/1/2017,Q3_1718,Ealing,Fair treatment,0.76
1/1/2018,Q4_1718,Ealing,Fair treatment,0.77
4/1/2018,Q1_1819,Ealing,Fair treatment,0.82
7/1/2018,Q2_1819,Ealing,Fair treatment,0.81
10/1/2018,Q3_1819,Ealing,Fair treatment,0.81
1/1/2019,Q4_1819,Ealing,Fair treatment,0.82
4/1/2019,Q1_1920,Ealing,Fair treatment,0.82
7/1/2019,Q2_1920,Ealing,Fair treatment,0.85
10/1/2019,Q3_1920,Ealing,Fair treatment,0.87
1/1/2020,Q4_1920,Ealing,Fair treatment,0.86
4/1/2020,Q1_2021,Ealing,Fair treatment,0.84
7/1/2020,Q2_2021,Ealing,Fair treatment,0.81
10/1/2020,Q3_2021,Ealing,Fair treatment,0.79
1/1/2021,Q4_2021,Ealing,Fair treatment,0.73
4/1/2021,Q1_2122,Ealing,Fair treatment,0.71
7/1/2021,Q2_2122,Ealing,Fair treatment,0.67
10/1/2021,Q3_2122,Ealing,Fair treatment,0.64
1/1/2022,Q4_2122,Ealing,Fair treatment,0.63
4/1/2022,Q1_2223,Ealing,Fair treatment,0.67
7/1/2022,Q2_2223,Ealing,Fair treatment,0.71
10/1/2022,Q3_2223,Ealing,Fair treatment,0.73
1/1/2023,Q4_2223,Ealing,Fair treatment,0.79
4/1/2023,Q1_2324,Ealing,Fair treatment,0.76
7/1/2023,Q2_2324,Ealing,Fair treatment,0.71
10/1/2023,Q3_2324,Ealing,Fair treatment,0.68
1/1/2024,Q4_2324,Ealing,Fair treatment,0.62
4/1/2024,Q1_2425,Ealing,Fair treatment,0.58
7/1/2024,Q2_2425,Ealing,Fair treatment,0.58
10/1/2024,Q3_2425,Ealing,Fair treatment,0.57
1/1/2025,Q4_2425,Ealing,Fair treatment,0.61
4/1/2025,Q1_2526,Ealing,Fair treatment,0.64
7/1/2025,Q2_2526,Ealing,Fair treatment,0.69
10/1/2025,Q3_2526,Ealing,Fair treatment,0.7
1/1/2026,Q4_2526,Ealing,Fair treatment,0.65
10/1/2014,Q3_1415,Enfield,Good job,0.69
1/1/2015,Q4_1415,Enfield,Good job,0.61
4/1/2015,Q1_1516,Enfield,Good job,0.6
7/1/2015,Q2_1516,Enfield,Good job,0.59
10/1/2015,Q3_1516,Enfield,Good job,0.58
1/1/2016,Q4_1516,Enfield,Good job,0.57
4/1/2016,Q1_1617,Enfield,Good job,0.56
7/1/2016,Q2_1617,Enfield,Good job,0.58
10/1/2016,Q3_1617,Enfield,Good job,0.57
1/1/2017,Q4_1617,Enfield,Good job,0.58
4/1/2017,Q1_1718,Enfield,Good job,0.62
7/1/2017,Q2_1718,Enfield,Good job,0.6
10/1/2017,Q3_1718,Enfield,Good job,0.58
1/1/2018,Q4_1718,Enfield,Good job,0.55
4/1/2018,Q1_1819,Enfield,Good job,0.53
7/1/2018,Q2_1819,Enfield,Good job,0.5
10/1/2018,Q3_1819,Enfield,Good job,0.49
1/1/2019,Q4_1819,Enfield,Good job,0.5
4/1/2019,Q1_1920,Enfield,Good job,0.44
7/1/2019,Q2_1920,Enfield,Good job,0.45
10/1/2019,Q3_1920,Enfield,Good job,0.45
1/1/2020,Q4_1920,Enfield,Good job,0.45
4/1/2020,Q1_2021,Enfield,Good job,0.5
7/1/2020,Q2_2021,Enfield,Good job,0.51
10/1/2020,Q3_2021,Enfield,Good job,0.54
1/1/2021,Q4_2021,Enfield,Good job,0.51
4/1/2021,Q1_2122,Enfield,Good job,0.52
7/1/2021,Q2_2122,Enfield,Good job,0.5
10/1/2021,Q3_2122,Enfield,Good job,0.46
1/1/2022,Q4_2122,Enfield,Good job,0.44
4/1/2022,Q1_2223,Enfield,Good job,0.45
7/1/2022,Q2_2223,Enfield,Good job,0.44
10/1/2022,Q3_2223,Enfield,Good job,0.45
1/1/2023,Q4_2223,Enfield,Good job,0.45
4/1/2023,Q1_2324,Enfield,Good job,0.42
7/1/2023,Q2_2324,Enfield,Good job,0.42
10/1/2023,Q3_2324,Enfield,Good job,0.42
1/1/2024,Q4_2324,Enfield,Good job,0.45
4/1/2024,Q1_2425,Enfield,Good job,0.45
7/1/2024,Q2_2425,Enfield,Good job,0.49
10/1/2024,Q3_2425,Enfield,Good job,0.51
1/1/2025,Q4_2425,Enfield,Good job,0.54
4/1/2025,Q1_2526,Enfield,Good job,0.55
7/1/2025,Q2_2526,Enfield,Good job,0.55
10/1/2025,Q3_2526,Enfield,Good job,0.55
1/1/2026,Q4_2526,Enfield,Good job,0.58
1/1/2016,Q4_1516,Enfield,Trust MPS,0.77
4/1/2016,Q1_1617,Enfield,Trust MPS,0.78
7/1/2016,Q2_1617,Enfield,Trust MPS,0.81
10/1/2016,Q3_1617,Enfield,Trust MPS,0.83
1/1/2017,Q4_1617,Enfield,Trust MPS,0.83
4/1/2017,Q1_1718,Enfield,Trust MPS,0.82
7/1/2017,Q2_1718,Enfield,Trust MPS,0.83
10/1/2017,Q3_1718,Enfield,Trust MPS,0.8
1/1/2018,Q4_1718,Enfield,Trust MPS,0.79
4/1/2018,Q1_1819,Enfield,Trust MPS,0.82
7/1/2018,Q2_1819,Enfield,Trust MPS,0.79
10/1/2018,Q3_1819,Enfield,Trust MPS,0.79
1/1/2019,Q4_1819,Enfield,Trust MPS,0.81
4/1/2019,Q1_1920,Enfield,Trust MPS,0.76
7/1/2019,Q2_1920,Enfield,Trust MPS,0.76
10/1/2019,Q3_1920,Enfield,Trust MPS,0.76
1/1/2020,Q4_1920,Enfield,Trust MPS,0.74
4/1/2020,Q1_2021,Enfield,Trust MPS,0.78
7/1/2020,Q2_2021,Enfield,Trust MPS,0.78
10/1/2020,Q3_2021,Enfield,Trust MPS,0.77
1/1/2021,Q4_2021,Enfield,Trust MPS,0.77
4/1/2021,Q1_2122,Enfield,Trust MPS,0.75
7/1/2021,Q2_2122,Enfield,Trust MPS,0.74
10/1/2021,Q3_2122,Enfield,Trust MPS,0.73
1/1/2022,Q4_2122,Enfield,Trust MPS,0.7
4/1/2022,Q1_2223,Enfield,Trust MPS,0.68
7/1/2022,Q2_2223,Enfield,Trust MPS,0.67
10/1/2022,Q3_2223,Enfield,Trust MPS,0.7
1/1/2023,Q4_2223,Enfield,Trust MPS,0.7
4/1/2023,Q1_2324,Enfield,Trust MPS,0.7
7/1/2023,Q2_2324,Enfield,Trust MPS,0.69
10/1/2023,Q3_2324,Enfield,Trust MPS,0.66
1/1/2024,Q4_2324,Enfield,Trust MPS,0.67
4/1/2024,Q1_2425,Enfield,Trust MPS,0.67
7/1/2024,Q2_2425,Enfield,Trust MPS,0.71
10/1/2024,Q3_2425,Enfield,Trust MPS,0.76
1/1/2025,Q4_2425,Enfield,Trust MPS,0.79
4/1/2025,Q1_2526,Enfield,Trust MPS,0.81
7/1/2025,Q2_2526,Enfield,Trust MPS,0.79
10/1/2025,Q3_2526,Enfield,Trust MPS,0.74
1/1/2026,Q4_2526,Enfield,Trust MPS,0.75
10/1/2014,Q3_1415,Enfield,Fair treatment,0.77
1/1/2015,Q4_1415,Enfield,Fair treatment,0.71
4/1/2015,Q1_1516,Enfield,Fair treatment,0.72
7/1/2015,Q2_1516,Enfield,Fair treatment,0.71
10/1/2015,Q3_1516,Enfield,Fair treatment,0.72
1/1/2016,Q4_1516,Enfield,Fair treatment,0.74
4/1/2016,Q1_1617,Enfield,Fair treatment,0.73
7/1/2016,Q2_1617,Enfield,Fair treatment,0.71
10/1/2016,Q3_1617,Enfield,Fair treatment,0.72
1/1/2017,Q4_1617,Enfield,Fair treatment,0.69
4/1/2017,Q1_1718,Enfield,Fair treatment,0.68
7/1/2017,Q2_1718,Enfield,Fair treatment,0.7
10/1/2017,Q3_1718,Enfield,Fair treatment,0.65
1/1/2018,Q4_1718,Enfield,Fair treatment,0.67
4/1/2018,Q1_1819,Enfield,Fair treatment,0.69
7/1/2018,Q2_1819,Enfield,Fair treatment,0.68
10/1/2018,Q3_1819,Enfield,Fair treatment,0.7
1/1/2019,Q4_1819,Enfield,Fair treatment,0.7
4/1/2019,Q1_1920,Enfield,Fair treatment,0.66
7/1/2019,Q2_1920,Enfield,Fair treatment,0.64
10/1/2019,Q3_1920,Enfield,Fair treatment,0.67
1/1/2020,Q4_1920,Enfield,Fair treatment,0.63
4/1/2020,Q1_2021,Enfield,Fair treatment,0.67
7/1/2020,Q2_2021,Enfield,Fair treatment,0.7
10/1/2020,Q3_2021,Enfield,Fair treatment,0.68
1/1/2021,Q4_2021,Enfield,Fair treatment,0.71
4/1/2021,Q1_2122,Enfield,Fair treatment,0.67
7/1/2021,Q2_2122,Enfield,Fair treatment,0.64
10/1/2021,Q3_2122,Enfield,Fair treatment,0.62
1/1/2022,Q4_2122,Enfield,Fair treatment,0.58
4/1/2022,Q1_2223,Enfield,Fair treatment,0.61
7/1/2022,Q2_2223,Enfield,Fair treatment,0.61
10/1/2022,Q3_2223,Enfield,Fair treatment,0.65
1/1/2023,Q4_2223,Enfield,Fair treatment,0.65
4/1/2023,Q1_2324,Enfield,Fair treatment,0.66
7/1/2023,Q2_2324,Enfield,Fair treatment,0.67
10/1/2023,Q3_2324,Enfield,Fair treatment,0.62
1/1/2024,Q4_2324,Enfield,Fair treatment,0.63
4/1/2024,Q1_2425,Enfield,Fair treatment,0.59
7/1/2024,Q2_2425,Enfield,Fair treatment,0.59
10/1/2024,Q3_2425,Enfield,Fair treatment,0.63
1/1/2025,Q4_2425,Enfield,Fair treatment,0.65
4/1/2025,Q1_2526,Enfield,Fair treatment,0.67
7/1/2025,Q2_2526,Enfield,Fair treatment,0.69
10/1/2025,Q3_2526,Enfield,Fair treatment,0.68
1/1/2026,Q4_2526,Enfield,Fair treatment,0.7
10/1/2014,Q3_1415,Greenwich,Good job,0.67
1/1/2015,Q4_1415,Greenwich,Good job,0.73
4/1/2015,Q1_1516,Greenwich,Good job,0.69
7/1/2015,Q2_1516,Greenwich,Good job,0.72
10/1/2015,Q3_1516,Greenwich,Good job,0.69
1/1/2016,Q4_1516,Greenwich,Good job,0.65
4/1/2016,Q1_1617,Greenwich,Good job,0.7
7/1/2016,Q2_1617,Greenwich,Good job,0.71
10/1/2016,Q3_1617,Greenwich,Good job,0.76
1/1/2017,Q4_1617,Greenwich,Good job,0.79
4/1/2017,Q1_1718,Greenwich,Good job,0.74
7/1/2017,Q2_1718,Greenwich,Good job,0.73
10/1/2017,Q3_1718,Greenwich,Good job,0.69
1/1/2018,Q4_1718,Greenwich,Good job,0.66
4/1/2018,Q1_1819,Greenwich,Good job,0.69
7/1/2018,Q2_1819,Greenwich,Good job,0.69
10/1/2018,Q3_1819,Greenwich,Good job,0.68
1/1/2019,Q4_1819,Greenwich,Good job,0.67
4/1/2019,Q1_1920,Greenwich,Good job,0.62
7/1/2019,Q2_1920,Greenwich,Good job,0.57
10/1/2019,Q3_1920,Greenwich,Good job,0.55
1/1/2020,Q4_1920,Greenwich,Good job,0.55
4/1/2020,Q1_2021,Greenwich,Good job,0.55
7/1/2020,Q2_2021,Greenwich,Good job,0.56
10/1/2020,Q3_2021,Greenwich,Good job,0.55
1/1/2021,Q4_2021,Greenwich,Good job,0.56
4/1/2021,Q1_2122,Greenwich,Good job,0.55
7/1/2021,Q2_2122,Greenwich,Good job,0.55
10/1/2021,Q3_2122,Greenwich,Good job,0.5
1/1/2022,Q4_2122,Greenwich,Good job,0.45
4/1/2022,Q1_2223,Greenwich,Good job,0.45
7/1/2022,Q2_2223,Greenwich,Good job,0.45
10/1/2022,Q3_2223,Greenwich,Good job,0.48
1/1/2023,Q4_2223,Greenwich,Good job,0.5
4/1/2023,Q1_2324,Greenwich,Good job,0.46
7/1/2023,Q2_2324,Greenwich,Good job,0.45
10/1/2023,Q3_2324,Greenwich,Good job,0.47
1/1/2024,Q4_2324,Greenwich,Good job,0.46
4/1/2024,Q1_2425,Greenwich,Good job,0.5
7/1/2024,Q2_2425,Greenwich,Good job,0.5
10/1/2024,Q3_2425,Greenwich,Good job,0.48
1/1/2025,Q4_2425,Greenwich,Good job,0.46
4/1/2025,Q1_2526,Greenwich,Good job,0.47
7/1/2025,Q2_2526,Greenwich,Good job,0.47
10/1/2025,Q3_2526,Greenwich,Good job,0.48
1/1/2026,Q4_2526,Greenwich,Good job,0.52
1/1/2016,Q4_1516,Greenwich,Trust MPS,0.86
4/1/2016,Q1_1617,Greenwich,Trust MPS,0.87
7/1/2016,Q2_1617,Greenwich,Trust MPS,0.89
10/1/2016,Q3_1617,Greenwich,Trust MPS,0.93
1/1/2017,Q4_1617,Greenwich,Trust MPS,0.94
4/1/2017,Q1_1718,Greenwich,Trust MPS,0.92
7/1/2017,Q2_1718,Greenwich,Trust MPS,0.9
10/1/2017,Q3_1718,Greenwich,Trust MPS,0.89
1/1/2018,Q4_1718,Greenwich,Trust MPS,0.87
4/1/2018,Q1_1819,Greenwich,Trust MPS,0.87
7/1/2018,Q2_1819,Greenwich,Trust MPS,0.87
10/1/2018,Q3_1819,Greenwich,Trust MPS,0.84
1/1/2019,Q4_1819,Greenwich,Trust MPS,0.83
4/1/2019,Q1_1920,Greenwich,Trust MPS,0.81
7/1/2019,Q2_1920,Greenwich,Trust MPS,0.81
10/1/2019,Q3_1920,Greenwich,Trust MPS,0.8
1/1/2020,Q4_1920,Greenwich,Trust MPS,0.81
4/1/2020,Q1_2021,Greenwich,Trust MPS,0.82
7/1/2020,Q2_2021,Greenwich,Trust MPS,0.82
10/1/2020,Q3_2021,Greenwich,Trust MPS,0.79
1/1/2021,Q4_2021,Greenwich,Trust MPS,0.76
4/1/2021,Q1_2122,Greenwich,Trust MPS,0.75
7/1/2021,Q2_2122,Greenwich,Trust MPS,0.74
10/1/2021,Q3_2122,Greenwich,Trust MPS,0.72
1/1/2022,Q4_2122,Greenwich,Trust MPS,0.72
4/1/2022,Q1_2223,Greenwich,Trust MPS,0.68
7/1/2022,Q2_2223,Greenwich,Trust MPS,0.67
10/1/2022,Q3_2223,Greenwich,Trust MPS,0.68
1/1/2023,Q4_2223,Greenwich,Trust MPS,0.68
4/1/2023,Q1_2324,Greenwich,Trust MPS,0.68
7/1/2023,Q2_2324,Greenwich,Trust MPS,0.67
10/1/2023,Q3_2324,Greenwich,Trust MPS,0.68
1/1/2024,Q4_2324,Greenwich,Trust MPS,0.65
4/1/2024,Q1_2425,Greenwich,Trust MPS,0.69
7/1/2024,Q2_2425,Greenwich,Trust MPS,0.7
10/1/2024,Q3_2425,Greenwich,Trust MPS,0.73
1/1/2025,Q4_2425,Greenwich,Trust MPS,0.75
4/1/2025,Q1_2526,Greenwich,Trust MPS,0.74
7/1/2025,Q2_2526,Greenwich,Trust MPS,0.74
10/1/2025,Q3_2526,Greenwich,Trust MPS,0.7
1/1/2026,Q4_2526,Greenwich,Trust MPS,0.69
10/1/2014,Q3_1415,Greenwich,Fair treatment,0.73
1/1/2015,Q4_1415,Greenwich,Fair treatment,0.76
4/1/2015,Q1_1516,Greenwich,Fair treatment,0.74
7/1/2015,Q2_1516,Greenwich,Fair treatment,0.81
10/1/2015,Q3_1516,Greenwich,Fair treatment,0.83
1/1/2016,Q4_1516,Greenwich,Fair treatment,0.8
4/1/2016,Q1_1617,Greenwich,Fair treatment,0.85
7/1/2016,Q2_1617,Greenwich,Fair treatment,0.85
10/1/2016,Q3_1617,Greenwich,Fair treatment,0.87
1/1/2017,Q4_1617,Greenwich,Fair treatment,0.89
4/1/2017,Q1_1718,Greenwich,Fair treatment,0.82
7/1/2017,Q2_1718,Greenwich,Fair treatment,0.82
10/1/2017,Q3_1718,Greenwich,Fair treatment,0.79
1/1/2018,Q4_1718,Greenwich,Fair treatment,0.78
4/1/2018,Q1_1819,Greenwich,Fair treatment,0.81
7/1/2018,Q2_1819,Greenwich,Fair treatment,0.78
10/1/2018,Q3_1819,Greenwich,Fair treatment,0.75
1/1/2019,Q4_1819,Greenwich,Fair treatment,0.74
4/1/2019,Q1_1920,Greenwich,Fair treatment,0.76
7/1/2019,Q2_1920,Greenwich,Fair treatment,0.8
10/1/2019,Q3_1920,Greenwich,Fair treatment,0.83
1/1/2020,Q4_1920,Greenwich,Fair treatment,0.82
4/1/2020,Q1_2021,Greenwich,Fair treatment,0.79
7/1/2020,Q2_2021,Greenwich,Fair treatment,0.76
10/1/2020,Q3_2021,Greenwich,Fair treatment,0.71
1/1/2021,Q4_2021,Greenwich,Fair treatment,0.71
4/1/2021,Q1_2122,Greenwich,Fair treatment,0.7
7/1/2021,Q2_2122,Greenwich,Fair treatment,0.66
10/1/2021,Q3_2122,Greenwich,Fair treatment,0.64
1/1/2022,Q4_2122,Greenwich,Fair treatment,0.6
4/1/2022,Q1_2223,Greenwich,Fair treatment,0.58
7/1/2022,Q2_2223,Greenwich,Fair treatment,0.6
10/1/2022,Q3_2223,Greenwich,Fair treatment,0.59
1/1/2023,Q4_2223,Greenwich,Fair treatment,0.62
4/1/2023,Q1_2324,Greenwich,Fair treatment,0.62
7/1/2023,Q2_2324,Greenwich,Fair treatment,0.6
10/1/2023,Q3_2324,Greenwich,Fair treatment,0.61
1/1/2024,Q4_2324,Greenwich,Fair treatment,0.59
4/1/2024,Q1_2425,Greenwich,Fair treatment,0.61
7/1/2024,Q2_2425,Greenwich,Fair treatment,0.62
10/1/2024,Q3_2425,Greenwich,Fair treatment,0.65
1/1/2025,Q4_2425,Greenwich,Fair treatment,0.67
4/1/2025,Q1_2526,Greenwich,Fair treatment,0.67
7/1/2025,Q2_2526,Greenwich,Fair treatment,0.71
10/1/2025,Q3_2526,Greenwich,Fair treatment,0.73
1/1/2026,Q4_2526,Greenwich,Fair treatment,0.74
10/1/2014,Q3_1415,Hackney,Good job,0.65
1/1/2015,Q4_1415,Hackney,Good job,0.6
4/1/2015,Q1_1516,Hackney,Good job,0.63
7/1/2015,Q2_1516,Hackney,Good job,0.65
10/1/2015,Q3_1516,Hackney,Good job,0.65
1/1/2016,Q4_1516,Hackney,Good job,0.64
4/1/2016,Q1_1617,Hackney,Good job,0.65
7/1/2016,Q2_1617,Hackney,Good job,0.68
10/1/2016,Q3_1617,Hackney,Good job,0.69
1/1/2017,Q4_1617,Hackney,Good job,0.68
4/1/2017,Q1_1718,Hackney,Good job,0.65
7/1/2017,Q2_1718,Hackney,Good job,0.55
10/1/2017,Q3_1718,Hackney,Good job,0.55
1/1/2018,Q4_1718,Hackney,Good job,0.55
4/1/2018,Q1_1819,Hackney,Good job,0.54
7/1/2018,Q2_1819,Hackney,Good job,0.56
10/1/2018,Q3_1819,Hackney,Good job,0.53
1/1/2019,Q4_1819,Hackney,Good job,0.5
4/1/2019,Q1_1920,Hackney,Good job,0.45
7/1/2019,Q2_1920,Hackney,Good job,0.44
10/1/2019,Q3_1920,Hackney,Good job,0.46
1/1/2020,Q4_1920,Hackney,Good job,0.42
4/1/2020,Q1_2021,Hackney,Good job,0.46
7/1/2020,Q2_2021,Hackney,Good job,0.47
10/1/2020,Q3_2021,Hackney,Good job,0.45
1/1/2021,Q4_2021,Hackney,Good job,0.5
4/1/2021,Q1_2122,Hackney,Good job,0.49
7/1/2021,Q2_2122,Hackney,Good job,0.48
10/1/2021,Q3_2122,Hackney,Good job,0.46
1/1/2022,Q4_2122,Hackney,Good job,0.46
4/1/2022,Q1_2223,Hackney,Good job,0.45
7/1/2022,Q2_2223,Hackney,Good job,0.47
10/1/2022,Q3_2223,Hackney,Good job,0.45
1/1/2023,Q4_2223,Hackney,Good job,0.42
4/1/2023,Q1_2324,Hackney,Good job,0.4
7/1/2023,Q2_2324,Hackney,Good job,0.4
10/1/2023,Q3_2324,Hackney,Good job,0.41
1/1/2024,Q4_2324,Hackney,Good job,0.41
4/1/2024,Q1_2425,Hackney,Good job,0.41
7/1/2024,Q2_2425,Hackney,Good job,0.37
10/1/2024,Q3_2425,Hackney,Good job,0.4
1/1/2025,Q4_2425,Hackney,Good job,0.41
4/1/2025,Q1_2526,Hackney,Good job,0.41
7/1/2025,Q2_2526,Hackney,Good job,0.44
10/1/2025,Q3_2526,Hackney,Good job,0.41
1/1/2026,Q4_2526,Hackney,Good job,0.44
1/1/2016,Q4_1516,Hackney,Trust MPS,0.82
4/1/2016,Q1_1617,Hackney,Trust MPS,0.86
7/1/2016,Q2_1617,Hackney,Trust MPS,0.85
10/1/2016,Q3_1617,Hackney,Trust MPS,0.86
1/1/2017,Q4_1617,Hackney,Trust MPS,0.86
4/1/2017,Q1_1718,Hackney,Trust MPS,0.81
7/1/2017,Q2_1718,Hackney,Trust MPS,0.8
10/1/2017,Q3_1718,Hackney,Trust MPS,0.78
1/1/2018,Q4_1718,Hackney,Trust MPS,0.78
4/1/2018,Q1_1819,Hackney,Trust MPS,0.82
7/1/2018,Q2_1819,Hackney,Trust MPS,0.83
10/1/2018,Q3_1819,Hackney,Trust MPS,0.79
1/1/2019,Q4_1819,Hackney,Trust MPS,0.77
4/1/2019,Q1_1920,Hackney,Trust MPS,0.74
7/1/2019,Q2_1920,Hackney,Trust MPS,0.73
10/1/2019,Q3_1920,Hackney,Trust MPS,0.75
1/1/2020,Q4_1920,Hackney,Trust MPS,0.72
4/1/2020,Q1_2021,Hackney,Trust MPS,0.75
7/1/2020,Q2_2021,Hackney,Trust MPS,0.73
10/1/2020,Q3_2021,Hackney,Trust MPS,0.72
1/1/2021,Q4_2021,Hackney,Trust MPS,0.74
4/1/2021,Q1_2122,Hackney,Trust MPS,0.69
7/1/2021,Q2_2122,Hackney,Trust MPS,0.69
10/1/2021,Q3_2122,Hackney,Trust MPS,0.67
1/1/2022,Q4_2122,Hackney,Trust MPS,0.68
4/1/2022,Q1_2223,Hackney,Trust MPS,0.67
7/1/2022,Q2_2223,Hackney,Trust MPS,0.67
10/1/2022,Q3_2223,Hackney,Trust MPS,0.65
1/1/2023,Q4_2223,Hackney,Trust MPS,0.62
4/1/2023,Q1_2324,Hackney,Trust MPS,0.58
7/1/2023,Q2_2324,Hackney,Trust MPS,0.59
10/1/2023,Q3_2324,Hackney,Trust MPS,0.59
1/1/2024,Q4_2324,Hackney,Trust MPS,0.59
4/1/2024,Q1_2425,Hackney,Trust MPS,0.65
7/1/2024,Q2_2425,Hackney,Trust MPS,0.65
10/1/2024,Q3_2425,Hackney,Trust MPS,0.68
1/1/2025,Q4_2425,Hackney,Trust MPS,0.7
4/1/2025,Q1_2526,Hackney,Trust MPS,0.68
7/1/2025,Q2_2526,Hackney,Trust MPS,0.65
10/1/2025,Q3_2526,Hackney,Trust MPS,0.59
1/1/2026,Q4_2526,Hackney,Trust MPS,0.59
10/1/2014,Q3_1415,Hackney,Fair treatment,0.72
1/1/2015,Q4_1415,Hackney,Fair treatment,0.7
4/1/2015,Q1_1516,Hackney,Fair treatment,0.65
7/1/2015,Q2_1516,Hackney,Fair treatment,0.63
10/1/2015,Q3_1516,Hackney,Fair treatment,0.61
1/1/2016,Q4_1516,Hackney,Fair treatment,0.64
4/1/2016,Q1_1617,Hackney,Fair treatment,0.66
7/1/2016,Q2_1617,Hackney,Fair treatment,0.76
10/1/2016,Q3_1617,Hackney,Fair treatment,0.79
1/1/2017,Q4_1617,Hackney,Fair treatment,0.8
4/1/2017,Q1_1718,Hackney,Fair treatment,0.74
7/1/2017,Q2_1718,Hackney,Fair treatment,0.65
10/1/2017,Q3_1718,Hackney,Fair treatment,0.6
1/1/2018,Q4_1718,Hackney,Fair treatment,0.54
4/1/2018,Q1_1819,Hackney,Fair treatment,0.54
7/1/2018,Q2_1819,Hackney,Fair treatment,0.55
10/1/2018,Q3_1819,Hackney,Fair treatment,0.54
1/1/2019,Q4_1819,Hackney,Fair treatment,0.52
4/1/2019,Q1_1920,Hackney,Fair treatment,0.52
7/1/2019,Q2_1920,Hackney,Fair treatment,0.48
10/1/2019,Q3_1920,Hackney,Fair treatment,0.47
1/1/2020,Q4_1920,Hackney,Fair treatment,0.48
4/1/2020,Q1_2021,Hackney,Fair treatment,0.53
7/1/2020,Q2_2021,Hackney,Fair treatment,0.56
10/1/2020,Q3_2021,Hackney,Fair treatment,0.6
1/1/2021,Q4_2021,Hackney,Fair treatment,0.6
4/1/2021,Q1_2122,Hackney,Fair treatment,0.56
7/1/2021,Q2_2122,Hackney,Fair treatment,0.54
10/1/2021,Q3_2122,Hackney,Fair treatment,0.51
1/1/2022,Q4_2122,Hackney,Fair treatment,0.55
4/1/2022,Q1_2223,Hackney,Fair treatment,0.54
7/1/2022,Q2_2223,Hackney,Fair treatment,0.56
10/1/2022,Q3_2223,Hackney,Fair treatment,0.55
1/1/2023,Q4_2223,Hackney,Fair treatment,0.51
4/1/2023,Q1_2324,Hackney,Fair treatment,0.48
7/1/2023,Q2_2324,Hackney,Fair treatment,0.49
10/1/2023,Q3_2324,Hackney,Fair treatment,0.5
1/1/2024,Q4_2324,Hackney,Fair treatment,0.47
4/1/2024,Q1_2425,Hackney,Fair treatment,0.52
7/1/2024,Q2_2425,Hackney,Fair treatment,0.52
10/1/2024,Q3_2425,Hackney,Fair treatment,0.55
1/1/2025,Q4_2425,Hackney,Fair treatment,0.59
4/1/2025,Q1_2526,Hackney,Fair treatment,0.59
7/1/2025,Q2_2526,Hackney,Fair treatment,0.57
10/1/2025,Q3_2526,Hackney,Fair treatment,0.55
1/1/2026,Q4_2526,Hackney,Fair treatment,0.58
10/1/2014,Q3_1415,Hammersmith and Fulham,Good job,0.74
1/1/2015,Q4_1415,Hammersmith and Fulham,Good job,0.71
4/1/2015,Q1_1516,Hammersmith and Fulham,Good job,0.72
7/1/2015,Q2_1516,Hammersmith and Fulham,Good job,0.76
10/1/2015,Q3_1516,Hammersmith and Fulham,Good job,0.75
1/1/2016,Q4_1516,Hammersmith and Fulham,Good job,0.79
4/1/2016,Q1_1617,Hammersmith and Fulham,Good job,0.84
7/1/2016,Q2_1617,Hammersmith and Fulham,Good job,0.82
10/1/2016,Q3_1617,Hammersmith and Fulham,Good job,0.8
1/1/2017,Q4_1617,Hammersmith and Fulham,Good job,0.78
4/1/2017,Q1_1718,Hammersmith and Fulham,Good job,0.77
7/1/2017,Q2_1718,Hammersmith and Fulham,Good job,0.77
10/1/2017,Q3_1718,Hammersmith and Fulham,Good job,0.79
1/1/2018,Q4_1718,Hammersmith and Fulham,Good job,0.75
4/1/2018,Q1_1819,Hammersmith and Fulham,Good job,0.72
7/1/2018,Q2_1819,Hammersmith and Fulham,Good job,0.72
10/1/2018,Q3_1819,Hammersmith and Fulham,Good job,0.69
1/1/2019,Q4_1819,Hammersmith and Fulham,Good job,0.69
4/1/2019,Q1_1920,Hammersmith and Fulham,Good job,0.67
7/1/2019,Q2_1920,Hammersmith and Fulham,Good job,0.66
10/1/2019,Q3_1920,Hammersmith and Fulham,Good job,0.64
1/1/2020,Q4_1920,Hammersmith and Fulham,Good job,0.62
4/1/2020,Q1_2021,Hammersmith and Fulham,Good job,0.63
7/1/2020,Q2_2021,Hammersmith and Fulham,Good job,0.62
10/1/2020,Q3_2021,Hammersmith and Fulham,Good job,0.63
1/1/2021,Q4_2021,Hammersmith and Fulham,Good job,0.63
4/1/2021,Q1_2122,Hammersmith and Fulham,Good job,0.6
7/1/2021,Q2_2122,Hammersmith and Fulham,Good job,0.57
10/1/2021,Q3_2122,Hammersmith and Fulham,Good job,0.55
1/1/2022,Q4_2122,Hammersmith and Fulham,Good job,0.51
4/1/2022,Q1_2223,Hammersmith and Fulham,Good job,0.55
7/1/2022,Q2_2223,Hammersmith and Fulham,Good job,0.55
10/1/2022,Q3_2223,Hammersmith and Fulham,Good job,0.5
1/1/2023,Q4_2223,Hammersmith and Fulham,Good job,0.53
4/1/2023,Q1_2324,Hammersmith and Fulham,Good job,0.5
7/1/2023,Q2_2324,Hammersmith and Fulham,Good job,0.48
10/1/2023,Q3_2324,Hammersmith and Fulham,Good job,0.51
1/1/2024,Q4_2324,Hammersmith and Fulham,Good job,0.54
4/1/2024,Q1_2425,Hammersmith and Fulham,Good job,0.51
7/1/2024,Q2_2425,Hammersmith and Fulham,Good job,0.52
10/1/2024,Q3_2425,Hammersmith and Fulham,Good job,0.51
1/1/2025,Q4_2425,Hammersmith and Fulham,Good job,0.46
4/1/2025,Q1_2526,Hammersmith and Fulham,Good job,0.49
7/1/2025,Q2_2526,Hammersmith and Fulham,Good job,0.49
10/1/2025,Q3_2526,Hammersmith and Fulham,Good job,0.46
1/1/2026,Q4_2526,Hammersmith and Fulham,Good job,0.46
1/1/2016,Q4_1516,Hammersmith and Fulham,Trust MPS,0.92
4/1/2016,Q1_1617,Hammersmith and Fulham,Trust MPS,0.93
7/1/2016,Q2_1617,Hammersmith and Fulham,Trust MPS,0.94
10/1/2016,Q3_1617,Hammersmith and Fulham,Trust MPS,0.92
1/1/2017,Q4_1617,Hammersmith and Fulham,Trust MPS,0.91
4/1/2017,Q1_1718,Hammersmith and Fulham,Trust MPS,0.91
7/1/2017,Q2_1718,Hammersmith and Fulham,Trust MPS,0.89
10/1/2017,Q3_1718,Hammersmith and Fulham,Trust MPS,0.9
1/1/2018,Q4_1718,Hammersmith and Fulham,Trust MPS,0.9
4/1/2018,Q1_1819,Hammersmith and Fulham,Trust MPS,0.89
7/1/2018,Q2_1819,Hammersmith and Fulham,Trust MPS,0.89
10/1/2018,Q3_1819,Hammersmith and Fulham,Trust MPS,0.88
1/1/2019,Q4_1819,Hammersmith and Fulham,Trust MPS,0.87
4/1/2019,Q1_1920,Hammersmith and Fulham,Trust MPS,0.85
7/1/2019,Q2_1920,Hammersmith and Fulham,Trust MPS,0.84
10/1/2019,Q3_1920,Hammersmith and Fulham,Trust MPS,0.85
1/1/2020,Q4_1920,Hammersmith and Fulham,Trust MPS,0.84
4/1/2020,Q1_2021,Hammersmith and Fulham,Trust MPS,0.85
7/1/2020,Q2_2021,Hammersmith and Fulham,Trust MPS,0.84
10/1/2020,Q3_2021,Hammersmith and Fulham,Trust MPS,0.82
1/1/2021,Q4_2021,Hammersmith and Fulham,Trust MPS,0.79
4/1/2021,Q1_2122,Hammersmith and Fulham,Trust MPS,0.81
7/1/2021,Q2_2122,Hammersmith and Fulham,Trust MPS,0.78
10/1/2021,Q3_2122,Hammersmith and Fulham,Trust MPS,0.79
1/1/2022,Q4_2122,Hammersmith and Fulham,Trust MPS,0.76
4/1/2022,Q1_2223,Hammersmith and Fulham,Trust MPS,0.75
7/1/2022,Q2_2223,Hammersmith and Fulham,Trust MPS,0.74
10/1/2022,Q3_2223,Hammersmith and Fulham,Trust MPS,0.69
1/1/2023,Q4_2223,Hammersmith and Fulham,Trust MPS,0.7
4/1/2023,Q1_2324,Hammersmith and Fulham,Trust MPS,0.66
7/1/2023,Q2_2324,Hammersmith and Fulham,Trust MPS,0.7
10/1/2023,Q3_2324,Hammersmith and Fulham,Trust MPS,0.7
1/1/2024,Q4_2324,Hammersmith and Fulham,Trust MPS,0.73
4/1/2024,Q1_2425,Hammersmith and Fulham,Trust MPS,0.74
7/1/2024,Q2_2425,Hammersmith and Fulham,Trust MPS,0.73
10/1/2024,Q3_2425,Hammersmith and Fulham,Trust MPS,0.74
1/1/2025,Q4_2425,Hammersmith and Fulham,Trust MPS,0.75
4/1/2025,Q1_2526,Hammersmith and Fulham,Trust MPS,0.76
7/1/2025,Q2_2526,Hammersmith and Fulham,Trust MPS,0.77
10/1/2025,Q3_2526,Hammersmith and Fulham,Trust MPS,0.75
1/1/2026,Q4_2526,Hammersmith and Fulham,Trust MPS,0.75
10/1/2014,Q3_1415,Hammersmith and Fulham,Fair treatment,0.72
1/1/2015,Q4_1415,Hammersmith and Fulham,Fair treatment,0.72
4/1/2015,Q1_1516,Hammersmith and Fulham,Fair treatment,0.73
7/1/2015,Q2_1516,Hammersmith and Fulham,Fair treatment,0.76
10/1/2015,Q3_1516,Hammersmith and Fulham,Fair treatment,0.8
1/1/2016,Q4_1516,Hammersmith and Fulham,Fair treatment,0.82
4/1/2016,Q1_1617,Hammersmith and Fulham,Fair treatment,0.81
7/1/2016,Q2_1617,Hammersmith and Fulham,Fair treatment,0.8
10/1/2016,Q3_1617,Hammersmith and Fulham,Fair treatment,0.78
1/1/2017,Q4_1617,Hammersmith and Fulham,Fair treatment,0.8
4/1/2017,Q1_1718,Hammersmith and Fulham,Fair treatment,0.83
7/1/2017,Q2_1718,Hammersmith and Fulham,Fair treatment,0.85
10/1/2017,Q3_1718,Hammersmith and Fulham,Fair treatment,0.85
1/1/2018,Q4_1718,Hammersmith and Fulham,Fair treatment,0.83
4/1/2018,Q1_1819,Hammersmith and Fulham,Fair treatment,0.8
7/1/2018,Q2_1819,Hammersmith and Fulham,Fair treatment,0.77
10/1/2018,Q3_1819,Hammersmith and Fulham,Fair treatment,0.74
1/1/2019,Q4_1819,Hammersmith and Fulham,Fair treatment,0.74
4/1/2019,Q1_1920,Hammersmith and Fulham,Fair treatment,0.73
7/1/2019,Q2_1920,Hammersmith and Fulham,Fair treatment,0.73
10/1/2019,Q3_1920,Hammersmith and Fulham,Fair treatment,0.78
1/1/2020,Q4_1920,Hammersmith and Fulham,Fair treatment,0.79
4/1/2020,Q1_2021,Hammersmith and Fulham,Fair treatment,0.78
7/1/2020,Q2_2021,Hammersmith and Fulham,Fair treatment,0.77
10/1/2020,Q3_2021,Hammersmith and Fulham,Fair treatment,0.72
1/1/2021,Q4_2021,Hammersmith and Fulham,Fair treatment,0.67
4/1/2021,Q1_2122,Hammersmith and Fulham,Fair treatment,0.69
7/1/2021,Q2_2122,Hammersmith and Fulham,Fair treatment,0.67
10/1/2021,Q3_2122,Hammersmith and Fulham,Fair treatment,0.68
1/1/2022,Q4_2122,Hammersmith and Fulham,Fair treatment,0.63
4/1/2022,Q1_2223,Hammersmith and Fulham,Fair treatment,0.62
7/1/2022,Q2_2223,Hammersmith and Fulham,Fair treatment,0.61
10/1/2022,Q3_2223,Hammersmith and Fulham,Fair treatment,0.56
1/1/2023,Q4_2223,Hammersmith and Fulham,Fair treatment,0.62
4/1/2023,Q1_2324,Hammersmith and Fulham,Fair treatment,0.59
7/1/2023,Q2_2324,Hammersmith and Fulham,Fair treatment,0.59
10/1/2023,Q3_2324,Hammersmith and Fulham,Fair treatment,0.61
1/1/2024,Q4_2324,Hammersmith and Fulham,Fair treatment,0.63
4/1/2024,Q1_2425,Hammersmith and Fulham,Fair treatment,0.64
7/1/2024,Q2_2425,Hammersmith and Fulham,Fair treatment,0.64
10/1/2024,Q3_2425,Hammersmith and Fulham,Fair treatment,0.64
1/1/2025,Q4_2425,Hammersmith and Fulham,Fair treatment,0.62
4/1/2025,Q1_2526,Hammersmith and Fulham,Fair treatment,0.64
7/1/2025,Q2_2526,Hammersmith and Fulham,Fair treatment,0.67
10/1/2025,Q3_2526,Hammersmith and Fulham,Fair treatment,0.64
1/1/2026,Q4_2526,Hammersmith and Fulham,Fair treatment,0.64
10/1/2014,Q3_1415,Haringey,Good job,0.66
1/1/2015,Q4_1415,Haringey,Good job,0.65
4/1/2015,Q1_1516,Haringey,Good job,0.57
7/1/2015,Q2_1516,Haringey,Good job,0.57
10/1/2015,Q3_1516,Haringey,Good job,0.54
1/1/2016,Q4_1516,Haringey,Good job,0.55
4/1/2016,Q1_1617,Haringey,Good job,0.59
7/1/2016,Q2_1617,Haringey,Good job,0.6
10/1/2016,Q3_1617,Haringey,Good job,0.66
1/1/2017,Q4_1617,Haringey,Good job,0.63
4/1/2017,Q1_1718,Haringey,Good job,0.6
7/1/2017,Q2_1718,Haringey,Good job,0.61
10/1/2017,Q3_1718,Haringey,Good job,0.55
1/1/2018,Q4_1718,Haringey,Good job,0.55
4/1/2018,Q1_1819,Haringey,Good job,0.52
7/1/2018,Q2_1819,Haringey,Good job,0.49
10/1/2018,Q3_1819,Haringey,Good job,0.51
1/1/2019,Q4_1819,Haringey,Good job,0.49
4/1/2019,Q1_1920,Haringey,Good job,0.5
7/1/2019,Q2_1920,Haringey,Good job,0.52
10/1/2019,Q3_1920,Haringey,Good job,0.48
1/1/2020,Q4_1920,Haringey,Good job,0.46
4/1/2020,Q1_2021,Haringey,Good job,0.48
7/1/2020,Q2_2021,Haringey,Good job,0.48
10/1/2020,Q3_2021,Haringey,Good job,0.5
1/1/2021,Q4_2021,Haringey,Good job,0.55
4/1/2021,Q1_2122,Haringey,Good job,0.53
7/1/2021,Q2_2122,Haringey,Good job,0.51
10/1/2021,Q3_2122,Haringey,Good job,0.5
1/1/2022,Q4_2122,Haringey,Good job,0.49
4/1/2022,Q1_2223,Haringey,Good job,0.49
7/1/2022,Q2_2223,Haringey,Good job,0.5
10/1/2022,Q3_2223,Haringey,Good job,0.49
1/1/2023,Q4_2223,Haringey,Good job,0.46
4/1/2023,Q1_2324,Haringey,Good job,0.44
7/1/2023,Q2_2324,Haringey,Good job,0.41
10/1/2023,Q3_2324,Haringey,Good job,0.4
1/1/2024,Q4_2324,Haringey,Good job,0.41
4/1/2024,Q1_2425,Haringey,Good job,0.41
7/1/2024,Q2_2425,Haringey,Good job,0.43
10/1/2024,Q3_2425,Haringey,Good job,0.46
1/1/2025,Q4_2425,Haringey,Good job,0.44
4/1/2025,Q1_2526,Haringey,Good job,0.45
7/1/2025,Q2_2526,Haringey,Good job,0.44
10/1/2025,Q3_2526,Haringey,Good job,0.41
1/1/2026,Q4_2526,Haringey,Good job,0.43
1/1/2016,Q4_1516,Haringey,Trust MPS,0.82
4/1/2016,Q1_1617,Haringey,Trust MPS,0.85
7/1/2016,Q2_1617,Haringey,Trust MPS,0.86
10/1/2016,Q3_1617,Haringey,Trust MPS,0.88
1/1/2017,Q4_1617,Haringey,Trust MPS,0.88
4/1/2017,Q1_1718,Haringey,Trust MPS,0.84
7/1/2017,Q2_1718,Haringey,Trust MPS,0.81
10/1/2017,Q3_1718,Haringey,Trust MPS,0.78
1/1/2018,Q4_1718,Haringey,Trust MPS,0.75
4/1/2018,Q1_1819,Haringey,Trust MPS,0.75
7/1/2018,Q2_1819,Haringey,Trust MPS,0.74
10/1/2018,Q3_1819,Haringey,Trust MPS,0.74
1/1/2019,Q4_1819,Haringey,Trust MPS,0.74
4/1/2019,Q1_1920,Haringey,Trust MPS,0.76
7/1/2019,Q2_1920,Haringey,Trust MPS,0.77
10/1/2019,Q3_1920,Haringey,Trust MPS,0.74
1/1/2020,Q4_1920,Haringey,Trust MPS,0.77
4/1/2020,Q1_2021,Haringey,Trust MPS,0.77
7/1/2020,Q2_2021,Haringey,Trust MPS,0.78
10/1/2020,Q3_2021,Haringey,Trust MPS,0.8
1/1/2021,Q4_2021,Haringey,Trust MPS,0.78
4/1/2021,Q1_2122,Haringey,Trust MPS,0.75
7/1/2021,Q2_2122,Haringey,Trust MPS,0.73
10/1/2021,Q3_2122,Haringey,Trust MPS,0.7
1/1/2022,Q4_2122,Haringey,Trust MPS,0.68
4/1/2022,Q1_2223,Haringey,Trust MPS,0.68
7/1/2022,Q2_2223,Haringey,Trust MPS,0.67
10/1/2022,Q3_2223,Haringey,Trust MPS,0.67
1/1/2023,Q4_2223,Haringey,Trust MPS,0.66
4/1/2023,Q1_2324,Haringey,Trust MPS,0.62
7/1/2023,Q2_2324,Haringey,Trust MPS,0.59
10/1/2023,Q3_2324,Haringey,Trust MPS,0.59
1/1/2024,Q4_2324,Haringey,Trust MPS,0.57
4/1/2024,Q1_2425,Haringey,Trust MPS,0.58
7/1/2024,Q2_2425,Haringey,Trust MPS,0.64
10/1/2024,Q3_2425,Haringey,Trust MPS,0.68
1/1/2025,Q4_2425,Haringey,Trust MPS,0.72
4/1/2025,Q1_2526,Haringey,Trust MPS,0.74
7/1/2025,Q2_2526,Haringey,Trust MPS,0.74
10/1/2025,Q3_2526,Haringey,Trust MPS,0.69
1/1/2026,Q4_2526,Haringey,Trust MPS,0.69
10/1/2014,Q3_1415,Haringey,Fair treatment,0.78
1/1/2015,Q4_1415,Haringey,Fair treatment,0.77
4/1/2015,Q1_1516,Haringey,Fair treatment,0.73
7/1/2015,Q2_1516,Haringey,Fair treatment,0.7
10/1/2015,Q3_1516,Haringey,Fair treatment,0.69
1/1/2016,Q4_1516,Haringey,Fair treatment,0.69
4/1/2016,Q1_1617,Haringey,Fair treatment,0.71
7/1/2016,Q2_1617,Haringey,Fair treatment,0.75
10/1/2016,Q3_1617,Haringey,Fair treatment,0.77
1/1/2017,Q4_1617,Haringey,Fair treatment,0.78
4/1/2017,Q1_1718,Haringey,Fair treatment,0.72
7/1/2017,Q2_1718,Haringey,Fair treatment,0.68
10/1/2017,Q3_1718,Haringey,Fair treatment,0.62
1/1/2018,Q4_1718,Haringey,Fair treatment,0.59
4/1/2018,Q1_1819,Haringey,Fair treatment,0.59
7/1/2018,Q2_1819,Haringey,Fair treatment,0.6
10/1/2018,Q3_1819,Haringey,Fair treatment,0.61
1/1/2019,Q4_1819,Haringey,Fair treatment,0.63
4/1/2019,Q1_1920,Haringey,Fair treatment,0.64
7/1/2019,Q2_1920,Haringey,Fair treatment,0.63
10/1/2019,Q3_1920,Haringey,Fair treatment,0.61
1/1/2020,Q4_1920,Haringey,Fair treatment,0.58
4/1/2020,Q1_2021,Haringey,Fair treatment,0.61
7/1/2020,Q2_2021,Haringey,Fair treatment,0.63
10/1/2020,Q3_2021,Haringey,Fair treatment,0.66
1/1/2021,Q4_2021,Haringey,Fair treatment,0.66
4/1/2021,Q1_2122,Haringey,Fair treatment,0.66
7/1/2021,Q2_2122,Haringey,Fair treatment,0.63
10/1/2021,Q3_2122,Haringey,Fair treatment,0.57
1/1/2022,Q4_2122,Haringey,Fair treatment,0.56
4/1/2022,Q1_2223,Haringey,Fair treatment,0.53
7/1/2022,Q2_2223,Haringey,Fair treatment,0.53
10/1/2022,Q3_2223,Haringey,Fair treatment,0.55
1/1/2023,Q4_2223,Haringey,Fair treatment,0.52
4/1/2023,Q1_2324,Haringey,Fair treatment,0.53
7/1/2023,Q2_2324,Haringey,Fair treatment,0.52
10/1/2023,Q3_2324,Haringey,Fair treatment,0.53
1/1/2024,Q4_2324,Haringey,Fair treatment,0.52
4/1/2024,Q1_2425,Haringey,Fair treatment,0.51
7/1/2024,Q2_2425,Haringey,Fair treatment,0.54
10/1/2024,Q3_2425,Haringey,Fair treatment,0.57
1/1/2025,Q4_2425,Haringey,Fair treatment,0.59
4/1/2025,Q1_2526,Haringey,Fair treatment,0.62
7/1/2025,Q2_2526,Haringey,Fair treatment,0.6
10/1/2025,Q3_2526,Haringey,Fair treatment,0.55
1/1/2026,Q4_2526,Haringey,Fair treatment,0.55
10/1/2014,Q3_1415,Harrow,Good job,0.74
1/1/2015,Q4_1415,Harrow,Good job,0.75
4/1/2015,Q1_1516,Harrow,Good job,0.68
7/1/2015,Q2_1516,Harrow,Good job,0.61
10/1/2015,Q3_1516,Harrow,Good job,0.59
1/1/2016,Q4_1516,Harrow,Good job,0.57
4/1/2016,Q1_1617,Harrow,Good job,0.56
7/1/2016,Q2_1617,Harrow,Good job,0.63
10/1/2016,Q3_1617,Harrow,Good job,0.63
1/1/2017,Q4_1617,Harrow,Good job,0.63
4/1/2017,Q1_1718,Harrow,Good job,0.67
7/1/2017,Q2_1718,Harrow,Good job,0.61
10/1/2017,Q3_1718,Harrow,Good job,0.6
1/1/2018,Q4_1718,Harrow,Good job,0.62
4/1/2018,Q1_1819,Harrow,Good job,0.61
7/1/2018,Q2_1819,Harrow,Good job,0.62
10/1/2018,Q3_1819,Harrow,Good job,0.61
1/1/2019,Q4_1819,Harrow,Good job,0.6
4/1/2019,Q1_1920,Harrow,Good job,0.58
7/1/2019,Q2_1920,Harrow,Good job,0.55
10/1/2019,Q3_1920,Harrow,Good job,0.56
1/1/2020,Q4_1920,Harrow,Good job,0.57
4/1/2020,Q1_2021,Harrow,Good job,0.57
7/1/2020,Q2_2021,Harrow,Good job,0.58
10/1/2020,Q3_2021,Harrow,Good job,0.59
1/1/2021,Q4_2021,Harrow,Good job,0.53
4/1/2021,Q1_2122,Harrow,Good job,0.52
7/1/2021,Q2_2122,Harrow,Good job,0.51
10/1/2021,Q3_2122,Harrow,Good job,0.47
1/1/2022,Q4_2122,Harrow,Good job,0.48
4/1/2022,Q1_2223,Harrow,Good job,0.49
7/1/2022,Q2_2223,Harrow,Good job,0.53
10/1/2022,Q3_2223,Harrow,Good job,0.59
1/1/2023,Q4_2223,Harrow,Good job,0.63
4/1/2023,Q1_2324,Harrow,Good job,0.63
7/1/2023,Q2_2324,Harrow,Good job,0.62
10/1/2023,Q3_2324,Harrow,Good job,0.61
1/1/2024,Q4_2324,Harrow,Good job,0.56
4/1/2024,Q1_2425,Harrow,Good job,0.55
7/1/2024,Q2_2425,Harrow,Good job,0.52
10/1/2024,Q3_2425,Harrow,Good job,0.49
1/1/2025,Q4_2425,Harrow,Good job,0.49
4/1/2025,Q1_2526,Harrow,Good job,0.48
7/1/2025,Q2_2526,Harrow,Good job,0.48
10/1/2025,Q3_2526,Harrow,Good job,0.51
1/1/2026,Q4_2526,Harrow,Good job,0.49
1/1/2016,Q4_1516,Harrow,Trust MPS,0.86
4/1/2016,Q1_1617,Harrow,Trust MPS,0.85
7/1/2016,Q2_1617,Harrow,Trust MPS,0.85
10/1/2016,Q3_1617,Harrow,Trust MPS,0.85
1/1/2017,Q4_1617,Harrow,Trust MPS,0.88
4/1/2017,Q1_1718,Harrow,Trust MPS,0.88
7/1/2017,Q2_1718,Harrow,Trust MPS,0.86
10/1/2017,Q3_1718,Harrow,Trust MPS,0.83
1/1/2018,Q4_1718,Harrow,Trust MPS,0.82
4/1/2018,Q1_1819,Harrow,Trust MPS,0.82
7/1/2018,Q2_1819,Harrow,Trust MPS,0.81
10/1/2018,Q3_1819,Harrow,Trust MPS,0.83
1/1/2019,Q4_1819,Harrow,Trust MPS,0.84
4/1/2019,Q1_1920,Harrow,Trust MPS,0.82
7/1/2019,Q2_1920,Harrow,Trust MPS,0.86
10/1/2019,Q3_1920,Harrow,Trust MPS,0.87
1/1/2020,Q4_1920,Harrow,Trust MPS,0.87
4/1/2020,Q1_2021,Harrow,Trust MPS,0.88
7/1/2020,Q2_2021,Harrow,Trust MPS,0.86
10/1/2020,Q3_2021,Harrow,Trust MPS,0.84
1/1/2021,Q4_2021,Harrow,Trust MPS,0.82
4/1/2021,Q1_2122,Harrow,Trust MPS,0.83
7/1/2021,Q2_2122,Harrow,Trust MPS,0.82
10/1/2021,Q3_2122,Harrow,Trust MPS,0.81
1/1/2022,Q4_2122,Harrow,Trust MPS,0.79
4/1/2022,Q1_2223,Harrow,Trust MPS,0.77
7/1/2022,Q2_2223,Harrow,Trust MPS,0.78
10/1/2022,Q3_2223,Harrow,Trust MPS,0.79
1/1/2023,Q4_2223,Harrow,Trust MPS,0.82
4/1/2023,Q1_2324,Harrow,Trust MPS,0.82
7/1/2023,Q2_2324,Harrow,Trust MPS,0.82
10/1/2023,Q3_2324,Harrow,Trust MPS,0.82
1/1/2024,Q4_2324,Harrow,Trust MPS,0.78
4/1/2024,Q1_2425,Harrow,Trust MPS,0.78
7/1/2024,Q2_2425,Harrow,Trust MPS,0.79
10/1/2024,Q3_2425,Harrow,Trust MPS,0.77
1/1/2025,Q4_2425,Harrow,Trust MPS,0.76
4/1/2025,Q1_2526,Harrow,Trust MPS,0.76
7/1/2025,Q2_2526,Harrow,Trust MPS,0.75
10/1/2025,Q3_2526,Harrow,Trust MPS,0.78
1/1/2026,Q4_2526,Harrow,Trust MPS,0.78
10/1/2014,Q3_1415,Harrow,Fair treatment,0.8
1/1/2015,Q4_1415,Harrow,Fair treatment,0.83
4/1/2015,Q1_1516,Harrow,Fair treatment,0.83
7/1/2015,Q2_1516,Harrow,Fair treatment,0.85
10/1/2015,Q3_1516,Harrow,Fair treatment,0.81
1/1/2016,Q4_1516,Harrow,Fair treatment,0.77
4/1/2016,Q1_1617,Harrow,Fair treatment,0.73
7/1/2016,Q2_1617,Harrow,Fair treatment,0.74
10/1/2016,Q3_1617,Harrow,Fair treatment,0.75
1/1/2017,Q4_1617,Harrow,Fair treatment,0.76
4/1/2017,Q1_1718,Harrow,Fair treatment,0.8
7/1/2017,Q2_1718,Harrow,Fair treatment,0.78
10/1/2017,Q3_1718,Harrow,Fair treatment,0.76
1/1/2018,Q4_1718,Harrow,Fair treatment,0.78
4/1/2018,Q1_1819,Harrow,Fair treatment,0.76
7/1/2018,Q2_1819,Harrow,Fair treatment,0.77
10/1/2018,Q3_1819,Harrow,Fair treatment,0.78
1/1/2019,Q4_1819,Harrow,Fair treatment,0.8
4/1/2019,Q1_1920,Harrow,Fair treatment,0.82
7/1/2019,Q2_1920,Harrow,Fair treatment,0.84
10/1/2019,Q3_1920,Harrow,Fair treatment,0.86
1/1/2020,Q4_1920,Harrow,Fair treatment,0.85
4/1/2020,Q1_2021,Harrow,Fair treatment,0.83
7/1/2020,Q2_2021,Harrow,Fair treatment,0.82
10/1/2020,Q3_2021,Harrow,Fair treatment,0.81
1/1/2021,Q4_2021,Harrow,Fair treatment,0.78
4/1/2021,Q1_2122,Harrow,Fair treatment,0.78
7/1/2021,Q2_2122,Harrow,Fair treatment,0.77
10/1/2021,Q3_2122,Harrow,Fair treatment,0.71
1/1/2022,Q4_2122,Harrow,Fair treatment,0.68
4/1/2022,Q1_2223,Harrow,Fair treatment,0.7
7/1/2022,Q2_2223,Harrow,Fair treatment,0.74
10/1/2022,Q3_2223,Harrow,Fair treatment,0.79
1/1/2023,Q4_2223,Harrow,Fair treatment,0.86
4/1/2023,Q1_2324,Harrow,Fair treatment,0.85
7/1/2023,Q2_2324,Harrow,Fair treatment,0.81
10/1/2023,Q3_2324,Harrow,Fair treatment,0.78
1/1/2024,Q4_2324,Harrow,Fair treatment,0.72
4/1/2024,Q1_2425,Harrow,Fair treatment,0.69
7/1/2024,Q2_2425,Harrow,Fair treatment,0.69
10/1/2024,Q3_2425,Harrow,Fair treatment,0.68
1/1/2025,Q4_2425,Harrow,Fair treatment,0.68
4/1/2025,Q1_2526,Harrow,Fair treatment,0.68
7/1/2025,Q2_2526,Harrow,Fair treatment,0.67
10/1/2025,Q3_2526,Harrow,Fair treatment,0.69
1/1/2026,Q4_2526,Harrow,Fair treatment,0.68
10/1/2014,Q3_1415,Havering,Good job,0.68
1/1/2015,Q4_1415,Havering,Good job,0.72
4/1/2015,Q1_1516,Havering,Good job,0.71
7/1/2015,Q2_1516,Havering,Good job,0.71
10/1/2015,Q3_1516,Havering,Good job,0.72
1/1/2016,Q4_1516,Havering,Good job,0.72
4/1/2016,Q1_1617,Havering,Good job,0.72
7/1/2016,Q2_1617,Havering,Good job,0.73
10/1/2016,Q3_1617,Havering,Good job,0.7
1/1/2017,Q4_1617,Havering,Good job,0.73
4/1/2017,Q1_1718,Havering,Good job,0.73
7/1/2017,Q2_1718,Havering,Good job,0.7
10/1/2017,Q3_1718,Havering,Good job,0.7
1/1/2018,Q4_1718,Havering,Good job,0.7
4/1/2018,Q1_1819,Havering,Good job,0.66
7/1/2018,Q2_1819,Havering,Good job,0.64
10/1/2018,Q3_1819,Havering,Good job,0.61
1/1/2019,Q4_1819,Havering,Good job,0.58
4/1/2019,Q1_1920,Havering,Good job,0.59
7/1/2019,Q2_1920,Havering,Good job,0.6
10/1/2019,Q3_1920,Havering,Good job,0.62
1/1/2020,Q4_1920,Havering,Good job,0.62
4/1/2020,Q1_2021,Havering,Good job,0.63
7/1/2020,Q2_2021,Havering,Good job,0.66
10/1/2020,Q3_2021,Havering,Good job,0.64
1/1/2021,Q4_2021,Havering,Good job,0.63
4/1/2021,Q1_2122,Havering,Good job,0.57
7/1/2021,Q2_2122,Havering,Good job,0.57
10/1/2021,Q3_2122,Havering,Good job,0.53
1/1/2022,Q4_2122,Havering,Good job,0.5
4/1/2022,Q1_2223,Havering,Good job,0.53
7/1/2022,Q2_2223,Havering,Good job,0.51
10/1/2022,Q3_2223,Havering,Good job,0.54
1/1/2023,Q4_2223,Havering,Good job,0.54
4/1/2023,Q1_2324,Havering,Good job,0.51
7/1/2023,Q2_2324,Havering,Good job,0.53
10/1/2023,Q3_2324,Havering,Good job,0.48
1/1/2024,Q4_2324,Havering,Good job,0.48
4/1/2024,Q1_2425,Havering,Good job,0.46
7/1/2024,Q2_2425,Havering,Good job,0.42
10/1/2024,Q3_2425,Havering,Good job,0.44
1/1/2025,Q4_2425,Havering,Good job,0.44
4/1/2025,Q1_2526,Havering,Good job,0.45
7/1/2025,Q2_2526,Havering,Good job,0.49
10/1/2025,Q3_2526,Havering,Good job,0.51
1/1/2026,Q4_2526,Havering,Good job,0.52
1/1/2016,Q4_1516,Havering,Trust MPS,0.92
4/1/2016,Q1_1617,Havering,Trust MPS,0.91
7/1/2016,Q2_1617,Havering,Trust MPS,0.91
10/1/2016,Q3_1617,Havering,Trust MPS,0.89
1/1/2017,Q4_1617,Havering,Trust MPS,0.91
4/1/2017,Q1_1718,Havering,Trust MPS,0.91
7/1/2017,Q2_1718,Havering,Trust MPS,0.89
10/1/2017,Q3_1718,Havering,Trust MPS,0.89
1/1/2018,Q4_1718,Havering,Trust MPS,0.89
4/1/2018,Q1_1819,Havering,Trust MPS,0.87
7/1/2018,Q2_1819,Havering,Trust MPS,0.86
10/1/2018,Q3_1819,Havering,Trust MPS,0.83
1/1/2019,Q4_1819,Havering,Trust MPS,0.82
4/1/2019,Q1_1920,Havering,Trust MPS,0.82
7/1/2019,Q2_1920,Havering,Trust MPS,0.83
10/1/2019,Q3_1920,Havering,Trust MPS,0.85
1/1/2020,Q4_1920,Havering,Trust MPS,0.85
4/1/2020,Q1_2021,Havering,Trust MPS,0.85
7/1/2020,Q2_2021,Havering,Trust MPS,0.84
10/1/2020,Q3_2021,Havering,Trust MPS,0.85
1/1/2021,Q4_2021,Havering,Trust MPS,0.84
4/1/2021,Q1_2122,Havering,Trust MPS,0.82
7/1/2021,Q2_2122,Havering,Trust MPS,0.82
10/1/2021,Q3_2122,Havering,Trust MPS,0.8
1/1/2022,Q4_2122,Havering,Trust MPS,0.77
4/1/2022,Q1_2223,Havering,Trust MPS,0.79
7/1/2022,Q2_2223,Havering,Trust MPS,0.78
10/1/2022,Q3_2223,Havering,Trust MPS,0.76
1/1/2023,Q4_2223,Havering,Trust MPS,0.77
4/1/2023,Q1_2324,Havering,Trust MPS,0.75
7/1/2023,Q2_2324,Havering,Trust MPS,0.74
10/1/2023,Q3_2324,Havering,Trust MPS,0.73
1/1/2024,Q4_2324,Havering,Trust MPS,0.74
4/1/2024,Q1_2425,Havering,Trust MPS,0.74
7/1/2024,Q2_2425,Havering,Trust MPS,0.77
10/1/2024,Q3_2425,Havering,Trust MPS,0.79
1/1/2025,Q4_2425,Havering,Trust MPS,0.8
4/1/2025,Q1_2526,Havering,Trust MPS,0.8
7/1/2025,Q2_2526,Havering,Trust MPS,0.79
10/1/2025,Q3_2526,Havering,Trust MPS,0.77
1/1/2026,Q4_2526,Havering,Trust MPS,0.76
10/1/2014,Q3_1415,Havering,Fair treatment,0.79
1/1/2015,Q4_1415,Havering,Fair treatment,0.78
4/1/2015,Q1_1516,Havering,Fair treatment,0.77
7/1/2015,Q2_1516,Havering,Fair treatment,0.78
10/1/2015,Q3_1516,Havering,Fair treatment,0.82
1/1/2016,Q4_1516,Havering,Fair treatment,0.81
4/1/2016,Q1_1617,Havering,Fair treatment,0.82
7/1/2016,Q2_1617,Havering,Fair treatment,0.84
10/1/2016,Q3_1617,Havering,Fair treatment,0.82
1/1/2017,Q4_1617,Havering,Fair treatment,0.87
4/1/2017,Q1_1718,Havering,Fair treatment,0.87
7/1/2017,Q2_1718,Havering,Fair treatment,0.87
10/1/2017,Q3_1718,Havering,Fair treatment,0.86
1/1/2018,Q4_1718,Havering,Fair treatment,0.84
4/1/2018,Q1_1819,Havering,Fair treatment,0.86
7/1/2018,Q2_1819,Havering,Fair treatment,0.83
10/1/2018,Q3_1819,Havering,Fair treatment,0.83
1/1/2019,Q4_1819,Havering,Fair treatment,0.84
4/1/2019,Q1_1920,Havering,Fair treatment,0.84
7/1/2019,Q2_1920,Havering,Fair treatment,0.84
10/1/2019,Q3_1920,Havering,Fair treatment,0.85
1/1/2020,Q4_1920,Havering,Fair treatment,0.85
4/1/2020,Q1_2021,Havering,Fair treatment,0.83
7/1/2020,Q2_2021,Havering,Fair treatment,0.83
10/1/2020,Q3_2021,Havering,Fair treatment,0.83
1/1/2021,Q4_2021,Havering,Fair treatment,0.81
4/1/2021,Q1_2122,Havering,Fair treatment,0.78
7/1/2021,Q2_2122,Havering,Fair treatment,0.78
10/1/2021,Q3_2122,Havering,Fair treatment,0.73
1/1/2022,Q4_2122,Havering,Fair treatment,0.69
4/1/2022,Q1_2223,Havering,Fair treatment,0.69
7/1/2022,Q2_2223,Havering,Fair treatment,0.7
10/1/2022,Q3_2223,Havering,Fair treatment,0.71
1/1/2023,Q4_2223,Havering,Fair treatment,0.72
4/1/2023,Q1_2324,Havering,Fair treatment,0.71
7/1/2023,Q2_2324,Havering,Fair treatment,0.72
10/1/2023,Q3_2324,Havering,Fair treatment,0.71
1/1/2024,Q4_2324,Havering,Fair treatment,0.72
4/1/2024,Q1_2425,Havering,Fair treatment,0.72
7/1/2024,Q2_2425,Havering,Fair treatment,0.71
10/1/2024,Q3_2425,Havering,Fair treatment,0.72
1/1/2025,Q4_2425,Havering,Fair treatment,0.75
4/1/2025,Q1_2526,Havering,Fair treatment,0.76
7/1/2025,Q2_2526,Havering,Fair treatment,0.77
10/1/2025,Q3_2526,Havering,Fair treatment,0.76
1/1/2026,Q4_2526,Havering,Fair treatment,0.74
10/1/2014,Q3_1415,Hillingdon,Good job,0.67
1/1/2015,Q4_1415,Hillingdon,Good job,0.68
4/1/2015,Q1_1516,Hillingdon,Good job,0.64
7/1/2015,Q2_1516,Hillingdon,Good job,0.63
10/1/2015,Q3_1516,Hillingdon,Good job,0.63
1/1/2016,Q4_1516,Hillingdon,Good job,0.6
4/1/2016,Q1_1617,Hillingdon,Good job,0.58
7/1/2016,Q2_1617,Hillingdon,Good job,0.56
10/1/2016,Q3_1617,Hillingdon,Good job,0.57
1/1/2017,Q4_1617,Hillingdon,Good job,0.59
4/1/2017,Q1_1718,Hillingdon,Good job,0.65
7/1/2017,Q2_1718,Hillingdon,Good job,0.7
10/1/2017,Q3_1718,Hillingdon,Good job,0.68
1/1/2018,Q4_1718,Hillingdon,Good job,0.64
4/1/2018,Q1_1819,Hillingdon,Good job,0.63
7/1/2018,Q2_1819,Hillingdon,Good job,0.6
10/1/2018,Q3_1819,Hillingdon,Good job,0.57
1/1/2019,Q4_1819,Hillingdon,Good job,0.59
4/1/2019,Q1_1920,Hillingdon,Good job,0.54
7/1/2019,Q2_1920,Hillingdon,Good job,0.55
10/1/2019,Q3_1920,Hillingdon,Good job,0.57
1/1/2020,Q4_1920,Hillingdon,Good job,0.54
4/1/2020,Q1_2021,Hillingdon,Good job,0.57
7/1/2020,Q2_2021,Hillingdon,Good job,0.55
10/1/2020,Q3_2021,Hillingdon,Good job,0.58
1/1/2021,Q4_2021,Hillingdon,Good job,0.61
4/1/2021,Q1_2122,Hillingdon,Good job,0.6
7/1/2021,Q2_2122,Hillingdon,Good job,0.58
10/1/2021,Q3_2122,Hillingdon,Good job,0.57
1/1/2022,Q4_2122,Hillingdon,Good job,0.52
4/1/2022,Q1_2223,Hillingdon,Good job,0.51
7/1/2022,Q2_2223,Hillingdon,Good job,0.58
10/1/2022,Q3_2223,Hillingdon,Good job,0.59
1/1/2023,Q4_2223,Hillingdon,Good job,0.63
4/1/2023,Q1_2324,Hillingdon,Good job,0.61
7/1/2023,Q2_2324,Hillingdon,Good job,0.58
10/1/2023,Q3_2324,Hillingdon,Good job,0.57
1/1/2024,Q4_2324,Hillingdon,Good job,0.53
4/1/2024,Q1_2425,Hillingdon,Good job,0.54
7/1/2024,Q2_2425,Hillingdon,Good job,0.56
10/1/2024,Q3_2425,Hillingdon,Good job,0.56
1/1/2025,Q4_2425,Hillingdon,Good job,0.55
4/1/2025,Q1_2526,Hillingdon,Good job,0.52
7/1/2025,Q2_2526,Hillingdon,Good job,0.45
10/1/2025,Q3_2526,Hillingdon,Good job,0.39
1/1/2026,Q4_2526,Hillingdon,Good job,0.35
1/1/2016,Q4_1516,Hillingdon,Trust MPS,0.84
4/1/2016,Q1_1617,Hillingdon,Trust MPS,0.85
7/1/2016,Q2_1617,Hillingdon,Trust MPS,0.84
10/1/2016,Q3_1617,Hillingdon,Trust MPS,0.84
1/1/2017,Q4_1617,Hillingdon,Trust MPS,0.87
4/1/2017,Q1_1718,Hillingdon,Trust MPS,0.86
7/1/2017,Q2_1718,Hillingdon,Trust MPS,0.86
10/1/2017,Q3_1718,Hillingdon,Trust MPS,0.87
1/1/2018,Q4_1718,Hillingdon,Trust MPS,0.85
4/1/2018,Q1_1819,Hillingdon,Trust MPS,0.85
7/1/2018,Q2_1819,Hillingdon,Trust MPS,0.84
10/1/2018,Q3_1819,Hillingdon,Trust MPS,0.82
1/1/2019,Q4_1819,Hillingdon,Trust MPS,0.81
4/1/2019,Q1_1920,Hillingdon,Trust MPS,0.83
7/1/2019,Q2_1920,Hillingdon,Trust MPS,0.86
10/1/2019,Q3_1920,Hillingdon,Trust MPS,0.86
1/1/2020,Q4_1920,Hillingdon,Trust MPS,0.85
4/1/2020,Q1_2021,Hillingdon,Trust MPS,0.85
7/1/2020,Q2_2021,Hillingdon,Trust MPS,0.82
10/1/2020,Q3_2021,Hillingdon,Trust MPS,0.84
1/1/2021,Q4_2021,Hillingdon,Trust MPS,0.85
4/1/2021,Q1_2122,Hillingdon,Trust MPS,0.85
7/1/2021,Q2_2122,Hillingdon,Trust MPS,0.86
10/1/2021,Q3_2122,Hillingdon,Trust MPS,0.82
1/1/2022,Q4_2122,Hillingdon,Trust MPS,0.82
4/1/2022,Q1_2223,Hillingdon,Trust MPS,0.8
7/1/2022,Q2_2223,Hillingdon,Trust MPS,0.8
10/1/2022,Q3_2223,Hillingdon,Trust MPS,0.83
1/1/2023,Q4_2223,Hillingdon,Trust MPS,0.84
4/1/2023,Q1_2324,Hillingdon,Trust MPS,0.84
7/1/2023,Q2_2324,Hillingdon,Trust MPS,0.81
10/1/2023,Q3_2324,Hillingdon,Trust MPS,0.79
1/1/2024,Q4_2324,Hillingdon,Trust MPS,0.78
4/1/2024,Q1_2425,Hillingdon,Trust MPS,0.78
7/1/2024,Q2_2425,Hillingdon,Trust MPS,0.78
10/1/2024,Q3_2425,Hillingdon,Trust MPS,0.78
1/1/2025,Q4_2425,Hillingdon,Trust MPS,0.78
4/1/2025,Q1_2526,Hillingdon,Trust MPS,0.77
7/1/2025,Q2_2526,Hillingdon,Trust MPS,0.75
10/1/2025,Q3_2526,Hillingdon,Trust MPS,0.69
1/1/2026,Q4_2526,Hillingdon,Trust MPS,0.62
10/1/2014,Q3_1415,Hillingdon,Fair treatment,0.8
1/1/2015,Q4_1415,Hillingdon,Fair treatment,0.84
4/1/2015,Q1_1516,Hillingdon,Fair treatment,0.81
7/1/2015,Q2_1516,Hillingdon,Fair treatment,0.77
10/1/2015,Q3_1516,Hillingdon,Fair treatment,0.74
1/1/2016,Q4_1516,Hillingdon,Fair treatment,0.68
4/1/2016,Q1_1617,Hillingdon,Fair treatment,0.68
7/1/2016,Q2_1617,Hillingdon,Fair treatment,0.67
10/1/2016,Q3_1617,Hillingdon,Fair treatment,0.68
1/1/2017,Q4_1617,Hillingdon,Fair treatment,0.75
4/1/2017,Q1_1718,Hillingdon,Fair treatment,0.73
7/1/2017,Q2_1718,Hillingdon,Fair treatment,0.73
10/1/2017,Q3_1718,Hillingdon,Fair treatment,0.73
1/1/2018,Q4_1718,Hillingdon,Fair treatment,0.76
4/1/2018,Q1_1819,Hillingdon,Fair treatment,0.79
7/1/2018,Q2_1819,Hillingdon,Fair treatment,0.79
10/1/2018,Q3_1819,Hillingdon,Fair treatment,0.79
1/1/2019,Q4_1819,Hillingdon,Fair treatment,0.77
4/1/2019,Q1_1920,Hillingdon,Fair treatment,0.77
7/1/2019,Q2_1920,Hillingdon,Fair treatment,0.8
10/1/2019,Q3_1920,Hillingdon,Fair treatment,0.79
1/1/2020,Q4_1920,Hillingdon,Fair treatment,0.79
4/1/2020,Q1_2021,Hillingdon,Fair treatment,0.81
7/1/2020,Q2_2021,Hillingdon,Fair treatment,0.8
10/1/2020,Q3_2021,Hillingdon,Fair treatment,0.83
1/1/2021,Q4_2021,Hillingdon,Fair treatment,0.81
4/1/2021,Q1_2122,Hillingdon,Fair treatment,0.81
7/1/2021,Q2_2122,Hillingdon,Fair treatment,0.79
10/1/2021,Q3_2122,Hillingdon,Fair treatment,0.76
1/1/2022,Q4_2122,Hillingdon,Fair treatment,0.8
4/1/2022,Q1_2223,Hillingdon,Fair treatment,0.78
7/1/2022,Q2_2223,Hillingdon,Fair treatment,0.83
10/1/2022,Q3_2223,Hillingdon,Fair treatment,0.84
1/1/2023,Q4_2223,Hillingdon,Fair treatment,0.85
4/1/2023,Q1_2324,Hillingdon,Fair treatment,0.84
7/1/2023,Q2_2324,Hillingdon,Fair treatment,0.79
10/1/2023,Q3_2324,Hillingdon,Fair treatment,0.77
1/1/2024,Q4_2324,Hillingdon,Fair treatment,0.73
4/1/2024,Q1_2425,Hillingdon,Fair treatment,0.71
7/1/2024,Q2_2425,Hillingdon,Fair treatment,0.71
10/1/2024,Q3_2425,Hillingdon,Fair treatment,0.72
1/1/2025,Q4_2425,Hillingdon,Fair treatment,0.73
4/1/2025,Q1_2526,Hillingdon,Fair treatment,0.71
7/1/2025,Q2_2526,Hillingdon,Fair treatment,0.69
10/1/2025,Q3_2526,Hillingdon,Fair treatment,0.65
1/1/2026,Q4_2526,Hillingdon,Fair treatment,0.57
10/1/2014,Q3_1415,Hounslow,Good job,0.68
1/1/2015,Q4_1415,Hounslow,Good job,0.68
4/1/2015,Q1_1516,Hounslow,Good job,0.64
7/1/2015,Q2_1516,Hounslow,Good job,0.64
10/1/2015,Q3_1516,Hounslow,Good job,0.63
1/1/2016,Q4_1516,Hounslow,Good job,0.63
4/1/2016,Q1_1617,Hounslow,Good job,0.64
7/1/2016,Q2_1617,Hounslow,Good job,0.65
10/1/2016,Q3_1617,Hounslow,Good job,0.67
1/1/2017,Q4_1617,Hounslow,Good job,0.7
4/1/2017,Q1_1718,Hounslow,Good job,0.78
7/1/2017,Q2_1718,Hounslow,Good job,0.77
10/1/2017,Q3_1718,Hounslow,Good job,0.76
1/1/2018,Q4_1718,Hounslow,Good job,0.72
4/1/2018,Q1_1819,Hounslow,Good job,0.66
7/1/2018,Q2_1819,Hounslow,Good job,0.65
10/1/2018,Q3_1819,Hounslow,Good job,0.63
1/1/2019,Q4_1819,Hounslow,Good job,0.63
4/1/2019,Q1_1920,Hounslow,Good job,0.59
7/1/2019,Q2_1920,Hounslow,Good job,0.57
10/1/2019,Q3_1920,Hounslow,Good job,0.58
1/1/2020,Q4_1920,Hounslow,Good job,0.58
4/1/2020,Q1_2021,Hounslow,Good job,0.61
7/1/2020,Q2_2021,Hounslow,Good job,0.59
10/1/2020,Q3_2021,Hounslow,Good job,0.57
1/1/2021,Q4_2021,Hounslow,Good job,0.57
4/1/2021,Q1_2122,Hounslow,Good job,0.57
7/1/2021,Q2_2122,Hounslow,Good job,0.56
10/1/2021,Q3_2122,Hounslow,Good job,0.55
1/1/2022,Q4_2122,Hounslow,Good job,0.55
4/1/2022,Q1_2223,Hounslow,Good job,0.53
7/1/2022,Q2_2223,Hounslow,Good job,0.55
10/1/2022,Q3_2223,Hounslow,Good job,0.55
1/1/2023,Q4_2223,Hounslow,Good job,0.52
4/1/2023,Q1_2324,Hounslow,Good job,0.5
7/1/2023,Q2_2324,Hounslow,Good job,0.47
10/1/2023,Q3_2324,Hounslow,Good job,0.46
1/1/2024,Q4_2324,Hounslow,Good job,0.44
4/1/2024,Q1_2425,Hounslow,Good job,0.46
7/1/2024,Q2_2425,Hounslow,Good job,0.48
10/1/2024,Q3_2425,Hounslow,Good job,0.48
1/1/2025,Q4_2425,Hounslow,Good job,0.49
4/1/2025,Q1_2526,Hounslow,Good job,0.47
7/1/2025,Q2_2526,Hounslow,Good job,0.44
10/1/2025,Q3_2526,Hounslow,Good job,0.4
1/1/2026,Q4_2526,Hounslow,Good job,0.39
1/1/2016,Q4_1516,Hounslow,Trust MPS,0.87
4/1/2016,Q1_1617,Hounslow,Trust MPS,0.9
7/1/2016,Q2_1617,Hounslow,Trust MPS,0.91
10/1/2016,Q3_1617,Hounslow,Trust MPS,0.91
1/1/2017,Q4_1617,Hounslow,Trust MPS,0.9
4/1/2017,Q1_1718,Hounslow,Trust MPS,0.9
7/1/2017,Q2_1718,Hounslow,Trust MPS,0.88
10/1/2017,Q3_1718,Hounslow,Trust MPS,0.87
1/1/2018,Q4_1718,Hounslow,Trust MPS,0.86
4/1/2018,Q1_1819,Hounslow,Trust MPS,0.85
7/1/2018,Q2_1819,Hounslow,Trust MPS,0.87
10/1/2018,Q3_1819,Hounslow,Trust MPS,0.89
1/1/2019,Q4_1819,Hounslow,Trust MPS,0.87
4/1/2019,Q1_1920,Hounslow,Trust MPS,0.87
7/1/2019,Q2_1920,Hounslow,Trust MPS,0.88
10/1/2019,Q3_1920,Hounslow,Trust MPS,0.86
1/1/2020,Q4_1920,Hounslow,Trust MPS,0.88
4/1/2020,Q1_2021,Hounslow,Trust MPS,0.88
7/1/2020,Q2_2021,Hounslow,Trust MPS,0.84
10/1/2020,Q3_2021,Hounslow,Trust MPS,0.84
1/1/2021,Q4_2021,Hounslow,Trust MPS,0.82
4/1/2021,Q1_2122,Hounslow,Trust MPS,0.82
7/1/2021,Q2_2122,Hounslow,Trust MPS,0.8
10/1/2021,Q3_2122,Hounslow,Trust MPS,0.82
1/1/2022,Q4_2122,Hounslow,Trust MPS,0.8
4/1/2022,Q1_2223,Hounslow,Trust MPS,0.78
7/1/2022,Q2_2223,Hounslow,Trust MPS,0.79
10/1/2022,Q3_2223,Hounslow,Trust MPS,0.75
1/1/2023,Q4_2223,Hounslow,Trust MPS,0.76
4/1/2023,Q1_2324,Hounslow,Trust MPS,0.75
7/1/2023,Q2_2324,Hounslow,Trust MPS,0.74
10/1/2023,Q3_2324,Hounslow,Trust MPS,0.74
1/1/2024,Q4_2324,Hounslow,Trust MPS,0.75
4/1/2024,Q1_2425,Hounslow,Trust MPS,0.76
7/1/2024,Q2_2425,Hounslow,Trust MPS,0.77
10/1/2024,Q3_2425,Hounslow,Trust MPS,0.74
1/1/2025,Q4_2425,Hounslow,Trust MPS,0.74
4/1/2025,Q1_2526,Hounslow,Trust MPS,0.71
7/1/2025,Q2_2526,Hounslow,Trust MPS,0.7
10/1/2025,Q3_2526,Hounslow,Trust MPS,0.69
1/1/2026,Q4_2526,Hounslow,Trust MPS,0.7
10/1/2014,Q3_1415,Hounslow,Fair treatment,0.81
1/1/2015,Q4_1415,Hounslow,Fair treatment,0.78
4/1/2015,Q1_1516,Hounslow,Fair treatment,0.76
7/1/2015,Q2_1516,Hounslow,Fair treatment,0.73
10/1/2015,Q3_1516,Hounslow,Fair treatment,0.75
1/1/2016,Q4_1516,Hounslow,Fair treatment,0.77
4/1/2016,Q1_1617,Hounslow,Fair treatment,0.77
7/1/2016,Q2_1617,Hounslow,Fair treatment,0.79
10/1/2016,Q3_1617,Hounslow,Fair treatment,0.78
1/1/2017,Q4_1617,Hounslow,Fair treatment,0.76
4/1/2017,Q1_1718,Hounslow,Fair treatment,0.77
7/1/2017,Q2_1718,Hounslow,Fair treatment,0.78
10/1/2017,Q3_1718,Hounslow,Fair treatment,0.8
1/1/2018,Q4_1718,Hounslow,Fair treatment,0.81
4/1/2018,Q1_1819,Hounslow,Fair treatment,0.85
7/1/2018,Q2_1819,Hounslow,Fair treatment,0.83
10/1/2018,Q3_1819,Hounslow,Fair treatment,0.85
1/1/2019,Q4_1819,Hounslow,Fair treatment,0.83
4/1/2019,Q1_1920,Hounslow,Fair treatment,0.81
7/1/2019,Q2_1920,Hounslow,Fair treatment,0.85
10/1/2019,Q3_1920,Hounslow,Fair treatment,0.84
1/1/2020,Q4_1920,Hounslow,Fair treatment,0.86
4/1/2020,Q1_2021,Hounslow,Fair treatment,0.85
7/1/2020,Q2_2021,Hounslow,Fair treatment,0.8
10/1/2020,Q3_2021,Hounslow,Fair treatment,0.77
1/1/2021,Q4_2021,Hounslow,Fair treatment,0.75
4/1/2021,Q1_2122,Hounslow,Fair treatment,0.74
7/1/2021,Q2_2122,Hounslow,Fair treatment,0.73
10/1/2021,Q3_2122,Hounslow,Fair treatment,0.74
1/1/2022,Q4_2122,Hounslow,Fair treatment,0.73
4/1/2022,Q1_2223,Hounslow,Fair treatment,0.71
7/1/2022,Q2_2223,Hounslow,Fair treatment,0.71
10/1/2022,Q3_2223,Hounslow,Fair treatment,0.7
1/1/2023,Q4_2223,Hounslow,Fair treatment,0.71
4/1/2023,Q1_2324,Hounslow,Fair treatment,0.7
7/1/2023,Q2_2324,Hounslow,Fair treatment,0.69
10/1/2023,Q3_2324,Hounslow,Fair treatment,0.67
1/1/2024,Q4_2324,Hounslow,Fair treatment,0.6
4/1/2024,Q1_2425,Hounslow,Fair treatment,0.61
7/1/2024,Q2_2425,Hounslow,Fair treatment,0.61
10/1/2024,Q3_2425,Hounslow,Fair treatment,0.62
1/1/2025,Q4_2425,Hounslow,Fair treatment,0.66
4/1/2025,Q1_2526,Hounslow,Fair treatment,0.64
7/1/2025,Q2_2526,Hounslow,Fair treatment,0.66
10/1/2025,Q3_2526,Hounslow,Fair treatment,0.63
1/1/2026,Q4_2526,Hounslow,Fair treatment,0.65
10/1/2014,Q3_1415,Islington,Good job,0.66
1/1/2015,Q4_1415,Islington,Good job,0.69
4/1/2015,Q1_1516,Islington,Good job,0.68
7/1/2015,Q2_1516,Islington,Good job,0.72
10/1/2015,Q3_1516,Islington,Good job,0.72
1/1/2016,Q4_1516,Islington,Good job,0.71
4/1/2016,Q1_1617,Islington,Good job,0.72
7/1/2016,Q2_1617,Islington,Good job,0.68
10/1/2016,Q3_1617,Islington,Good job,0.68
1/1/2017,Q4_1617,Islington,Good job,0.65
4/1/2017,Q1_1718,Islington,Good job,0.62
7/1/2017,Q2_1718,Islington,Good job,0.62
10/1/2017,Q3_1718,Islington,Good job,0.59
1/1/2018,Q4_1718,Islington,Good job,0.57
4/1/2018,Q1_1819,Islington,Good job,0.54
7/1/2018,Q2_1819,Islington,Good job,0.52
10/1/2018,Q3_1819,Islington,Good job,0.49
1/1/2019,Q4_1819,Islington,Good job,0.5
4/1/2019,Q1_1920,Islington,Good job,0.5
7/1/2019,Q2_1920,Islington,Good job,0.5
10/1/2019,Q3_1920,Islington,Good job,0.5
1/1/2020,Q4_1920,Islington,Good job,0.5
4/1/2020,Q1_2021,Islington,Good job,0.53
7/1/2020,Q2_2021,Islington,Good job,0.54
10/1/2020,Q3_2021,Islington,Good job,0.57
1/1/2021,Q4_2021,Islington,Good job,0.58
4/1/2021,Q1_2122,Islington,Good job,0.56
7/1/2021,Q2_2122,Islington,Good job,0.55
10/1/2021,Q3_2122,Islington,Good job,0.53
1/1/2022,Q4_2122,Islington,Good job,0.5
4/1/2022,Q1_2223,Islington,Good job,0.49
7/1/2022,Q2_2223,Islington,Good job,0.47
10/1/2022,Q3_2223,Islington,Good job,0.45
1/1/2023,Q4_2223,Islington,Good job,0.46
4/1/2023,Q1_2324,Islington,Good job,0.43
7/1/2023,Q2_2324,Islington,Good job,0.43
10/1/2023,Q3_2324,Islington,Good job,0.42
1/1/2024,Q4_2324,Islington,Good job,0.41
4/1/2024,Q1_2425,Islington,Good job,0.43
7/1/2024,Q2_2425,Islington,Good job,0.42
10/1/2024,Q3_2425,Islington,Good job,0.4
1/1/2025,Q4_2425,Islington,Good job,0.39
4/1/2025,Q1_2526,Islington,Good job,0.37
7/1/2025,Q2_2526,Islington,Good job,0.34
10/1/2025,Q3_2526,Islington,Good job,0.35
1/1/2026,Q4_2526,Islington,Good job,0.35
1/1/2016,Q4_1516,Islington,Trust MPS,0.88
4/1/2016,Q1_1617,Islington,Trust MPS,0.86
7/1/2016,Q2_1617,Islington,Trust MPS,0.84
10/1/2016,Q3_1617,Islington,Trust MPS,0.85
1/1/2017,Q4_1617,Islington,Trust MPS,0.84
4/1/2017,Q1_1718,Islington,Trust MPS,0.85
7/1/2017,Q2_1718,Islington,Trust MPS,0.87
10/1/2017,Q3_1718,Islington,Trust MPS,0.87
1/1/2018,Q4_1718,Islington,Trust MPS,0.86
4/1/2018,Q1_1819,Islington,Trust MPS,0.86
7/1/2018,Q2_1819,Islington,Trust MPS,0.85
10/1/2018,Q3_1819,Islington,Trust MPS,0.85
1/1/2019,Q4_1819,Islington,Trust MPS,0.83
4/1/2019,Q1_1920,Islington,Trust MPS,0.81
7/1/2019,Q2_1920,Islington,Trust MPS,0.79
10/1/2019,Q3_1920,Islington,Trust MPS,0.76
1/1/2020,Q4_1920,Islington,Trust MPS,0.76
4/1/2020,Q1_2021,Islington,Trust MPS,0.77
7/1/2020,Q2_2021,Islington,Trust MPS,0.76
10/1/2020,Q3_2021,Islington,Trust MPS,0.77
1/1/2021,Q4_2021,Islington,Trust MPS,0.76
4/1/2021,Q1_2122,Islington,Trust MPS,0.7
7/1/2021,Q2_2122,Islington,Trust MPS,0.66
10/1/2021,Q3_2122,Islington,Trust MPS,0.65
1/1/2022,Q4_2122,Islington,Trust MPS,0.6
4/1/2022,Q1_2223,Islington,Trust MPS,0.63
7/1/2022,Q2_2223,Islington,Trust MPS,0.61
10/1/2022,Q3_2223,Islington,Trust MPS,0.61
1/1/2023,Q4_2223,Islington,Trust MPS,0.62
4/1/2023,Q1_2324,Islington,Trust MPS,0.6
7/1/2023,Q2_2324,Islington,Trust MPS,0.62
10/1/2023,Q3_2324,Islington,Trust MPS,0.61
1/1/2024,Q4_2324,Islington,Trust MPS,0.62
4/1/2024,Q1_2425,Islington,Trust MPS,0.63
7/1/2024,Q2_2425,Islington,Trust MPS,0.65
10/1/2024,Q3_2425,Islington,Trust MPS,0.65
1/1/2025,Q4_2425,Islington,Trust MPS,0.65
4/1/2025,Q1_2526,Islington,Trust MPS,0.65
7/1/2025,Q2_2526,Islington,Trust MPS,0.66
10/1/2025,Q3_2526,Islington,Trust MPS,0.64
1/1/2026,Q4_2526,Islington,Trust MPS,0.64
10/1/2014,Q3_1415,Islington,Fair treatment,0.71
1/1/2015,Q4_1415,Islington,Fair treatment,0.76
4/1/2015,Q1_1516,Islington,Fair treatment,0.77
7/1/2015,Q2_1516,Islington,Fair treatment,0.76
10/1/2015,Q3_1516,Islington,Fair treatment,0.77
1/1/2016,Q4_1516,Islington,Fair treatment,0.79
4/1/2016,Q1_1617,Islington,Fair treatment,0.76
7/1/2016,Q2_1617,Islington,Fair treatment,0.78
10/1/2016,Q3_1617,Islington,Fair treatment,0.79
1/1/2017,Q4_1617,Islington,Fair treatment,0.77
4/1/2017,Q1_1718,Islington,Fair treatment,0.75
7/1/2017,Q2_1718,Islington,Fair treatment,0.72
10/1/2017,Q3_1718,Islington,Fair treatment,0.7
1/1/2018,Q4_1718,Islington,Fair treatment,0.67
4/1/2018,Q1_1819,Islington,Fair treatment,0.69
7/1/2018,Q2_1819,Islington,Fair treatment,0.66
10/1/2018,Q3_1819,Islington,Fair treatment,0.64
1/1/2019,Q4_1819,Islington,Fair treatment,0.62
4/1/2019,Q1_1920,Islington,Fair treatment,0.56
7/1/2019,Q2_1920,Islington,Fair treatment,0.58
10/1/2019,Q3_1920,Islington,Fair treatment,0.57
1/1/2020,Q4_1920,Islington,Fair treatment,0.58
4/1/2020,Q1_2021,Islington,Fair treatment,0.63
7/1/2020,Q2_2021,Islington,Fair treatment,0.6
10/1/2020,Q3_2021,Islington,Fair treatment,0.6
1/1/2021,Q4_2021,Islington,Fair treatment,0.59
4/1/2021,Q1_2122,Islington,Fair treatment,0.54
7/1/2021,Q2_2122,Islington,Fair treatment,0.53
10/1/2021,Q3_2122,Islington,Fair treatment,0.51
1/1/2022,Q4_2122,Islington,Fair treatment,0.48
4/1/2022,Q1_2223,Islington,Fair treatment,0.5
7/1/2022,Q2_2223,Islington,Fair treatment,0.48
10/1/2022,Q3_2223,Islington,Fair treatment,0.48
1/1/2023,Q4_2223,Islington,Fair treatment,0.48
4/1/2023,Q1_2324,Islington,Fair treatment,0.47
7/1/2023,Q2_2324,Islington,Fair treatment,0.51
10/1/2023,Q3_2324,Islington,Fair treatment,0.52
1/1/2024,Q4_2324,Islington,Fair treatment,0.53
4/1/2024,Q1_2425,Islington,Fair treatment,0.55
7/1/2024,Q2_2425,Islington,Fair treatment,0.54
10/1/2024,Q3_2425,Islington,Fair treatment,0.54
1/1/2025,Q4_2425,Islington,Fair treatment,0.53
4/1/2025,Q1_2526,Islington,Fair treatment,0.53
7/1/2025,Q2_2526,Islington,Fair treatment,0.51
10/1/2025,Q3_2526,Islington,Fair treatment,0.53
1/1/2026,Q4_2526,Islington,Fair treatment,0.53
10/1/2014,Q3_1415,Kensington and Chelsea,Good job,0.78
1/1/2015,Q4_1415,Kensington and Chelsea,Good job,0.75
4/1/2015,Q1_1516,Kensington and Chelsea,Good job,0.78
7/1/2015,Q2_1516,Kensington and Chelsea,Good job,0.8
10/1/2015,Q3_1516,Kensington and Chelsea,Good job,0.81
1/1/2016,Q4_1516,Kensington and Chelsea,Good job,0.81
4/1/2016,Q1_1617,Kensington and Chelsea,Good job,0.82
7/1/2016,Q2_1617,Kensington and Chelsea,Good job,0.8
10/1/2016,Q3_1617,Kensington and Chelsea,Good job,0.78
1/1/2017,Q4_1617,Kensington and Chelsea,Good job,0.78
4/1/2017,Q1_1718,Kensington and Chelsea,Good job,0.77
7/1/2017,Q2_1718,Kensington and Chelsea,Good job,0.77
10/1/2017,Q3_1718,Kensington and Chelsea,Good job,0.8
1/1/2018,Q4_1718,Kensington and Chelsea,Good job,0.81
4/1/2018,Q1_1819,Kensington and Chelsea,Good job,0.81
7/1/2018,Q2_1819,Kensington and Chelsea,Good job,0.8
10/1/2018,Q3_1819,Kensington and Chelsea,Good job,0.83
1/1/2019,Q4_1819,Kensington and Chelsea,Good job,0.83
4/1/2019,Q1_1920,Kensington and Chelsea,Good job,0.82
7/1/2019,Q2_1920,Kensington and Chelsea,Good job,0.81
10/1/2019,Q3_1920,Kensington and Chelsea,Good job,0.79
1/1/2020,Q4_1920,Kensington and Chelsea,Good job,0.7
4/1/2020,Q1_2021,Kensington and Chelsea,Good job,0.69
7/1/2020,Q2_2021,Kensington and Chelsea,Good job,0.7
10/1/2020,Q3_2021,Kensington and Chelsea,Good job,0.67
1/1/2021,Q4_2021,Kensington and Chelsea,Good job,0.69
4/1/2021,Q1_2122,Kensington and Chelsea,Good job,0.62
7/1/2021,Q2_2122,Kensington and Chelsea,Good job,0.59
10/1/2021,Q3_2122,Kensington and Chelsea,Good job,0.56
1/1/2022,Q4_2122,Kensington and Chelsea,Good job,0.54
4/1/2022,Q1_2223,Kensington and Chelsea,Good job,0.56
7/1/2022,Q2_2223,Kensington and Chelsea,Good job,0.55
10/1/2022,Q3_2223,Kensington and Chelsea,Good job,0.55
1/1/2023,Q4_2223,Kensington and Chelsea,Good job,0.57
4/1/2023,Q1_2324,Kensington and Chelsea,Good job,0.6
7/1/2023,Q2_2324,Kensington and Chelsea,Good job,0.6
10/1/2023,Q3_2324,Kensington and Chelsea,Good job,0.61
1/1/2024,Q4_2324,Kensington and Chelsea,Good job,0.59
4/1/2024,Q1_2425,Kensington and Chelsea,Good job,0.57
7/1/2024,Q2_2425,Kensington and Chelsea,Good job,0.54
10/1/2024,Q3_2425,Kensington and Chelsea,Good job,0.51
1/1/2025,Q4_2425,Kensington and Chelsea,Good job,0.5
4/1/2025,Q1_2526,Kensington and Chelsea,Good job,0.45
7/1/2025,Q2_2526,Kensington and Chelsea,Good job,0.47
10/1/2025,Q3_2526,Kensington and Chelsea,Good job,0.48
1/1/2026,Q4_2526,Kensington and Chelsea,Good job,0.42
1/1/2016,Q4_1516,Kensington and Chelsea,Trust MPS,0.92
4/1/2016,Q1_1617,Kensington and Chelsea,Trust MPS,0.92
7/1/2016,Q2_1617,Kensington and Chelsea,Trust MPS,0.92
10/1/2016,Q3_1617,Kensington and Chelsea,Trust MPS,0.92
1/1/2017,Q4_1617,Kensington and Chelsea,Trust MPS,0.93
4/1/2017,Q1_1718,Kensington and Chelsea,Trust MPS,0.92
7/1/2017,Q2_1718,Kensington and Chelsea,Trust MPS,0.92
10/1/2017,Q3_1718,Kensington and Chelsea,Trust MPS,0.93
1/1/2018,Q4_1718,Kensington and Chelsea,Trust MPS,0.92
4/1/2018,Q1_1819,Kensington and Chelsea,Trust MPS,0.92
7/1/2018,Q2_1819,Kensington and Chelsea,Trust MPS,0.91
10/1/2018,Q3_1819,Kensington and Chelsea,Trust MPS,0.92
1/1/2019,Q4_1819,Kensington and Chelsea,Trust MPS,0.91
4/1/2019,Q1_1920,Kensington and Chelsea,Trust MPS,0.91
7/1/2019,Q2_1920,Kensington and Chelsea,Trust MPS,0.9
10/1/2019,Q3_1920,Kensington and Chelsea,Trust MPS,0.92
1/1/2020,Q4_1920,Kensington and Chelsea,Trust MPS,0.88
4/1/2020,Q1_2021,Kensington and Chelsea,Trust MPS,0.87
7/1/2020,Q2_2021,Kensington and Chelsea,Trust MPS,0.85
10/1/2020,Q3_2021,Kensington and Chelsea,Trust MPS,0.78
1/1/2021,Q4_2021,Kensington and Chelsea,Trust MPS,0.81
4/1/2021,Q1_2122,Kensington and Chelsea,Trust MPS,0.79
7/1/2021,Q2_2122,Kensington and Chelsea,Trust MPS,0.8
10/1/2021,Q3_2122,Kensington and Chelsea,Trust MPS,0.83
1/1/2022,Q4_2122,Kensington and Chelsea,Trust MPS,0.78
4/1/2022,Q1_2223,Kensington and Chelsea,Trust MPS,0.78
7/1/2022,Q2_2223,Kensington and Chelsea,Trust MPS,0.77
10/1/2022,Q3_2223,Kensington and Chelsea,Trust MPS,0.75
1/1/2023,Q4_2223,Kensington and Chelsea,Trust MPS,0.78
4/1/2023,Q1_2324,Kensington and Chelsea,Trust MPS,0.78
7/1/2023,Q2_2324,Kensington and Chelsea,Trust MPS,0.78
10/1/2023,Q3_2324,Kensington and Chelsea,Trust MPS,0.8
1/1/2024,Q4_2324,Kensington and Chelsea,Trust MPS,0.8
4/1/2024,Q1_2425,Kensington and Chelsea,Trust MPS,0.8
7/1/2024,Q2_2425,Kensington and Chelsea,Trust MPS,0.79
10/1/2024,Q3_2425,Kensington and Chelsea,Trust MPS,0.78
1/1/2025,Q4_2425,Kensington and Chelsea,Trust MPS,0.76
4/1/2025,Q1_2526,Kensington and Chelsea,Trust MPS,0.74
7/1/2025,Q2_2526,Kensington and Chelsea,Trust MPS,0.74
10/1/2025,Q3_2526,Kensington and Chelsea,Trust MPS,0.73
1/1/2026,Q4_2526,Kensington and Chelsea,Trust MPS,0.69
10/1/2014,Q3_1415,Kensington and Chelsea,Fair treatment,0.75
1/1/2015,Q4_1415,Kensington and Chelsea,Fair treatment,0.74
4/1/2015,Q1_1516,Kensington and Chelsea,Fair treatment,0.73
7/1/2015,Q2_1516,Kensington and Chelsea,Fair treatment,0.72
10/1/2015,Q3_1516,Kensington and Chelsea,Fair treatment,0.75
1/1/2016,Q4_1516,Kensington and Chelsea,Fair treatment,0.77
4/1/2016,Q1_1617,Kensington and Chelsea,Fair treatment,0.79
7/1/2016,Q2_1617,Kensington and Chelsea,Fair treatment,0.83
10/1/2016,Q3_1617,Kensington and Chelsea,Fair treatment,0.85
1/1/2017,Q4_1617,Kensington and Chelsea,Fair treatment,0.86
4/1/2017,Q1_1718,Kensington and Chelsea,Fair treatment,0.86
7/1/2017,Q2_1718,Kensington and Chelsea,Fair treatment,0.85
10/1/2017,Q3_1718,Kensington and Chelsea,Fair treatment,0.84
1/1/2018,Q4_1718,Kensington and Chelsea,Fair treatment,0.84
4/1/2018,Q1_1819,Kensington and Chelsea,Fair treatment,0.85
7/1/2018,Q2_1819,Kensington and Chelsea,Fair treatment,0.86
10/1/2018,Q3_1819,Kensington and Chelsea,Fair treatment,0.89
1/1/2019,Q4_1819,Kensington and Chelsea,Fair treatment,0.88
4/1/2019,Q1_1920,Kensington and Chelsea,Fair treatment,0.87
7/1/2019,Q2_1920,Kensington and Chelsea,Fair treatment,0.87
10/1/2019,Q3_1920,Kensington and Chelsea,Fair treatment,0.88
1/1/2020,Q4_1920,Kensington and Chelsea,Fair treatment,0.84
4/1/2020,Q1_2021,Kensington and Chelsea,Fair treatment,0.83
7/1/2020,Q2_2021,Kensington and Chelsea,Fair treatment,0.81
10/1/2020,Q3_2021,Kensington and Chelsea,Fair treatment,0.75
1/1/2021,Q4_2021,Kensington and Chelsea,Fair treatment,0.76
4/1/2021,Q1_2122,Kensington and Chelsea,Fair treatment,0.7
7/1/2021,Q2_2122,Kensington and Chelsea,Fair treatment,0.65
10/1/2021,Q3_2122,Kensington and Chelsea,Fair treatment,0.66
1/1/2022,Q4_2122,Kensington and Chelsea,Fair treatment,0.62
4/1/2022,Q1_2223,Kensington and Chelsea,Fair treatment,0.65
7/1/2022,Q2_2223,Kensington and Chelsea,Fair treatment,0.66
10/1/2022,Q3_2223,Kensington and Chelsea,Fair treatment,0.64
1/1/2023,Q4_2223,Kensington and Chelsea,Fair treatment,0.69
4/1/2023,Q1_2324,Kensington and Chelsea,Fair treatment,0.7
7/1/2023,Q2_2324,Kensington and Chelsea,Fair treatment,0.72
10/1/2023,Q3_2324,Kensington and Chelsea,Fair treatment,0.75
1/1/2024,Q4_2324,Kensington and Chelsea,Fair treatment,0.73
4/1/2024,Q1_2425,Kensington and Chelsea,Fair treatment,0.72
7/1/2024,Q2_2425,Kensington and Chelsea,Fair treatment,0.72
10/1/2024,Q3_2425,Kensington and Chelsea,Fair treatment,0.68
1/1/2025,Q4_2425,Kensington and Chelsea,Fair treatment,0.68
4/1/2025,Q1_2526,Kensington and Chelsea,Fair treatment,0.69
7/1/2025,Q2_2526,Kensington and Chelsea,Fair treatment,0.67
10/1/2025,Q3_2526,Kensington and Chelsea,Fair treatment,0.66
1/1/2026,Q4_2526,Kensington and Chelsea,Fair treatment,0.61
10/1/2014,Q3_1415,Kingston upon Thames,Good job,0.74
1/1/2015,Q4_1415,Kingston upon Thames,Good job,0.75
4/1/2015,Q1_1516,Kingston upon Thames,Good job,0.73
7/1/2015,Q2_1516,Kingston upon Thames,Good job,0.72
10/1/2015,Q3_1516,Kingston upon Thames,Good job,0.74
1/1/2016,Q4_1516,Kingston upon Thames,Good job,0.74
4/1/2016,Q1_1617,Kingston upon Thames,Good job,0.78
7/1/2016,Q2_1617,Kingston upon Thames,Good job,0.77
10/1/2016,Q3_1617,Kingston upon Thames,Good job,0.77
1/1/2017,Q4_1617,Kingston upon Thames,Good job,0.8
4/1/2017,Q1_1718,Kingston upon Thames,Good job,0.77
7/1/2017,Q2_1718,Kingston upon Thames,Good job,0.79
10/1/2017,Q3_1718,Kingston upon Thames,Good job,0.78
1/1/2018,Q4_1718,Kingston upon Thames,Good job,0.76
4/1/2018,Q1_1819,Kingston upon Thames,Good job,0.75
7/1/2018,Q2_1819,Kingston upon Thames,Good job,0.74
10/1/2018,Q3_1819,Kingston upon Thames,Good job,0.73
1/1/2019,Q4_1819,Kingston upon Thames,Good job,0.73
4/1/2019,Q1_1920,Kingston upon Thames,Good job,0.67
7/1/2019,Q2_1920,Kingston upon Thames,Good job,0.68
10/1/2019,Q3_1920,Kingston upon Thames,Good job,0.68
1/1/2020,Q4_1920,Kingston upon Thames,Good job,0.65
4/1/2020,Q1_2021,Kingston upon Thames,Good job,0.68
7/1/2020,Q2_2021,Kingston upon Thames,Good job,0.64
10/1/2020,Q3_2021,Kingston upon Thames,Good job,0.63
1/1/2021,Q4_2021,Kingston upon Thames,Good job,0.65
4/1/2021,Q1_2122,Kingston upon Thames,Good job,0.67
7/1/2021,Q2_2122,Kingston upon Thames,Good job,0.67
10/1/2021,Q3_2122,Kingston upon Thames,Good job,0.66
1/1/2022,Q4_2122,Kingston upon Thames,Good job,0.62
4/1/2022,Q1_2223,Kingston upon Thames,Good job,0.58
7/1/2022,Q2_2223,Kingston upon Thames,Good job,0.58
10/1/2022,Q3_2223,Kingston upon Thames,Good job,0.53
1/1/2023,Q4_2223,Kingston upon Thames,Good job,0.51
4/1/2023,Q1_2324,Kingston upon Thames,Good job,0.47
7/1/2023,Q2_2324,Kingston upon Thames,Good job,0.47
10/1/2023,Q3_2324,Kingston upon Thames,Good job,0.51
1/1/2024,Q4_2324,Kingston upon Thames,Good job,0.54
4/1/2024,Q1_2425,Kingston upon Thames,Good job,0.57
7/1/2024,Q2_2425,Kingston upon Thames,Good job,0.55
10/1/2024,Q3_2425,Kingston upon Thames,Good job,0.54
1/1/2025,Q4_2425,Kingston upon Thames,Good job,0.54
4/1/2025,Q1_2526,Kingston upon Thames,Good job,0.52
7/1/2025,Q2_2526,Kingston upon Thames,Good job,0.53
10/1/2025,Q3_2526,Kingston upon Thames,Good job,0.53
1/1/2026,Q4_2526,Kingston upon Thames,Good job,0.52
1/1/2016,Q4_1516,Kingston upon Thames,Trust MPS,0.89
4/1/2016,Q1_1617,Kingston upon Thames,Trust MPS,0.9
7/1/2016,Q2_1617,Kingston upon Thames,Trust MPS,0.9
10/1/2016,Q3_1617,Kingston upon Thames,Trust MPS,0.91
1/1/2017,Q4_1617,Kingston upon Thames,Trust MPS,0.91
4/1/2017,Q1_1718,Kingston upon Thames,Trust MPS,0.92
7/1/2017,Q2_1718,Kingston upon Thames,Trust MPS,0.91
10/1/2017,Q3_1718,Kingston upon Thames,Trust MPS,0.89
1/1/2018,Q4_1718,Kingston upon Thames,Trust MPS,0.88
4/1/2018,Q1_1819,Kingston upon Thames,Trust MPS,0.88
7/1/2018,Q2_1819,Kingston upon Thames,Trust MPS,0.88
10/1/2018,Q3_1819,Kingston upon Thames,Trust MPS,0.89
1/1/2019,Q4_1819,Kingston upon Thames,Trust MPS,0.86
4/1/2019,Q1_1920,Kingston upon Thames,Trust MPS,0.84
7/1/2019,Q2_1920,Kingston upon Thames,Trust MPS,0.85
10/1/2019,Q3_1920,Kingston upon Thames,Trust MPS,0.85
1/1/2020,Q4_1920,Kingston upon Thames,Trust MPS,0.89
4/1/2020,Q1_2021,Kingston upon Thames,Trust MPS,0.89
7/1/2020,Q2_2021,Kingston upon Thames,Trust MPS,0.87
10/1/2020,Q3_2021,Kingston upon Thames,Trust MPS,0.86
1/1/2021,Q4_2021,Kingston upon Thames,Trust MPS,0.86
4/1/2021,Q1_2122,Kingston upon Thames,Trust MPS,0.85
7/1/2021,Q2_2122,Kingston upon Thames,Trust MPS,0.86
10/1/2021,Q3_2122,Kingston upon Thames,Trust MPS,0.84
1/1/2022,Q4_2122,Kingston upon Thames,Trust MPS,0.79
4/1/2022,Q1_2223,Kingston upon Thames,Trust MPS,0.77
7/1/2022,Q2_2223,Kingston upon Thames,Trust MPS,0.78
10/1/2022,Q3_2223,Kingston upon Thames,Trust MPS,0.76
1/1/2023,Q4_2223,Kingston upon Thames,Trust MPS,0.78
4/1/2023,Q1_2324,Kingston upon Thames,Trust MPS,0.76
7/1/2023,Q2_2324,Kingston upon Thames,Trust MPS,0.72
10/1/2023,Q3_2324,Kingston upon Thames,Trust MPS,0.72
1/1/2024,Q4_2324,Kingston upon Thames,Trust MPS,0.71
4/1/2024,Q1_2425,Kingston upon Thames,Trust MPS,0.73
7/1/2024,Q2_2425,Kingston upon Thames,Trust MPS,0.75
10/1/2024,Q3_2425,Kingston upon Thames,Trust MPS,0.77
1/1/2025,Q4_2425,Kingston upon Thames,Trust MPS,0.8
4/1/2025,Q1_2526,Kingston upon Thames,Trust MPS,0.81
7/1/2025,Q2_2526,Kingston upon Thames,Trust MPS,0.8
10/1/2025,Q3_2526,Kingston upon Thames,Trust MPS,0.78
1/1/2026,Q4_2526,Kingston upon Thames,Trust MPS,0.75
10/1/2014,Q3_1415,Kingston upon Thames,Fair treatment,0.72
1/1/2015,Q4_1415,Kingston upon Thames,Fair treatment,0.73
4/1/2015,Q1_1516,Kingston upon Thames,Fair treatment,0.68
7/1/2015,Q2_1516,Kingston upon Thames,Fair treatment,0.7
10/1/2015,Q3_1516,Kingston upon Thames,Fair treatment,0.73
1/1/2016,Q4_1516,Kingston upon Thames,Fair treatment,0.72
4/1/2016,Q1_1617,Kingston upon Thames,Fair treatment,0.72
7/1/2016,Q2_1617,Kingston upon Thames,Fair treatment,0.74
10/1/2016,Q3_1617,Kingston upon Thames,Fair treatment,0.76
1/1/2017,Q4_1617,Kingston upon Thames,Fair treatment,0.76
4/1/2017,Q1_1718,Kingston upon Thames,Fair treatment,0.81
7/1/2017,Q2_1718,Kingston upon Thames,Fair treatment,0.81
10/1/2017,Q3_1718,Kingston upon Thames,Fair treatment,0.78
1/1/2018,Q4_1718,Kingston upon Thames,Fair treatment,0.78
4/1/2018,Q1_1819,Kingston upon Thames,Fair treatment,0.8
7/1/2018,Q2_1819,Kingston upon Thames,Fair treatment,0.83
10/1/2018,Q3_1819,Kingston upon Thames,Fair treatment,0.85
1/1/2019,Q4_1819,Kingston upon Thames,Fair treatment,0.85
4/1/2019,Q1_1920,Kingston upon Thames,Fair treatment,0.84
7/1/2019,Q2_1920,Kingston upon Thames,Fair treatment,0.81
10/1/2019,Q3_1920,Kingston upon Thames,Fair treatment,0.83
1/1/2020,Q4_1920,Kingston upon Thames,Fair treatment,0.86
4/1/2020,Q1_2021,Kingston upon Thames,Fair treatment,0.82
7/1/2020,Q2_2021,Kingston upon Thames,Fair treatment,0.81
10/1/2020,Q3_2021,Kingston upon Thames,Fair treatment,0.79
1/1/2021,Q4_2021,Kingston upon Thames,Fair treatment,0.78
4/1/2021,Q1_2122,Kingston upon Thames,Fair treatment,0.8
7/1/2021,Q2_2122,Kingston upon Thames,Fair treatment,0.78
10/1/2021,Q3_2122,Kingston upon Thames,Fair treatment,0.8
1/1/2022,Q4_2122,Kingston upon Thames,Fair treatment,0.77
4/1/2022,Q1_2223,Kingston upon Thames,Fair treatment,0.72
7/1/2022,Q2_2223,Kingston upon Thames,Fair treatment,0.71
10/1/2022,Q3_2223,Kingston upon Thames,Fair treatment,0.65
1/1/2023,Q4_2223,Kingston upon Thames,Fair treatment,0.64
4/1/2023,Q1_2324,Kingston upon Thames,Fair treatment,0.61
7/1/2023,Q2_2324,Kingston upon Thames,Fair treatment,0.63
10/1/2023,Q3_2324,Kingston upon Thames,Fair treatment,0.62
1/1/2024,Q4_2324,Kingston upon Thames,Fair treatment,0.62
4/1/2024,Q1_2425,Kingston upon Thames,Fair treatment,0.65
7/1/2024,Q2_2425,Kingston upon Thames,Fair treatment,0.63
10/1/2024,Q3_2425,Kingston upon Thames,Fair treatment,0.66
1/1/2025,Q4_2425,Kingston upon Thames,Fair treatment,0.67
4/1/2025,Q1_2526,Kingston upon Thames,Fair treatment,0.68
7/1/2025,Q2_2526,Kingston upon Thames,Fair treatment,0.69
10/1/2025,Q3_2526,Kingston upon Thames,Fair treatment,0.7
1/1/2026,Q4_2526,Kingston upon Thames,Fair treatment,0.73
10/1/2014,Q3_1415,Lambeth,Good job,0.62
1/1/2015,Q4_1415,Lambeth,Good job,0.67
4/1/2015,Q1_1516,Lambeth,Good job,0.62
7/1/2015,Q2_1516,Lambeth,Good job,0.69
10/1/2015,Q3_1516,Lambeth,Good job,0.64
1/1/2016,Q4_1516,Lambeth,Good job,0.7
4/1/2016,Q1_1617,Lambeth,Good job,0.71
7/1/2016,Q2_1617,Lambeth,Good job,0.69
10/1/2016,Q3_1617,Lambeth,Good job,0.72
1/1/2017,Q4_1617,Lambeth,Good job,0.67
4/1/2017,Q1_1718,Lambeth,Good job,0.67
7/1/2017,Q2_1718,Lambeth,Good job,0.66
10/1/2017,Q3_1718,Lambeth,Good job,0.66
1/1/2018,Q4_1718,Lambeth,Good job,0.64
4/1/2018,Q1_1819,Lambeth,Good job,0.6
7/1/2018,Q2_1819,Lambeth,Good job,0.58
10/1/2018,Q3_1819,Lambeth,Good job,0.58
1/1/2019,Q4_1819,Lambeth,Good job,0.61
4/1/2019,Q1_1920,Lambeth,Good job,0.61
7/1/2019,Q2_1920,Lambeth,Good job,0.61
10/1/2019,Q3_1920,Lambeth,Good job,0.6
1/1/2020,Q4_1920,Lambeth,Good job,0.54
4/1/2020,Q1_2021,Lambeth,Good job,0.56
7/1/2020,Q2_2021,Lambeth,Good job,0.54
10/1/2020,Q3_2021,Lambeth,Good job,0.53
1/1/2021,Q4_2021,Lambeth,Good job,0.54
4/1/2021,Q1_2122,Lambeth,Good job,0.49
7/1/2021,Q2_2122,Lambeth,Good job,0.48
10/1/2021,Q3_2122,Lambeth,Good job,0.45
1/1/2022,Q4_2122,Lambeth,Good job,0.4
4/1/2022,Q1_2223,Lambeth,Good job,0.43
7/1/2022,Q2_2223,Lambeth,Good job,0.42
10/1/2022,Q3_2223,Lambeth,Good job,0.44
1/1/2023,Q4_2223,Lambeth,Good job,0.48
4/1/2023,Q1_2324,Lambeth,Good job,0.44
7/1/2023,Q2_2324,Lambeth,Good job,0.45
10/1/2023,Q3_2324,Lambeth,Good job,0.46
1/1/2024,Q4_2324,Lambeth,Good job,0.45
4/1/2024,Q1_2425,Lambeth,Good job,0.44
7/1/2024,Q2_2425,Lambeth,Good job,0.44
10/1/2024,Q3_2425,Lambeth,Good job,0.43
1/1/2025,Q4_2425,Lambeth,Good job,0.43
4/1/2025,Q1_2526,Lambeth,Good job,0.44
7/1/2025,Q2_2526,Lambeth,Good job,0.42
10/1/2025,Q3_2526,Lambeth,Good job,0.36
1/1/2026,Q4_2526,Lambeth,Good job,0.32
1/1/2016,Q4_1516,Lambeth,Trust MPS,0.85
4/1/2016,Q1_1617,Lambeth,Trust MPS,0.89
7/1/2016,Q2_1617,Lambeth,Trust MPS,0.88
10/1/2016,Q3_1617,Lambeth,Trust MPS,0.88
1/1/2017,Q4_1617,Lambeth,Trust MPS,0.89
4/1/2017,Q1_1718,Lambeth,Trust MPS,0.88
7/1/2017,Q2_1718,Lambeth,Trust MPS,0.88
10/1/2017,Q3_1718,Lambeth,Trust MPS,0.9
1/1/2018,Q4_1718,Lambeth,Trust MPS,0.87
4/1/2018,Q1_1819,Lambeth,Trust MPS,0.86
7/1/2018,Q2_1819,Lambeth,Trust MPS,0.84
10/1/2018,Q3_1819,Lambeth,Trust MPS,0.83
1/1/2019,Q4_1819,Lambeth,Trust MPS,0.83
4/1/2019,Q1_1920,Lambeth,Trust MPS,0.83
7/1/2019,Q2_1920,Lambeth,Trust MPS,0.82
10/1/2019,Q3_1920,Lambeth,Trust MPS,0.8
1/1/2020,Q4_1920,Lambeth,Trust MPS,0.75
4/1/2020,Q1_2021,Lambeth,Trust MPS,0.76
7/1/2020,Q2_2021,Lambeth,Trust MPS,0.75
10/1/2020,Q3_2021,Lambeth,Trust MPS,0.73
1/1/2021,Q4_2021,Lambeth,Trust MPS,0.76
4/1/2021,Q1_2122,Lambeth,Trust MPS,0.73
7/1/2021,Q2_2122,Lambeth,Trust MPS,0.69
10/1/2021,Q3_2122,Lambeth,Trust MPS,0.67
1/1/2022,Q4_2122,Lambeth,Trust MPS,0.6
4/1/2022,Q1_2223,Lambeth,Trust MPS,0.58
7/1/2022,Q2_2223,Lambeth,Trust MPS,0.53
10/1/2022,Q3_2223,Lambeth,Trust MPS,0.56
1/1/2023,Q4_2223,Lambeth,Trust MPS,0.6
4/1/2023,Q1_2324,Lambeth,Trust MPS,0.6
7/1/2023,Q2_2324,Lambeth,Trust MPS,0.63
10/1/2023,Q3_2324,Lambeth,Trust MPS,0.63
1/1/2024,Q4_2324,Lambeth,Trust MPS,0.64
4/1/2024,Q1_2425,Lambeth,Trust MPS,0.64
7/1/2024,Q2_2425,Lambeth,Trust MPS,0.68
10/1/2024,Q3_2425,Lambeth,Trust MPS,0.69
1/1/2025,Q4_2425,Lambeth,Trust MPS,0.69
4/1/2025,Q1_2526,Lambeth,Trust MPS,0.71
7/1/2025,Q2_2526,Lambeth,Trust MPS,0.7
10/1/2025,Q3_2526,Lambeth,Trust MPS,0.66
1/1/2026,Q4_2526,Lambeth,Trust MPS,0.64
10/1/2014,Q3_1415,Lambeth,Fair treatment,0.65
1/1/2015,Q4_1415,Lambeth,Fair treatment,0.67
4/1/2015,Q1_1516,Lambeth,Fair treatment,0.64
7/1/2015,Q2_1516,Lambeth,Fair treatment,0.66
10/1/2015,Q3_1516,Lambeth,Fair treatment,0.65
1/1/2016,Q4_1516,Lambeth,Fair treatment,0.69
4/1/2016,Q1_1617,Lambeth,Fair treatment,0.73
7/1/2016,Q2_1617,Lambeth,Fair treatment,0.75
10/1/2016,Q3_1617,Lambeth,Fair treatment,0.76
1/1/2017,Q4_1617,Lambeth,Fair treatment,0.76
4/1/2017,Q1_1718,Lambeth,Fair treatment,0.79
7/1/2017,Q2_1718,Lambeth,Fair treatment,0.77
10/1/2017,Q3_1718,Lambeth,Fair treatment,0.77
1/1/2018,Q4_1718,Lambeth,Fair treatment,0.73
4/1/2018,Q1_1819,Lambeth,Fair treatment,0.71
7/1/2018,Q2_1819,Lambeth,Fair treatment,0.69
10/1/2018,Q3_1819,Lambeth,Fair treatment,0.69
1/1/2019,Q4_1819,Lambeth,Fair treatment,0.7
4/1/2019,Q1_1920,Lambeth,Fair treatment,0.7
7/1/2019,Q2_1920,Lambeth,Fair treatment,0.7
10/1/2019,Q3_1920,Lambeth,Fair treatment,0.7
1/1/2020,Q4_1920,Lambeth,Fair treatment,0.62
4/1/2020,Q1_2021,Lambeth,Fair treatment,0.6
7/1/2020,Q2_2021,Lambeth,Fair treatment,0.57
10/1/2020,Q3_2021,Lambeth,Fair treatment,0.53
1/1/2021,Q4_2021,Lambeth,Fair treatment,0.56
4/1/2021,Q1_2122,Lambeth,Fair treatment,0.52
7/1/2021,Q2_2122,Lambeth,Fair treatment,0.47
10/1/2021,Q3_2122,Lambeth,Fair treatment,0.45
1/1/2022,Q4_2122,Lambeth,Fair treatment,0.39
4/1/2022,Q1_2223,Lambeth,Fair treatment,0.38
7/1/2022,Q2_2223,Lambeth,Fair treatment,0.39
10/1/2022,Q3_2223,Lambeth,Fair treatment,0.42
1/1/2023,Q4_2223,Lambeth,Fair treatment,0.49
4/1/2023,Q1_2324,Lambeth,Fair treatment,0.51
7/1/2023,Q2_2324,Lambeth,Fair treatment,0.53
10/1/2023,Q3_2324,Lambeth,Fair treatment,0.55
1/1/2024,Q4_2324,Lambeth,Fair treatment,0.55
4/1/2024,Q1_2425,Lambeth,Fair treatment,0.55
7/1/2024,Q2_2425,Lambeth,Fair treatment,0.57
10/1/2024,Q3_2425,Lambeth,Fair treatment,0.56
1/1/2025,Q4_2425,Lambeth,Fair treatment,0.55
4/1/2025,Q1_2526,Lambeth,Fair treatment,0.56
7/1/2025,Q2_2526,Lambeth,Fair treatment,0.55
10/1/2025,Q3_2526,Lambeth,Fair treatment,0.53
1/1/2026,Q4_2526,Lambeth,Fair treatment,0.49
10/1/2014,Q3_1415,Lewisham,Good job,0.62
1/1/2015,Q4_1415,Lewisham,Good job,0.62
4/1/2015,Q1_1516,Lewisham,Good job,0.62
7/1/2015,Q2_1516,Lewisham,Good job,0.61
10/1/2015,Q3_1516,Lewisham,Good job,0.62
1/1/2016,Q4_1516,Lewisham,Good job,0.66
4/1/2016,Q1_1617,Lewisham,Good job,0.67
7/1/2016,Q2_1617,Lewisham,Good job,0.68
10/1/2016,Q3_1617,Lewisham,Good job,0.67
1/1/2017,Q4_1617,Lewisham,Good job,0.66
4/1/2017,Q1_1718,Lewisham,Good job,0.66
7/1/2017,Q2_1718,Lewisham,Good job,0.66
10/1/2017,Q3_1718,Lewisham,Good job,0.67
1/1/2018,Q4_1718,Lewisham,Good job,0.68
4/1/2018,Q1_1819,Lewisham,Good job,0.65
7/1/2018,Q2_1819,Lewisham,Good job,0.65
10/1/2018,Q3_1819,Lewisham,Good job,0.67
1/1/2019,Q4_1819,Lewisham,Good job,0.62
4/1/2019,Q1_1920,Lewisham,Good job,0.64
7/1/2019,Q2_1920,Lewisham,Good job,0.61
10/1/2019,Q3_1920,Lewisham,Good job,0.58
1/1/2020,Q4_1920,Lewisham,Good job,0.58
4/1/2020,Q1_2021,Lewisham,Good job,0.59
7/1/2020,Q2_2021,Lewisham,Good job,0.57
10/1/2020,Q3_2021,Lewisham,Good job,0.53
1/1/2021,Q4_2021,Lewisham,Good job,0.5
4/1/2021,Q1_2122,Lewisham,Good job,0.46
7/1/2021,Q2_2122,Lewisham,Good job,0.43
10/1/2021,Q3_2122,Lewisham,Good job,0.44
1/1/2022,Q4_2122,Lewisham,Good job,0.4
4/1/2022,Q1_2223,Lewisham,Good job,0.4
7/1/2022,Q2_2223,Lewisham,Good job,0.43
10/1/2022,Q3_2223,Lewisham,Good job,0.39
1/1/2023,Q4_2223,Lewisham,Good job,0.42
4/1/2023,Q1_2324,Lewisham,Good job,0.41
7/1/2023,Q2_2324,Lewisham,Good job,0.42
10/1/2023,Q3_2324,Lewisham,Good job,0.45
1/1/2024,Q4_2324,Lewisham,Good job,0.46
4/1/2024,Q1_2425,Lewisham,Good job,0.46
7/1/2024,Q2_2425,Lewisham,Good job,0.41
10/1/2024,Q3_2425,Lewisham,Good job,0.38
1/1/2025,Q4_2425,Lewisham,Good job,0.38
4/1/2025,Q1_2526,Lewisham,Good job,0.38
7/1/2025,Q2_2526,Lewisham,Good job,0.43
10/1/2025,Q3_2526,Lewisham,Good job,0.46
1/1/2026,Q4_2526,Lewisham,Good job,0.45
1/1/2016,Q4_1516,Lewisham,Trust MPS,0.84
4/1/2016,Q1_1617,Lewisham,Trust MPS,0.86
7/1/2016,Q2_1617,Lewisham,Trust MPS,0.88
10/1/2016,Q3_1617,Lewisham,Trust MPS,0.87
1/1/2017,Q4_1617,Lewisham,Trust MPS,0.86
4/1/2017,Q1_1718,Lewisham,Trust MPS,0.85
7/1/2017,Q2_1718,Lewisham,Trust MPS,0.85
10/1/2017,Q3_1718,Lewisham,Trust MPS,0.86
1/1/2018,Q4_1718,Lewisham,Trust MPS,0.83
4/1/2018,Q1_1819,Lewisham,Trust MPS,0.83
7/1/2018,Q2_1819,Lewisham,Trust MPS,0.81
10/1/2018,Q3_1819,Lewisham,Trust MPS,0.81
1/1/2019,Q4_1819,Lewisham,Trust MPS,0.83
4/1/2019,Q1_1920,Lewisham,Trust MPS,0.81
7/1/2019,Q2_1920,Lewisham,Trust MPS,0.8
10/1/2019,Q3_1920,Lewisham,Trust MPS,0.8
1/1/2020,Q4_1920,Lewisham,Trust MPS,0.74
4/1/2020,Q1_2021,Lewisham,Trust MPS,0.73
7/1/2020,Q2_2021,Lewisham,Trust MPS,0.69
10/1/2020,Q3_2021,Lewisham,Trust MPS,0.65
1/1/2021,Q4_2021,Lewisham,Trust MPS,0.67
4/1/2021,Q1_2122,Lewisham,Trust MPS,0.68
7/1/2021,Q2_2122,Lewisham,Trust MPS,0.68
10/1/2021,Q3_2122,Lewisham,Trust MPS,0.68
1/1/2022,Q4_2122,Lewisham,Trust MPS,0.67
4/1/2022,Q1_2223,Lewisham,Trust MPS,0.64
7/1/2022,Q2_2223,Lewisham,Trust MPS,0.65
10/1/2022,Q3_2223,Lewisham,Trust MPS,0.64
1/1/2023,Q4_2223,Lewisham,Trust MPS,0.61
4/1/2023,Q1_2324,Lewisham,Trust MPS,0.59
7/1/2023,Q2_2324,Lewisham,Trust MPS,0.57
10/1/2023,Q3_2324,Lewisham,Trust MPS,0.56
1/1/2024,Q4_2324,Lewisham,Trust MPS,0.59
4/1/2024,Q1_2425,Lewisham,Trust MPS,0.63
7/1/2024,Q2_2425,Lewisham,Trust MPS,0.62
10/1/2024,Q3_2425,Lewisham,Trust MPS,0.62
1/1/2025,Q4_2425,Lewisham,Trust MPS,0.64
4/1/2025,Q1_2526,Lewisham,Trust MPS,0.65
7/1/2025,Q2_2526,Lewisham,Trust MPS,0.64
10/1/2025,Q3_2526,Lewisham,Trust MPS,0.63
1/1/2026,Q4_2526,Lewisham,Trust MPS,0.6
10/1/2014,Q3_1415,Lewisham,Fair treatment,0.65
1/1/2015,Q4_1415,Lewisham,Fair treatment,0.67
4/1/2015,Q1_1516,Lewisham,Fair treatment,0.68
7/1/2015,Q2_1516,Lewisham,Fair treatment,0.69
10/1/2015,Q3_1516,Lewisham,Fair treatment,0.72
1/1/2016,Q4_1516,Lewisham,Fair treatment,0.72
4/1/2016,Q1_1617,Lewisham,Fair treatment,0.7
7/1/2016,Q2_1617,Lewisham,Fair treatment,0.72
10/1/2016,Q3_1617,Lewisham,Fair treatment,0.72
1/1/2017,Q4_1617,Lewisham,Fair treatment,0.74
4/1/2017,Q1_1718,Lewisham,Fair treatment,0.74
7/1/2017,Q2_1718,Lewisham,Fair treatment,0.71
10/1/2017,Q3_1718,Lewisham,Fair treatment,0.71
1/1/2018,Q4_1718,Lewisham,Fair treatment,0.7
4/1/2018,Q1_1819,Lewisham,Fair treatment,0.72
7/1/2018,Q2_1819,Lewisham,Fair treatment,0.72
10/1/2018,Q3_1819,Lewisham,Fair treatment,0.75
1/1/2019,Q4_1819,Lewisham,Fair treatment,0.73
4/1/2019,Q1_1920,Lewisham,Fair treatment,0.75
7/1/2019,Q2_1920,Lewisham,Fair treatment,0.73
10/1/2019,Q3_1920,Lewisham,Fair treatment,0.7
1/1/2020,Q4_1920,Lewisham,Fair treatment,0.65
4/1/2020,Q1_2021,Lewisham,Fair treatment,0.6
7/1/2020,Q2_2021,Lewisham,Fair treatment,0.58
10/1/2020,Q3_2021,Lewisham,Fair treatment,0.56
1/1/2021,Q4_2021,Lewisham,Fair treatment,0.58
4/1/2021,Q1_2122,Lewisham,Fair treatment,0.55
7/1/2021,Q2_2122,Lewisham,Fair treatment,0.55
10/1/2021,Q3_2122,Lewisham,Fair treatment,0.52
1/1/2022,Q4_2122,Lewisham,Fair treatment,0.49
4/1/2022,Q1_2223,Lewisham,Fair treatment,0.5
7/1/2022,Q2_2223,Lewisham,Fair treatment,0.53
10/1/2022,Q3_2223,Lewisham,Fair treatment,0.52
1/1/2023,Q4_2223,Lewisham,Fair treatment,0.53
4/1/2023,Q1_2324,Lewisham,Fair treatment,0.5
7/1/2023,Q2_2324,Lewisham,Fair treatment,0.51
10/1/2023,Q3_2324,Lewisham,Fair treatment,0.5
1/1/2024,Q4_2324,Lewisham,Fair treatment,0.53
4/1/2024,Q1_2425,Lewisham,Fair treatment,0.56
7/1/2024,Q2_2425,Lewisham,Fair treatment,0.55
10/1/2024,Q3_2425,Lewisham,Fair treatment,0.52
1/1/2025,Q4_2425,Lewisham,Fair treatment,0.53
4/1/2025,Q1_2526,Lewisham,Fair treatment,0.54
7/1/2025,Q2_2526,Lewisham,Fair treatment,0.55
10/1/2025,Q3_2526,Lewisham,Fair treatment,0.58
1/1/2026,Q4_2526,Lewisham,Fair treatment,0.53
10/1/2014,Q3_1415,Merton,Good job,0.72
1/1/2015,Q4_1415,Merton,Good job,0.7
4/1/2015,Q1_1516,Merton,Good job,0.67
7/1/2015,Q2_1516,Merton,Good job,0.67
10/1/2015,Q3_1516,Merton,Good job,0.64
1/1/2016,Q4_1516,Merton,Good job,0.68
4/1/2016,Q1_1617,Merton,Good job,0.68
7/1/2016,Q2_1617,Merton,Good job,0.66
10/1/2016,Q3_1617,Merton,Good job,0.64
1/1/2017,Q4_1617,Merton,Good job,0.62
4/1/2017,Q1_1718,Merton,Good job,0.66
7/1/2017,Q2_1718,Merton,Good job,0.7
10/1/2017,Q3_1718,Merton,Good job,0.76
1/1/2018,Q4_1718,Merton,Good job,0.79
4/1/2018,Q1_1819,Merton,Good job,0.75
7/1/2018,Q2_1819,Merton,Good job,0.72
10/1/2018,Q3_1819,Merton,Good job,0.71
1/1/2019,Q4_1819,Merton,Good job,0.68
4/1/2019,Q1_1920,Merton,Good job,0.66
7/1/2019,Q2_1920,Merton,Good job,0.67
10/1/2019,Q3_1920,Merton,Good job,0.64
1/1/2020,Q4_1920,Merton,Good job,0.67
4/1/2020,Q1_2021,Merton,Good job,0.68
7/1/2020,Q2_2021,Merton,Good job,0.66
10/1/2020,Q3_2021,Merton,Good job,0.64
1/1/2021,Q4_2021,Merton,Good job,0.61
4/1/2021,Q1_2122,Merton,Good job,0.6
7/1/2021,Q2_2122,Merton,Good job,0.55
10/1/2021,Q3_2122,Merton,Good job,0.52
1/1/2022,Q4_2122,Merton,Good job,0.49
4/1/2022,Q1_2223,Merton,Good job,0.5
7/1/2022,Q2_2223,Merton,Good job,0.52
10/1/2022,Q3_2223,Merton,Good job,0.53
1/1/2023,Q4_2223,Merton,Good job,0.54
4/1/2023,Q1_2324,Merton,Good job,0.54
7/1/2023,Q2_2324,Merton,Good job,0.52
10/1/2023,Q3_2324,Merton,Good job,0.51
1/1/2024,Q4_2324,Merton,Good job,0.53
4/1/2024,Q1_2425,Merton,Good job,0.54
7/1/2024,Q2_2425,Merton,Good job,0.57
10/1/2024,Q3_2425,Merton,Good job,0.58
1/1/2025,Q4_2425,Merton,Good job,0.56
4/1/2025,Q1_2526,Merton,Good job,0.55
7/1/2025,Q2_2526,Merton,Good job,0.56
10/1/2025,Q3_2526,Merton,Good job,0.54
1/1/2026,Q4_2526,Merton,Good job,0.54
1/1/2016,Q4_1516,Merton,Trust MPS,0.86
4/1/2016,Q1_1617,Merton,Trust MPS,0.87
7/1/2016,Q2_1617,Merton,Trust MPS,0.87
10/1/2016,Q3_1617,Merton,Trust MPS,0.88
1/1/2017,Q4_1617,Merton,Trust MPS,0.87
4/1/2017,Q1_1718,Merton,Trust MPS,0.89
7/1/2017,Q2_1718,Merton,Trust MPS,0.89
10/1/2017,Q3_1718,Merton,Trust MPS,0.9
1/1/2018,Q4_1718,Merton,Trust MPS,0.9
4/1/2018,Q1_1819,Merton,Trust MPS,0.89
7/1/2018,Q2_1819,Merton,Trust MPS,0.89
10/1/2018,Q3_1819,Merton,Trust MPS,0.87
1/1/2019,Q4_1819,Merton,Trust MPS,0.89
4/1/2019,Q1_1920,Merton,Trust MPS,0.88
7/1/2019,Q2_1920,Merton,Trust MPS,0.89
10/1/2019,Q3_1920,Merton,Trust MPS,0.88
1/1/2020,Q4_1920,Merton,Trust MPS,0.85
4/1/2020,Q1_2021,Merton,Trust MPS,0.85
7/1/2020,Q2_2021,Merton,Trust MPS,0.83
10/1/2020,Q3_2021,Merton,Trust MPS,0.8
1/1/2021,Q4_2021,Merton,Trust MPS,0.81
4/1/2021,Q1_2122,Merton,Trust MPS,0.79
7/1/2021,Q2_2122,Merton,Trust MPS,0.78
10/1/2021,Q3_2122,Merton,Trust MPS,0.77
1/1/2022,Q4_2122,Merton,Trust MPS,0.74
4/1/2022,Q1_2223,Merton,Trust MPS,0.75
7/1/2022,Q2_2223,Merton,Trust MPS,0.76
10/1/2022,Q3_2223,Merton,Trust MPS,0.77
1/1/2023,Q4_2223,Merton,Trust MPS,0.77
4/1/2023,Q1_2324,Merton,Trust MPS,0.77
7/1/2023,Q2_2324,Merton,Trust MPS,0.75
10/1/2023,Q3_2324,Merton,Trust MPS,0.73
1/1/2024,Q4_2324,Merton,Trust MPS,0.75
4/1/2024,Q1_2425,Merton,Trust MPS,0.76
7/1/2024,Q2_2425,Merton,Trust MPS,0.78
10/1/2024,Q3_2425,Merton,Trust MPS,0.81
1/1/2025,Q4_2425,Merton,Trust MPS,0.82
4/1/2025,Q1_2526,Merton,Trust MPS,0.83
7/1/2025,Q2_2526,Merton,Trust MPS,0.85
10/1/2025,Q3_2526,Merton,Trust MPS,0.82
1/1/2026,Q4_2526,Merton,Trust MPS,0.81
10/1/2014,Q3_1415,Merton,Fair treatment,0.73
1/1/2015,Q4_1415,Merton,Fair treatment,0.74
4/1/2015,Q1_1516,Merton,Fair treatment,0.68
7/1/2015,Q2_1516,Merton,Fair treatment,0.68
10/1/2015,Q3_1516,Merton,Fair treatment,0.67
1/1/2016,Q4_1516,Merton,Fair treatment,0.67
4/1/2016,Q1_1617,Merton,Fair treatment,0.7
7/1/2016,Q2_1617,Merton,Fair treatment,0.73
10/1/2016,Q3_1617,Merton,Fair treatment,0.76
1/1/2017,Q4_1617,Merton,Fair treatment,0.77
4/1/2017,Q1_1718,Merton,Fair treatment,0.78
7/1/2017,Q2_1718,Merton,Fair treatment,0.78
10/1/2017,Q3_1718,Merton,Fair treatment,0.8
1/1/2018,Q4_1718,Merton,Fair treatment,0.78
4/1/2018,Q1_1819,Merton,Fair treatment,0.77
7/1/2018,Q2_1819,Merton,Fair treatment,0.79
10/1/2018,Q3_1819,Merton,Fair treatment,0.78
1/1/2019,Q4_1819,Merton,Fair treatment,0.82
4/1/2019,Q1_1920,Merton,Fair treatment,0.82
7/1/2019,Q2_1920,Merton,Fair treatment,0.82
10/1/2019,Q3_1920,Merton,Fair treatment,0.79
1/1/2020,Q4_1920,Merton,Fair treatment,0.8
4/1/2020,Q1_2021,Merton,Fair treatment,0.79
7/1/2020,Q2_2021,Merton,Fair treatment,0.73
10/1/2020,Q3_2021,Merton,Fair treatment,0.72
1/1/2021,Q4_2021,Merton,Fair treatment,0.7
4/1/2021,Q1_2122,Merton,Fair treatment,0.69
7/1/2021,Q2_2122,Merton,Fair treatment,0.64
10/1/2021,Q3_2122,Merton,Fair treatment,0.61
1/1/2022,Q4_2122,Merton,Fair treatment,0.59
4/1/2022,Q1_2223,Merton,Fair treatment,0.58
7/1/2022,Q2_2223,Merton,Fair treatment,0.65
10/1/2022,Q3_2223,Merton,Fair treatment,0.69
1/1/2023,Q4_2223,Merton,Fair treatment,0.68
4/1/2023,Q1_2324,Merton,Fair treatment,0.69
7/1/2023,Q2_2324,Merton,Fair treatment,0.66
10/1/2023,Q3_2324,Merton,Fair treatment,0.65
1/1/2024,Q4_2324,Merton,Fair treatment,0.63
4/1/2024,Q1_2425,Merton,Fair treatment,0.63
7/1/2024,Q2_2425,Merton,Fair treatment,0.65
10/1/2024,Q3_2425,Merton,Fair treatment,0.65
1/1/2025,Q4_2425,Merton,Fair treatment,0.65
4/1/2025,Q1_2526,Merton,Fair treatment,0.67
7/1/2025,Q2_2526,Merton,Fair treatment,0.69
10/1/2025,Q3_2526,Merton,Fair treatment,0.68
1/1/2026,Q4_2526,Merton,Fair treatment,0.69
10/1/2014,Q3_1415,Newham,Good job,0.55
1/1/2015,Q4_1415,Newham,Good job,0.61
4/1/2015,Q1_1516,Newham,Good job,0.65
7/1/2015,Q2_1516,Newham,Good job,0.63
10/1/2015,Q3_1516,Newham,Good job,0.67
1/1/2016,Q4_1516,Newham,Good job,0.67
4/1/2016,Q1_1617,Newham,Good job,0.69
7/1/2016,Q2_1617,Newham,Good job,0.75
10/1/2016,Q3_1617,Newham,Good job,0.73
1/1/2017,Q4_1617,Newham,Good job,0.72
4/1/2017,Q1_1718,Newham,Good job,0.7
7/1/2017,Q2_1718,Newham,Good job,0.7
10/1/2017,Q3_1718,Newham,Good job,0.72
1/1/2018,Q4_1718,Newham,Good job,0.68
4/1/2018,Q1_1819,Newham,Good job,0.66
7/1/2018,Q2_1819,Newham,Good job,0.61
10/1/2018,Q3_1819,Newham,Good job,0.56
1/1/2019,Q4_1819,Newham,Good job,0.56
4/1/2019,Q1_1920,Newham,Good job,0.58
7/1/2019,Q2_1920,Newham,Good job,0.58
10/1/2019,Q3_1920,Newham,Good job,0.57
1/1/2020,Q4_1920,Newham,Good job,0.57
4/1/2020,Q1_2021,Newham,Good job,0.55
7/1/2020,Q2_2021,Newham,Good job,0.53
10/1/2020,Q3_2021,Newham,Good job,0.49
1/1/2021,Q4_2021,Newham,Good job,0.49
4/1/2021,Q1_2122,Newham,Good job,0.47
7/1/2021,Q2_2122,Newham,Good job,0.45
10/1/2021,Q3_2122,Newham,Good job,0.46
1/1/2022,Q4_2122,Newham,Good job,0.41
4/1/2022,Q1_2223,Newham,Good job,0.44
7/1/2022,Q2_2223,Newham,Good job,0.45
10/1/2022,Q3_2223,Newham,Good job,0.45
1/1/2023,Q4_2223,Newham,Good job,0.49
4/1/2023,Q1_2324,Newham,Good job,0.46
7/1/2023,Q2_2324,Newham,Good job,0.46
10/1/2023,Q3_2324,Newham,Good job,0.46
1/1/2024,Q4_2324,Newham,Good job,0.45
4/1/2024,Q1_2425,Newham,Good job,0.46
7/1/2024,Q2_2425,Newham,Good job,0.45
10/1/2024,Q3_2425,Newham,Good job,0.43
1/1/2025,Q4_2425,Newham,Good job,0.43
4/1/2025,Q1_2526,Newham,Good job,0.43
7/1/2025,Q2_2526,Newham,Good job,0.43
10/1/2025,Q3_2526,Newham,Good job,0.47
1/1/2026,Q4_2526,Newham,Good job,0.48
1/1/2016,Q4_1516,Newham,Trust MPS,0.85
4/1/2016,Q1_1617,Newham,Trust MPS,0.86
7/1/2016,Q2_1617,Newham,Trust MPS,0.88
10/1/2016,Q3_1617,Newham,Trust MPS,0.87
1/1/2017,Q4_1617,Newham,Trust MPS,0.87
4/1/2017,Q1_1718,Newham,Trust MPS,0.89
7/1/2017,Q2_1718,Newham,Trust MPS,0.88
10/1/2017,Q3_1718,Newham,Trust MPS,0.88
1/1/2018,Q4_1718,Newham,Trust MPS,0.88
4/1/2018,Q1_1819,Newham,Trust MPS,0.86
7/1/2018,Q2_1819,Newham,Trust MPS,0.84
10/1/2018,Q3_1819,Newham,Trust MPS,0.85
1/1/2019,Q4_1819,Newham,Trust MPS,0.85
4/1/2019,Q1_1920,Newham,Trust MPS,0.87
7/1/2019,Q2_1920,Newham,Trust MPS,0.87
10/1/2019,Q3_1920,Newham,Trust MPS,0.83
1/1/2020,Q4_1920,Newham,Trust MPS,0.79
4/1/2020,Q1_2021,Newham,Trust MPS,0.79
7/1/2020,Q2_2021,Newham,Trust MPS,0.77
10/1/2020,Q3_2021,Newham,Trust MPS,0.79
1/1/2021,Q4_2021,Newham,Trust MPS,0.82
4/1/2021,Q1_2122,Newham,Trust MPS,0.81
7/1/2021,Q2_2122,Newham,Trust MPS,0.8
10/1/2021,Q3_2122,Newham,Trust MPS,0.77
1/1/2022,Q4_2122,Newham,Trust MPS,0.7
4/1/2022,Q1_2223,Newham,Trust MPS,0.68
7/1/2022,Q2_2223,Newham,Trust MPS,0.67
10/1/2022,Q3_2223,Newham,Trust MPS,0.7
1/1/2023,Q4_2223,Newham,Trust MPS,0.75
4/1/2023,Q1_2324,Newham,Trust MPS,0.71
7/1/2023,Q2_2324,Newham,Trust MPS,0.72
10/1/2023,Q3_2324,Newham,Trust MPS,0.71
1/1/2024,Q4_2324,Newham,Trust MPS,0.73
4/1/2024,Q1_2425,Newham,Trust MPS,0.79
7/1/2024,Q2_2425,Newham,Trust MPS,0.78
10/1/2024,Q3_2425,Newham,Trust MPS,0.76
1/1/2025,Q4_2425,Newham,Trust MPS,0.77
4/1/2025,Q1_2526,Newham,Trust MPS,0.75
7/1/2025,Q2_2526,Newham,Trust MPS,0.76
10/1/2025,Q3_2526,Newham,Trust MPS,0.77
1/1/2026,Q4_2526,Newham,Trust MPS,0.75
10/1/2014,Q3_1415,Newham,Fair treatment,0.75
1/1/2015,Q4_1415,Newham,Fair treatment,0.72
4/1/2015,Q1_1516,Newham,Fair treatment,0.76
7/1/2015,Q2_1516,Newham,Fair treatment,0.79
10/1/2015,Q3_1516,Newham,Fair treatment,0.78
1/1/2016,Q4_1516,Newham,Fair treatment,0.79
4/1/2016,Q1_1617,Newham,Fair treatment,0.8
7/1/2016,Q2_1617,Newham,Fair treatment,0.78
10/1/2016,Q3_1617,Newham,Fair treatment,0.78
1/1/2017,Q4_1617,Newham,Fair treatment,0.77
4/1/2017,Q1_1718,Newham,Fair treatment,0.77
7/1/2017,Q2_1718,Newham,Fair treatment,0.82
10/1/2017,Q3_1718,Newham,Fair treatment,0.82
1/1/2018,Q4_1718,Newham,Fair treatment,0.84
4/1/2018,Q1_1819,Newham,Fair treatment,0.84
7/1/2018,Q2_1819,Newham,Fair treatment,0.82
10/1/2018,Q3_1819,Newham,Fair treatment,0.85
1/1/2019,Q4_1819,Newham,Fair treatment,0.84
4/1/2019,Q1_1920,Newham,Fair treatment,0.86
7/1/2019,Q2_1920,Newham,Fair treatment,0.86
10/1/2019,Q3_1920,Newham,Fair treatment,0.84
1/1/2020,Q4_1920,Newham,Fair treatment,0.81
4/1/2020,Q1_2021,Newham,Fair treatment,0.8
7/1/2020,Q2_2021,Newham,Fair treatment,0.79
10/1/2020,Q3_2021,Newham,Fair treatment,0.77
1/1/2021,Q4_2021,Newham,Fair treatment,0.78
4/1/2021,Q1_2122,Newham,Fair treatment,0.75
7/1/2021,Q2_2122,Newham,Fair treatment,0.73
10/1/2021,Q3_2122,Newham,Fair treatment,0.71
1/1/2022,Q4_2122,Newham,Fair treatment,0.61
4/1/2022,Q1_2223,Newham,Fair treatment,0.6
7/1/2022,Q2_2223,Newham,Fair treatment,0.56
10/1/2022,Q3_2223,Newham,Fair treatment,0.57
1/1/2023,Q4_2223,Newham,Fair treatment,0.61
4/1/2023,Q1_2324,Newham,Fair treatment,0.61
7/1/2023,Q2_2324,Newham,Fair treatment,0.65
10/1/2023,Q3_2324,Newham,Fair treatment,0.65
1/1/2024,Q4_2324,Newham,Fair treatment,0.66
4/1/2024,Q1_2425,Newham,Fair treatment,0.67
7/1/2024,Q2_2425,Newham,Fair treatment,0.65
10/1/2024,Q3_2425,Newham,Fair treatment,0.68
1/1/2025,Q4_2425,Newham,Fair treatment,0.71
4/1/2025,Q1_2526,Newham,Fair treatment,0.7
7/1/2025,Q2_2526,Newham,Fair treatment,0.71
10/1/2025,Q3_2526,Newham,Fair treatment,0.72
1/1/2026,Q4_2526,Newham,Fair treatment,0.72
10/1/2014,Q3_1415,Redbridge,Good job,0.57
1/1/2015,Q4_1415,Redbridge,Good job,0.6
4/1/2015,Q1_1516,Redbridge,Good job,0.64
7/1/2015,Q2_1516,Redbridge,Good job,0.68
10/1/2015,Q3_1516,Redbridge,Good job,0.68
1/1/2016,Q4_1516,Redbridge,Good job,0.7
4/1/2016,Q1_1617,Redbridge,Good job,0.71
7/1/2016,Q2_1617,Redbridge,Good job,0.7
10/1/2016,Q3_1617,Redbridge,Good job,0.72
1/1/2017,Q4_1617,Redbridge,Good job,0.71
4/1/2017,Q1_1718,Redbridge,Good job,0.68
7/1/2017,Q2_1718,Redbridge,Good job,0.71
10/1/2017,Q3_1718,Redbridge,Good job,0.67
1/1/2018,Q4_1718,Redbridge,Good job,0.67
4/1/2018,Q1_1819,Redbridge,Good job,0.62
7/1/2018,Q2_1819,Redbridge,Good job,0.57
10/1/2018,Q3_1819,Redbridge,Good job,0.6
1/1/2019,Q4_1819,Redbridge,Good job,0.55
4/1/2019,Q1_1920,Redbridge,Good job,0.58
7/1/2019,Q2_1920,Redbridge,Good job,0.59
10/1/2019,Q3_1920,Redbridge,Good job,0.58
1/1/2020,Q4_1920,Redbridge,Good job,0.58
4/1/2020,Q1_2021,Redbridge,Good job,0.53
7/1/2020,Q2_2021,Redbridge,Good job,0.49
10/1/2020,Q3_2021,Redbridge,Good job,0.48
1/1/2021,Q4_2021,Redbridge,Good job,0.46
4/1/2021,Q1_2122,Redbridge,Good job,0.48
7/1/2021,Q2_2122,Redbridge,Good job,0.44
10/1/2021,Q3_2122,Redbridge,Good job,0.47
1/1/2022,Q4_2122,Redbridge,Good job,0.46
4/1/2022,Q1_2223,Redbridge,Good job,0.46
7/1/2022,Q2_2223,Redbridge,Good job,0.51
10/1/2022,Q3_2223,Redbridge,Good job,0.46
1/1/2023,Q4_2223,Redbridge,Good job,0.48
4/1/2023,Q1_2324,Redbridge,Good job,0.46
7/1/2023,Q2_2324,Redbridge,Good job,0.46
10/1/2023,Q3_2324,Redbridge,Good job,0.44
1/1/2024,Q4_2324,Redbridge,Good job,0.44
4/1/2024,Q1_2425,Redbridge,Good job,0.45
7/1/2024,Q2_2425,Redbridge,Good job,0.43
10/1/2024,Q3_2425,Redbridge,Good job,0.45
1/1/2025,Q4_2425,Redbridge,Good job,0.43
4/1/2025,Q1_2526,Redbridge,Good job,0.43
7/1/2025,Q2_2526,Redbridge,Good job,0.44
10/1/2025,Q3_2526,Redbridge,Good job,0.45
1/1/2026,Q4_2526,Redbridge,Good job,0.44
1/1/2016,Q4_1516,Redbridge,Trust MPS,0.89
4/1/2016,Q1_1617,Redbridge,Trust MPS,0.89
7/1/2016,Q2_1617,Redbridge,Trust MPS,0.9
10/1/2016,Q3_1617,Redbridge,Trust MPS,0.92
1/1/2017,Q4_1617,Redbridge,Trust MPS,0.91
4/1/2017,Q1_1718,Redbridge,Trust MPS,0.91
7/1/2017,Q2_1718,Redbridge,Trust MPS,0.9
10/1/2017,Q3_1718,Redbridge,Trust MPS,0.87
1/1/2018,Q4_1718,Redbridge,Trust MPS,0.88
4/1/2018,Q1_1819,Redbridge,Trust MPS,0.85
7/1/2018,Q2_1819,Redbridge,Trust MPS,0.82
10/1/2018,Q3_1819,Redbridge,Trust MPS,0.84
1/1/2019,Q4_1819,Redbridge,Trust MPS,0.82
4/1/2019,Q1_1920,Redbridge,Trust MPS,0.85
7/1/2019,Q2_1920,Redbridge,Trust MPS,0.87
10/1/2019,Q3_1920,Redbridge,Trust MPS,0.86
1/1/2020,Q4_1920,Redbridge,Trust MPS,0.86
4/1/2020,Q1_2021,Redbridge,Trust MPS,0.84
7/1/2020,Q2_2021,Redbridge,Trust MPS,0.83
10/1/2020,Q3_2021,Redbridge,Trust MPS,0.83
1/1/2021,Q4_2021,Redbridge,Trust MPS,0.81
4/1/2021,Q1_2122,Redbridge,Trust MPS,0.79
7/1/2021,Q2_2122,Redbridge,Trust MPS,0.74
10/1/2021,Q3_2122,Redbridge,Trust MPS,0.73
1/1/2022,Q4_2122,Redbridge,Trust MPS,0.72
4/1/2022,Q1_2223,Redbridge,Trust MPS,0.72
7/1/2022,Q2_2223,Redbridge,Trust MPS,0.73
10/1/2022,Q3_2223,Redbridge,Trust MPS,0.72
1/1/2023,Q4_2223,Redbridge,Trust MPS,0.7
4/1/2023,Q1_2324,Redbridge,Trust MPS,0.67
7/1/2023,Q2_2324,Redbridge,Trust MPS,0.65
10/1/2023,Q3_2324,Redbridge,Trust MPS,0.64
1/1/2024,Q4_2324,Redbridge,Trust MPS,0.67
4/1/2024,Q1_2425,Redbridge,Trust MPS,0.72
7/1/2024,Q2_2425,Redbridge,Trust MPS,0.74
10/1/2024,Q3_2425,Redbridge,Trust MPS,0.77
1/1/2025,Q4_2425,Redbridge,Trust MPS,0.77
4/1/2025,Q1_2526,Redbridge,Trust MPS,0.76
7/1/2025,Q2_2526,Redbridge,Trust MPS,0.76
10/1/2025,Q3_2526,Redbridge,Trust MPS,0.74
1/1/2026,Q4_2526,Redbridge,Trust MPS,0.74
10/1/2014,Q3_1415,Redbridge,Fair treatment,0.79
1/1/2015,Q4_1415,Redbridge,Fair treatment,0.82
4/1/2015,Q1_1516,Redbridge,Fair treatment,0.83
7/1/2015,Q2_1516,Redbridge,Fair treatment,0.84
10/1/2015,Q3_1516,Redbridge,Fair treatment,0.82
1/1/2016,Q4_1516,Redbridge,Fair treatment,0.8
4/1/2016,Q1_1617,Redbridge,Fair treatment,0.8
7/1/2016,Q2_1617,Redbridge,Fair treatment,0.79
10/1/2016,Q3_1617,Redbridge,Fair treatment,0.81
1/1/2017,Q4_1617,Redbridge,Fair treatment,0.82
4/1/2017,Q1_1718,Redbridge,Fair treatment,0.84
7/1/2017,Q2_1718,Redbridge,Fair treatment,0.86
10/1/2017,Q3_1718,Redbridge,Fair treatment,0.83
1/1/2018,Q4_1718,Redbridge,Fair treatment,0.82
4/1/2018,Q1_1819,Redbridge,Fair treatment,0.79
7/1/2018,Q2_1819,Redbridge,Fair treatment,0.8
10/1/2018,Q3_1819,Redbridge,Fair treatment,0.82
1/1/2019,Q4_1819,Redbridge,Fair treatment,0.81
4/1/2019,Q1_1920,Redbridge,Fair treatment,0.82
7/1/2019,Q2_1920,Redbridge,Fair treatment,0.81
10/1/2019,Q3_1920,Redbridge,Fair treatment,0.81
1/1/2020,Q4_1920,Redbridge,Fair treatment,0.82
4/1/2020,Q1_2021,Redbridge,Fair treatment,0.82
7/1/2020,Q2_2021,Redbridge,Fair treatment,0.8
10/1/2020,Q3_2021,Redbridge,Fair treatment,0.8
1/1/2021,Q4_2021,Redbridge,Fair treatment,0.75
4/1/2021,Q1_2122,Redbridge,Fair treatment,0.71
7/1/2021,Q2_2122,Redbridge,Fair treatment,0.67
10/1/2021,Q3_2122,Redbridge,Fair treatment,0.64
1/1/2022,Q4_2122,Redbridge,Fair treatment,0.66
4/1/2022,Q1_2223,Redbridge,Fair treatment,0.67
7/1/2022,Q2_2223,Redbridge,Fair treatment,0.68
10/1/2022,Q3_2223,Redbridge,Fair treatment,0.69
1/1/2023,Q4_2223,Redbridge,Fair treatment,0.66
4/1/2023,Q1_2324,Redbridge,Fair treatment,0.66
7/1/2023,Q2_2324,Redbridge,Fair treatment,0.65
10/1/2023,Q3_2324,Redbridge,Fair treatment,0.64
1/1/2024,Q4_2324,Redbridge,Fair treatment,0.67
4/1/2024,Q1_2425,Redbridge,Fair treatment,0.68
7/1/2024,Q2_2425,Redbridge,Fair treatment,0.71
10/1/2024,Q3_2425,Redbridge,Fair treatment,0.74
1/1/2025,Q4_2425,Redbridge,Fair treatment,0.7
4/1/2025,Q1_2526,Redbridge,Fair treatment,0.72
7/1/2025,Q2_2526,Redbridge,Fair treatment,0.71
10/1/2025,Q3_2526,Redbridge,Fair treatment,0.7
1/1/2026,Q4_2526,Redbridge,Fair treatment,0.74
10/1/2014,Q3_1415,Richmond upon Thames,Good job,0.78
1/1/2015,Q4_1415,Richmond upon Thames,Good job,0.83
4/1/2015,Q1_1516,Richmond upon Thames,Good job,0.77
7/1/2015,Q2_1516,Richmond upon Thames,Good job,0.76
10/1/2015,Q3_1516,Richmond upon Thames,Good job,0.78
1/1/2016,Q4_1516,Richmond upon Thames,Good job,0.77
4/1/2016,Q1_1617,Richmond upon Thames,Good job,0.79
7/1/2016,Q2_1617,Richmond upon Thames,Good job,0.79
10/1/2016,Q3_1617,Richmond upon Thames,Good job,0.73
1/1/2017,Q4_1617,Richmond upon Thames,Good job,0.75
4/1/2017,Q1_1718,Richmond upon Thames,Good job,0.78
7/1/2017,Q2_1718,Richmond upon Thames,Good job,0.76
10/1/2017,Q3_1718,Richmond upon Thames,Good job,0.81
1/1/2018,Q4_1718,Richmond upon Thames,Good job,0.79
4/1/2018,Q1_1819,Richmond upon Thames,Good job,0.75
7/1/2018,Q2_1819,Richmond upon Thames,Good job,0.77
10/1/2018,Q3_1819,Richmond upon Thames,Good job,0.72
1/1/2019,Q4_1819,Richmond upon Thames,Good job,0.7
4/1/2019,Q1_1920,Richmond upon Thames,Good job,0.65
7/1/2019,Q2_1920,Richmond upon Thames,Good job,0.64
10/1/2019,Q3_1920,Richmond upon Thames,Good job,0.66
1/1/2020,Q4_1920,Richmond upon Thames,Good job,0.64
4/1/2020,Q1_2021,Richmond upon Thames,Good job,0.67
7/1/2020,Q2_2021,Richmond upon Thames,Good job,0.65
10/1/2020,Q3_2021,Richmond upon Thames,Good job,0.61
1/1/2021,Q4_2021,Richmond upon Thames,Good job,0.63
4/1/2021,Q1_2122,Richmond upon Thames,Good job,0.63
7/1/2021,Q2_2122,Richmond upon Thames,Good job,0.65
10/1/2021,Q3_2122,Richmond upon Thames,Good job,0.7
1/1/2022,Q4_2122,Richmond upon Thames,Good job,0.67
4/1/2022,Q1_2223,Richmond upon Thames,Good job,0.64
7/1/2022,Q2_2223,Richmond upon Thames,Good job,0.6
10/1/2022,Q3_2223,Richmond upon Thames,Good job,0.54
1/1/2023,Q4_2223,Richmond upon Thames,Good job,0.53
4/1/2023,Q1_2324,Richmond upon Thames,Good job,0.53
7/1/2023,Q2_2324,Richmond upon Thames,Good job,0.49
10/1/2023,Q3_2324,Richmond upon Thames,Good job,0.49
1/1/2024,Q4_2324,Richmond upon Thames,Good job,0.5
4/1/2024,Q1_2425,Richmond upon Thames,Good job,0.49
7/1/2024,Q2_2425,Richmond upon Thames,Good job,0.52
10/1/2024,Q3_2425,Richmond upon Thames,Good job,0.5
1/1/2025,Q4_2425,Richmond upon Thames,Good job,0.49
4/1/2025,Q1_2526,Richmond upon Thames,Good job,0.5
7/1/2025,Q2_2526,Richmond upon Thames,Good job,0.5
10/1/2025,Q3_2526,Richmond upon Thames,Good job,0.5
1/1/2026,Q4_2526,Richmond upon Thames,Good job,0.5
1/1/2016,Q4_1516,Richmond upon Thames,Trust MPS,0.92
4/1/2016,Q1_1617,Richmond upon Thames,Trust MPS,0.92
7/1/2016,Q2_1617,Richmond upon Thames,Trust MPS,0.93
10/1/2016,Q3_1617,Richmond upon Thames,Trust MPS,0.92
1/1/2017,Q4_1617,Richmond upon Thames,Trust MPS,0.9
4/1/2017,Q1_1718,Richmond upon Thames,Trust MPS,0.88
7/1/2017,Q2_1718,Richmond upon Thames,Trust MPS,0.89
10/1/2017,Q3_1718,Richmond upon Thames,Trust MPS,0.9
1/1/2018,Q4_1718,Richmond upon Thames,Trust MPS,0.9
4/1/2018,Q1_1819,Richmond upon Thames,Trust MPS,0.93
7/1/2018,Q2_1819,Richmond upon Thames,Trust MPS,0.91
10/1/2018,Q3_1819,Richmond upon Thames,Trust MPS,0.91
1/1/2019,Q4_1819,Richmond upon Thames,Trust MPS,0.91
4/1/2019,Q1_1920,Richmond upon Thames,Trust MPS,0.91
7/1/2019,Q2_1920,Richmond upon Thames,Trust MPS,0.9
10/1/2019,Q3_1920,Richmond upon Thames,Trust MPS,0.86
1/1/2020,Q4_1920,Richmond upon Thames,Trust MPS,0.88
4/1/2020,Q1_2021,Richmond upon Thames,Trust MPS,0.85
7/1/2020,Q2_2021,Richmond upon Thames,Trust MPS,0.85
10/1/2020,Q3_2021,Richmond upon Thames,Trust MPS,0.86
1/1/2021,Q4_2021,Richmond upon Thames,Trust MPS,0.85
4/1/2021,Q1_2122,Richmond upon Thames,Trust MPS,0.87
7/1/2021,Q2_2122,Richmond upon Thames,Trust MPS,0.84
10/1/2021,Q3_2122,Richmond upon Thames,Trust MPS,0.82
1/1/2022,Q4_2122,Richmond upon Thames,Trust MPS,0.77
4/1/2022,Q1_2223,Richmond upon Thames,Trust MPS,0.73
7/1/2022,Q2_2223,Richmond upon Thames,Trust MPS,0.74
10/1/2022,Q3_2223,Richmond upon Thames,Trust MPS,0.71
1/1/2023,Q4_2223,Richmond upon Thames,Trust MPS,0.69
4/1/2023,Q1_2324,Richmond upon Thames,Trust MPS,0.69
7/1/2023,Q2_2324,Richmond upon Thames,Trust MPS,0.64
10/1/2023,Q3_2324,Richmond upon Thames,Trust MPS,0.66
1/1/2024,Q4_2324,Richmond upon Thames,Trust MPS,0.69
4/1/2024,Q1_2425,Richmond upon Thames,Trust MPS,0.7
7/1/2024,Q2_2425,Richmond upon Thames,Trust MPS,0.77
10/1/2024,Q3_2425,Richmond upon Thames,Trust MPS,0.76
1/1/2025,Q4_2425,Richmond upon Thames,Trust MPS,0.77
4/1/2025,Q1_2526,Richmond upon Thames,Trust MPS,0.77
7/1/2025,Q2_2526,Richmond upon Thames,Trust MPS,0.77
10/1/2025,Q3_2526,Richmond upon Thames,Trust MPS,0.75
1/1/2026,Q4_2526,Richmond upon Thames,Trust MPS,0.75
10/1/2014,Q3_1415,Richmond upon Thames,Fair treatment,0.75
1/1/2015,Q4_1415,Richmond upon Thames,Fair treatment,0.79
4/1/2015,Q1_1516,Richmond upon Thames,Fair treatment,0.76
7/1/2015,Q2_1516,Richmond upon Thames,Fair treatment,0.75
10/1/2015,Q3_1516,Richmond upon Thames,Fair treatment,0.76
1/1/2016,Q4_1516,Richmond upon Thames,Fair treatment,0.73
4/1/2016,Q1_1617,Richmond upon Thames,Fair treatment,0.74
7/1/2016,Q2_1617,Richmond upon Thames,Fair treatment,0.74
10/1/2016,Q3_1617,Richmond upon Thames,Fair treatment,0.77
1/1/2017,Q4_1617,Richmond upon Thames,Fair treatment,0.79
4/1/2017,Q1_1718,Richmond upon Thames,Fair treatment,0.8
7/1/2017,Q2_1718,Richmond upon Thames,Fair treatment,0.81
10/1/2017,Q3_1718,Richmond upon Thames,Fair treatment,0.8
1/1/2018,Q4_1718,Richmond upon Thames,Fair treatment,0.82
4/1/2018,Q1_1819,Richmond upon Thames,Fair treatment,0.79
7/1/2018,Q2_1819,Richmond upon Thames,Fair treatment,0.77
10/1/2018,Q3_1819,Richmond upon Thames,Fair treatment,0.79
1/1/2019,Q4_1819,Richmond upon Thames,Fair treatment,0.77
4/1/2019,Q1_1920,Richmond upon Thames,Fair treatment,0.81
7/1/2019,Q2_1920,Richmond upon Thames,Fair treatment,0.81
10/1/2019,Q3_1920,Richmond upon Thames,Fair treatment,0.82
1/1/2020,Q4_1920,Richmond upon Thames,Fair treatment,0.84
4/1/2020,Q1_2021,Richmond upon Thames,Fair treatment,0.82
7/1/2020,Q2_2021,Richmond upon Thames,Fair treatment,0.83
10/1/2020,Q3_2021,Richmond upon Thames,Fair treatment,0.79
1/1/2021,Q4_2021,Richmond upon Thames,Fair treatment,0.75
4/1/2021,Q1_2122,Richmond upon Thames,Fair treatment,0.72
7/1/2021,Q2_2122,Richmond upon Thames,Fair treatment,0.73
10/1/2021,Q3_2122,Richmond upon Thames,Fair treatment,0.75
1/1/2022,Q4_2122,Richmond upon Thames,Fair treatment,0.75
4/1/2022,Q1_2223,Richmond upon Thames,Fair treatment,0.71
7/1/2022,Q2_2223,Richmond upon Thames,Fair treatment,0.66
10/1/2022,Q3_2223,Richmond upon Thames,Fair treatment,0.64
1/1/2023,Q4_2223,Richmond upon Thames,Fair treatment,0.6
4/1/2023,Q1_2324,Richmond upon Thames,Fair treatment,0.6
7/1/2023,Q2_2324,Richmond upon Thames,Fair treatment,0.58
10/1/2023,Q3_2324,Richmond upon Thames,Fair treatment,0.57
1/1/2024,Q4_2324,Richmond upon Thames,Fair treatment,0.59
4/1/2024,Q1_2425,Richmond upon Thames,Fair treatment,0.59
7/1/2024,Q2_2425,Richmond upon Thames,Fair treatment,0.63
10/1/2024,Q3_2425,Richmond upon Thames,Fair treatment,0.6
1/1/2025,Q4_2425,Richmond upon Thames,Fair treatment,0.62
4/1/2025,Q1_2526,Richmond upon Thames,Fair treatment,0.64
7/1/2025,Q2_2526,Richmond upon Thames,Fair treatment,0.64
10/1/2025,Q3_2526,Richmond upon Thames,Fair treatment,0.65
1/1/2026,Q4_2526,Richmond upon Thames,Fair treatment,0.66
10/1/2014,Q3_1415,Southwark,Good job,0.67
1/1/2015,Q4_1415,Southwark,Good job,0.71
4/1/2015,Q1_1516,Southwark,Good job,0.69
7/1/2015,Q2_1516,Southwark,Good job,0.72
10/1/2015,Q3_1516,Southwark,Good job,0.73
1/1/2016,Q4_1516,Southwark,Good job,0.7
4/1/2016,Q1_1617,Southwark,Good job,0.72
7/1/2016,Q2_1617,Southwark,Good job,0.74
10/1/2016,Q3_1617,Southwark,Good job,0.7
1/1/2017,Q4_1617,Southwark,Good job,0.75
4/1/2017,Q1_1718,Southwark,Good job,0.75
7/1/2017,Q2_1718,Southwark,Good job,0.74
10/1/2017,Q3_1718,Southwark,Good job,0.76
1/1/2018,Q4_1718,Southwark,Good job,0.75
4/1/2018,Q1_1819,Southwark,Good job,0.73
7/1/2018,Q2_1819,Southwark,Good job,0.68
10/1/2018,Q3_1819,Southwark,Good job,0.68
1/1/2019,Q4_1819,Southwark,Good job,0.62
4/1/2019,Q1_1920,Southwark,Good job,0.62
7/1/2019,Q2_1920,Southwark,Good job,0.64
10/1/2019,Q3_1920,Southwark,Good job,0.63
1/1/2020,Q4_1920,Southwark,Good job,0.63
4/1/2020,Q1_2021,Southwark,Good job,0.62
7/1/2020,Q2_2021,Southwark,Good job,0.6
10/1/2020,Q3_2021,Southwark,Good job,0.58
1/1/2021,Q4_2021,Southwark,Good job,0.55
4/1/2021,Q1_2122,Southwark,Good job,0.54
7/1/2021,Q2_2122,Southwark,Good job,0.48
10/1/2021,Q3_2122,Southwark,Good job,0.5
1/1/2022,Q4_2122,Southwark,Good job,0.48
4/1/2022,Q1_2223,Southwark,Good job,0.48
7/1/2022,Q2_2223,Southwark,Good job,0.54
10/1/2022,Q3_2223,Southwark,Good job,0.49
1/1/2023,Q4_2223,Southwark,Good job,0.5
4/1/2023,Q1_2324,Southwark,Good job,0.47
7/1/2023,Q2_2324,Southwark,Good job,0.44
10/1/2023,Q3_2324,Southwark,Good job,0.42
1/1/2024,Q4_2324,Southwark,Good job,0.42
4/1/2024,Q1_2425,Southwark,Good job,0.4
7/1/2024,Q2_2425,Southwark,Good job,0.41
10/1/2024,Q3_2425,Southwark,Good job,0.41
1/1/2025,Q4_2425,Southwark,Good job,0.43
4/1/2025,Q1_2526,Southwark,Good job,0.44
7/1/2025,Q2_2526,Southwark,Good job,0.43
10/1/2025,Q3_2526,Southwark,Good job,0.42
1/1/2026,Q4_2526,Southwark,Good job,0.39
1/1/2016,Q4_1516,Southwark,Trust MPS,0.89
4/1/2016,Q1_1617,Southwark,Trust MPS,0.87
7/1/2016,Q2_1617,Southwark,Trust MPS,0.86
10/1/2016,Q3_1617,Southwark,Trust MPS,0.84
1/1/2017,Q4_1617,Southwark,Trust MPS,0.84
4/1/2017,Q1_1718,Southwark,Trust MPS,0.83
7/1/2017,Q2_1718,Southwark,Trust MPS,0.84
10/1/2017,Q3_1718,Southwark,Trust MPS,0.86
1/1/2018,Q4_1718,Southwark,Trust MPS,0.85
4/1/2018,Q1_1819,Southwark,Trust MPS,0.86
7/1/2018,Q2_1819,Southwark,Trust MPS,0.85
10/1/2018,Q3_1819,Southwark,Trust MPS,0.83
1/1/2019,Q4_1819,Southwark,Trust MPS,0.8
4/1/2019,Q1_1920,Southwark,Trust MPS,0.8
7/1/2019,Q2_1920,Southwark,Trust MPS,0.82
10/1/2019,Q3_1920,Southwark,Trust MPS,0.85
1/1/2020,Q4_1920,Southwark,Trust MPS,0.87
4/1/2020,Q1_2021,Southwark,Trust MPS,0.86
7/1/2020,Q2_2021,Southwark,Trust MPS,0.82
10/1/2020,Q3_2021,Southwark,Trust MPS,0.8
1/1/2021,Q4_2021,Southwark,Trust MPS,0.78
4/1/2021,Q1_2122,Southwark,Trust MPS,0.77
7/1/2021,Q2_2122,Southwark,Trust MPS,0.75
10/1/2021,Q3_2122,Southwark,Trust MPS,0.76
1/1/2022,Q4_2122,Southwark,Trust MPS,0.73
4/1/2022,Q1_2223,Southwark,Trust MPS,0.72
7/1/2022,Q2_2223,Southwark,Trust MPS,0.73
10/1/2022,Q3_2223,Southwark,Trust MPS,0.66
1/1/2023,Q4_2223,Southwark,Trust MPS,0.65
4/1/2023,Q1_2324,Southwark,Trust MPS,0.64
7/1/2023,Q2_2324,Southwark,Trust MPS,0.61
10/1/2023,Q3_2324,Southwark,Trust MPS,0.63
1/1/2024,Q4_2324,Southwark,Trust MPS,0.65
4/1/2024,Q1_2425,Southwark,Trust MPS,0.65
7/1/2024,Q2_2425,Southwark,Trust MPS,0.66
10/1/2024,Q3_2425,Southwark,Trust MPS,0.65
1/1/2025,Q4_2425,Southwark,Trust MPS,0.66
4/1/2025,Q1_2526,Southwark,Trust MPS,0.65
7/1/2025,Q2_2526,Southwark,Trust MPS,0.66
10/1/2025,Q3_2526,Southwark,Trust MPS,0.61
1/1/2026,Q4_2526,Southwark,Trust MPS,0.6
10/1/2014,Q3_1415,Southwark,Fair treatment,0.72
1/1/2015,Q4_1415,Southwark,Fair treatment,0.7
4/1/2015,Q1_1516,Southwark,Fair treatment,0.72
7/1/2015,Q2_1516,Southwark,Fair treatment,0.72
10/1/2015,Q3_1516,Southwark,Fair treatment,0.71
1/1/2016,Q4_1516,Southwark,Fair treatment,0.71
4/1/2016,Q1_1617,Southwark,Fair treatment,0.75
7/1/2016,Q2_1617,Southwark,Fair treatment,0.74
10/1/2016,Q3_1617,Southwark,Fair treatment,0.74
1/1/2017,Q4_1617,Southwark,Fair treatment,0.78
4/1/2017,Q1_1718,Southwark,Fair treatment,0.75
7/1/2017,Q2_1718,Southwark,Fair treatment,0.76
10/1/2017,Q3_1718,Southwark,Fair treatment,0.78
1/1/2018,Q4_1718,Southwark,Fair treatment,0.77
4/1/2018,Q1_1819,Southwark,Fair treatment,0.78
7/1/2018,Q2_1819,Southwark,Fair treatment,0.8
10/1/2018,Q3_1819,Southwark,Fair treatment,0.76
1/1/2019,Q4_1819,Southwark,Fair treatment,0.75
4/1/2019,Q1_1920,Southwark,Fair treatment,0.75
7/1/2019,Q2_1920,Southwark,Fair treatment,0.75
10/1/2019,Q3_1920,Southwark,Fair treatment,0.79
1/1/2020,Q4_1920,Southwark,Fair treatment,0.78
4/1/2020,Q1_2021,Southwark,Fair treatment,0.75
7/1/2020,Q2_2021,Southwark,Fair treatment,0.71
10/1/2020,Q3_2021,Southwark,Fair treatment,0.64
1/1/2021,Q4_2021,Southwark,Fair treatment,0.6
4/1/2021,Q1_2122,Southwark,Fair treatment,0.58
7/1/2021,Q2_2122,Southwark,Fair treatment,0.54
10/1/2021,Q3_2122,Southwark,Fair treatment,0.52
1/1/2022,Q4_2122,Southwark,Fair treatment,0.51
4/1/2022,Q1_2223,Southwark,Fair treatment,0.51
7/1/2022,Q2_2223,Southwark,Fair treatment,0.53
10/1/2022,Q3_2223,Southwark,Fair treatment,0.52
1/1/2023,Q4_2223,Southwark,Fair treatment,0.53
4/1/2023,Q1_2324,Southwark,Fair treatment,0.51
7/1/2023,Q2_2324,Southwark,Fair treatment,0.5
10/1/2023,Q3_2324,Southwark,Fair treatment,0.5
1/1/2024,Q4_2324,Southwark,Fair treatment,0.53
4/1/2024,Q1_2425,Southwark,Fair treatment,0.56
7/1/2024,Q2_2425,Southwark,Fair treatment,0.58
10/1/2024,Q3_2425,Southwark,Fair treatment,0.58
1/1/2025,Q4_2425,Southwark,Fair treatment,0.58
4/1/2025,Q1_2526,Southwark,Fair treatment,0.57
7/1/2025,Q2_2526,Southwark,Fair treatment,0.59
10/1/2025,Q3_2526,Southwark,Fair treatment,0.57
1/1/2026,Q4_2526,Southwark,Fair treatment,0.55
10/1/2014,Q3_1415,Sutton,Good job,0.77
1/1/2015,Q4_1415,Sutton,Good job,0.72
4/1/2015,Q1_1516,Sutton,Good job,0.73
7/1/2015,Q2_1516,Sutton,Good job,0.75
10/1/2015,Q3_1516,Sutton,Good job,0.75
1/1/2016,Q4_1516,Sutton,Good job,0.75
4/1/2016,Q1_1617,Sutton,Good job,0.76
7/1/2016,Q2_1617,Sutton,Good job,0.7
10/1/2016,Q3_1617,Sutton,Good job,0.68
1/1/2017,Q4_1617,Sutton,Good job,0.68
4/1/2017,Q1_1718,Sutton,Good job,0.66
7/1/2017,Q2_1718,Sutton,Good job,0.72
10/1/2017,Q3_1718,Sutton,Good job,0.75
1/1/2018,Q4_1718,Sutton,Good job,0.77
4/1/2018,Q1_1819,Sutton,Good job,0.77
7/1/2018,Q2_1819,Sutton,Good job,0.72
10/1/2018,Q3_1819,Sutton,Good job,0.71
1/1/2019,Q4_1819,Sutton,Good job,0.66
4/1/2019,Q1_1920,Sutton,Good job,0.64
7/1/2019,Q2_1920,Sutton,Good job,0.65
10/1/2019,Q3_1920,Sutton,Good job,0.65
1/1/2020,Q4_1920,Sutton,Good job,0.66
4/1/2020,Q1_2021,Sutton,Good job,0.7
7/1/2020,Q2_2021,Sutton,Good job,0.67
10/1/2020,Q3_2021,Sutton,Good job,0.64
1/1/2021,Q4_2021,Sutton,Good job,0.63
4/1/2021,Q1_2122,Sutton,Good job,0.61
7/1/2021,Q2_2122,Sutton,Good job,0.63
10/1/2021,Q3_2122,Sutton,Good job,0.65
1/1/2022,Q4_2122,Sutton,Good job,0.61
4/1/2022,Q1_2223,Sutton,Good job,0.57
7/1/2022,Q2_2223,Sutton,Good job,0.56
10/1/2022,Q3_2223,Sutton,Good job,0.52
1/1/2023,Q4_2223,Sutton,Good job,0.52
4/1/2023,Q1_2324,Sutton,Good job,0.51
7/1/2023,Q2_2324,Sutton,Good job,0.51
10/1/2023,Q3_2324,Sutton,Good job,0.52
1/1/2024,Q4_2324,Sutton,Good job,0.51
4/1/2024,Q1_2425,Sutton,Good job,0.52
7/1/2024,Q2_2425,Sutton,Good job,0.48
10/1/2024,Q3_2425,Sutton,Good job,0.47
1/1/2025,Q4_2425,Sutton,Good job,0.49
4/1/2025,Q1_2526,Sutton,Good job,0.47
7/1/2025,Q2_2526,Sutton,Good job,0.51
10/1/2025,Q3_2526,Sutton,Good job,0.51
1/1/2026,Q4_2526,Sutton,Good job,0.51
1/1/2016,Q4_1516,Sutton,Trust MPS,0.85
4/1/2016,Q1_1617,Sutton,Trust MPS,0.87
7/1/2016,Q2_1617,Sutton,Trust MPS,0.86
10/1/2016,Q3_1617,Sutton,Trust MPS,0.86
1/1/2017,Q4_1617,Sutton,Trust MPS,0.88
4/1/2017,Q1_1718,Sutton,Trust MPS,0.87
7/1/2017,Q2_1718,Sutton,Trust MPS,0.89
10/1/2017,Q3_1718,Sutton,Trust MPS,0.9
1/1/2018,Q4_1718,Sutton,Trust MPS,0.92
4/1/2018,Q1_1819,Sutton,Trust MPS,0.92
7/1/2018,Q2_1819,Sutton,Trust MPS,0.91
10/1/2018,Q3_1819,Sutton,Trust MPS,0.89
1/1/2019,Q4_1819,Sutton,Trust MPS,0.85
4/1/2019,Q1_1920,Sutton,Trust MPS,0.84
7/1/2019,Q2_1920,Sutton,Trust MPS,0.83
10/1/2019,Q3_1920,Sutton,Trust MPS,0.85
1/1/2020,Q4_1920,Sutton,Trust MPS,0.86
4/1/2020,Q1_2021,Sutton,Trust MPS,0.89
7/1/2020,Q2_2021,Sutton,Trust MPS,0.89
10/1/2020,Q3_2021,Sutton,Trust MPS,0.86
1/1/2021,Q4_2021,Sutton,Trust MPS,0.88
4/1/2021,Q1_2122,Sutton,Trust MPS,0.87
7/1/2021,Q2_2122,Sutton,Trust MPS,0.86
10/1/2021,Q3_2122,Sutton,Trust MPS,0.84
1/1/2022,Q4_2122,Sutton,Trust MPS,0.8
4/1/2022,Q1_2223,Sutton,Trust MPS,0.77
7/1/2022,Q2_2223,Sutton,Trust MPS,0.77
10/1/2022,Q3_2223,Sutton,Trust MPS,0.8
1/1/2023,Q4_2223,Sutton,Trust MPS,0.8
4/1/2023,Q1_2324,Sutton,Trust MPS,0.8
7/1/2023,Q2_2324,Sutton,Trust MPS,0.81
10/1/2023,Q3_2324,Sutton,Trust MPS,0.76
1/1/2024,Q4_2324,Sutton,Trust MPS,0.77
4/1/2024,Q1_2425,Sutton,Trust MPS,0.76
7/1/2024,Q2_2425,Sutton,Trust MPS,0.73
10/1/2024,Q3_2425,Sutton,Trust MPS,0.74
1/1/2025,Q4_2425,Sutton,Trust MPS,0.75
4/1/2025,Q1_2526,Sutton,Trust MPS,0.76
7/1/2025,Q2_2526,Sutton,Trust MPS,0.78
10/1/2025,Q3_2526,Sutton,Trust MPS,0.78
1/1/2026,Q4_2526,Sutton,Trust MPS,0.76
10/1/2014,Q3_1415,Sutton,Fair treatment,0.78
1/1/2015,Q4_1415,Sutton,Fair treatment,0.76
4/1/2015,Q1_1516,Sutton,Fair treatment,0.75
7/1/2015,Q2_1516,Sutton,Fair treatment,0.75
10/1/2015,Q3_1516,Sutton,Fair treatment,0.72
1/1/2016,Q4_1516,Sutton,Fair treatment,0.73
4/1/2016,Q1_1617,Sutton,Fair treatment,0.74
7/1/2016,Q2_1617,Sutton,Fair treatment,0.77
10/1/2016,Q3_1617,Sutton,Fair treatment,0.77
1/1/2017,Q4_1617,Sutton,Fair treatment,0.8
4/1/2017,Q1_1718,Sutton,Fair treatment,0.77
7/1/2017,Q2_1718,Sutton,Fair treatment,0.77
10/1/2017,Q3_1718,Sutton,Fair treatment,0.78
1/1/2018,Q4_1718,Sutton,Fair treatment,0.79
4/1/2018,Q1_1819,Sutton,Fair treatment,0.81
7/1/2018,Q2_1819,Sutton,Fair treatment,0.81
10/1/2018,Q3_1819,Sutton,Fair treatment,0.8
1/1/2019,Q4_1819,Sutton,Fair treatment,0.79
4/1/2019,Q1_1920,Sutton,Fair treatment,0.8
7/1/2019,Q2_1920,Sutton,Fair treatment,0.79
10/1/2019,Q3_1920,Sutton,Fair treatment,0.81
1/1/2020,Q4_1920,Sutton,Fair treatment,0.84
4/1/2020,Q1_2021,Sutton,Fair treatment,0.86
7/1/2020,Q2_2021,Sutton,Fair treatment,0.84
10/1/2020,Q3_2021,Sutton,Fair treatment,0.8
1/1/2021,Q4_2021,Sutton,Fair treatment,0.78
4/1/2021,Q1_2122,Sutton,Fair treatment,0.78
7/1/2021,Q2_2122,Sutton,Fair treatment,0.75
10/1/2021,Q3_2122,Sutton,Fair treatment,0.77
1/1/2022,Q4_2122,Sutton,Fair treatment,0.76
4/1/2022,Q1_2223,Sutton,Fair treatment,0.74
7/1/2022,Q2_2223,Sutton,Fair treatment,0.76
10/1/2022,Q3_2223,Sutton,Fair treatment,0.74
1/1/2023,Q4_2223,Sutton,Fair treatment,0.73
4/1/2023,Q1_2324,Sutton,Fair treatment,0.74
7/1/2023,Q2_2324,Sutton,Fair treatment,0.75
10/1/2023,Q3_2324,Sutton,Fair treatment,0.72
1/1/2024,Q4_2324,Sutton,Fair treatment,0.69
4/1/2024,Q1_2425,Sutton,Fair treatment,0.66
7/1/2024,Q2_2425,Sutton,Fair treatment,0.67
10/1/2024,Q3_2425,Sutton,Fair treatment,0.68
1/1/2025,Q4_2425,Sutton,Fair treatment,0.7
4/1/2025,Q1_2526,Sutton,Fair treatment,0.72
7/1/2025,Q2_2526,Sutton,Fair treatment,0.72
10/1/2025,Q3_2526,Sutton,Fair treatment,0.74
1/1/2026,Q4_2526,Sutton,Fair treatment,0.75
10/1/2014,Q3_1415,Tower Hamlets,Good job,0.5
1/1/2015,Q4_1415,Tower Hamlets,Good job,0.56
4/1/2015,Q1_1516,Tower Hamlets,Good job,0.6
7/1/2015,Q2_1516,Tower Hamlets,Good job,0.63
10/1/2015,Q3_1516,Tower Hamlets,Good job,0.65
1/1/2016,Q4_1516,Tower Hamlets,Good job,0.67
4/1/2016,Q1_1617,Tower Hamlets,Good job,0.7
7/1/2016,Q2_1617,Tower Hamlets,Good job,0.72
10/1/2016,Q3_1617,Tower Hamlets,Good job,0.69
1/1/2017,Q4_1617,Tower Hamlets,Good job,0.7
4/1/2017,Q1_1718,Tower Hamlets,Good job,0.68
7/1/2017,Q2_1718,Tower Hamlets,Good job,0.65
10/1/2017,Q3_1718,Tower Hamlets,Good job,0.63
1/1/2018,Q4_1718,Tower Hamlets,Good job,0.63
4/1/2018,Q1_1819,Tower Hamlets,Good job,0.6
7/1/2018,Q2_1819,Tower Hamlets,Good job,0.57
10/1/2018,Q3_1819,Tower Hamlets,Good job,0.58
1/1/2019,Q4_1819,Tower Hamlets,Good job,0.53
4/1/2019,Q1_1920,Tower Hamlets,Good job,0.56
7/1/2019,Q2_1920,Tower Hamlets,Good job,0.57
10/1/2019,Q3_1920,Tower Hamlets,Good job,0.57
1/1/2020,Q4_1920,Tower Hamlets,Good job,0.57
4/1/2020,Q1_2021,Tower Hamlets,Good job,0.52
7/1/2020,Q2_2021,Tower Hamlets,Good job,0.51
10/1/2020,Q3_2021,Tower Hamlets,Good job,0.46
1/1/2021,Q4_2021,Tower Hamlets,Good job,0.46
4/1/2021,Q1_2122,Tower Hamlets,Good job,0.45
7/1/2021,Q2_2122,Tower Hamlets,Good job,0.45
10/1/2021,Q3_2122,Tower Hamlets,Good job,0.48
1/1/2022,Q4_2122,Tower Hamlets,Good job,0.45
4/1/2022,Q1_2223,Tower Hamlets,Good job,0.47
7/1/2022,Q2_2223,Tower Hamlets,Good job,0.46
10/1/2022,Q3_2223,Tower Hamlets,Good job,0.46
1/1/2023,Q4_2223,Tower Hamlets,Good job,0.47
4/1/2023,Q1_2324,Tower Hamlets,Good job,0.44
7/1/2023,Q2_2324,Tower Hamlets,Good job,0.45
10/1/2023,Q3_2324,Tower Hamlets,Good job,0.42
1/1/2024,Q4_2324,Tower Hamlets,Good job,0.44
4/1/2024,Q1_2425,Tower Hamlets,Good job,0.45
7/1/2024,Q2_2425,Tower Hamlets,Good job,0.4
10/1/2024,Q3_2425,Tower Hamlets,Good job,0.42
1/1/2025,Q4_2425,Tower Hamlets,Good job,0.4
4/1/2025,Q1_2526,Tower Hamlets,Good job,0.41
7/1/2025,Q2_2526,Tower Hamlets,Good job,0.46
10/1/2025,Q3_2526,Tower Hamlets,Good job,0.44
1/1/2026,Q4_2526,Tower Hamlets,Good job,0.47
1/1/2016,Q4_1516,Tower Hamlets,Trust MPS,0.87
4/1/2016,Q1_1617,Tower Hamlets,Trust MPS,0.86
7/1/2016,Q2_1617,Tower Hamlets,Trust MPS,0.87
10/1/2016,Q3_1617,Tower Hamlets,Trust MPS,0.87
1/1/2017,Q4_1617,Tower Hamlets,Trust MPS,0.86
4/1/2017,Q1_1718,Tower Hamlets,Trust MPS,0.89
7/1/2017,Q2_1718,Tower Hamlets,Trust MPS,0.88
10/1/2017,Q3_1718,Tower Hamlets,Trust MPS,0.88
1/1/2018,Q4_1718,Tower Hamlets,Trust MPS,0.88
4/1/2018,Q1_1819,Tower Hamlets,Trust MPS,0.86
7/1/2018,Q2_1819,Tower Hamlets,Trust MPS,0.85
10/1/2018,Q3_1819,Tower Hamlets,Trust MPS,0.86
1/1/2019,Q4_1819,Tower Hamlets,Trust MPS,0.81
4/1/2019,Q1_1920,Tower Hamlets,Trust MPS,0.82
7/1/2019,Q2_1920,Tower Hamlets,Trust MPS,0.83
10/1/2019,Q3_1920,Tower Hamlets,Trust MPS,0.81
1/1/2020,Q4_1920,Tower Hamlets,Trust MPS,0.85
4/1/2020,Q1_2021,Tower Hamlets,Trust MPS,0.84
7/1/2020,Q2_2021,Tower Hamlets,Trust MPS,0.84
10/1/2020,Q3_2021,Tower Hamlets,Trust MPS,0.83
1/1/2021,Q4_2021,Tower Hamlets,Trust MPS,0.8
4/1/2021,Q1_2122,Tower Hamlets,Trust MPS,0.76
7/1/2021,Q2_2122,Tower Hamlets,Trust MPS,0.75
10/1/2021,Q3_2122,Tower Hamlets,Trust MPS,0.75
1/1/2022,Q4_2122,Tower Hamlets,Trust MPS,0.71
4/1/2022,Q1_2223,Tower Hamlets,Trust MPS,0.71
7/1/2022,Q2_2223,Tower Hamlets,Trust MPS,0.68
10/1/2022,Q3_2223,Tower Hamlets,Trust MPS,0.68
1/1/2023,Q4_2223,Tower Hamlets,Trust MPS,0.72
4/1/2023,Q1_2324,Tower Hamlets,Trust MPS,0.71
7/1/2023,Q2_2324,Tower Hamlets,Trust MPS,0.74
10/1/2023,Q3_2324,Tower Hamlets,Trust MPS,0.72
1/1/2024,Q4_2324,Tower Hamlets,Trust MPS,0.72
4/1/2024,Q1_2425,Tower Hamlets,Trust MPS,0.74
7/1/2024,Q2_2425,Tower Hamlets,Trust MPS,0.7
10/1/2024,Q3_2425,Tower Hamlets,Trust MPS,0.73
1/1/2025,Q4_2425,Tower Hamlets,Trust MPS,0.74
4/1/2025,Q1_2526,Tower Hamlets,Trust MPS,0.73
7/1/2025,Q2_2526,Tower Hamlets,Trust MPS,0.74
10/1/2025,Q3_2526,Tower Hamlets,Trust MPS,0.72
1/1/2026,Q4_2526,Tower Hamlets,Trust MPS,0.72
10/1/2014,Q3_1415,Tower Hamlets,Fair treatment,0.67
1/1/2015,Q4_1415,Tower Hamlets,Fair treatment,0.71
4/1/2015,Q1_1516,Tower Hamlets,Fair treatment,0.74
7/1/2015,Q2_1516,Tower Hamlets,Fair treatment,0.74
10/1/2015,Q3_1516,Tower Hamlets,Fair treatment,0.77
1/1/2016,Q4_1516,Tower Hamlets,Fair treatment,0.76
4/1/2016,Q1_1617,Tower Hamlets,Fair treatment,0.77
7/1/2016,Q2_1617,Tower Hamlets,Fair treatment,0.83
10/1/2016,Q3_1617,Tower Hamlets,Fair treatment,0.82
1/1/2017,Q4_1617,Tower Hamlets,Fair treatment,0.85
4/1/2017,Q1_1718,Tower Hamlets,Fair treatment,0.84
7/1/2017,Q2_1718,Tower Hamlets,Fair treatment,0.81
10/1/2017,Q3_1718,Tower Hamlets,Fair treatment,0.81
1/1/2018,Q4_1718,Tower Hamlets,Fair treatment,0.79
4/1/2018,Q1_1819,Tower Hamlets,Fair treatment,0.77
7/1/2018,Q2_1819,Tower Hamlets,Fair treatment,0.75
10/1/2018,Q3_1819,Tower Hamlets,Fair treatment,0.77
1/1/2019,Q4_1819,Tower Hamlets,Fair treatment,0.73
4/1/2019,Q1_1920,Tower Hamlets,Fair treatment,0.75
7/1/2019,Q2_1920,Tower Hamlets,Fair treatment,0.8
10/1/2019,Q3_1920,Tower Hamlets,Fair treatment,0.78
1/1/2020,Q4_1920,Tower Hamlets,Fair treatment,0.78
4/1/2020,Q1_2021,Tower Hamlets,Fair treatment,0.75
7/1/2020,Q2_2021,Tower Hamlets,Fair treatment,0.71
10/1/2020,Q3_2021,Tower Hamlets,Fair treatment,0.68
1/1/2021,Q4_2021,Tower Hamlets,Fair treatment,0.7
4/1/2021,Q1_2122,Tower Hamlets,Fair treatment,0.66
7/1/2021,Q2_2122,Tower Hamlets,Fair treatment,0.65
10/1/2021,Q3_2122,Tower Hamlets,Fair treatment,0.66
1/1/2022,Q4_2122,Tower Hamlets,Fair treatment,0.62
4/1/2022,Q1_2223,Tower Hamlets,Fair treatment,0.62
7/1/2022,Q2_2223,Tower Hamlets,Fair treatment,0.57
10/1/2022,Q3_2223,Tower Hamlets,Fair treatment,0.58
1/1/2023,Q4_2223,Tower Hamlets,Fair treatment,0.61
4/1/2023,Q1_2324,Tower Hamlets,Fair treatment,0.61
7/1/2023,Q2_2324,Tower Hamlets,Fair treatment,0.66
10/1/2023,Q3_2324,Tower Hamlets,Fair treatment,0.64
1/1/2024,Q4_2324,Tower Hamlets,Fair treatment,0.65
4/1/2024,Q1_2425,Tower Hamlets,Fair treatment,0.69
7/1/2024,Q2_2425,Tower Hamlets,Fair treatment,0.67
10/1/2024,Q3_2425,Tower Hamlets,Fair treatment,0.69
1/1/2025,Q4_2425,Tower Hamlets,Fair treatment,0.69
4/1/2025,Q1_2526,Tower Hamlets,Fair treatment,0.7
7/1/2025,Q2_2526,Tower Hamlets,Fair treatment,0.73
10/1/2025,Q3_2526,Tower Hamlets,Fair treatment,0.72
1/1/2026,Q4_2526,Tower Hamlets,Fair treatment,0.73
10/1/2014,Q3_1415,Waltham Forest,Good job,0.69
1/1/2015,Q4_1415,Waltham Forest,Good job,0.67
4/1/2015,Q1_1516,Waltham Forest,Good job,0.66
7/1/2015,Q2_1516,Waltham Forest,Good job,0.69
10/1/2015,Q3_1516,Waltham Forest,Good job,0.71
1/1/2016,Q4_1516,Waltham Forest,Good job,0.7
4/1/2016,Q1_1617,Waltham Forest,Good job,0.71
7/1/2016,Q2_1617,Waltham Forest,Good job,0.72
10/1/2016,Q3_1617,Waltham Forest,Good job,0.7
1/1/2017,Q4_1617,Waltham Forest,Good job,0.69
4/1/2017,Q1_1718,Waltham Forest,Good job,0.66
7/1/2017,Q2_1718,Waltham Forest,Good job,0.62
10/1/2017,Q3_1718,Waltham Forest,Good job,0.57
1/1/2018,Q4_1718,Waltham Forest,Good job,0.57
4/1/2018,Q1_1819,Waltham Forest,Good job,0.54
7/1/2018,Q2_1819,Waltham Forest,Good job,0.52
10/1/2018,Q3_1819,Waltham Forest,Good job,0.57
1/1/2019,Q4_1819,Waltham Forest,Good job,0.51
4/1/2019,Q1_1920,Waltham Forest,Good job,0.53
7/1/2019,Q2_1920,Waltham Forest,Good job,0.53
10/1/2019,Q3_1920,Waltham Forest,Good job,0.46
1/1/2020,Q4_1920,Waltham Forest,Good job,0.49
4/1/2020,Q1_2021,Waltham Forest,Good job,0.5
7/1/2020,Q2_2021,Waltham Forest,Good job,0.52
10/1/2020,Q3_2021,Waltham Forest,Good job,0.55
1/1/2021,Q4_2021,Waltham Forest,Good job,0.56
4/1/2021,Q1_2122,Waltham Forest,Good job,0.54
7/1/2021,Q2_2122,Waltham Forest,Good job,0.51
10/1/2021,Q3_2122,Waltham Forest,Good job,0.48
1/1/2022,Q4_2122,Waltham Forest,Good job,0.46
4/1/2022,Q1_2223,Waltham Forest,Good job,0.41
7/1/2022,Q2_2223,Waltham Forest,Good job,0.4
10/1/2022,Q3_2223,Waltham Forest,Good job,0.38
1/1/2023,Q4_2223,Waltham Forest,Good job,0.38
4/1/2023,Q1_2324,Waltham Forest,Good job,0.38
7/1/2023,Q2_2324,Waltham Forest,Good job,0.37
10/1/2023,Q3_2324,Waltham Forest,Good job,0.38
1/1/2024,Q4_2324,Waltham Forest,Good job,0.36
4/1/2024,Q1_2425,Waltham Forest,Good job,0.37
7/1/2024,Q2_2425,Waltham Forest,Good job,0.38
10/1/2024,Q3_2425,Waltham Forest,Good job,0.39
1/1/2025,Q4_2425,Waltham Forest,Good job,0.41
4/1/2025,Q1_2526,Waltham Forest,Good job,0.41
7/1/2025,Q2_2526,Waltham Forest,Good job,0.42
10/1/2025,Q3_2526,Waltham Forest,Good job,0.42
1/1/2026,Q4_2526,Waltham Forest,Good job,0.43
1/1/2016,Q4_1516,Waltham Forest,Trust MPS,0.84
4/1/2016,Q1_1617,Waltham Forest,Trust MPS,0.82
7/1/2016,Q2_1617,Waltham Forest,Trust MPS,0.85
10/1/2016,Q3_1617,Waltham Forest,Trust MPS,0.87
1/1/2017,Q4_1617,Waltham Forest,Trust MPS,0.87
4/1/2017,Q1_1718,Waltham Forest,Trust MPS,0.89
7/1/2017,Q2_1718,Waltham Forest,Trust MPS,0.86
10/1/2017,Q3_1718,Waltham Forest,Trust MPS,0.82
1/1/2018,Q4_1718,Waltham Forest,Trust MPS,0.8
4/1/2018,Q1_1819,Waltham Forest,Trust MPS,0.76
7/1/2018,Q2_1819,Waltham Forest,Trust MPS,0.75
10/1/2018,Q3_1819,Waltham Forest,Trust MPS,0.79
1/1/2019,Q4_1819,Waltham Forest,Trust MPS,0.79
4/1/2019,Q1_1920,Waltham Forest,Trust MPS,0.8
7/1/2019,Q2_1920,Waltham Forest,Trust MPS,0.8
10/1/2019,Q3_1920,Waltham Forest,Trust MPS,0.79
1/1/2020,Q4_1920,Waltham Forest,Trust MPS,0.78
4/1/2020,Q1_2021,Waltham Forest,Trust MPS,0.79
7/1/2020,Q2_2021,Waltham Forest,Trust MPS,0.8
10/1/2020,Q3_2021,Waltham Forest,Trust MPS,0.79
1/1/2021,Q4_2021,Waltham Forest,Trust MPS,0.8
4/1/2021,Q1_2122,Waltham Forest,Trust MPS,0.8
7/1/2021,Q2_2122,Waltham Forest,Trust MPS,0.78
10/1/2021,Q3_2122,Waltham Forest,Trust MPS,0.77
1/1/2022,Q4_2122,Waltham Forest,Trust MPS,0.75
4/1/2022,Q1_2223,Waltham Forest,Trust MPS,0.7
7/1/2022,Q2_2223,Waltham Forest,Trust MPS,0.66
10/1/2022,Q3_2223,Waltham Forest,Trust MPS,0.64
1/1/2023,Q4_2223,Waltham Forest,Trust MPS,0.62
4/1/2023,Q1_2324,Waltham Forest,Trust MPS,0.58
7/1/2023,Q2_2324,Waltham Forest,Trust MPS,0.57
10/1/2023,Q3_2324,Waltham Forest,Trust MPS,0.57
1/1/2024,Q4_2324,Waltham Forest,Trust MPS,0.57
4/1/2024,Q1_2425,Waltham Forest,Trust MPS,0.61
7/1/2024,Q2_2425,Waltham Forest,Trust MPS,0.64
10/1/2024,Q3_2425,Waltham Forest,Trust MPS,0.67
1/1/2025,Q4_2425,Waltham Forest,Trust MPS,0.7
4/1/2025,Q1_2526,Waltham Forest,Trust MPS,0.73
7/1/2025,Q2_2526,Waltham Forest,Trust MPS,0.73
10/1/2025,Q3_2526,Waltham Forest,Trust MPS,0.72
1/1/2026,Q4_2526,Waltham Forest,Trust MPS,0.71
10/1/2014,Q3_1415,Waltham Forest,Fair treatment,0.77
1/1/2015,Q4_1415,Waltham Forest,Fair treatment,0.79
4/1/2015,Q1_1516,Waltham Forest,Fair treatment,0.78
7/1/2015,Q2_1516,Waltham Forest,Fair treatment,0.77
10/1/2015,Q3_1516,Waltham Forest,Fair treatment,0.77
1/1/2016,Q4_1516,Waltham Forest,Fair treatment,0.76
4/1/2016,Q1_1617,Waltham Forest,Fair treatment,0.74
7/1/2016,Q2_1617,Waltham Forest,Fair treatment,0.76
10/1/2016,Q3_1617,Waltham Forest,Fair treatment,0.77
1/1/2017,Q4_1617,Waltham Forest,Fair treatment,0.76
4/1/2017,Q1_1718,Waltham Forest,Fair treatment,0.75
7/1/2017,Q2_1718,Waltham Forest,Fair treatment,0.75
10/1/2017,Q3_1718,Waltham Forest,Fair treatment,0.73
1/1/2018,Q4_1718,Waltham Forest,Fair treatment,0.73
4/1/2018,Q1_1819,Waltham Forest,Fair treatment,0.74
7/1/2018,Q2_1819,Waltham Forest,Fair treatment,0.73
10/1/2018,Q3_1819,Waltham Forest,Fair treatment,0.74
1/1/2019,Q4_1819,Waltham Forest,Fair treatment,0.72
4/1/2019,Q1_1920,Waltham Forest,Fair treatment,0.71
7/1/2019,Q2_1920,Waltham Forest,Fair treatment,0.71
10/1/2019,Q3_1920,Waltham Forest,Fair treatment,0.69
1/1/2020,Q4_1920,Waltham Forest,Fair treatment,0.69
4/1/2020,Q1_2021,Waltham Forest,Fair treatment,0.69
7/1/2020,Q2_2021,Waltham Forest,Fair treatment,0.68
10/1/2020,Q3_2021,Waltham Forest,Fair treatment,0.67
1/1/2021,Q4_2021,Waltham Forest,Fair treatment,0.71
4/1/2021,Q1_2122,Waltham Forest,Fair treatment,0.68
7/1/2021,Q2_2122,Waltham Forest,Fair treatment,0.69
10/1/2021,Q3_2122,Waltham Forest,Fair treatment,0.66
1/1/2022,Q4_2122,Waltham Forest,Fair treatment,0.63
4/1/2022,Q1_2223,Waltham Forest,Fair treatment,0.6
7/1/2022,Q2_2223,Waltham Forest,Fair treatment,0.55
10/1/2022,Q3_2223,Waltham Forest,Fair treatment,0.52
1/1/2023,Q4_2223,Waltham Forest,Fair treatment,0.53
4/1/2023,Q1_2324,Waltham Forest,Fair treatment,0.5
7/1/2023,Q2_2324,Waltham Forest,Fair treatment,0.53
10/1/2023,Q3_2324,Waltham Forest,Fair treatment,0.54
1/1/2024,Q4_2324,Waltham Forest,Fair treatment,0.53
4/1/2024,Q1_2425,Waltham Forest,Fair treatment,0.54
7/1/2024,Q2_2425,Waltham Forest,Fair treatment,0.52
10/1/2024,Q3_2425,Waltham Forest,Fair treatment,0.57
1/1/2025,Q4_2425,Waltham Forest,Fair treatment,0.61
4/1/2025,Q1_2526,Waltham Forest,Fair treatment,0.66
7/1/2025,Q2_2526,Waltham Forest,Fair treatment,0.71
10/1/2025,Q3_2526,Waltham Forest,Fair treatment,0.7
1/1/2026,Q4_2526,Waltham Forest,Fair treatment,0.67
10/1/2014,Q3_1415,Wandsworth,Good job,0.72
1/1/2015,Q4_1415,Wandsworth,Good job,0.7
4/1/2015,Q1_1516,Wandsworth,Good job,0.69
7/1/2015,Q2_1516,Wandsworth,Good job,0.67
10/1/2015,Q3_1516,Wandsworth,Good job,0.67
1/1/2016,Q4_1516,Wandsworth,Good job,0.7
4/1/2016,Q1_1617,Wandsworth,Good job,0.73
7/1/2016,Q2_1617,Wandsworth,Good job,0.73
10/1/2016,Q3_1617,Wandsworth,Good job,0.74
1/1/2017,Q4_1617,Wandsworth,Good job,0.76
4/1/2017,Q1_1718,Wandsworth,Good job,0.73
7/1/2017,Q2_1718,Wandsworth,Good job,0.74
10/1/2017,Q3_1718,Wandsworth,Good job,0.76
1/1/2018,Q4_1718,Wandsworth,Good job,0.74
4/1/2018,Q1_1819,Wandsworth,Good job,0.75
7/1/2018,Q2_1819,Wandsworth,Good job,0.76
10/1/2018,Q3_1819,Wandsworth,Good job,0.74
1/1/2019,Q4_1819,Wandsworth,Good job,0.71
4/1/2019,Q1_1920,Wandsworth,Good job,0.67
7/1/2019,Q2_1920,Wandsworth,Good job,0.62
10/1/2019,Q3_1920,Wandsworth,Good job,0.61
1/1/2020,Q4_1920,Wandsworth,Good job,0.56
4/1/2020,Q1_2021,Wandsworth,Good job,0.58
7/1/2020,Q2_2021,Wandsworth,Good job,0.59
10/1/2020,Q3_2021,Wandsworth,Good job,0.57
1/1/2021,Q4_2021,Wandsworth,Good job,0.59
4/1/2021,Q1_2122,Wandsworth,Good job,0.57
7/1/2021,Q2_2122,Wandsworth,Good job,0.55
10/1/2021,Q3_2122,Wandsworth,Good job,0.53
1/1/2022,Q4_2122,Wandsworth,Good job,0.52
4/1/2022,Q1_2223,Wandsworth,Good job,0.49
7/1/2022,Q2_2223,Wandsworth,Good job,0.52
10/1/2022,Q3_2223,Wandsworth,Good job,0.51
1/1/2023,Q4_2223,Wandsworth,Good job,0.51
4/1/2023,Q1_2324,Wandsworth,Good job,0.51
7/1/2023,Q2_2324,Wandsworth,Good job,0.49
10/1/2023,Q3_2324,Wandsworth,Good job,0.49
1/1/2024,Q4_2324,Wandsworth,Good job,0.48
4/1/2024,Q1_2425,Wandsworth,Good job,0.51
7/1/2024,Q2_2425,Wandsworth,Good job,0.49
10/1/2024,Q3_2425,Wandsworth,Good job,0.5
1/1/2025,Q4_2425,Wandsworth,Good job,0.53
4/1/2025,Q1_2526,Wandsworth,Good job,0.49
7/1/2025,Q2_2526,Wandsworth,Good job,0.48
10/1/2025,Q3_2526,Wandsworth,Good job,0.47
1/1/2026,Q4_2526,Wandsworth,Good job,0.42
1/1/2016,Q4_1516,Wandsworth,Trust MPS,0.88
4/1/2016,Q1_1617,Wandsworth,Trust MPS,0.88
7/1/2016,Q2_1617,Wandsworth,Trust MPS,0.87
10/1/2016,Q3_1617,Wandsworth,Trust MPS,0.89
1/1/2017,Q4_1617,Wandsworth,Trust MPS,0.89
4/1/2017,Q1_1718,Wandsworth,Trust MPS,0.9
7/1/2017,Q2_1718,Wandsworth,Trust MPS,0.92
10/1/2017,Q3_1718,Wandsworth,Trust MPS,0.93
1/1/2018,Q4_1718,Wandsworth,Trust MPS,0.9
4/1/2018,Q1_1819,Wandsworth,Trust MPS,0.89
7/1/2018,Q2_1819,Wandsworth,Trust MPS,0.88
10/1/2018,Q3_1819,Wandsworth,Trust MPS,0.87
1/1/2019,Q4_1819,Wandsworth,Trust MPS,0.85
4/1/2019,Q1_1920,Wandsworth,Trust MPS,0.84
7/1/2019,Q2_1920,Wandsworth,Trust MPS,0.83
10/1/2019,Q3_1920,Wandsworth,Trust MPS,0.83
1/1/2020,Q4_1920,Wandsworth,Trust MPS,0.81
4/1/2020,Q1_2021,Wandsworth,Trust MPS,0.8
7/1/2020,Q2_2021,Wandsworth,Trust MPS,0.81
10/1/2020,Q3_2021,Wandsworth,Trust MPS,0.79
1/1/2021,Q4_2021,Wandsworth,Trust MPS,0.78
4/1/2021,Q1_2122,Wandsworth,Trust MPS,0.78
7/1/2021,Q2_2122,Wandsworth,Trust MPS,0.76
10/1/2021,Q3_2122,Wandsworth,Trust MPS,0.75
1/1/2022,Q4_2122,Wandsworth,Trust MPS,0.73
4/1/2022,Q1_2223,Wandsworth,Trust MPS,0.73
7/1/2022,Q2_2223,Wandsworth,Trust MPS,0.71
10/1/2022,Q3_2223,Wandsworth,Trust MPS,0.71
1/1/2023,Q4_2223,Wandsworth,Trust MPS,0.71
4/1/2023,Q1_2324,Wandsworth,Trust MPS,0.68
7/1/2023,Q2_2324,Wandsworth,Trust MPS,0.68
10/1/2023,Q3_2324,Wandsworth,Trust MPS,0.69
1/1/2024,Q4_2324,Wandsworth,Trust MPS,0.7
4/1/2024,Q1_2425,Wandsworth,Trust MPS,0.73
7/1/2024,Q2_2425,Wandsworth,Trust MPS,0.75
10/1/2024,Q3_2425,Wandsworth,Trust MPS,0.78
1/1/2025,Q4_2425,Wandsworth,Trust MPS,0.81
4/1/2025,Q1_2526,Wandsworth,Trust MPS,0.8
7/1/2025,Q2_2526,Wandsworth,Trust MPS,0.78
10/1/2025,Q3_2526,Wandsworth,Trust MPS,0.76
1/1/2026,Q4_2526,Wandsworth,Trust MPS,0.73
10/1/2014,Q3_1415,Wandsworth,Fair treatment,0.73
1/1/2015,Q4_1415,Wandsworth,Fair treatment,0.72
4/1/2015,Q1_1516,Wandsworth,Fair treatment,0.72
7/1/2015,Q2_1516,Wandsworth,Fair treatment,0.72
10/1/2015,Q3_1516,Wandsworth,Fair treatment,0.68
1/1/2016,Q4_1516,Wandsworth,Fair treatment,0.68
4/1/2016,Q1_1617,Wandsworth,Fair treatment,0.7
7/1/2016,Q2_1617,Wandsworth,Fair treatment,0.71
10/1/2016,Q3_1617,Wandsworth,Fair treatment,0.76
1/1/2017,Q4_1617,Wandsworth,Fair treatment,0.78
4/1/2017,Q1_1718,Wandsworth,Fair treatment,0.79
7/1/2017,Q2_1718,Wandsworth,Fair treatment,0.82
10/1/2017,Q3_1718,Wandsworth,Fair treatment,0.82
1/1/2018,Q4_1718,Wandsworth,Fair treatment,0.83
4/1/2018,Q1_1819,Wandsworth,Fair treatment,0.83
7/1/2018,Q2_1819,Wandsworth,Fair treatment,0.79
10/1/2018,Q3_1819,Wandsworth,Fair treatment,0.79
1/1/2019,Q4_1819,Wandsworth,Fair treatment,0.8
4/1/2019,Q1_1920,Wandsworth,Fair treatment,0.82
7/1/2019,Q2_1920,Wandsworth,Fair treatment,0.82
10/1/2019,Q3_1920,Wandsworth,Fair treatment,0.83
1/1/2020,Q4_1920,Wandsworth,Fair treatment,0.82
4/1/2020,Q1_2021,Wandsworth,Fair treatment,0.8
7/1/2020,Q2_2021,Wandsworth,Fair treatment,0.77
10/1/2020,Q3_2021,Wandsworth,Fair treatment,0.7
1/1/2021,Q4_2021,Wandsworth,Fair treatment,0.66
4/1/2021,Q1_2122,Wandsworth,Fair treatment,0.63
7/1/2021,Q2_2122,Wandsworth,Fair treatment,0.57
10/1/2021,Q3_2122,Wandsworth,Fair treatment,0.6
1/1/2022,Q4_2122,Wandsworth,Fair treatment,0.55
4/1/2022,Q1_2223,Wandsworth,Fair treatment,0.51
7/1/2022,Q2_2223,Wandsworth,Fair treatment,0.55
10/1/2022,Q3_2223,Wandsworth,Fair treatment,0.55
1/1/2023,Q4_2223,Wandsworth,Fair treatment,0.59
4/1/2023,Q1_2324,Wandsworth,Fair treatment,0.59
7/1/2023,Q2_2324,Wandsworth,Fair treatment,0.58
10/1/2023,Q3_2324,Wandsworth,Fair treatment,0.57
1/1/2024,Q4_2324,Wandsworth,Fair treatment,0.59
4/1/2024,Q1_2425,Wandsworth,Fair treatment,0.62
7/1/2024,Q2_2425,Wandsworth,Fair treatment,0.63
10/1/2024,Q3_2425,Wandsworth,Fair treatment,0.64
1/1/2025,Q4_2425,Wandsworth,Fair treatment,0.64
4/1/2025,Q1_2526,Wandsworth,Fair treatment,0.62
7/1/2025,Q2_2526,Wandsworth,Fair treatment,0.62
10/1/2025,Q3_2526,Wandsworth,Fair treatment,0.62
1/1/2026,Q4_2526,Wandsworth,Fair treatment,0.59
10/1/2014,Q3_1415,Westminster,Good job,0.73
1/1/2015,Q4_1415,Westminster,Good job,0.75
4/1/2015,Q1_1516,Westminster,Good job,0.74
7/1/2015,Q2_1516,Westminster,Good job,0.79
10/1/2015,Q3_1516,Westminster,Good job,0.8
1/1/2016,Q4_1516,Westminster,Good job,0.82
4/1/2016,Q1_1617,Westminster,Good job,0.79
7/1/2016,Q2_1617,Westminster,Good job,0.79
10/1/2016,Q3_1617,Westminster,Good job,0.78
1/1/2017,Q4_1617,Westminster,Good job,0.79
4/1/2017,Q1_1718,Westminster,Good job,0.83
7/1/2017,Q2_1718,Westminster,Good job,0.8
10/1/2017,Q3_1718,Westminster,Good job,0.75
1/1/2018,Q4_1718,Westminster,Good job,0.74
4/1/2018,Q1_1819,Westminster,Good job,0.72
7/1/2018,Q2_1819,Westminster,Good job,0.7
10/1/2018,Q3_1819,Westminster,Good job,0.73
1/1/2019,Q4_1819,Westminster,Good job,0.71
4/1/2019,Q1_1920,Westminster,Good job,0.7
7/1/2019,Q2_1920,Westminster,Good job,0.73
10/1/2019,Q3_1920,Westminster,Good job,0.75
1/1/2020,Q4_1920,Westminster,Good job,0.74
4/1/2020,Q1_2021,Westminster,Good job,0.69
7/1/2020,Q2_2021,Westminster,Good job,0.62
10/1/2020,Q3_2021,Westminster,Good job,0.58
1/1/2021,Q4_2021,Westminster,Good job,0.53
4/1/2021,Q1_2122,Westminster,Good job,0.52
7/1/2021,Q2_2122,Westminster,Good job,0.52
10/1/2021,Q3_2122,Westminster,Good job,0.48
1/1/2022,Q4_2122,Westminster,Good job,0.51
4/1/2022,Q1_2223,Westminster,Good job,0.51
7/1/2022,Q2_2223,Westminster,Good job,0.53
10/1/2022,Q3_2223,Westminster,Good job,0.56
1/1/2023,Q4_2223,Westminster,Good job,0.56
4/1/2023,Q1_2324,Westminster,Good job,0.59
7/1/2023,Q2_2324,Westminster,Good job,0.61
10/1/2023,Q3_2324,Westminster,Good job,0.6
1/1/2024,Q4_2324,Westminster,Good job,0.6
4/1/2024,Q1_2425,Westminster,Good job,0.59
7/1/2024,Q2_2425,Westminster,Good job,0.56
10/1/2024,Q3_2425,Westminster,Good job,0.54
1/1/2025,Q4_2425,Westminster,Good job,0.48
4/1/2025,Q1_2526,Westminster,Good job,0.46
7/1/2025,Q2_2526,Westminster,Good job,0.47
10/1/2025,Q3_2526,Westminster,Good job,0.45
1/1/2026,Q4_2526,Westminster,Good job,0.42
1/1/2016,Q4_1516,Westminster,Trust MPS,0.94
4/1/2016,Q1_1617,Westminster,Trust MPS,0.94
7/1/2016,Q2_1617,Westminster,Trust MPS,0.93
10/1/2016,Q3_1617,Westminster,Trust MPS,0.93
1/1/2017,Q4_1617,Westminster,Trust MPS,0.91
4/1/2017,Q1_1718,Westminster,Trust MPS,0.91
7/1/2017,Q2_1718,Westminster,Trust MPS,0.92
10/1/2017,Q3_1718,Westminster,Trust MPS,0.9
1/1/2018,Q4_1718,Westminster,Trust MPS,0.92
4/1/2018,Q1_1819,Westminster,Trust MPS,0.92
7/1/2018,Q2_1819,Westminster,Trust MPS,0.91
10/1/2018,Q3_1819,Westminster,Trust MPS,0.91
1/1/2019,Q4_1819,Westminster,Trust MPS,0.89
4/1/2019,Q1_1920,Westminster,Trust MPS,0.86
7/1/2019,Q2_1920,Westminster,Trust MPS,0.87
10/1/2019,Q3_1920,Westminster,Trust MPS,0.88
1/1/2020,Q4_1920,Westminster,Trust MPS,0.88
4/1/2020,Q1_2021,Westminster,Trust MPS,0.89
7/1/2020,Q2_2021,Westminster,Trust MPS,0.86
10/1/2020,Q3_2021,Westminster,Trust MPS,0.84
1/1/2021,Q4_2021,Westminster,Trust MPS,0.85
4/1/2021,Q1_2122,Westminster,Trust MPS,0.84
7/1/2021,Q2_2122,Westminster,Trust MPS,0.83
10/1/2021,Q3_2122,Westminster,Trust MPS,0.83
1/1/2022,Q4_2122,Westminster,Trust MPS,0.8
4/1/2022,Q1_2223,Westminster,Trust MPS,0.77
7/1/2022,Q2_2223,Westminster,Trust MPS,0.77
10/1/2022,Q3_2223,Westminster,Trust MPS,0.74
1/1/2023,Q4_2223,Westminster,Trust MPS,0.75
4/1/2023,Q1_2324,Westminster,Trust MPS,0.74
7/1/2023,Q2_2324,Westminster,Trust MPS,0.77
10/1/2023,Q3_2324,Westminster,Trust MPS,0.78
1/1/2024,Q4_2324,Westminster,Trust MPS,0.79
4/1/2024,Q1_2425,Westminster,Trust MPS,0.82
7/1/2024,Q2_2425,Westminster,Trust MPS,0.81
10/1/2024,Q3_2425,Westminster,Trust MPS,0.82
1/1/2025,Q4_2425,Westminster,Trust MPS,0.8
4/1/2025,Q1_2526,Westminster,Trust MPS,0.78
7/1/2025,Q2_2526,Westminster,Trust MPS,0.79
10/1/2025,Q3_2526,Westminster,Trust MPS,0.76
1/1/2026,Q4_2526,Westminster,Trust MPS,0.7
10/1/2014,Q3_1415,Westminster,Fair treatment,0.77
1/1/2015,Q4_1415,Westminster,Fair treatment,0.74
4/1/2015,Q1_1516,Westminster,Fair treatment,0.76
7/1/2015,Q2_1516,Westminster,Fair treatment,0.79
10/1/2015,Q3_1516,Westminster,Fair treatment,0.77
1/1/2016,Q4_1516,Westminster,Fair treatment,0.8
4/1/2016,Q1_1617,Westminster,Fair treatment,0.8
7/1/2016,Q2_1617,Westminster,Fair treatment,0.82
10/1/2016,Q3_1617,Westminster,Fair treatment,0.84
1/1/2017,Q4_1617,Westminster,Fair treatment,0.81
4/1/2017,Q1_1718,Westminster,Fair treatment,0.85
7/1/2017,Q2_1718,Westminster,Fair treatment,0.86
10/1/2017,Q3_1718,Westminster,Fair treatment,0.84
1/1/2018,Q4_1718,Westminster,Fair treatment,0.84
4/1/2018,Q1_1819,Westminster,Fair treatment,0.84
7/1/2018,Q2_1819,Westminster,Fair treatment,0.82
10/1/2018,Q3_1819,Westminster,Fair treatment,0.82
1/1/2019,Q4_1819,Westminster,Fair treatment,0.87
4/1/2019,Q1_1920,Westminster,Fair treatment,0.87
7/1/2019,Q2_1920,Westminster,Fair treatment,0.88
10/1/2019,Q3_1920,Westminster,Fair treatment,0.87
1/1/2020,Q4_1920,Westminster,Fair treatment,0.78
4/1/2020,Q1_2021,Westminster,Fair treatment,0.75
7/1/2020,Q2_2021,Westminster,Fair treatment,0.72
10/1/2020,Q3_2021,Westminster,Fair treatment,0.71
1/1/2021,Q4_2021,Westminster,Fair treatment,0.74
4/1/2021,Q1_2122,Westminster,Fair treatment,0.72
7/1/2021,Q2_2122,Westminster,Fair treatment,0.69
10/1/2021,Q3_2122,Westminster,Fair treatment,0.66
1/1/2022,Q4_2122,Westminster,Fair treatment,0.58
4/1/2022,Q1_2223,Westminster,Fair treatment,0.58
7/1/2022,Q2_2223,Westminster,Fair treatment,0.58
10/1/2022,Q3_2223,Westminster,Fair treatment,0.58
1/1/2023,Q4_2223,Westminster,Fair treatment,0.67
4/1/2023,Q1_2324,Westminster,Fair treatment,0.67
7/1/2023,Q2_2324,Westminster,Fair treatment,0.7
10/1/2023,Q3_2324,Westminster,Fair treatment,0.71
1/1/2024,Q4_2324,Westminster,Fair treatment,0.7
4/1/2024,Q1_2425,Westminster,Fair treatment,0.71
7/1/2024,Q2_2425,Westminster,Fair treatment,0.67
10/1/2024,Q3_2425,Westminster,Fair treatment,0.68
1/1/2025,Q4_2425,Westminster,Fair treatment,0.65
4/1/2025,Q1_2526,Westminster,Fair treatment,0.63
7/1/2025,Q2_2526,Westminster,Fair treatment,0.67
10/1/2025,Q3_2526,Westminster,Fair treatment,0.65
1/1/2026,Q4_2526,Westminster,Fair treatment,0.6
