date,quarter,borough,metric,hybrid_sjsd
1/1/2026,Q4_2526,Barking and Dagenham,Fair treatment,0.034055639
1/1/2026,Q4_2526,Barnet,Fair treatment,0.034055639
1/1/2026,Q4_2526,Bexley,Fair treatment,0.034055639
1/1/2026,Q4_2526,Brent,Fair treatment,0.034055639
1/1/2026,Q4_2526,Bromley,Fair treatment,0.034055639
1/1/2026,Q4_2526,Camden,Fair treatment,-0.034055639
1/1/2026,Q4_2526,Croydon,Fair treatment,-0.034055639
1/1/2026,Q4_2526,Ealing,Fair treatment,0.034055639
1/1/2026,Q4_2526,Enfield,Fair treatment,0.034055639
1/1/2026,Q4_2526,Greenwich,Fair treatment,0.034055639
1/1/2026,Q4_2526,Hackney,Fair treatment,-0.034055639
1/1/2026,Q4_2526,Hammersmith and Fulham,Fair treatment,-0.034055639
1/1/2026,Q4_2526,Haringey,Fair treatment,-0.034055639
1/1/2026,Q4_2526,Harrow,Fair treatment,0.034055639
1/1/2026,Q4_2526,Havering,Fair treatment,0.034055639
1/1/2026,Q4_2526,Hillingdon,Fair treatment,-0.034055639
1/1/2026,Q4_2526,Hounslow,Fair treatment,0.034055639
1/1/2026,Q4_2526,Islington,Fair treatment,-0.034055639
1/1/2026,Q4_2526,Kensington and Chelsea,Fair treatment,-0.034055639
1/1/2026,Q4_2526,Kingston upon Thames,Fair treatment,0.034055639
1/1/2026,Q4_2526,Lambeth,Fair treatment,-0.034055639
1/1/2026,Q4_2526,Lewisham,Fair treatment,-0.034055639
1/1/2026,Q4_2526,Merton,Fair treatment,0.034055639
1/1/2026,Q4_2526,Newham,Fair treatment,-0.034055639
1/1/2026,Q4_2526,Redbridge,Fair treatment,0.034055639
1/1/2026,Q4_2526,Richmond upon Thames,Fair treatment,0.034055639
1/1/2026,Q4_2526,Southwark,Fair treatment,-0.034055639
1/1/2026,Q4_2526,Sutton,Fair treatment,0.034055639
1/1/2026,Q4_2526,Tower Hamlets,Fair treatment,0.034055639
1/1/2026,Q4_2526,Waltham Forest,Fair treatment,0.034055639
1/1/2026,Q4_2526,Wandsworth,Fair treatment,0.034055639
1/1/2026,Q4_2526,Westminster,Fair treatment,-0.034055639
1/1/2026,Q4_2526,Barking and Dagenham,Good job,0.035216332
1/1/2026,Q4_2526,Barnet,Good job,0.035216332
1/1/2026,Q4_2526,Bexley,Good job,0.035216332
1/1/2026,Q4_2526,Brent,Good job,0.035216332
1/1/2026,Q4_2526,Bromley,Good job,0.035216332
1/1/2026,Q4_2526,Camden,Good job,-0.035216332
1/1/2026,Q4_2526,Croydon,Good job,0.035216332
1/1/2026,Q4_2526,Ealing,Good job,0.035216332
1/1/2026,Q4_2526,Enfield,Good job,0.035216332
1/1/2026,Q4_2526,Greenwich,Good job,0.035216332
1/1/2026,Q4_2526,Hackney,Good job,-0.035216332
1/1/2026,Q4_2526,Hammersmith and Fulham,Good job,-0.035216332
1/1/2026,Q4_2526,Haringey,Good job,0.035216332
1/1/2026,Q4_2526,Harrow,Good job,0.035216332
1/1/2026,Q4_2526,Havering,Good job,0.035216332
1/1/2026,Q4_2526,Hillingdon,Good job,-0.035216332
1/1/2026,Q4_2526,Hounslow,Good job,-0.035216332
1/1/2026,Q4_2526,Islington,Good job,-0.035216332
1/1/2026,Q4_2526,Kensington and Chelsea,Good job,-0.035216332
1/1/2026,Q4_2526,Kingston upon Thames,Good job,0.035216332
1/1/2026,Q4_2526,Lambeth,Good job,-0.035216332
1/1/2026,Q4_2526,Lewisham,Good job,0.035216332
1/1/2026,Q4_2526,Merton,Good job,0.035216332
1/1/2026,Q4_2526,Newham,Good job,-0.035216332
1/1/2026,Q4_2526,Redbridge,Good job,0.035216332
1/1/2026,Q4_2526,Richmond upon Thames,Good job,0.035216332
1/1/2026,Q4_2526,Southwark,Good job,-0.035216332
1/1/2026,Q4_2526,Sutton,Good job,0.035216332
1/1/2026,Q4_2526,Tower Hamlets,Good job,-0.035216332
1/1/2026,Q4_2526,Waltham Forest,Good job,0.035216332
1/1/2026,Q4_2526,Wandsworth,Good job,0.035216332
1/1/2026,Q4_2526,Westminster,Good job,-0.035216332
1/1/2026,Q4_2526,Barking and Dagenham,Trust MPS,0.03037627
1/1/2026,Q4_2526,Barnet,Trust MPS,0.03037627
1/1/2026,Q4_2526,Bexley,Trust MPS,0.03037627
1/1/2026,Q4_2526,Bexley,Trust MPS,0.03037627
1/1/2026,Q4_2526,Brent,Trust MPS,0.03037627
1/1/2026,Q4_2526,Bromley,Trust MPS,0.03037627
1/1/2026,Q4_2526,Camden,Trust MPS,-0.03037627
1/1/2026,Q4_2526,Croydon,Trust MPS,0.03037627
1/1/2026,Q4_2526,Ealing,Trust MPS,0.03037627
1/1/2026,Q4_2526,Enfield,Trust MPS,0.03037627
1/1/2026,Q4_2526,Greenwich,Trust MPS,-0.03037627
1/1/2026,Q4_2526,Hackney,Trust MPS,-0.03037627
1/1/2026,Q4_2526,Hammersmith and Fulham,Trust MPS,-0.03037627
1/1/2026,Q4_2526,Haringey,Trust MPS,0.03037627
1/1/2026,Q4_2526,Harrow,Trust MPS,0.03037627
1/1/2026,Q4_2526,Havering,Trust MPS,0.03037627
1/1/2026,Q4_2526,Hillingdon,Trust MPS,-0.03037627
1/1/2026,Q4_2526,Hounslow,Trust MPS,0.03037627
1/1/2026,Q4_2526,Islington,Trust MPS,-0.03037627
1/1/2026,Q4_2526,Kensington and Chelsea,Trust MPS,-0.03037627
1/1/2026,Q4_2526,Kingston upon Thames,Trust MPS,0.03037627
1/1/2026,Q4_2526,Lambeth,Trust MPS,-0.03037627
1/1/2026,Q4_2526,Lewisham,Trust MPS,-0.03037627
1/1/2026,Q4_2526,Merton,Trust MPS,0.03037627
1/1/2026,Q4_2526,Newham,Trust MPS,-0.03037627
1/1/2026,Q4_2526,Redbridge,Trust MPS,0.03037627
1/1/2026,Q4_2526,Richmond upon Thames,Trust MPS,0.03037627
1/1/2026,Q4_2526,Southwark,Trust MPS,-0.03037627
1/1/2026,Q4_2526,Sutton,Trust MPS,0.03037627
1/1/2026,Q4_2526,Tower Hamlets,Trust MPS,-0.03037627
1/1/2026,Q4_2526,Waltham Forest,Trust MPS,0.03037627
1/1/2026,Q4_2526,Wandsworth,Trust MPS,0.03037627
1/1/2026,Q4_2526,Westminster,Trust MPS,-0.03037627
10/1/2025,Q3_2526,Barking and Dagenham,Fair treatment,0.037988386
10/1/2025,Q3_2526,Barnet,Fair treatment,0.037988386
10/1/2025,Q3_2526,Bexley,Fair treatment,0.037988386
10/1/2025,Q3_2526,Brent,Fair treatment,0.037988386
10/1/2025,Q3_2526,Bromley,Fair treatment,0.037988386
10/1/2025,Q3_2526,Camden,Fair treatment,-0.037988386
10/1/2025,Q3_2526,Croydon,Fair treatment,0.037988386
10/1/2025,Q3_2526,Ealing,Fair treatment,0.037988386
10/1/2025,Q3_2526,Enfield,Fair treatment,0.037988386
10/1/2025,Q3_2526,Greenwich,Fair treatment,0.037988386
10/1/2025,Q3_2526,Hackney,Fair treatment,-0.037988386
10/1/2025,Q3_2526,Hammersmith and Fulham,Fair treatment,-0.037988386
10/1/2025,Q3_2526,Haringey,Fair treatment,-0.037988386
10/1/2025,Q3_2526,Harrow,Fair treatment,0.037988386
10/1/2025,Q3_2526,Havering,Fair treatment,0.037988386
10/1/2025,Q3_2526,Hillingdon,Fair treatment,0.037988386
10/1/2025,Q3_2526,Hounslow,Fair treatment,0.037988386
10/1/2025,Q3_2526,Islington,Fair treatment,-0.037988386
10/1/2025,Q3_2526,Kensington and Chelsea,Fair treatment,-0.037988386
10/1/2025,Q3_2526,Kingston upon Thames,Fair treatment,0.037988386
10/1/2025,Q3_2526,Lambeth,Fair treatment,-0.037988386
10/1/2025,Q3_2526,Lewisham,Fair treatment,-0.037988386
10/1/2025,Q3_2526,Merton,Fair treatment,0.037988386
10/1/2025,Q3_2526,Newham,Fair treatment,-0.037988386
10/1/2025,Q3_2526,Redbridge,Fair treatment,0.037988386
10/1/2025,Q3_2526,Richmond upon Thames,Fair treatment,0.037988386
10/1/2025,Q3_2526,Southwark,Fair treatment,-0.037988386
10/1/2025,Q3_2526,Sutton,Fair treatment,0.037988386
10/1/2025,Q3_2526,Tower Hamlets,Fair treatment,-0.037988386
10/1/2025,Q3_2526,Waltham Forest,Fair treatment,0.037988386
10/1/2025,Q3_2526,Wandsworth,Fair treatment,0.037988386
10/1/2025,Q3_2526,Westminster,Fair treatment,-0.037988386
10/1/2025,Q3_2526,Barking and Dagenham,Trust MPS,0.035333554
10/1/2025,Q3_2526,Barnet,Trust MPS,0.035333554
10/1/2025,Q3_2526,Bexley,Trust MPS,0.035333554
10/1/2025,Q3_2526,Bexley,Trust MPS,0.035333554
10/1/2025,Q3_2526,Brent,Trust MPS,0.035333554
10/1/2025,Q3_2526,Bromley,Trust MPS,0.035333554
10/1/2025,Q3_2526,Camden,Trust MPS,-0.035333554
10/1/2025,Q3_2526,Croydon,Trust MPS,0.035333554
10/1/2025,Q3_2526,Ealing,Trust MPS,0.035333554
10/1/2025,Q3_2526,Enfield,Trust MPS,0.035333554
10/1/2025,Q3_2526,Greenwich,Trust MPS,0.035333554
10/1/2025,Q3_2526,Hackney,Trust MPS,-0.035333554
10/1/2025,Q3_2526,Hammersmith and Fulham,Trust MPS,-0.035333554
10/1/2025,Q3_2526,Haringey,Trust MPS,-0.035333554
10/1/2025,Q3_2526,Harrow,Trust MPS,0.035333554
10/1/2025,Q3_2526,Havering,Trust MPS,0.035333554
10/1/2025,Q3_2526,Hillingdon,Trust MPS,-0.035333554
10/1/2025,Q3_2526,Hounslow,Trust MPS,0.035333554
10/1/2025,Q3_2526,Islington,Trust MPS,-0.035333554
10/1/2025,Q3_2526,Kensington and Chelsea,Trust MPS,-0.035333554
10/1/2025,Q3_2526,Kingston upon Thames,Trust MPS,0.035333554
10/1/2025,Q3_2526,Lambeth,Trust MPS,-0.035333554
10/1/2025,Q3_2526,Lewisham,Trust MPS,-0.035333554
10/1/2025,Q3_2526,Merton,Trust MPS,0.035333554
10/1/2025,Q3_2526,Newham,Trust MPS,-0.035333554
10/1/2025,Q3_2526,Redbridge,Trust MPS,0.035333554
10/1/2025,Q3_2526,Richmond upon Thames,Trust MPS,0.035333554
10/1/2025,Q3_2526,Southwark,Trust MPS,-0.035333554
10/1/2025,Q3_2526,Sutton,Trust MPS,0.035333554
10/1/2025,Q3_2526,Tower Hamlets,Trust MPS,-0.035333554
10/1/2025,Q3_2526,Waltham Forest,Trust MPS,0.035333554
10/1/2025,Q3_2526,Wandsworth,Trust MPS,0.035333554
10/1/2025,Q3_2526,Westminster,Trust MPS,-0.035333554
10/1/2025,Q3_2526,Barking and Dagenham,Good job,0.039496319
10/1/2025,Q3_2526,Barnet,Good job,0.039496319
10/1/2025,Q3_2526,Bexley,Good job,0.039496319
10/1/2025,Q3_2526,Brent,Good job,0.039496319
10/1/2025,Q3_2526,Bromley,Good job,0.039496319
10/1/2025,Q3_2526,Camden,Good job,-0.039496319
10/1/2025,Q3_2526,Croydon,Good job,0.039496319
10/1/2025,Q3_2526,Ealing,Good job,0.039496319
10/1/2025,Q3_2526,Enfield,Good job,0.039496319
10/1/2025,Q3_2526,Greenwich,Good job,0.039496319
10/1/2025,Q3_2526,Hackney,Good job,-0.039496319
10/1/2025,Q3_2526,Hammersmith and Fulham,Good job,-0.039496319
10/1/2025,Q3_2526,Haringey,Good job,-0.039496319
10/1/2025,Q3_2526,Harrow,Good job,0.039496319
10/1/2025,Q3_2526,Havering,Good job,0.039496319
10/1/2025,Q3_2526,Hillingdon,Good job,-0.039496319
10/1/2025,Q3_2526,Hounslow,Good job,-0.039496319
10/1/2025,Q3_2526,Islington,Good job,-0.039496319
10/1/2025,Q3_2526,Kensington and Chelsea,Good job,-0.039496319
10/1/2025,Q3_2526,Kingston upon Thames,Good job,0.039496319
10/1/2025,Q3_2526,Lambeth,Good job,-0.039496319
10/1/2025,Q3_2526,Lewisham,Good job,0.039496319
10/1/2025,Q3_2526,Merton,Good job,0.039496319
10/1/2025,Q3_2526,Newham,Good job,-0.039496319
10/1/2025,Q3_2526,Redbridge,Good job,0.039496319
10/1/2025,Q3_2526,Richmond upon Thames,Good job,0.039496319
10/1/2025,Q3_2526,Southwark,Good job,-0.039496319
10/1/2025,Q3_2526,Sutton,Good job,0.039496319
10/1/2025,Q3_2526,Tower Hamlets,Good job,-0.039496319
10/1/2025,Q3_2526,Waltham Forest,Good job,0.039496319
10/1/2025,Q3_2526,Wandsworth,Good job,0.039496319
10/1/2025,Q3_2526,Westminster,Good job,-0.039496319
7/1/2025,Q2_2526,Barking and Dagenham,Fair treatment,0.035015511
7/1/2025,Q2_2526,Barnet,Fair treatment,0.035015511
7/1/2025,Q2_2526,Bexley,Fair treatment,0.035015511
7/1/2025,Q2_2526,Brent,Fair treatment,0.035015511
7/1/2025,Q2_2526,Bromley,Fair treatment,0.035015511
7/1/2025,Q2_2526,Camden,Fair treatment,-0.035015511
7/1/2025,Q2_2526,Croydon,Fair treatment,0.035015511
7/1/2025,Q2_2526,Ealing,Fair treatment,0.035015511
7/1/2025,Q2_2526,Enfield,Fair treatment,0.035015511
7/1/2025,Q2_2526,Greenwich,Fair treatment,0.035015511
7/1/2025,Q2_2526,Hackney,Fair treatment,-0.035015511
7/1/2025,Q2_2526,Hammersmith and Fulham,Fair treatment,-0.035015511
7/1/2025,Q2_2526,Haringey,Fair treatment,-0.035015511
7/1/2025,Q2_2526,Harrow,Fair treatment,0.035015511
7/1/2025,Q2_2526,Havering,Fair treatment,0.035015511
7/1/2025,Q2_2526,Hillingdon,Fair treatment,0.035015511
7/1/2025,Q2_2526,Hounslow,Fair treatment,0.035015511
7/1/2025,Q2_2526,Islington,Fair treatment,-0.035015511
7/1/2025,Q2_2526,Kensington and Chelsea,Fair treatment,-0.035015511
7/1/2025,Q2_2526,Kingston upon Thames,Fair treatment,0.035015511
7/1/2025,Q2_2526,Lambeth,Fair treatment,-0.035015511
7/1/2025,Q2_2526,Lewisham,Fair treatment,-0.035015511
7/1/2025,Q2_2526,Merton,Fair treatment,0.035015511
7/1/2025,Q2_2526,Newham,Fair treatment,0.035015511
7/1/2025,Q2_2526,Redbridge,Fair treatment,0.035015511
7/1/2025,Q2_2526,Richmond upon Thames,Fair treatment,0.035015511
7/1/2025,Q2_2526,Southwark,Fair treatment,-0.035015511
7/1/2025,Q2_2526,Sutton,Fair treatment,0.035015511
7/1/2025,Q2_2526,Tower Hamlets,Fair treatment,-0.035015511
7/1/2025,Q2_2526,Waltham Forest,Fair treatment,0.035015511
7/1/2025,Q2_2526,Wandsworth,Fair treatment,0.035015511
7/1/2025,Q2_2526,Westminster,Fair treatment,-0.035015511
7/1/2025,Q2_2526,Barking and Dagenham,Trust MPS,0.03268378
7/1/2025,Q2_2526,Barnet,Trust MPS,0.03268378
7/1/2025,Q2_2526,Bexley,Trust MPS,0.03268378
7/1/2025,Q2_2526,Bexley,Trust MPS,0.03268378
7/1/2025,Q2_2526,Brent,Trust MPS,0.03268378
7/1/2025,Q2_2526,Bromley,Trust MPS,0.03268378
7/1/2025,Q2_2526,Camden,Trust MPS,-0.03268378
7/1/2025,Q2_2526,Croydon,Trust MPS,0.03268378
7/1/2025,Q2_2526,Ealing,Trust MPS,0.03268378
7/1/2025,Q2_2526,Enfield,Trust MPS,0.03268378
7/1/2025,Q2_2526,Greenwich,Trust MPS,0.03268378
7/1/2025,Q2_2526,Hackney,Trust MPS,-0.03268378
7/1/2025,Q2_2526,Hammersmith and Fulham,Trust MPS,-0.03268378
7/1/2025,Q2_2526,Haringey,Trust MPS,-0.03268378
7/1/2025,Q2_2526,Harrow,Trust MPS,0.03268378
7/1/2025,Q2_2526,Havering,Trust MPS,0.03268378
7/1/2025,Q2_2526,Hillingdon,Trust MPS,0.03268378
7/1/2025,Q2_2526,Hounslow,Trust MPS,0.03268378
7/1/2025,Q2_2526,Islington,Trust MPS,-0.03268378
7/1/2025,Q2_2526,Kensington and Chelsea,Trust MPS,-0.03268378
7/1/2025,Q2_2526,Kingston upon Thames,Trust MPS,0.03268378
7/1/2025,Q2_2526,Lambeth,Trust MPS,-0.03268378
7/1/2025,Q2_2526,Lewisham,Trust MPS,-0.03268378
7/1/2025,Q2_2526,Merton,Trust MPS,0.03268378
7/1/2025,Q2_2526,Newham,Trust MPS,-0.03268378
7/1/2025,Q2_2526,Redbridge,Trust MPS,0.03268378
7/1/2025,Q2_2526,Richmond upon Thames,Trust MPS,0.03268378
7/1/2025,Q2_2526,Southwark,Trust MPS,-0.03268378
7/1/2025,Q2_2526,Sutton,Trust MPS,0.03268378
7/1/2025,Q2_2526,Tower Hamlets,Trust MPS,-0.03268378
7/1/2025,Q2_2526,Waltham Forest,Trust MPS,0.03268378
7/1/2025,Q2_2526,Wandsworth,Trust MPS,0.03268378
7/1/2025,Q2_2526,Westminster,Trust MPS,-0.03268378
7/1/2025,Q2_2526,Barking and Dagenham,Good job,0.03559943
7/1/2025,Q2_2526,Barnet,Good job,0.03559943
7/1/2025,Q2_2526,Bexley,Good job,0.03559943
7/1/2025,Q2_2526,Brent,Good job,-0.03559943
7/1/2025,Q2_2526,Bromley,Good job,0.03559943
7/1/2025,Q2_2526,Camden,Good job,-0.03559943
7/1/2025,Q2_2526,Croydon,Good job,0.03559943
7/1/2025,Q2_2526,Ealing,Good job,0.03559943
7/1/2025,Q2_2526,Enfield,Good job,0.03559943
7/1/2025,Q2_2526,Greenwich,Good job,0.03559943
7/1/2025,Q2_2526,Hackney,Good job,-0.03559943
7/1/2025,Q2_2526,Hammersmith and Fulham,Good job,-0.03559943
7/1/2025,Q2_2526,Haringey,Good job,-0.03559943
7/1/2025,Q2_2526,Harrow,Good job,0.03559943
7/1/2025,Q2_2526,Havering,Good job,0.03559943
7/1/2025,Q2_2526,Hillingdon,Good job,0.03559943
7/1/2025,Q2_2526,Hounslow,Good job,0.03559943
7/1/2025,Q2_2526,Islington,Good job,-0.03559943
7/1/2025,Q2_2526,Kensington and Chelsea,Good job,-0.03559943
7/1/2025,Q2_2526,Kingston upon Thames,Good job,0.03559943
7/1/2025,Q2_2526,Lambeth,Good job,-0.03559943
7/1/2025,Q2_2526,Lewisham,Good job,0.03559943
7/1/2025,Q2_2526,Merton,Good job,0.03559943
7/1/2025,Q2_2526,Newham,Good job,-0.03559943
7/1/2025,Q2_2526,Redbridge,Good job,0.03559943
7/1/2025,Q2_2526,Richmond upon Thames,Good job,0.03559943
7/1/2025,Q2_2526,Southwark,Good job,-0.03559943
7/1/2025,Q2_2526,Sutton,Good job,0.03559943
7/1/2025,Q2_2526,Tower Hamlets,Good job,-0.03559943
7/1/2025,Q2_2526,Waltham Forest,Good job,0.03559943
7/1/2025,Q2_2526,Wandsworth,Good job,0.03559943
7/1/2025,Q2_2526,Westminster,Good job,-0.03559943
4/1/2025,Q1_2526,Barking and Dagenham,Fair treatment,0.0348476
4/1/2025,Q1_2526,Barnet,Fair treatment,0.0348476
4/1/2025,Q1_2526,Bexley,Fair treatment,0.0348476
4/1/2025,Q1_2526,Brent,Fair treatment,0.0348476
4/1/2025,Q1_2526,Bromley,Fair treatment,0.0348476
4/1/2025,Q1_2526,Camden,Fair treatment,-0.0348476
4/1/2025,Q1_2526,Croydon,Fair treatment,0.0348476
4/1/2025,Q1_2526,Ealing,Fair treatment,0.0348476
4/1/2025,Q1_2526,Enfield,Fair treatment,0.0348476
4/1/2025,Q1_2526,Greenwich,Fair treatment,0.0348476
4/1/2025,Q1_2526,Hackney,Fair treatment,-0.0348476
4/1/2025,Q1_2526,Hammersmith and Fulham,Fair treatment,-0.0348476
4/1/2025,Q1_2526,Haringey,Fair treatment,-0.0348476
4/1/2025,Q1_2526,Harrow,Fair treatment,0.0348476
4/1/2025,Q1_2526,Havering,Fair treatment,0.0348476
4/1/2025,Q1_2526,Hillingdon,Fair treatment,0.0348476
4/1/2025,Q1_2526,Hounslow,Fair treatment,0.0348476
4/1/2025,Q1_2526,Islington,Fair treatment,-0.0348476
4/1/2025,Q1_2526,Kensington and Chelsea,Fair treatment,-0.0348476
4/1/2025,Q1_2526,Kingston upon Thames,Fair treatment,0.0348476
4/1/2025,Q1_2526,Lambeth,Fair treatment,-0.0348476
4/1/2025,Q1_2526,Lewisham,Fair treatment,-0.0348476
4/1/2025,Q1_2526,Merton,Fair treatment,0.0348476
4/1/2025,Q1_2526,Newham,Fair treatment,0.0348476
4/1/2025,Q1_2526,Redbridge,Fair treatment,0.0348476
4/1/2025,Q1_2526,Richmond upon Thames,Fair treatment,0.0348476
4/1/2025,Q1_2526,Southwark,Fair treatment,-0.0348476
4/1/2025,Q1_2526,Sutton,Fair treatment,0.0348476
4/1/2025,Q1_2526,Tower Hamlets,Fair treatment,-0.0348476
4/1/2025,Q1_2526,Waltham Forest,Fair treatment,0.0348476
4/1/2025,Q1_2526,Wandsworth,Fair treatment,0.0348476
4/1/2025,Q1_2526,Westminster,Fair treatment,-0.0348476
4/1/2025,Q1_2526,Barking and Dagenham,Trust MPS,0.031775083
4/1/2025,Q1_2526,Barnet,Trust MPS,0.031775083
4/1/2025,Q1_2526,Bexley,Trust MPS,0.031775083
4/1/2025,Q1_2526,Bexley,Trust MPS,0.031775083
4/1/2025,Q1_2526,Brent,Trust MPS,0.031775083
4/1/2025,Q1_2526,Bromley,Trust MPS,0.031775083
4/1/2025,Q1_2526,Camden,Trust MPS,-0.031775083
4/1/2025,Q1_2526,Croydon,Trust MPS,0.031775083
4/1/2025,Q1_2526,Ealing,Trust MPS,0.031775083
4/1/2025,Q1_2526,Enfield,Trust MPS,0.031775083
4/1/2025,Q1_2526,Greenwich,Trust MPS,0.031775083
4/1/2025,Q1_2526,Hackney,Trust MPS,-0.031775083
4/1/2025,Q1_2526,Hammersmith and Fulham,Trust MPS,-0.031775083
4/1/2025,Q1_2526,Haringey,Trust MPS,-0.031775083
4/1/2025,Q1_2526,Harrow,Trust MPS,0.031775083
4/1/2025,Q1_2526,Havering,Trust MPS,0.031775083
4/1/2025,Q1_2526,Hillingdon,Trust MPS,0.031775083
4/1/2025,Q1_2526,Hounslow,Trust MPS,0.031775083
4/1/2025,Q1_2526,Islington,Trust MPS,-0.031775083
4/1/2025,Q1_2526,Kensington and Chelsea,Trust MPS,-0.031775083
4/1/2025,Q1_2526,Kingston upon Thames,Trust MPS,0.031775083
4/1/2025,Q1_2526,Lambeth,Trust MPS,-0.031775083
4/1/2025,Q1_2526,Lewisham,Trust MPS,-0.031775083
4/1/2025,Q1_2526,Merton,Trust MPS,0.031775083
4/1/2025,Q1_2526,Newham,Trust MPS,-0.031775083
4/1/2025,Q1_2526,Redbridge,Trust MPS,0.031775083
4/1/2025,Q1_2526,Richmond upon Thames,Trust MPS,0.031775083
4/1/2025,Q1_2526,Southwark,Trust MPS,-0.031775083
4/1/2025,Q1_2526,Sutton,Trust MPS,0.031775083
4/1/2025,Q1_2526,Tower Hamlets,Trust MPS,-0.031775083
4/1/2025,Q1_2526,Waltham Forest,Trust MPS,0.031775083
4/1/2025,Q1_2526,Wandsworth,Trust MPS,0.031775083
4/1/2025,Q1_2526,Westminster,Trust MPS,-0.031775083
4/1/2025,Q1_2526,Barking and Dagenham,Good job,-0.035254983
4/1/2025,Q1_2526,Barnet,Good job,0.035254983
4/1/2025,Q1_2526,Bexley,Good job,0.035254983
4/1/2025,Q1_2526,Brent,Good job,-0.035254983
4/1/2025,Q1_2526,Bromley,Good job,0.035254983
4/1/2025,Q1_2526,Camden,Good job,-0.035254983
4/1/2025,Q1_2526,Croydon,Good job,0.035254983
4/1/2025,Q1_2526,Ealing,Good job,0.035254983
4/1/2025,Q1_2526,Enfield,Good job,0.035254983
4/1/2025,Q1_2526,Greenwich,Good job,0.035254983
4/1/2025,Q1_2526,Hackney,Good job,-0.035254983
4/1/2025,Q1_2526,Hammersmith and Fulham,Good job,-0.035254983
4/1/2025,Q1_2526,Haringey,Good job,-0.035254983
4/1/2025,Q1_2526,Harrow,Good job,0.035254983
4/1/2025,Q1_2526,Havering,Good job,0.035254983
4/1/2025,Q1_2526,Hillingdon,Good job,0.035254983
4/1/2025,Q1_2526,Hounslow,Good job,0.035254983
4/1/2025,Q1_2526,Islington,Good job,-0.035254983
4/1/2025,Q1_2526,Kensington and Chelsea,Good job,-0.035254983
4/1/2025,Q1_2526,Kingston upon Thames,Good job,0.035254983
4/1/2025,Q1_2526,Lambeth,Good job,-0.035254983
4/1/2025,Q1_2526,Lewisham,Good job,-0.035254983
4/1/2025,Q1_2526,Merton,Good job,0.035254983
4/1/2025,Q1_2526,Newham,Good job,-0.035254983
4/1/2025,Q1_2526,Redbridge,Good job,0.035254983
4/1/2025,Q1_2526,Richmond upon Thames,Good job,0.035254983
4/1/2025,Q1_2526,Southwark,Good job,-0.035254983
4/1/2025,Q1_2526,Sutton,Good job,0.035254983
4/1/2025,Q1_2526,Tower Hamlets,Good job,-0.035254983
4/1/2025,Q1_2526,Waltham Forest,Good job,0.035254983
4/1/2025,Q1_2526,Wandsworth,Good job,0.035254983
4/1/2025,Q1_2526,Westminster,Good job,-0.035254983
1/1/2025,Q4_2425,Barking and Dagenham,Good job,-0.0380337
1/1/2025,Q4_2425,Barnet,Good job,0.0380337
1/1/2025,Q4_2425,Bexley,Good job,0.0380337
1/1/2025,Q4_2425,Brent,Good job,0.0380337
1/1/2025,Q4_2425,Bromley,Good job,0.0380337
1/1/2025,Q4_2425,Camden,Good job,-0.0380337
1/1/2025,Q4_2425,Croydon,Good job,0.0380337
1/1/2025,Q4_2425,Ealing,Good job,-0.0380337
1/1/2025,Q4_2425,Enfield,Good job,0.0380337
1/1/2025,Q4_2425,Greenwich,Good job,0.0380337
1/1/2025,Q4_2425,Hackney,Good job,-0.0380337
1/1/2025,Q4_2425,Hammersmith and Fulham,Good job,-0.0380337
1/1/2025,Q4_2425,Haringey,Good job,-0.0380337
1/1/2025,Q4_2425,Harrow,Good job,0.0380337
1/1/2025,Q4_2425,Havering,Good job,0.0380337
1/1/2025,Q4_2425,Hillingdon,Good job,0.0380337
1/1/2025,Q4_2425,Hounslow,Good job,0.0380337
1/1/2025,Q4_2425,Islington,Good job,-0.0380337
1/1/2025,Q4_2425,Kensington and Chelsea,Good job,-0.0380337
1/1/2025,Q4_2425,Kingston upon Thames,Good job,0.0380337
1/1/2025,Q4_2425,Lambeth,Good job,-0.0380337
1/1/2025,Q4_2425,Lewisham,Good job,-0.0380337
1/1/2025,Q4_2425,Merton,Good job,0.0380337
1/1/2025,Q4_2425,Newham,Good job,-0.0380337
1/1/2025,Q4_2425,Redbridge,Good job,0.0380337
1/1/2025,Q4_2425,Richmond upon Thames,Good job,0.0380337
1/1/2025,Q4_2425,Southwark,Good job,-0.0380337
1/1/2025,Q4_2425,Sutton,Good job,0.0380337
1/1/2025,Q4_2425,Tower Hamlets,Good job,-0.0380337
1/1/2025,Q4_2425,Waltham Forest,Good job,0.0380337
1/1/2025,Q4_2425,Wandsworth,Good job,0.0380337
1/1/2025,Q4_2425,Westminster,Good job,-0.0380337
1/1/2025,Q4_2425,Barking and Dagenham,Fair treatment,0.037447921
1/1/2025,Q4_2425,Barnet,Fair treatment,0.037447921
1/1/2025,Q4_2425,Bexley,Fair treatment,0.037447921
1/1/2025,Q4_2425,Brent,Fair treatment,0.037447921
1/1/2025,Q4_2425,Bromley,Fair treatment,0.037447921
1/1/2025,Q4_2425,Camden,Fair treatment,-0.037447921
1/1/2025,Q4_2425,Croydon,Fair treatment,0.037447921
1/1/2025,Q4_2425,Ealing,Fair treatment,0.037447921
1/1/2025,Q4_2425,Enfield,Fair treatment,0.037447921
1/1/2025,Q4_2425,Greenwich,Fair treatment,0.037447921
1/1/2025,Q4_2425,Hackney,Fair treatment,-0.037447921
1/1/2025,Q4_2425,Hammersmith and Fulham,Fair treatment,-0.037447921
1/1/2025,Q4_2425,Haringey,Fair treatment,-0.037447921
1/1/2025,Q4_2425,Harrow,Fair treatment,0.037447921
1/1/2025,Q4_2425,Havering,Fair treatment,0.037447921
1/1/2025,Q4_2425,Hillingdon,Fair treatment,0.037447921
1/1/2025,Q4_2425,Hounslow,Fair treatment,0.037447921
1/1/2025,Q4_2425,Islington,Fair treatment,-0.037447921
1/1/2025,Q4_2425,Kensington and Chelsea,Fair treatment,-0.037447921
1/1/2025,Q4_2425,Kingston upon Thames,Fair treatment,0.037447921
1/1/2025,Q4_2425,Lambeth,Fair treatment,-0.037447921
1/1/2025,Q4_2425,Lewisham,Fair treatment,-0.037447921
1/1/2025,Q4_2425,Merton,Fair treatment,0.037447921
1/1/2025,Q4_2425,Newham,Fair treatment,0.037447921
1/1/2025,Q4_2425,Redbridge,Fair treatment,0.037447921
1/1/2025,Q4_2425,Richmond upon Thames,Fair treatment,0.037447921
1/1/2025,Q4_2425,Southwark,Fair treatment,-0.037447921
1/1/2025,Q4_2425,Sutton,Fair treatment,0.037447921
1/1/2025,Q4_2425,Tower Hamlets,Fair treatment,0.037447921
1/1/2025,Q4_2425,Waltham Forest,Fair treatment,0.037447921
1/1/2025,Q4_2425,Wandsworth,Fair treatment,0.037447921
1/1/2025,Q4_2425,Westminster,Fair treatment,-0.037447921
1/1/2025,Q4_2425,Barking and Dagenham,Trust MPS,0.034555519
1/1/2025,Q4_2425,Barnet,Trust MPS,0.034555519
1/1/2025,Q4_2425,Bexley,Trust MPS,0.034555519
1/1/2025,Q4_2425,Bexley,Trust MPS,0.034555519
1/1/2025,Q4_2425,Brent,Trust MPS,0.034555519
1/1/2025,Q4_2425,Bromley,Trust MPS,0.034555519
1/1/2025,Q4_2425,Camden,Trust MPS,-0.034555519
1/1/2025,Q4_2425,Croydon,Trust MPS,-0.034555519
1/1/2025,Q4_2425,Ealing,Trust MPS,0.034555519
1/1/2025,Q4_2425,Enfield,Trust MPS,0.034555519
1/1/2025,Q4_2425,Greenwich,Trust MPS,0.034555519
1/1/2025,Q4_2425,Hackney,Trust MPS,-0.034555519
1/1/2025,Q4_2425,Hammersmith and Fulham,Trust MPS,-0.034555519
1/1/2025,Q4_2425,Haringey,Trust MPS,-0.034555519
1/1/2025,Q4_2425,Harrow,Trust MPS,0.034555519
1/1/2025,Q4_2425,Havering,Trust MPS,0.034555519
1/1/2025,Q4_2425,Hillingdon,Trust MPS,0.034555519
1/1/2025,Q4_2425,Hounslow,Trust MPS,0.034555519
1/1/2025,Q4_2425,Islington,Trust MPS,-0.034555519
1/1/2025,Q4_2425,Kensington and Chelsea,Trust MPS,-0.034555519
1/1/2025,Q4_2425,Kingston upon Thames,Trust MPS,0.034555519
1/1/2025,Q4_2425,Lambeth,Trust MPS,-0.034555519
1/1/2025,Q4_2425,Lewisham,Trust MPS,-0.034555519
1/1/2025,Q4_2425,Merton,Trust MPS,0.034555519
1/1/2025,Q4_2425,Newham,Trust MPS,-0.034555519
1/1/2025,Q4_2425,Redbridge,Trust MPS,0.034555519
1/1/2025,Q4_2425,Richmond upon Thames,Trust MPS,0.034555519
1/1/2025,Q4_2425,Southwark,Trust MPS,-0.034555519
1/1/2025,Q4_2425,Sutton,Trust MPS,0.034555519
1/1/2025,Q4_2425,Tower Hamlets,Trust MPS,-0.034555519
1/1/2025,Q4_2425,Waltham Forest,Trust MPS,0.034555519
1/1/2025,Q4_2425,Wandsworth,Trust MPS,0.034555519
1/1/2025,Q4_2425,Westminster,Trust MPS,-0.034555519
10/1/2024,Q3_2425,Barking and Dagenham,Fair treatment,0.041759484
10/1/2024,Q3_2425,Barnet,Fair treatment,0.041759484
10/1/2024,Q3_2425,Bexley,Fair treatment,0.041759484
10/1/2024,Q3_2425,Brent,Fair treatment,0.041759484
10/1/2024,Q3_2425,Bromley,Fair treatment,0.041759484
10/1/2024,Q3_2425,Camden,Fair treatment,-0.041759484
10/1/2024,Q3_2425,Croydon,Fair treatment,0.041759484
10/1/2024,Q3_2425,Ealing,Fair treatment,0.041759484
10/1/2024,Q3_2425,Enfield,Fair treatment,0.041759484
10/1/2024,Q3_2425,Greenwich,Fair treatment,0.041759484
10/1/2024,Q3_2425,Hackney,Fair treatment,-0.041759484
10/1/2024,Q3_2425,Hammersmith and Fulham,Fair treatment,-0.041759484
10/1/2024,Q3_2425,Haringey,Fair treatment,-0.041759484
10/1/2024,Q3_2425,Harrow,Fair treatment,0.041759484
10/1/2024,Q3_2425,Havering,Fair treatment,0.041759484
10/1/2024,Q3_2425,Hillingdon,Fair treatment,0.041759484
10/1/2024,Q3_2425,Hounslow,Fair treatment,0.041759484
10/1/2024,Q3_2425,Islington,Fair treatment,-0.041759484
10/1/2024,Q3_2425,Kensington and Chelsea,Fair treatment,-0.041759484
10/1/2024,Q3_2425,Kingston upon Thames,Fair treatment,0.041759484
10/1/2024,Q3_2425,Lambeth,Fair treatment,-0.041759484
10/1/2024,Q3_2425,Lewisham,Fair treatment,-0.041759484
10/1/2024,Q3_2425,Merton,Fair treatment,0.041759484
10/1/2024,Q3_2425,Newham,Fair treatment,0.041759484
10/1/2024,Q3_2425,Redbridge,Fair treatment,0.041759484
10/1/2024,Q3_2425,Richmond upon Thames,Fair treatment,0.041759484
10/1/2024,Q3_2425,Southwark,Fair treatment,-0.041759484
10/1/2024,Q3_2425,Sutton,Fair treatment,0.041759484
10/1/2024,Q3_2425,Tower Hamlets,Fair treatment,0.041759484
10/1/2024,Q3_2425,Waltham Forest,Fair treatment,0.041759484
10/1/2024,Q3_2425,Wandsworth,Fair treatment,0.041759484
10/1/2024,Q3_2425,Westminster,Fair treatment,-0.041759484
10/1/2024,Q3_2425,Barking and Dagenham,Trust MPS,0.039465023
10/1/2024,Q3_2425,Barnet,Trust MPS,0.039465023
10/1/2024,Q3_2425,Bexley,Trust MPS,0.039465023
10/1/2024,Q3_2425,Bexley,Trust MPS,0.039465023
10/1/2024,Q3_2425,Brent,Trust MPS,0.039465023
10/1/2024,Q3_2425,Bromley,Trust MPS,0.039465023
10/1/2024,Q3_2425,Camden,Trust MPS,-0.039465023
10/1/2024,Q3_2425,Croydon,Trust MPS,0.039465023
10/1/2024,Q3_2425,Ealing,Trust MPS,0.039465023
10/1/2024,Q3_2425,Enfield,Trust MPS,0.039465023
10/1/2024,Q3_2425,Greenwich,Trust MPS,0.039465023
10/1/2024,Q3_2425,Hackney,Trust MPS,-0.039465023
10/1/2024,Q3_2425,Hammersmith and Fulham,Trust MPS,-0.039465023
10/1/2024,Q3_2425,Haringey,Trust MPS,-0.039465023
10/1/2024,Q3_2425,Harrow,Trust MPS,0.039465023
10/1/2024,Q3_2425,Havering,Trust MPS,0.039465023
10/1/2024,Q3_2425,Hillingdon,Trust MPS,0.039465023
10/1/2024,Q3_2425,Hounslow,Trust MPS,0.039465023
10/1/2024,Q3_2425,Islington,Trust MPS,-0.039465023
10/1/2024,Q3_2425,Kensington and Chelsea,Trust MPS,-0.039465023
10/1/2024,Q3_2425,Kingston upon Thames,Trust MPS,0.039465023
10/1/2024,Q3_2425,Lambeth,Trust MPS,-0.039465023
10/1/2024,Q3_2425,Lewisham,Trust MPS,-0.039465023
10/1/2024,Q3_2425,Merton,Trust MPS,0.039465023
10/1/2024,Q3_2425,Newham,Trust MPS,-0.039465023
10/1/2024,Q3_2425,Redbridge,Trust MPS,0.039465023
10/1/2024,Q3_2425,Richmond upon Thames,Trust MPS,0.039465023
10/1/2024,Q3_2425,Southwark,Trust MPS,-0.039465023
10/1/2024,Q3_2425,Sutton,Trust MPS,0.039465023
10/1/2024,Q3_2425,Tower Hamlets,Trust MPS,-0.039465023
10/1/2024,Q3_2425,Waltham Forest,Trust MPS,0.039465023
10/1/2024,Q3_2425,Wandsworth,Trust MPS,0.039465023
10/1/2024,Q3_2425,Westminster,Trust MPS,-0.039465023
10/1/2024,Q3_2425,Barking and Dagenham,Good job,0.041144282
10/1/2024,Q3_2425,Barnet,Good job,0.041144282
10/1/2024,Q3_2425,Bexley,Good job,0.041144282
10/1/2024,Q3_2425,Brent,Good job,0.041144282
10/1/2024,Q3_2425,Bromley,Good job,0.041144282
10/1/2024,Q3_2425,Camden,Good job,-0.041144282
10/1/2024,Q3_2425,Croydon,Good job,0.041144282
10/1/2024,Q3_2425,Ealing,Good job,-0.041144282
10/1/2024,Q3_2425,Enfield,Good job,0.041144282
10/1/2024,Q3_2425,Greenwich,Good job,0.041144282
10/1/2024,Q3_2425,Hackney,Good job,-0.041144282
10/1/2024,Q3_2425,Hammersmith and Fulham,Good job,0.041144282
10/1/2024,Q3_2425,Haringey,Good job,0.041144282
10/1/2024,Q3_2425,Harrow,Good job,0.041144282
10/1/2024,Q3_2425,Havering,Good job,0.041144282
10/1/2024,Q3_2425,Hillingdon,Good job,0.041144282
10/1/2024,Q3_2425,Hounslow,Good job,0.041144282
10/1/2024,Q3_2425,Islington,Good job,-0.041144282
10/1/2024,Q3_2425,Kensington and Chelsea,Good job,-0.041144282
10/1/2024,Q3_2425,Kingston upon Thames,Good job,0.041144282
10/1/2024,Q3_2425,Lambeth,Good job,-0.041144282
10/1/2024,Q3_2425,Lewisham,Good job,-0.041144282
10/1/2024,Q3_2425,Merton,Good job,0.041144282
10/1/2024,Q3_2425,Newham,Good job,-0.041144282
10/1/2024,Q3_2425,Redbridge,Good job,0.041144282
10/1/2024,Q3_2425,Richmond upon Thames,Good job,0.041144282
10/1/2024,Q3_2425,Southwark,Good job,-0.041144282
10/1/2024,Q3_2425,Sutton,Good job,0.041144282
10/1/2024,Q3_2425,Tower Hamlets,Good job,-0.041144282
10/1/2024,Q3_2425,Waltham Forest,Good job,0.041144282
10/1/2024,Q3_2425,Wandsworth,Good job,0.041144282
10/1/2024,Q3_2425,Westminster,Good job,-0.041144282
7/1/2024,Q2_2425,Barking and Dagenham,Fair treatment,0.031602001
7/1/2024,Q2_2425,Barnet,Fair treatment,0.031602001
7/1/2024,Q2_2425,Bexley,Fair treatment,0.031602001
7/1/2024,Q2_2425,Brent,Fair treatment,0.031602001
7/1/2024,Q2_2425,Bromley,Fair treatment,0.031602001
7/1/2024,Q2_2425,Camden,Fair treatment,-0.031602001
7/1/2024,Q2_2425,Croydon,Fair treatment,0.031602001
7/1/2024,Q2_2425,Ealing,Fair treatment,0.031602001
7/1/2024,Q2_2425,Enfield,Fair treatment,0.031602001
7/1/2024,Q2_2425,Greenwich,Fair treatment,0.031602001
7/1/2024,Q2_2425,Hackney,Fair treatment,-0.031602001
7/1/2024,Q2_2425,Hammersmith and Fulham,Fair treatment,-0.031602001
7/1/2024,Q2_2425,Haringey,Fair treatment,-0.031602001
7/1/2024,Q2_2425,Harrow,Fair treatment,0.031602001
7/1/2024,Q2_2425,Havering,Fair treatment,0.031602001
7/1/2024,Q2_2425,Hillingdon,Fair treatment,0.031602001
7/1/2024,Q2_2425,Hounslow,Fair treatment,0.031602001
7/1/2024,Q2_2425,Islington,Fair treatment,-0.031602001
7/1/2024,Q2_2425,Kensington and Chelsea,Fair treatment,-0.031602001
7/1/2024,Q2_2425,Kingston upon Thames,Fair treatment,0.031602001
7/1/2024,Q2_2425,Lambeth,Fair treatment,-0.031602001
7/1/2024,Q2_2425,Lewisham,Fair treatment,-0.031602001
7/1/2024,Q2_2425,Merton,Fair treatment,0.031602001
7/1/2024,Q2_2425,Newham,Fair treatment,-0.031602001
7/1/2024,Q2_2425,Redbridge,Fair treatment,0.031602001
7/1/2024,Q2_2425,Richmond upon Thames,Fair treatment,0.031602001
7/1/2024,Q2_2425,Southwark,Fair treatment,-0.031602001
7/1/2024,Q2_2425,Sutton,Fair treatment,0.031602001
7/1/2024,Q2_2425,Tower Hamlets,Fair treatment,-0.031602001
7/1/2024,Q2_2425,Waltham Forest,Fair treatment,0.031602001
7/1/2024,Q2_2425,Wandsworth,Fair treatment,0.031602001
7/1/2024,Q2_2425,Westminster,Fair treatment,-0.031602001
7/1/2024,Q2_2425,Barking and Dagenham,Trust MPS,0.029810515
7/1/2024,Q2_2425,Barnet,Trust MPS,0.029810515
7/1/2024,Q2_2425,Bexley,Trust MPS,0.029810515
7/1/2024,Q2_2425,Bexley,Trust MPS,0.029810515
7/1/2024,Q2_2425,Brent,Trust MPS,0.029810515
7/1/2024,Q2_2425,Bromley,Trust MPS,0.029810515
7/1/2024,Q2_2425,Camden,Trust MPS,-0.029810515
7/1/2024,Q2_2425,Croydon,Trust MPS,0.029810515
7/1/2024,Q2_2425,Ealing,Trust MPS,0.029810515
7/1/2024,Q2_2425,Enfield,Trust MPS,0.029810515
7/1/2024,Q2_2425,Greenwich,Trust MPS,0.029810515
7/1/2024,Q2_2425,Hackney,Trust MPS,-0.029810515
7/1/2024,Q2_2425,Hammersmith and Fulham,Trust MPS,-0.029810515
7/1/2024,Q2_2425,Haringey,Trust MPS,-0.029810515
7/1/2024,Q2_2425,Harrow,Trust MPS,0.029810515
7/1/2024,Q2_2425,Havering,Trust MPS,0.029810515
7/1/2024,Q2_2425,Hillingdon,Trust MPS,0.029810515
7/1/2024,Q2_2425,Hounslow,Trust MPS,0.029810515
7/1/2024,Q2_2425,Islington,Trust MPS,-0.029810515
7/1/2024,Q2_2425,Kensington and Chelsea,Trust MPS,-0.029810515
7/1/2024,Q2_2425,Kingston upon Thames,Trust MPS,0.029810515
7/1/2024,Q2_2425,Lambeth,Trust MPS,-0.029810515
7/1/2024,Q2_2425,Lewisham,Trust MPS,-0.029810515
7/1/2024,Q2_2425,Merton,Trust MPS,0.029810515
7/1/2024,Q2_2425,Newham,Trust MPS,0.029810515
7/1/2024,Q2_2425,Redbridge,Trust MPS,0.029810515
7/1/2024,Q2_2425,Richmond upon Thames,Trust MPS,0.029810515
7/1/2024,Q2_2425,Southwark,Trust MPS,-0.029810515
7/1/2024,Q2_2425,Sutton,Trust MPS,0.029810515
7/1/2024,Q2_2425,Tower Hamlets,Trust MPS,-0.029810515
7/1/2024,Q2_2425,Waltham Forest,Trust MPS,0.029810515
7/1/2024,Q2_2425,Wandsworth,Trust MPS,0.029810515
7/1/2024,Q2_2425,Westminster,Trust MPS,-0.029810515
7/1/2024,Q2_2425,Barking and Dagenham,Good job,-0.031004024
7/1/2024,Q2_2425,Barnet,Good job,0.031004024
7/1/2024,Q2_2425,Bexley,Good job,0.031004024
7/1/2024,Q2_2425,Brent,Good job,0.031004024
7/1/2024,Q2_2425,Bromley,Good job,0.031004024
7/1/2024,Q2_2425,Camden,Good job,-0.031004024
7/1/2024,Q2_2425,Croydon,Good job,0.031004024
7/1/2024,Q2_2425,Ealing,Good job,0.031004024
7/1/2024,Q2_2425,Enfield,Good job,0.031004024
7/1/2024,Q2_2425,Greenwich,Good job,0.031004024
7/1/2024,Q2_2425,Hackney,Good job,-0.031004024
7/1/2024,Q2_2425,Hammersmith and Fulham,Good job,0.031004024
7/1/2024,Q2_2425,Haringey,Good job,-0.031004024
7/1/2024,Q2_2425,Harrow,Good job,0.031004024
7/1/2024,Q2_2425,Havering,Good job,0.031004024
7/1/2024,Q2_2425,Hillingdon,Good job,0.031004024
7/1/2024,Q2_2425,Hounslow,Good job,0.031004024
7/1/2024,Q2_2425,Islington,Good job,-0.031004024
7/1/2024,Q2_2425,Kensington and Chelsea,Good job,-0.031004024
7/1/2024,Q2_2425,Kingston upon Thames,Good job,0.031004024
7/1/2024,Q2_2425,Lambeth,Good job,-0.031004024
7/1/2024,Q2_2425,Lewisham,Good job,-0.031004024
7/1/2024,Q2_2425,Merton,Good job,0.031004024
7/1/2024,Q2_2425,Newham,Good job,-0.031004024
7/1/2024,Q2_2425,Redbridge,Good job,0.031004024
7/1/2024,Q2_2425,Richmond upon Thames,Good job,0.031004024
7/1/2024,Q2_2425,Southwark,Good job,-0.031004024
7/1/2024,Q2_2425,Sutton,Good job,0.031004024
7/1/2024,Q2_2425,Tower Hamlets,Good job,-0.031004024
7/1/2024,Q2_2425,Waltham Forest,Good job,-0.031004024
7/1/2024,Q2_2425,Wandsworth,Good job,0.031004024
7/1/2024,Q2_2425,Westminster,Good job,-0.031004024
4/1/2024,Q1_2425,Barking and Dagenham,Fair treatment,0.033114149
4/1/2024,Q1_2425,Barnet,Fair treatment,0.033114149
4/1/2024,Q1_2425,Bexley,Fair treatment,0.033114149
4/1/2024,Q1_2425,Brent,Fair treatment,0.033114149
4/1/2024,Q1_2425,Bromley,Fair treatment,0.033114149
4/1/2024,Q1_2425,Camden,Fair treatment,-0.033114149
4/1/2024,Q1_2425,Croydon,Fair treatment,0.033114149
4/1/2024,Q1_2425,Ealing,Fair treatment,0.033114149
4/1/2024,Q1_2425,Enfield,Fair treatment,0.033114149
4/1/2024,Q1_2425,Greenwich,Fair treatment,0.033114149
4/1/2024,Q1_2425,Hackney,Fair treatment,-0.033114149
4/1/2024,Q1_2425,Hammersmith and Fulham,Fair treatment,-0.033114149
4/1/2024,Q1_2425,Haringey,Fair treatment,-0.033114149
4/1/2024,Q1_2425,Harrow,Fair treatment,0.033114149
4/1/2024,Q1_2425,Havering,Fair treatment,0.033114149
4/1/2024,Q1_2425,Hillingdon,Fair treatment,0.033114149
4/1/2024,Q1_2425,Hounslow,Fair treatment,0.033114149
4/1/2024,Q1_2425,Islington,Fair treatment,-0.033114149
4/1/2024,Q1_2425,Kensington and Chelsea,Fair treatment,-0.033114149
4/1/2024,Q1_2425,Kingston upon Thames,Fair treatment,0.033114149
4/1/2024,Q1_2425,Lambeth,Fair treatment,-0.033114149
4/1/2024,Q1_2425,Lewisham,Fair treatment,-0.033114149
4/1/2024,Q1_2425,Merton,Fair treatment,0.033114149
4/1/2024,Q1_2425,Newham,Fair treatment,0.033114149
4/1/2024,Q1_2425,Redbridge,Fair treatment,0.033114149
4/1/2024,Q1_2425,Richmond upon Thames,Fair treatment,0.033114149
4/1/2024,Q1_2425,Southwark,Fair treatment,-0.033114149
4/1/2024,Q1_2425,Sutton,Fair treatment,0.033114149
4/1/2024,Q1_2425,Tower Hamlets,Fair treatment,0.033114149
4/1/2024,Q1_2425,Waltham Forest,Fair treatment,0.033114149
4/1/2024,Q1_2425,Wandsworth,Fair treatment,0.033114149
4/1/2024,Q1_2425,Westminster,Fair treatment,-0.033114149
4/1/2024,Q1_2425,Barking and Dagenham,Trust MPS,0.032472019
4/1/2024,Q1_2425,Barnet,Trust MPS,0.032472019
4/1/2024,Q1_2425,Bexley,Trust MPS,0.032472019
4/1/2024,Q1_2425,Bexley,Trust MPS,0.032472019
4/1/2024,Q1_2425,Brent,Trust MPS,0.032472019
4/1/2024,Q1_2425,Bromley,Trust MPS,0.032472019
4/1/2024,Q1_2425,Camden,Trust MPS,-0.032472019
4/1/2024,Q1_2425,Croydon,Trust MPS,0.032472019
4/1/2024,Q1_2425,Ealing,Trust MPS,0.032472019
4/1/2024,Q1_2425,Enfield,Trust MPS,0.032472019
4/1/2024,Q1_2425,Greenwich,Trust MPS,0.032472019
4/1/2024,Q1_2425,Hackney,Trust MPS,-0.032472019
4/1/2024,Q1_2425,Hammersmith and Fulham,Trust MPS,-0.032472019
4/1/2024,Q1_2425,Haringey,Trust MPS,-0.032472019
4/1/2024,Q1_2425,Harrow,Trust MPS,0.032472019
4/1/2024,Q1_2425,Havering,Trust MPS,0.032472019
4/1/2024,Q1_2425,Hillingdon,Trust MPS,0.032472019
4/1/2024,Q1_2425,Hounslow,Trust MPS,0.032472019
4/1/2024,Q1_2425,Islington,Trust MPS,-0.032472019
4/1/2024,Q1_2425,Kensington and Chelsea,Trust MPS,-0.032472019
4/1/2024,Q1_2425,Kingston upon Thames,Trust MPS,0.032472019
4/1/2024,Q1_2425,Lambeth,Trust MPS,-0.032472019
4/1/2024,Q1_2425,Lewisham,Trust MPS,-0.032472019
4/1/2024,Q1_2425,Merton,Trust MPS,0.032472019
4/1/2024,Q1_2425,Newham,Trust MPS,0.032472019
4/1/2024,Q1_2425,Redbridge,Trust MPS,0.032472019
4/1/2024,Q1_2425,Richmond upon Thames,Trust MPS,0.032472019
4/1/2024,Q1_2425,Southwark,Trust MPS,-0.032472019
4/1/2024,Q1_2425,Sutton,Trust MPS,0.032472019
4/1/2024,Q1_2425,Tower Hamlets,Trust MPS,-0.032472019
4/1/2024,Q1_2425,Waltham Forest,Trust MPS,-0.032472019
4/1/2024,Q1_2425,Wandsworth,Trust MPS,0.032472019
4/1/2024,Q1_2425,Westminster,Trust MPS,-0.032472019
4/1/2024,Q1_2425,Barking and Dagenham,Good job,0.032496562
4/1/2024,Q1_2425,Barnet,Good job,0.032496562
4/1/2024,Q1_2425,Bexley,Good job,0.032496562
4/1/2024,Q1_2425,Brent,Good job,0.032496562
4/1/2024,Q1_2425,Bromley,Good job,0.032496562
4/1/2024,Q1_2425,Camden,Good job,-0.032496562
4/1/2024,Q1_2425,Croydon,Good job,0.032496562
4/1/2024,Q1_2425,Ealing,Good job,0.032496562
4/1/2024,Q1_2425,Enfield,Good job,0.032496562
4/1/2024,Q1_2425,Greenwich,Good job,0.032496562
4/1/2024,Q1_2425,Hackney,Good job,-0.032496562
4/1/2024,Q1_2425,Hammersmith and Fulham,Good job,0.032496562
4/1/2024,Q1_2425,Haringey,Good job,-0.032496562
4/1/2024,Q1_2425,Harrow,Good job,0.032496562
4/1/2024,Q1_2425,Havering,Good job,0.032496562
4/1/2024,Q1_2425,Hillingdon,Good job,0.032496562
4/1/2024,Q1_2425,Hounslow,Good job,0.032496562
4/1/2024,Q1_2425,Islington,Good job,-0.032496562
4/1/2024,Q1_2425,Kensington and Chelsea,Good job,-0.032496562
4/1/2024,Q1_2425,Kingston upon Thames,Good job,0.032496562
4/1/2024,Q1_2425,Lambeth,Good job,-0.032496562
4/1/2024,Q1_2425,Lewisham,Good job,-0.032496562
4/1/2024,Q1_2425,Merton,Good job,0.032496562
4/1/2024,Q1_2425,Newham,Good job,-0.032496562
4/1/2024,Q1_2425,Redbridge,Good job,0.032496562
4/1/2024,Q1_2425,Richmond upon Thames,Good job,0.032496562
4/1/2024,Q1_2425,Southwark,Good job,-0.032496562
4/1/2024,Q1_2425,Sutton,Good job,0.032496562
4/1/2024,Q1_2425,Tower Hamlets,Good job,-0.032496562
4/1/2024,Q1_2425,Waltham Forest,Good job,-0.032496562
4/1/2024,Q1_2425,Wandsworth,Good job,0.032496562
4/1/2024,Q1_2425,Westminster,Good job,-0.032496562
1/1/2024,Q4_2324,Barking and Dagenham,Good job,0.033108036
1/1/2024,Q4_2324,Barnet,Good job,0.033108036
1/1/2024,Q4_2324,Bexley,Good job,0.033108036
1/1/2024,Q4_2324,Brent,Good job,0.033108036
1/1/2024,Q4_2324,Bromley,Good job,0.033108036
1/1/2024,Q4_2324,Camden,Good job,-0.033108036
1/1/2024,Q4_2324,Croydon,Good job,-0.033108036
1/1/2024,Q4_2324,Ealing,Good job,0.033108036
1/1/2024,Q4_2324,Enfield,Good job,0.033108036
1/1/2024,Q4_2324,Greenwich,Good job,0.033108036
1/1/2024,Q4_2324,Hackney,Good job,-0.033108036
1/1/2024,Q4_2324,Hammersmith and Fulham,Good job,-0.033108036
1/1/2024,Q4_2324,Haringey,Good job,-0.033108036
1/1/2024,Q4_2324,Harrow,Good job,0.033108036
1/1/2024,Q4_2324,Havering,Good job,0.033108036
1/1/2024,Q4_2324,Hillingdon,Good job,0.033108036
1/1/2024,Q4_2324,Hounslow,Good job,0.033108036
1/1/2024,Q4_2324,Islington,Good job,-0.033108036
1/1/2024,Q4_2324,Kensington and Chelsea,Good job,-0.033108036
1/1/2024,Q4_2324,Kingston upon Thames,Good job,0.033108036
1/1/2024,Q4_2324,Lambeth,Good job,-0.033108036
1/1/2024,Q4_2324,Lewisham,Good job,0.033108036
1/1/2024,Q4_2324,Merton,Good job,0.033108036
1/1/2024,Q4_2324,Newham,Good job,-0.033108036
1/1/2024,Q4_2324,Redbridge,Good job,0.033108036
1/1/2024,Q4_2324,Richmond upon Thames,Good job,0.033108036
1/1/2024,Q4_2324,Southwark,Good job,-0.033108036
1/1/2024,Q4_2324,Sutton,Good job,0.033108036
1/1/2024,Q4_2324,Tower Hamlets,Good job,-0.033108036
1/1/2024,Q4_2324,Waltham Forest,Good job,-0.033108036
1/1/2024,Q4_2324,Wandsworth,Good job,0.033108036
1/1/2024,Q4_2324,Westminster,Good job,-0.033108036
1/1/2024,Q4_2324,Barking and Dagenham,Fair treatment,0.036723257
1/1/2024,Q4_2324,Barnet,Fair treatment,0.036723257
1/1/2024,Q4_2324,Bexley,Fair treatment,0.036723257
1/1/2024,Q4_2324,Brent,Fair treatment,0.036723257
1/1/2024,Q4_2324,Bromley,Fair treatment,0.036723257
1/1/2024,Q4_2324,Camden,Fair treatment,-0.036723257
1/1/2024,Q4_2324,Croydon,Fair treatment,0.036723257
1/1/2024,Q4_2324,Ealing,Fair treatment,0.036723257
1/1/2024,Q4_2324,Enfield,Fair treatment,0.036723257
1/1/2024,Q4_2324,Greenwich,Fair treatment,0.036723257
1/1/2024,Q4_2324,Hackney,Fair treatment,-0.036723257
1/1/2024,Q4_2324,Hammersmith and Fulham,Fair treatment,-0.036723257
1/1/2024,Q4_2324,Haringey,Fair treatment,-0.036723257
1/1/2024,Q4_2324,Harrow,Fair treatment,0.036723257
1/1/2024,Q4_2324,Havering,Fair treatment,0.036723257
1/1/2024,Q4_2324,Hillingdon,Fair treatment,0.036723257
1/1/2024,Q4_2324,Hounslow,Fair treatment,0.036723257
1/1/2024,Q4_2324,Islington,Fair treatment,-0.036723257
1/1/2024,Q4_2324,Kensington and Chelsea,Fair treatment,-0.036723257
1/1/2024,Q4_2324,Kingston upon Thames,Fair treatment,0.036723257
1/1/2024,Q4_2324,Lambeth,Fair treatment,-0.036723257
1/1/2024,Q4_2324,Lewisham,Fair treatment,-0.036723257
1/1/2024,Q4_2324,Merton,Fair treatment,0.036723257
1/1/2024,Q4_2324,Newham,Fair treatment,0.036723257
1/1/2024,Q4_2324,Redbridge,Fair treatment,0.036723257
1/1/2024,Q4_2324,Richmond upon Thames,Fair treatment,0.036723257
1/1/2024,Q4_2324,Southwark,Fair treatment,-0.036723257
1/1/2024,Q4_2324,Sutton,Fair treatment,0.036723257
1/1/2024,Q4_2324,Tower Hamlets,Fair treatment,-0.036723257
1/1/2024,Q4_2324,Waltham Forest,Fair treatment,0.036723257
1/1/2024,Q4_2324,Wandsworth,Fair treatment,0.036723257
1/1/2024,Q4_2324,Westminster,Fair treatment,-0.036723257
1/1/2024,Q4_2324,Barking and Dagenham,Trust MPS,0.034533619
1/1/2024,Q4_2324,Barnet,Trust MPS,0.034533619
1/1/2024,Q4_2324,Bexley,Trust MPS,0.034533619
1/1/2024,Q4_2324,Bexley,Trust MPS,0.034533619
1/1/2024,Q4_2324,Brent,Trust MPS,0.034533619
1/1/2024,Q4_2324,Bromley,Trust MPS,0.034533619
1/1/2024,Q4_2324,Camden,Trust MPS,-0.034533619
1/1/2024,Q4_2324,Croydon,Trust MPS,0.034533619
1/1/2024,Q4_2324,Ealing,Trust MPS,0.034533619
1/1/2024,Q4_2324,Enfield,Trust MPS,0.034533619
1/1/2024,Q4_2324,Greenwich,Trust MPS,0.034533619
1/1/2024,Q4_2324,Hackney,Trust MPS,-0.034533619
1/1/2024,Q4_2324,Hammersmith and Fulham,Trust MPS,-0.034533619
1/1/2024,Q4_2324,Haringey,Trust MPS,-0.034533619
1/1/2024,Q4_2324,Harrow,Trust MPS,0.034533619
1/1/2024,Q4_2324,Havering,Trust MPS,0.034533619
1/1/2024,Q4_2324,Hillingdon,Trust MPS,0.034533619
1/1/2024,Q4_2324,Hounslow,Trust MPS,0.034533619
1/1/2024,Q4_2324,Islington,Trust MPS,-0.034533619
1/1/2024,Q4_2324,Kensington and Chelsea,Trust MPS,-0.034533619
1/1/2024,Q4_2324,Kingston upon Thames,Trust MPS,0.034533619
1/1/2024,Q4_2324,Lambeth,Trust MPS,-0.034533619
1/1/2024,Q4_2324,Lewisham,Trust MPS,-0.034533619
1/1/2024,Q4_2324,Merton,Trust MPS,0.034533619
1/1/2024,Q4_2324,Newham,Trust MPS,-0.034533619
1/1/2024,Q4_2324,Redbridge,Trust MPS,0.034533619
1/1/2024,Q4_2324,Richmond upon Thames,Trust MPS,0.034533619
1/1/2024,Q4_2324,Southwark,Trust MPS,-0.034533619
1/1/2024,Q4_2324,Sutton,Trust MPS,0.034533619
1/1/2024,Q4_2324,Tower Hamlets,Trust MPS,-0.034533619
1/1/2024,Q4_2324,Waltham Forest,Trust MPS,0.034533619
1/1/2024,Q4_2324,Wandsworth,Trust MPS,0.034533619
1/1/2024,Q4_2324,Westminster,Trust MPS,-0.034533619
10/1/2023,Q3_2324,Barking and Dagenham,Fair treatment,0.043317595
10/1/2023,Q3_2324,Barnet,Fair treatment,0.043317595
10/1/2023,Q3_2324,Bexley,Fair treatment,0.043317595
10/1/2023,Q3_2324,Brent,Fair treatment,0.043317595
10/1/2023,Q3_2324,Bromley,Fair treatment,0.043317595
10/1/2023,Q3_2324,Camden,Fair treatment,-0.043317595
10/1/2023,Q3_2324,Croydon,Fair treatment,0.043317595
10/1/2023,Q3_2324,Ealing,Fair treatment,0.043317595
10/1/2023,Q3_2324,Enfield,Fair treatment,0.043317595
10/1/2023,Q3_2324,Greenwich,Fair treatment,0.043317595
10/1/2023,Q3_2324,Hackney,Fair treatment,-0.043317595
10/1/2023,Q3_2324,Hammersmith and Fulham,Fair treatment,-0.043317595
10/1/2023,Q3_2324,Haringey,Fair treatment,-0.043317595
10/1/2023,Q3_2324,Harrow,Fair treatment,0.043317595
10/1/2023,Q3_2324,Havering,Fair treatment,0.043317595
10/1/2023,Q3_2324,Hillingdon,Fair treatment,0.043317595
10/1/2023,Q3_2324,Hounslow,Fair treatment,0.043317595
10/1/2023,Q3_2324,Islington,Fair treatment,-0.043317595
10/1/2023,Q3_2324,Kensington and Chelsea,Fair treatment,-0.043317595
10/1/2023,Q3_2324,Kingston upon Thames,Fair treatment,0.043317595
10/1/2023,Q3_2324,Lambeth,Fair treatment,-0.043317595
10/1/2023,Q3_2324,Lewisham,Fair treatment,-0.043317595
10/1/2023,Q3_2324,Merton,Fair treatment,0.043317595
10/1/2023,Q3_2324,Newham,Fair treatment,-0.043317595
10/1/2023,Q3_2324,Redbridge,Fair treatment,0.043317595
10/1/2023,Q3_2324,Richmond upon Thames,Fair treatment,0.043317595
10/1/2023,Q3_2324,Southwark,Fair treatment,-0.043317595
10/1/2023,Q3_2324,Sutton,Fair treatment,0.043317595
10/1/2023,Q3_2324,Tower Hamlets,Fair treatment,-0.043317595
10/1/2023,Q3_2324,Waltham Forest,Fair treatment,0.043317595
10/1/2023,Q3_2324,Wandsworth,Fair treatment,0.043317595
10/1/2023,Q3_2324,Westminster,Fair treatment,-0.043317595
10/1/2023,Q3_2324,Barking and Dagenham,Trust MPS,0.040393914
10/1/2023,Q3_2324,Barnet,Trust MPS,0.040393914
10/1/2023,Q3_2324,Bexley,Trust MPS,0.040393914
10/1/2023,Q3_2324,Bexley,Trust MPS,0.040393914
10/1/2023,Q3_2324,Brent,Trust MPS,0.040393914
10/1/2023,Q3_2324,Bromley,Trust MPS,0.040393914
10/1/2023,Q3_2324,Camden,Trust MPS,-0.040393914
10/1/2023,Q3_2324,Croydon,Trust MPS,0.040393914
10/1/2023,Q3_2324,Ealing,Trust MPS,0.040393914
10/1/2023,Q3_2324,Enfield,Trust MPS,0.040393914
10/1/2023,Q3_2324,Greenwich,Trust MPS,0.040393914
10/1/2023,Q3_2324,Hackney,Trust MPS,-0.040393914
10/1/2023,Q3_2324,Hammersmith and Fulham,Trust MPS,-0.040393914
10/1/2023,Q3_2324,Haringey,Trust MPS,-0.040393914
10/1/2023,Q3_2324,Harrow,Trust MPS,0.040393914
10/1/2023,Q3_2324,Havering,Trust MPS,0.040393914
10/1/2023,Q3_2324,Hillingdon,Trust MPS,0.040393914
10/1/2023,Q3_2324,Hounslow,Trust MPS,0.040393914
10/1/2023,Q3_2324,Islington,Trust MPS,-0.040393914
10/1/2023,Q3_2324,Kensington and Chelsea,Trust MPS,-0.040393914
10/1/2023,Q3_2324,Kingston upon Thames,Trust MPS,0.040393914
10/1/2023,Q3_2324,Lambeth,Trust MPS,-0.040393914
10/1/2023,Q3_2324,Lewisham,Trust MPS,-0.040393914
10/1/2023,Q3_2324,Merton,Trust MPS,0.040393914
10/1/2023,Q3_2324,Newham,Trust MPS,-0.040393914
10/1/2023,Q3_2324,Redbridge,Trust MPS,0.040393914
10/1/2023,Q3_2324,Richmond upon Thames,Trust MPS,0.040393914
10/1/2023,Q3_2324,Southwark,Trust MPS,-0.040393914
10/1/2023,Q3_2324,Sutton,Trust MPS,0.040393914
10/1/2023,Q3_2324,Tower Hamlets,Trust MPS,-0.040393914
10/1/2023,Q3_2324,Waltham Forest,Trust MPS,0.040393914
10/1/2023,Q3_2324,Wandsworth,Trust MPS,0.040393914
10/1/2023,Q3_2324,Westminster,Trust MPS,-0.040393914
10/1/2023,Q3_2324,Barking and Dagenham,Good job,0.039156108
10/1/2023,Q3_2324,Barnet,Good job,0.039156108
10/1/2023,Q3_2324,Bexley,Good job,0.039156108
10/1/2023,Q3_2324,Brent,Good job,0.039156108
10/1/2023,Q3_2324,Bromley,Good job,0.039156108
10/1/2023,Q3_2324,Camden,Good job,-0.039156108
10/1/2023,Q3_2324,Croydon,Good job,-0.039156108
10/1/2023,Q3_2324,Ealing,Good job,0.039156108
10/1/2023,Q3_2324,Enfield,Good job,0.039156108
10/1/2023,Q3_2324,Greenwich,Good job,0.039156108
10/1/2023,Q3_2324,Hackney,Good job,-0.039156108
10/1/2023,Q3_2324,Hammersmith and Fulham,Good job,-0.039156108
10/1/2023,Q3_2324,Haringey,Good job,-0.039156108
10/1/2023,Q3_2324,Harrow,Good job,0.039156108
10/1/2023,Q3_2324,Havering,Good job,0.039156108
10/1/2023,Q3_2324,Hillingdon,Good job,0.039156108
10/1/2023,Q3_2324,Hounslow,Good job,0.039156108
10/1/2023,Q3_2324,Islington,Good job,-0.039156108
10/1/2023,Q3_2324,Kensington and Chelsea,Good job,-0.039156108
10/1/2023,Q3_2324,Kingston upon Thames,Good job,0.039156108
10/1/2023,Q3_2324,Lambeth,Good job,-0.039156108
10/1/2023,Q3_2324,Lewisham,Good job,0.039156108
10/1/2023,Q3_2324,Merton,Good job,0.039156108
10/1/2023,Q3_2324,Newham,Good job,-0.039156108
10/1/2023,Q3_2324,Redbridge,Good job,0.039156108
10/1/2023,Q3_2324,Richmond upon Thames,Good job,0.039156108
10/1/2023,Q3_2324,Southwark,Good job,-0.039156108
10/1/2023,Q3_2324,Sutton,Good job,0.039156108
10/1/2023,Q3_2324,Tower Hamlets,Good job,-0.039156108
10/1/2023,Q3_2324,Waltham Forest,Good job,0.039156108
10/1/2023,Q3_2324,Wandsworth,Good job,0.039156108
10/1/2023,Q3_2324,Westminster,Good job,-0.039156108
7/1/2023,Q2_2324,Barking and Dagenham,Fair treatment,-0.036372691
7/1/2023,Q2_2324,Barnet,Fair treatment,0.036372691
7/1/2023,Q2_2324,Bexley,Fair treatment,0.036372691
7/1/2023,Q2_2324,Brent,Fair treatment,0.036372691
7/1/2023,Q2_2324,Bromley,Fair treatment,0.036372691
7/1/2023,Q2_2324,Camden,Fair treatment,-0.036372691
7/1/2023,Q2_2324,Croydon,Fair treatment,0.036372691
7/1/2023,Q2_2324,Ealing,Fair treatment,0.036372691
7/1/2023,Q2_2324,Enfield,Fair treatment,0.036372691
7/1/2023,Q2_2324,Greenwich,Fair treatment,-0.036372691
7/1/2023,Q2_2324,Hackney,Fair treatment,-0.036372691
7/1/2023,Q2_2324,Hammersmith and Fulham,Fair treatment,-0.036372691
7/1/2023,Q2_2324,Haringey,Fair treatment,-0.036372691
7/1/2023,Q2_2324,Harrow,Fair treatment,0.036372691
7/1/2023,Q2_2324,Havering,Fair treatment,0.036372691
7/1/2023,Q2_2324,Hillingdon,Fair treatment,0.036372691
7/1/2023,Q2_2324,Hounslow,Fair treatment,0.036372691
7/1/2023,Q2_2324,Islington,Fair treatment,-0.036372691
7/1/2023,Q2_2324,Kensington and Chelsea,Fair treatment,-0.036372691
7/1/2023,Q2_2324,Kingston upon Thames,Fair treatment,0.036372691
7/1/2023,Q2_2324,Lambeth,Fair treatment,-0.036372691
7/1/2023,Q2_2324,Lewisham,Fair treatment,-0.036372691
7/1/2023,Q2_2324,Merton,Fair treatment,0.036372691
7/1/2023,Q2_2324,Newham,Fair treatment,0.036372691
7/1/2023,Q2_2324,Redbridge,Fair treatment,0.036372691
7/1/2023,Q2_2324,Richmond upon Thames,Fair treatment,0.036372691
7/1/2023,Q2_2324,Southwark,Fair treatment,-0.036372691
7/1/2023,Q2_2324,Sutton,Fair treatment,0.036372691
7/1/2023,Q2_2324,Tower Hamlets,Fair treatment,-0.036372691
7/1/2023,Q2_2324,Waltham Forest,Fair treatment,0.036372691
7/1/2023,Q2_2324,Wandsworth,Fair treatment,0.036372691
7/1/2023,Q2_2324,Westminster,Fair treatment,-0.036372691
7/1/2023,Q2_2324,Barking and Dagenham,Trust MPS,-0.031673278
7/1/2023,Q2_2324,Barnet,Trust MPS,0.031673278
7/1/2023,Q2_2324,Bexley,Trust MPS,0.031673278
7/1/2023,Q2_2324,Bexley,Trust MPS,0.031673278
7/1/2023,Q2_2324,Brent,Trust MPS,0.031673278
7/1/2023,Q2_2324,Bromley,Trust MPS,0.031673278
7/1/2023,Q2_2324,Camden,Trust MPS,-0.031673278
7/1/2023,Q2_2324,Croydon,Trust MPS,0.031673278
7/1/2023,Q2_2324,Ealing,Trust MPS,0.031673278
7/1/2023,Q2_2324,Enfield,Trust MPS,0.031673278
7/1/2023,Q2_2324,Greenwich,Trust MPS,-0.031673278
7/1/2023,Q2_2324,Hackney,Trust MPS,-0.031673278
7/1/2023,Q2_2324,Hammersmith and Fulham,Trust MPS,-0.031673278
7/1/2023,Q2_2324,Haringey,Trust MPS,-0.031673278
7/1/2023,Q2_2324,Harrow,Trust MPS,0.031673278
7/1/2023,Q2_2324,Havering,Trust MPS,0.031673278
7/1/2023,Q2_2324,Hillingdon,Trust MPS,0.031673278
7/1/2023,Q2_2324,Hounslow,Trust MPS,0.031673278
7/1/2023,Q2_2324,Islington,Trust MPS,-0.031673278
7/1/2023,Q2_2324,Kensington and Chelsea,Trust MPS,-0.031673278
7/1/2023,Q2_2324,Kingston upon Thames,Trust MPS,0.031673278
7/1/2023,Q2_2324,Lambeth,Trust MPS,-0.031673278
7/1/2023,Q2_2324,Lewisham,Trust MPS,-0.031673278
7/1/2023,Q2_2324,Merton,Trust MPS,0.031673278
7/1/2023,Q2_2324,Newham,Trust MPS,0.031673278
7/1/2023,Q2_2324,Redbridge,Trust MPS,0.031673278
7/1/2023,Q2_2324,Richmond upon Thames,Trust MPS,0.031673278
7/1/2023,Q2_2324,Southwark,Trust MPS,-0.031673278
7/1/2023,Q2_2324,Sutton,Trust MPS,0.031673278
7/1/2023,Q2_2324,Tower Hamlets,Trust MPS,-0.031673278
7/1/2023,Q2_2324,Waltham Forest,Trust MPS,0.031673278
7/1/2023,Q2_2324,Wandsworth,Trust MPS,0.031673278
7/1/2023,Q2_2324,Westminster,Trust MPS,-0.031673278
7/1/2023,Q2_2324,Barking and Dagenham,Good job,-0.029380237
7/1/2023,Q2_2324,Barnet,Good job,0.029380237
7/1/2023,Q2_2324,Bexley,Good job,0.029380237
7/1/2023,Q2_2324,Brent,Good job,0.029380237
7/1/2023,Q2_2324,Bromley,Good job,0.029380237
7/1/2023,Q2_2324,Camden,Good job,-0.029380237
7/1/2023,Q2_2324,Croydon,Good job,-0.029380237
7/1/2023,Q2_2324,Ealing,Good job,0.029380237
7/1/2023,Q2_2324,Enfield,Good job,0.029380237
7/1/2023,Q2_2324,Greenwich,Good job,-0.029380237
7/1/2023,Q2_2324,Hackney,Good job,-0.029380237
7/1/2023,Q2_2324,Hammersmith and Fulham,Good job,-0.029380237
7/1/2023,Q2_2324,Haringey,Good job,-0.029380237
7/1/2023,Q2_2324,Harrow,Good job,0.029380237
7/1/2023,Q2_2324,Havering,Good job,0.029380237
7/1/2023,Q2_2324,Hillingdon,Good job,0.029380237
7/1/2023,Q2_2324,Hounslow,Good job,-0.029380237
7/1/2023,Q2_2324,Islington,Good job,-0.029380237
7/1/2023,Q2_2324,Kensington and Chelsea,Good job,-0.029380237
7/1/2023,Q2_2324,Kingston upon Thames,Good job,0.029380237
7/1/2023,Q2_2324,Lambeth,Good job,-0.029380237
7/1/2023,Q2_2324,Lewisham,Good job,-0.029380237
7/1/2023,Q2_2324,Merton,Good job,0.029380237
7/1/2023,Q2_2324,Newham,Good job,-0.029380237
7/1/2023,Q2_2324,Redbridge,Good job,0.029380237
7/1/2023,Q2_2324,Richmond upon Thames,Good job,0.029380237
7/1/2023,Q2_2324,Southwark,Good job,-0.029380237
7/1/2023,Q2_2324,Sutton,Good job,0.029380237
7/1/2023,Q2_2324,Tower Hamlets,Good job,-0.029380237
7/1/2023,Q2_2324,Waltham Forest,Good job,-0.029380237
7/1/2023,Q2_2324,Wandsworth,Good job,0.029380237
7/1/2023,Q2_2324,Westminster,Good job,-0.029380237
4/1/2023,Q1_2324,Barking and Dagenham,Fair treatment,0.041915719
4/1/2023,Q1_2324,Barnet,Fair treatment,0.041915719
4/1/2023,Q1_2324,Bexley,Fair treatment,0.041915719
4/1/2023,Q1_2324,Brent,Fair treatment,0.041915719
4/1/2023,Q1_2324,Bromley,Fair treatment,0.041915719
4/1/2023,Q1_2324,Camden,Fair treatment,-0.041915719
4/1/2023,Q1_2324,Croydon,Fair treatment,0.041915719
4/1/2023,Q1_2324,Ealing,Fair treatment,0.041915719
4/1/2023,Q1_2324,Enfield,Fair treatment,0.041915719
4/1/2023,Q1_2324,Greenwich,Fair treatment,-0.041915719
4/1/2023,Q1_2324,Hackney,Fair treatment,-0.041915719
4/1/2023,Q1_2324,Hammersmith and Fulham,Fair treatment,-0.041915719
4/1/2023,Q1_2324,Haringey,Fair treatment,-0.041915719
4/1/2023,Q1_2324,Harrow,Fair treatment,0.041915719
4/1/2023,Q1_2324,Havering,Fair treatment,0.041915719
4/1/2023,Q1_2324,Hillingdon,Fair treatment,0.041915719
4/1/2023,Q1_2324,Hounslow,Fair treatment,0.041915719
4/1/2023,Q1_2324,Islington,Fair treatment,-0.041915719
4/1/2023,Q1_2324,Kensington and Chelsea,Fair treatment,-0.041915719
4/1/2023,Q1_2324,Kingston upon Thames,Fair treatment,0.041915719
4/1/2023,Q1_2324,Lambeth,Fair treatment,-0.041915719
4/1/2023,Q1_2324,Lewisham,Fair treatment,-0.041915719
4/1/2023,Q1_2324,Merton,Fair treatment,0.041915719
4/1/2023,Q1_2324,Newham,Fair treatment,-0.041915719
4/1/2023,Q1_2324,Redbridge,Fair treatment,0.041915719
4/1/2023,Q1_2324,Richmond upon Thames,Fair treatment,0.041915719
4/1/2023,Q1_2324,Southwark,Fair treatment,-0.041915719
4/1/2023,Q1_2324,Sutton,Fair treatment,0.041915719
4/1/2023,Q1_2324,Tower Hamlets,Fair treatment,-0.041915719
4/1/2023,Q1_2324,Waltham Forest,Fair treatment,0.041915719
4/1/2023,Q1_2324,Wandsworth,Fair treatment,0.041915719
4/1/2023,Q1_2324,Westminster,Fair treatment,-0.041915719
4/1/2023,Q1_2324,Barking and Dagenham,Trust MPS,-0.035080089
4/1/2023,Q1_2324,Barnet,Trust MPS,0.035080089
4/1/2023,Q1_2324,Bexley,Trust MPS,0.035080089
4/1/2023,Q1_2324,Bexley,Trust MPS,0.035080089
4/1/2023,Q1_2324,Brent,Trust MPS,0.035080089
4/1/2023,Q1_2324,Bromley,Trust MPS,0.035080089
4/1/2023,Q1_2324,Camden,Trust MPS,-0.035080089
4/1/2023,Q1_2324,Croydon,Trust MPS,0.035080089
4/1/2023,Q1_2324,Ealing,Trust MPS,0.035080089
4/1/2023,Q1_2324,Enfield,Trust MPS,0.035080089
4/1/2023,Q1_2324,Greenwich,Trust MPS,-0.035080089
4/1/2023,Q1_2324,Hackney,Trust MPS,-0.035080089
4/1/2023,Q1_2324,Hammersmith and Fulham,Trust MPS,-0.035080089
4/1/2023,Q1_2324,Haringey,Trust MPS,-0.035080089
4/1/2023,Q1_2324,Harrow,Trust MPS,0.035080089
4/1/2023,Q1_2324,Havering,Trust MPS,0.035080089
4/1/2023,Q1_2324,Hillingdon,Trust MPS,0.035080089
4/1/2023,Q1_2324,Hounslow,Trust MPS,0.035080089
4/1/2023,Q1_2324,Islington,Trust MPS,-0.035080089
4/1/2023,Q1_2324,Kensington and Chelsea,Trust MPS,-0.035080089
4/1/2023,Q1_2324,Kingston upon Thames,Trust MPS,0.035080089
4/1/2023,Q1_2324,Lambeth,Trust MPS,-0.035080089
4/1/2023,Q1_2324,Lewisham,Trust MPS,-0.035080089
4/1/2023,Q1_2324,Merton,Trust MPS,0.035080089
4/1/2023,Q1_2324,Newham,Trust MPS,-0.035080089
4/1/2023,Q1_2324,Redbridge,Trust MPS,0.035080089
4/1/2023,Q1_2324,Richmond upon Thames,Trust MPS,0.035080089
4/1/2023,Q1_2324,Southwark,Trust MPS,-0.035080089
4/1/2023,Q1_2324,Sutton,Trust MPS,0.035080089
4/1/2023,Q1_2324,Tower Hamlets,Trust MPS,-0.035080089
4/1/2023,Q1_2324,Waltham Forest,Trust MPS,0.035080089
4/1/2023,Q1_2324,Wandsworth,Trust MPS,0.035080089
4/1/2023,Q1_2324,Westminster,Trust MPS,-0.035080089
4/1/2023,Q1_2324,Barking and Dagenham,Good job,-0.033460438
4/1/2023,Q1_2324,Barnet,Good job,0.033460438
4/1/2023,Q1_2324,Bexley,Good job,0.033460438
4/1/2023,Q1_2324,Brent,Good job,0.033460438
4/1/2023,Q1_2324,Bromley,Good job,0.033460438
4/1/2023,Q1_2324,Camden,Good job,-0.033460438
4/1/2023,Q1_2324,Croydon,Good job,-0.033460438
4/1/2023,Q1_2324,Ealing,Good job,0.033460438
4/1/2023,Q1_2324,Enfield,Good job,-0.033460438
4/1/2023,Q1_2324,Greenwich,Good job,-0.033460438
4/1/2023,Q1_2324,Hackney,Good job,-0.033460438
4/1/2023,Q1_2324,Hammersmith and Fulham,Good job,-0.033460438
4/1/2023,Q1_2324,Haringey,Good job,-0.033460438
4/1/2023,Q1_2324,Harrow,Good job,0.033460438
4/1/2023,Q1_2324,Havering,Good job,0.033460438
4/1/2023,Q1_2324,Hillingdon,Good job,0.033460438
4/1/2023,Q1_2324,Hounslow,Good job,0.033460438
4/1/2023,Q1_2324,Islington,Good job,-0.033460438
4/1/2023,Q1_2324,Kensington and Chelsea,Good job,-0.033460438
4/1/2023,Q1_2324,Kingston upon Thames,Good job,0.033460438
4/1/2023,Q1_2324,Lambeth,Good job,-0.033460438
4/1/2023,Q1_2324,Lewisham,Good job,-0.033460438
4/1/2023,Q1_2324,Merton,Good job,0.033460438
4/1/2023,Q1_2324,Newham,Good job,-0.033460438
4/1/2023,Q1_2324,Redbridge,Good job,0.033460438
4/1/2023,Q1_2324,Richmond upon Thames,Good job,0.033460438
4/1/2023,Q1_2324,Southwark,Good job,-0.033460438
4/1/2023,Q1_2324,Sutton,Good job,0.033460438
4/1/2023,Q1_2324,Tower Hamlets,Good job,-0.033460438
4/1/2023,Q1_2324,Waltham Forest,Good job,-0.033460438
4/1/2023,Q1_2324,Wandsworth,Good job,0.033460438
4/1/2023,Q1_2324,Westminster,Good job,-0.033460438
1/1/2023,Q4_2223,Barking and Dagenham,Good job,-0.03394853
1/1/2023,Q4_2223,Barnet,Good job,0.03394853
1/1/2023,Q4_2223,Bexley,Good job,0.03394853
1/1/2023,Q4_2223,Brent,Good job,0.03394853
1/1/2023,Q4_2223,Bromley,Good job,0.03394853
1/1/2023,Q4_2223,Camden,Good job,-0.03394853
1/1/2023,Q4_2223,Croydon,Good job,-0.03394853
1/1/2023,Q4_2223,Ealing,Good job,0.03394853
1/1/2023,Q4_2223,Enfield,Good job,-0.03394853
1/1/2023,Q4_2223,Greenwich,Good job,0.03394853
1/1/2023,Q4_2223,Hackney,Good job,-0.03394853
1/1/2023,Q4_2223,Hammersmith and Fulham,Good job,-0.03394853
1/1/2023,Q4_2223,Haringey,Good job,-0.03394853
1/1/2023,Q4_2223,Harrow,Good job,0.03394853
1/1/2023,Q4_2223,Havering,Good job,0.03394853
1/1/2023,Q4_2223,Hillingdon,Good job,0.03394853
1/1/2023,Q4_2223,Hounslow,Good job,0.03394853
1/1/2023,Q4_2223,Islington,Good job,-0.03394853
1/1/2023,Q4_2223,Kensington and Chelsea,Good job,-0.03394853
1/1/2023,Q4_2223,Kingston upon Thames,Good job,0.03394853
1/1/2023,Q4_2223,Lambeth,Good job,-0.03394853
1/1/2023,Q4_2223,Lewisham,Good job,-0.03394853
1/1/2023,Q4_2223,Merton,Good job,0.03394853
1/1/2023,Q4_2223,Newham,Good job,0.03394853
1/1/2023,Q4_2223,Redbridge,Good job,0.03394853
1/1/2023,Q4_2223,Richmond upon Thames,Good job,0.03394853
1/1/2023,Q4_2223,Southwark,Good job,-0.03394853
1/1/2023,Q4_2223,Sutton,Good job,0.03394853
1/1/2023,Q4_2223,Tower Hamlets,Good job,-0.03394853
1/1/2023,Q4_2223,Waltham Forest,Good job,-0.03394853
1/1/2023,Q4_2223,Wandsworth,Good job,0.03394853
1/1/2023,Q4_2223,Westminster,Good job,-0.03394853
1/1/2023,Q4_2223,Barking and Dagenham,Fair treatment,0.041317777
1/1/2023,Q4_2223,Barnet,Fair treatment,0.041317777
1/1/2023,Q4_2223,Bexley,Fair treatment,0.041317777
1/1/2023,Q4_2223,Brent,Fair treatment,0.041317777
1/1/2023,Q4_2223,Bromley,Fair treatment,0.041317777
1/1/2023,Q4_2223,Camden,Fair treatment,-0.041317777
1/1/2023,Q4_2223,Croydon,Fair treatment,0.041317777
1/1/2023,Q4_2223,Ealing,Fair treatment,0.041317777
1/1/2023,Q4_2223,Enfield,Fair treatment,0.041317777
1/1/2023,Q4_2223,Greenwich,Fair treatment,0.041317777
1/1/2023,Q4_2223,Hackney,Fair treatment,-0.041317777
1/1/2023,Q4_2223,Hammersmith and Fulham,Fair treatment,-0.041317777
1/1/2023,Q4_2223,Haringey,Fair treatment,-0.041317777
1/1/2023,Q4_2223,Harrow,Fair treatment,0.041317777
1/1/2023,Q4_2223,Havering,Fair treatment,0.041317777
1/1/2023,Q4_2223,Hillingdon,Fair treatment,0.041317777
1/1/2023,Q4_2223,Hounslow,Fair treatment,0.041317777
1/1/2023,Q4_2223,Islington,Fair treatment,-0.041317777
1/1/2023,Q4_2223,Kensington and Chelsea,Fair treatment,-0.041317777
1/1/2023,Q4_2223,Kingston upon Thames,Fair treatment,0.041317777
1/1/2023,Q4_2223,Lambeth,Fair treatment,-0.041317777
1/1/2023,Q4_2223,Lewisham,Fair treatment,-0.041317777
1/1/2023,Q4_2223,Merton,Fair treatment,0.041317777
1/1/2023,Q4_2223,Newham,Fair treatment,-0.041317777
1/1/2023,Q4_2223,Redbridge,Fair treatment,0.041317777
1/1/2023,Q4_2223,Richmond upon Thames,Fair treatment,0.041317777
1/1/2023,Q4_2223,Southwark,Fair treatment,-0.041317777
1/1/2023,Q4_2223,Sutton,Fair treatment,0.041317777
1/1/2023,Q4_2223,Tower Hamlets,Fair treatment,-0.041317777
1/1/2023,Q4_2223,Waltham Forest,Fair treatment,0.041317777
1/1/2023,Q4_2223,Wandsworth,Fair treatment,0.041317777
1/1/2023,Q4_2223,Westminster,Fair treatment,-0.041317777
1/1/2023,Q4_2223,Barking and Dagenham,Trust MPS,0.03458021
1/1/2023,Q4_2223,Barnet,Trust MPS,0.03458021
1/1/2023,Q4_2223,Bexley,Trust MPS,0.03458021
1/1/2023,Q4_2223,Brent,Trust MPS,0.03458021
1/1/2023,Q4_2223,Bromley,Trust MPS,0.03458021
1/1/2023,Q4_2223,Camden,Trust MPS,-0.03458021
1/1/2023,Q4_2223,Croydon,Trust MPS,0.03458021
1/1/2023,Q4_2223,Ealing,Trust MPS,0.03458021
1/1/2023,Q4_2223,Enfield,Trust MPS,0.03458021
1/1/2023,Q4_2223,Greenwich,Trust MPS,0.03458021
1/1/2023,Q4_2223,Hackney,Trust MPS,-0.03458021
1/1/2023,Q4_2223,Hammersmith and Fulham,Trust MPS,-0.03458021
1/1/2023,Q4_2223,Haringey,Trust MPS,-0.03458021
1/1/2023,Q4_2223,Harrow,Trust MPS,0.03458021
1/1/2023,Q4_2223,Havering,Trust MPS,0.03458021
1/1/2023,Q4_2223,Hillingdon,Trust MPS,0.03458021
1/1/2023,Q4_2223,Hounslow,Trust MPS,0.03458021
1/1/2023,Q4_2223,Islington,Trust MPS,-0.03458021
1/1/2023,Q4_2223,Kensington and Chelsea,Trust MPS,-0.03458021
1/1/2023,Q4_2223,Kingston upon Thames,Trust MPS,0.03458021
1/1/2023,Q4_2223,Lambeth,Trust MPS,-0.03458021
1/1/2023,Q4_2223,Lewisham,Trust MPS,-0.03458021
1/1/2023,Q4_2223,Merton,Trust MPS,0.03458021
1/1/2023,Q4_2223,Newham,Trust MPS,0.03458021
1/1/2023,Q4_2223,Redbridge,Trust MPS,0.03458021
1/1/2023,Q4_2223,Richmond upon Thames,Trust MPS,0.03458021
1/1/2023,Q4_2223,Southwark,Trust MPS,-0.03458021
1/1/2023,Q4_2223,Sutton,Trust MPS,0.03458021
1/1/2023,Q4_2223,Tower Hamlets,Trust MPS,-0.03458021
1/1/2023,Q4_2223,Waltham Forest,Trust MPS,0.03458021
1/1/2023,Q4_2223,Wandsworth,Trust MPS,0.03458021
1/1/2023,Q4_2223,Westminster,Trust MPS,-0.03458021
10/1/2022,Q3_2223,Barking and Dagenham,Fair treatment,0.048701907
10/1/2022,Q3_2223,Barnet,Fair treatment,0.048701907
10/1/2022,Q3_2223,Bexley,Fair treatment,0.048701907
10/1/2022,Q3_2223,Brent,Fair treatment,0.048701907
10/1/2022,Q3_2223,Bromley,Fair treatment,0.048701907
10/1/2022,Q3_2223,Camden,Fair treatment,-0.048701907
10/1/2022,Q3_2223,Croydon,Fair treatment,0.048701907
10/1/2022,Q3_2223,Ealing,Fair treatment,0.048701907
10/1/2022,Q3_2223,Enfield,Fair treatment,0.048701907
10/1/2022,Q3_2223,Greenwich,Fair treatment,0.048701907
10/1/2022,Q3_2223,Hackney,Fair treatment,-0.048701907
10/1/2022,Q3_2223,Hammersmith and Fulham,Fair treatment,-0.048701907
10/1/2022,Q3_2223,Haringey,Fair treatment,-0.048701907
10/1/2022,Q3_2223,Harrow,Fair treatment,0.048701907
10/1/2022,Q3_2223,Havering,Fair treatment,0.048701907
10/1/2022,Q3_2223,Hillingdon,Fair treatment,0.048701907
10/1/2022,Q3_2223,Hounslow,Fair treatment,0.048701907
10/1/2022,Q3_2223,Islington,Fair treatment,-0.048701907
10/1/2022,Q3_2223,Kensington and Chelsea,Fair treatment,-0.048701907
10/1/2022,Q3_2223,Kingston upon Thames,Fair treatment,0.048701907
10/1/2022,Q3_2223,Lambeth,Fair treatment,-0.048701907
10/1/2022,Q3_2223,Lewisham,Fair treatment,-0.048701907
10/1/2022,Q3_2223,Merton,Fair treatment,0.048701907
10/1/2022,Q3_2223,Newham,Fair treatment,-0.048701907
10/1/2022,Q3_2223,Redbridge,Fair treatment,0.048701907
10/1/2022,Q3_2223,Richmond upon Thames,Fair treatment,0.048701907
10/1/2022,Q3_2223,Southwark,Fair treatment,-0.048701907
10/1/2022,Q3_2223,Sutton,Fair treatment,0.048701907
10/1/2022,Q3_2223,Tower Hamlets,Fair treatment,-0.048701907
10/1/2022,Q3_2223,Waltham Forest,Fair treatment,0.048701907
10/1/2022,Q3_2223,Wandsworth,Fair treatment,0.048701907
10/1/2022,Q3_2223,Westminster,Fair treatment,-0.048701907
10/1/2022,Q3_2223,Barking and Dagenham,Trust MPS,0.038856414
10/1/2022,Q3_2223,Barnet,Trust MPS,0.038856414
10/1/2022,Q3_2223,Bexley,Trust MPS,0.038856414
10/1/2022,Q3_2223,Brent,Trust MPS,0.038856414
10/1/2022,Q3_2223,Bromley,Trust MPS,0.038856414
10/1/2022,Q3_2223,Camden,Trust MPS,-0.038856414
10/1/2022,Q3_2223,Croydon,Trust MPS,0.038856414
10/1/2022,Q3_2223,Ealing,Trust MPS,0.038856414
10/1/2022,Q3_2223,Enfield,Trust MPS,0.038856414
10/1/2022,Q3_2223,Greenwich,Trust MPS,0.038856414
10/1/2022,Q3_2223,Hackney,Trust MPS,-0.038856414
10/1/2022,Q3_2223,Hammersmith and Fulham,Trust MPS,-0.038856414
10/1/2022,Q3_2223,Haringey,Trust MPS,-0.038856414
10/1/2022,Q3_2223,Harrow,Trust MPS,0.038856414
10/1/2022,Q3_2223,Havering,Trust MPS,0.038856414
10/1/2022,Q3_2223,Hillingdon,Trust MPS,0.038856414
10/1/2022,Q3_2223,Hounslow,Trust MPS,0.038856414
10/1/2022,Q3_2223,Islington,Trust MPS,-0.038856414
10/1/2022,Q3_2223,Kensington and Chelsea,Trust MPS,-0.038856414
10/1/2022,Q3_2223,Kingston upon Thames,Trust MPS,0.038856414
10/1/2022,Q3_2223,Lambeth,Trust MPS,-0.038856414
10/1/2022,Q3_2223,Lewisham,Trust MPS,-0.038856414
10/1/2022,Q3_2223,Merton,Trust MPS,0.038856414
10/1/2022,Q3_2223,Newham,Trust MPS,-0.038856414
10/1/2022,Q3_2223,Redbridge,Trust MPS,0.038856414
10/1/2022,Q3_2223,Richmond upon Thames,Trust MPS,0.038856414
10/1/2022,Q3_2223,Southwark,Trust MPS,-0.038856414
10/1/2022,Q3_2223,Sutton,Trust MPS,0.038856414
10/1/2022,Q3_2223,Tower Hamlets,Trust MPS,-0.038856414
10/1/2022,Q3_2223,Waltham Forest,Trust MPS,0.038856414
10/1/2022,Q3_2223,Wandsworth,Trust MPS,0.038856414
10/1/2022,Q3_2223,Westminster,Trust MPS,-0.038856414
10/1/2022,Q3_2223,Barking and Dagenham,Good job,-0.038379186
10/1/2022,Q3_2223,Barnet,Good job,0.038379186
10/1/2022,Q3_2223,Bexley,Good job,0.038379186
10/1/2022,Q3_2223,Brent,Good job,0.038379186
10/1/2022,Q3_2223,Bromley,Good job,0.038379186
10/1/2022,Q3_2223,Camden,Good job,-0.038379186
10/1/2022,Q3_2223,Croydon,Good job,-0.038379186
10/1/2022,Q3_2223,Ealing,Good job,0.038379186
10/1/2022,Q3_2223,Enfield,Good job,0.038379186
10/1/2022,Q3_2223,Greenwich,Good job,0.038379186
10/1/2022,Q3_2223,Hackney,Good job,-0.038379186
10/1/2022,Q3_2223,Hammersmith and Fulham,Good job,-0.038379186
10/1/2022,Q3_2223,Haringey,Good job,-0.038379186
10/1/2022,Q3_2223,Harrow,Good job,0.038379186
10/1/2022,Q3_2223,Havering,Good job,0.038379186
10/1/2022,Q3_2223,Hillingdon,Good job,0.038379186
10/1/2022,Q3_2223,Hounslow,Good job,0.038379186
10/1/2022,Q3_2223,Islington,Good job,-0.038379186
10/1/2022,Q3_2223,Kensington and Chelsea,Good job,-0.038379186
10/1/2022,Q3_2223,Kingston upon Thames,Good job,0.038379186
10/1/2022,Q3_2223,Lambeth,Good job,-0.038379186
10/1/2022,Q3_2223,Lewisham,Good job,-0.038379186
10/1/2022,Q3_2223,Merton,Good job,0.038379186
10/1/2022,Q3_2223,Newham,Good job,-0.038379186
10/1/2022,Q3_2223,Redbridge,Good job,0.038379186
10/1/2022,Q3_2223,Richmond upon Thames,Good job,0.038379186
10/1/2022,Q3_2223,Southwark,Good job,-0.038379186
10/1/2022,Q3_2223,Sutton,Good job,0.038379186
10/1/2022,Q3_2223,Tower Hamlets,Good job,-0.038379186
10/1/2022,Q3_2223,Waltham Forest,Good job,-0.038379186
10/1/2022,Q3_2223,Wandsworth,Good job,0.038379186
10/1/2022,Q3_2223,Westminster,Good job,-0.038379186
7/1/2022,Q2_2223,Barking and Dagenham,Fair treatment,0.038185418
7/1/2022,Q2_2223,Barnet,Fair treatment,0.038185418
7/1/2022,Q2_2223,Bexley,Fair treatment,0.038185418
7/1/2022,Q2_2223,Brent,Fair treatment,0.038185418
7/1/2022,Q2_2223,Bromley,Fair treatment,0.038185418
7/1/2022,Q2_2223,Camden,Fair treatment,-0.038185418
7/1/2022,Q2_2223,Croydon,Fair treatment,-0.038185418
7/1/2022,Q2_2223,Ealing,Fair treatment,0.038185418
7/1/2022,Q2_2223,Enfield,Fair treatment,0.038185418
7/1/2022,Q2_2223,Greenwich,Fair treatment,0.038185418
7/1/2022,Q2_2223,Hackney,Fair treatment,-0.038185418
7/1/2022,Q2_2223,Hammersmith and Fulham,Fair treatment,-0.038185418
7/1/2022,Q2_2223,Haringey,Fair treatment,-0.038185418
7/1/2022,Q2_2223,Harrow,Fair treatment,0.038185418
7/1/2022,Q2_2223,Havering,Fair treatment,0.038185418
7/1/2022,Q2_2223,Hillingdon,Fair treatment,0.038185418
7/1/2022,Q2_2223,Hounslow,Fair treatment,0.038185418
7/1/2022,Q2_2223,Islington,Fair treatment,-0.038185418
7/1/2022,Q2_2223,Kensington and Chelsea,Fair treatment,-0.038185418
7/1/2022,Q2_2223,Kingston upon Thames,Fair treatment,0.038185418
7/1/2022,Q2_2223,Lambeth,Fair treatment,-0.038185418
7/1/2022,Q2_2223,Lewisham,Fair treatment,-0.038185418
7/1/2022,Q2_2223,Merton,Fair treatment,0.038185418
7/1/2022,Q2_2223,Newham,Fair treatment,-0.038185418
7/1/2022,Q2_2223,Redbridge,Fair treatment,0.038185418
7/1/2022,Q2_2223,Richmond upon Thames,Fair treatment,0.038185418
7/1/2022,Q2_2223,Southwark,Fair treatment,-0.038185418
7/1/2022,Q2_2223,Sutton,Fair treatment,0.038185418
7/1/2022,Q2_2223,Tower Hamlets,Fair treatment,-0.038185418
7/1/2022,Q2_2223,Waltham Forest,Fair treatment,0.038185418
7/1/2022,Q2_2223,Wandsworth,Fair treatment,0.038185418
7/1/2022,Q2_2223,Westminster,Fair treatment,-0.038185418
7/1/2022,Q2_2223,Barking and Dagenham,Trust MPS,0.028883315
7/1/2022,Q2_2223,Barnet,Trust MPS,0.028883315
7/1/2022,Q2_2223,Bexley,Trust MPS,0.028883315
7/1/2022,Q2_2223,Brent,Trust MPS,0.028883315
7/1/2022,Q2_2223,Bromley,Trust MPS,0.028883315
7/1/2022,Q2_2223,Camden,Trust MPS,-0.028883315
7/1/2022,Q2_2223,Croydon,Trust MPS,0.028883315
7/1/2022,Q2_2223,Ealing,Trust MPS,0.028883315
7/1/2022,Q2_2223,Enfield,Trust MPS,0.028883315
7/1/2022,Q2_2223,Greenwich,Trust MPS,-0.028883315
7/1/2022,Q2_2223,Hackney,Trust MPS,-0.028883315
7/1/2022,Q2_2223,Hammersmith and Fulham,Trust MPS,-0.028883315
7/1/2022,Q2_2223,Haringey,Trust MPS,-0.028883315
7/1/2022,Q2_2223,Harrow,Trust MPS,0.028883315
7/1/2022,Q2_2223,Havering,Trust MPS,0.028883315
7/1/2022,Q2_2223,Hillingdon,Trust MPS,0.028883315
7/1/2022,Q2_2223,Hounslow,Trust MPS,0.028883315
7/1/2022,Q2_2223,Islington,Trust MPS,-0.028883315
7/1/2022,Q2_2223,Kensington and Chelsea,Trust MPS,-0.028883315
7/1/2022,Q2_2223,Kingston upon Thames,Trust MPS,0.028883315
7/1/2022,Q2_2223,Lambeth,Trust MPS,-0.028883315
7/1/2022,Q2_2223,Lewisham,Trust MPS,-0.028883315
7/1/2022,Q2_2223,Merton,Trust MPS,0.028883315
7/1/2022,Q2_2223,Newham,Trust MPS,-0.028883315
7/1/2022,Q2_2223,Redbridge,Trust MPS,0.028883315
7/1/2022,Q2_2223,Richmond upon Thames,Trust MPS,0.028883315
7/1/2022,Q2_2223,Southwark,Trust MPS,-0.028883315
7/1/2022,Q2_2223,Sutton,Trust MPS,0.028883315
7/1/2022,Q2_2223,Tower Hamlets,Trust MPS,-0.028883315
7/1/2022,Q2_2223,Waltham Forest,Trust MPS,0.028883315
7/1/2022,Q2_2223,Wandsworth,Trust MPS,0.028883315
7/1/2022,Q2_2223,Westminster,Trust MPS,-0.028883315
7/1/2022,Q2_2223,Barking and Dagenham,Good job,0.029659249
7/1/2022,Q2_2223,Barnet,Good job,0.029659249
7/1/2022,Q2_2223,Bexley,Good job,0.029659249
7/1/2022,Q2_2223,Brent,Good job,0.029659249
7/1/2022,Q2_2223,Bromley,Good job,0.029659249
7/1/2022,Q2_2223,Camden,Good job,-0.029659249
7/1/2022,Q2_2223,Croydon,Good job,-0.029659249
7/1/2022,Q2_2223,Ealing,Good job,0.029659249
7/1/2022,Q2_2223,Enfield,Good job,-0.029659249
7/1/2022,Q2_2223,Greenwich,Good job,-0.029659249
7/1/2022,Q2_2223,Hackney,Good job,-0.029659249
7/1/2022,Q2_2223,Hammersmith and Fulham,Good job,-0.029659249
7/1/2022,Q2_2223,Haringey,Good job,-0.029659249
7/1/2022,Q2_2223,Harrow,Good job,0.029659249
7/1/2022,Q2_2223,Havering,Good job,0.029659249
7/1/2022,Q2_2223,Hillingdon,Good job,0.029659249
7/1/2022,Q2_2223,Hounslow,Good job,0.029659249
7/1/2022,Q2_2223,Islington,Good job,-0.029659249
7/1/2022,Q2_2223,Kensington and Chelsea,Good job,-0.029659249
7/1/2022,Q2_2223,Kingston upon Thames,Good job,0.029659249
7/1/2022,Q2_2223,Lambeth,Good job,-0.029659249
7/1/2022,Q2_2223,Lewisham,Good job,-0.029659249
7/1/2022,Q2_2223,Merton,Good job,0.029659249
7/1/2022,Q2_2223,Newham,Good job,-0.029659249
7/1/2022,Q2_2223,Redbridge,Good job,0.029659249
7/1/2022,Q2_2223,Richmond upon Thames,Good job,0.029659249
7/1/2022,Q2_2223,Southwark,Good job,-0.029659249
7/1/2022,Q2_2223,Sutton,Good job,0.029659249
7/1/2022,Q2_2223,Tower Hamlets,Good job,-0.029659249
7/1/2022,Q2_2223,Waltham Forest,Good job,-0.029659249
7/1/2022,Q2_2223,Wandsworth,Good job,0.029659249
7/1/2022,Q2_2223,Westminster,Good job,-0.029659249
4/1/2022,Q1_2223,Barking and Dagenham,Fair treatment,0.03537505
4/1/2022,Q1_2223,Barnet,Fair treatment,0.03537505
4/1/2022,Q1_2223,Bexley,Fair treatment,0.03537505
4/1/2022,Q1_2223,Brent,Fair treatment,0.03537505
4/1/2022,Q1_2223,Bromley,Fair treatment,0.03537505
4/1/2022,Q1_2223,Camden,Fair treatment,-0.03537505
4/1/2022,Q1_2223,Croydon,Fair treatment,0.03537505
4/1/2022,Q1_2223,Ealing,Fair treatment,0.03537505
4/1/2022,Q1_2223,Enfield,Fair treatment,0.03537505
4/1/2022,Q1_2223,Greenwich,Fair treatment,-0.03537505
4/1/2022,Q1_2223,Hackney,Fair treatment,-0.03537505
4/1/2022,Q1_2223,Hammersmith and Fulham,Fair treatment,-0.03537505
4/1/2022,Q1_2223,Haringey,Fair treatment,-0.03537505
4/1/2022,Q1_2223,Harrow,Fair treatment,0.03537505
4/1/2022,Q1_2223,Havering,Fair treatment,0.03537505
4/1/2022,Q1_2223,Hillingdon,Fair treatment,0.03537505
4/1/2022,Q1_2223,Hounslow,Fair treatment,0.03537505
4/1/2022,Q1_2223,Islington,Fair treatment,-0.03537505
4/1/2022,Q1_2223,Kensington and Chelsea,Fair treatment,-0.03537505
4/1/2022,Q1_2223,Kingston upon Thames,Fair treatment,0.03537505
4/1/2022,Q1_2223,Lambeth,Fair treatment,-0.03537505
4/1/2022,Q1_2223,Lewisham,Fair treatment,-0.03537505
4/1/2022,Q1_2223,Merton,Fair treatment,0.03537505
4/1/2022,Q1_2223,Newham,Fair treatment,-0.03537505
4/1/2022,Q1_2223,Redbridge,Fair treatment,0.03537505
4/1/2022,Q1_2223,Richmond upon Thames,Fair treatment,0.03537505
4/1/2022,Q1_2223,Southwark,Fair treatment,-0.03537505
4/1/2022,Q1_2223,Sutton,Fair treatment,0.03537505
4/1/2022,Q1_2223,Tower Hamlets,Fair treatment,-0.03537505
4/1/2022,Q1_2223,Waltham Forest,Fair treatment,0.03537505
4/1/2022,Q1_2223,Wandsworth,Fair treatment,0.03537505
4/1/2022,Q1_2223,Westminster,Fair treatment,-0.03537505
4/1/2022,Q1_2223,Barking and Dagenham,Trust MPS,0.026688698
4/1/2022,Q1_2223,Barnet,Trust MPS,0.026688698
4/1/2022,Q1_2223,Bexley,Trust MPS,0.026688698
4/1/2022,Q1_2223,Brent,Trust MPS,0.026688698
4/1/2022,Q1_2223,Bromley,Trust MPS,0.026688698
4/1/2022,Q1_2223,Camden,Trust MPS,-0.026688698
4/1/2022,Q1_2223,Croydon,Trust MPS,0.026688698
4/1/2022,Q1_2223,Ealing,Trust MPS,0.026688698
4/1/2022,Q1_2223,Enfield,Trust MPS,-0.026688698
4/1/2022,Q1_2223,Greenwich,Trust MPS,-0.026688698
4/1/2022,Q1_2223,Hackney,Trust MPS,-0.026688698
4/1/2022,Q1_2223,Hammersmith and Fulham,Trust MPS,-0.026688698
4/1/2022,Q1_2223,Haringey,Trust MPS,-0.026688698
4/1/2022,Q1_2223,Harrow,Trust MPS,0.026688698
4/1/2022,Q1_2223,Havering,Trust MPS,0.026688698
4/1/2022,Q1_2223,Hillingdon,Trust MPS,0.026688698
4/1/2022,Q1_2223,Hounslow,Trust MPS,0.026688698
4/1/2022,Q1_2223,Islington,Trust MPS,-0.026688698
4/1/2022,Q1_2223,Kensington and Chelsea,Trust MPS,-0.026688698
4/1/2022,Q1_2223,Kingston upon Thames,Trust MPS,0.026688698
4/1/2022,Q1_2223,Lambeth,Trust MPS,-0.026688698
4/1/2022,Q1_2223,Lewisham,Trust MPS,-0.026688698
4/1/2022,Q1_2223,Merton,Trust MPS,0.026688698
4/1/2022,Q1_2223,Newham,Trust MPS,-0.026688698
4/1/2022,Q1_2223,Redbridge,Trust MPS,0.026688698
4/1/2022,Q1_2223,Richmond upon Thames,Trust MPS,0.026688698
4/1/2022,Q1_2223,Southwark,Trust MPS,-0.026688698
4/1/2022,Q1_2223,Sutton,Trust MPS,0.026688698
4/1/2022,Q1_2223,Tower Hamlets,Trust MPS,-0.026688698
4/1/2022,Q1_2223,Waltham Forest,Trust MPS,0.026688698
4/1/2022,Q1_2223,Wandsworth,Trust MPS,0.026688698
4/1/2022,Q1_2223,Westminster,Trust MPS,-0.026688698
4/1/2022,Q1_2223,Barking and Dagenham,Good job,-0.028547778
4/1/2022,Q1_2223,Barnet,Good job,0.028547778
4/1/2022,Q1_2223,Bexley,Good job,0.028547778
4/1/2022,Q1_2223,Brent,Good job,0.028547778
4/1/2022,Q1_2223,Bromley,Good job,0.028547778
4/1/2022,Q1_2223,Camden,Good job,-0.028547778
4/1/2022,Q1_2223,Croydon,Good job,-0.028547778
4/1/2022,Q1_2223,Ealing,Good job,0.028547778
4/1/2022,Q1_2223,Enfield,Good job,-0.028547778
4/1/2022,Q1_2223,Greenwich,Good job,-0.028547778
4/1/2022,Q1_2223,Hackney,Good job,-0.028547778
4/1/2022,Q1_2223,Hammersmith and Fulham,Good job,0.028547778
4/1/2022,Q1_2223,Haringey,Good job,-0.028547778
4/1/2022,Q1_2223,Harrow,Good job,0.028547778
4/1/2022,Q1_2223,Havering,Good job,0.028547778
4/1/2022,Q1_2223,Hillingdon,Good job,0.028547778
4/1/2022,Q1_2223,Hounslow,Good job,0.028547778
4/1/2022,Q1_2223,Islington,Good job,-0.028547778
4/1/2022,Q1_2223,Kensington and Chelsea,Good job,-0.028547778
4/1/2022,Q1_2223,Kingston upon Thames,Good job,0.028547778
4/1/2022,Q1_2223,Lambeth,Good job,-0.028547778
4/1/2022,Q1_2223,Lewisham,Good job,-0.028547778
4/1/2022,Q1_2223,Merton,Good job,0.028547778
4/1/2022,Q1_2223,Newham,Good job,-0.028547778
4/1/2022,Q1_2223,Redbridge,Good job,0.028547778
4/1/2022,Q1_2223,Richmond upon Thames,Good job,0.028547778
4/1/2022,Q1_2223,Southwark,Good job,-0.028547778
4/1/2022,Q1_2223,Sutton,Good job,0.028547778
4/1/2022,Q1_2223,Tower Hamlets,Good job,-0.028547778
4/1/2022,Q1_2223,Waltham Forest,Good job,0.028547778
4/1/2022,Q1_2223,Wandsworth,Good job,0.028547778
4/1/2022,Q1_2223,Westminster,Good job,-0.028547778
1/1/2022,Q4_2122,Barking and Dagenham,Good job,-0.028720047
1/1/2022,Q4_2122,Barnet,Good job,0.028720047
1/1/2022,Q4_2122,Bexley,Good job,0.028720047
1/1/2022,Q4_2122,Brent,Good job,0.028720047
1/1/2022,Q4_2122,Bromley,Good job,0.028720047
1/1/2022,Q4_2122,Camden,Good job,-0.028720047
1/1/2022,Q4_2122,Croydon,Good job,-0.028720047
1/1/2022,Q4_2122,Ealing,Good job,0.028720047
1/1/2022,Q4_2122,Enfield,Good job,-0.028720047
1/1/2022,Q4_2122,Greenwich,Good job,-0.028720047
1/1/2022,Q4_2122,Hackney,Good job,-0.028720047
1/1/2022,Q4_2122,Hammersmith and Fulham,Good job,-0.028720047
1/1/2022,Q4_2122,Haringey,Good job,-0.028720047
1/1/2022,Q4_2122,Harrow,Good job,0.028720047
1/1/2022,Q4_2122,Havering,Good job,0.028720047
1/1/2022,Q4_2122,Hillingdon,Good job,0.028720047
1/1/2022,Q4_2122,Hounslow,Good job,0.028720047
1/1/2022,Q4_2122,Islington,Good job,-0.028720047
1/1/2022,Q4_2122,Kensington and Chelsea,Good job,-0.028720047
1/1/2022,Q4_2122,Kingston upon Thames,Good job,0.028720047
1/1/2022,Q4_2122,Lambeth,Good job,-0.028720047
1/1/2022,Q4_2122,Lewisham,Good job,-0.028720047
1/1/2022,Q4_2122,Merton,Good job,0.028720047
1/1/2022,Q4_2122,Newham,Good job,-0.028720047
1/1/2022,Q4_2122,Redbridge,Good job,0.028720047
1/1/2022,Q4_2122,Richmond upon Thames,Good job,0.028720047
1/1/2022,Q4_2122,Southwark,Good job,-0.028720047
1/1/2022,Q4_2122,Sutton,Good job,0.028720047
1/1/2022,Q4_2122,Tower Hamlets,Good job,-0.028720047
1/1/2022,Q4_2122,Waltham Forest,Good job,0.028720047
1/1/2022,Q4_2122,Wandsworth,Good job,0.028720047
1/1/2022,Q4_2122,Westminster,Good job,-0.028720047
1/1/2022,Q4_2122,Barking and Dagenham,Fair treatment,0.034148302
1/1/2022,Q4_2122,Barnet,Fair treatment,0.034148302
1/1/2022,Q4_2122,Bexley,Fair treatment,0.034148302
1/1/2022,Q4_2122,Brent,Fair treatment,0.034148302
1/1/2022,Q4_2122,Bromley,Fair treatment,0.034148302
1/1/2022,Q4_2122,Camden,Fair treatment,-0.034148302
1/1/2022,Q4_2122,Croydon,Fair treatment,-0.034148302
1/1/2022,Q4_2122,Ealing,Fair treatment,0.034148302
1/1/2022,Q4_2122,Enfield,Fair treatment,-0.034148302
1/1/2022,Q4_2122,Greenwich,Fair treatment,-0.034148302
1/1/2022,Q4_2122,Hackney,Fair treatment,-0.034148302
1/1/2022,Q4_2122,Hammersmith and Fulham,Fair treatment,-0.034148302
1/1/2022,Q4_2122,Haringey,Fair treatment,-0.034148302
1/1/2022,Q4_2122,Harrow,Fair treatment,0.034148302
1/1/2022,Q4_2122,Havering,Fair treatment,0.034148302
1/1/2022,Q4_2122,Hillingdon,Fair treatment,0.034148302
1/1/2022,Q4_2122,Hounslow,Fair treatment,0.034148302
1/1/2022,Q4_2122,Islington,Fair treatment,-0.034148302
1/1/2022,Q4_2122,Kensington and Chelsea,Fair treatment,-0.034148302
1/1/2022,Q4_2122,Kingston upon Thames,Fair treatment,0.034148302
1/1/2022,Q4_2122,Lambeth,Fair treatment,-0.034148302
1/1/2022,Q4_2122,Lewisham,Fair treatment,-0.034148302
1/1/2022,Q4_2122,Merton,Fair treatment,0.034148302
1/1/2022,Q4_2122,Newham,Fair treatment,-0.034148302
1/1/2022,Q4_2122,Redbridge,Fair treatment,0.034148302
1/1/2022,Q4_2122,Richmond upon Thames,Fair treatment,0.034148302
1/1/2022,Q4_2122,Southwark,Fair treatment,-0.034148302
1/1/2022,Q4_2122,Sutton,Fair treatment,0.034148302
1/1/2022,Q4_2122,Tower Hamlets,Fair treatment,-0.034148302
1/1/2022,Q4_2122,Waltham Forest,Fair treatment,0.034148302
1/1/2022,Q4_2122,Wandsworth,Fair treatment,0.034148302
1/1/2022,Q4_2122,Westminster,Fair treatment,-0.034148302
1/1/2022,Q4_2122,Barking and Dagenham,Trust MPS,0.024896575
1/1/2022,Q4_2122,Barnet,Trust MPS,0.024896575
1/1/2022,Q4_2122,Bexley,Trust MPS,0.024896575
1/1/2022,Q4_2122,Brent,Trust MPS,0.024896575
1/1/2022,Q4_2122,Bromley,Trust MPS,0.024896575
1/1/2022,Q4_2122,Camden,Trust MPS,-0.024896575
1/1/2022,Q4_2122,Croydon,Trust MPS,-0.024896575
1/1/2022,Q4_2122,Ealing,Trust MPS,0.024896575
1/1/2022,Q4_2122,Enfield,Trust MPS,-0.024896575
1/1/2022,Q4_2122,Greenwich,Trust MPS,-0.024896575
1/1/2022,Q4_2122,Hackney,Trust MPS,-0.024896575
1/1/2022,Q4_2122,Hammersmith and Fulham,Trust MPS,-0.024896575
1/1/2022,Q4_2122,Haringey,Trust MPS,-0.024896575
1/1/2022,Q4_2122,Harrow,Trust MPS,0.024896575
1/1/2022,Q4_2122,Havering,Trust MPS,0.024896575
1/1/2022,Q4_2122,Hillingdon,Trust MPS,0.024896575
1/1/2022,Q4_2122,Hounslow,Trust MPS,0.024896575
1/1/2022,Q4_2122,Islington,Trust MPS,-0.024896575
1/1/2022,Q4_2122,Kensington and Chelsea,Trust MPS,-0.024896575
1/1/2022,Q4_2122,Kingston upon Thames,Trust MPS,0.024896575
1/1/2022,Q4_2122,Lambeth,Trust MPS,-0.024896575
1/1/2022,Q4_2122,Lewisham,Trust MPS,-0.024896575
1/1/2022,Q4_2122,Merton,Trust MPS,0.024896575
1/1/2022,Q4_2122,Newham,Trust MPS,-0.024896575
1/1/2022,Q4_2122,Redbridge,Trust MPS,0.024896575
1/1/2022,Q4_2122,Richmond upon Thames,Trust MPS,0.024896575
1/1/2022,Q4_2122,Southwark,Trust MPS,-0.024896575
1/1/2022,Q4_2122,Sutton,Trust MPS,0.024896575
1/1/2022,Q4_2122,Tower Hamlets,Trust MPS,-0.024896575
1/1/2022,Q4_2122,Waltham Forest,Trust MPS,0.024896575
1/1/2022,Q4_2122,Wandsworth,Trust MPS,0.024896575
1/1/2022,Q4_2122,Westminster,Trust MPS,-0.024896575
10/1/2021,Q3_2122,Barking and Dagenham,Good job,0.031422834
10/1/2021,Q3_2122,Barnet,Good job,0.031422834
10/1/2021,Q3_2122,Bexley,Good job,0.031422834
10/1/2021,Q3_2122,Brent,Good job,0.031422834
10/1/2021,Q3_2122,Bromley,Good job,0.031422834
10/1/2021,Q3_2122,Camden,Good job,-0.031422834
10/1/2021,Q3_2122,Croydon,Good job,-0.031422834
10/1/2021,Q3_2122,Ealing,Good job,0.031422834
10/1/2021,Q3_2122,Enfield,Good job,-0.031422834
10/1/2021,Q3_2122,Greenwich,Good job,0.031422834
10/1/2021,Q3_2122,Hackney,Good job,-0.031422834
10/1/2021,Q3_2122,Hammersmith and Fulham,Good job,-0.031422834
10/1/2021,Q3_2122,Haringey,Good job,-0.031422834
10/1/2021,Q3_2122,Harrow,Good job,0.031422834
10/1/2021,Q3_2122,Havering,Good job,0.031422834
10/1/2021,Q3_2122,Hillingdon,Good job,0.031422834
10/1/2021,Q3_2122,Hounslow,Good job,0.031422834
10/1/2021,Q3_2122,Islington,Good job,-0.031422834
10/1/2021,Q3_2122,Kensington and Chelsea,Good job,-0.031422834
10/1/2021,Q3_2122,Kingston upon Thames,Good job,0.031422834
10/1/2021,Q3_2122,Lambeth,Good job,-0.031422834
10/1/2021,Q3_2122,Lewisham,Good job,-0.031422834
10/1/2021,Q3_2122,Merton,Good job,0.031422834
10/1/2021,Q3_2122,Newham,Good job,-0.031422834
10/1/2021,Q3_2122,Redbridge,Good job,0.031422834
10/1/2021,Q3_2122,Richmond upon Thames,Good job,0.031422834
10/1/2021,Q3_2122,Southwark,Good job,-0.031422834
10/1/2021,Q3_2122,Sutton,Good job,0.031422834
10/1/2021,Q3_2122,Tower Hamlets,Good job,-0.031422834
10/1/2021,Q3_2122,Waltham Forest,Good job,0.031422834
10/1/2021,Q3_2122,Wandsworth,Good job,0.031422834
10/1/2021,Q3_2122,Westminster,Good job,-0.031422834
10/1/2021,Q3_2122,Barking and Dagenham,Fair treatment,0.033661245
10/1/2021,Q3_2122,Barnet,Fair treatment,0.033661245
10/1/2021,Q3_2122,Bexley,Fair treatment,0.033661245
10/1/2021,Q3_2122,Brent,Fair treatment,0.033661245
10/1/2021,Q3_2122,Bromley,Fair treatment,0.033661245
10/1/2021,Q3_2122,Camden,Fair treatment,-0.033661245
10/1/2021,Q3_2122,Croydon,Fair treatment,0.033661245
10/1/2021,Q3_2122,Ealing,Fair treatment,0.033661245
10/1/2021,Q3_2122,Enfield,Fair treatment,0.033661245
10/1/2021,Q3_2122,Greenwich,Fair treatment,0.033661245
10/1/2021,Q3_2122,Hackney,Fair treatment,-0.033661245
10/1/2021,Q3_2122,Hammersmith and Fulham,Fair treatment,-0.033661245
10/1/2021,Q3_2122,Haringey,Fair treatment,-0.033661245
10/1/2021,Q3_2122,Harrow,Fair treatment,0.033661245
10/1/2021,Q3_2122,Havering,Fair treatment,0.033661245
10/1/2021,Q3_2122,Hillingdon,Fair treatment,0.033661245
10/1/2021,Q3_2122,Hounslow,Fair treatment,0.033661245
10/1/2021,Q3_2122,Islington,Fair treatment,-0.033661245
10/1/2021,Q3_2122,Kensington and Chelsea,Fair treatment,-0.033661245
10/1/2021,Q3_2122,Kingston upon Thames,Fair treatment,0.033661245
10/1/2021,Q3_2122,Lambeth,Fair treatment,-0.033661245
10/1/2021,Q3_2122,Lewisham,Fair treatment,-0.033661245
10/1/2021,Q3_2122,Merton,Fair treatment,0.033661245
10/1/2021,Q3_2122,Newham,Fair treatment,0.033661245
10/1/2021,Q3_2122,Redbridge,Fair treatment,0.033661245
10/1/2021,Q3_2122,Richmond upon Thames,Fair treatment,0.033661245
10/1/2021,Q3_2122,Southwark,Fair treatment,-0.033661245
10/1/2021,Q3_2122,Sutton,Fair treatment,0.033661245
10/1/2021,Q3_2122,Tower Hamlets,Fair treatment,-0.033661245
10/1/2021,Q3_2122,Waltham Forest,Fair treatment,0.033661245
10/1/2021,Q3_2122,Wandsworth,Fair treatment,0.033661245
10/1/2021,Q3_2122,Westminster,Fair treatment,-0.033661245
10/1/2021,Q3_2122,Barking and Dagenham,Trust MPS,0.026660675
10/1/2021,Q3_2122,Barnet,Trust MPS,0.026660675
10/1/2021,Q3_2122,Bexley,Trust MPS,0.026660675
10/1/2021,Q3_2122,Brent,Trust MPS,0.026660675
10/1/2021,Q3_2122,Bromley,Trust MPS,0.026660675
10/1/2021,Q3_2122,Camden,Trust MPS,-0.026660675
10/1/2021,Q3_2122,Croydon,Trust MPS,0.026660675
10/1/2021,Q3_2122,Ealing,Trust MPS,0.026660675
10/1/2021,Q3_2122,Enfield,Trust MPS,0.026660675
10/1/2021,Q3_2122,Greenwich,Trust MPS,-0.026660675
10/1/2021,Q3_2122,Hackney,Trust MPS,-0.026660675
10/1/2021,Q3_2122,Hammersmith and Fulham,Trust MPS,-0.026660675
10/1/2021,Q3_2122,Haringey,Trust MPS,-0.026660675
10/1/2021,Q3_2122,Harrow,Trust MPS,0.026660675
10/1/2021,Q3_2122,Havering,Trust MPS,0.026660675
10/1/2021,Q3_2122,Hillingdon,Trust MPS,0.026660675
10/1/2021,Q3_2122,Hounslow,Trust MPS,0.026660675
10/1/2021,Q3_2122,Islington,Trust MPS,-0.026660675
10/1/2021,Q3_2122,Kensington and Chelsea,Trust MPS,-0.026660675
10/1/2021,Q3_2122,Kingston upon Thames,Trust MPS,0.026660675
10/1/2021,Q3_2122,Lambeth,Trust MPS,-0.026660675
10/1/2021,Q3_2122,Lewisham,Trust MPS,-0.026660675
10/1/2021,Q3_2122,Merton,Trust MPS,0.026660675
10/1/2021,Q3_2122,Newham,Trust MPS,-0.026660675
10/1/2021,Q3_2122,Redbridge,Trust MPS,0.026660675
10/1/2021,Q3_2122,Richmond upon Thames,Trust MPS,0.026660675
10/1/2021,Q3_2122,Southwark,Trust MPS,-0.026660675
10/1/2021,Q3_2122,Sutton,Trust MPS,0.026660675
10/1/2021,Q3_2122,Tower Hamlets,Trust MPS,-0.026660675
10/1/2021,Q3_2122,Waltham Forest,Trust MPS,0.026660675
10/1/2021,Q3_2122,Wandsworth,Trust MPS,0.026660675
10/1/2021,Q3_2122,Westminster,Trust MPS,-0.026660675
7/1/2021,Q2_2122,Barking and Dagenham,Fair treatment,0.028837942
7/1/2021,Q2_2122,Barnet,Fair treatment,0.028837942
7/1/2021,Q2_2122,Bexley,Fair treatment,0.028837942
7/1/2021,Q2_2122,Brent,Fair treatment,0.028837942
7/1/2021,Q2_2122,Bromley,Fair treatment,0.028837942
7/1/2021,Q2_2122,Camden,Fair treatment,-0.028837942
7/1/2021,Q2_2122,Croydon,Fair treatment,0.028837942
7/1/2021,Q2_2122,Ealing,Fair treatment,0.028837942
7/1/2021,Q2_2122,Enfield,Fair treatment,0.028837942
7/1/2021,Q2_2122,Greenwich,Fair treatment,0.028837942
7/1/2021,Q2_2122,Hackney,Fair treatment,-0.028837942
7/1/2021,Q2_2122,Hammersmith and Fulham,Fair treatment,-0.028837942
7/1/2021,Q2_2122,Haringey,Fair treatment,-0.028837942
7/1/2021,Q2_2122,Harrow,Fair treatment,0.028837942
7/1/2021,Q2_2122,Havering,Fair treatment,0.028837942
7/1/2021,Q2_2122,Hillingdon,Fair treatment,0.028837942
7/1/2021,Q2_2122,Hounslow,Fair treatment,0.028837942
7/1/2021,Q2_2122,Islington,Fair treatment,-0.028837942
7/1/2021,Q2_2122,Kensington and Chelsea,Fair treatment,-0.028837942
7/1/2021,Q2_2122,Kingston upon Thames,Fair treatment,0.028837942
7/1/2021,Q2_2122,Lambeth,Fair treatment,-0.028837942
7/1/2021,Q2_2122,Lewisham,Fair treatment,-0.028837942
7/1/2021,Q2_2122,Merton,Fair treatment,0.028837942
7/1/2021,Q2_2122,Newham,Fair treatment,0.028837942
7/1/2021,Q2_2122,Redbridge,Fair treatment,0.028837942
7/1/2021,Q2_2122,Richmond upon Thames,Fair treatment,0.028837942
7/1/2021,Q2_2122,Southwark,Fair treatment,-0.028837942
7/1/2021,Q2_2122,Sutton,Fair treatment,0.028837942
7/1/2021,Q2_2122,Tower Hamlets,Fair treatment,-0.028837942
7/1/2021,Q2_2122,Waltham Forest,Fair treatment,0.028837942
7/1/2021,Q2_2122,Wandsworth,Fair treatment,0.028837942
7/1/2021,Q2_2122,Westminster,Fair treatment,-0.028837942
7/1/2021,Q2_2122,Barking and Dagenham,Trust MPS,0.022940565
7/1/2021,Q2_2122,Barnet,Trust MPS,0.022940565
7/1/2021,Q2_2122,Bexley,Trust MPS,0.022940565
7/1/2021,Q2_2122,Brent,Trust MPS,0.022940565
7/1/2021,Q2_2122,Bromley,Trust MPS,0.022940565
7/1/2021,Q2_2122,Camden,Trust MPS,-0.022940565
7/1/2021,Q2_2122,Croydon,Trust MPS,0.022940565
7/1/2021,Q2_2122,Ealing,Trust MPS,0.022940565
7/1/2021,Q2_2122,Enfield,Trust MPS,0.022940565
7/1/2021,Q2_2122,Greenwich,Trust MPS,-0.022940565
7/1/2021,Q2_2122,Hackney,Trust MPS,-0.022940565
7/1/2021,Q2_2122,Hammersmith and Fulham,Trust MPS,-0.022940565
7/1/2021,Q2_2122,Haringey,Trust MPS,-0.022940565
7/1/2021,Q2_2122,Harrow,Trust MPS,0.022940565
7/1/2021,Q2_2122,Havering,Trust MPS,0.022940565
7/1/2021,Q2_2122,Hillingdon,Trust MPS,0.022940565
7/1/2021,Q2_2122,Hounslow,Trust MPS,0.022940565
7/1/2021,Q2_2122,Islington,Trust MPS,-0.022940565
7/1/2021,Q2_2122,Kensington and Chelsea,Trust MPS,-0.022940565
7/1/2021,Q2_2122,Kingston upon Thames,Trust MPS,0.022940565
7/1/2021,Q2_2122,Lambeth,Trust MPS,-0.022940565
7/1/2021,Q2_2122,Lewisham,Trust MPS,-0.022940565
7/1/2021,Q2_2122,Merton,Trust MPS,0.022940565
7/1/2021,Q2_2122,Newham,Trust MPS,0.022940565
7/1/2021,Q2_2122,Redbridge,Trust MPS,0.022940565
7/1/2021,Q2_2122,Richmond upon Thames,Trust MPS,0.022940565
7/1/2021,Q2_2122,Southwark,Trust MPS,-0.022940565
7/1/2021,Q2_2122,Sutton,Trust MPS,0.022940565
7/1/2021,Q2_2122,Tower Hamlets,Trust MPS,-0.022940565
7/1/2021,Q2_2122,Waltham Forest,Trust MPS,0.022940565
7/1/2021,Q2_2122,Wandsworth,Trust MPS,0.022940565
7/1/2021,Q2_2122,Westminster,Trust MPS,-0.022940565
7/1/2021,Q2_2122,Barking and Dagenham,Good job,-0.025982082
7/1/2021,Q2_2122,Barnet,Good job,0.025982082
7/1/2021,Q2_2122,Bexley,Good job,0.025982082
7/1/2021,Q2_2122,Brent,Good job,0.025982082
7/1/2021,Q2_2122,Bromley,Good job,0.025982082
7/1/2021,Q2_2122,Camden,Good job,-0.025982082
7/1/2021,Q2_2122,Croydon,Good job,0.025982082
7/1/2021,Q2_2122,Ealing,Good job,0.025982082
7/1/2021,Q2_2122,Enfield,Good job,0.025982082
7/1/2021,Q2_2122,Greenwich,Good job,0.025982082
7/1/2021,Q2_2122,Hackney,Good job,-0.025982082
7/1/2021,Q2_2122,Hammersmith and Fulham,Good job,-0.025982082
7/1/2021,Q2_2122,Haringey,Good job,-0.025982082
7/1/2021,Q2_2122,Harrow,Good job,0.025982082
7/1/2021,Q2_2122,Havering,Good job,0.025982082
7/1/2021,Q2_2122,Hillingdon,Good job,0.025982082
7/1/2021,Q2_2122,Hounslow,Good job,0.025982082
7/1/2021,Q2_2122,Islington,Good job,-0.025982082
7/1/2021,Q2_2122,Kensington and Chelsea,Good job,-0.025982082
7/1/2021,Q2_2122,Kingston upon Thames,Good job,0.025982082
7/1/2021,Q2_2122,Lambeth,Good job,-0.025982082
7/1/2021,Q2_2122,Lewisham,Good job,-0.025982082
7/1/2021,Q2_2122,Merton,Good job,0.025982082
7/1/2021,Q2_2122,Newham,Good job,-0.025982082
7/1/2021,Q2_2122,Redbridge,Good job,0.025982082
7/1/2021,Q2_2122,Richmond upon Thames,Good job,0.025982082
7/1/2021,Q2_2122,Southwark,Good job,-0.025982082
7/1/2021,Q2_2122,Sutton,Good job,0.025982082
7/1/2021,Q2_2122,Tower Hamlets,Good job,-0.025982082
7/1/2021,Q2_2122,Waltham Forest,Good job,0.025982082
7/1/2021,Q2_2122,Wandsworth,Good job,0.025982082
7/1/2021,Q2_2122,Westminster,Good job,-0.025982082
4/1/2021,Q1_2122,Barking and Dagenham,Fair treatment,-0.022718326
4/1/2021,Q1_2122,Barnet,Fair treatment,0.022718326
4/1/2021,Q1_2122,Bexley,Fair treatment,0.022718326
4/1/2021,Q1_2122,Brent,Fair treatment,0.022718326
4/1/2021,Q1_2122,Bromley,Fair treatment,0.022718326
4/1/2021,Q1_2122,Camden,Fair treatment,-0.022718326
4/1/2021,Q1_2122,Croydon,Fair treatment,-0.022718326
4/1/2021,Q1_2122,Ealing,Fair treatment,0.022718326
4/1/2021,Q1_2122,Enfield,Fair treatment,-0.022718326
4/1/2021,Q1_2122,Greenwich,Fair treatment,-0.022718326
4/1/2021,Q1_2122,Hackney,Fair treatment,-0.022718326
4/1/2021,Q1_2122,Hammersmith and Fulham,Fair treatment,-0.022718326
4/1/2021,Q1_2122,Haringey,Fair treatment,-0.022718326
4/1/2021,Q1_2122,Harrow,Fair treatment,0.022718326
4/1/2021,Q1_2122,Havering,Fair treatment,0.022718326
4/1/2021,Q1_2122,Hillingdon,Fair treatment,0.022718326
4/1/2021,Q1_2122,Hounslow,Fair treatment,0.022718326
4/1/2021,Q1_2122,Islington,Fair treatment,-0.022718326
4/1/2021,Q1_2122,Kensington and Chelsea,Fair treatment,-0.022718326
4/1/2021,Q1_2122,Kingston upon Thames,Fair treatment,0.022718326
4/1/2021,Q1_2122,Lambeth,Fair treatment,-0.022718326
4/1/2021,Q1_2122,Lewisham,Fair treatment,-0.022718326
4/1/2021,Q1_2122,Merton,Fair treatment,0.022718326
4/1/2021,Q1_2122,Newham,Fair treatment,0.022718326
4/1/2021,Q1_2122,Redbridge,Fair treatment,0.022718326
4/1/2021,Q1_2122,Richmond upon Thames,Fair treatment,0.022718326
4/1/2021,Q1_2122,Southwark,Fair treatment,-0.022718326
4/1/2021,Q1_2122,Sutton,Fair treatment,0.022718326
4/1/2021,Q1_2122,Tower Hamlets,Fair treatment,-0.022718326
4/1/2021,Q1_2122,Waltham Forest,Fair treatment,0.022718326
4/1/2021,Q1_2122,Wandsworth,Fair treatment,0.022718326
4/1/2021,Q1_2122,Westminster,Fair treatment,-0.022718326
4/1/2021,Q1_2122,Barking and Dagenham,Trust MPS,0.018172506
4/1/2021,Q1_2122,Barnet,Trust MPS,0.018172506
4/1/2021,Q1_2122,Bexley,Trust MPS,0.018172506
4/1/2021,Q1_2122,Brent,Trust MPS,0.018172506
4/1/2021,Q1_2122,Bromley,Trust MPS,0.018172506
4/1/2021,Q1_2122,Camden,Trust MPS,-0.018172506
4/1/2021,Q1_2122,Croydon,Trust MPS,0.018172506
4/1/2021,Q1_2122,Ealing,Trust MPS,0.018172506
4/1/2021,Q1_2122,Enfield,Trust MPS,-0.018172506
4/1/2021,Q1_2122,Greenwich,Trust MPS,-0.018172506
4/1/2021,Q1_2122,Hackney,Trust MPS,-0.018172506
4/1/2021,Q1_2122,Hammersmith and Fulham,Trust MPS,-0.018172506
4/1/2021,Q1_2122,Haringey,Trust MPS,-0.018172506
4/1/2021,Q1_2122,Harrow,Trust MPS,0.018172506
4/1/2021,Q1_2122,Havering,Trust MPS,0.018172506
4/1/2021,Q1_2122,Hillingdon,Trust MPS,0.018172506
4/1/2021,Q1_2122,Hounslow,Trust MPS,0.018172506
4/1/2021,Q1_2122,Islington,Trust MPS,-0.018172506
4/1/2021,Q1_2122,Kensington and Chelsea,Trust MPS,-0.018172506
4/1/2021,Q1_2122,Kingston upon Thames,Trust MPS,0.018172506
4/1/2021,Q1_2122,Lambeth,Trust MPS,-0.018172506
4/1/2021,Q1_2122,Lewisham,Trust MPS,-0.018172506
4/1/2021,Q1_2122,Merton,Trust MPS,0.018172506
4/1/2021,Q1_2122,Newham,Trust MPS,0.018172506
4/1/2021,Q1_2122,Redbridge,Trust MPS,0.018172506
4/1/2021,Q1_2122,Richmond upon Thames,Trust MPS,0.018172506
4/1/2021,Q1_2122,Southwark,Trust MPS,-0.018172506
4/1/2021,Q1_2122,Sutton,Trust MPS,0.018172506
4/1/2021,Q1_2122,Tower Hamlets,Trust MPS,-0.018172506
4/1/2021,Q1_2122,Waltham Forest,Trust MPS,0.018172506
4/1/2021,Q1_2122,Wandsworth,Trust MPS,0.018172506
4/1/2021,Q1_2122,Westminster,Trust MPS,-0.018172506
4/1/2021,Q1_2122,Barking and Dagenham,Good job,-0.020280926
4/1/2021,Q1_2122,Barnet,Good job,0.020280926
4/1/2021,Q1_2122,Bexley,Good job,0.020280926
4/1/2021,Q1_2122,Brent,Good job,0.020280926
4/1/2021,Q1_2122,Bromley,Good job,0.020280926
4/1/2021,Q1_2122,Camden,Good job,-0.020280926
4/1/2021,Q1_2122,Croydon,Good job,-0.020280926
4/1/2021,Q1_2122,Ealing,Good job,0.020280926
4/1/2021,Q1_2122,Enfield,Good job,-0.020280926
4/1/2021,Q1_2122,Greenwich,Good job,-0.020280926
4/1/2021,Q1_2122,Hackney,Good job,-0.020280926
4/1/2021,Q1_2122,Hammersmith and Fulham,Good job,-0.020280926
4/1/2021,Q1_2122,Haringey,Good job,-0.020280926
4/1/2021,Q1_2122,Harrow,Good job,0.020280926
4/1/2021,Q1_2122,Havering,Good job,0.020280926
4/1/2021,Q1_2122,Hillingdon,Good job,0.020280926
4/1/2021,Q1_2122,Hounslow,Good job,0.020280926
4/1/2021,Q1_2122,Islington,Good job,-0.020280926
4/1/2021,Q1_2122,Kensington and Chelsea,Good job,-0.020280926
4/1/2021,Q1_2122,Kingston upon Thames,Good job,0.020280926
4/1/2021,Q1_2122,Lambeth,Good job,-0.020280926
4/1/2021,Q1_2122,Lewisham,Good job,-0.020280926
4/1/2021,Q1_2122,Merton,Good job,0.020280926
4/1/2021,Q1_2122,Newham,Good job,-0.020280926
4/1/2021,Q1_2122,Redbridge,Good job,0.020280926
4/1/2021,Q1_2122,Richmond upon Thames,Good job,0.020280926
4/1/2021,Q1_2122,Southwark,Good job,-0.020280926
4/1/2021,Q1_2122,Sutton,Good job,0.020280926
4/1/2021,Q1_2122,Tower Hamlets,Good job,-0.020280926
4/1/2021,Q1_2122,Waltham Forest,Good job,0.020280926
4/1/2021,Q1_2122,Wandsworth,Good job,0.020280926
4/1/2021,Q1_2122,Westminster,Good job,-0.020280926
1/1/2021,Q4_2021,Barking and Dagenham,Good job,-0.014390914
1/1/2021,Q4_2021,Barnet,Good job,0.014390914
1/1/2021,Q4_2021,Bexley,Good job,0.014390914
1/1/2021,Q4_2021,Brent,Good job,0.014390914
1/1/2021,Q4_2021,Bromley,Good job,0.014390914
1/1/2021,Q4_2021,Camden,Good job,-0.014390914
1/1/2021,Q4_2021,Croydon,Good job,-0.014390914
1/1/2021,Q4_2021,Ealing,Good job,0.014390914
1/1/2021,Q4_2021,Enfield,Good job,-0.014390914
1/1/2021,Q4_2021,Greenwich,Good job,-0.014390914
1/1/2021,Q4_2021,Hackney,Good job,-0.014390914
1/1/2021,Q4_2021,Hammersmith and Fulham,Good job,-0.014390914
1/1/2021,Q4_2021,Haringey,Good job,-0.014390914
1/1/2021,Q4_2021,Harrow,Good job,0.014390914
1/1/2021,Q4_2021,Havering,Good job,0.014390914
1/1/2021,Q4_2021,Hillingdon,Good job,0.014390914
1/1/2021,Q4_2021,Hounslow,Good job,0.014390914
1/1/2021,Q4_2021,Islington,Good job,-0.014390914
1/1/2021,Q4_2021,Kensington and Chelsea,Good job,-0.014390914
1/1/2021,Q4_2021,Kingston upon Thames,Good job,0.014390914
1/1/2021,Q4_2021,Lambeth,Good job,-0.014390914
1/1/2021,Q4_2021,Lewisham,Good job,-0.014390914
1/1/2021,Q4_2021,Merton,Good job,0.014390914
1/1/2021,Q4_2021,Newham,Good job,-0.014390914
1/1/2021,Q4_2021,Redbridge,Good job,-0.014390914
1/1/2021,Q4_2021,Richmond upon Thames,Good job,0.014390914
1/1/2021,Q4_2021,Southwark,Good job,-0.014390914
1/1/2021,Q4_2021,Sutton,Good job,0.014390914
1/1/2021,Q4_2021,Tower Hamlets,Good job,-0.014390914
1/1/2021,Q4_2021,Waltham Forest,Good job,0.014390914
1/1/2021,Q4_2021,Wandsworth,Good job,0.014390914
1/1/2021,Q4_2021,Westminster,Good job,-0.014390914
1/1/2021,Q4_2021,Barking and Dagenham,Fair treatment,-0.015918519
1/1/2021,Q4_2021,Barnet,Fair treatment,0.015918519
1/1/2021,Q4_2021,Bexley,Fair treatment,0.015918519
1/1/2021,Q4_2021,Brent,Fair treatment,0.015918519
1/1/2021,Q4_2021,Bromley,Fair treatment,0.015918519
1/1/2021,Q4_2021,Camden,Fair treatment,-0.015918519
1/1/2021,Q4_2021,Croydon,Fair treatment,-0.015918519
1/1/2021,Q4_2021,Ealing,Fair treatment,0.015918519
1/1/2021,Q4_2021,Enfield,Fair treatment,-0.015918519
1/1/2021,Q4_2021,Greenwich,Fair treatment,-0.015918519
1/1/2021,Q4_2021,Hackney,Fair treatment,-0.015918519
1/1/2021,Q4_2021,Hammersmith and Fulham,Fair treatment,-0.015918519
1/1/2021,Q4_2021,Haringey,Fair treatment,-0.015918519
1/1/2021,Q4_2021,Harrow,Fair treatment,0.015918519
1/1/2021,Q4_2021,Havering,Fair treatment,0.015918519
1/1/2021,Q4_2021,Hillingdon,Fair treatment,0.015918519
1/1/2021,Q4_2021,Hounslow,Fair treatment,0.015918519
1/1/2021,Q4_2021,Islington,Fair treatment,-0.015918519
1/1/2021,Q4_2021,Kensington and Chelsea,Fair treatment,-0.015918519
1/1/2021,Q4_2021,Kingston upon Thames,Fair treatment,0.015918519
1/1/2021,Q4_2021,Lambeth,Fair treatment,-0.015918519
1/1/2021,Q4_2021,Lewisham,Fair treatment,-0.015918519
1/1/2021,Q4_2021,Merton,Fair treatment,0.015918519
1/1/2021,Q4_2021,Newham,Fair treatment,0.015918519
1/1/2021,Q4_2021,Redbridge,Fair treatment,0.015918519
1/1/2021,Q4_2021,Richmond upon Thames,Fair treatment,0.015918519
1/1/2021,Q4_2021,Southwark,Fair treatment,-0.015918519
1/1/2021,Q4_2021,Sutton,Fair treatment,0.015918519
1/1/2021,Q4_2021,Tower Hamlets,Fair treatment,-0.015918519
1/1/2021,Q4_2021,Waltham Forest,Fair treatment,0.015918519
1/1/2021,Q4_2021,Wandsworth,Fair treatment,0.015918519
1/1/2021,Q4_2021,Westminster,Fair treatment,-0.015918519
1/1/2021,Q4_2021,Barking and Dagenham,Trust MPS,-0.012220565
1/1/2021,Q4_2021,Barnet,Trust MPS,0.012220565
1/1/2021,Q4_2021,Bexley,Trust MPS,0.012220565
1/1/2021,Q4_2021,Brent,Trust MPS,-0.012220565
1/1/2021,Q4_2021,Bromley,Trust MPS,0.012220565
1/1/2021,Q4_2021,Camden,Trust MPS,-0.012220565
1/1/2021,Q4_2021,Croydon,Trust MPS,-0.012220565
1/1/2021,Q4_2021,Ealing,Trust MPS,0.012220565
1/1/2021,Q4_2021,Enfield,Trust MPS,-0.012220565
1/1/2021,Q4_2021,Greenwich,Trust MPS,-0.012220565
1/1/2021,Q4_2021,Hackney,Trust MPS,-0.012220565
1/1/2021,Q4_2021,Hammersmith and Fulham,Trust MPS,-0.012220565
1/1/2021,Q4_2021,Haringey,Trust MPS,-0.012220565
1/1/2021,Q4_2021,Harrow,Trust MPS,0.012220565
1/1/2021,Q4_2021,Havering,Trust MPS,0.012220565
1/1/2021,Q4_2021,Hillingdon,Trust MPS,0.012220565
1/1/2021,Q4_2021,Hounslow,Trust MPS,0.012220565
1/1/2021,Q4_2021,Islington,Trust MPS,-0.012220565
1/1/2021,Q4_2021,Kensington and Chelsea,Trust MPS,-0.012220565
1/1/2021,Q4_2021,Kingston upon Thames,Trust MPS,0.012220565
1/1/2021,Q4_2021,Lambeth,Trust MPS,-0.012220565
1/1/2021,Q4_2021,Lewisham,Trust MPS,-0.012220565
1/1/2021,Q4_2021,Merton,Trust MPS,0.012220565
1/1/2021,Q4_2021,Newham,Trust MPS,-0.012220565
1/1/2021,Q4_2021,Redbridge,Trust MPS,0.012220565
1/1/2021,Q4_2021,Richmond upon Thames,Trust MPS,0.012220565
1/1/2021,Q4_2021,Southwark,Trust MPS,-0.012220565
1/1/2021,Q4_2021,Sutton,Trust MPS,0.012220565
1/1/2021,Q4_2021,Tower Hamlets,Trust MPS,-0.012220565
1/1/2021,Q4_2021,Waltham Forest,Trust MPS,0.012220565
1/1/2021,Q4_2021,Wandsworth,Trust MPS,0.012220565
1/1/2021,Q4_2021,Westminster,Trust MPS,-0.012220565
10/1/2020,Q3_2021,Barking and Dagenham,Good job,-0.018464726
10/1/2020,Q3_2021,Barnet,Good job,0.018464726
10/1/2020,Q3_2021,Bexley,Good job,0.018464726
10/1/2020,Q3_2021,Brent,Good job,0.018464726
10/1/2020,Q3_2021,Bromley,Good job,0.018464726
10/1/2020,Q3_2021,Camden,Good job,-0.018464726
10/1/2020,Q3_2021,Croydon,Good job,-0.018464726
10/1/2020,Q3_2021,Ealing,Good job,0.018464726
10/1/2020,Q3_2021,Enfield,Good job,-0.018464726
10/1/2020,Q3_2021,Greenwich,Good job,-0.018464726
10/1/2020,Q3_2021,Hackney,Good job,-0.018464726
10/1/2020,Q3_2021,Hammersmith and Fulham,Good job,-0.018464726
10/1/2020,Q3_2021,Haringey,Good job,-0.018464726
10/1/2020,Q3_2021,Harrow,Good job,0.018464726
10/1/2020,Q3_2021,Havering,Good job,0.018464726
10/1/2020,Q3_2021,Hillingdon,Good job,0.018464726
10/1/2020,Q3_2021,Hounslow,Good job,0.018464726
10/1/2020,Q3_2021,Islington,Good job,-0.018464726
10/1/2020,Q3_2021,Kensington and Chelsea,Good job,-0.018464726
10/1/2020,Q3_2021,Kingston upon Thames,Good job,0.018464726
10/1/2020,Q3_2021,Lambeth,Good job,-0.018464726
10/1/2020,Q3_2021,Lewisham,Good job,-0.018464726
10/1/2020,Q3_2021,Merton,Good job,0.018464726
10/1/2020,Q3_2021,Newham,Good job,-0.018464726
10/1/2020,Q3_2021,Redbridge,Good job,0.018464726
10/1/2020,Q3_2021,Richmond upon Thames,Good job,0.018464726
10/1/2020,Q3_2021,Southwark,Good job,-0.018464726
10/1/2020,Q3_2021,Sutton,Good job,0.018464726
10/1/2020,Q3_2021,Tower Hamlets,Good job,-0.018464726
10/1/2020,Q3_2021,Waltham Forest,Good job,0.018464726
10/1/2020,Q3_2021,Wandsworth,Good job,0.018464726
10/1/2020,Q3_2021,Westminster,Good job,-0.018464726
10/1/2020,Q3_2021,Barking and Dagenham,Fair treatment,-0.021864681
10/1/2020,Q3_2021,Barnet,Fair treatment,0.021864681
10/1/2020,Q3_2021,Bexley,Fair treatment,0.021864681
10/1/2020,Q3_2021,Brent,Fair treatment,0.021864681
10/1/2020,Q3_2021,Bromley,Fair treatment,0.021864681
10/1/2020,Q3_2021,Camden,Fair treatment,-0.021864681
10/1/2020,Q3_2021,Croydon,Fair treatment,-0.021864681
10/1/2020,Q3_2021,Ealing,Fair treatment,0.021864681
10/1/2020,Q3_2021,Enfield,Fair treatment,-0.021864681
10/1/2020,Q3_2021,Greenwich,Fair treatment,0.021864681
10/1/2020,Q3_2021,Hackney,Fair treatment,-0.021864681
10/1/2020,Q3_2021,Hammersmith and Fulham,Fair treatment,-0.021864681
10/1/2020,Q3_2021,Haringey,Fair treatment,-0.021864681
10/1/2020,Q3_2021,Harrow,Fair treatment,0.021864681
10/1/2020,Q3_2021,Havering,Fair treatment,0.021864681
10/1/2020,Q3_2021,Hillingdon,Fair treatment,0.021864681
10/1/2020,Q3_2021,Hounslow,Fair treatment,0.021864681
10/1/2020,Q3_2021,Islington,Fair treatment,-0.021864681
10/1/2020,Q3_2021,Kensington and Chelsea,Fair treatment,-0.021864681
10/1/2020,Q3_2021,Kingston upon Thames,Fair treatment,0.021864681
10/1/2020,Q3_2021,Lambeth,Fair treatment,-0.021864681
10/1/2020,Q3_2021,Lewisham,Fair treatment,-0.021864681
10/1/2020,Q3_2021,Merton,Fair treatment,0.021864681
10/1/2020,Q3_2021,Newham,Fair treatment,-0.021864681
10/1/2020,Q3_2021,Redbridge,Fair treatment,0.021864681
10/1/2020,Q3_2021,Richmond upon Thames,Fair treatment,0.021864681
10/1/2020,Q3_2021,Southwark,Fair treatment,-0.021864681
10/1/2020,Q3_2021,Sutton,Fair treatment,0.021864681
10/1/2020,Q3_2021,Tower Hamlets,Fair treatment,-0.021864681
10/1/2020,Q3_2021,Waltham Forest,Fair treatment,0.021864681
10/1/2020,Q3_2021,Wandsworth,Fair treatment,0.021864681
10/1/2020,Q3_2021,Westminster,Fair treatment,-0.021864681
10/1/2020,Q3_2021,Barking and Dagenham,Trust MPS,0.016874174
10/1/2020,Q3_2021,Barnet,Trust MPS,0.016874174
10/1/2020,Q3_2021,Bexley,Trust MPS,0.016874174
10/1/2020,Q3_2021,Brent,Trust MPS,0.016874174
10/1/2020,Q3_2021,Bromley,Trust MPS,0.016874174
10/1/2020,Q3_2021,Camden,Trust MPS,-0.016874174
10/1/2020,Q3_2021,Croydon,Trust MPS,0.016874174
10/1/2020,Q3_2021,Ealing,Trust MPS,0.016874174
10/1/2020,Q3_2021,Enfield,Trust MPS,-0.016874174
10/1/2020,Q3_2021,Greenwich,Trust MPS,0.016874174
10/1/2020,Q3_2021,Hackney,Trust MPS,-0.016874174
10/1/2020,Q3_2021,Hammersmith and Fulham,Trust MPS,-0.016874174
10/1/2020,Q3_2021,Haringey,Trust MPS,-0.016874174
10/1/2020,Q3_2021,Harrow,Trust MPS,0.016874174
10/1/2020,Q3_2021,Havering,Trust MPS,0.016874174
10/1/2020,Q3_2021,Hillingdon,Trust MPS,0.016874174
10/1/2020,Q3_2021,Hounslow,Trust MPS,0.016874174
10/1/2020,Q3_2021,Islington,Trust MPS,-0.016874174
10/1/2020,Q3_2021,Kensington and Chelsea,Trust MPS,-0.016874174
10/1/2020,Q3_2021,Kingston upon Thames,Trust MPS,0.016874174
10/1/2020,Q3_2021,Lambeth,Trust MPS,-0.016874174
10/1/2020,Q3_2021,Lewisham,Trust MPS,-0.016874174
10/1/2020,Q3_2021,Merton,Trust MPS,0.016874174
10/1/2020,Q3_2021,Newham,Trust MPS,-0.016874174
10/1/2020,Q3_2021,Redbridge,Trust MPS,0.016874174
10/1/2020,Q3_2021,Richmond upon Thames,Trust MPS,0.016874174
10/1/2020,Q3_2021,Southwark,Trust MPS,-0.016874174
10/1/2020,Q3_2021,Sutton,Trust MPS,0.016874174
10/1/2020,Q3_2021,Tower Hamlets,Trust MPS,-0.016874174
10/1/2020,Q3_2021,Waltham Forest,Trust MPS,0.016874174
10/1/2020,Q3_2021,Wandsworth,Trust MPS,0.016874174
10/1/2020,Q3_2021,Westminster,Trust MPS,-0.016874174
7/1/2020,Q2_2021,Barking and Dagenham,Fair treatment,0.026365346
7/1/2020,Q2_2021,Barnet,Fair treatment,0.026365346
7/1/2020,Q2_2021,Bexley,Fair treatment,0.026365346
7/1/2020,Q2_2021,Brent,Fair treatment,0.026365346
7/1/2020,Q2_2021,Bromley,Fair treatment,0.026365346
7/1/2020,Q2_2021,Camden,Fair treatment,-0.026365346
7/1/2020,Q2_2021,Croydon,Fair treatment,-0.026365346
7/1/2020,Q2_2021,Ealing,Fair treatment,0.026365346
7/1/2020,Q2_2021,Enfield,Fair treatment,0.026365346
7/1/2020,Q2_2021,Greenwich,Fair treatment,0.026365346
7/1/2020,Q2_2021,Hackney,Fair treatment,-0.026365346
7/1/2020,Q2_2021,Hammersmith and Fulham,Fair treatment,-0.026365346
7/1/2020,Q2_2021,Haringey,Fair treatment,-0.026365346
7/1/2020,Q2_2021,Harrow,Fair treatment,0.026365346
7/1/2020,Q2_2021,Havering,Fair treatment,0.026365346
7/1/2020,Q2_2021,Hillingdon,Fair treatment,0.026365346
7/1/2020,Q2_2021,Hounslow,Fair treatment,0.026365346
7/1/2020,Q2_2021,Islington,Fair treatment,-0.026365346
7/1/2020,Q2_2021,Kensington and Chelsea,Fair treatment,-0.026365346
7/1/2020,Q2_2021,Kingston upon Thames,Fair treatment,0.026365346
7/1/2020,Q2_2021,Lambeth,Fair treatment,-0.026365346
7/1/2020,Q2_2021,Lewisham,Fair treatment,-0.026365346
7/1/2020,Q2_2021,Merton,Fair treatment,0.026365346
7/1/2020,Q2_2021,Newham,Fair treatment,0.026365346
7/1/2020,Q2_2021,Redbridge,Fair treatment,0.026365346
7/1/2020,Q2_2021,Richmond upon Thames,Fair treatment,0.026365346
7/1/2020,Q2_2021,Southwark,Fair treatment,-0.026365346
7/1/2020,Q2_2021,Sutton,Fair treatment,0.026365346
7/1/2020,Q2_2021,Tower Hamlets,Fair treatment,-0.026365346
7/1/2020,Q2_2021,Waltham Forest,Fair treatment,0.026365346
7/1/2020,Q2_2021,Wandsworth,Fair treatment,0.026365346
7/1/2020,Q2_2021,Westminster,Fair treatment,-0.026365346
7/1/2020,Q2_2021,Barking and Dagenham,Trust MPS,0.020148418
7/1/2020,Q2_2021,Barnet,Trust MPS,0.020148418
7/1/2020,Q2_2021,Bexley,Trust MPS,0.020148418
7/1/2020,Q2_2021,Brent,Trust MPS,0.020148418
7/1/2020,Q2_2021,Bromley,Trust MPS,0.020148418
7/1/2020,Q2_2021,Camden,Trust MPS,-0.020148418
7/1/2020,Q2_2021,Croydon,Trust MPS,-0.020148418
7/1/2020,Q2_2021,Ealing,Trust MPS,0.020148418
7/1/2020,Q2_2021,Enfield,Trust MPS,0.020148418
7/1/2020,Q2_2021,Greenwich,Trust MPS,0.020148418
7/1/2020,Q2_2021,Hackney,Trust MPS,-0.020148418
7/1/2020,Q2_2021,Hammersmith and Fulham,Trust MPS,-0.020148418
7/1/2020,Q2_2021,Haringey,Trust MPS,-0.020148418
7/1/2020,Q2_2021,Harrow,Trust MPS,0.020148418
7/1/2020,Q2_2021,Havering,Trust MPS,0.020148418
7/1/2020,Q2_2021,Hillingdon,Trust MPS,0.020148418
7/1/2020,Q2_2021,Hounslow,Trust MPS,0.020148418
7/1/2020,Q2_2021,Islington,Trust MPS,-0.020148418
7/1/2020,Q2_2021,Kensington and Chelsea,Trust MPS,-0.020148418
7/1/2020,Q2_2021,Kingston upon Thames,Trust MPS,0.020148418
7/1/2020,Q2_2021,Lambeth,Trust MPS,-0.020148418
7/1/2020,Q2_2021,Lewisham,Trust MPS,-0.020148418
7/1/2020,Q2_2021,Merton,Trust MPS,0.020148418
7/1/2020,Q2_2021,Newham,Trust MPS,-0.020148418
7/1/2020,Q2_2021,Redbridge,Trust MPS,0.020148418
7/1/2020,Q2_2021,Richmond upon Thames,Trust MPS,0.020148418
7/1/2020,Q2_2021,Southwark,Trust MPS,-0.020148418
7/1/2020,Q2_2021,Sutton,Trust MPS,0.020148418
7/1/2020,Q2_2021,Tower Hamlets,Trust MPS,-0.020148418
7/1/2020,Q2_2021,Waltham Forest,Trust MPS,0.020148418
7/1/2020,Q2_2021,Wandsworth,Trust MPS,0.020148418
7/1/2020,Q2_2021,Westminster,Trust MPS,-0.020148418
7/1/2020,Q2_2021,Barking and Dagenham,Good job,0.020947179
7/1/2020,Q2_2021,Barnet,Good job,0.020947179
7/1/2020,Q2_2021,Bexley,Good job,0.020947179
7/1/2020,Q2_2021,Brent,Good job,0.020947179
7/1/2020,Q2_2021,Bromley,Good job,0.020947179
7/1/2020,Q2_2021,Camden,Good job,-0.020947179
7/1/2020,Q2_2021,Croydon,Good job,-0.020947179
7/1/2020,Q2_2021,Ealing,Good job,0.020947179
7/1/2020,Q2_2021,Enfield,Good job,-0.020947179
7/1/2020,Q2_2021,Greenwich,Good job,-0.020947179
7/1/2020,Q2_2021,Hackney,Good job,-0.020947179
7/1/2020,Q2_2021,Hammersmith and Fulham,Good job,-0.020947179
7/1/2020,Q2_2021,Haringey,Good job,-0.020947179
7/1/2020,Q2_2021,Harrow,Good job,0.020947179
7/1/2020,Q2_2021,Havering,Good job,0.020947179
7/1/2020,Q2_2021,Hillingdon,Good job,0.020947179
7/1/2020,Q2_2021,Hounslow,Good job,0.020947179
7/1/2020,Q2_2021,Islington,Good job,-0.020947179
7/1/2020,Q2_2021,Kensington and Chelsea,Good job,-0.020947179
7/1/2020,Q2_2021,Kingston upon Thames,Good job,0.020947179
7/1/2020,Q2_2021,Lambeth,Good job,-0.020947179
7/1/2020,Q2_2021,Lewisham,Good job,-0.020947179
7/1/2020,Q2_2021,Merton,Good job,0.020947179
7/1/2020,Q2_2021,Newham,Good job,-0.020947179
7/1/2020,Q2_2021,Redbridge,Good job,0.020947179
7/1/2020,Q2_2021,Richmond upon Thames,Good job,0.020947179
7/1/2020,Q2_2021,Southwark,Good job,-0.020947179
7/1/2020,Q2_2021,Sutton,Good job,0.020947179
7/1/2020,Q2_2021,Tower Hamlets,Good job,-0.020947179
7/1/2020,Q2_2021,Waltham Forest,Good job,-0.020947179
7/1/2020,Q2_2021,Wandsworth,Good job,0.020947179
7/1/2020,Q2_2021,Westminster,Good job,-0.020947179
4/1/2020,Q1_2021,Barking and Dagenham,Fair treatment,-0.018626116
4/1/2020,Q1_2021,Barnet,Fair treatment,0.018626116
4/1/2020,Q1_2021,Bexley,Fair treatment,0.018626116
4/1/2020,Q1_2021,Brent,Fair treatment,0.018626116
4/1/2020,Q1_2021,Bromley,Fair treatment,0.018626116
4/1/2020,Q1_2021,Camden,Fair treatment,-0.018626116
4/1/2020,Q1_2021,Croydon,Fair treatment,-0.018626116
4/1/2020,Q1_2021,Ealing,Fair treatment,0.018626116
4/1/2020,Q1_2021,Enfield,Fair treatment,-0.018626116
4/1/2020,Q1_2021,Greenwich,Fair treatment,-0.018626116
4/1/2020,Q1_2021,Hackney,Fair treatment,-0.018626116
4/1/2020,Q1_2021,Hammersmith and Fulham,Fair treatment,-0.018626116
4/1/2020,Q1_2021,Haringey,Fair treatment,-0.018626116
4/1/2020,Q1_2021,Harrow,Fair treatment,0.018626116
4/1/2020,Q1_2021,Havering,Fair treatment,0.018626116
4/1/2020,Q1_2021,Hillingdon,Fair treatment,0.018626116
4/1/2020,Q1_2021,Hounslow,Fair treatment,0.018626116
4/1/2020,Q1_2021,Islington,Fair treatment,-0.018626116
4/1/2020,Q1_2021,Kensington and Chelsea,Fair treatment,-0.018626116
4/1/2020,Q1_2021,Kingston upon Thames,Fair treatment,0.018626116
4/1/2020,Q1_2021,Lambeth,Fair treatment,-0.018626116
4/1/2020,Q1_2021,Lewisham,Fair treatment,-0.018626116
4/1/2020,Q1_2021,Merton,Fair treatment,0.018626116
4/1/2020,Q1_2021,Newham,Fair treatment,0.018626116
4/1/2020,Q1_2021,Redbridge,Fair treatment,0.018626116
4/1/2020,Q1_2021,Richmond upon Thames,Fair treatment,0.018626116
4/1/2020,Q1_2021,Southwark,Fair treatment,-0.018626116
4/1/2020,Q1_2021,Sutton,Fair treatment,0.018626116
4/1/2020,Q1_2021,Tower Hamlets,Fair treatment,-0.018626116
4/1/2020,Q1_2021,Waltham Forest,Fair treatment,-0.018626116
4/1/2020,Q1_2021,Wandsworth,Fair treatment,0.018626116
4/1/2020,Q1_2021,Westminster,Fair treatment,-0.018626116
4/1/2020,Q1_2021,Barking and Dagenham,Trust MPS,-0.012370191
4/1/2020,Q1_2021,Barnet,Trust MPS,0.012370191
4/1/2020,Q1_2021,Bexley,Trust MPS,0.012370191
4/1/2020,Q1_2021,Brent,Trust MPS,0.012370191
4/1/2020,Q1_2021,Bromley,Trust MPS,0.012370191
4/1/2020,Q1_2021,Camden,Trust MPS,-0.012370191
4/1/2020,Q1_2021,Croydon,Trust MPS,-0.012370191
4/1/2020,Q1_2021,Ealing,Trust MPS,0.012370191
4/1/2020,Q1_2021,Enfield,Trust MPS,-0.012370191
4/1/2020,Q1_2021,Greenwich,Trust MPS,-0.012370191
4/1/2020,Q1_2021,Hackney,Trust MPS,-0.012370191
4/1/2020,Q1_2021,Hammersmith and Fulham,Trust MPS,-0.012370191
4/1/2020,Q1_2021,Haringey,Trust MPS,-0.012370191
4/1/2020,Q1_2021,Harrow,Trust MPS,0.012370191
4/1/2020,Q1_2021,Havering,Trust MPS,0.012370191
4/1/2020,Q1_2021,Hillingdon,Trust MPS,0.012370191
4/1/2020,Q1_2021,Hounslow,Trust MPS,0.012370191
4/1/2020,Q1_2021,Islington,Trust MPS,-0.012370191
4/1/2020,Q1_2021,Kensington and Chelsea,Trust MPS,-0.012370191
4/1/2020,Q1_2021,Kingston upon Thames,Trust MPS,0.012370191
4/1/2020,Q1_2021,Lambeth,Trust MPS,-0.012370191
4/1/2020,Q1_2021,Lewisham,Trust MPS,-0.012370191
4/1/2020,Q1_2021,Merton,Trust MPS,0.012370191
4/1/2020,Q1_2021,Newham,Trust MPS,-0.012370191
4/1/2020,Q1_2021,Redbridge,Trust MPS,0.012370191
4/1/2020,Q1_2021,Richmond upon Thames,Trust MPS,0.012370191
4/1/2020,Q1_2021,Southwark,Trust MPS,-0.012370191
4/1/2020,Q1_2021,Sutton,Trust MPS,0.012370191
4/1/2020,Q1_2021,Tower Hamlets,Trust MPS,-0.012370191
4/1/2020,Q1_2021,Waltham Forest,Trust MPS,-0.012370191
4/1/2020,Q1_2021,Wandsworth,Trust MPS,0.012370191
4/1/2020,Q1_2021,Westminster,Trust MPS,-0.012370191
4/1/2020,Q1_2021,Barking and Dagenham,Good job,-0.014494176
4/1/2020,Q1_2021,Barnet,Good job,0.014494176
4/1/2020,Q1_2021,Bexley,Good job,0.014494176
4/1/2020,Q1_2021,Brent,Good job,-0.014494176
4/1/2020,Q1_2021,Bromley,Good job,0.014494176
4/1/2020,Q1_2021,Camden,Good job,-0.014494176
4/1/2020,Q1_2021,Croydon,Good job,-0.014494176
4/1/2020,Q1_2021,Ealing,Good job,0.014494176
4/1/2020,Q1_2021,Enfield,Good job,-0.014494176
4/1/2020,Q1_2021,Greenwich,Good job,-0.014494176
4/1/2020,Q1_2021,Hackney,Good job,-0.014494176
4/1/2020,Q1_2021,Hammersmith and Fulham,Good job,-0.014494176
4/1/2020,Q1_2021,Haringey,Good job,-0.014494176
4/1/2020,Q1_2021,Harrow,Good job,0.014494176
4/1/2020,Q1_2021,Havering,Good job,0.014494176
4/1/2020,Q1_2021,Hillingdon,Good job,0.014494176
4/1/2020,Q1_2021,Hounslow,Good job,0.014494176
4/1/2020,Q1_2021,Islington,Good job,-0.014494176
4/1/2020,Q1_2021,Kensington and Chelsea,Good job,0.014494176
4/1/2020,Q1_2021,Kingston upon Thames,Good job,0.014494176
4/1/2020,Q1_2021,Lambeth,Good job,-0.014494176
4/1/2020,Q1_2021,Lewisham,Good job,-0.014494176
4/1/2020,Q1_2021,Merton,Good job,0.014494176
4/1/2020,Q1_2021,Newham,Good job,-0.014494176
4/1/2020,Q1_2021,Redbridge,Good job,0.014494176
4/1/2020,Q1_2021,Richmond upon Thames,Good job,0.014494176
4/1/2020,Q1_2021,Southwark,Good job,-0.014494176
4/1/2020,Q1_2021,Sutton,Good job,0.014494176
4/1/2020,Q1_2021,Tower Hamlets,Good job,-0.014494176
4/1/2020,Q1_2021,Waltham Forest,Good job,-0.014494176
4/1/2020,Q1_2021,Wandsworth,Good job,0.014494176
4/1/2020,Q1_2021,Westminster,Good job,-0.014494176
1/1/2020,Q4_1920,Barking and Dagenham,Good job,0.028847307
1/1/2020,Q4_1920,Barnet,Good job,0.028847307
1/1/2020,Q4_1920,Bexley,Good job,0.028847307
1/1/2020,Q4_1920,Brent,Good job,0.028847307
1/1/2020,Q4_1920,Bromley,Good job,0.028847307
1/1/2020,Q4_1920,Camden,Good job,-0.028847307
1/1/2020,Q4_1920,Croydon,Good job,-0.028847307
1/1/2020,Q4_1920,Ealing,Good job,0.028847307
1/1/2020,Q4_1920,Enfield,Good job,-0.028847307
1/1/2020,Q4_1920,Greenwich,Good job,0.028847307
1/1/2020,Q4_1920,Hackney,Good job,-0.028847307
1/1/2020,Q4_1920,Hammersmith and Fulham,Good job,-0.028847307
1/1/2020,Q4_1920,Haringey,Good job,-0.028847307
1/1/2020,Q4_1920,Harrow,Good job,0.028847307
1/1/2020,Q4_1920,Havering,Good job,0.028847307
1/1/2020,Q4_1920,Hillingdon,Good job,0.028847307
1/1/2020,Q4_1920,Hounslow,Good job,0.028847307
1/1/2020,Q4_1920,Islington,Good job,-0.028847307
1/1/2020,Q4_1920,Kensington and Chelsea,Good job,-0.028847307
1/1/2020,Q4_1920,Kingston upon Thames,Good job,0.028847307
1/1/2020,Q4_1920,Lambeth,Good job,-0.028847307
1/1/2020,Q4_1920,Lewisham,Good job,0.028847307
1/1/2020,Q4_1920,Merton,Good job,0.028847307
1/1/2020,Q4_1920,Newham,Good job,-0.028847307
1/1/2020,Q4_1920,Redbridge,Good job,0.028847307
1/1/2020,Q4_1920,Richmond upon Thames,Good job,0.028847307
1/1/2020,Q4_1920,Southwark,Good job,-0.028847307
1/1/2020,Q4_1920,Sutton,Good job,0.028847307
1/1/2020,Q4_1920,Tower Hamlets,Good job,-0.028847307
1/1/2020,Q4_1920,Waltham Forest,Good job,-0.028847307
1/1/2020,Q4_1920,Wandsworth,Good job,0.028847307
1/1/2020,Q4_1920,Westminster,Good job,-0.028847307
1/1/2020,Q4_1920,Barking and Dagenham,Fair treatment,0.038651387
1/1/2020,Q4_1920,Barnet,Fair treatment,0.038651387
1/1/2020,Q4_1920,Bexley,Fair treatment,0.038651387
1/1/2020,Q4_1920,Brent,Fair treatment,0.038651387
1/1/2020,Q4_1920,Bromley,Fair treatment,0.038651387
1/1/2020,Q4_1920,Camden,Fair treatment,-0.038651387
1/1/2020,Q4_1920,Croydon,Fair treatment,0.038651387
1/1/2020,Q4_1920,Ealing,Fair treatment,0.038651387
1/1/2020,Q4_1920,Enfield,Fair treatment,-0.038651387
1/1/2020,Q4_1920,Greenwich,Fair treatment,0.038651387
1/1/2020,Q4_1920,Hackney,Fair treatment,-0.038651387
1/1/2020,Q4_1920,Hammersmith and Fulham,Fair treatment,-0.038651387
1/1/2020,Q4_1920,Haringey,Fair treatment,-0.038651387
1/1/2020,Q4_1920,Harrow,Fair treatment,0.038651387
1/1/2020,Q4_1920,Havering,Fair treatment,0.038651387
1/1/2020,Q4_1920,Hillingdon,Fair treatment,0.038651387
1/1/2020,Q4_1920,Hounslow,Fair treatment,0.038651387
1/1/2020,Q4_1920,Islington,Fair treatment,-0.038651387
1/1/2020,Q4_1920,Kensington and Chelsea,Fair treatment,-0.038651387
1/1/2020,Q4_1920,Kingston upon Thames,Fair treatment,0.038651387
1/1/2020,Q4_1920,Lambeth,Fair treatment,-0.038651387
1/1/2020,Q4_1920,Lewisham,Fair treatment,-0.038651387
1/1/2020,Q4_1920,Merton,Fair treatment,0.038651387
1/1/2020,Q4_1920,Newham,Fair treatment,0.038651387
1/1/2020,Q4_1920,Redbridge,Fair treatment,0.038651387
1/1/2020,Q4_1920,Richmond upon Thames,Fair treatment,0.038651387
1/1/2020,Q4_1920,Southwark,Fair treatment,-0.038651387
1/1/2020,Q4_1920,Sutton,Fair treatment,0.038651387
1/1/2020,Q4_1920,Tower Hamlets,Fair treatment,-0.038651387
1/1/2020,Q4_1920,Waltham Forest,Fair treatment,0.038651387
1/1/2020,Q4_1920,Wandsworth,Fair treatment,0.038651387
1/1/2020,Q4_1920,Westminster,Fair treatment,-0.038651387
1/1/2020,Q4_1920,Barking and Dagenham,Trust MPS,0.031091105
1/1/2020,Q4_1920,Barnet,Trust MPS,0.031091105
1/1/2020,Q4_1920,Bexley,Trust MPS,0.031091105
1/1/2020,Q4_1920,Brent,Trust MPS,0.031091105
1/1/2020,Q4_1920,Bromley,Trust MPS,0.031091105
1/1/2020,Q4_1920,Camden,Trust MPS,-0.031091105
1/1/2020,Q4_1920,Croydon,Trust MPS,0.031091105
1/1/2020,Q4_1920,Ealing,Trust MPS,0.031091105
1/1/2020,Q4_1920,Enfield,Trust MPS,0.031091105
1/1/2020,Q4_1920,Greenwich,Trust MPS,0.031091105
1/1/2020,Q4_1920,Hackney,Trust MPS,-0.031091105
1/1/2020,Q4_1920,Hammersmith and Fulham,Trust MPS,-0.031091105
1/1/2020,Q4_1920,Haringey,Trust MPS,-0.031091105
1/1/2020,Q4_1920,Harrow,Trust MPS,0.031091105
1/1/2020,Q4_1920,Havering,Trust MPS,0.031091105
1/1/2020,Q4_1920,Hillingdon,Trust MPS,0.031091105
1/1/2020,Q4_1920,Hounslow,Trust MPS,0.031091105
1/1/2020,Q4_1920,Islington,Trust MPS,-0.031091105
1/1/2020,Q4_1920,Kensington and Chelsea,Trust MPS,-0.031091105
1/1/2020,Q4_1920,Kingston upon Thames,Trust MPS,0.031091105
1/1/2020,Q4_1920,Lambeth,Trust MPS,-0.031091105
1/1/2020,Q4_1920,Lewisham,Trust MPS,-0.031091105
1/1/2020,Q4_1920,Merton,Trust MPS,0.031091105
1/1/2020,Q4_1920,Newham,Trust MPS,-0.031091105
1/1/2020,Q4_1920,Redbridge,Trust MPS,0.031091105
1/1/2020,Q4_1920,Richmond upon Thames,Trust MPS,0.031091105
1/1/2020,Q4_1920,Southwark,Trust MPS,-0.031091105
1/1/2020,Q4_1920,Sutton,Trust MPS,0.031091105
1/1/2020,Q4_1920,Tower Hamlets,Trust MPS,-0.031091105
1/1/2020,Q4_1920,Waltham Forest,Trust MPS,0.031091105
1/1/2020,Q4_1920,Wandsworth,Trust MPS,0.031091105
1/1/2020,Q4_1920,Westminster,Trust MPS,-0.031091105
10/1/2019,Q3_1920,Barking and Dagenham,Good job,0.032260773
10/1/2019,Q3_1920,Barnet,Good job,0.032260773
10/1/2019,Q3_1920,Bexley,Good job,0.032260773
10/1/2019,Q3_1920,Brent,Good job,0.032260773
10/1/2019,Q3_1920,Bromley,Good job,0.032260773
10/1/2019,Q3_1920,Camden,Good job,-0.032260773
10/1/2019,Q3_1920,Croydon,Good job,0.032260773
10/1/2019,Q3_1920,Ealing,Good job,0.032260773
10/1/2019,Q3_1920,Enfield,Good job,-0.032260773
10/1/2019,Q3_1920,Greenwich,Good job,0.032260773
10/1/2019,Q3_1920,Hackney,Good job,-0.032260773
10/1/2019,Q3_1920,Hammersmith and Fulham,Good job,-0.032260773
10/1/2019,Q3_1920,Haringey,Good job,-0.032260773
10/1/2019,Q3_1920,Harrow,Good job,0.032260773
10/1/2019,Q3_1920,Havering,Good job,0.032260773
10/1/2019,Q3_1920,Hillingdon,Good job,0.032260773
10/1/2019,Q3_1920,Hounslow,Good job,0.032260773
10/1/2019,Q3_1920,Islington,Good job,-0.032260773
10/1/2019,Q3_1920,Kensington and Chelsea,Good job,-0.032260773
10/1/2019,Q3_1920,Kingston upon Thames,Good job,0.032260773
10/1/2019,Q3_1920,Lambeth,Good job,-0.032260773
10/1/2019,Q3_1920,Lewisham,Good job,0.032260773
10/1/2019,Q3_1920,Merton,Good job,0.032260773
10/1/2019,Q3_1920,Newham,Good job,0.032260773
10/1/2019,Q3_1920,Redbridge,Good job,0.032260773
10/1/2019,Q3_1920,Richmond upon Thames,Good job,0.032260773
10/1/2019,Q3_1920,Southwark,Good job,-0.032260773
10/1/2019,Q3_1920,Sutton,Good job,0.032260773
10/1/2019,Q3_1920,Tower Hamlets,Good job,-0.032260773
10/1/2019,Q3_1920,Waltham Forest,Good job,0.032260773
10/1/2019,Q3_1920,Wandsworth,Good job,0.032260773
10/1/2019,Q3_1920,Westminster,Good job,-0.032260773
10/1/2019,Q3_1920,Barking and Dagenham,Fair treatment,0.039920978
10/1/2019,Q3_1920,Barnet,Fair treatment,0.039920978
10/1/2019,Q3_1920,Bexley,Fair treatment,0.039920978
10/1/2019,Q3_1920,Brent,Fair treatment,0.039920978
10/1/2019,Q3_1920,Bromley,Fair treatment,0.039920978
10/1/2019,Q3_1920,Camden,Fair treatment,-0.039920978
10/1/2019,Q3_1920,Croydon,Fair treatment,0.039920978
10/1/2019,Q3_1920,Ealing,Fair treatment,0.039920978
10/1/2019,Q3_1920,Enfield,Fair treatment,-0.039920978
10/1/2019,Q3_1920,Greenwich,Fair treatment,0.039920978
10/1/2019,Q3_1920,Hackney,Fair treatment,-0.039920978
10/1/2019,Q3_1920,Hammersmith and Fulham,Fair treatment,-0.039920978
10/1/2019,Q3_1920,Haringey,Fair treatment,-0.039920978
10/1/2019,Q3_1920,Harrow,Fair treatment,0.039920978
10/1/2019,Q3_1920,Havering,Fair treatment,0.039920978
10/1/2019,Q3_1920,Hillingdon,Fair treatment,0.039920978
10/1/2019,Q3_1920,Hounslow,Fair treatment,0.039920978
10/1/2019,Q3_1920,Islington,Fair treatment,-0.039920978
10/1/2019,Q3_1920,Kensington and Chelsea,Fair treatment,-0.039920978
10/1/2019,Q3_1920,Kingston upon Thames,Fair treatment,0.039920978
10/1/2019,Q3_1920,Lambeth,Fair treatment,-0.039920978
10/1/2019,Q3_1920,Lewisham,Fair treatment,0.039920978
10/1/2019,Q3_1920,Merton,Fair treatment,0.039920978
10/1/2019,Q3_1920,Newham,Fair treatment,0.039920978
10/1/2019,Q3_1920,Redbridge,Fair treatment,0.039920978
10/1/2019,Q3_1920,Richmond upon Thames,Fair treatment,0.039920978
10/1/2019,Q3_1920,Southwark,Fair treatment,-0.039920978
10/1/2019,Q3_1920,Sutton,Fair treatment,0.039920978
10/1/2019,Q3_1920,Tower Hamlets,Fair treatment,-0.039920978
10/1/2019,Q3_1920,Waltham Forest,Fair treatment,0.039920978
10/1/2019,Q3_1920,Wandsworth,Fair treatment,0.039920978
10/1/2019,Q3_1920,Westminster,Fair treatment,-0.039920978
10/1/2019,Q3_1920,Barking and Dagenham,Trust MPS,0.03538244
10/1/2019,Q3_1920,Barnet,Trust MPS,0.03538244
10/1/2019,Q3_1920,Bexley,Trust MPS,0.03538244
10/1/2019,Q3_1920,Brent,Trust MPS,0.03538244
10/1/2019,Q3_1920,Bromley,Trust MPS,0.03538244
10/1/2019,Q3_1920,Camden,Trust MPS,-0.03538244
10/1/2019,Q3_1920,Croydon,Trust MPS,0.03538244
10/1/2019,Q3_1920,Ealing,Trust MPS,0.03538244
10/1/2019,Q3_1920,Enfield,Trust MPS,0.03538244
10/1/2019,Q3_1920,Greenwich,Trust MPS,0.03538244
10/1/2019,Q3_1920,Hackney,Trust MPS,-0.03538244
10/1/2019,Q3_1920,Hammersmith and Fulham,Trust MPS,-0.03538244
10/1/2019,Q3_1920,Haringey,Trust MPS,-0.03538244
10/1/2019,Q3_1920,Harrow,Trust MPS,0.03538244
10/1/2019,Q3_1920,Havering,Trust MPS,0.03538244
10/1/2019,Q3_1920,Hillingdon,Trust MPS,0.03538244
10/1/2019,Q3_1920,Hounslow,Trust MPS,0.03538244
10/1/2019,Q3_1920,Islington,Trust MPS,-0.03538244
10/1/2019,Q3_1920,Kensington and Chelsea,Trust MPS,-0.03538244
10/1/2019,Q3_1920,Kingston upon Thames,Trust MPS,0.03538244
10/1/2019,Q3_1920,Lambeth,Trust MPS,-0.03538244
10/1/2019,Q3_1920,Lewisham,Trust MPS,0.03538244
10/1/2019,Q3_1920,Merton,Trust MPS,0.03538244
10/1/2019,Q3_1920,Newham,Trust MPS,0.03538244
10/1/2019,Q3_1920,Redbridge,Trust MPS,0.03538244
10/1/2019,Q3_1920,Richmond upon Thames,Trust MPS,0.03538244
10/1/2019,Q3_1920,Southwark,Trust MPS,-0.03538244
10/1/2019,Q3_1920,Sutton,Trust MPS,0.03538244
10/1/2019,Q3_1920,Tower Hamlets,Trust MPS,-0.03538244
10/1/2019,Q3_1920,Waltham Forest,Trust MPS,0.03538244
10/1/2019,Q3_1920,Wandsworth,Trust MPS,0.03538244
10/1/2019,Q3_1920,Westminster,Trust MPS,-0.03538244
7/1/2019,Q2_1920,Barking and Dagenham,Fair treatment,0.038883992
7/1/2019,Q2_1920,Barnet,Fair treatment,0.038883992
7/1/2019,Q2_1920,Bexley,Fair treatment,0.038883992
7/1/2019,Q2_1920,Brent,Fair treatment,0.038883992
7/1/2019,Q2_1920,Bromley,Fair treatment,0.038883992
7/1/2019,Q2_1920,Camden,Fair treatment,-0.038883992
7/1/2019,Q2_1920,Croydon,Fair treatment,0.038883992
7/1/2019,Q2_1920,Ealing,Fair treatment,0.038883992
7/1/2019,Q2_1920,Enfield,Fair treatment,-0.038883992
7/1/2019,Q2_1920,Greenwich,Fair treatment,0.038883992
7/1/2019,Q2_1920,Hackney,Fair treatment,-0.038883992
7/1/2019,Q2_1920,Hammersmith and Fulham,Fair treatment,-0.038883992
7/1/2019,Q2_1920,Haringey,Fair treatment,-0.038883992
7/1/2019,Q2_1920,Harrow,Fair treatment,0.038883992
7/1/2019,Q2_1920,Havering,Fair treatment,0.038883992
7/1/2019,Q2_1920,Hillingdon,Fair treatment,0.038883992
7/1/2019,Q2_1920,Hounslow,Fair treatment,0.038883992
7/1/2019,Q2_1920,Islington,Fair treatment,-0.038883992
7/1/2019,Q2_1920,Kensington and Chelsea,Fair treatment,-0.038883992
7/1/2019,Q2_1920,Kingston upon Thames,Fair treatment,0.038883992
7/1/2019,Q2_1920,Lambeth,Fair treatment,-0.038883992
7/1/2019,Q2_1920,Lewisham,Fair treatment,-0.038883992
7/1/2019,Q2_1920,Merton,Fair treatment,0.038883992
7/1/2019,Q2_1920,Newham,Fair treatment,0.038883992
7/1/2019,Q2_1920,Redbridge,Fair treatment,0.038883992
7/1/2019,Q2_1920,Richmond upon Thames,Fair treatment,0.038883992
7/1/2019,Q2_1920,Southwark,Fair treatment,-0.038883992
7/1/2019,Q2_1920,Sutton,Fair treatment,0.038883992
7/1/2019,Q2_1920,Tower Hamlets,Fair treatment,0.038883992
7/1/2019,Q2_1920,Waltham Forest,Fair treatment,0.038883992
7/1/2019,Q2_1920,Wandsworth,Fair treatment,0.038883992
7/1/2019,Q2_1920,Westminster,Fair treatment,-0.038883992
7/1/2019,Q2_1920,Barking and Dagenham,Trust MPS,0.034959401
7/1/2019,Q2_1920,Barnet,Trust MPS,0.034959401
7/1/2019,Q2_1920,Bexley,Trust MPS,0.034959401
7/1/2019,Q2_1920,Brent,Trust MPS,0.034959401
7/1/2019,Q2_1920,Bromley,Trust MPS,0.034959401
7/1/2019,Q2_1920,Camden,Trust MPS,-0.034959401
7/1/2019,Q2_1920,Croydon,Trust MPS,0.034959401
7/1/2019,Q2_1920,Ealing,Trust MPS,0.034959401
7/1/2019,Q2_1920,Enfield,Trust MPS,0.034959401
7/1/2019,Q2_1920,Greenwich,Trust MPS,-0.034959401
7/1/2019,Q2_1920,Hackney,Trust MPS,-0.034959401
7/1/2019,Q2_1920,Hammersmith and Fulham,Trust MPS,-0.034959401
7/1/2019,Q2_1920,Haringey,Trust MPS,-0.034959401
7/1/2019,Q2_1920,Harrow,Trust MPS,0.034959401
7/1/2019,Q2_1920,Havering,Trust MPS,0.034959401
7/1/2019,Q2_1920,Hillingdon,Trust MPS,0.034959401
7/1/2019,Q2_1920,Hounslow,Trust MPS,0.034959401
7/1/2019,Q2_1920,Islington,Trust MPS,-0.034959401
7/1/2019,Q2_1920,Kensington and Chelsea,Trust MPS,-0.034959401
7/1/2019,Q2_1920,Kingston upon Thames,Trust MPS,0.034959401
7/1/2019,Q2_1920,Lambeth,Trust MPS,-0.034959401
7/1/2019,Q2_1920,Lewisham,Trust MPS,-0.034959401
7/1/2019,Q2_1920,Merton,Trust MPS,0.034959401
7/1/2019,Q2_1920,Newham,Trust MPS,0.034959401
7/1/2019,Q2_1920,Redbridge,Trust MPS,0.034959401
7/1/2019,Q2_1920,Richmond upon Thames,Trust MPS,0.034959401
7/1/2019,Q2_1920,Southwark,Trust MPS,-0.034959401
7/1/2019,Q2_1920,Sutton,Trust MPS,0.034959401
7/1/2019,Q2_1920,Tower Hamlets,Trust MPS,-0.034959401
7/1/2019,Q2_1920,Waltham Forest,Trust MPS,0.034959401
7/1/2019,Q2_1920,Wandsworth,Trust MPS,0.034959401
7/1/2019,Q2_1920,Westminster,Trust MPS,-0.034959401
7/1/2019,Q2_1920,Barking and Dagenham,Good job,0.032828187
7/1/2019,Q2_1920,Barnet,Good job,0.032828187
7/1/2019,Q2_1920,Bexley,Good job,0.032828187
7/1/2019,Q2_1920,Brent,Good job,0.032828187
7/1/2019,Q2_1920,Bromley,Good job,0.032828187
7/1/2019,Q2_1920,Camden,Good job,-0.032828187
7/1/2019,Q2_1920,Croydon,Good job,0.032828187
7/1/2019,Q2_1920,Ealing,Good job,0.032828187
7/1/2019,Q2_1920,Enfield,Good job,-0.032828187
7/1/2019,Q2_1920,Greenwich,Good job,-0.032828187
7/1/2019,Q2_1920,Hackney,Good job,-0.032828187
7/1/2019,Q2_1920,Hammersmith and Fulham,Good job,-0.032828187
7/1/2019,Q2_1920,Haringey,Good job,-0.032828187
7/1/2019,Q2_1920,Harrow,Good job,0.032828187
7/1/2019,Q2_1920,Havering,Good job,0.032828187
7/1/2019,Q2_1920,Hillingdon,Good job,0.032828187
7/1/2019,Q2_1920,Hounslow,Good job,0.032828187
7/1/2019,Q2_1920,Islington,Good job,-0.032828187
7/1/2019,Q2_1920,Kensington and Chelsea,Good job,-0.032828187
7/1/2019,Q2_1920,Kingston upon Thames,Good job,0.032828187
7/1/2019,Q2_1920,Lambeth,Good job,-0.032828187
7/1/2019,Q2_1920,Lewisham,Good job,0.032828187
7/1/2019,Q2_1920,Merton,Good job,0.032828187
7/1/2019,Q2_1920,Newham,Good job,0.032828187
7/1/2019,Q2_1920,Redbridge,Good job,0.032828187
7/1/2019,Q2_1920,Richmond upon Thames,Good job,0.032828187
7/1/2019,Q2_1920,Southwark,Good job,-0.032828187
7/1/2019,Q2_1920,Sutton,Good job,0.032828187
7/1/2019,Q2_1920,Tower Hamlets,Good job,-0.032828187
7/1/2019,Q2_1920,Waltham Forest,Good job,0.032828187
7/1/2019,Q2_1920,Wandsworth,Good job,0.032828187
7/1/2019,Q2_1920,Westminster,Good job,-0.032828187
4/1/2019,Q1_1920,Barking and Dagenham,Fair treatment,0.037859222
4/1/2019,Q1_1920,Barnet,Fair treatment,0.037859222
4/1/2019,Q1_1920,Bexley,Fair treatment,0.037859222
4/1/2019,Q1_1920,Brent,Fair treatment,0.037859222
4/1/2019,Q1_1920,Bromley,Fair treatment,0.037859222
4/1/2019,Q1_1920,Camden,Fair treatment,-0.037859222
4/1/2019,Q1_1920,Croydon,Fair treatment,0.037859222
4/1/2019,Q1_1920,Ealing,Fair treatment,0.037859222
4/1/2019,Q1_1920,Enfield,Fair treatment,0.037859222
4/1/2019,Q1_1920,Greenwich,Fair treatment,0.037859222
4/1/2019,Q1_1920,Hackney,Fair treatment,-0.037859222
4/1/2019,Q1_1920,Hammersmith and Fulham,Fair treatment,-0.037859222
4/1/2019,Q1_1920,Haringey,Fair treatment,-0.037859222
4/1/2019,Q1_1920,Harrow,Fair treatment,0.037859222
4/1/2019,Q1_1920,Havering,Fair treatment,0.037859222
4/1/2019,Q1_1920,Hillingdon,Fair treatment,0.037859222
4/1/2019,Q1_1920,Hounslow,Fair treatment,0.037859222
4/1/2019,Q1_1920,Islington,Fair treatment,-0.037859222
4/1/2019,Q1_1920,Kensington and Chelsea,Fair treatment,-0.037859222
4/1/2019,Q1_1920,Kingston upon Thames,Fair treatment,0.037859222
4/1/2019,Q1_1920,Lambeth,Fair treatment,-0.037859222
4/1/2019,Q1_1920,Lewisham,Fair treatment,0.037859222
4/1/2019,Q1_1920,Merton,Fair treatment,0.037859222
4/1/2019,Q1_1920,Newham,Fair treatment,0.037859222
4/1/2019,Q1_1920,Redbridge,Fair treatment,0.037859222
4/1/2019,Q1_1920,Richmond upon Thames,Fair treatment,0.037859222
4/1/2019,Q1_1920,Southwark,Fair treatment,-0.037859222
4/1/2019,Q1_1920,Sutton,Fair treatment,0.037859222
4/1/2019,Q1_1920,Tower Hamlets,Fair treatment,-0.037859222
4/1/2019,Q1_1920,Waltham Forest,Fair treatment,0.037859222
4/1/2019,Q1_1920,Wandsworth,Fair treatment,0.037859222
4/1/2019,Q1_1920,Westminster,Fair treatment,-0.037859222
4/1/2019,Q1_1920,Barking and Dagenham,Trust MPS,0.034667307
4/1/2019,Q1_1920,Barnet,Trust MPS,0.034667307
4/1/2019,Q1_1920,Bexley,Trust MPS,0.034667307
4/1/2019,Q1_1920,Brent,Trust MPS,0.034667307
4/1/2019,Q1_1920,Bromley,Trust MPS,0.034667307
4/1/2019,Q1_1920,Camden,Trust MPS,-0.034667307
4/1/2019,Q1_1920,Croydon,Trust MPS,0.034667307
4/1/2019,Q1_1920,Ealing,Trust MPS,0.034667307
4/1/2019,Q1_1920,Enfield,Trust MPS,0.034667307
4/1/2019,Q1_1920,Greenwich,Trust MPS,0.034667307
4/1/2019,Q1_1920,Hackney,Trust MPS,-0.034667307
4/1/2019,Q1_1920,Hammersmith and Fulham,Trust MPS,-0.034667307
4/1/2019,Q1_1920,Haringey,Trust MPS,-0.034667307
4/1/2019,Q1_1920,Harrow,Trust MPS,0.034667307
4/1/2019,Q1_1920,Havering,Trust MPS,0.034667307
4/1/2019,Q1_1920,Hillingdon,Trust MPS,0.034667307
4/1/2019,Q1_1920,Hounslow,Trust MPS,0.034667307
4/1/2019,Q1_1920,Islington,Trust MPS,-0.034667307
4/1/2019,Q1_1920,Kensington and Chelsea,Trust MPS,-0.034667307
4/1/2019,Q1_1920,Kingston upon Thames,Trust MPS,0.034667307
4/1/2019,Q1_1920,Lambeth,Trust MPS,-0.034667307
4/1/2019,Q1_1920,Lewisham,Trust MPS,0.034667307
4/1/2019,Q1_1920,Merton,Trust MPS,0.034667307
4/1/2019,Q1_1920,Newham,Trust MPS,0.034667307
4/1/2019,Q1_1920,Redbridge,Trust MPS,0.034667307
4/1/2019,Q1_1920,Richmond upon Thames,Trust MPS,0.034667307
4/1/2019,Q1_1920,Southwark,Trust MPS,-0.034667307
4/1/2019,Q1_1920,Sutton,Trust MPS,0.034667307
4/1/2019,Q1_1920,Tower Hamlets,Trust MPS,-0.034667307
4/1/2019,Q1_1920,Waltham Forest,Trust MPS,0.034667307
4/1/2019,Q1_1920,Wandsworth,Trust MPS,0.034667307
4/1/2019,Q1_1920,Westminster,Trust MPS,-0.034667307
4/1/2019,Q1_1920,Barking and Dagenham,Good job,0.033769444
4/1/2019,Q1_1920,Barnet,Good job,0.033769444
4/1/2019,Q1_1920,Bexley,Good job,0.033769444
4/1/2019,Q1_1920,Brent,Good job,0.033769444
4/1/2019,Q1_1920,Bromley,Good job,0.033769444
4/1/2019,Q1_1920,Camden,Good job,-0.033769444
4/1/2019,Q1_1920,Croydon,Good job,0.033769444
4/1/2019,Q1_1920,Ealing,Good job,0.033769444
4/1/2019,Q1_1920,Enfield,Good job,-0.033769444
4/1/2019,Q1_1920,Greenwich,Good job,0.033769444
4/1/2019,Q1_1920,Hackney,Good job,-0.033769444
4/1/2019,Q1_1920,Hammersmith and Fulham,Good job,-0.033769444
4/1/2019,Q1_1920,Haringey,Good job,-0.033769444
4/1/2019,Q1_1920,Harrow,Good job,0.033769444
4/1/2019,Q1_1920,Havering,Good job,0.033769444
4/1/2019,Q1_1920,Hillingdon,Good job,0.033769444
4/1/2019,Q1_1920,Hounslow,Good job,0.033769444
4/1/2019,Q1_1920,Islington,Good job,-0.033769444
4/1/2019,Q1_1920,Kensington and Chelsea,Good job,-0.033769444
4/1/2019,Q1_1920,Kingston upon Thames,Good job,0.033769444
4/1/2019,Q1_1920,Lambeth,Good job,-0.033769444
4/1/2019,Q1_1920,Lewisham,Good job,0.033769444
4/1/2019,Q1_1920,Merton,Good job,0.033769444
4/1/2019,Q1_1920,Newham,Good job,0.033769444
4/1/2019,Q1_1920,Redbridge,Good job,0.033769444
4/1/2019,Q1_1920,Richmond upon Thames,Good job,0.033769444
4/1/2019,Q1_1920,Southwark,Good job,-0.033769444
4/1/2019,Q1_1920,Sutton,Good job,0.033769444
4/1/2019,Q1_1920,Tower Hamlets,Good job,-0.033769444
4/1/2019,Q1_1920,Waltham Forest,Good job,0.033769444
4/1/2019,Q1_1920,Wandsworth,Good job,0.033769444
4/1/2019,Q1_1920,Westminster,Good job,-0.033769444
1/1/2019,Q4_1819,Barking and Dagenham,Good job,0.034861381
1/1/2019,Q4_1819,Barnet,Good job,0.034861381
1/1/2019,Q4_1819,Bexley,Good job,0.034861381
1/1/2019,Q4_1819,Brent,Good job,-0.034861381
1/1/2019,Q4_1819,Bromley,Good job,0.034861381
1/1/2019,Q4_1819,Camden,Good job,-0.034861381
1/1/2019,Q4_1819,Croydon,Good job,0.034861381
1/1/2019,Q4_1819,Ealing,Good job,0.034861381
1/1/2019,Q4_1819,Enfield,Good job,-0.034861381
1/1/2019,Q4_1819,Greenwich,Good job,0.034861381
1/1/2019,Q4_1819,Hackney,Good job,-0.034861381
1/1/2019,Q4_1819,Hammersmith and Fulham,Good job,-0.034861381
1/1/2019,Q4_1819,Haringey,Good job,-0.034861381
1/1/2019,Q4_1819,Harrow,Good job,0.034861381
1/1/2019,Q4_1819,Havering,Good job,0.034861381
1/1/2019,Q4_1819,Hillingdon,Good job,0.034861381
1/1/2019,Q4_1819,Hounslow,Good job,0.034861381
1/1/2019,Q4_1819,Islington,Good job,-0.034861381
1/1/2019,Q4_1819,Kensington and Chelsea,Good job,-0.034861381
1/1/2019,Q4_1819,Kingston upon Thames,Good job,0.034861381
1/1/2019,Q4_1819,Lambeth,Good job,-0.034861381
1/1/2019,Q4_1819,Lewisham,Good job,0.034861381
1/1/2019,Q4_1819,Merton,Good job,0.034861381
1/1/2019,Q4_1819,Newham,Good job,-0.034861381
1/1/2019,Q4_1819,Redbridge,Good job,0.034861381
1/1/2019,Q4_1819,Richmond upon Thames,Good job,0.034861381
1/1/2019,Q4_1819,Southwark,Good job,-0.034861381
1/1/2019,Q4_1819,Sutton,Good job,0.034861381
1/1/2019,Q4_1819,Tower Hamlets,Good job,-0.034861381
1/1/2019,Q4_1819,Waltham Forest,Good job,0.034861381
1/1/2019,Q4_1819,Wandsworth,Good job,0.034861381
1/1/2019,Q4_1819,Westminster,Good job,-0.034861381
1/1/2019,Q4_1819,Barking and Dagenham,Fair treatment,0.036186658
1/1/2019,Q4_1819,Barnet,Fair treatment,0.036186658
1/1/2019,Q4_1819,Bexley,Fair treatment,0.036186658
1/1/2019,Q4_1819,Brent,Fair treatment,0.036186658
1/1/2019,Q4_1819,Bromley,Fair treatment,0.036186658
1/1/2019,Q4_1819,Camden,Fair treatment,-0.036186658
1/1/2019,Q4_1819,Croydon,Fair treatment,0.036186658
1/1/2019,Q4_1819,Ealing,Fair treatment,0.036186658
1/1/2019,Q4_1819,Enfield,Fair treatment,0.036186658
1/1/2019,Q4_1819,Greenwich,Fair treatment,0.036186658
1/1/2019,Q4_1819,Hackney,Fair treatment,-0.036186658
1/1/2019,Q4_1819,Hammersmith and Fulham,Fair treatment,-0.036186658
1/1/2019,Q4_1819,Haringey,Fair treatment,-0.036186658
1/1/2019,Q4_1819,Harrow,Fair treatment,0.036186658
1/1/2019,Q4_1819,Havering,Fair treatment,0.036186658
1/1/2019,Q4_1819,Hillingdon,Fair treatment,0.036186658
1/1/2019,Q4_1819,Hounslow,Fair treatment,0.036186658
1/1/2019,Q4_1819,Islington,Fair treatment,-0.036186658
1/1/2019,Q4_1819,Kensington and Chelsea,Fair treatment,-0.036186658
1/1/2019,Q4_1819,Kingston upon Thames,Fair treatment,0.036186658
1/1/2019,Q4_1819,Lambeth,Fair treatment,-0.036186658
1/1/2019,Q4_1819,Lewisham,Fair treatment,0.036186658
1/1/2019,Q4_1819,Merton,Fair treatment,0.036186658
1/1/2019,Q4_1819,Newham,Fair treatment,0.036186658
1/1/2019,Q4_1819,Redbridge,Fair treatment,0.036186658
1/1/2019,Q4_1819,Richmond upon Thames,Fair treatment,0.036186658
1/1/2019,Q4_1819,Southwark,Fair treatment,-0.036186658
1/1/2019,Q4_1819,Sutton,Fair treatment,0.036186658
1/1/2019,Q4_1819,Tower Hamlets,Fair treatment,-0.036186658
1/1/2019,Q4_1819,Waltham Forest,Fair treatment,0.036186658
1/1/2019,Q4_1819,Wandsworth,Fair treatment,0.036186658
1/1/2019,Q4_1819,Westminster,Fair treatment,-0.036186658
1/1/2019,Q4_1819,Barking and Dagenham,Trust MPS,0.033163413
1/1/2019,Q4_1819,Barnet,Trust MPS,0.033163413
1/1/2019,Q4_1819,Bexley,Trust MPS,0.033163413
1/1/2019,Q4_1819,Brent,Trust MPS,0.033163413
1/1/2019,Q4_1819,Bromley,Trust MPS,0.033163413
1/1/2019,Q4_1819,Camden,Trust MPS,-0.033163413
1/1/2019,Q4_1819,Croydon,Trust MPS,0.033163413
1/1/2019,Q4_1819,Ealing,Trust MPS,0.033163413
1/1/2019,Q4_1819,Enfield,Trust MPS,0.033163413
1/1/2019,Q4_1819,Greenwich,Trust MPS,0.033163413
1/1/2019,Q4_1819,Hackney,Trust MPS,-0.033163413
1/1/2019,Q4_1819,Hammersmith and Fulham,Trust MPS,-0.033163413
1/1/2019,Q4_1819,Haringey,Trust MPS,-0.033163413
1/1/2019,Q4_1819,Harrow,Trust MPS,0.033163413
1/1/2019,Q4_1819,Havering,Trust MPS,0.033163413
1/1/2019,Q4_1819,Hillingdon,Trust MPS,0.033163413
1/1/2019,Q4_1819,Hounslow,Trust MPS,0.033163413
1/1/2019,Q4_1819,Islington,Trust MPS,-0.033163413
1/1/2019,Q4_1819,Kensington and Chelsea,Trust MPS,-0.033163413
1/1/2019,Q4_1819,Kingston upon Thames,Trust MPS,0.033163413
1/1/2019,Q4_1819,Lambeth,Trust MPS,-0.033163413
1/1/2019,Q4_1819,Lewisham,Trust MPS,0.033163413
1/1/2019,Q4_1819,Merton,Trust MPS,0.033163413
1/1/2019,Q4_1819,Newham,Trust MPS,0.033163413
1/1/2019,Q4_1819,Redbridge,Trust MPS,0.033163413
1/1/2019,Q4_1819,Richmond upon Thames,Trust MPS,0.033163413
1/1/2019,Q4_1819,Southwark,Trust MPS,-0.033163413
1/1/2019,Q4_1819,Sutton,Trust MPS,0.033163413
1/1/2019,Q4_1819,Tower Hamlets,Trust MPS,-0.033163413
1/1/2019,Q4_1819,Waltham Forest,Trust MPS,0.033163413
1/1/2019,Q4_1819,Wandsworth,Trust MPS,0.033163413
1/1/2019,Q4_1819,Westminster,Trust MPS,-0.033163413
10/1/2018,Q3_1819,Barking and Dagenham,Good job,0.032060485
10/1/2018,Q3_1819,Barnet,Good job,0.032060485
10/1/2018,Q3_1819,Bexley,Good job,0.032060485
10/1/2018,Q3_1819,Brent,Good job,-0.032060485
10/1/2018,Q3_1819,Bromley,Good job,0.032060485
10/1/2018,Q3_1819,Camden,Good job,-0.032060485
10/1/2018,Q3_1819,Croydon,Good job,0.032060485
10/1/2018,Q3_1819,Ealing,Good job,0.032060485
10/1/2018,Q3_1819,Enfield,Good job,-0.032060485
10/1/2018,Q3_1819,Greenwich,Good job,0.032060485
10/1/2018,Q3_1819,Hackney,Good job,-0.032060485
10/1/2018,Q3_1819,Hammersmith and Fulham,Good job,-0.032060485
10/1/2018,Q3_1819,Haringey,Good job,-0.032060485
10/1/2018,Q3_1819,Harrow,Good job,0.032060485
10/1/2018,Q3_1819,Havering,Good job,0.032060485
10/1/2018,Q3_1819,Hillingdon,Good job,0.032060485
10/1/2018,Q3_1819,Hounslow,Good job,0.032060485
10/1/2018,Q3_1819,Islington,Good job,-0.032060485
10/1/2018,Q3_1819,Kensington and Chelsea,Good job,-0.032060485
10/1/2018,Q3_1819,Kingston upon Thames,Good job,0.032060485
10/1/2018,Q3_1819,Lambeth,Good job,-0.032060485
10/1/2018,Q3_1819,Lewisham,Good job,0.032060485
10/1/2018,Q3_1819,Merton,Good job,0.032060485
10/1/2018,Q3_1819,Newham,Good job,-0.032060485
10/1/2018,Q3_1819,Redbridge,Good job,0.032060485
10/1/2018,Q3_1819,Richmond upon Thames,Good job,0.032060485
10/1/2018,Q3_1819,Southwark,Good job,-0.032060485
10/1/2018,Q3_1819,Sutton,Good job,0.032060485
10/1/2018,Q3_1819,Tower Hamlets,Good job,-0.032060485
10/1/2018,Q3_1819,Waltham Forest,Good job,0.032060485
10/1/2018,Q3_1819,Wandsworth,Good job,0.032060485
10/1/2018,Q3_1819,Westminster,Good job,-0.032060485
10/1/2018,Q3_1819,Barking and Dagenham,Fair treatment,0.033158694
10/1/2018,Q3_1819,Barnet,Fair treatment,0.033158694
10/1/2018,Q3_1819,Bexley,Fair treatment,0.033158694
10/1/2018,Q3_1819,Brent,Fair treatment,0.033158694
10/1/2018,Q3_1819,Bromley,Fair treatment,0.033158694
10/1/2018,Q3_1819,Camden,Fair treatment,-0.033158694
10/1/2018,Q3_1819,Croydon,Fair treatment,0.033158694
10/1/2018,Q3_1819,Ealing,Fair treatment,0.033158694
10/1/2018,Q3_1819,Enfield,Fair treatment,0.033158694
10/1/2018,Q3_1819,Greenwich,Fair treatment,0.033158694
10/1/2018,Q3_1819,Hackney,Fair treatment,-0.033158694
10/1/2018,Q3_1819,Hammersmith and Fulham,Fair treatment,-0.033158694
10/1/2018,Q3_1819,Haringey,Fair treatment,-0.033158694
10/1/2018,Q3_1819,Harrow,Fair treatment,0.033158694
10/1/2018,Q3_1819,Havering,Fair treatment,0.033158694
10/1/2018,Q3_1819,Hillingdon,Fair treatment,0.033158694
10/1/2018,Q3_1819,Hounslow,Fair treatment,0.033158694
10/1/2018,Q3_1819,Islington,Fair treatment,-0.033158694
10/1/2018,Q3_1819,Kensington and Chelsea,Fair treatment,-0.033158694
10/1/2018,Q3_1819,Kingston upon Thames,Fair treatment,0.033158694
10/1/2018,Q3_1819,Lambeth,Fair treatment,-0.033158694
10/1/2018,Q3_1819,Lewisham,Fair treatment,0.033158694
10/1/2018,Q3_1819,Merton,Fair treatment,0.033158694
10/1/2018,Q3_1819,Newham,Fair treatment,0.033158694
10/1/2018,Q3_1819,Redbridge,Fair treatment,0.033158694
10/1/2018,Q3_1819,Richmond upon Thames,Fair treatment,0.033158694
10/1/2018,Q3_1819,Southwark,Fair treatment,-0.033158694
10/1/2018,Q3_1819,Sutton,Fair treatment,0.033158694
10/1/2018,Q3_1819,Tower Hamlets,Fair treatment,-0.033158694
10/1/2018,Q3_1819,Waltham Forest,Fair treatment,0.033158694
10/1/2018,Q3_1819,Wandsworth,Fair treatment,0.033158694
10/1/2018,Q3_1819,Westminster,Fair treatment,-0.033158694
10/1/2018,Q3_1819,Barking and Dagenham,Trust MPS,0.028766993
10/1/2018,Q3_1819,Barnet,Trust MPS,0.028766993
10/1/2018,Q3_1819,Bexley,Trust MPS,0.028766993
10/1/2018,Q3_1819,Brent,Trust MPS,0.028766993
10/1/2018,Q3_1819,Bromley,Trust MPS,0.028766993
10/1/2018,Q3_1819,Camden,Trust MPS,-0.028766993
10/1/2018,Q3_1819,Croydon,Trust MPS,0.028766993
10/1/2018,Q3_1819,Ealing,Trust MPS,0.028766993
10/1/2018,Q3_1819,Enfield,Trust MPS,0.028766993
10/1/2018,Q3_1819,Greenwich,Trust MPS,0.028766993
10/1/2018,Q3_1819,Hackney,Trust MPS,-0.028766993
10/1/2018,Q3_1819,Hammersmith and Fulham,Trust MPS,-0.028766993
10/1/2018,Q3_1819,Haringey,Trust MPS,-0.028766993
10/1/2018,Q3_1819,Harrow,Trust MPS,0.028766993
10/1/2018,Q3_1819,Havering,Trust MPS,0.028766993
10/1/2018,Q3_1819,Hillingdon,Trust MPS,0.028766993
10/1/2018,Q3_1819,Hounslow,Trust MPS,0.028766993
10/1/2018,Q3_1819,Islington,Trust MPS,-0.028766993
10/1/2018,Q3_1819,Kensington and Chelsea,Trust MPS,-0.028766993
10/1/2018,Q3_1819,Kingston upon Thames,Trust MPS,0.028766993
10/1/2018,Q3_1819,Lambeth,Trust MPS,-0.028766993
10/1/2018,Q3_1819,Lewisham,Trust MPS,0.028766993
10/1/2018,Q3_1819,Merton,Trust MPS,0.028766993
10/1/2018,Q3_1819,Newham,Trust MPS,-0.028766993
10/1/2018,Q3_1819,Redbridge,Trust MPS,0.028766993
10/1/2018,Q3_1819,Richmond upon Thames,Trust MPS,0.028766993
10/1/2018,Q3_1819,Southwark,Trust MPS,-0.028766993
10/1/2018,Q3_1819,Sutton,Trust MPS,0.028766993
10/1/2018,Q3_1819,Tower Hamlets,Trust MPS,-0.028766993
10/1/2018,Q3_1819,Waltham Forest,Trust MPS,0.028766993
10/1/2018,Q3_1819,Wandsworth,Trust MPS,0.028766993
10/1/2018,Q3_1819,Westminster,Trust MPS,-0.028766993
7/1/2018,Q2_1819,Barking and Dagenham,Fair treatment,0.031164544
7/1/2018,Q2_1819,Barnet,Fair treatment,0.031164544
7/1/2018,Q2_1819,Bexley,Fair treatment,0.031164544
7/1/2018,Q2_1819,Brent,Fair treatment,0.031164544
7/1/2018,Q2_1819,Bromley,Fair treatment,0.031164544
7/1/2018,Q2_1819,Camden,Fair treatment,-0.031164544
7/1/2018,Q2_1819,Croydon,Fair treatment,0.031164544
7/1/2018,Q2_1819,Ealing,Fair treatment,0.031164544
7/1/2018,Q2_1819,Enfield,Fair treatment,0.031164544
7/1/2018,Q2_1819,Greenwich,Fair treatment,0.031164544
7/1/2018,Q2_1819,Hackney,Fair treatment,-0.031164544
7/1/2018,Q2_1819,Hammersmith and Fulham,Fair treatment,-0.031164544
7/1/2018,Q2_1819,Haringey,Fair treatment,-0.031164544
7/1/2018,Q2_1819,Harrow,Fair treatment,0.031164544
7/1/2018,Q2_1819,Havering,Fair treatment,0.031164544
7/1/2018,Q2_1819,Hillingdon,Fair treatment,0.031164544
7/1/2018,Q2_1819,Hounslow,Fair treatment,0.031164544
7/1/2018,Q2_1819,Islington,Fair treatment,-0.031164544
7/1/2018,Q2_1819,Kensington and Chelsea,Fair treatment,-0.031164544
7/1/2018,Q2_1819,Kingston upon Thames,Fair treatment,0.031164544
7/1/2018,Q2_1819,Lambeth,Fair treatment,-0.031164544
7/1/2018,Q2_1819,Lewisham,Fair treatment,0.031164544
7/1/2018,Q2_1819,Merton,Fair treatment,0.031164544
7/1/2018,Q2_1819,Newham,Fair treatment,0.031164544
7/1/2018,Q2_1819,Redbridge,Fair treatment,0.031164544
7/1/2018,Q2_1819,Richmond upon Thames,Fair treatment,0.031164544
7/1/2018,Q2_1819,Southwark,Fair treatment,-0.031164544
7/1/2018,Q2_1819,Sutton,Fair treatment,0.031164544
7/1/2018,Q2_1819,Tower Hamlets,Fair treatment,-0.031164544
7/1/2018,Q2_1819,Waltham Forest,Fair treatment,0.031164544
7/1/2018,Q2_1819,Wandsworth,Fair treatment,0.031164544
7/1/2018,Q2_1819,Westminster,Fair treatment,-0.031164544
7/1/2018,Q2_1819,Barking and Dagenham,Good job,0.031910358
7/1/2018,Q2_1819,Barnet,Good job,0.031910358
7/1/2018,Q2_1819,Bexley,Good job,0.031910358
7/1/2018,Q2_1819,Brent,Good job,0.031910358
7/1/2018,Q2_1819,Bromley,Good job,0.031910358
7/1/2018,Q2_1819,Camden,Good job,-0.031910358
7/1/2018,Q2_1819,Croydon,Good job,0.031910358
7/1/2018,Q2_1819,Ealing,Good job,0.031910358
7/1/2018,Q2_1819,Enfield,Good job,-0.031910358
7/1/2018,Q2_1819,Greenwich,Good job,0.031910358
7/1/2018,Q2_1819,Hackney,Good job,-0.031910358
7/1/2018,Q2_1819,Hammersmith and Fulham,Good job,-0.031910358
7/1/2018,Q2_1819,Haringey,Good job,-0.031910358
7/1/2018,Q2_1819,Harrow,Good job,0.031910358
7/1/2018,Q2_1819,Havering,Good job,0.031910358
7/1/2018,Q2_1819,Hillingdon,Good job,0.031910358
7/1/2018,Q2_1819,Hounslow,Good job,0.031910358
7/1/2018,Q2_1819,Islington,Good job,-0.031910358
7/1/2018,Q2_1819,Kensington and Chelsea,Good job,-0.031910358
7/1/2018,Q2_1819,Kingston upon Thames,Good job,0.031910358
7/1/2018,Q2_1819,Lambeth,Good job,-0.031910358
7/1/2018,Q2_1819,Lewisham,Good job,0.031910358
7/1/2018,Q2_1819,Merton,Good job,0.031910358
7/1/2018,Q2_1819,Newham,Good job,-0.031910358
7/1/2018,Q2_1819,Redbridge,Good job,0.031910358
7/1/2018,Q2_1819,Richmond upon Thames,Good job,0.031910358
7/1/2018,Q2_1819,Southwark,Good job,-0.031910358
7/1/2018,Q2_1819,Sutton,Good job,0.031910358
7/1/2018,Q2_1819,Tower Hamlets,Good job,-0.031910358
7/1/2018,Q2_1819,Waltham Forest,Good job,-0.031910358
7/1/2018,Q2_1819,Wandsworth,Good job,0.031910358
7/1/2018,Q2_1819,Westminster,Good job,-0.031910358
7/1/2018,Q2_1819,Barking and Dagenham,Trust MPS,0.026776595
7/1/2018,Q2_1819,Barnet,Trust MPS,0.026776595
7/1/2018,Q2_1819,Bexley,Trust MPS,0.026776595
7/1/2018,Q2_1819,Brent,Trust MPS,0.026776595
7/1/2018,Q2_1819,Bromley,Trust MPS,0.026776595
7/1/2018,Q2_1819,Camden,Trust MPS,-0.026776595
7/1/2018,Q2_1819,Croydon,Trust MPS,0.026776595
7/1/2018,Q2_1819,Ealing,Trust MPS,0.026776595
7/1/2018,Q2_1819,Enfield,Trust MPS,0.026776595
7/1/2018,Q2_1819,Greenwich,Trust MPS,0.026776595
7/1/2018,Q2_1819,Hackney,Trust MPS,-0.026776595
7/1/2018,Q2_1819,Hammersmith and Fulham,Trust MPS,-0.026776595
7/1/2018,Q2_1819,Haringey,Trust MPS,-0.026776595
7/1/2018,Q2_1819,Harrow,Trust MPS,0.026776595
7/1/2018,Q2_1819,Havering,Trust MPS,0.026776595
7/1/2018,Q2_1819,Hillingdon,Trust MPS,0.026776595
7/1/2018,Q2_1819,Hounslow,Trust MPS,0.026776595
7/1/2018,Q2_1819,Islington,Trust MPS,-0.026776595
7/1/2018,Q2_1819,Kensington and Chelsea,Trust MPS,-0.026776595
7/1/2018,Q2_1819,Kingston upon Thames,Trust MPS,0.026776595
7/1/2018,Q2_1819,Lambeth,Trust MPS,-0.026776595
7/1/2018,Q2_1819,Lewisham,Trust MPS,0.026776595
7/1/2018,Q2_1819,Merton,Trust MPS,0.026776595
7/1/2018,Q2_1819,Newham,Trust MPS,-0.026776595
7/1/2018,Q2_1819,Redbridge,Trust MPS,0.026776595
7/1/2018,Q2_1819,Richmond upon Thames,Trust MPS,0.026776595
7/1/2018,Q2_1819,Southwark,Trust MPS,-0.026776595
7/1/2018,Q2_1819,Sutton,Trust MPS,0.026776595
7/1/2018,Q2_1819,Tower Hamlets,Trust MPS,-0.026776595
7/1/2018,Q2_1819,Waltham Forest,Trust MPS,0.026776595
7/1/2018,Q2_1819,Wandsworth,Trust MPS,0.026776595
7/1/2018,Q2_1819,Westminster,Trust MPS,-0.026776595
4/1/2018,Q1_1819,Barking and Dagenham,Fair treatment,0.029170987
4/1/2018,Q1_1819,Barnet,Fair treatment,0.029170987
4/1/2018,Q1_1819,Bexley,Fair treatment,0.029170987
4/1/2018,Q1_1819,Brent,Fair treatment,0.029170987
4/1/2018,Q1_1819,Bromley,Fair treatment,0.029170987
4/1/2018,Q1_1819,Camden,Fair treatment,-0.029170987
4/1/2018,Q1_1819,Croydon,Fair treatment,0.029170987
4/1/2018,Q1_1819,Ealing,Fair treatment,0.029170987
4/1/2018,Q1_1819,Enfield,Fair treatment,0.029170987
4/1/2018,Q1_1819,Greenwich,Fair treatment,0.029170987
4/1/2018,Q1_1819,Hackney,Fair treatment,-0.029170987
4/1/2018,Q1_1819,Hammersmith and Fulham,Fair treatment,-0.029170987
4/1/2018,Q1_1819,Haringey,Fair treatment,-0.029170987
4/1/2018,Q1_1819,Harrow,Fair treatment,0.029170987
4/1/2018,Q1_1819,Havering,Fair treatment,0.029170987
4/1/2018,Q1_1819,Hillingdon,Fair treatment,0.029170987
4/1/2018,Q1_1819,Hounslow,Fair treatment,0.029170987
4/1/2018,Q1_1819,Islington,Fair treatment,-0.029170987
4/1/2018,Q1_1819,Kensington and Chelsea,Fair treatment,-0.029170987
4/1/2018,Q1_1819,Kingston upon Thames,Fair treatment,0.029170987
4/1/2018,Q1_1819,Lambeth,Fair treatment,-0.029170987
4/1/2018,Q1_1819,Lewisham,Fair treatment,0.029170987
4/1/2018,Q1_1819,Merton,Fair treatment,0.029170987
4/1/2018,Q1_1819,Newham,Fair treatment,0.029170987
4/1/2018,Q1_1819,Redbridge,Fair treatment,0.029170987
4/1/2018,Q1_1819,Richmond upon Thames,Fair treatment,0.029170987
4/1/2018,Q1_1819,Southwark,Fair treatment,-0.029170987
4/1/2018,Q1_1819,Sutton,Fair treatment,0.029170987
4/1/2018,Q1_1819,Tower Hamlets,Fair treatment,-0.029170987
4/1/2018,Q1_1819,Waltham Forest,Fair treatment,0.029170987
4/1/2018,Q1_1819,Wandsworth,Fair treatment,0.029170987
4/1/2018,Q1_1819,Westminster,Fair treatment,-0.029170987
4/1/2018,Q1_1819,Barking and Dagenham,Trust MPS,0.024731558
4/1/2018,Q1_1819,Barnet,Trust MPS,0.024731558
4/1/2018,Q1_1819,Bexley,Trust MPS,0.024731558
4/1/2018,Q1_1819,Brent,Trust MPS,-0.024731558
4/1/2018,Q1_1819,Bromley,Trust MPS,0.024731558
4/1/2018,Q1_1819,Camden,Trust MPS,-0.024731558
4/1/2018,Q1_1819,Croydon,Trust MPS,0.024731558
4/1/2018,Q1_1819,Ealing,Trust MPS,0.024731558
4/1/2018,Q1_1819,Enfield,Trust MPS,0.024731558
4/1/2018,Q1_1819,Greenwich,Trust MPS,0.024731558
4/1/2018,Q1_1819,Hackney,Trust MPS,-0.024731558
4/1/2018,Q1_1819,Hammersmith and Fulham,Trust MPS,-0.024731558
4/1/2018,Q1_1819,Haringey,Trust MPS,-0.024731558
4/1/2018,Q1_1819,Harrow,Trust MPS,0.024731558
4/1/2018,Q1_1819,Havering,Trust MPS,0.024731558
4/1/2018,Q1_1819,Hillingdon,Trust MPS,0.024731558
4/1/2018,Q1_1819,Hounslow,Trust MPS,0.024731558
4/1/2018,Q1_1819,Islington,Trust MPS,-0.024731558
4/1/2018,Q1_1819,Kensington and Chelsea,Trust MPS,-0.024731558
4/1/2018,Q1_1819,Kingston upon Thames,Trust MPS,0.024731558
4/1/2018,Q1_1819,Lambeth,Trust MPS,-0.024731558
4/1/2018,Q1_1819,Lewisham,Trust MPS,0.024731558
4/1/2018,Q1_1819,Merton,Trust MPS,0.024731558
4/1/2018,Q1_1819,Newham,Trust MPS,-0.024731558
4/1/2018,Q1_1819,Redbridge,Trust MPS,0.024731558
4/1/2018,Q1_1819,Richmond upon Thames,Trust MPS,0.024731558
4/1/2018,Q1_1819,Southwark,Trust MPS,-0.024731558
4/1/2018,Q1_1819,Sutton,Trust MPS,0.024731558
4/1/2018,Q1_1819,Tower Hamlets,Trust MPS,-0.024731558
4/1/2018,Q1_1819,Waltham Forest,Trust MPS,0.024731558
4/1/2018,Q1_1819,Wandsworth,Trust MPS,0.024731558
4/1/2018,Q1_1819,Westminster,Trust MPS,-0.024731558
4/1/2018,Q1_1819,Barking and Dagenham,Good job,0.030612947
4/1/2018,Q1_1819,Barnet,Good job,0.030612947
4/1/2018,Q1_1819,Bexley,Good job,0.030612947
4/1/2018,Q1_1819,Brent,Good job,0.030612947
4/1/2018,Q1_1819,Bromley,Good job,0.030612947
4/1/2018,Q1_1819,Camden,Good job,-0.030612947
4/1/2018,Q1_1819,Croydon,Good job,0.030612947
4/1/2018,Q1_1819,Ealing,Good job,0.030612947
4/1/2018,Q1_1819,Enfield,Good job,-0.030612947
4/1/2018,Q1_1819,Greenwich,Good job,0.030612947
4/1/2018,Q1_1819,Hackney,Good job,-0.030612947
4/1/2018,Q1_1819,Hammersmith and Fulham,Good job,-0.030612947
4/1/2018,Q1_1819,Haringey,Good job,-0.030612947
4/1/2018,Q1_1819,Harrow,Good job,0.030612947
4/1/2018,Q1_1819,Havering,Good job,0.030612947
4/1/2018,Q1_1819,Hillingdon,Good job,0.030612947
4/1/2018,Q1_1819,Hounslow,Good job,0.030612947
4/1/2018,Q1_1819,Islington,Good job,-0.030612947
4/1/2018,Q1_1819,Kensington and Chelsea,Good job,-0.030612947
4/1/2018,Q1_1819,Kingston upon Thames,Good job,0.030612947
4/1/2018,Q1_1819,Lambeth,Good job,-0.030612947
4/1/2018,Q1_1819,Lewisham,Good job,0.030612947
4/1/2018,Q1_1819,Merton,Good job,0.030612947
4/1/2018,Q1_1819,Newham,Good job,-0.030612947
4/1/2018,Q1_1819,Redbridge,Good job,0.030612947
4/1/2018,Q1_1819,Richmond upon Thames,Good job,0.030612947
4/1/2018,Q1_1819,Southwark,Good job,-0.030612947
4/1/2018,Q1_1819,Sutton,Good job,0.030612947
4/1/2018,Q1_1819,Tower Hamlets,Good job,-0.030612947
4/1/2018,Q1_1819,Waltham Forest,Good job,-0.030612947
4/1/2018,Q1_1819,Wandsworth,Good job,0.030612947
4/1/2018,Q1_1819,Westminster,Good job,-0.030612947
1/1/2018,Q4_1718,Barking and Dagenham,Good job,-0.03052174
1/1/2018,Q4_1718,Barnet,Good job,0.03052174
1/1/2018,Q4_1718,Bexley,Good job,0.03052174
1/1/2018,Q4_1718,Brent,Good job,0.03052174
1/1/2018,Q4_1718,Bromley,Good job,0.03052174
1/1/2018,Q4_1718,Camden,Good job,-0.03052174
1/1/2018,Q4_1718,Croydon,Good job,0.03052174
1/1/2018,Q4_1718,Ealing,Good job,0.03052174
1/1/2018,Q4_1718,Enfield,Good job,-0.03052174
1/1/2018,Q4_1718,Greenwich,Good job,0.03052174
1/1/2018,Q4_1718,Hackney,Good job,-0.03052174
1/1/2018,Q4_1718,Hammersmith and Fulham,Good job,-0.03052174
1/1/2018,Q4_1718,Haringey,Good job,-0.03052174
1/1/2018,Q4_1718,Harrow,Good job,0.03052174
1/1/2018,Q4_1718,Havering,Good job,0.03052174
1/1/2018,Q4_1718,Hillingdon,Good job,0.03052174
1/1/2018,Q4_1718,Hounslow,Good job,0.03052174
1/1/2018,Q4_1718,Islington,Good job,-0.03052174
1/1/2018,Q4_1718,Kensington and Chelsea,Good job,-0.03052174
1/1/2018,Q4_1718,Kingston upon Thames,Good job,0.03052174
1/1/2018,Q4_1718,Lambeth,Good job,-0.03052174
1/1/2018,Q4_1718,Lewisham,Good job,0.03052174
1/1/2018,Q4_1718,Merton,Good job,0.03052174
1/1/2018,Q4_1718,Newham,Good job,-0.03052174
1/1/2018,Q4_1718,Redbridge,Good job,0.03052174
1/1/2018,Q4_1718,Richmond upon Thames,Good job,0.03052174
1/1/2018,Q4_1718,Southwark,Good job,-0.03052174
1/1/2018,Q4_1718,Sutton,Good job,0.03052174
1/1/2018,Q4_1718,Tower Hamlets,Good job,-0.03052174
1/1/2018,Q4_1718,Waltham Forest,Good job,-0.03052174
1/1/2018,Q4_1718,Wandsworth,Good job,0.03052174
1/1/2018,Q4_1718,Westminster,Good job,-0.03052174
1/1/2018,Q4_1718,Barking and Dagenham,Fair treatment,0.029496921
1/1/2018,Q4_1718,Barnet,Fair treatment,0.029496921
1/1/2018,Q4_1718,Bexley,Fair treatment,0.029496921
1/1/2018,Q4_1718,Brent,Fair treatment,0.029496921
1/1/2018,Q4_1718,Bromley,Fair treatment,0.029496921
1/1/2018,Q4_1718,Camden,Fair treatment,-0.029496921
1/1/2018,Q4_1718,Croydon,Fair treatment,0.029496921
1/1/2018,Q4_1718,Ealing,Fair treatment,0.029496921
1/1/2018,Q4_1718,Enfield,Fair treatment,0.029496921
1/1/2018,Q4_1718,Greenwich,Fair treatment,0.029496921
1/1/2018,Q4_1718,Hackney,Fair treatment,-0.029496921
1/1/2018,Q4_1718,Hammersmith and Fulham,Fair treatment,-0.029496921
1/1/2018,Q4_1718,Haringey,Fair treatment,-0.029496921
1/1/2018,Q4_1718,Harrow,Fair treatment,0.029496921
1/1/2018,Q4_1718,Havering,Fair treatment,0.029496921
1/1/2018,Q4_1718,Hillingdon,Fair treatment,0.029496921
1/1/2018,Q4_1718,Hounslow,Fair treatment,0.029496921
1/1/2018,Q4_1718,Islington,Fair treatment,-0.029496921
1/1/2018,Q4_1718,Kensington and Chelsea,Fair treatment,-0.029496921
1/1/2018,Q4_1718,Kingston upon Thames,Fair treatment,0.029496921
1/1/2018,Q4_1718,Lambeth,Fair treatment,-0.029496921
1/1/2018,Q4_1718,Lewisham,Fair treatment,0.029496921
1/1/2018,Q4_1718,Merton,Fair treatment,0.029496921
1/1/2018,Q4_1718,Newham,Fair treatment,0.029496921
1/1/2018,Q4_1718,Redbridge,Fair treatment,0.029496921
1/1/2018,Q4_1718,Richmond upon Thames,Fair treatment,0.029496921
1/1/2018,Q4_1718,Southwark,Fair treatment,-0.029496921
1/1/2018,Q4_1718,Sutton,Fair treatment,0.029496921
1/1/2018,Q4_1718,Tower Hamlets,Fair treatment,-0.029496921
1/1/2018,Q4_1718,Waltham Forest,Fair treatment,0.029496921
1/1/2018,Q4_1718,Wandsworth,Fair treatment,0.029496921
1/1/2018,Q4_1718,Westminster,Fair treatment,-0.029496921
1/1/2018,Q4_1718,Barking and Dagenham,Trust MPS,0.025384985
1/1/2018,Q4_1718,Barnet,Trust MPS,0.025384985
1/1/2018,Q4_1718,Bexley,Trust MPS,0.025384985
1/1/2018,Q4_1718,Brent,Trust MPS,0.025384985
1/1/2018,Q4_1718,Bromley,Trust MPS,0.025384985
1/1/2018,Q4_1718,Camden,Trust MPS,-0.025384985
1/1/2018,Q4_1718,Croydon,Trust MPS,0.025384985
1/1/2018,Q4_1718,Ealing,Trust MPS,0.025384985
1/1/2018,Q4_1718,Enfield,Trust MPS,0.025384985
1/1/2018,Q4_1718,Greenwich,Trust MPS,0.025384985
1/1/2018,Q4_1718,Hackney,Trust MPS,-0.025384985
1/1/2018,Q4_1718,Hammersmith and Fulham,Trust MPS,-0.025384985
1/1/2018,Q4_1718,Haringey,Trust MPS,-0.025384985
1/1/2018,Q4_1718,Harrow,Trust MPS,0.025384985
1/1/2018,Q4_1718,Havering,Trust MPS,0.025384985
1/1/2018,Q4_1718,Hillingdon,Trust MPS,0.025384985
1/1/2018,Q4_1718,Hounslow,Trust MPS,0.025384985
1/1/2018,Q4_1718,Islington,Trust MPS,-0.025384985
1/1/2018,Q4_1718,Kensington and Chelsea,Trust MPS,-0.025384985
1/1/2018,Q4_1718,Kingston upon Thames,Trust MPS,0.025384985
1/1/2018,Q4_1718,Lambeth,Trust MPS,-0.025384985
1/1/2018,Q4_1718,Lewisham,Trust MPS,0.025384985
1/1/2018,Q4_1718,Merton,Trust MPS,0.025384985
1/1/2018,Q4_1718,Newham,Trust MPS,-0.025384985
1/1/2018,Q4_1718,Redbridge,Trust MPS,0.025384985
1/1/2018,Q4_1718,Richmond upon Thames,Trust MPS,0.025384985
1/1/2018,Q4_1718,Southwark,Trust MPS,-0.025384985
1/1/2018,Q4_1718,Sutton,Trust MPS,0.025384985
1/1/2018,Q4_1718,Tower Hamlets,Trust MPS,-0.025384985
1/1/2018,Q4_1718,Waltham Forest,Trust MPS,0.025384985
1/1/2018,Q4_1718,Wandsworth,Trust MPS,0.025384985
1/1/2018,Q4_1718,Westminster,Trust MPS,-0.025384985
10/1/2017,Q3_1718,Barking and Dagenham,Good job,0.03184002
10/1/2017,Q3_1718,Barnet,Good job,0.03184002
10/1/2017,Q3_1718,Bexley,Good job,0.03184002
10/1/2017,Q3_1718,Brent,Good job,0.03184002
10/1/2017,Q3_1718,Bromley,Good job,0.03184002
10/1/2017,Q3_1718,Camden,Good job,-0.03184002
10/1/2017,Q3_1718,Croydon,Good job,0.03184002
10/1/2017,Q3_1718,Ealing,Good job,0.03184002
10/1/2017,Q3_1718,Enfield,Good job,0.03184002
10/1/2017,Q3_1718,Greenwich,Good job,0.03184002
10/1/2017,Q3_1718,Hackney,Good job,-0.03184002
10/1/2017,Q3_1718,Hammersmith and Fulham,Good job,-0.03184002
10/1/2017,Q3_1718,Haringey,Good job,-0.03184002
10/1/2017,Q3_1718,Harrow,Good job,0.03184002
10/1/2017,Q3_1718,Havering,Good job,0.03184002
10/1/2017,Q3_1718,Hillingdon,Good job,0.03184002
10/1/2017,Q3_1718,Hounslow,Good job,0.03184002
10/1/2017,Q3_1718,Islington,Good job,-0.03184002
10/1/2017,Q3_1718,Kensington and Chelsea,Good job,-0.03184002
10/1/2017,Q3_1718,Kingston upon Thames,Good job,0.03184002
10/1/2017,Q3_1718,Lambeth,Good job,-0.03184002
10/1/2017,Q3_1718,Lewisham,Good job,0.03184002
10/1/2017,Q3_1718,Merton,Good job,0.03184002
10/1/2017,Q3_1718,Newham,Good job,-0.03184002
10/1/2017,Q3_1718,Redbridge,Good job,0.03184002
10/1/2017,Q3_1718,Richmond upon Thames,Good job,0.03184002
10/1/2017,Q3_1718,Southwark,Good job,-0.03184002
10/1/2017,Q3_1718,Sutton,Good job,0.03184002
10/1/2017,Q3_1718,Tower Hamlets,Good job,-0.03184002
10/1/2017,Q3_1718,Waltham Forest,Good job,-0.03184002
10/1/2017,Q3_1718,Wandsworth,Good job,0.03184002
10/1/2017,Q3_1718,Westminster,Good job,-0.03184002
10/1/2017,Q3_1718,Barking and Dagenham,Fair treatment,0.031366486
10/1/2017,Q3_1718,Barnet,Fair treatment,0.031366486
10/1/2017,Q3_1718,Bexley,Fair treatment,0.031366486
10/1/2017,Q3_1718,Brent,Fair treatment,-0.031366486
10/1/2017,Q3_1718,Bromley,Fair treatment,0.031366486
10/1/2017,Q3_1718,Camden,Fair treatment,-0.031366486
10/1/2017,Q3_1718,Croydon,Fair treatment,0.031366486
10/1/2017,Q3_1718,Ealing,Fair treatment,0.031366486
10/1/2017,Q3_1718,Enfield,Fair treatment,0.031366486
10/1/2017,Q3_1718,Greenwich,Fair treatment,0.031366486
10/1/2017,Q3_1718,Hackney,Fair treatment,-0.031366486
10/1/2017,Q3_1718,Hammersmith and Fulham,Fair treatment,-0.031366486
10/1/2017,Q3_1718,Haringey,Fair treatment,-0.031366486
10/1/2017,Q3_1718,Harrow,Fair treatment,0.031366486
10/1/2017,Q3_1718,Havering,Fair treatment,0.031366486
10/1/2017,Q3_1718,Hillingdon,Fair treatment,0.031366486
10/1/2017,Q3_1718,Hounslow,Fair treatment,0.031366486
10/1/2017,Q3_1718,Islington,Fair treatment,-0.031366486
10/1/2017,Q3_1718,Kensington and Chelsea,Fair treatment,-0.031366486
10/1/2017,Q3_1718,Kingston upon Thames,Fair treatment,0.031366486
10/1/2017,Q3_1718,Lambeth,Fair treatment,-0.031366486
10/1/2017,Q3_1718,Lewisham,Fair treatment,0.031366486
10/1/2017,Q3_1718,Merton,Fair treatment,0.031366486
10/1/2017,Q3_1718,Newham,Fair treatment,0.031366486
10/1/2017,Q3_1718,Redbridge,Fair treatment,0.031366486
10/1/2017,Q3_1718,Richmond upon Thames,Fair treatment,0.031366486
10/1/2017,Q3_1718,Southwark,Fair treatment,-0.031366486
10/1/2017,Q3_1718,Sutton,Fair treatment,0.031366486
10/1/2017,Q3_1718,Tower Hamlets,Fair treatment,0.031366486
10/1/2017,Q3_1718,Waltham Forest,Fair treatment,0.031366486
10/1/2017,Q3_1718,Wandsworth,Fair treatment,0.031366486
10/1/2017,Q3_1718,Westminster,Fair treatment,-0.031366486
10/1/2017,Q3_1718,Barking and Dagenham,Trust MPS,0.028314395
10/1/2017,Q3_1718,Barnet,Trust MPS,0.028314395
10/1/2017,Q3_1718,Bexley,Trust MPS,0.028314395
10/1/2017,Q3_1718,Brent,Trust MPS,-0.028314395
10/1/2017,Q3_1718,Bromley,Trust MPS,0.028314395
10/1/2017,Q3_1718,Camden,Trust MPS,-0.028314395
10/1/2017,Q3_1718,Croydon,Trust MPS,0.028314395
10/1/2017,Q3_1718,Ealing,Trust MPS,0.028314395
10/1/2017,Q3_1718,Enfield,Trust MPS,0.028314395
10/1/2017,Q3_1718,Greenwich,Trust MPS,0.028314395
10/1/2017,Q3_1718,Hackney,Trust MPS,-0.028314395
10/1/2017,Q3_1718,Hammersmith and Fulham,Trust MPS,-0.028314395
10/1/2017,Q3_1718,Haringey,Trust MPS,-0.028314395
10/1/2017,Q3_1718,Harrow,Trust MPS,0.028314395
10/1/2017,Q3_1718,Havering,Trust MPS,0.028314395
10/1/2017,Q3_1718,Hillingdon,Trust MPS,0.028314395
10/1/2017,Q3_1718,Hounslow,Trust MPS,0.028314395
10/1/2017,Q3_1718,Islington,Trust MPS,-0.028314395
10/1/2017,Q3_1718,Kensington and Chelsea,Trust MPS,-0.028314395
10/1/2017,Q3_1718,Kingston upon Thames,Trust MPS,0.028314395
10/1/2017,Q3_1718,Lambeth,Trust MPS,-0.028314395
10/1/2017,Q3_1718,Lewisham,Trust MPS,0.028314395
10/1/2017,Q3_1718,Merton,Trust MPS,0.028314395
10/1/2017,Q3_1718,Newham,Trust MPS,-0.028314395
10/1/2017,Q3_1718,Redbridge,Trust MPS,0.028314395
10/1/2017,Q3_1718,Richmond upon Thames,Trust MPS,0.028314395
10/1/2017,Q3_1718,Southwark,Trust MPS,-0.028314395
10/1/2017,Q3_1718,Sutton,Trust MPS,0.028314395
10/1/2017,Q3_1718,Tower Hamlets,Trust MPS,-0.028314395
10/1/2017,Q3_1718,Waltham Forest,Trust MPS,0.028314395
10/1/2017,Q3_1718,Wandsworth,Trust MPS,0.028314395
10/1/2017,Q3_1718,Westminster,Trust MPS,-0.028314395
7/1/2017,Q2_1718,Barking and Dagenham,Good job,0.031621141
7/1/2017,Q2_1718,Barnet,Good job,0.031621141
7/1/2017,Q2_1718,Bexley,Good job,0.031621141
7/1/2017,Q2_1718,Brent,Good job,0.031621141
7/1/2017,Q2_1718,Bromley,Good job,0.031621141
7/1/2017,Q2_1718,Camden,Good job,-0.031621141
7/1/2017,Q2_1718,Croydon,Good job,0.031621141
7/1/2017,Q2_1718,Ealing,Good job,0.031621141
7/1/2017,Q2_1718,Enfield,Good job,0.031621141
7/1/2017,Q2_1718,Greenwich,Good job,0.031621141
7/1/2017,Q2_1718,Hackney,Good job,-0.031621141
7/1/2017,Q2_1718,Hammersmith and Fulham,Good job,-0.031621141
7/1/2017,Q2_1718,Haringey,Good job,-0.031621141
7/1/2017,Q2_1718,Harrow,Good job,0.031621141
7/1/2017,Q2_1718,Havering,Good job,0.031621141
7/1/2017,Q2_1718,Hillingdon,Good job,0.031621141
7/1/2017,Q2_1718,Hounslow,Good job,0.031621141
7/1/2017,Q2_1718,Islington,Good job,-0.031621141
7/1/2017,Q2_1718,Kensington and Chelsea,Good job,-0.031621141
7/1/2017,Q2_1718,Kingston upon Thames,Good job,0.031621141
7/1/2017,Q2_1718,Lambeth,Good job,-0.031621141
7/1/2017,Q2_1718,Lewisham,Good job,0.031621141
7/1/2017,Q2_1718,Merton,Good job,0.031621141
7/1/2017,Q2_1718,Newham,Good job,0.031621141
7/1/2017,Q2_1718,Redbridge,Good job,0.031621141
7/1/2017,Q2_1718,Richmond upon Thames,Good job,0.031621141
7/1/2017,Q2_1718,Southwark,Good job,-0.031621141
7/1/2017,Q2_1718,Sutton,Good job,0.031621141
7/1/2017,Q2_1718,Tower Hamlets,Good job,-0.031621141
7/1/2017,Q2_1718,Waltham Forest,Good job,0.031621141
7/1/2017,Q2_1718,Wandsworth,Good job,0.031621141
7/1/2017,Q2_1718,Westminster,Good job,-0.031621141
7/1/2017,Q2_1718,Barking and Dagenham,Fair treatment,0.033225886
7/1/2017,Q2_1718,Barnet,Fair treatment,0.033225886
7/1/2017,Q2_1718,Bexley,Fair treatment,0.033225886
7/1/2017,Q2_1718,Brent,Fair treatment,-0.033225886
7/1/2017,Q2_1718,Bromley,Fair treatment,0.033225886
7/1/2017,Q2_1718,Camden,Fair treatment,-0.033225886
7/1/2017,Q2_1718,Croydon,Fair treatment,0.033225886
7/1/2017,Q2_1718,Ealing,Fair treatment,0.033225886
7/1/2017,Q2_1718,Enfield,Fair treatment,0.033225886
7/1/2017,Q2_1718,Greenwich,Fair treatment,0.033225886
7/1/2017,Q2_1718,Hackney,Fair treatment,-0.033225886
7/1/2017,Q2_1718,Hammersmith and Fulham,Fair treatment,-0.033225886
7/1/2017,Q2_1718,Haringey,Fair treatment,-0.033225886
7/1/2017,Q2_1718,Harrow,Fair treatment,0.033225886
7/1/2017,Q2_1718,Havering,Fair treatment,0.033225886
7/1/2017,Q2_1718,Hillingdon,Fair treatment,0.033225886
7/1/2017,Q2_1718,Hounslow,Fair treatment,0.033225886
7/1/2017,Q2_1718,Islington,Fair treatment,-0.033225886
7/1/2017,Q2_1718,Kensington and Chelsea,Fair treatment,-0.033225886
7/1/2017,Q2_1718,Kingston upon Thames,Fair treatment,0.033225886
7/1/2017,Q2_1718,Lambeth,Fair treatment,-0.033225886
7/1/2017,Q2_1718,Lewisham,Fair treatment,0.033225886
7/1/2017,Q2_1718,Merton,Fair treatment,0.033225886
7/1/2017,Q2_1718,Newham,Fair treatment,0.033225886
7/1/2017,Q2_1718,Redbridge,Fair treatment,0.033225886
7/1/2017,Q2_1718,Richmond upon Thames,Fair treatment,0.033225886
7/1/2017,Q2_1718,Southwark,Fair treatment,-0.033225886
7/1/2017,Q2_1718,Sutton,Fair treatment,0.033225886
7/1/2017,Q2_1718,Tower Hamlets,Fair treatment,-0.033225886
7/1/2017,Q2_1718,Waltham Forest,Fair treatment,0.033225886
7/1/2017,Q2_1718,Wandsworth,Fair treatment,0.033225886
7/1/2017,Q2_1718,Westminster,Fair treatment,-0.033225886
7/1/2017,Q2_1718,Barking and Dagenham,Trust MPS,0.030945651
7/1/2017,Q2_1718,Barnet,Trust MPS,0.030945651
7/1/2017,Q2_1718,Bexley,Trust MPS,0.030945651
7/1/2017,Q2_1718,Brent,Trust MPS,0.030945651
7/1/2017,Q2_1718,Bromley,Trust MPS,0.030945651
7/1/2017,Q2_1718,Camden,Trust MPS,-0.030945651
7/1/2017,Q2_1718,Croydon,Trust MPS,0.030945651
7/1/2017,Q2_1718,Ealing,Trust MPS,0.030945651
7/1/2017,Q2_1718,Enfield,Trust MPS,0.030945651
7/1/2017,Q2_1718,Greenwich,Trust MPS,0.030945651
7/1/2017,Q2_1718,Hackney,Trust MPS,-0.030945651
7/1/2017,Q2_1718,Hammersmith and Fulham,Trust MPS,-0.030945651
7/1/2017,Q2_1718,Haringey,Trust MPS,-0.030945651
7/1/2017,Q2_1718,Harrow,Trust MPS,0.030945651
7/1/2017,Q2_1718,Havering,Trust MPS,0.030945651
7/1/2017,Q2_1718,Hillingdon,Trust MPS,0.030945651
7/1/2017,Q2_1718,Hounslow,Trust MPS,0.030945651
7/1/2017,Q2_1718,Islington,Trust MPS,-0.030945651
7/1/2017,Q2_1718,Kensington and Chelsea,Trust MPS,-0.030945651
7/1/2017,Q2_1718,Kingston upon Thames,Trust MPS,0.030945651
7/1/2017,Q2_1718,Lambeth,Trust MPS,-0.030945651
7/1/2017,Q2_1718,Lewisham,Trust MPS,0.030945651
7/1/2017,Q2_1718,Merton,Trust MPS,0.030945651
7/1/2017,Q2_1718,Newham,Trust MPS,0.030945651
7/1/2017,Q2_1718,Redbridge,Trust MPS,0.030945651
7/1/2017,Q2_1718,Richmond upon Thames,Trust MPS,0.030945651
7/1/2017,Q2_1718,Southwark,Trust MPS,-0.030945651
7/1/2017,Q2_1718,Sutton,Trust MPS,0.030945651
7/1/2017,Q2_1718,Tower Hamlets,Trust MPS,-0.030945651
7/1/2017,Q2_1718,Waltham Forest,Trust MPS,0.030945651
7/1/2017,Q2_1718,Wandsworth,Trust MPS,0.030945651
7/1/2017,Q2_1718,Westminster,Trust MPS,-0.030945651
4/1/2017,Q1_1718,Barking and Dagenham,Fair treatment,0.028374397
4/1/2017,Q1_1718,Barnet,Fair treatment,0.028374397
4/1/2017,Q1_1718,Bexley,Fair treatment,0.028374397
4/1/2017,Q1_1718,Brent,Fair treatment,-0.028374397
4/1/2017,Q1_1718,Bromley,Fair treatment,0.028374397
4/1/2017,Q1_1718,Camden,Fair treatment,-0.028374397
4/1/2017,Q1_1718,Croydon,Fair treatment,0.028374397
4/1/2017,Q1_1718,Ealing,Fair treatment,0.028374397
4/1/2017,Q1_1718,Enfield,Fair treatment,0.028374397
4/1/2017,Q1_1718,Greenwich,Fair treatment,0.028374397
4/1/2017,Q1_1718,Hackney,Fair treatment,-0.028374397
4/1/2017,Q1_1718,Hammersmith and Fulham,Fair treatment,-0.028374397
4/1/2017,Q1_1718,Haringey,Fair treatment,-0.028374397
4/1/2017,Q1_1718,Harrow,Fair treatment,0.028374397
4/1/2017,Q1_1718,Havering,Fair treatment,0.028374397
4/1/2017,Q1_1718,Hillingdon,Fair treatment,0.028374397
4/1/2017,Q1_1718,Hounslow,Fair treatment,0.028374397
4/1/2017,Q1_1718,Islington,Fair treatment,-0.028374397
4/1/2017,Q1_1718,Kensington and Chelsea,Fair treatment,-0.028374397
4/1/2017,Q1_1718,Kingston upon Thames,Fair treatment,0.028374397
4/1/2017,Q1_1718,Lambeth,Fair treatment,-0.028374397
4/1/2017,Q1_1718,Lewisham,Fair treatment,0.028374397
4/1/2017,Q1_1718,Merton,Fair treatment,0.028374397
4/1/2017,Q1_1718,Newham,Fair treatment,0.028374397
4/1/2017,Q1_1718,Redbridge,Fair treatment,0.028374397
4/1/2017,Q1_1718,Richmond upon Thames,Fair treatment,0.028374397
4/1/2017,Q1_1718,Southwark,Fair treatment,-0.028374397
4/1/2017,Q1_1718,Sutton,Fair treatment,0.028374397
4/1/2017,Q1_1718,Tower Hamlets,Fair treatment,-0.028374397
4/1/2017,Q1_1718,Waltham Forest,Fair treatment,0.028374397
4/1/2017,Q1_1718,Wandsworth,Fair treatment,0.028374397
4/1/2017,Q1_1718,Westminster,Fair treatment,-0.028374397
4/1/2017,Q1_1718,Barking and Dagenham,Trust MPS,0.028046763
4/1/2017,Q1_1718,Barnet,Trust MPS,0.028046763
4/1/2017,Q1_1718,Bexley,Trust MPS,0.028046763
4/1/2017,Q1_1718,Brent,Trust MPS,0.028046763
4/1/2017,Q1_1718,Bromley,Trust MPS,0.028046763
4/1/2017,Q1_1718,Camden,Trust MPS,-0.028046763
4/1/2017,Q1_1718,Croydon,Trust MPS,0.028046763
4/1/2017,Q1_1718,Ealing,Trust MPS,0.028046763
4/1/2017,Q1_1718,Enfield,Trust MPS,0.028046763
4/1/2017,Q1_1718,Greenwich,Trust MPS,0.028046763
4/1/2017,Q1_1718,Hackney,Trust MPS,-0.028046763
4/1/2017,Q1_1718,Hammersmith and Fulham,Trust MPS,-0.028046763
4/1/2017,Q1_1718,Haringey,Trust MPS,-0.028046763
4/1/2017,Q1_1718,Harrow,Trust MPS,0.028046763
4/1/2017,Q1_1718,Havering,Trust MPS,0.028046763
4/1/2017,Q1_1718,Hillingdon,Trust MPS,0.028046763
4/1/2017,Q1_1718,Hounslow,Trust MPS,0.028046763
4/1/2017,Q1_1718,Islington,Trust MPS,-0.028046763
4/1/2017,Q1_1718,Kensington and Chelsea,Trust MPS,-0.028046763
4/1/2017,Q1_1718,Kingston upon Thames,Trust MPS,0.028046763
4/1/2017,Q1_1718,Lambeth,Trust MPS,-0.028046763
4/1/2017,Q1_1718,Lewisham,Trust MPS,0.028046763
4/1/2017,Q1_1718,Merton,Trust MPS,0.028046763
4/1/2017,Q1_1718,Newham,Trust MPS,0.028046763
4/1/2017,Q1_1718,Redbridge,Trust MPS,0.028046763
4/1/2017,Q1_1718,Richmond upon Thames,Trust MPS,0.028046763
4/1/2017,Q1_1718,Southwark,Trust MPS,-0.028046763
4/1/2017,Q1_1718,Sutton,Trust MPS,0.028046763
4/1/2017,Q1_1718,Tower Hamlets,Trust MPS,-0.028046763
4/1/2017,Q1_1718,Waltham Forest,Trust MPS,0.028046763
4/1/2017,Q1_1718,Wandsworth,Trust MPS,0.028046763
4/1/2017,Q1_1718,Westminster,Trust MPS,-0.028046763
4/1/2017,Q1_1718,Barking and Dagenham,Good job,0.026252222
4/1/2017,Q1_1718,Barnet,Good job,0.026252222
4/1/2017,Q1_1718,Bexley,Good job,0.026252222
4/1/2017,Q1_1718,Brent,Good job,0.026252222
4/1/2017,Q1_1718,Bromley,Good job,0.026252222
4/1/2017,Q1_1718,Camden,Good job,-0.026252222
4/1/2017,Q1_1718,Croydon,Good job,0.026252222
4/1/2017,Q1_1718,Ealing,Good job,0.026252222
4/1/2017,Q1_1718,Enfield,Good job,0.026252222
4/1/2017,Q1_1718,Greenwich,Good job,0.026252222
4/1/2017,Q1_1718,Hackney,Good job,-0.026252222
4/1/2017,Q1_1718,Hammersmith and Fulham,Good job,-0.026252222
4/1/2017,Q1_1718,Haringey,Good job,-0.026252222
4/1/2017,Q1_1718,Harrow,Good job,0.026252222
4/1/2017,Q1_1718,Havering,Good job,0.026252222
4/1/2017,Q1_1718,Hillingdon,Good job,0.026252222
4/1/2017,Q1_1718,Hounslow,Good job,0.026252222
4/1/2017,Q1_1718,Islington,Good job,-0.026252222
4/1/2017,Q1_1718,Kensington and Chelsea,Good job,-0.026252222
4/1/2017,Q1_1718,Kingston upon Thames,Good job,0.026252222
4/1/2017,Q1_1718,Lambeth,Good job,-0.026252222
4/1/2017,Q1_1718,Lewisham,Good job,0.026252222
4/1/2017,Q1_1718,Merton,Good job,0.026252222
4/1/2017,Q1_1718,Newham,Good job,0.026252222
4/1/2017,Q1_1718,Redbridge,Good job,0.026252222
4/1/2017,Q1_1718,Richmond upon Thames,Good job,0.026252222
4/1/2017,Q1_1718,Southwark,Good job,-0.026252222
4/1/2017,Q1_1718,Sutton,Good job,0.026252222
4/1/2017,Q1_1718,Tower Hamlets,Good job,-0.026252222
4/1/2017,Q1_1718,Waltham Forest,Good job,0.026252222
4/1/2017,Q1_1718,Wandsworth,Good job,0.026252222
4/1/2017,Q1_1718,Westminster,Good job,-0.026252222
,,,,
,,,,
,,,,
,,,,
,,,,
,,,,
,,,,
,,,,
,,,,
,,,,
,,,,
,,,,
,,,,
,,,,
,,,,
,,,,
,,,,
,,,,
,,,,
,,,,
,,,,
,,,,
,,,,
,,,,
,,,,
,,,,
,,,,
,,,,
,,,,
,,,,
,,,,
,,,,
,,,,
,,,,
,,,,
,,,,
,,,,
,,,,
,,,,
,,,,
,,,,
,,,,
,,,,
,,,,
,,,,
,,,,
,,,,
,,,,
,,,,
,,,,
,,,,
,,,,
,,,,
,,,,
,,,,
,,,,
,,,,
,,,,
,,,,
,,,,
,,,,
,,,,
,,,,
,,,,
,,,,
,,,,
,,,,
,,,,
,,,,
,,,,
,,,,
,,,,
,,,,
,,,,
,,,,
,,,,
,,,,
,,,,
,,,,
,,,,
,,,,
,,,,
,,,,
,,,,
,,,,
,,,,
,,,,
,,,,
,,,,
,,,,
,,,,
,,,,
,,,,
,,,,
,,,,
,,,,
,,,,
,,,,
,,,,
,,,,
,,,,
,,,,
,,,,
,,,,
,,,,
,,,,
,,,,
,,,,
,,,,
,,,,
,,,,
,,,,
,,,,
,,,,
,,,,
,,,,
,,,,
,,,,
,,,,
,,,,
,,,,
,,,,
,,,,
,,,,
,,,,
,,,,
,,,,
,,,,
,,,,
,,,,
,,,,
,,,,
,,,,
,,,,
,,,,
,,,,
,,,,
,,,,
,,,,
,,,,
,,,,
,,,,
,,,,
,,,,
,,,,
,,,,
,,,,
,,,,
,,,,
,,,,
,,,,
,,,,
,,,,
,,,,
,,,,
,,,,
,,,,
,,,,
,,,,
,,,,
,,,,
,,,,
,,,,
,,,,
,,,,
,,,,
,,,,
,,,,
,,,,
,,,,
,,,,
,,,,
,,,,
,,,,
,,,,
,,,,
,,,,
,,,,
,,,,
,,,,
,,,,
,,,,
,,,,
,,,,
,,,,
,,,,
,,,,
,,,,
,,,,
,,,,
,,,,
,,,,
,,,,
,,,,
,,,,
,,,,
,,,,
,,,,
,,,,
,,,,
,,,,
,,,,
,,,,
,,,,
,,,,
,,,,
,,,,
,,,,
,,,,
,,,,
,,,,
,,,,
,,,,
,,,,
,,,,
,,,,
,,,,
,,,,
,,,,
,,,,
,,,,
,,,,
,,,,
,,,,
,,,,
,,,,
,,,,
,,,,
,,,,
,,,,
,,,,
,,,,
,,,,
,,,,
,,,,
,,,,
,,,,
,,,,
,,,,
,,,,
,,,,
,,,,
,,,,
,,,,
,,,,
,,,,
,,,,
,,,,
,,,,
,,,,
,,,,
,,,,
,,,,
,,,,
,,,,
,,,,
,,,,
,,,,
,,,,
,,,,
,,,,
,,,,
,,,,
,,,,
,,,,
,,,,
,,,,
,,,,
,,,,
,,,,
,,,,
,,,,
,,,,
,,,,
,,,,
,,,,
,,,,
,,,,
,,,,
,,,,
,,,,
,,,,
,,,,
,,,,
,,,,
,,,,
,,,,
,,,,
,,,,
,,,,
,,,,
,,,,
,,,,
,,,,
,,,,
,,,,
,,,,
,,,,
,,,,
,,,,
,,,,
,,,,
,,,,
,,,,
,,,,
,,,,
,,,,
,,,,
,,,,
,,,,
,,,,
,,,,
,,,,
,,,,
,,,,
,,,,
,,,,
,,,,
,,,,
,,,,
,,,,
,,,,
,,,,
,,,,
,,,,
,,,,
,,,,
,,,,
,,,,
,,,,
,,,,
,,,,
,,,,
,,,,
,,,,
,,,,
,,,,
,,,,
,,,,
,,,,
,,,,
,,,,
,,,,
,,,,
,,,,
,,,,
,,,,
,,,,
,,,,
,,,,
,,,,
,,,,
,,,,
,,,,
,,,,
,,,,
,,,,
,,,,
,,,,
,,,,
,,,,
,,,,
,,,,
,,,,
,,,,
,,,,
,,,,
,,,,
,,,,
,,,,
,,,,
,,,,
,,,,
,,,,
,,,,
,,,,
,,,,
,,,,
,,,,
,,,,
,,,,
,,,,
,,,,
,,,,
,,,,
,,,,
,,,,
,,,,
,,,,
,,,,
,,,,
,,,,
,,,,
,,,,
,,,,
,,,,
,,,,
,,,,
,,,,
,,,,
,,,,
,,,,
,,,,
,,,,
,,,,
,,,,
,,,,
,,,,
,,,,
,,,,
,,,,
,,,,
,,,,
,,,,
,,,,
,,,,
,,,,
,,,,
,,,,
,,,,
,,,,
,,,,
,,,,
,,,,
,,,,
,,,,
,,,,
,,,,
,,,,
,,,,
,,,,
,,,,
,,,,
,,,,
,,,,
,,,,
,,,,
,,,,
,,,,
,,,,
,,,,
,,,,
,,,,
,,,,
,,,,
,,,,
,,,,
,,,,
,,,,
,,,,
,,,,
,,,,
,,,,
,,,,
,,,,
,,,,
,,,,
,,,,
,,,,
,,,,
,,,,
,,,,
,,,,
,,,,
,,,,
,,,,
,,,,
,,,,
,,,,
,,,,
,,,,
,,,,
,,,,
,,,,
,,,,
,,,,
,,,,
,,,,
,,,,
,,,,
,,,,
,,,,
,,,,
,,,,
,,,,
,,,,
,,,,
,,,,
,,,,
,,,,
,,,,
,,,,
,,,,
,,,,
,,,,
,,,,
,,,,
,,,,
,,,,
,,,,
,,,,
,,,,
,,,,
,,,,
,,,,
,,,,
,,,,
,,,,
,,,,
,,,,
,,,,
,,,,
,,,,
,,,,
,,,,
,,,,
,,,,
,,,,
,,,,
,,,,
,,,,
,,,,
,,,,
,,,,
,,,,
,,,,
,,,,
,,,,
,,,,
,,,,
,,,,
,,,,
,,,,
,,,,
,,,,
,,,,
,,,,
,,,,
,,,,
,,,,
,,,,
,,,,
,,,,
,,,,
,,,,
,,,,
,,,,
,,,,
,,,,
,,,,
,,,,
,,,,
,,,,
,,,,
,,,,
,,,,
,,,,
,,,,
,,,,
,,,,
,,,,
,,,,
,,,,
,,,,
,,,,
,,,,
,,,,
,,,,
,,,,
,,,,
,,,,
,,,,
,,,,
,,,,
,,,,
,,,,
,,,,
,,,,
,,,,
,,,,
,,,,
,,,,
,,,,
,,,,
,,,,
,,,,
,,,,
,,,,
,,,,
,,,,
,,,,
,,,,
,,,,
,,,,
,,,,
,,,,
,,,,
,,,,
,,,,
,,,,
,,,,
,,,,
,,,,
,,,,
,,,,
,,,,
,,,,
,,,,
,,,,
,,,,
,,,,
,,,,
,,,,
,,,,
,,,,
,,,,
,,,,
,,,,
,,,,
,,,,
,,,,
,,,,
,,,,
,,,,
,,,,
,,,,
,,,,
,,,,
,,,,
,,,,
,,,,
,,,,
,,,,
,,,,
,,,,
,,,,
,,,,
,,,,
,,,,
,,,,
,,,,
,,,,
,,,,
,,,,
,,,,
,,,,
,,,,
,,,,
,,,,
,,,,
,,,,
,,,,
,,,,
,,,,
,,,,
,,,,
,,,,
,,,,
,,,,
,,,,
,,,,
,,,,
,,,,
,,,,
,,,,
,,,,
,,,,
,,,,
,,,,
,,,,
,,,,
,,,,
,,,,
,,,,
,,,,
,,,,
,,,,
,,,,
,,,,
,,,,
,,,,
,,,,
,,,,
,,,,
,,,,
,,,,
,,,,
,,,,
,,,,
,,,,
,,,,
,,,,
,,,,
,,,,
,,,,
,,,,
,,,,
,,,,
,,,,
,,,,
,,,,
,,,,
,,,,
,,,,
,,,,
,,,,
,,,,
,,,,
,,,,
,,,,
,,,,
,,,,
,,,,
,,,,
,,,,
,,,,
,,,,
,,,,
,,,,
,,,,
,,,,
,,,,
,,,,
,,,,
,,,,
,,,,
,,,,
,,,,
,,,,
,,,,
,,,,
,,,,
,,,,
,,,,
,,,,
,,,,
